id,title,url,price,location,latitude,longitude,bedrooms,bathrooms,size_sqft,property_type,advertiser,date_listed,pictures
118358904,"Apartment for rent 2 bedrooms, with jacuzzi, close to downtown CABO SAN LUCAS,",https://www.properstar.co.uk/listing/118358904,"GBP 1,170","1 Delfines, Cabo San Lucas, Mexico",22.894813,-109.915215,0,2,1076.39148,Furnished apartment,Paola Cristina Pliego Bañuelos,2026-07-03T05:34:36,https://files-api.properstar.com/api/v2/files/d7cd29d2-b54d-4143-a539-6a6cd58023d3/1; https://files-api.properstar.com/api/v2/files/5c41474a-f381-4010-8f3f-83fd804f3aa7/1; https://files-api.properstar.com/api/v2/files/4a7beae7-0457-4873-b2b8-f99251a97f23/1; https://files-api.properstar.com/api/v2/files/860bd4d5-7c13-468b-a4ff-6c62112f7fbe/1; https://files-api.properstar.com/api/v2/files/a73a4573-4024-4321-8cd1-81d28f6307ad/1; https://files-api.properstar.com/api/v2/files/dd0ce7be-9fb9-4c76-a5fd-9fd5fd25b069/1; https://files-api.properstar.com/api/v2/files/93371cfb-4b29-49dc-8e79-426c58343c0a/1; https://files-api.properstar.com/api/v2/files/63cc1093-56e1-44e1-b7c3-59eacde6614c/1; https://files-api.properstar.com/api/v2/files/96cdc3e6-4419-415f-ba1b-da84cc24b8ad/1
119329013,"Furnished apartment in Cabo San Lucas 2 bedrooms, with amenities.",https://www.properstar.co.uk/listing/119329013,"GBP 1,018","5 Rasgo Terreno Baldío, Cabo San Lucas, Mexico",22.894813,-109.915215,2,,,Furnished apartment,Paola Cristina Pliego Bañuelos,2026-08-04T22:46:45,https://files-api.properstar.com/api/v2/files/8a400155-3083-4a8b-802d-db57bf81976c/1; https://files-api.properstar.com/api/v2/files/abcdb4e6-cad6-4948-ba9e-eff673f89396/1; https://files-api.properstar.com/api/v2/files/baea369d-ba42-4858-8631-77a5b00d44b6/1; https://files-api.properstar.com/api/v2/files/1fcacf54-184a-4668-85c5-603bd6cd5436/1; https://files-api.properstar.com/api/v2/files/7e128c2a-d4c5-4672-bb76-727dae3b0a3f/1; https://files-api.properstar.com/api/v2/files/3d53af50-bfe8-429a-8fdc-e9d64a549cb2/1; https://files-api.properstar.com/api/v2/files/668f2b63-eac3-4877-b12f-ea9d48269788/1; https://files-api.properstar.com/api/v2/files/ce40a932-02ef-4d7e-b7a8-05cf7332940e/1; https://files-api.properstar.com/api/v2/files/fdd2bfd7-50b6-4fd3-b3e7-f9dfd750899f/1
119329082,"House for rent in Loma Encantada, San Jose del Cabo furnished.",https://www.properstar.co.uk/listing/119329082,"GBP 1,300","Loma Encantada, Los Cabos, Mexico",23.07987,-109.712404,,2,,House with flats,Paola Cristina Pliego Bañuelos,2026-08-04T22:53:22,https://files-api.properstar.com/api/v2/files/96531d18-6d02-4986-a832-0059def41cbe/1; https://files-api.properstar.com/api/v2/files/3d4568f5-7d3f-4d1c-9f00-f408a8612fb0/1; https://files-api.properstar.com/api/v2/files/afd6aa3d-e5d6-4e7d-a1e0-da1c66b5320e/1; https://files-api.properstar.com/api/v2/files/ddae322e-45a1-4d2f-9302-9656480be92e/1; https://files-api.properstar.com/api/v2/files/0b2152bb-ff67-4aaf-93d3-82264f4001b3/1; https://files-api.properstar.com/api/v2/files/8039eb17-7c07-4a6a-a23b-49b3422c34d9/1; https://files-api.properstar.com/api/v2/files/563788c4-fb0f-4204-8bbc-14bf83ffce98/1; https://files-api.properstar.com/api/v2/files/6359c463-26a9-449c-97f1-4a174f96ec71/1; https://files-api.properstar.com/api/v2/files/bc4bcda8-8cb4-417f-94ab-4ae237aa3b39/1; https://files-api.properstar.com/api/v2/files/ee9482b1-0f65-40ba-a4b8-31aa27642b2d/1
118634224,Luxury Long-Term Rental in South Palmilla – Walk to a Private Beach,https://www.properstar.co.uk/listing/118634224,"GBP 8,430","C. Cam. Real 38, Tourist Corridor, Rancho Cerro Colorado, 23405 San José del Cabo, B.C.S., Mexico, San José del Cabo, Mexico",22.997074,-109.730412,5,5,6243.07031,House,Karla & Erick Cabo Realty ,2026-07-11T01:05:31,https://files-api.properstar.com/api/v2/files/e1289bbd-16da-4e5d-a58f-147655915074/1; https://files-api.properstar.com/api/v2/files/4135657a-fe8e-4699-b96b-8cceee2152aa/1; https://files-api.properstar.com/api/v2/files/ef08dfef-6491-43fa-93fd-094b4fdaae63/1; https://files-api.properstar.com/api/v2/files/b7d4b904-9bf9-4762-8301-548559ee8952/1; https://files-api.properstar.com/api/v2/files/646d44ac-6cd1-48a3-b61f-6de9461b62d4/1; https://files-api.properstar.com/api/v2/files/3b7321c1-2350-4a00-80cb-563616fed29f/1; https://files-api.properstar.com/api/v2/files/859af276-c5a0-4bed-bac6-e6b435b8144b/1; https://files-api.properstar.com/api/v2/files/c7b6a745-7e09-4e56-b1f5-654985efb25e/1; https://files-api.properstar.com/api/v2/files/11e300d1-9fbe-47cc-8cbf-fc9dcd77be75/1; https://files-api.properstar.com/api/v2/files/9fa67078-71f2-4d85-b6ae-a334ca60c610/1; https://files-api.properstar.com/api/v2/files/13660c4b-855c-4b99-b9fb-1b09776c6e5c/1; https://files-api.properstar.com/api/v2/files/3ad75aef-47a5-414f-9c30-08c13ded31c3/1; https://files-api.properstar.com/api/v2/files/cef24864-2356-45f5-a444-0d3c9078de06/1; https://files-api.properstar.com/api/v2/files/22c775cd-2a7f-4c13-9bb2-ca53aaef9344/1; https://files-api.properstar.com/api/v2/files/610c4998-be23-4833-bb19-e2847be3560c/1; https://files-api.properstar.com/api/v2/files/d8b289a7-ecfc-43b9-9f00-d44da78f22e1/1; https://files-api.properstar.com/api/v2/files/dd72204f-8626-48f1-b891-5d289c69c158/1; https://files-api.properstar.com/api/v2/files/9f636231-e4db-440f-b629-3e46a3389e8f/1
118153714,Americans Are Renting Homes Like This in Puerto Los Cabos | Luxury Home,https://www.properstar.co.uk/listing/118153714,"GBP 7,331","38GP+MF, San José del Cabo, Mexico",23.076687,-109.663813,4,4,2368.06128,House,Karla & Erick Cabo Realty ,2026-07-11T00:08:05,https://files-api.properstar.com/api/v2/files/25c03723-0120-4cb4-a7cb-1de04fc99fcc/1; https://files-api.properstar.com/api/v2/files/8ad554b3-6dc5-4a6c-9a25-6a595be4805d/1; https://files-api.properstar.com/api/v2/files/25623a6a-6a09-4fe8-84fe-c512a87995bb/1; https://files-api.properstar.com/api/v2/files/33da5f8b-2dbe-4272-bc53-f73c7e737898/1; https://files-api.properstar.com/api/v2/files/3119edae-c400-4461-a01c-0d3a1ae5796f/1; https://files-api.properstar.com/api/v2/files/1f3ab955-4280-4820-9b66-c120d7e1ee99/1; https://files-api.properstar.com/api/v2/files/c995bacd-0b90-47c5-8985-39d82d196783/1; https://files-api.properstar.com/api/v2/files/fdb0872e-853b-4171-8d21-30c2bfa20a66/1; https://files-api.properstar.com/api/v2/files/fdda6216-dbcb-4d4d-953e-31f42959ae85/1; https://files-api.properstar.com/api/v2/files/d32723f4-3dc6-4cb0-b94c-1a9eedf64725/1; https://files-api.properstar.com/api/v2/files/dc97d911-d4d1-416a-9357-bd2bb1b64ddb/1; https://files-api.properstar.com/api/v2/files/6222e271-37f5-46cb-bc24-c15fca8ce913/1
119632266,"Furnished 2-Bedroom Condo for Rent in Bajaterra, Cabo San Lucas",https://www.properstar.co.uk/listing/119632266,"GBP 1,105","1513 12 de Octubre, Cabo San Lucas, Mexico",22.891089,-109.917036,0,2,1076.39148,Furnished apartment,Paola Cristina Pliego Bañuelos,2026-08-17T23:59:26,https://files-api.properstar.com/api/v2/files/ed4aa16e-27a0-44ca-a2ec-3560109d9934/1; https://files-api.properstar.com/api/v2/files/d372a21c-c129-48a1-b2a6-7f244e25f04e/1; https://files-api.properstar.com/api/v2/files/b828f013-7847-43fe-98ae-4914cdb1212e/1; https://files-api.properstar.com/api/v2/files/25f01d19-c22a-479b-9be3-7e6a94a6dc69/1; https://files-api.properstar.com/api/v2/files/9b8c103d-2659-47e6-ae27-1494b7204d73/1; https://files-api.properstar.com/api/v2/files/5165fef6-9dbe-46ae-af78-3f545e3d02bb/1; https://files-api.properstar.com/api/v2/files/c8c1b51f-b5bb-40f2-9cba-d2ed6bfd1422/1; https://files-api.properstar.com/api/v2/files/3142e0bd-d8e2-4e14-93b6-bdf740a110c9/1; https://files-api.properstar.com/api/v2/files/71b1961c-8804-4164-993b-158b7a187b09/1; https://files-api.properstar.com/api/v2/files/b05695d8-dfa2-4310-868e-c5ac167c4e46/1
117515378,"Apartment for rent in Vista Vela phase 1, in Cabo San Lucas, with ocean view.",https://www.properstar.co.uk/listing/117515378,"GBP 1,950","W449+GJ, 23467 El tezal, BCS, Mexico, El tezal, Mexico",22.906312,-109.880938,,3,,Furnished apartment,Paola Cristina Pliego Bañuelos,2026-06-12T01:20:11,https://files-api.properstar.com/api/v2/files/8c3dcd2e-de6a-45a2-9006-990741c67b0d/1; https://files-api.properstar.com/api/v2/files/286a7e32-a3a2-4e9e-bffb-8a23da92d840/1; https://files-api.properstar.com/api/v2/files/293c5e3e-0647-4ec7-a2c5-89a4c4c90056/1; https://files-api.properstar.com/api/v2/files/d7cc17bf-6f55-4db5-aa73-a988bec3b778/1; https://files-api.properstar.com/api/v2/files/70f81726-37cf-4b04-9124-b988310391a5/1; https://files-api.properstar.com/api/v2/files/acb9f34e-91a8-4919-8655-25052bb9eb43/1; https://files-api.properstar.com/api/v2/files/dd48977a-469d-4dd6-8fd7-f598f2e9b129/1; https://files-api.properstar.com/api/v2/files/4ad70d32-0925-41f8-b83a-49584a27ca7a/1; https://files-api.properstar.com/api/v2/files/bbfe37a0-fbb3-4a95-a00a-0e89944ab3e1/1; https://files-api.properstar.com/api/v2/files/9a27483d-4ec4-468c-a29c-c15b51488adc/1; https://files-api.properstar.com/api/v2/files/0e9c8548-1523-429a-a90e-4d954b5d5519/1; https://files-api.properstar.com/api/v2/files/7193518b-3bf7-4212-a8bd-e4a0df9aa0f7/1; https://files-api.properstar.com/api/v2/files/a6e8c61f-b2de-41da-a826-2869f599e6d2/1; https://files-api.properstar.com/api/v2/files/43811a04-5484-47cd-bbbb-d067baff2e3d/1; https://files-api.properstar.com/api/v2/files/d7021979-cdf8-4362-a5ae-76f27528f979/1; https://files-api.properstar.com/api/v2/files/19438b69-2ac3-4f3a-90d2-1359742aa608/1; https://files-api.properstar.com/api/v2/files/d6f62205-fca8-4679-8ded-480907e23214/1; https://files-api.properstar.com/api/v2/files/39b9c800-39bd-43be-9363-6ab1a686ee78/1; https://files-api.properstar.com/api/v2/files/b76ae93c-d24b-4dfb-8c6b-efb6cc48002a/1; https://files-api.properstar.com/api/v2/files/972e6961-c052-474a-ba93-53a89c36dcc1/1
117436233,APARTMENT FOR RENT TERRA 194 | SUNSET AREA | CABO SAN LUCAS,https://www.properstar.co.uk/listing/117436233,GBP 997,"C. Cabo San Lucas S/N, Centro, 23470 Cabo San Lucas, B.C.S., Mexico, Cabo San Lucas, Mexico",22.883678,-109.915554,,2,1076.39148,Furnished apartment,Paola Cristina Pliego Bañuelos,2026-06-09T18:21:41,https://files-api.properstar.com/api/v2/files/48b833bd-2a39-4c13-a278-a29a9f204251/1; https://files-api.properstar.com/api/v2/files/351a4928-e123-45f9-bc9a-e319a139f189/1; https://files-api.properstar.com/api/v2/files/f667bdd7-078b-4472-a159-cf98ac9291ed/1; https://files-api.properstar.com/api/v2/files/f4d9b9bf-0c1f-4fc3-ad64-d88b1ae930bd/1; https://files-api.properstar.com/api/v2/files/55ce64fa-4965-487b-b3b7-faf41a202fb8/1; https://files-api.properstar.com/api/v2/files/835976e9-2576-48b5-9d72-aa69c97c2aaf/1; https://files-api.properstar.com/api/v2/files/498d1908-d68b-4827-91bd-d59ad3667282/1; https://files-api.properstar.com/api/v2/files/e583f9ec-e370-488b-85f0-33730f201963/1; https://files-api.properstar.com/api/v2/files/8149a63f-9a23-48f8-aaa5-bd2eb7706fe0/1
119501682,Furnished 2 bedroom condo for rent in Cabo San Lucas with beach access,https://www.properstar.co.uk/listing/119501682,"GBP 1,100","Paseo de los Cabos Casa Cazadora 119A, Cabo San Lucas, Mexico",22.904175,-109.864207,2,2,,Apartment,CENTURY 21 Legendary Realty,2026-08-12T03:27:23.49,https://files-api.properstar.com/api/v2/files/f1cb9f28-a167-41df-ad38-0485e8741731/1; https://files-api.properstar.com/api/v2/files/884378e2-3759-43f2-8d92-f1e8492f2725/1; https://files-api.properstar.com/api/v2/files/308074b9-b662-4cdc-b0eb-d6c0c881a00a/1; https://files-api.properstar.com/api/v2/files/7278f301-ce6e-4cd9-b946-893aa77f699a/1; https://files-api.properstar.com/api/v2/files/9243a6ef-a19e-43de-90b4-cbc14390a15d/1; https://files-api.properstar.com/api/v2/files/63a1702f-1593-45bb-a337-43a9e5ec2be5/1; https://files-api.properstar.com/api/v2/files/a8d970c2-6575-44c5-ad09-fc6b76001b76/1; https://files-api.properstar.com/api/v2/files/03927070-d809-47ce-bbfa-5f233a0ca319/1; https://files-api.properstar.com/api/v2/files/252f9e4f-9756-4109-ae96-5e6c090d70bc/1; https://files-api.properstar.com/api/v2/files/4560eaa3-d5c4-4bc6-8213-3173ee279e1e/1; https://files-api.properstar.com/api/v2/files/e8b71ce5-23bb-4e1e-96af-78eb6229359c/1; https://files-api.properstar.com/api/v2/files/5721e1fb-32c1-4fae-8e26-5851ee0b53be/1; https://files-api.properstar.com/api/v2/files/92e01bf6-2635-4d19-8640-05aee07d5614/1
119460282,"Exclusive Residence with Pacific Ocean Views | ALVAR, Quivira Los Cabos",https://www.properstar.co.uk/listing/119460282,"GBP 5,865","Paraíso Escondido S/N, Paraiso Escondido, 23450 Cabo San Lucas, B.C.S., Mexico, Cabo San Lucas, Mexico",22.873722,-109.938979,,5,5381.95752,Furnished house,Karla & Erick Cabo Realty ,2026-08-10T02:06:38,https://files-api.properstar.com/api/v2/files/60d0318e-c1e6-4059-a038-39257705b3f0/1; https://files-api.properstar.com/api/v2/files/bf47a9a2-d028-47a0-878b-abcc5b1cc6c4/1; https://files-api.properstar.com/api/v2/files/4425b695-0c0b-4cdd-9d9e-dfbf1f1e6b66/1; https://files-api.properstar.com/api/v2/files/753c7e52-ace1-46b8-8b0d-4edd89a1d860/1; https://files-api.properstar.com/api/v2/files/7648fd77-fe9e-49f6-8851-9060ee868e02/1; https://files-api.properstar.com/api/v2/files/b65ee203-8c20-4a94-8451-e9b6ffd18ad4/1; https://files-api.properstar.com/api/v2/files/aceda796-5786-430f-9740-5be4f3c4a788/1; https://files-api.properstar.com/api/v2/files/5158c24b-9faa-493b-899f-ffa004b8acb5/1; https://files-api.properstar.com/api/v2/files/f45dd465-8a36-4961-a69d-363b76047091/1; https://files-api.properstar.com/api/v2/files/dfdf808b-b1e2-41ad-8f04-a00c7f6ffd5a/1; https://files-api.properstar.com/api/v2/files/03d2a0a8-a941-44fe-947a-f0ab7787da23/1; https://files-api.properstar.com/api/v2/files/765c0f9a-e615-4d23-a7f6-cd137fad526b/1; https://files-api.properstar.com/api/v2/files/eb42ee5f-36b0-4dc7-96d9-764a860c2e4b/1; https://files-api.properstar.com/api/v2/files/6dc27403-c81c-42fc-8fd1-f56b4f050124/1; https://files-api.properstar.com/api/v2/files/59fa6c1f-6d99-4842-b494-b5a283345c6f/1; https://files-api.properstar.com/api/v2/files/c310dcb2-2269-4eed-a23c-d03a4a127b90/1; https://files-api.properstar.com/api/v2/files/3e27af22-9b0b-4ff3-9ea6-4345eb38aa83/1; https://files-api.properstar.com/api/v2/files/f8a544d8-8316-4222-95fe-7cbf82598714/1; https://files-api.properstar.com/api/v2/files/0f568e67-27ed-47bc-8302-767f1c45707a/1; https://files-api.properstar.com/api/v2/files/63cc2aec-f8d2-4380-8b99-197452fa71ab/1
119460194,"Exclusive Luxury Apartment in Torres San José | Comfort, Elegance and Excellent Location",https://www.properstar.co.uk/listing/119460194,"GBP 1,408","42 Palo Alto, San José del Cabo, Mexico",23.141901,-109.689977,0,2,1237.85022,New apartment,Karla & Erick Cabo Realty ,2026-08-10T01:15:02,https://files-api.properstar.com/api/v2/files/6cc55026-7dc0-446d-abd5-7132a04ad68b/1; https://files-api.properstar.com/api/v2/files/b3dfee50-14d0-41fc-bd29-b350fb245220/1; https://files-api.properstar.com/api/v2/files/f5202537-5165-4069-ab04-3a530caa0715/1; https://files-api.properstar.com/api/v2/files/b2598c13-885c-48e1-aa18-57a70730c0ea/1; https://files-api.properstar.com/api/v2/files/5ef0a695-726d-41a9-bbba-2a6a6e58ce7c/1; https://files-api.properstar.com/api/v2/files/73454446-843e-48a2-ac33-a15240d4a2b9/1; https://files-api.properstar.com/api/v2/files/472f2ead-f735-462f-9197-80395c1e3604/1; https://files-api.properstar.com/api/v2/files/67025513-a9fd-4f5c-bb33-2519ffee4aa2/1; https://files-api.properstar.com/api/v2/files/fd8dc0f9-ea99-41a1-b57c-641e5be89609/1; https://files-api.properstar.com/api/v2/files/d0d735a5-f6ee-4deb-aea4-d01e6ebe504d/1; https://files-api.properstar.com/api/v2/files/079ebbdb-049d-46ea-af51-f6722b87d425/1; https://files-api.properstar.com/api/v2/files/b189cc44-076d-4302-8828-1eeae3f68b15/1; https://files-api.properstar.com/api/v2/files/25c58ee8-8a45-4ebb-bc4b-83a31f196ba7/1; https://files-api.properstar.com/api/v2/files/6fab71a8-2239-4444-9118-36cb94cb4236/1; https://files-api.properstar.com/api/v2/files/2d162c7c-113e-4af4-90c8-9a9d1aeb2b16/1; https://files-api.properstar.com/api/v2/files/cdbc587c-90a6-41ea-b44d-8b272a577ef7/1; https://files-api.properstar.com/api/v2/files/45200aee-dbdf-4bdf-ad5d-e231895e1454/1; https://files-api.properstar.com/api/v2/files/39516030-bbe2-4613-87f9-4a9d3432c2bf/1; https://files-api.properstar.com/api/v2/files/516fa9d2-7a27-4fc6-b074-7a3698760a12/1
119492599,Furnished Studio for Rent | Oceanfront Community | 24/7 Security,https://www.properstar.co.uk/listing/119492599,"GBP 1,466","Paseo La Jolla, San José del Cabo, Mexico",23.035014,-109.715048,,1,592.0153,Studio apartment,Karla & Erick Cabo Realty ,2026-08-11T14:18:22,https://files-api.properstar.com/api/v2/files/37fb3ae0-06d9-419d-a6d8-4483264a72fa/1; https://files-api.properstar.com/api/v2/files/5f6c536a-d342-41ff-b258-2c777e5b31f0/1; https://files-api.properstar.com/api/v2/files/ddd0476f-9683-46b4-a453-a4d04dca5fda/1; https://files-api.properstar.com/api/v2/files/5f6d107b-da56-40af-ab6c-0cbdbe8a4d0a/1; https://files-api.properstar.com/api/v2/files/dce808e8-6f49-4e60-9480-6a171d66b95a/1; https://files-api.properstar.com/api/v2/files/1756f5a7-1843-4941-a786-df516b1cb8a2/1; https://files-api.properstar.com/api/v2/files/4c504212-2112-4103-8c9c-478f111dc166/1; https://files-api.properstar.com/api/v2/files/ef1f00ea-d7e9-46c6-be04-b66324c40b90/1; https://files-api.properstar.com/api/v2/files/0ef76cf8-c497-4b11-ad25-a465b83dfbbd/1; https://files-api.properstar.com/api/v2/files/bec0a665-5e29-4323-8e95-626d0db5bbe7/1; https://files-api.properstar.com/api/v2/files/e4bd64c6-7c03-4e28-a6df-7c8dabe2df9c/1; https://files-api.properstar.com/api/v2/files/dfdcbff4-e876-4e22-abed-7a047594eb7d/1; https://files-api.properstar.com/api/v2/files/f0c3b6b6-bc3f-48b0-9470-5d5b67b59ece/1; https://files-api.properstar.com/api/v2/files/5fc7c369-1b0a-4076-93d9-ae45f1724c8a/1; https://files-api.properstar.com/api/v2/files/66a1e1f7-0274-4048-9e2d-c039c4f0820e/1; https://files-api.properstar.com/api/v2/files/cc4e7dd3-928d-4aad-a22a-b6221caca0db/1
119328920,FOR RENT | Furnished Ocean View Apartment in Vistas del Tezal – Cabo San Lucas,https://www.properstar.co.uk/listing/119328920,"GBP 1,647","El Tezal, El Tezal, Mexico",22.904167,-109.891667,2,,,Furnished apartment,Paola Cristina Pliego Bañuelos,2026-08-04T22:41:06,https://files-api.properstar.com/api/v2/files/85c05c3b-48a3-4120-b824-14f6c5876036/1; https://files-api.properstar.com/api/v2/files/415d42a8-f359-4cd7-a45b-35b110d9a934/1; https://files-api.properstar.com/api/v2/files/816b5506-e2fa-4805-ad7e-b0537c66a67d/1; https://files-api.properstar.com/api/v2/files/407a2367-58b6-4668-bdd7-5dc66ec216c0/1; https://files-api.properstar.com/api/v2/files/2be2a42b-b9e3-4356-8bd7-ad05aceeffc0/1; https://files-api.properstar.com/api/v2/files/f10834c1-17c1-4517-8127-be5d1cad44f1/1; https://files-api.properstar.com/api/v2/files/ec876022-1989-4c48-99be-44e75fb95039/1; https://files-api.properstar.com/api/v2/files/007872e5-406b-4800-816c-288ad9e0c6cf/1; https://files-api.properstar.com/api/v2/files/147cd600-15c1-4501-883b-1748de1d5fcb/1; https://files-api.properstar.com/api/v2/files/39d55a43-628e-4ca8-85fc-a3480145d4f3/1; https://files-api.properstar.com/api/v2/files/540e23db-1bbb-451b-9b65-a8f7e6fcde85/1
119332842,3 bedroom furnished house for rent in El Tezal Cabo San Lucas,https://www.properstar.co.uk/listing/119332842,"GBP 1,127","Retorno del Caudel Villa #3, Cabo San Lucas, Mexico",22.905379,-109.889101,3,3,,House,CENTURY 21 Legendary Realty,2026-08-05T03:57:41.347,https://files-api.properstar.com/api/v2/files/603a3e11-45a1-4ffb-851d-c4a5f5e8fdd0/1; https://files-api.properstar.com/api/v2/files/30742c75-ed55-44d9-a193-e7003ec12f36/1; https://files-api.properstar.com/api/v2/files/339d8c42-c35e-4719-b512-03228207489d/1; https://files-api.properstar.com/api/v2/files/1639e57b-ebe9-4f01-a012-ca4b2539abe4/1; https://files-api.properstar.com/api/v2/files/cb46a4a3-f372-47f3-bf68-15d31a5f63e2/1; https://files-api.properstar.com/api/v2/files/2ab6f340-30e8-45b0-be3f-c12ee6b734f6/1; https://files-api.properstar.com/api/v2/files/c45ded4c-e989-42f5-b744-9cfce8236672/1; https://files-api.properstar.com/api/v2/files/acf534b6-1f85-4b75-b8e4-c07f858ea483/1; https://files-api.properstar.com/api/v2/files/713737d4-e597-4466-b79f-8d8bb442615d/1; https://files-api.properstar.com/api/v2/files/b19d7559-9f8f-4816-b97b-1448508ae863/1; https://files-api.properstar.com/api/v2/files/8d25a091-fe0b-4279-b1f4-c2cfbdc75e61/1; https://files-api.properstar.com/api/v2/files/c1cadcd7-dd41-4da8-b567-3320776bccfd/1; https://files-api.properstar.com/api/v2/files/311d73cf-76e5-4400-8201-4558a83a8b6c/1; https://files-api.properstar.com/api/v2/files/1b8ec45e-5aa4-4e41-9953-b6fb27a2cce7/1; https://files-api.properstar.com/api/v2/files/69b3a8d3-d2eb-46db-999b-a2fb8bff6591/1; https://files-api.properstar.com/api/v2/files/66fbdb43-ccac-4235-a901-807da34d97a0/1; https://files-api.properstar.com/api/v2/files/d2ad37d5-743c-42e2-ac75-b555c558e428/1
119333005,2 bedroom condo for rent with amenities in San Jose del Cabo,https://www.properstar.co.uk/listing/119333005,"GBP 1,387","Blvd. La Haciendas, Torres San José C32, San Jose Del Cabo, Mexico",23.077938,-109.725201,2,2,,Apartment,CENTURY 21 Legendary Realty,2026-08-05T03:57:41.347,https://files-api.properstar.com/api/v2/files/5c26c145-e010-4400-8738-6d86c2abe648/1; https://files-api.properstar.com/api/v2/files/6068f789-7d5d-49a9-89cc-dc886824ac12/1; https://files-api.properstar.com/api/v2/files/35e9b043-0cc0-47e6-bfbb-97eca89e9819/1; https://files-api.properstar.com/api/v2/files/0baf50c0-7132-4fca-9e53-259fc5b7aec4/1; https://files-api.properstar.com/api/v2/files/33301a01-6cf8-43c4-8e9b-bc46d3f730d3/1; https://files-api.properstar.com/api/v2/files/a6e1dfe6-28d9-4b82-a3df-354f31fd2b87/1; https://files-api.properstar.com/api/v2/files/223e76b7-9114-4ece-993e-d356f013016c/1; https://files-api.properstar.com/api/v2/files/b0fcd814-2af7-44eb-bb78-30a4c6270ddb/1; https://files-api.properstar.com/api/v2/files/1028627d-9d55-4049-86f5-9ce128e2af0c/1; https://files-api.properstar.com/api/v2/files/3239bb61-3668-4ae4-afd6-ec42094e1440/1
119180313,Ocean View | Cabo Arch Views | Resort-Style Pools | Fitness Center | Family-Friendly Community | Vista Vela III | El Tezal | Cabo San Lucas,https://www.properstar.co.uk/listing/119180313,"GBP 2,167","El Tezal, El Tezal, Mexico",22.904167,-109.891667,0,3,1506.94812,Terraced apartment,Karla & Erick Cabo Realty ,2026-07-30T00:04:32,https://files-api.properstar.com/api/v2/files/f5a495c4-11d9-4ccb-a389-d9e84091d6e7/1; https://files-api.properstar.com/api/v2/files/dfbaf383-3641-4015-974e-54168949be11/1; https://files-api.properstar.com/api/v2/files/998bfd36-120b-4cf5-a32e-5b8e9f2b67e8/1; https://files-api.properstar.com/api/v2/files/896b290a-1a6a-4780-9b56-8634dd639d0f/1; https://files-api.properstar.com/api/v2/files/d18156e1-af26-4987-a63b-297c03ddedb5/1; https://files-api.properstar.com/api/v2/files/2ebef403-fa45-4810-bf40-30a9acb9adcf/1; https://files-api.properstar.com/api/v2/files/aa0a5235-3d09-4446-8a71-d63ff4faae81/1; https://files-api.properstar.com/api/v2/files/a22d8f19-d20b-4e1e-ab71-9e9edbd1e17a/1; https://files-api.properstar.com/api/v2/files/eb2a22cc-047a-49ce-b1f8-4d48de8beb51/1; https://files-api.properstar.com/api/v2/files/04e6cca9-45c4-46d8-88c0-1278e7525c47/1; https://files-api.properstar.com/api/v2/files/b172fcd6-c92a-4b1a-be07-193413c56b0b/1; https://files-api.properstar.com/api/v2/files/bfc7460c-6390-4b03-84eb-f6107c7fc4f0/1; https://files-api.properstar.com/api/v2/files/6588e20f-eac9-4a14-ac86-ed1fb459916c/1; https://files-api.properstar.com/api/v2/files/9639c619-96e9-473e-b98a-e2f4c35205b4/1; https://files-api.properstar.com/api/v2/files/fff0d21e-087c-4c64-b32b-be79951fecbb/1; https://files-api.properstar.com/api/v2/files/e7b0aa0c-7af5-405a-a32a-76dd2080337a/1
119212767,"House for rent, Quintas del Mar (Cabo San Lucas, Mexico)",https://www.properstar.co.uk/listing/119212767,"GBP 1,473","Quintas del Mar, Cabo San Lucas, Mexico",22.887091,-109.932866,0,3,2960.07642,House,Karla & Erick Cabo Realty ,2026-07-30T22:21:27,https://files-api.properstar.com/api/v2/files/8b680caf-48db-4aca-8b4a-4c1d6f60b65f/1; https://files-api.properstar.com/api/v2/files/fb3e4108-7c18-4dac-921f-4ca03a3bc59e/1; https://files-api.properstar.com/api/v2/files/8411f44e-0020-4156-8faa-3427444f5e80/1; https://files-api.properstar.com/api/v2/files/97c4befd-ef03-4ca0-8292-266b84184c38/1; https://files-api.properstar.com/api/v2/files/a56dc7d6-12f9-470e-afef-4341ec69fff7/1; https://files-api.properstar.com/api/v2/files/bf408072-db65-4336-a27b-6b6c98ee73e6/1; https://files-api.properstar.com/api/v2/files/280bd6b8-3102-45e8-adcb-5bb01c34de01/1; https://files-api.properstar.com/api/v2/files/c128f93e-67e1-4ca6-96dd-a37521fa7b3a/1; https://files-api.properstar.com/api/v2/files/42218f5e-7445-413c-8aad-6be5699ce740/1; https://files-api.properstar.com/api/v2/files/e1308dfc-f761-4f1d-8553-a750ca600dbe/1; https://files-api.properstar.com/api/v2/files/4e8747d3-9ec6-45ae-a8d6-34a333c2712b/1
119212446,The next home for your family in Villas Neptuno excellent location,https://www.properstar.co.uk/listing/119212446,"GBP 1,729","Carr. Transpeninsular km. 4, El Tezal, 23467 Cabo San Lucas, B.C.S., Mexico, Cabo San Lucas, Mexico",22.903953,-109.886607,,3,,Villa,Karla & Erick Cabo Realty ,2026-07-30T20:19:50,https://files-api.properstar.com/api/v2/files/c7a481bb-bd63-4b74-9132-b6f98788cc89/1; https://files-api.properstar.com/api/v2/files/048fb0f0-314b-462a-b2f0-ce036c553586/1; https://files-api.properstar.com/api/v2/files/ce2001a6-c745-4efe-9c0b-44fff26d6842/1; https://files-api.properstar.com/api/v2/files/92940212-3b21-4397-8505-782db5f40ae3/1; https://files-api.properstar.com/api/v2/files/ad753e3f-c0ad-479f-b194-c19bd8fec3eb/1; https://files-api.properstar.com/api/v2/files/233de1b6-0ea7-4709-a43a-f7ba0a2e0943/1; https://files-api.properstar.com/api/v2/files/ce05ffe8-6325-47ec-b56b-7c6a4745aae0/1; https://files-api.properstar.com/api/v2/files/a496bc2b-bef7-41b0-8abd-a26bd7eaea9c/1; https://files-api.properstar.com/api/v2/files/ee4900ac-6261-4fe1-8f6b-0f82ec8171d4/1; https://files-api.properstar.com/api/v2/files/5f22c67b-31a6-48f8-a84d-66ff13d464c7/1; https://files-api.properstar.com/api/v2/files/c9a50d18-887c-4686-84b1-62f54e7956a0/1; https://files-api.properstar.com/api/v2/files/159d8d8c-9440-4745-84a9-3a9de42fa04f/1; https://files-api.properstar.com/api/v2/files/8e14534d-ddea-4383-ab43-518c6fec6b31/1; https://files-api.properstar.com/api/v2/files/f6267af8-9968-4f9f-9fab-14adf3e8c50a/1; https://files-api.properstar.com/api/v2/files/4f1c8f64-0888-4d58-80e0-ddb95a9629f1/1; https://files-api.properstar.com/api/v2/files/87115da7-5db2-4723-a9e3-4c97df285c44/1; https://files-api.properstar.com/api/v2/files/d7f39c6c-da01-4eb7-a362-b91088f319ab/1
118817455,Moving to Los Cabos With Kids? This Modern Family Home Is Worth Seeing,https://www.properstar.co.uk/listing/118817455,"GBP 2,199","Priv. San Diego 41, 23454 Cabo San Lucas, B.C.S., Mexico, Cabo San Lucas, Mexico",22.927963,-109.880131,3,3,2583.3396,Detached house,Karla & Erick Cabo Realty ,2026-07-17T21:44:05,https://files-api.properstar.com/api/v2/files/04bad87f-52e9-43da-a133-607cab9781d5/1; https://files-api.properstar.com/api/v2/files/21e9d02a-7425-4f87-9bd2-c9c2e425ee4e/1; https://files-api.properstar.com/api/v2/files/1e0383fe-1cac-45c7-a1f4-13908beaa7f9/1; https://files-api.properstar.com/api/v2/files/02affcf8-5c02-41b6-acb6-f374c00195b6/1; https://files-api.properstar.com/api/v2/files/2bb2faac-d848-4449-9a97-b625e9ae90bb/1; https://files-api.properstar.com/api/v2/files/d5e5e1ab-e138-420c-889a-b51fa0b75843/1; https://files-api.properstar.com/api/v2/files/d06d5b34-81d2-4460-8d61-b1fee571fb15/1; https://files-api.properstar.com/api/v2/files/8b88f243-3458-4a67-b523-2f318a9c829f/1; https://files-api.properstar.com/api/v2/files/6b772861-ace7-485c-8f74-0ef7dd9863a2/1; https://files-api.properstar.com/api/v2/files/b7955850-fa91-4c92-8975-602eece9d6f2/1; https://files-api.properstar.com/api/v2/files/275c4a18-3c6d-47e8-ac66-c174560f8c3a/1; https://files-api.properstar.com/api/v2/files/ff8cae42-52b5-4266-9af7-33a59d5951af/1; https://files-api.properstar.com/api/v2/files/7f9050c5-3555-45b3-94d2-43295d843aea/1; https://files-api.properstar.com/api/v2/files/f6fad668-2056-453c-b980-ba7b2f1b4fe2/1; https://files-api.properstar.com/api/v2/files/f2785463-e796-4930-8a18-9ed8f540cffb/1; https://files-api.properstar.com/api/v2/files/ae7dd0b3-5a88-4771-ad21-68ae1bfc8015/1; https://files-api.properstar.com/api/v2/files/b882a63d-b35d-4fbb-b59e-e53892f5eb4f/1; https://files-api.properstar.com/api/v2/files/ae476e8a-b8a6-4c43-815d-235899f033bb/1; https://files-api.properstar.com/api/v2/files/f53d94b6-32c2-475e-abe3-383425566b4f/1
118735739,"Los Cabos house for rent on Camino del Mar, tezal Cabo San Lucas, furnished.",https://www.properstar.co.uk/listing/118735739,"GBP 1,517","1997 Cam. del Mar, Cabo San Lucas, Mexico",22.877281,-109.916777,,2,2152.783,Furnished house,Paola Cristina Pliego Bañuelos,2026-07-14T23:31:51,https://files-api.properstar.com/api/v2/files/5586601c-15a5-4fa2-b0a5-57bf280ae69d/1; https://files-api.properstar.com/api/v2/files/d05d2c16-ba91-43aa-b1b6-e67b12093bd4/1; https://files-api.properstar.com/api/v2/files/8a3075c8-eb48-48ce-90c4-d7f75b5c75e3/1; https://files-api.properstar.com/api/v2/files/0ce495c5-c2fc-47ff-afa8-d2477f83a33a/1; https://files-api.properstar.com/api/v2/files/bbcbe45a-239d-44de-bf95-f09bae0f747c/1; https://files-api.properstar.com/api/v2/files/6830123f-8057-4bcc-8bb4-80cf4367e79c/1; https://files-api.properstar.com/api/v2/files/6a307970-0916-4830-bf0e-f288352480db/1; https://files-api.properstar.com/api/v2/files/00df1a95-19dd-4e69-80df-82b2b1559773/1; https://files-api.properstar.com/api/v2/files/e95dfa30-c570-4a7b-a951-64f877b2e0fe/1; https://files-api.properstar.com/api/v2/files/7f7f6dc0-7390-419e-b910-c8648de6a919/1
118153020,"Cabo Real Golf Condo for Rent | Furnished, Pool, Gym & Tennis",https://www.properstar.co.uk/listing/118153020,"GBP 2,566","X6PM+MF, Cabo San Lucas, Mexico",22.986687,-109.766312,2,2,1065.62756,Apartment,Karla & Erick Cabo Realty ,2026-07-11T00:08:13,https://files-api.properstar.com/api/v2/files/e3d11af0-20de-4d25-8135-20f1d9dcadbc/1; https://files-api.properstar.com/api/v2/files/05a3f24c-3e41-48eb-a9dd-d794111e6c60/1; https://files-api.properstar.com/api/v2/files/909eea72-e634-405b-b5b9-dbbf050a2fbd/1; https://files-api.properstar.com/api/v2/files/d0b93ccc-85c6-4bea-9899-0565780dc699/1; https://files-api.properstar.com/api/v2/files/b1f06c77-f1ad-4b7c-bb44-87bb7dd913be/1; https://files-api.properstar.com/api/v2/files/a796182a-3a5c-42a8-bba7-5a153763c244/1; https://files-api.properstar.com/api/v2/files/4182cd1e-eeaa-4795-88c5-a5a3d994cd87/1; https://files-api.properstar.com/api/v2/files/cbc18b13-668c-4d75-bb5c-ff16fd12cd61/1; https://files-api.properstar.com/api/v2/files/c2f5271f-22cf-4f6f-b365-ea4764ae4bf0/1; https://files-api.properstar.com/api/v2/files/f4243a2d-b01b-40b3-9253-cbea9a235e44/1; https://files-api.properstar.com/api/v2/files/9cdcfada-849d-409e-a458-e96582a515e8/1; https://files-api.properstar.com/api/v2/files/e46a1487-8100-4dc0-9ad3-4225203f9742/1; https://files-api.properstar.com/api/v2/files/1e0b3de5-671b-4bc5-b444-489d767caf30/1; https://files-api.properstar.com/api/v2/files/5a1fa1ec-1cf7-4c6c-b7ed-1deadbd344dc/1; https://files-api.properstar.com/api/v2/files/78d46af8-82c4-4828-a424-24eaf346f11d/1; https://files-api.properstar.com/api/v2/files/c5837ee6-182b-44f6-ba2c-f2a12ce73531/1; https://files-api.properstar.com/api/v2/files/d8c7a77e-522d-47c9-824b-fdaeb9033f2a/1; https://files-api.properstar.com/api/v2/files/10692f67-7e68-4250-8014-e2de75431c21/1; https://files-api.properstar.com/api/v2/files/00c3f030-2311-4cd5-846a-e9be0885ccdb/1
119607078," $26,000 MXN - Condo for Rent in Colinas del Tezal, El Tezal, Cabo San Lucas, Los Cabos ",https://www.properstar.co.uk/listing/119607078,"GBP 1,127"," El Tezal ,  Baja California Sur ,  Los Cabos , Mexico",22.904167,-109.891667,,2,43.0557,Apartment, rentasencabo.com ,2026-08-15T19:21:39.993,https://files-api.properstar.com/api/v2/files/0a384647-982c-41e9-b663-a6232306dc30/1; https://files-api.properstar.com/api/v2/files/5e33c25c-f161-4fc2-9627-59847398a176/1; https://files-api.properstar.com/api/v2/files/adbca114-7b66-4318-9711-44de8114f648/1; https://files-api.properstar.com/api/v2/files/87ba210f-1e05-4180-a83a-c42e89d98556/1; https://files-api.properstar.com/api/v2/files/aa01beb9-bd0e-4b7a-b8c3-9416c8e569a9/1; https://files-api.properstar.com/api/v2/files/cb2c11d2-a931-44e6-b208-735ced4009ee/1; https://files-api.properstar.com/api/v2/files/c580ea23-ee85-4b9f-abbb-bd912ed9b478/1; https://files-api.properstar.com/api/v2/files/d122f27c-0c4b-4381-83d9-e317828f6a1c/1; https://files-api.properstar.com/api/v2/files/bd809407-ccc8-48f4-87d8-377cd9da1e59/1; https://files-api.properstar.com/api/v2/files/861bc099-2d9f-4551-a8e8-1b5fb9c2b608/1; https://files-api.properstar.com/api/v2/files/0b448dd2-dc1e-4f2c-81a3-82d3ed084806/1
119550739," Furnished apartment for rent just 5 minutes from the marina, HD3 Sunset, Cabo San Lucas ",https://www.properstar.co.uk/listing/119550739,"GBP 1,300"," Cabo San Lucas Centro ,  Baja California Sur ,  Los Cabos , Mexico",22.882606,-109.912471,,2,43.0557,Apartment, Long Term Rentals In Cabo ,2026-08-13T19:14:43.987,https://files-api.properstar.com/api/v2/files/db3f198c-ad68-422c-bcc5-dde5ca3fbb02/1; https://files-api.properstar.com/api/v2/files/2580eec5-7031-4056-b7d5-52a83accba61/1; https://files-api.properstar.com/api/v2/files/cb1c999f-1f99-416d-b1ae-320c314b88df/1; https://files-api.properstar.com/api/v2/files/47d0b6ea-f62e-40ff-9825-865f5f6e7d69/1; https://files-api.properstar.com/api/v2/files/8ac70afb-b72a-4ba8-98c3-a3844cfae4d8/1; https://files-api.properstar.com/api/v2/files/fb004074-daf3-45b9-b4dd-baa12bb94e22/1; https://files-api.properstar.com/api/v2/files/50ee31de-d73c-4404-bc4f-b95fbf3f7c8a/1; https://files-api.properstar.com/api/v2/files/6a4ea4be-aeaa-4296-a18a-335361c3dd96/1; https://files-api.properstar.com/api/v2/files/4ea9c73c-daf4-495c-bf61-b5bdca021c03/1; https://files-api.properstar.com/api/v2/files/5779f79e-916c-4b9f-a466-e0be696ae97c/1; https://files-api.properstar.com/api/v2/files/e549551f-3a12-4724-b7c3-7074cea201d3/1; https://files-api.properstar.com/api/v2/files/890727b0-5438-467a-b322-0d40c06c475e/1; https://files-api.properstar.com/api/v2/files/041c7d32-1857-4503-8635-4e64dad25e93/1; https://files-api.properstar.com/api/v2/files/9ea5e7b4-ebf5-46e2-873b-115e46ceae39/1; https://files-api.properstar.com/api/v2/files/31a69c19-54ec-4a2d-a68e-34e1b79139ce/1; https://files-api.properstar.com/api/v2/files/f036ed57-f035-4a0c-a639-53ea0933c61c/1; https://files-api.properstar.com/api/v2/files/d4b63472-575c-46e5-a399-635c3f1063c7/1; https://files-api.properstar.com/api/v2/files/97f12f06-61b7-4efd-8f28-54c1a8e399e2/1; https://files-api.properstar.com/api/v2/files/1691cc8d-2d0e-4b54-ba2b-15f973a515df/1
119550766, Condo for rent in Puerta Cabos Village ,https://www.properstar.co.uk/listing/119550766,"GBP 1,820"," El Medano ,  Baja California Sur ,  Los Cabos , Mexico",23.07987,-109.712404,,2,43.0557,Apartment, Long Term Rentals In Cabo ,2026-08-13T19:14:43.987,https://files-api.properstar.com/api/v2/files/62a0a847-c6a0-4793-9c19-a29147ab7b92/1; https://files-api.properstar.com/api/v2/files/3c07c8ac-49c1-42f1-bb42-11768aae9c2f/1; https://files-api.properstar.com/api/v2/files/63a412ed-18b3-4083-9172-90939c02449e/1; https://files-api.properstar.com/api/v2/files/e24d2d6a-9657-4305-85ee-4645060ef060/1; https://files-api.properstar.com/api/v2/files/a2a3869d-9eb1-4235-b44d-89ca2e201ccf/1; https://files-api.properstar.com/api/v2/files/6c50a425-e10d-4a35-8e6d-44b2f8df6100/1; https://files-api.properstar.com/api/v2/files/8245af33-16fd-408e-abf4-7640ab102b28/1; https://files-api.properstar.com/api/v2/files/b6179ed3-f5ab-4635-a5d8-c4183aad0d65/1; https://files-api.properstar.com/api/v2/files/5ba3cb63-c626-4b15-9e60-67146cff756b/1; https://files-api.properstar.com/api/v2/files/4b9df47a-81a7-4255-8b1b-4e56e9153b7e/1; https://files-api.properstar.com/api/v2/files/5e82838f-0dfa-4d25-9d7c-9c543caf8a48/1; https://files-api.properstar.com/api/v2/files/94903297-7ad8-4da2-9204-c0bc2fd9ab2a/1; https://files-api.properstar.com/api/v2/files/f21a56e5-3ed2-41bc-aa06-97e43af84a42/1; https://files-api.properstar.com/api/v2/files/b212edf9-339d-4b12-ad56-fa86e9121714/1; https://files-api.properstar.com/api/v2/files/bf81bbe2-eaa3-4735-b409-6d5b9025f36e/1; https://files-api.properstar.com/api/v2/files/d1fddc78-7c41-45e1-844a-c22a74f6e4f6/1
118056775,2 Bedroom Furnished Apartment for Rent in Villas Tamar,https://www.properstar.co.uk/listing/118056775,"GBP 1,170","Sn, Los Cabos, Mexico",22.902452,-109.926985,2,2,,Apartment,Century 21  Legendary Realty,2026-06-23T03:26:28.703,https://files-api.properstar.com/api/v2/files/e5751720-1a22-4c3c-8dcb-c92b5f42988d/1; https://files-api.properstar.com/api/v2/files/ea3a4c8f-a240-42a9-a4c2-ffa059b043b5/1; https://files-api.properstar.com/api/v2/files/49926d88-cf2a-47e6-9b31-cda25a95346a/1; https://files-api.properstar.com/api/v2/files/47785abe-b0c0-48e4-8c26-228fa7d34469/1; https://files-api.properstar.com/api/v2/files/b1db25be-a0f1-4e3f-b6f9-390fcc8cac85/1; https://files-api.properstar.com/api/v2/files/eec8035e-2753-47b4-83cc-1d8fdc89f874/1; https://files-api.properstar.com/api/v2/files/4a17be89-e2f9-45a3-9515-1bdaede411dc/1; https://files-api.properstar.com/api/v2/files/9660f6d6-fefc-467c-b21b-ad4261c58d8e/1; https://files-api.properstar.com/api/v2/files/b48fcf8b-0ad2-42b2-8ca1-d83a42b9de74/1; https://files-api.properstar.com/api/v2/files/c3db491a-d72e-4137-b88f-3b14e41aef8d/1; https://files-api.properstar.com/api/v2/files/a1b1082c-459d-48ff-9c28-adc0ea2e3e6c/1; https://files-api.properstar.com/api/v2/files/b6d9d258-82d2-4129-86ff-7b10362d6fb7/1; https://files-api.properstar.com/api/v2/files/c74f9805-5aae-4f23-bb48-2f424a9b9d9c/1; https://files-api.properstar.com/api/v2/files/7e8818bb-8113-4409-860b-5672bcbd6a01/1
119622252," House for rent in Camino del Mar El Tezal, Cabo San Lucas ",https://www.properstar.co.uk/listing/119622252,"GBP 1,603"," El Tezal ,  Baja California Sur ,  Los Cabos , Mexico",22.904167,-109.891667,,2,43.0557,House, Long Term Rentals In Cabo ,2026-08-16T19:16:23.683,https://files-api.properstar.com/api/v2/files/8795484e-7c1e-469e-8487-6a4c14728796/1; https://files-api.properstar.com/api/v2/files/d4a241a5-ea6e-49cf-b173-5e3ff7e0db0d/1; https://files-api.properstar.com/api/v2/files/823e437d-af48-434a-8933-d7a6e54460db/1; https://files-api.properstar.com/api/v2/files/368dd2c2-c542-42c4-a4eb-fe2793243bce/1; https://files-api.properstar.com/api/v2/files/b5db1a3d-4958-4c58-9a70-68f80715e6c1/1; https://files-api.properstar.com/api/v2/files/949c93d4-15be-400f-95e2-3156475ed166/1; https://files-api.properstar.com/api/v2/files/bacbc2dc-e85c-44aa-a8ca-b456fa299fcb/1; https://files-api.properstar.com/api/v2/files/7e19b255-3ddb-4a61-ba79-9512c42db859/1; https://files-api.properstar.com/api/v2/files/7d1f370f-9b71-426c-91ed-bc6c2c7f754c/1; https://files-api.properstar.com/api/v2/files/9c672507-e523-42de-b5d8-35c54df4dbb7/1; https://files-api.properstar.com/api/v2/files/ae282452-6d5e-45a0-a10a-910774e35ada/1; https://files-api.properstar.com/api/v2/files/b4f69f3b-07a4-4064-871b-13525516add7/1; https://files-api.properstar.com/api/v2/files/6d0e7f9f-e5b0-4e1b-8bd6-ece26ef65eb4/1; https://files-api.properstar.com/api/v2/files/d106f43e-a48a-47f3-8978-c2b4af6110a7/1; https://files-api.properstar.com/api/v2/files/c2273ae8-e380-4abc-8735-774afc89665b/1
119607095," $32,000 MXN - House for Rent in Amalfi, El Tezal, Cabo San Lucas ",https://www.properstar.co.uk/listing/119607095,"GBP 1,387"," El Tezal ,  Baja California Sur ,  Los Cabos , Mexico",22.904167,-109.891667,,2,43.0557,House, rentasencabo.com ,2026-08-15T19:21:39.993,https://files-api.properstar.com/api/v2/files/37073c81-7158-4aec-90e8-17272cd14100/1; https://files-api.properstar.com/api/v2/files/a580a4b8-d0fa-4ff4-b85b-92f1c1499e94/1; https://files-api.properstar.com/api/v2/files/2b762c64-024e-4482-ac56-b8b6f4aeaaa6/1; https://files-api.properstar.com/api/v2/files/db924bd7-28ba-4053-a6b3-3614c3ea22f2/1; https://files-api.properstar.com/api/v2/files/2f59f09a-7ca2-443d-9ddc-a58c739a29b7/1; https://files-api.properstar.com/api/v2/files/cd49c9f0-710c-47fd-b884-58653c99323c/1; https://files-api.properstar.com/api/v2/files/33c7732e-1b0e-4d02-a39b-e3dc00fbbd6f/1; https://files-api.properstar.com/api/v2/files/a50e4dea-4d25-44b6-900f-e22e2fcce02e/1; https://files-api.properstar.com/api/v2/files/cdecaec9-afaf-4dd2-a5c1-fa98f58f1700/1; https://files-api.properstar.com/api/v2/files/6e99fe09-c15f-4f6a-84aa-b4b6cca6ecdd/1; https://files-api.properstar.com/api/v2/files/131f28f9-c7bb-45e0-9797-a6eac92a8ac0/1; https://files-api.properstar.com/api/v2/files/13d8d6b0-38a8-443f-a9f9-2e58972b9931/1; https://files-api.properstar.com/api/v2/files/aac141a9-945b-414f-aa0f-2739f96cee24/1; https://files-api.properstar.com/api/v2/files/f2e6baf6-05c0-4180-b1e1-d9f2b78d2c57/1; https://files-api.properstar.com/api/v2/files/30d0127e-98dc-4478-a95c-efdd885f67ed/1; https://files-api.properstar.com/api/v2/files/03ce5f20-787b-45fd-bb7a-1825c53768c5/1; https://files-api.properstar.com/api/v2/files/bf084079-0dd7-4ac8-badb-2b3385b0d380/1; https://files-api.properstar.com/api/v2/files/55d78746-cb83-4e01-a6fc-e2fdfcd2235e/1; https://files-api.properstar.com/api/v2/files/7b2a1265-5a2f-4ea4-99b9-0a754acfba63/1; https://files-api.properstar.com/api/v2/files/fbc82d53-876b-4d5a-b801-a965ef2009c6/1; https://files-api.properstar.com/api/v2/files/e1831089-8b64-466e-b770-369bab8766cd/1; https://files-api.properstar.com/api/v2/files/a6420ad7-1c8d-4ea1-a366-c00ae045a813/1; https://files-api.properstar.com/api/v2/files/2414692f-6478-4775-9fbc-0810d2284245/1; https://files-api.properstar.com/api/v2/files/34159464-3f55-4acb-af35-864ccc48f7c2/1; https://files-api.properstar.com/api/v2/files/fc0d970e-8797-428d-af9a-3011c6b5b5ae/1; https://files-api.properstar.com/api/v2/files/d8af9d5b-9ff4-489f-85f9-e4eec829a191/1
119607118," $37,000 MXN - House for Rent in Camino del Mar, El Tezal, Cabo San Lucas ",https://www.properstar.co.uk/listing/119607118,"GBP 1,603"," El Tezal ,  Baja California Sur ,  Los Cabos , Mexico",22.904167,-109.891667,,2,43.0557,House, rentasencabo.com ,2026-08-15T19:21:39.993,https://files-api.properstar.com/api/v2/files/8b256933-fe7a-4c52-a66d-d4a7d5228df0/1; https://files-api.properstar.com/api/v2/files/52536420-a732-485e-ba11-1e525f20b6a9/1; https://files-api.properstar.com/api/v2/files/187da8ef-f3f1-418c-b404-bf4435515102/1; https://files-api.properstar.com/api/v2/files/d8d16e84-28a9-4300-a5f5-98912e3e9ef1/1; https://files-api.properstar.com/api/v2/files/bb3ca0b5-df05-41ba-bcad-1c0593656d7a/1; https://files-api.properstar.com/api/v2/files/2dfb2d30-2821-47ad-aae8-2201f77b2dcd/1; https://files-api.properstar.com/api/v2/files/62049c0d-a1fc-4336-b254-ed679f70a8d7/1; https://files-api.properstar.com/api/v2/files/8a7532a1-3392-4627-a086-0d08ce0fc5d7/1; https://files-api.properstar.com/api/v2/files/65144374-1aab-4f2d-ab6f-39a9a9be20dd/1; https://files-api.properstar.com/api/v2/files/35d72861-dba4-4bf0-bfb0-ead89918a5aa/1; https://files-api.properstar.com/api/v2/files/9c377cf8-076d-43de-b711-ee8b21c492b6/1; https://files-api.properstar.com/api/v2/files/36c0ba68-f3b0-461e-824d-22dbe5baa216/1; https://files-api.properstar.com/api/v2/files/7deaf57a-2b91-48f1-879d-8f6e49853fd0/1; https://files-api.properstar.com/api/v2/files/86119d7e-e25c-4425-9ed4-c2135d5930e4/1; https://files-api.properstar.com/api/v2/files/b8ce6bbc-d096-4ebf-8e3d-a8b1b7adcb98/1; https://files-api.properstar.com/api/v2/files/0690b016-74c2-4d3e-87fa-96360a70e93f/1; https://files-api.properstar.com/api/v2/files/59c68965-0524-4504-bcf1-3451f3a95dc0/1; https://files-api.properstar.com/api/v2/files/865e5be6-3692-440f-b412-391757048d42/1; https://files-api.properstar.com/api/v2/files/3fc407e7-53e1-4669-828d-473c230a2eb3/1; https://files-api.properstar.com/api/v2/files/54b12c19-60b9-4c88-8e47-db0183f14a2d/1; https://files-api.properstar.com/api/v2/files/7cb637ca-978c-4cef-a6c0-2a509eed8c50/1; https://files-api.properstar.com/api/v2/files/2778e6b9-18ca-4296-a1e1-35412827f5ff/1; https://files-api.properstar.com/api/v2/files/29133052-9787-4c7a-9924-62d9c52f60e7/1; https://files-api.properstar.com/api/v2/files/a5c65ab8-fce5-4e76-a9df-16188200a30e/1; https://files-api.properstar.com/api/v2/files/e6809664-70e0-4b1b-a7ca-795651baf354/1; https://files-api.properstar.com/api/v2/files/32e492b5-d6eb-46a3-812e-8d5aa22fc996/1; https://files-api.properstar.com/api/v2/files/276f0403-3e69-4303-a05c-25959a0d9bcf/1
119607107," $7,500 USD - Penthouse for Rent in Solaria, El Tezal, Cabo San Lucas, Los Cabos ",https://www.properstar.co.uk/listing/119607107,"GBP 5,498"," El Tezal ,  Baja California Sur ,  Los Cabos , Mexico",22.904167,-109.891667,,6,43.0557,Apartment, rentasencabo.com ,2026-08-15T19:21:39.993,https://files-api.properstar.com/api/v2/files/4b785a97-b6c8-4e07-8397-4608e9e9db15/1; https://files-api.properstar.com/api/v2/files/b29de9da-218b-49bd-b05d-366ad71d1c55/1; https://files-api.properstar.com/api/v2/files/6000a198-9726-46c5-afc5-7a995772536e/1; https://files-api.properstar.com/api/v2/files/49b5ff20-2ce5-4782-82ee-081ca3d84751/1; https://files-api.properstar.com/api/v2/files/96d8c1ec-0b9a-4f82-a505-46d2c465f6dc/1; https://files-api.properstar.com/api/v2/files/fdc3a735-78f5-45d7-88e3-e19246f69754/1; https://files-api.properstar.com/api/v2/files/28bd6b12-16f5-4a16-bc1d-7e7c409d5bd5/1; https://files-api.properstar.com/api/v2/files/57dc6cf0-2dad-4756-b697-9d9bbece89b3/1; https://files-api.properstar.com/api/v2/files/e12cce34-a72c-485f-aa4e-28f3fff66b16/1; https://files-api.properstar.com/api/v2/files/651b4a4a-b275-4055-ab79-9f9d08ffdc1e/1; https://files-api.properstar.com/api/v2/files/ae745787-0f2c-4074-adc0-acd52eebb23a/1; https://files-api.properstar.com/api/v2/files/dd538ad3-b2dd-4371-ba9e-357eee6d42c8/1; https://files-api.properstar.com/api/v2/files/476f589b-62c3-4b08-8d21-0a30f8abc570/1; https://files-api.properstar.com/api/v2/files/7f2d8f39-c859-4e27-ad7e-67f0b6e1d1f2/1; https://files-api.properstar.com/api/v2/files/3cdce0f3-9dc0-446f-b610-72972ed62011/1; https://files-api.properstar.com/api/v2/files/715664b4-1202-47b4-a9b1-6d31dacbebd7/1; https://files-api.properstar.com/api/v2/files/58e1d6b4-be29-4c57-b254-25937e5e15d7/1; https://files-api.properstar.com/api/v2/files/4a385b4a-5f3d-47c7-9aea-0bab27d33f40/1; https://files-api.properstar.com/api/v2/files/2938a11b-e87f-4f03-838b-9ddfa83aaae1/1; https://files-api.properstar.com/api/v2/files/59e248f4-caae-447f-b6ba-e69fd0b7fab7/1; https://files-api.properstar.com/api/v2/files/c64c0002-707f-4485-803c-1e39ec44454c/1; https://files-api.properstar.com/api/v2/files/a9fe4ed9-e097-4115-ada8-642f841b64a2/1; https://files-api.properstar.com/api/v2/files/a1bd88db-d637-4a7f-8ba9-b5953b9159df/1; https://files-api.properstar.com/api/v2/files/3116ce8d-2d20-46fb-9dca-5198f51ee792/1; https://files-api.properstar.com/api/v2/files/b426e835-c86c-45de-89f8-422226cbf0d7/1; https://files-api.properstar.com/api/v2/files/297af1ab-358f-4591-a107-2968ffc606d9/1; https://files-api.properstar.com/api/v2/files/f98e7ef0-0906-4926-9080-6e0dc02666a7/1; https://files-api.properstar.com/api/v2/files/832e41f2-56d9-4369-9fbe-9e197307070c/1; https://files-api.properstar.com/api/v2/files/f9f93ec1-3f73-491f-82e4-5856ac0e60bd/1
119607098," $25,500 MXN - Condo for Rent in Tramonti Los Cabos, El Tezal, Cabo San Lucas, Los Cabos ",https://www.properstar.co.uk/listing/119607098,"GBP 1,105"," El Tezal ,  Baja California Sur ,  Los Cabos , Mexico",22.904167,-109.891667,,1,43.0557,Apartment, rentasencabo.com ,2026-08-15T19:21:39.993,https://files-api.properstar.com/api/v2/files/c8efbfc9-adbd-49f3-9959-f3a7d16ebef7/1; https://files-api.properstar.com/api/v2/files/c1655108-1fe5-49b8-a575-66f40aa6ff10/1; https://files-api.properstar.com/api/v2/files/ebd9caa9-fd67-4966-ae5c-350611c0e08e/1; https://files-api.properstar.com/api/v2/files/9673cc89-86f4-4ac7-b279-76ff04650084/1; https://files-api.properstar.com/api/v2/files/6d7e36a5-aa71-4f37-b32a-615f79b45b10/1; https://files-api.properstar.com/api/v2/files/0d6e480e-5a65-43c2-8a9f-2445386e2078/1; https://files-api.properstar.com/api/v2/files/233edd20-ec0d-41de-8772-687673777438/1; https://files-api.properstar.com/api/v2/files/51b01155-6371-4b87-bb96-f0dd6f69e00a/1; https://files-api.properstar.com/api/v2/files/f37ef689-d125-4fa4-a870-5b3316128fb0/1; https://files-api.properstar.com/api/v2/files/03e1c9ad-d543-42c3-ab24-e5caed1f01bf/1; https://files-api.properstar.com/api/v2/files/7f2fba6f-9414-4d0d-9822-b31004f5145c/1; https://files-api.properstar.com/api/v2/files/cb16da40-bc89-4ee2-b93b-b23b7b92891e/1; https://files-api.properstar.com/api/v2/files/3618a681-4cc5-4c77-8897-cb794a3bd0f5/1; https://files-api.properstar.com/api/v2/files/4ea5d5b7-191c-48a4-b9e6-55af072f0661/1; https://files-api.properstar.com/api/v2/files/78049615-c4f5-4d4c-ae04-c8a430298bb2/1; https://files-api.properstar.com/api/v2/files/87722aea-16f5-46a2-b846-d2efed916d70/1; https://files-api.properstar.com/api/v2/files/e50e7083-a434-4c6f-a054-c31a7d50a287/1; https://files-api.properstar.com/api/v2/files/5323538f-777e-45bd-b759-13961c7f2042/1; https://files-api.properstar.com/api/v2/files/528b724c-e27a-4b86-b6b3-cbedea7b0535/1
115670555,2 Bedroom Furnished Rental Apartment in Vistas del Tezal,https://www.properstar.co.uk/listing/115670555,"GBP 1,647","Sn, Cabo San Lucas, Mexico",22.923205,-109.87793,2,2,,Apartment,Century 21  Legendary Realty,2026-04-13T03:00:26.73,https://files-api.properstar.com/api/v2/files/5353e955-4055-4bb1-82fe-2294921e4136/1; https://files-api.properstar.com/api/v2/files/75fd6a69-3be0-4b00-bd27-57b6734c26e8/1; https://files-api.properstar.com/api/v2/files/0f3364ab-1a07-4c86-aa2f-8b56152f2a9f/1; https://files-api.properstar.com/api/v2/files/2c72f09c-3a2f-43c5-bbaa-1b1d07412a3c/1; https://files-api.properstar.com/api/v2/files/4c33ff7d-3986-4cbf-a7c1-eaa5f436b144/1; https://files-api.properstar.com/api/v2/files/9c615b03-70e0-4ac5-9199-a62ce3486620/1; https://files-api.properstar.com/api/v2/files/5dfa9e6c-4823-4246-aec7-2f84974a74ed/1; https://files-api.properstar.com/api/v2/files/934cec40-3351-4722-ac53-c7a380c03eac/1; https://files-api.properstar.com/api/v2/files/5cdce3ec-3307-4722-8bd6-5d7a2a0c071e/1; https://files-api.properstar.com/api/v2/files/3a79ff47-6a3e-4f4c-b23a-099739e88eff/1; https://files-api.properstar.com/api/v2/files/747b28a3-1040-4630-8072-995c1aba9235/1; https://files-api.properstar.com/api/v2/files/263ea1a4-1540-4e12-9491-033140ea35ee/1; https://files-api.properstar.com/api/v2/files/a54ce92e-25a7-471d-92e9-103e46825ac0/1; https://files-api.properstar.com/api/v2/files/d9b68074-a225-4293-b5c3-a34b6b6004cd/1; https://files-api.properstar.com/api/v2/files/498abde0-73fb-4a33-87d4-95f921e8a5db/1; https://files-api.properstar.com/api/v2/files/74f7d88f-cdba-435d-952e-02c26d4c5acf/1; https://files-api.properstar.com/api/v2/files/9a5070cb-b729-461a-ab5f-8f8174c99429/1; https://files-api.properstar.com/api/v2/files/00f519cd-f311-466e-9722-99fb27a31ea1/1; https://files-api.properstar.com/api/v2/files/0a8c6bb2-d18d-46c5-bed0-698356bfb824/1; https://files-api.properstar.com/api/v2/files/26b0e9ff-a4d5-4884-a894-f7f7b97e83a2/1; https://files-api.properstar.com/api/v2/files/970e1a5e-8252-4d63-a7b8-a01b5f5c8ccf/1
115670616,Furnished 2 Bedroom Apartment for Rent in Villas Tamar,https://www.properstar.co.uk/listing/115670616,"GBP 1,170","Sn, Cabo San Lucas, Mexico",22.923205,-109.87793,2,2,,Apartment,Century 21  Legendary Realty,2026-04-13T03:00:26.73,https://files-api.properstar.com/api/v2/files/fa757262-3a8b-4ff2-8ddd-0d25806ef74b/1; https://files-api.properstar.com/api/v2/files/93cf89e1-55ea-4040-8151-48758248dea7/1; https://files-api.properstar.com/api/v2/files/23930a13-1ecf-4509-988d-c24d8a0a800f/1; https://files-api.properstar.com/api/v2/files/e0ed8cb5-d7e4-435d-9b2e-14bc5397bf1a/1; https://files-api.properstar.com/api/v2/files/73124068-a0d0-4af5-90d8-b72cc101400a/1; https://files-api.properstar.com/api/v2/files/46dbaac5-aea0-456a-a2e7-f823ef44ec56/1; https://files-api.properstar.com/api/v2/files/4303d14e-4736-4440-9eda-e09e440c6cc7/1; https://files-api.properstar.com/api/v2/files/1414cd71-fe7c-4f54-8d0c-97d741d0b885/1; https://files-api.properstar.com/api/v2/files/a3902d93-9b27-4212-b809-787ae139f0db/1; https://files-api.properstar.com/api/v2/files/92318bfe-4a09-47dd-bee6-160c6eaadb47/1; https://files-api.properstar.com/api/v2/files/02fe41a3-ba42-4071-b0bf-bea4b093a8b1/1; https://files-api.properstar.com/api/v2/files/7827475f-aa37-4d9f-9d7c-a7d41d983b40/1; https://files-api.properstar.com/api/v2/files/106c8add-2783-41bc-928c-9256452d0713/1; https://files-api.properstar.com/api/v2/files/998fd3e6-f3db-445e-a203-a3405925b05c/1
116331223,MARINA HOUSE,https://www.properstar.co.uk/listing/116331223,"GBP 1,300","Marlin, San Jose Del Cabo, Mexico",23.061864,-109.670076,2,1,,House,CABO REAL ESTATE ADVISOR,2026-05-05T03:03:23.437,https://files-api.properstar.com/api/v2/files/56579e76-8c32-428d-b28d-4f545014e36e/1; https://files-api.properstar.com/api/v2/files/f003ebef-d70f-475a-b66c-883ee6a57628/1; https://files-api.properstar.com/api/v2/files/aec3471f-e643-4cae-8f51-a43cca6d16aa/1; https://files-api.properstar.com/api/v2/files/0c29c51f-80ab-4b6e-85b0-eec754614fdf/1; https://files-api.properstar.com/api/v2/files/f63dbe51-89fc-4e7d-9b79-d760bc4d1004/1; https://files-api.properstar.com/api/v2/files/1f77ae27-24aa-4d7d-a03f-853e6787539d/1; https://files-api.properstar.com/api/v2/files/4aafd7af-ce84-4dc4-8424-4c4dc9287813/1; https://files-api.properstar.com/api/v2/files/ae707b8d-7a46-41ae-8366-456898729852/1; https://files-api.properstar.com/api/v2/files/ab0810e1-8045-4495-bfa1-0dc6cdf18c45/1; https://files-api.properstar.com/api/v2/files/3c81ca24-e364-4157-927f-77ebd3ff2da4/1; https://files-api.properstar.com/api/v2/files/6c7f2e7e-d5a4-4096-aeb2-6654d33f868c/1; https://files-api.properstar.com/api/v2/files/cff6d01e-6ae4-419e-9007-c3f80f99d771/1; https://files-api.properstar.com/api/v2/files/f62b109a-a7a8-402c-90d9-0a59c4b07b58/1; https://files-api.properstar.com/api/v2/files/455c7d96-72a9-4ade-bfe6-c4226ea61f41/1; https://files-api.properstar.com/api/v2/files/4c6afb24-3744-4e6c-a549-005670a43e04/1; https://files-api.properstar.com/api/v2/files/245ebe05-2c33-42d7-8815-226e73c886d4/1
119425006,"Furnished 2 Bedroom Apartment for Rent in Terranova, Cabo San Lucas",https://www.properstar.co.uk/listing/119425006,GBP 845,"terranova, Cabo San Lucas, Mexico",22.894813,-109.915215,2,2,,Apartment,Century 21  Legendary Realty,2026-08-08T05:39:15.85,https://files-api.properstar.com/api/v2/files/49c8965c-7528-474d-a600-6cabab4bc1c5/1; https://files-api.properstar.com/api/v2/files/3f2dd268-b040-4e6f-b830-d61e9f6ba7da/1; https://files-api.properstar.com/api/v2/files/d2aed2e1-e38d-4c2b-8403-887a1c24d125/1; https://files-api.properstar.com/api/v2/files/7f550955-d6db-459e-a723-b09ad3721713/1; https://files-api.properstar.com/api/v2/files/91fb9fdc-a465-4937-986c-f2966e1a6c75/1; https://files-api.properstar.com/api/v2/files/cb98b101-3224-442b-9617-90bed5b414ee/1; https://files-api.properstar.com/api/v2/files/8df95784-7eb4-4b2c-a75e-b5caaf60a57a/1; https://files-api.properstar.com/api/v2/files/88665d81-1a67-4161-a853-cc1687435a59/1; https://files-api.properstar.com/api/v2/files/fa9e806a-11f0-47b5-8472-8037c3a199bd/1; https://files-api.properstar.com/api/v2/files/128bcf74-e83f-4deb-9541-a2a5decede5c/1
119425100,"APARTMENT FOR RENT – VILLAS EL DESCANSO III, CERRO DE LA Z",https://www.properstar.co.uk/listing/119425100,"GBP 1,083","LOMAS DEL CABO MZA K, Cabo San Lucas, Mexico",22.887919,-109.915448,3,2,,Apartment,Cabo Property Services,2026-08-08T05:39:15.85,https://files-api.properstar.com/api/v2/files/8fc08b19-c6b2-4052-8446-7901565aa18a/1; https://files-api.properstar.com/api/v2/files/072b686a-d2dd-4674-89df-48676e2a71a7/1; https://files-api.properstar.com/api/v2/files/d44a95e8-8bfd-49f5-af42-f738525d232c/1; https://files-api.properstar.com/api/v2/files/30dbfa72-86e2-43e7-9ff7-3fb6a4963b11/1; https://files-api.properstar.com/api/v2/files/18493e89-d0c0-496a-b826-cd3b37b3178b/1; https://files-api.properstar.com/api/v2/files/831c52a6-b069-43ca-9f30-1144b777a5b7/1; https://files-api.properstar.com/api/v2/files/7a7ff5ec-01c4-44af-bc14-4594f8eafc83/1; https://files-api.properstar.com/api/v2/files/5babe8ac-ff32-435f-bfa8-e64dae4d3304/1; https://files-api.properstar.com/api/v2/files/db73afd5-6ba5-4dc2-8b64-839048ef068d/1; https://files-api.properstar.com/api/v2/files/a21b1af1-dd0a-4dc1-9f11-29de66959103/1; https://files-api.properstar.com/api/v2/files/df9ae652-3ae9-482f-acd7-3312ea22face/1; https://files-api.properstar.com/api/v2/files/24f01f64-01d3-4c0b-b7e6-60c0671d2f04/1; https://files-api.properstar.com/api/v2/files/e9f5a32f-dbb5-41cd-97e6-b5beabe42531/1; https://files-api.properstar.com/api/v2/files/88761cc8-cf9a-4773-bd31-b8174ecb1f36/1; https://files-api.properstar.com/api/v2/files/88dfc167-555e-4564-8f13-116e8c3445de/1; https://files-api.properstar.com/api/v2/files/49061cbe-4a24-4878-a06a-f7fc842e2f28/1; https://files-api.properstar.com/api/v2/files/404b8576-e41e-4822-8a09-c9cbde95bf65/1; https://files-api.properstar.com/api/v2/files/b69abf41-f913-42b1-9ec8-2a8e4132e475/1; https://files-api.properstar.com/api/v2/files/327be632-e836-488c-b0f4-cdf1b19e22e0/1; https://files-api.properstar.com/api/v2/files/943223b7-1df5-4398-8411-547f62b8021b/1; https://files-api.properstar.com/api/v2/files/84838ec4-7b35-4ea0-b47d-546f9e67a59c/1; https://files-api.properstar.com/api/v2/files/273e274e-51d1-4f4f-a79f-7f6fe9c008cb/1; https://files-api.properstar.com/api/v2/files/25c53b9d-60e3-4b57-8bdc-19ffef2db5b1/1; https://files-api.properstar.com/api/v2/files/1d0f10f3-af6e-48d6-a006-30c47c6a4d45/1; https://files-api.properstar.com/api/v2/files/12db88e9-26b9-4788-bf07-ae84e43f6650/1; https://files-api.properstar.com/api/v2/files/e64df74e-1c4b-4800-b5d0-297e698eb55c/1; https://files-api.properstar.com/api/v2/files/9c24df5a-7abc-47d6-8c87-e75d8efd1d10/1; https://files-api.properstar.com/api/v2/files/28847fcf-5d5a-4bae-9dae-962aa4d96b6e/1; https://files-api.properstar.com/api/v2/files/8d5da109-845d-4dd6-8459-0b61b0c1937f/1; https://files-api.properstar.com/api/v2/files/11cae892-4f5c-4a77-8ac9-ee65058964a5/1; https://files-api.properstar.com/api/v2/files/044f7620-24ee-4b98-8d5d-e5e3829ffd64/1
119425065,Views of the Tezal | Cabo San Lucas,https://www.properstar.co.uk/listing/119425065,"GBP 1,647","sn, Cabo San Lucas, Mexico",22.923205,-109.87793,2,2,,Apartment,Century 21  Legendary Realty,2026-08-08T05:39:15.85,https://files-api.properstar.com/api/v2/files/8934e953-da08-4577-90bc-2b8b9993357a/1; https://files-api.properstar.com/api/v2/files/42664887-5243-4a0b-a4a2-83b8d6b05df7/1; https://files-api.properstar.com/api/v2/files/7e4a46a4-6871-4184-abfe-c0028b31b3b6/1
119425128,Apartment for Rent in Vistas del Tezal | Cabo San Lucas,https://www.properstar.co.uk/listing/119425128,"GBP 1,647","sn, Cabo San Lucas, Mexico",22.923205,-109.87793,2,2,,Apartment,Century 21  Legendary Realty,2026-08-08T05:39:15.85,https://files-api.properstar.com/api/v2/files/c3ef4a6b-f227-421e-8c98-29615b7928ef/1; https://files-api.properstar.com/api/v2/files/2dba03e0-658a-4d73-ac51-eb2e0d2e6097/1; https://files-api.properstar.com/api/v2/files/f55173c1-d8ae-4815-bdd5-8777bfc582cf/1; https://files-api.properstar.com/api/v2/files/e922898e-fccf-4ed2-964c-284a83a6e69f/1; https://files-api.properstar.com/api/v2/files/9198a1b5-e8c2-4711-bef4-55c468f5b525/1; https://files-api.properstar.com/api/v2/files/49ad09c8-1672-4f23-8073-0854d381abbe/1; https://files-api.properstar.com/api/v2/files/970b2881-3ad8-4f54-b681-05732cce2b2f/1; https://files-api.properstar.com/api/v2/files/ad21f0ac-8634-44f2-87b1-bb9b7d69628c/1; https://files-api.properstar.com/api/v2/files/9404476d-6e88-4ddc-b498-b0102561e7e5/1
119386549," Furnished Apartment for Rent in La Isla, Cabo San Lucas, Los Cabos ",https://www.properstar.co.uk/listing/119386549,GBP 953," Cabo San Lucas Centro ,  Baja California Sur ,  Los Cabos , Mexico",22.882606,-109.912471,,2,43.0557,Apartment, rentasencabo.com ,2026-08-06T19:11:31.48,https://files-api.properstar.com/api/v2/files/66a3d0c0-3d91-4541-8c44-874bbfd862f6/1; https://files-api.properstar.com/api/v2/files/d2b11a0f-a355-4149-adee-a5b0dbc9ca8b/1; https://files-api.properstar.com/api/v2/files/368578fa-f219-4294-a1fa-28424f841754/1; https://files-api.properstar.com/api/v2/files/2a00047e-f5dd-4298-aae9-a59f333dcf17/1; https://files-api.properstar.com/api/v2/files/3d9a5657-2ae8-492d-b119-85adb457dfae/1; https://files-api.properstar.com/api/v2/files/7053943f-0520-4119-97e6-0f9f42233d6b/1; https://files-api.properstar.com/api/v2/files/9d8398a4-d07c-46a3-9ba2-885fd70a4f9c/1; https://files-api.properstar.com/api/v2/files/24f0b6aa-ccbf-4735-baec-d0ba039b3ff9/1; https://files-api.properstar.com/api/v2/files/07b8113e-18e0-4939-b5fe-137dda08accb/1; https://files-api.properstar.com/api/v2/files/74fe5b37-0181-43ec-9c46-03f4c0d21db0/1; https://files-api.properstar.com/api/v2/files/6f8aca7a-e6dc-422c-abc6-3cc3e72640ed/1; https://files-api.properstar.com/api/v2/files/25042c81-b9c3-4b2d-875f-38ca2487a537/1
119425129,Sail View | Cabo San Lucas,https://www.properstar.co.uk/listing/119425129,"GBP 1,950","sn, Cabo San Lucas, Mexico",22.923205,-109.87793,3,3,,Apartment,Century 21  Legendary Realty,2026-08-08T05:39:15.85,https://files-api.properstar.com/api/v2/files/84a22d23-7b0b-46f9-bf21-1ba6894d3f69/1; https://files-api.properstar.com/api/v2/files/93197250-bd69-496e-925b-d22f42599b40/1; https://files-api.properstar.com/api/v2/files/f62d3f9e-5ca9-4c88-a315-dbfc3c105ad2/1; https://files-api.properstar.com/api/v2/files/b6ce9ed7-bd44-4dc7-bef6-6fa145464194/1; https://files-api.properstar.com/api/v2/files/6fbabc48-0ac6-4738-a01a-8fe10a857f6b/1; https://files-api.properstar.com/api/v2/files/e1947c25-546b-4c16-b69b-d6cc2edce134/1; https://files-api.properstar.com/api/v2/files/bacbd710-9815-4b55-81c9-9b8a39b8c7c9/1; https://files-api.properstar.com/api/v2/files/d2d371af-69c2-4f47-8722-12f918363442/1; https://files-api.properstar.com/api/v2/files/5d0fef7c-bd8e-408e-bd85-e6a8e9cc388f/1; https://files-api.properstar.com/api/v2/files/a4e2a642-7a23-448a-adf1-6e25c450b255/1; https://files-api.properstar.com/api/v2/files/24b6d0f9-9de0-464b-8217-5782d1898a0f/1; https://files-api.properstar.com/api/v2/files/c8cca21c-60b0-42b7-be16-936abd2c5351/1
119083677," $46,000 MXN - House for Rent in Ventanas Fase 2, Cabo San Lucas, Los Cabos ",https://www.properstar.co.uk/listing/119083677,"GBP 1,993","El Tezal, Baja California Sur ,  Los Cabos, Mexico",22.904167,-109.891667,,3,43.0557,House, rentasencabo.com ,2026-07-28T19:35:20.28,https://files-api.properstar.com/api/v2/files/48e03ab7-d7ea-43f7-b5c2-e49fe4940660/1; https://files-api.properstar.com/api/v2/files/b5ad3486-cb2d-47b6-98a7-00ef7f0c5cab/1; https://files-api.properstar.com/api/v2/files/a06dfb1b-c41b-4eb8-bb46-2337685989f1/1; https://files-api.properstar.com/api/v2/files/2c3c9eb8-9563-4972-bbf4-f3166cd76616/1; https://files-api.properstar.com/api/v2/files/9f26712a-4451-4abe-83bc-1de72865755a/1; https://files-api.properstar.com/api/v2/files/253288c3-2f4c-4677-b772-b683a8f0cd4e/1; https://files-api.properstar.com/api/v2/files/77d02353-0ff2-4a73-9fa2-bb20902843d6/1; https://files-api.properstar.com/api/v2/files/f93a98b4-f756-4b45-95b1-cfe3ca72d6d7/1; https://files-api.properstar.com/api/v2/files/e6029a65-b0af-4feb-b8c4-7cd825ad331b/1; https://files-api.properstar.com/api/v2/files/4d70cb68-80a7-4d86-94e2-a462e88303db/1; https://files-api.properstar.com/api/v2/files/ae4b36a7-4bcf-4c89-91ce-2724e416dea6/1; https://files-api.properstar.com/api/v2/files/4f49adac-d2a6-4758-ab30-3ecbc82ada8f/1; https://files-api.properstar.com/api/v2/files/f9b398e4-2645-4aca-94b2-d16e17ea1bc1/1; https://files-api.properstar.com/api/v2/files/f51e3b17-01c3-46e6-b01c-df5699fe2bfd/1; https://files-api.properstar.com/api/v2/files/0b0ffcc8-46dd-492d-a22c-311e241baa52/1; https://files-api.properstar.com/api/v2/files/46ebeaae-6576-4c15-9005-c56967f849e2/1
119223588,"Apartment for rent in Lomas de Rosarito, Los Cabos, Baja California Sur",https://www.properstar.co.uk/listing/119223588,"GBP 1,257","Buena Vista Lte 02 Esq. Playa Punta Arenas Rosarito San José del Cabo BCS, Lote 2, Lomas de Rosarito, Los Cabos, Mexico",23.073749,-109.709815,2,2,1076.39148,Apartment,CRISANNA REALTOR,2026-07-31T06:59:01.273,https://files-api.properstar.com/api/v2/files/f955070d-e612-4d43-90de-b2eb3e5d623f/1; https://files-api.properstar.com/api/v2/files/df756527-ec64-40d6-b425-74a986966d75/1; https://files-api.properstar.com/api/v2/files/2f2fca01-ff59-4663-9f4a-8ee12160febe/1; https://files-api.properstar.com/api/v2/files/fd4bf9ae-4ae2-473b-9489-194eb14ad609/1; https://files-api.properstar.com/api/v2/files/788abc06-0fdd-4d57-880d-4e029280fd61/1; https://files-api.properstar.com/api/v2/files/6867180b-9aa8-429d-84ff-44f3123a38b2/1; https://files-api.properstar.com/api/v2/files/a564dc39-b7a0-49e7-b0d2-8ff375688ece/1; https://files-api.properstar.com/api/v2/files/4c969d1b-a372-4703-9a49-df7d0b3de18c/1; https://files-api.properstar.com/api/v2/files/5d1c759c-9695-416b-a5c0-f78738402a66/1; https://files-api.properstar.com/api/v2/files/95d5d38d-655f-424a-8902-935919117804/1; https://files-api.properstar.com/api/v2/files/73493697-9e75-488b-8ffe-f1965d8deb1f/1; https://files-api.properstar.com/api/v2/files/ae27cd41-a5e5-4ade-bc55-a9b63e7ad5f1/1; https://files-api.properstar.com/api/v2/files/19a57f66-62b9-4a88-bcca-4d692a2ad5a5/1
119083652," $43,000 MXN - House for Rent in Cabo del Mar, El Tezal, Cabo San Lucas, Los Cabos ",https://www.properstar.co.uk/listing/119083652,"GBP 1,863"," El Tezal ,  Baja California Sur ,  Los Cabos , Mexico",22.904167,-109.891667,,3,43.0557,House, rentasencabo.com ,2026-07-28T19:35:20.28,https://files-api.properstar.com/api/v2/files/2ea27595-cea4-4e62-95ad-c624a463aa7f/1; https://files-api.properstar.com/api/v2/files/03c47916-4eae-4954-8958-2642a7edd621/1; https://files-api.properstar.com/api/v2/files/c0b565b6-fccd-4c1a-9f3e-32755e5f378e/1; https://files-api.properstar.com/api/v2/files/ce586f12-2143-42b2-a89c-35cfd74cb0b6/1; https://files-api.properstar.com/api/v2/files/d49e4b5d-18a5-4760-b3b7-10dc2774ebe2/1; https://files-api.properstar.com/api/v2/files/ce1b2ebf-0154-4ca0-a76b-674468675475/1; https://files-api.properstar.com/api/v2/files/f1a94b32-ba2c-4e0f-abb1-2f0b97a81cd5/1; https://files-api.properstar.com/api/v2/files/6770f8d5-2ceb-4e36-b4a8-ec078723d2dc/1; https://files-api.properstar.com/api/v2/files/ada7b627-b448-4e5c-9604-7ee1c27f5bc8/1; https://files-api.properstar.com/api/v2/files/2382e29a-784c-4876-9410-e16575b01e09/1; https://files-api.properstar.com/api/v2/files/b8b4b405-0ca7-45fa-9cfd-a18d51f936a0/1; https://files-api.properstar.com/api/v2/files/4ffa5312-ef8d-488a-a613-c5cd2e135da5/1; https://files-api.properstar.com/api/v2/files/257e0c46-c408-4072-98b8-ba6326858f21/1; https://files-api.properstar.com/api/v2/files/4c8a5379-9975-444a-8ceb-b4e9f5ed0529/1
119083678," $30,000 MXN - House for Rent in Privada Quintas California, Cabo San Lucas, Los Cabos ",https://www.properstar.co.uk/listing/119083678,"GBP 1,300"," 4 de Marzo ,  Baja California Sur ,  Los Cabos , Mexico",22.892302,-109.931078,,2,43.0557,House, rentasencabo.com ,2026-07-28T19:35:20.28,https://files-api.properstar.com/api/v2/files/0893e49d-7b35-4c42-9d92-558b36b70016/1; https://files-api.properstar.com/api/v2/files/a954493b-eb27-49ae-aa11-7f937a2206b9/1; https://files-api.properstar.com/api/v2/files/51a4f322-8e64-4b9e-becf-8e181af6d924/1; https://files-api.properstar.com/api/v2/files/6f376690-f67c-40e3-aba7-7c1c03279dc3/1; https://files-api.properstar.com/api/v2/files/21b07f59-7d99-4223-aab1-76cbec60d415/1; https://files-api.properstar.com/api/v2/files/a8149546-a1e7-445d-a6e8-1f892f82424c/1; https://files-api.properstar.com/api/v2/files/dc07feec-25bd-49b0-bb2f-70f4fe805099/1; https://files-api.properstar.com/api/v2/files/950536d7-f13f-4f4c-8c9e-4d25ecf94200/1; https://files-api.properstar.com/api/v2/files/84a20915-17f2-461a-b025-6054cae915d8/1; https://files-api.properstar.com/api/v2/files/740e158b-7eb8-4b1b-93be-798e99404f38/1; https://files-api.properstar.com/api/v2/files/c1b02d62-77bb-4b5c-ae48-716c6a98160b/1; https://files-api.properstar.com/api/v2/files/ded26013-735f-4341-9ced-b2ff3bdbd343/1
119223589,"Apartment for rent in Lomas de Rosarito, Los Cabos, Baja California Sur",https://www.properstar.co.uk/listing/119223589,"GBP 1,040","Buena Vista LT2 Esq Playa Punta Arenas Rosarito San José del Cabo, Lt2, Lomas de Rosarito, Los Cabos, Mexico",23.073749,-109.709815,1,1,753.474,Apartment,CRISANNA REALTOR,2026-07-31T06:59:01.273,https://files-api.properstar.com/api/v2/files/fd6f540a-2a88-4046-a76b-a3fba3a94981/1; https://files-api.properstar.com/api/v2/files/b0c5a917-7652-488b-91a8-2f4ccad0924b/1; https://files-api.properstar.com/api/v2/files/434d4b1b-c758-41b9-abaf-45ffdfe7cc18/1; https://files-api.properstar.com/api/v2/files/cf10afac-18fa-452a-b50e-4a7b852b3c93/1; https://files-api.properstar.com/api/v2/files/7d607e13-958a-43af-9f89-efc537478432/1; https://files-api.properstar.com/api/v2/files/5a862ac0-2b8f-434e-98f8-c05a94c60b24/1; https://files-api.properstar.com/api/v2/files/148be0cd-8884-49eb-a722-a7a8d26e23a3/1; https://files-api.properstar.com/api/v2/files/74be2603-385e-4f16-b8d7-48cefefdf95a/1; https://files-api.properstar.com/api/v2/files/474c2885-b9a4-4ab3-a26c-2069acf7f081/1; https://files-api.properstar.com/api/v2/files/b5f5996c-27cf-4222-b794-1a950cf77f90/1; https://files-api.properstar.com/api/v2/files/6a0bd9ef-c5f2-45b3-a93a-cc8d3bf13333/1; https://files-api.properstar.com/api/v2/files/b04864a7-6149-46aa-84c1-5c86426e0c9f/1; https://files-api.properstar.com/api/v2/files/4f423988-9c1a-4fa9-9d1f-7287a0c21ecf/1
119159936," $45,000 MXN - New Apartment for Rent in Solara del Mar, El Tezal, Cabo San Lucas, Los Cabos ",https://www.properstar.co.uk/listing/119159936,"GBP 1,950"," El Tezal ,  Baja California Sur ,  Los Cabos , Mexico",22.904167,-109.891667,,2,43.0557,Apartment, rentasencabo.com ,2026-07-29T08:31:35.48,https://files-api.properstar.com/api/v2/files/d1fc318b-5b08-4897-8e69-c76385337b2a/1; https://files-api.properstar.com/api/v2/files/583a7ad3-d4e2-4f46-be09-d61c391b2cb7/1; https://files-api.properstar.com/api/v2/files/eff322dd-8da9-4cf2-aa30-d048225b1083/1; https://files-api.properstar.com/api/v2/files/5a4518bd-3624-496e-ba09-4bb25eba298b/1; https://files-api.properstar.com/api/v2/files/bf31db5e-4be5-4585-b14c-7c838cddc3d2/1; https://files-api.properstar.com/api/v2/files/d013be53-fd12-4c9b-bc21-ca9b9ed79f35/1; https://files-api.properstar.com/api/v2/files/7364605b-df00-489b-9900-be2c0bce8d34/1; https://files-api.properstar.com/api/v2/files/4352771f-e97e-4961-8b89-8a08c35499a1/1; https://files-api.properstar.com/api/v2/files/6b15c6f8-6eca-4b76-8262-08e5aedeb57c/1; https://files-api.properstar.com/api/v2/files/0234ca0d-6569-45dd-884d-6e26c6f923bc/1; https://files-api.properstar.com/api/v2/files/f14f6df4-f408-4bd8-b6db-cfd0731ad109/1; https://files-api.properstar.com/api/v2/files/283ceac4-f5a6-4543-984a-871b92413f89/1; https://files-api.properstar.com/api/v2/files/05e3a206-8c21-4088-adc0-e360ebec54a9/1; https://files-api.properstar.com/api/v2/files/ddb4178c-be62-4ab5-9cf1-0edde0e90aa3/1; https://files-api.properstar.com/api/v2/files/adfee9d1-7ac8-445d-b407-ed3e7e95008a/1; https://files-api.properstar.com/api/v2/files/2c8c523e-a265-4a63-9f8f-6f2e42ac5a3f/1; https://files-api.properstar.com/api/v2/files/3c15e3c4-fdd8-41c5-8b2b-91ba25f4aa5f/1; https://files-api.properstar.com/api/v2/files/1bac41eb-8f04-47d4-b96b-534ae0a09577/1; https://files-api.properstar.com/api/v2/files/8163bf99-a531-413a-bf64-3417d472dc89/1; https://files-api.properstar.com/api/v2/files/764a0e85-3c35-449e-a2aa-69b008b8b119/1; https://files-api.properstar.com/api/v2/files/495d0360-675c-41ec-a2fc-7936c460db39/1; https://files-api.properstar.com/api/v2/files/feab7fad-7c9f-42fc-ada0-d7a409c65dbc/1; https://files-api.properstar.com/api/v2/files/175a0470-cadd-4a8b-837f-afa6e638e3b4/1; https://files-api.properstar.com/api/v2/files/564bf76e-744f-4433-a639-19a91626c9e9/1
119211926," $55,000 MXN - Apartment for Rent in Vista Vela Sunset, El Tezal, Cabo San Lucas, Los Cabos ",https://www.properstar.co.uk/listing/119211926,"GBP 2,383"," El Tezal ,  Baja California Sur ,  Los Cabos , Mexico",22.904167,-109.891667,,3,2152.783,Apartment, rentasencabo.com ,2026-07-30T19:15:43.753,https://files-api.properstar.com/api/v2/files/0d02f1ac-0cbd-4cbb-9841-a18f2f49d7f4/1; https://files-api.properstar.com/api/v2/files/0f1c5fe1-415b-4945-9500-63eaade6502d/1; https://files-api.properstar.com/api/v2/files/96454048-7f2a-42eb-b3a1-09017b41a44f/1; https://files-api.properstar.com/api/v2/files/7d4b0912-cefc-4149-be35-b3d4a31aefc0/1; https://files-api.properstar.com/api/v2/files/729994bf-0614-4749-aad9-2f5bc79c8585/1; https://files-api.properstar.com/api/v2/files/920bbfd3-7f8a-42c5-8c38-4541dc6b1bef/1; https://files-api.properstar.com/api/v2/files/b8a5a357-f013-4ef9-9d17-e9c17f2335eb/1; https://files-api.properstar.com/api/v2/files/f0c47754-6bda-40e3-98e2-d3daa1ce68a8/1; https://files-api.properstar.com/api/v2/files/2be7e3a2-f777-4a90-9b7c-77aec28f68aa/1; https://files-api.properstar.com/api/v2/files/0ce79058-da9b-4aed-a094-621b20c2d942/1; https://files-api.properstar.com/api/v2/files/7de708fb-6f62-4e0a-8813-070a6a136f3f/1; https://files-api.properstar.com/api/v2/files/4ae4d3bb-d785-4068-9ae3-8de68f1ee7c5/1; https://files-api.properstar.com/api/v2/files/f400d65d-f9cf-4037-92f7-ae95d44dfab4/1; https://files-api.properstar.com/api/v2/files/7d4dbc0a-1d00-4168-8932-6fc4e0836a4d/1; https://files-api.properstar.com/api/v2/files/2f590370-c014-4fee-b352-9659bd7e2eec/1; https://files-api.properstar.com/api/v2/files/5818720e-8b4b-45a7-a5cd-e27908bbd4f1/1; https://files-api.properstar.com/api/v2/files/892ca03f-fac5-4c2c-b6d0-de4086596ffe/1; https://files-api.properstar.com/api/v2/files/463e14a6-8074-4ecb-90af-59b71988cb2e/1; https://files-api.properstar.com/api/v2/files/6d1e0458-3ba5-43f8-b12a-987cfe72963e/1; https://files-api.properstar.com/api/v2/files/7c01db4e-8dc4-4441-9546-0a23769e3db2/1; https://files-api.properstar.com/api/v2/files/d5730b76-f13a-4bfd-9c8c-1fedc8676c4a/1; https://files-api.properstar.com/api/v2/files/ccb02d20-2416-4620-acfd-1e4c3ef6dbaa/1; https://files-api.properstar.com/api/v2/files/220e95c6-ffa8-4559-b123-9bf52a1577e7/1; https://files-api.properstar.com/api/v2/files/1c7a1a83-d848-44bb-b747-411363674685/1; https://files-api.properstar.com/api/v2/files/a48cc2d5-aff0-4433-bf7f-8de73fd6b692/1; https://files-api.properstar.com/api/v2/files/ab8af341-5d5d-4ed7-b751-a8310966d20d/1; https://files-api.properstar.com/api/v2/files/0cbc59c3-267f-449c-85f2-8bc3ee0a1d0f/1; https://files-api.properstar.com/api/v2/files/42a3b40f-0959-41c0-88e4-6ba5d783198c/1; https://files-api.properstar.com/api/v2/files/1485d5db-81a5-48da-aef6-8a5a77dd0f47/1; https://files-api.properstar.com/api/v2/files/9c213fbe-c6a4-43ef-a959-75c9912491b9/1
119159937," $35,000 MXN - Apartment for Rent in Mavila, Quivira Los Cabos, Cabo San Lucas, Los Cabos ",https://www.properstar.co.uk/listing/119159937,"GBP 1,517"," Jacarandas ,  Baja California Sur ,  Los Cabos , Mexico",22.894813,-109.915215,,2,43.0557,Apartment, rentasencabo.com ,2026-07-29T08:31:35.48,https://files-api.properstar.com/api/v2/files/bc461830-2eb7-4a71-ad9d-921a81cab8c3/1; https://files-api.properstar.com/api/v2/files/3d3a1b77-d2fb-4d08-96f4-8f299d4433f9/1; https://files-api.properstar.com/api/v2/files/80f9989e-d7fd-4c2e-af09-593b0c56be26/1; https://files-api.properstar.com/api/v2/files/86fe337b-d063-4424-81eb-bcd78b30ab3c/1; https://files-api.properstar.com/api/v2/files/77a38514-e47e-45a4-95ec-ce8b87afb171/1; https://files-api.properstar.com/api/v2/files/6f1eaa82-4b2d-4a03-9ba3-2f5d14131ee9/1; https://files-api.properstar.com/api/v2/files/a8d7cf9f-9b15-43b5-a29f-6ce219a10cda/1; https://files-api.properstar.com/api/v2/files/b723a600-0457-44d7-8f7c-cf728c552cd3/1; https://files-api.properstar.com/api/v2/files/b084b180-899c-4204-ba16-bfb3bd7737f4/1; https://files-api.properstar.com/api/v2/files/fead36c0-d490-416c-b881-1f5a173cf586/1; https://files-api.properstar.com/api/v2/files/e20b1287-386b-49d6-aa20-365829ceb35f/1; https://files-api.properstar.com/api/v2/files/964bc126-a232-49cb-9f0d-d3f9ac04dbd3/1; https://files-api.properstar.com/api/v2/files/d5a194ac-5c46-476a-836b-67c936ffe7d1/1; https://files-api.properstar.com/api/v2/files/41ea5d64-7acf-4410-942b-07441007db0e/1
119083717," $33,000 MXN - Apartment for Rent in 4 Vientos, El Tezal, Cabo San Lucas, Los Cabos ",https://www.properstar.co.uk/listing/119083717,"GBP 1,430"," El Tezal ,  Baja California Sur ,  Los Cabos , Mexico",22.904167,-109.891667,,2,43.0557,Apartment, rentasencabo.com ,2026-07-28T19:35:20.28,https://files-api.properstar.com/api/v2/files/cdbdbe74-c8bf-4736-a567-f1876c2e5274/1; https://files-api.properstar.com/api/v2/files/acadb0d4-1f7a-4baa-bf5d-e29bc97f1ea2/1; https://files-api.properstar.com/api/v2/files/bce538ba-9010-4492-b9a1-31b44d3d050a/1; https://files-api.properstar.com/api/v2/files/da98e870-d3d3-4b6c-92e5-036f7b145775/1; https://files-api.properstar.com/api/v2/files/185f48e5-fb92-4b84-b75c-fd15171f0433/1; https://files-api.properstar.com/api/v2/files/76085a8b-a0ba-465a-9e8e-7b042da12d8a/1; https://files-api.properstar.com/api/v2/files/b4ba4831-d562-45c4-a485-4d221c4f76fd/1; https://files-api.properstar.com/api/v2/files/824c5470-cbc9-48a8-a3a5-1a539cf2a796/1; https://files-api.properstar.com/api/v2/files/25b3429d-a45e-4092-b194-e97bb5eb9da1/1; https://files-api.properstar.com/api/v2/files/f2082ffd-8101-4ff2-b6f9-cb481feeed27/1; https://files-api.properstar.com/api/v2/files/2a8b1ac4-3ac6-4ea2-95ca-e1ddd6b142cc/1; https://files-api.properstar.com/api/v2/files/79d35c2d-0297-4cab-bef1-5f9b2c7a0a75/1; https://files-api.properstar.com/api/v2/files/11088e97-55ca-4970-9351-64d965f92d0a/1; https://files-api.properstar.com/api/v2/files/acc76119-0eb9-499e-8a61-7aa9d787f002/1; https://files-api.properstar.com/api/v2/files/41fd946e-c761-4f86-9a69-89b20d7e4517/1; https://files-api.properstar.com/api/v2/files/b354811f-c654-4850-a654-f570ac916deb/1; https://files-api.properstar.com/api/v2/files/4c88838b-0cb2-4b42-a425-ee46ec8b7b6a/1; https://files-api.properstar.com/api/v2/files/ea325248-459b-4fa6-a108-a91570bf1aaf/1; https://files-api.properstar.com/api/v2/files/18d2f918-def4-4ea0-ad9d-03ff3d50ee39/1
119083731," $39,500 MXN - Apartment for Rent in Vistas del Tezal, El Tezal, Cabo San Lucas, Los Cabos ",https://www.properstar.co.uk/listing/119083731,"GBP 1,712"," El Tezal ,  Baja California Sur ,  Los Cabos , Mexico",22.904167,-109.891667,,2,43.0557,Apartment, rentasencabo.com ,2026-07-28T19:35:20.28,https://files-api.properstar.com/api/v2/files/916bf704-1041-4977-8e94-1188e3bbdf96/1; https://files-api.properstar.com/api/v2/files/ff7d71d3-6723-40e0-ab30-16a6b10d283e/1; https://files-api.properstar.com/api/v2/files/23729d4f-7bb4-4570-998f-f6cb23672381/1; https://files-api.properstar.com/api/v2/files/5a7e6fac-4ff3-407f-8718-bfc10708da62/1; https://files-api.properstar.com/api/v2/files/fc8dc900-2d77-4bcc-b143-8885bdfed059/1; https://files-api.properstar.com/api/v2/files/48ee4568-601d-4d25-8bd6-95be663fb250/1; https://files-api.properstar.com/api/v2/files/18234118-d2db-407b-b33f-17124b3438f4/1; https://files-api.properstar.com/api/v2/files/61a8630d-a094-4900-bbf2-477f340206eb/1; https://files-api.properstar.com/api/v2/files/8dc8a9a1-cf0e-4e59-86e1-3b07b55cfa39/1; https://files-api.properstar.com/api/v2/files/86aebc34-49e3-464c-8fff-5876f59d64d9/1; https://files-api.properstar.com/api/v2/files/693c4db1-08b8-4b83-a093-f2ec9cdffd23/1; https://files-api.properstar.com/api/v2/files/d7d2e101-82d4-478f-98d0-62f700e14bcc/1; https://files-api.properstar.com/api/v2/files/e0ec416d-1093-47b6-87b7-7b8999cb6f50/1; https://files-api.properstar.com/api/v2/files/6746fd76-2efb-4efc-a0c9-9a09d107be9e/1; https://files-api.properstar.com/api/v2/files/843f9eb5-56ac-4452-b5e5-61c8210aceda/1; https://files-api.properstar.com/api/v2/files/21a6ef9e-d51d-4fab-84f4-ed7dde2dd618/1
119083627," $45,000 MXN - New Apartment for Rent in Solara del Mar, Los Cabos ",https://www.properstar.co.uk/listing/119083627,"GBP 1,950"," El Tezal ,  Baja California Sur ,  Los Cabos , Mexico",22.904167,-109.891667,,2,43.0557,Apartment, rentasencabo.com ,2026-07-28T19:35:20.28,https://files-api.properstar.com/api/v2/files/6019fe09-5ce4-4b96-bfb4-56dbe41ab6a3/1; https://files-api.properstar.com/api/v2/files/921efcd2-fbb2-4435-8776-dae4c63ae995/1; https://files-api.properstar.com/api/v2/files/d91a865b-4110-42f0-bc19-f0c95eb11018/1; https://files-api.properstar.com/api/v2/files/fb8a9881-6051-4ec7-b627-f6ad33754ff7/1; https://files-api.properstar.com/api/v2/files/f5e739b4-1386-4aba-b8eb-35044010385c/1; https://files-api.properstar.com/api/v2/files/c6a3f030-a9a1-4a4c-9fa8-15c0d5e1c505/1; https://files-api.properstar.com/api/v2/files/c1039f93-bd84-4f10-beb4-b2006192cb9a/1; https://files-api.properstar.com/api/v2/files/a66de64b-a945-4512-ae22-c73658e9d6f9/1; https://files-api.properstar.com/api/v2/files/9d25dab7-050b-4e78-a62c-cbf3569e1bc7/1; https://files-api.properstar.com/api/v2/files/f467520d-36d0-4dac-bbe1-b1997b938d3a/1; https://files-api.properstar.com/api/v2/files/32ca5c2c-bfa4-42e2-96c4-329782c12ac4/1; https://files-api.properstar.com/api/v2/files/2080e78d-8b72-4ff2-b2f4-06e650763549/1; https://files-api.properstar.com/api/v2/files/af77b236-6c6b-4ee1-b098-376b043e83da/1; https://files-api.properstar.com/api/v2/files/50e91fad-6512-4e4f-950d-2a60a79fa121/1; https://files-api.properstar.com/api/v2/files/f55b9459-30d8-4fc2-9ffc-4e473e96e04b/1; https://files-api.properstar.com/api/v2/files/239906e6-298c-4567-a825-9761f8704310/1
119178761," Condo for Rent in Mavila Pueblito, Quivira Los Cabos, Cabo San Lucas ",https://www.properstar.co.uk/listing/119178761,"GBP 2,126"," Jacarandas ,  Baja California Sur ,  Los Cabos , Mexico",22.894813,-109.915215,,3,43.0557,Apartment, rentasencabo.com ,2026-07-29T19:31:38.983,https://files-api.properstar.com/api/v2/files/e1ba0b28-81a7-435a-8dc6-ab48e0c1d724/1; https://files-api.properstar.com/api/v2/files/18290795-228b-4d42-b735-3906db6699ec/1; https://files-api.properstar.com/api/v2/files/a4457c1e-9c6c-4a64-b62b-acb62ade7e79/1; https://files-api.properstar.com/api/v2/files/5009fd76-872e-4155-8b75-cc509b2b0162/1; https://files-api.properstar.com/api/v2/files/a73973b0-384b-4468-8d79-a985c1f3750f/1; https://files-api.properstar.com/api/v2/files/8dfaa62c-2608-47e4-80b1-2db59b1b29ab/1; https://files-api.properstar.com/api/v2/files/86a83da3-6f30-4a98-9d43-0651be4740a5/1; https://files-api.properstar.com/api/v2/files/19a631bc-f4a2-4b36-bbf2-db2b95fba69d/1; https://files-api.properstar.com/api/v2/files/7603b324-d593-4992-b523-9a197d516651/1; https://files-api.properstar.com/api/v2/files/134db7c0-4839-480c-aa65-541027710a0b/1; https://files-api.properstar.com/api/v2/files/743c0f3e-5f81-4b69-8f73-fdd87ed5ffdb/1; https://files-api.properstar.com/api/v2/files/31346ace-f6f9-4435-8752-beb368566aec/1; https://files-api.properstar.com/api/v2/files/4bcd2419-c61c-4386-b831-06625b9d945e/1; https://files-api.properstar.com/api/v2/files/c873f159-a2bc-482c-8c72-4d3938868da7/1; https://files-api.properstar.com/api/v2/files/e3e5d236-eef6-4d6b-b317-e00011576ff2/1; https://files-api.properstar.com/api/v2/files/5a66d035-d7ac-44db-8c6c-463a6ab53421/1
118056684,3 Bedroom Furnished Home for Rent in Hacienda San Jose,https://www.properstar.co.uk/listing/118056684,"GBP 1,733","Sn, Los Cabos, Mexico",23.072725,-109.712107,3,2,,House,Century 21  Legendary Realty,2026-06-23T03:26:28.703,https://files-api.properstar.com/api/v2/files/afdb41de-040f-4a83-a3fa-521bd73cb14b/1; https://files-api.properstar.com/api/v2/files/754dcf2e-578c-4855-b953-37aaa59e1b72/1; https://files-api.properstar.com/api/v2/files/74ccb20a-3490-43ba-b961-02d8e7b21804/1; https://files-api.properstar.com/api/v2/files/9fe8df25-860c-4e83-8b37-8fa87246a20e/1; https://files-api.properstar.com/api/v2/files/70e073bc-bbff-480a-b4bb-2067184cb2ae/1; https://files-api.properstar.com/api/v2/files/3609ded9-63d1-496f-aaaf-875aaa68a3a1/1; https://files-api.properstar.com/api/v2/files/c1a13bc2-bd05-4ce6-935e-e1f42fa4f4ea/1; https://files-api.properstar.com/api/v2/files/65d130a9-0c1d-4081-a3a7-4a252b28b534/1; https://files-api.properstar.com/api/v2/files/7d3bc287-dda2-4fdd-984d-372b2b756b31/1; https://files-api.properstar.com/api/v2/files/7cfbab23-efe1-46ea-8ef9-98e3b7afca7c/1; https://files-api.properstar.com/api/v2/files/a1d96ae2-7c3a-4963-8435-f01a05e6d2d1/1; https://files-api.properstar.com/api/v2/files/0348d4f7-64fb-4557-91fd-abc08ac707f3/1; https://files-api.properstar.com/api/v2/files/6a809e1a-393d-4526-89cd-c623010a4bbb/1; https://files-api.properstar.com/api/v2/files/d5f82c52-f218-49ab-9804-0332063850b1/1; https://files-api.properstar.com/api/v2/files/08c51832-f2c6-498d-97fe-77390c7cebf8/1; https://files-api.properstar.com/api/v2/files/a0fb5a22-e06b-4ad3-b624-d73ef13ac529/1
119211880," $21,500 MXN - House for Rent in Residencial Celeste, Cabo San Lucas, Los Cabos ",https://www.properstar.co.uk/listing/119211880,GBP 932," Celeste ,  Baja California Sur ,  Los Cabos , Mexico",22.894813,-109.915215,,2,43.0557,House, rentasencabo.com ,2026-07-30T19:15:43.753,https://files-api.properstar.com/api/v2/files/2acbebdb-6b4d-4d5c-a8f2-1c62aab40e1a/1; https://files-api.properstar.com/api/v2/files/69a7d2cc-1c1d-4c64-ba76-bf13b428ef4d/1; https://files-api.properstar.com/api/v2/files/e0f94df1-5490-448c-af67-012ce9f68c75/1; https://files-api.properstar.com/api/v2/files/3a877f93-0a1b-427c-a172-da345bc5c9c6/1; https://files-api.properstar.com/api/v2/files/6a36e0bf-9246-4852-92c2-eab2be4c17ab/1; https://files-api.properstar.com/api/v2/files/da0ee8e8-102a-437c-88ce-0218f7246e97/1; https://files-api.properstar.com/api/v2/files/80302ec3-9aa4-4ed6-9515-78bb74da1513/1; https://files-api.properstar.com/api/v2/files/704fb97c-ce0e-4e52-b966-8ef150e4c358/1; https://files-api.properstar.com/api/v2/files/aaaeca1c-9cae-4b0e-87b4-c971a7c725fe/1; https://files-api.properstar.com/api/v2/files/15676f54-6c95-4591-9918-b2b5d4e85cd0/1; https://files-api.properstar.com/api/v2/files/abcba3a5-3fed-4aef-be5a-deb8f166283b/1; https://files-api.properstar.com/api/v2/files/16dea283-50a6-4708-9e2f-ebc1967989d0/1; https://files-api.properstar.com/api/v2/files/2c83f2fa-6ad0-4f0b-8d22-133d23043b9a/1; https://files-api.properstar.com/api/v2/files/4ace5b88-5613-4c8e-b5fc-1e9947bc08a5/1; https://files-api.properstar.com/api/v2/files/5334477f-d88d-45f0-9021-9329ea02c2f6/1; https://files-api.properstar.com/api/v2/files/8ea64736-67cb-4a64-84b3-e622d7067de2/1; https://files-api.properstar.com/api/v2/files/91e0d6d7-a6ae-4391-ad5b-fc6e748d986a/1; https://files-api.properstar.com/api/v2/files/bc4d69e8-24b3-4674-87a9-b898d87e7f5f/1; https://files-api.properstar.com/api/v2/files/488c1d34-b161-4cac-aa1d-16138a112e8a/1; https://files-api.properstar.com/api/v2/files/f8bdaf4b-a26e-49a8-a052-6b2bbea1272c/1; https://files-api.properstar.com/api/v2/files/4f031ce6-ab66-4caa-bdd1-643bc6312784/1; https://files-api.properstar.com/api/v2/files/b5fb1255-1bd8-4c9d-a59e-d1f81ae33b50/1; https://files-api.properstar.com/api/v2/files/005782d4-5de5-4b8b-87f1-ab807358c8a5/1; https://files-api.properstar.com/api/v2/files/202d97a3-37a8-4d23-84d9-26007af62450/1; https://files-api.properstar.com/api/v2/files/35d0999b-b2b7-4f68-a0aa-b65a649d2ec1/1; https://files-api.properstar.com/api/v2/files/df19e434-eb91-4873-9783-cfcfb9b8edbc/1; https://files-api.properstar.com/api/v2/files/ddcf34a4-d31b-476c-ac32-0f0c8e0c3c30/1
119211983," $3,000 USD - Penthouse for Rent in Vistavela III, El Tezal, Cabo San Lucas, Los Cabos ",https://www.properstar.co.uk/listing/119211983,"GBP 2,199"," El Tezal ,  Baja California Sur ,  Los Cabos , Mexico",22.904167,-109.891667,,3,43.0557,Apartment, rentasencabo.com ,2026-07-30T19:15:43.753,https://files-api.properstar.com/api/v2/files/8e7257fc-5283-4c2e-9879-efe07bd218ea/1; https://files-api.properstar.com/api/v2/files/4074e9a8-b659-4b6a-af22-d829baf49974/1; https://files-api.properstar.com/api/v2/files/311a9c92-ba7f-49ae-b404-6bdc5a318554/1; https://files-api.properstar.com/api/v2/files/55788fde-ecfb-4d54-985e-dd36013bedb3/1; https://files-api.properstar.com/api/v2/files/547b4c46-9e9d-4419-81d5-77dac86a91cf/1; https://files-api.properstar.com/api/v2/files/7f3b53f9-1e78-45ec-b982-190ba59133a0/1; https://files-api.properstar.com/api/v2/files/fd93335e-5b2a-4a05-b17f-10096d54fa3e/1; https://files-api.properstar.com/api/v2/files/54bb444b-4b0f-4b9c-860f-37be4924a544/1; https://files-api.properstar.com/api/v2/files/fb204696-17c8-4484-85c0-7cc6bd7f44f5/1; https://files-api.properstar.com/api/v2/files/cf593932-42d2-4651-99ce-8301b95cb8b4/1; https://files-api.properstar.com/api/v2/files/ce0a6f7c-0de6-45f7-88d1-a228f39d5c65/1; https://files-api.properstar.com/api/v2/files/6d9c84ac-dd8e-415f-ad67-d7eccedda042/1; https://files-api.properstar.com/api/v2/files/1e4e17a1-6261-4f44-a623-7794cc185447/1; https://files-api.properstar.com/api/v2/files/944c866f-2d89-4141-9845-4ff00e00a184/1; https://files-api.properstar.com/api/v2/files/d0d96be2-0f59-4ab1-8b07-c1c4e46c1039/1; https://files-api.properstar.com/api/v2/files/25b759ea-3a4b-4596-a020-ff416352c40b/1; https://files-api.properstar.com/api/v2/files/6584c7af-d4c7-4682-b4c0-18fe56d347de/1; https://files-api.properstar.com/api/v2/files/54e5825d-b3ba-41e1-85cb-62c02e60f5ac/1; https://files-api.properstar.com/api/v2/files/80c81249-b1aa-404f-8de7-d8d058698bea/1; https://files-api.properstar.com/api/v2/files/0a68df16-c01e-48f3-863a-532122245a19/1; https://files-api.properstar.com/api/v2/files/84064d50-aeb3-4655-8bff-ec3651a6433f/1; https://files-api.properstar.com/api/v2/files/d9275aac-3a43-4f15-8a10-2d8c3d00758e/1; https://files-api.properstar.com/api/v2/files/4915bd26-2ea7-4fd2-92f7-0fbf938300b3/1; https://files-api.properstar.com/api/v2/files/e0792f8f-b3f4-423f-a159-b3ee7a88222c/1; https://files-api.properstar.com/api/v2/files/18c413c4-393a-4f35-b038-d924e4fdb25d/1; https://files-api.properstar.com/api/v2/files/fb9df80b-322c-4294-9622-83d63a3eba15/1; https://files-api.properstar.com/api/v2/files/f96e7dcf-0a6b-44a1-9ee0-f4aeb69e9a2c/1; https://files-api.properstar.com/api/v2/files/3051ca1d-1a61-4330-920f-66b070bac824/1; https://files-api.properstar.com/api/v2/files/0ada4516-b630-4bd2-9eaa-76ac2f61d574/1; https://files-api.properstar.com/api/v2/files/44c16576-cbcb-45b6-82df-47508d9de757/1
119220206,"House for Rent – Casa Mexicana Las Flores, El Tezal, Los Cabos",https://www.properstar.co.uk/listing/119220206,"GBP 1,733","Las Flores 1, Cabo San Lucas, Mexico",22.905804,-109.881956,3,3,,House,REMAX,2026-07-31T03:46:53.57,https://files-api.properstar.com/api/v2/files/6955025d-4ec3-4c7f-a7c6-3acd0955aaf2/1; https://files-api.properstar.com/api/v2/files/828a3098-cab9-4522-8def-377d89e106e5/1; https://files-api.properstar.com/api/v2/files/8911b75f-8888-4eef-9b22-b8c49e925647/1; https://files-api.properstar.com/api/v2/files/f817a053-0475-4d54-9bbb-66de5fa14ad0/1; https://files-api.properstar.com/api/v2/files/52d5e64c-686b-42ea-b369-6a95ffc4c905/1; https://files-api.properstar.com/api/v2/files/2b41a9c3-dff3-4a98-86a2-7bdb69bfec81/1; https://files-api.properstar.com/api/v2/files/86732eeb-4ed6-42ff-92db-cd1ac9b9277d/1; https://files-api.properstar.com/api/v2/files/a1b73cf7-b2c0-4eee-9e04-7b458d4a2698/1; https://files-api.properstar.com/api/v2/files/08ce1bf1-9a64-4650-89ec-b836978fa19e/1; https://files-api.properstar.com/api/v2/files/6ef94b06-7cbe-47ff-8d28-9bc5a302e403/1; https://files-api.properstar.com/api/v2/files/c4fb3eb8-fe8a-490e-a760-3489cc223f91/1; https://files-api.properstar.com/api/v2/files/2d292b50-ee3e-4918-8a46-8c036244a195/1; https://files-api.properstar.com/api/v2/files/b1b130fc-fd4c-4ba1-a09f-8f51e6ea92b6/1; https://files-api.properstar.com/api/v2/files/64dbc6f5-96c3-42d1-a23b-a6dd01d9427f/1; https://files-api.properstar.com/api/v2/files/c70ac3df-5895-4af0-8dfe-dd06775defa9/1; https://files-api.properstar.com/api/v2/files/83db2b9a-e852-4c27-a1b0-257d58a20fcf/1; https://files-api.properstar.com/api/v2/files/41896c50-fffc-416b-869b-d68704aed343/1; https://files-api.properstar.com/api/v2/files/a46d12e9-65e7-4d41-8b5e-30dbc8baefa3/1; https://files-api.properstar.com/api/v2/files/671dd7f0-314e-4bcb-bd34-314da899472b/1; https://files-api.properstar.com/api/v2/files/74cbb797-7de9-4c28-8808-af30f32285f2/1; https://files-api.properstar.com/api/v2/files/b828c277-3bd6-4483-82d3-2a0d5bb738e9/1; https://files-api.properstar.com/api/v2/files/11270d63-2cae-4e51-85a2-e7348668cb87/1; https://files-api.properstar.com/api/v2/files/53c0f593-df68-4d06-9f2b-1c68ccbf5553/1; https://files-api.properstar.com/api/v2/files/57173898-63fb-4b12-aa6a-a275af5ca24d/1; https://files-api.properstar.com/api/v2/files/e7ecc60e-1ae0-4272-9d51-b2692b492530/1; https://files-api.properstar.com/api/v2/files/2a1cf70e-333f-49d4-aa57-e659947c4dae/1
119083706," $2,350 USD - Apartment for Rent in Tramonti Paradiso, El Tezal, Cabo San Lucas, Los Cabos ",https://www.properstar.co.uk/listing/119083706,"GBP 1,723"," El Tezal ,  Baja California Sur ,  Los Cabos , Mexico",22.904167,-109.891667,,2,43.0557,Apartment, rentasencabo.com ,2026-07-28T19:35:20.28,https://files-api.properstar.com/api/v2/files/4e560c44-a159-49e0-9ec9-2bf599039de3/1; https://files-api.properstar.com/api/v2/files/6da4d89e-8513-4541-800a-8ee69cb6cd5c/1; https://files-api.properstar.com/api/v2/files/d866e9d4-31d5-46ed-bcfa-08b7defae08e/1; https://files-api.properstar.com/api/v2/files/99f8aed2-a274-4718-9e32-311469f00c8e/1; https://files-api.properstar.com/api/v2/files/a4f07352-9915-44f5-8371-1a5f01345a1f/1; https://files-api.properstar.com/api/v2/files/1e300a37-78da-485d-bbb4-3469e153d83a/1; https://files-api.properstar.com/api/v2/files/357cc7d4-950e-4e0d-bc84-64fe240a8473/1; https://files-api.properstar.com/api/v2/files/b5ff7c1f-5ed6-48d3-a5c5-bb996ff87343/1; https://files-api.properstar.com/api/v2/files/add36d21-d7e8-4752-9f06-21d5defd4082/1; https://files-api.properstar.com/api/v2/files/765d4bc5-75eb-4496-85db-f488a94c6125/1; https://files-api.properstar.com/api/v2/files/0396685a-83c7-4326-8256-cb9034508086/1; https://files-api.properstar.com/api/v2/files/47db663b-eb14-4246-910b-294a5018b710/1; https://files-api.properstar.com/api/v2/files/2b133bd3-fe9b-441b-831a-f3b3f07a984c/1
119083616," $38,500 MXN - House for Rent in Cabo del Mar, El Tezal, Cabo San Lucas, Los Cabos ",https://www.properstar.co.uk/listing/119083616,"GBP 1,668"," El Tezal ,  Baja California Sur ,  Los Cabos , Mexico",22.904167,-109.891667,,3,43.0557,House, rentasencabo.com ,2026-07-28T19:35:20.28,https://files-api.properstar.com/api/v2/files/634fdc04-351a-4cb1-9d74-efecae3fc1c0/1; https://files-api.properstar.com/api/v2/files/4e29c003-f31a-4854-ae55-4cec50c19c74/1; https://files-api.properstar.com/api/v2/files/d722f231-820b-494f-9d2f-68e9ee9aae31/1; https://files-api.properstar.com/api/v2/files/551dfc46-f24e-4717-9dc2-f533452946e7/1; https://files-api.properstar.com/api/v2/files/587fd5a2-77a8-4be4-94d2-edd14e9a081e/1; https://files-api.properstar.com/api/v2/files/28b80fab-2393-43c3-ab7c-92ec3d52413d/1; https://files-api.properstar.com/api/v2/files/7307902c-7204-42ee-a0b1-5a9299895119/1; https://files-api.properstar.com/api/v2/files/235c0e63-ce2d-4805-91e7-fa4b75e7850b/1; https://files-api.properstar.com/api/v2/files/0e171ef7-798c-49fb-b2dd-2fe5fdfa732b/1; https://files-api.properstar.com/api/v2/files/c2ee9a48-d7ae-420c-8d86-e91ea36df86f/1; https://files-api.properstar.com/api/v2/files/3b16e0a0-217d-4f55-9f74-b152e67e5e9a/1; https://files-api.properstar.com/api/v2/files/a557ee09-a88d-4f8b-aea9-377b092b9c30/1
119083670," $48,000 MXN - Apartment for Rent in Vistavela 2, El Tezal, Cabo San Lucas, Los Cabos ",https://www.properstar.co.uk/listing/119083670,"GBP 2,080"," El Tezal ,  Baja California Sur ,  Los Cabos , Mexico",22.904167,-109.891667,,3,43.0557,Apartment, rentasencabo.com ,2026-07-28T19:35:20.28,https://files-api.properstar.com/api/v2/files/6aa4faf1-2a05-4df8-8434-01799bf61d7d/1; https://files-api.properstar.com/api/v2/files/24f37a31-c5be-4a49-b8af-9f3ce0bb5677/1; https://files-api.properstar.com/api/v2/files/13ad42a9-7fe2-4dcd-8c70-19565859d66a/1; https://files-api.properstar.com/api/v2/files/82c9a267-ce4a-4fdd-a025-f1d5948c5ee4/1; https://files-api.properstar.com/api/v2/files/978b27fe-a54c-4b56-8df7-e5ab9e60ca8d/1; https://files-api.properstar.com/api/v2/files/e6ae49e5-3b65-473b-a831-20dbb09f6ac4/1; https://files-api.properstar.com/api/v2/files/ae0222fb-7707-469c-a9c9-7c9b6a24037d/1; https://files-api.properstar.com/api/v2/files/c306b78f-f330-4d38-b102-eb541ff7fda9/1; https://files-api.properstar.com/api/v2/files/ca7519b8-b2b0-4faf-a0ed-775adc64e298/1; https://files-api.properstar.com/api/v2/files/9909dfeb-92a1-4cde-98ee-c95e175001b1/1; https://files-api.properstar.com/api/v2/files/461c1c9f-e226-4151-8981-c0d632270682/1; https://files-api.properstar.com/api/v2/files/8efd2c26-9288-487f-98d6-31c863ff233c/1; https://files-api.properstar.com/api/v2/files/8de66aa5-6952-4c52-86de-52e635d91c1c/1
119244266," $26,000 MXN - Townhome for Rent in Camino del Mar, El Tezal, Cabo San Lucas, Los Cabos ",https://www.properstar.co.uk/listing/119244266,"GBP 1,127"," El Tezal ,  Baja California Sur ,  Los Cabos , Mexico",22.904167,-109.891667,,2,43.0557,House, rentasencabo.com ,2026-07-31T19:11:57.287,https://files-api.properstar.com/api/v2/files/b0cdd2b1-ca40-4eb3-87d6-9442c181dc70/1; https://files-api.properstar.com/api/v2/files/d825766b-0dc9-4dbe-8a0a-5fabd532a85f/1; https://files-api.properstar.com/api/v2/files/f689a827-6d27-4784-bb92-04900c6df866/1; https://files-api.properstar.com/api/v2/files/7b177de1-6376-48d6-be2b-230c5cd599b9/1; https://files-api.properstar.com/api/v2/files/78ed9705-03aa-4f41-a678-6a1e15ca225f/1; https://files-api.properstar.com/api/v2/files/634cae87-65ae-4315-93aa-d2eb5d3d465c/1; https://files-api.properstar.com/api/v2/files/2b253255-dc55-46ea-89e8-aeb8b2bd601f/1; https://files-api.properstar.com/api/v2/files/683f0476-b572-4692-bdcd-3a36e51d43b6/1; https://files-api.properstar.com/api/v2/files/383d63d8-250c-4d7e-bc11-f37302abb6af/1; https://files-api.properstar.com/api/v2/files/348bd2a8-875d-4c12-8662-5b1d0970182c/1; https://files-api.properstar.com/api/v2/files/b4e8b250-3508-4059-808f-600b01bebc6f/1; https://files-api.properstar.com/api/v2/files/bf6a49b8-4331-4265-8d48-cac891f25cc6/1; https://files-api.properstar.com/api/v2/files/c69e36da-144d-4906-a1cc-2b8f9fcd104b/1
119178763," Townhouse en Camino del Mar, El Tezal, Cabo San Lucas ",https://www.properstar.co.uk/listing/119178763,"GBP 1,170"," El Tezal ,  Baja California Sur ,  Los Cabos , Mexico",22.904167,-109.891667,,2,43.0557,House, rentasencabo.com ,2026-07-29T19:31:38.983,https://files-api.properstar.com/api/v2/files/353efcf7-dcfe-440f-830a-bc432eed2b0e/1; https://files-api.properstar.com/api/v2/files/c8283f87-370c-4e34-85d7-954a4f50425d/1; https://files-api.properstar.com/api/v2/files/35396c3e-8583-42bc-91fe-65db43b3aedb/1; https://files-api.properstar.com/api/v2/files/a0ed6519-b8c6-4782-8b3b-0717765aab0c/1; https://files-api.properstar.com/api/v2/files/02800b0a-1574-495e-b611-aae51134d419/1; https://files-api.properstar.com/api/v2/files/f7fba605-d626-45ec-827d-d953f576eb76/1; https://files-api.properstar.com/api/v2/files/4c24becf-74a7-4519-8312-93cc9d6df206/1; https://files-api.properstar.com/api/v2/files/9a06fac1-9d28-4593-9b6c-232d85eb8f77/1; https://files-api.properstar.com/api/v2/files/4d79211b-08dd-4cb3-b754-8395e8dcbb38/1; https://files-api.properstar.com/api/v2/files/79b02309-cba8-42bf-bc8c-de573f053b52/1; https://files-api.properstar.com/api/v2/files/b141bcba-8e3f-43c1-be8d-cc4dc868b401/1; https://files-api.properstar.com/api/v2/files/4209d5f0-0602-42ff-b969-daacb114d1b5/1; https://files-api.properstar.com/api/v2/files/1f84c98a-25fb-404a-86ed-1c70400ec2f2/1; https://files-api.properstar.com/api/v2/files/8ac93431-3c17-44a4-b714-78859638c677/1; https://files-api.properstar.com/api/v2/files/7d0270c1-0f64-45f3-8663-e11634f3b5ac/1; https://files-api.properstar.com/api/v2/files/96ffaf6d-453c-4ca9-b6c0-4b405a0a7300/1; https://files-api.properstar.com/api/v2/files/b202cd44-8f3a-4903-8de2-fb709b55c405/1; https://files-api.properstar.com/api/v2/files/e8b0d581-736d-4585-bc44-2e42e7ca62ed/1; https://files-api.properstar.com/api/v2/files/daefec9e-0b27-4da8-a09f-f4481025c3ed/1; https://files-api.properstar.com/api/v2/files/69cac344-38cd-43ad-8c6d-319004e5a91e/1
119083697," $30,000 MXN - House for Rent in Fraccionamiento Santa Barbara, Cabo San Lucas, Los Cabos ",https://www.properstar.co.uk/listing/119083697,"GBP 1,300"," Brisas del Pacifico ,  Baja California Sur ,  Los Cabos , Mexico",22.899552,-109.94345,,3,43.0557,House, rentasencabo.com ,2026-07-28T19:35:20.28,https://files-api.properstar.com/api/v2/files/de8d1d5f-87e6-48b1-912c-1b508425ae53/1; https://files-api.properstar.com/api/v2/files/45740071-a467-4358-9940-a98517a24a82/1; https://files-api.properstar.com/api/v2/files/b9cb584a-407e-4bbd-8a65-f95a6116e9f6/1; https://files-api.properstar.com/api/v2/files/d472bb54-d600-4af7-b3e9-e837bfab42c3/1; https://files-api.properstar.com/api/v2/files/dcf8a15a-c1a3-4217-b0b1-498bbfb0c8d0/1; https://files-api.properstar.com/api/v2/files/6dbea89b-9226-4a88-b17c-74455e146682/1; https://files-api.properstar.com/api/v2/files/67a537fe-f4bb-421b-a3b4-197dfaabacb3/1; https://files-api.properstar.com/api/v2/files/7f24da24-bb04-4f42-9781-5f18cb59b653/1; https://files-api.properstar.com/api/v2/files/a8e4be2a-f874-4357-a1be-2fc0eb1e5dec/1; https://files-api.properstar.com/api/v2/files/3b087008-3596-4892-be41-534140ce6af8/1; https://files-api.properstar.com/api/v2/files/79826e30-0071-41c7-87d6-bac6ab8b1f7c/1; https://files-api.properstar.com/api/v2/files/e4b1b1b5-2213-491a-9a25-ecb04c85f263/1; https://files-api.properstar.com/api/v2/files/4bc478ff-9f72-4897-9136-143f04291bf5/1; https://files-api.properstar.com/api/v2/files/5db7b9bc-20d5-4474-9d91-0ec77731b66e/1; https://files-api.properstar.com/api/v2/files/fbcbabf6-d2a9-4039-8591-1b86f091482c/1; https://files-api.properstar.com/api/v2/files/1b14ad56-1a19-44e2-a326-f0c55c08c87d/1; https://files-api.properstar.com/api/v2/files/958a9019-8677-4a44-bac6-0bd50a22825f/1
119159877," $1,400 USD - Apartment for Rent in Misiones del Cabo, El Tezal, Cabo San Lucas, Los Cabos ",https://www.properstar.co.uk/listing/119159877,"GBP 1,026"," Misiones del Cabo ,  Baja California Sur ,  Los Cabos , Mexico",23.07987,-109.712404,,1,43.0557,Apartment, rentasencabo.com ,2026-07-29T08:31:35.48,https://files-api.properstar.com/api/v2/files/caca4cbe-40cc-46ea-b3fb-f83e7bfcaa39/1; https://files-api.properstar.com/api/v2/files/dc1f029d-5351-45fb-b66e-2719b814df8a/1; https://files-api.properstar.com/api/v2/files/c1d54a3b-42c2-4782-9404-f707881445b5/1; https://files-api.properstar.com/api/v2/files/4d12ac99-0bec-4164-97ef-b7b918b6d7f9/1; https://files-api.properstar.com/api/v2/files/d42629f8-4fa3-46ad-8f78-db8ddfd141d2/1; https://files-api.properstar.com/api/v2/files/019b8df5-b950-4cf9-87e3-8d041d0eda8a/1; https://files-api.properstar.com/api/v2/files/92b22967-1fb2-4ea1-a149-16cdc4b8f258/1; https://files-api.properstar.com/api/v2/files/178a00dd-1bdb-4f33-bbe5-f9c6a24f46b0/1; https://files-api.properstar.com/api/v2/files/6b94dd71-6b53-49b8-a3a9-5e1f6543f305/1; https://files-api.properstar.com/api/v2/files/615f9c8d-0691-403b-92d9-be84d07f6556/1; https://files-api.properstar.com/api/v2/files/816c6b2b-8e65-45c5-9046-9e33df7a3842/1; https://files-api.properstar.com/api/v2/files/068c27a7-59df-49d6-bae1-b5d471501c79/1; https://files-api.properstar.com/api/v2/files/f2f6f489-d5f1-4a42-80c2-eeca9ac0854f/1; https://files-api.properstar.com/api/v2/files/d085ff86-2641-4d22-a518-7008961bb633/1
119159915," $2,600 USD - House for Rent in Vistana Estates, El Tezal, Cabo San Lucas, Los Cabos ",https://www.properstar.co.uk/listing/119159915,"GBP 1,906"," El Tezal ,  Baja California Sur ,  Los Cabos , Mexico",22.904167,-109.891667,,2,43.0557,House, rentasencabo.com ,2026-07-29T08:31:35.48,https://files-api.properstar.com/api/v2/files/f4e963bb-be8b-4abd-9e4c-2293994904ad/1; https://files-api.properstar.com/api/v2/files/f8724a74-0d8f-4c29-b62c-f0a6dd8c1c4d/1; https://files-api.properstar.com/api/v2/files/74f01412-45cc-47bb-9c81-087e767c3a8f/1; https://files-api.properstar.com/api/v2/files/db7bcffc-f5a0-41b7-a9dc-57dce744703b/1; https://files-api.properstar.com/api/v2/files/b913d14f-7183-4d1e-91a8-05dc3eacbed0/1; https://files-api.properstar.com/api/v2/files/f5b54380-ce97-4c32-a0a5-70f6bb8eb08b/1; https://files-api.properstar.com/api/v2/files/7f1a4bb9-92e7-4c8c-a951-7b4ae3f3b84d/1; https://files-api.properstar.com/api/v2/files/99979c59-65c5-464d-a31f-2327615df4be/1; https://files-api.properstar.com/api/v2/files/e68d22fd-d6f1-4d55-87a6-201b9f9efbad/1; https://files-api.properstar.com/api/v2/files/4af4516f-e0d4-4440-8944-cd87c45aaa44/1; https://files-api.properstar.com/api/v2/files/4ed00e15-ed5f-441d-b1b3-86476d4c5b0d/1; https://files-api.properstar.com/api/v2/files/ac0f05bb-52ff-49ea-bef4-1660e1b468f9/1; https://files-api.properstar.com/api/v2/files/ef255301-934b-4d57-ad1d-3829d4626c8b/1; https://files-api.properstar.com/api/v2/files/d261e893-e349-4ebc-b268-3858f6e3b17c/1; https://files-api.properstar.com/api/v2/files/3b70357d-322c-476f-942a-a8b89adeb23b/1; https://files-api.properstar.com/api/v2/files/37187574-8cd8-42b9-a0c6-e1b5c0a5bfdc/1; https://files-api.properstar.com/api/v2/files/6a91edfb-c45e-4b49-9a64-932232a821a2/1; https://files-api.properstar.com/api/v2/files/342231b5-47a6-404f-b0fb-ea885a663981/1; https://files-api.properstar.com/api/v2/files/df2c0b39-062f-48df-ad4d-ed87d2bf3730/1; https://files-api.properstar.com/api/v2/files/c597a1b1-a1ff-4202-970e-fd23163c11a2/1; https://files-api.properstar.com/api/v2/files/9977f338-9934-4e65-93fa-90be7f5dead7/1; https://files-api.properstar.com/api/v2/files/de1f850f-d955-424e-8e4b-6c27efb14e6a/1; https://files-api.properstar.com/api/v2/files/7b815a82-6112-404b-8745-cd0a4fa0f42e/1; https://files-api.properstar.com/api/v2/files/480a9e56-8a5c-41c4-aec7-acdbfed3138f/1; https://files-api.properstar.com/api/v2/files/af0f5969-c5f8-42fb-913c-576b1348f8c1/1; https://files-api.properstar.com/api/v2/files/beb1701a-56b6-4c82-9e90-f29d218c7415/1; https://files-api.properstar.com/api/v2/files/11462afd-9322-45cb-a7c9-92e8ac875fe1/1; https://files-api.properstar.com/api/v2/files/44f11542-170d-4d1f-92fa-902a800b41cf/1; https://files-api.properstar.com/api/v2/files/fc0f7da3-9095-4bd2-9365-c46fb2385cf0/1; https://files-api.properstar.com/api/v2/files/b6227cea-2b63-4cbc-9eba-8deb0b764498/1
119211882," $55,000 MXN - Apartment for Rent in Vistavela Phase II, El Tezal, Cabo San Lucas, Los Cabos ",https://www.properstar.co.uk/listing/119211882,"GBP 2,383"," El Tezal ,  Baja California Sur ,  Los Cabos , Mexico",22.904167,-109.891667,,3,2152.783,Apartment, rentasencabo.com ,2026-07-30T19:15:43.753,https://files-api.properstar.com/api/v2/files/068d89ec-c83c-4e3d-8281-862a96ad5c28/1; https://files-api.properstar.com/api/v2/files/ce26eaa4-4028-4622-8f64-63cc251831ed/1; https://files-api.properstar.com/api/v2/files/86106e16-6e4b-435c-b59a-7dc6c951247e/1; https://files-api.properstar.com/api/v2/files/16039e06-38a1-4e9e-83f8-c4722aa8ae52/1; https://files-api.properstar.com/api/v2/files/62c69e44-e18a-4947-ab33-5da88bbd6df5/1; https://files-api.properstar.com/api/v2/files/6cbd2a2e-2323-4523-81fd-a398517fcf6e/1; https://files-api.properstar.com/api/v2/files/9797fd91-0e29-4828-932d-d6c24333a937/1; https://files-api.properstar.com/api/v2/files/290d57fd-6871-4d67-804b-498035db4f1b/1; https://files-api.properstar.com/api/v2/files/c2fd1a4f-5687-496b-8640-c288ea0119b5/1; https://files-api.properstar.com/api/v2/files/a2b25dfb-8abb-41a7-a4a7-106cf22629ae/1; https://files-api.properstar.com/api/v2/files/06223fc5-928f-48b6-a362-6bff5776a584/1; https://files-api.properstar.com/api/v2/files/b3e717f4-b793-4366-b0d8-512642d3956b/1; https://files-api.properstar.com/api/v2/files/ce14fd4c-f5fd-44a5-81d2-57f208e93b81/1; https://files-api.properstar.com/api/v2/files/c63533cf-3d31-4fe1-86b0-2d80c72ada70/1; https://files-api.properstar.com/api/v2/files/be76ba37-6cb2-46f7-ba1f-f53537df5f1f/1; https://files-api.properstar.com/api/v2/files/dd0406c3-3daa-4e99-862e-fbd31e98ecf9/1; https://files-api.properstar.com/api/v2/files/ec40da8f-a169-4fcd-ba5c-11557837dff5/1; https://files-api.properstar.com/api/v2/files/a47d344e-f40e-4e2e-beb4-262c555daabd/1; https://files-api.properstar.com/api/v2/files/eb5a5131-b4cd-4327-829b-cabfe7f411cd/1; https://files-api.properstar.com/api/v2/files/2fbe1d8f-f772-4057-9e43-de439f7f99d1/1; https://files-api.properstar.com/api/v2/files/6c798527-2cd7-4cae-9f86-1779ba8a89e6/1; https://files-api.properstar.com/api/v2/files/641a8031-5ba9-4f86-a74e-1a924b618d00/1; https://files-api.properstar.com/api/v2/files/2849ef61-3568-4504-a0b0-26640ff2d79b/1; https://files-api.properstar.com/api/v2/files/be68629a-8b63-445b-8b98-729919acc1e1/1; https://files-api.properstar.com/api/v2/files/751a90a9-8562-409f-8855-77af9eeea850/1; https://files-api.properstar.com/api/v2/files/6343d1a8-58a2-4680-9c1a-bba96ac0dfa3/1; https://files-api.properstar.com/api/v2/files/f014b496-55f5-489c-acb7-8e748d4a3972/1; https://files-api.properstar.com/api/v2/files/ff473057-3fb2-4d3d-8e8a-804101d06a2e/1; https://files-api.properstar.com/api/v2/files/32d3faad-2e27-4578-9b5f-390c7147c75d/1; https://files-api.properstar.com/api/v2/files/37505c94-d86a-4aa2-a7ea-d9adf8fa2afb/1
119211905," $30,000 MXN - New Apartment for Rent in Avalon, El Tezal, Cabo San Lucas, Los Cabos ",https://www.properstar.co.uk/listing/119211905,"GBP 1,300"," El Tezal ,  Baja California Sur ,  Los Cabos , Mexico",22.904167,-109.891667,,2,43.0557,Apartment, rentasencabo.com ,2026-07-30T19:15:43.753,https://files-api.properstar.com/api/v2/files/fd0273ae-ada3-449f-b4dc-ecd348e81d6b/1; https://files-api.properstar.com/api/v2/files/0f4c0be1-cd81-4acc-b517-715b8377e826/1; https://files-api.properstar.com/api/v2/files/176e8e11-4ce9-4a69-b748-85f458f47f64/1; https://files-api.properstar.com/api/v2/files/c675bf4a-6794-41bc-8068-c06b9f69fefe/1; https://files-api.properstar.com/api/v2/files/9fadf564-df6f-48ad-a6fa-ea7355223501/1; https://files-api.properstar.com/api/v2/files/41fc9cb6-133e-432f-bb6c-ba6837917116/1; https://files-api.properstar.com/api/v2/files/41900408-8997-46fd-8a27-43dd3aa16d16/1; https://files-api.properstar.com/api/v2/files/d4fc868d-1687-4574-81b1-bbaba90738d3/1; https://files-api.properstar.com/api/v2/files/6c728cc0-3ae4-40f5-be6e-5bd3f07926a0/1; https://files-api.properstar.com/api/v2/files/11bbc5a5-d38b-4c79-95d3-e612e9d449c6/1; https://files-api.properstar.com/api/v2/files/89890150-6fb6-47c4-a4da-982ff28270d0/1; https://files-api.properstar.com/api/v2/files/3db906e0-0dae-42fa-8f63-87d1f80be496/1; https://files-api.properstar.com/api/v2/files/278433b6-d8ff-4d20-8f5c-da913b2228eb/1; https://files-api.properstar.com/api/v2/files/989c60ae-ba84-4480-95d3-8bb68e0965eb/1; https://files-api.properstar.com/api/v2/files/07e173b0-c9b6-48b3-bbce-8ee365789e4d/1; https://files-api.properstar.com/api/v2/files/3c95b892-28fd-4684-86dc-592d6a346c60/1; https://files-api.properstar.com/api/v2/files/955d6b4a-8989-4596-9877-b5103acd2876/1; https://files-api.properstar.com/api/v2/files/03dbb445-0a21-4446-a605-fa4a8a63b716/1; https://files-api.properstar.com/api/v2/files/0b7cd43f-de32-4e13-894b-e1cc5a2d322d/1; https://files-api.properstar.com/api/v2/files/7110cba5-0089-4ee5-bd5d-ddd1aac04362/1; https://files-api.properstar.com/api/v2/files/9a4e8c72-09ca-4044-8cd4-62f46d8620c4/1; https://files-api.properstar.com/api/v2/files/195f5b97-637e-43ac-87b8-d3bcd5ebda28/1; https://files-api.properstar.com/api/v2/files/ae11fb4a-53ba-4cfc-b054-ed7e95283a1e/1; https://files-api.properstar.com/api/v2/files/5c13f81c-86e9-4dbe-872d-e55437724202/1; https://files-api.properstar.com/api/v2/files/32287133-b27c-4801-883e-7d8697b3feb2/1; https://files-api.properstar.com/api/v2/files/daf958e4-c919-4b97-8402-1d6482786318/1; https://files-api.properstar.com/api/v2/files/76d0d487-2b6f-46fd-9213-b1842babd4f3/1
119083686," $23,000 MXN - Apartment for Rent in Terra 194, Central Location, Cabo San Lucas, Los Cabos ",https://www.properstar.co.uk/listing/119083686,GBP 997," Cabo San Lucas Centro ,  Baja California Sur ,  Los Cabos , Mexico",22.882606,-109.912471,,1,43.0557,Apartment, rentasencabo.com ,2026-07-28T19:35:20.28,https://files-api.properstar.com/api/v2/files/e610702e-8da7-4359-9634-db034dcae379/1; https://files-api.properstar.com/api/v2/files/5367d079-2ad2-45c9-a39e-6b891f982792/1; https://files-api.properstar.com/api/v2/files/dbee48a6-f2aa-4375-bedf-295311e77186/1; https://files-api.properstar.com/api/v2/files/a87632d9-5527-4ffd-a63a-4b11665d7223/1; https://files-api.properstar.com/api/v2/files/5ecfbfc4-7cf1-4353-a5fe-4072c452776a/1; https://files-api.properstar.com/api/v2/files/e98ac139-d1d7-4041-ab4e-3d678f140085/1; https://files-api.properstar.com/api/v2/files/53d9f09c-4bbd-413d-aece-96b23af8b27e/1; https://files-api.properstar.com/api/v2/files/e4344744-29a2-4820-90e6-cb88118cca85/1; https://files-api.properstar.com/api/v2/files/bc5cf5a0-7565-41e3-8244-8bc9ba1853a6/1; https://files-api.properstar.com/api/v2/files/00f1b525-1f2b-48bb-93af-9fd156489b61/1; https://files-api.properstar.com/api/v2/files/c9683ff8-7877-4101-bccf-aebfc6367537/1; https://files-api.properstar.com/api/v2/files/262475f5-fa11-4660-a74d-5358741dde1f/1; https://files-api.properstar.com/api/v2/files/99d1f3c6-298a-4e66-a1cf-8d0cca6c79ea/1; https://files-api.properstar.com/api/v2/files/748f650b-cb20-4dd0-8505-3e7a3b13c788/1; https://files-api.properstar.com/api/v2/files/a30aad63-32e3-4467-aeaf-e005ecf7061d/1; https://files-api.properstar.com/api/v2/files/56107eef-58c0-4381-a175-8e6a9a3b29de/1
119159879," $39,000 MXN - Apartment for Rent in Vista Vela III, El Tezal, Cabo San Lucas, Los Cabos ",https://www.properstar.co.uk/listing/119159879,"GBP 1,690"," El Tezal ,  Baja California Sur ,  Los Cabos , Mexico",22.904167,-109.891667,,2,43.0557,Apartment, rentasencabo.com ,2026-07-29T08:31:35.48,https://files-api.properstar.com/api/v2/files/3d6c1f0e-2a59-4e65-bb74-ad3e76328582/1; https://files-api.properstar.com/api/v2/files/eefa1d00-1cf9-477f-b05a-cf420d411d30/1; https://files-api.properstar.com/api/v2/files/3377a881-4c82-495e-9ac6-d0cfe8c0557e/1; https://files-api.properstar.com/api/v2/files/1b62e2ae-7659-4b93-a651-4ffeb52dc0f8/1; https://files-api.properstar.com/api/v2/files/2c92c268-3adb-4401-a25a-1f796894e97b/1; https://files-api.properstar.com/api/v2/files/a014f7f4-d9db-4314-a8bb-864369641918/1; https://files-api.properstar.com/api/v2/files/5fe8f718-661e-4c8f-a074-84d4204dfefe/1; https://files-api.properstar.com/api/v2/files/2755fb00-6f07-4164-9870-919d6f6d6e11/1; https://files-api.properstar.com/api/v2/files/fce95ebb-521f-46be-ae7a-2513bdb4cfd0/1; https://files-api.properstar.com/api/v2/files/2c7c1009-5227-4701-8454-9fae8c64ad94/1; https://files-api.properstar.com/api/v2/files/a1af2cb5-5871-40e7-a84d-855ef6b87197/1
119244283," $25,000 MXN - Townhome for Rent in Camino del Mar, El Tezal, Cabo San Lucas, Los Cabos ",https://www.properstar.co.uk/listing/119244283,"GBP 1,083"," El Tezal ,  Baja California Sur ,  Los Cabos , Mexico",22.904167,-109.891667,,2,43.0557,House, rentasencabo.com ,2026-07-31T19:11:57.287,https://files-api.properstar.com/api/v2/files/f74f8fb0-8f5f-45ca-b6b9-abb10758b0a0/1; https://files-api.properstar.com/api/v2/files/679f322a-8133-40aa-b46b-ada054924d6c/1; https://files-api.properstar.com/api/v2/files/84282a2d-302a-42f7-86eb-11b243eb9524/1; https://files-api.properstar.com/api/v2/files/05f30859-ff7a-4867-84e2-eac10ce43972/1; https://files-api.properstar.com/api/v2/files/e08d0170-95fe-428c-8fa0-918d15401bc4/1; https://files-api.properstar.com/api/v2/files/9f313d4b-4287-408b-9940-620f7d70c8d9/1; https://files-api.properstar.com/api/v2/files/bbae1c7b-38ad-4909-bccf-6ebc17cd6f89/1; https://files-api.properstar.com/api/v2/files/d70178b3-aad0-43cc-93cd-e5a3cf666b53/1; https://files-api.properstar.com/api/v2/files/a01b912e-6162-4053-be77-c7b684207c79/1; https://files-api.properstar.com/api/v2/files/3e5a05f1-4e7c-4cd6-b0db-1ff927272b13/1; https://files-api.properstar.com/api/v2/files/f8ad93cc-0c9d-463f-835e-733c8bce7b19/1; https://files-api.properstar.com/api/v2/files/41c16a98-01da-4a6c-b495-bc7d0a5f72ac/1; https://files-api.properstar.com/api/v2/files/43b6b5bd-d35f-40bb-aab9-4992c47e7e00/1; https://files-api.properstar.com/api/v2/files/f650d8fe-9b63-4b75-858a-24e4ee597e21/1
119083647," $28,000 MXN - House for Rent in Punto Lomas, Cabo San Lucas, Los Cabos ",https://www.properstar.co.uk/listing/119083647,"GBP 1,213"," Brisas del Pacifico ,  Baja California Sur ,  Los Cabos , Mexico",22.899552,-109.94345,,3,43.0557,House, rentasencabo.com ,2026-07-28T19:35:20.28,https://files-api.properstar.com/api/v2/files/00704211-dc26-4b1f-ae0a-6c40d53e4696/1; https://files-api.properstar.com/api/v2/files/c5069daa-0d48-4467-bbaf-576c62c366b3/1; https://files-api.properstar.com/api/v2/files/7a75cff9-cbd6-4749-a916-1e94a28e04b8/1; https://files-api.properstar.com/api/v2/files/225cf97a-9b09-4f67-9216-781c6ee6c97e/1; https://files-api.properstar.com/api/v2/files/4d8b91c5-86d9-4b04-9b36-b2212bad9265/1; https://files-api.properstar.com/api/v2/files/2f346ca9-de3a-4451-a150-842f012cb398/1; https://files-api.properstar.com/api/v2/files/ef438e56-b0c6-4a82-a0a1-b5a6e61437ff/1; https://files-api.properstar.com/api/v2/files/1b348de8-00ec-4a06-bf25-4f2a5a9b6405/1; https://files-api.properstar.com/api/v2/files/60a16d11-8231-486c-b551-2872e8be8dc7/1; https://files-api.properstar.com/api/v2/files/f1cdb5ec-b75d-4a48-ba03-c60904ae4842/1
119083687," $35,000 MXN - Apartment for Rent in MIRO, Camino al Sunset Beach, Cabo San Lucas, Los Cabos ",https://www.properstar.co.uk/listing/119083687,"GBP 1,517"," Vía De Lerry ,  Baja California Sur ,  Los Cabos , Mexico",22.883243,-109.931936,,2,43.0557,Apartment, rentasencabo.com ,2026-07-28T19:35:20.28,https://files-api.properstar.com/api/v2/files/4a680f4c-2043-4c33-b32e-b9f943689f00/1; https://files-api.properstar.com/api/v2/files/1b52e696-56de-42e9-80a4-847c5fb2354c/1; https://files-api.properstar.com/api/v2/files/d78c212d-6ef7-421a-afbc-d92fcfbbb120/1; https://files-api.properstar.com/api/v2/files/d683fa4e-80b9-4047-9fc5-db98ba37a72a/1; https://files-api.properstar.com/api/v2/files/cc186e6f-4fab-4dad-8c06-c615f289b96f/1; https://files-api.properstar.com/api/v2/files/3ad01819-84ef-4236-8966-c18309ab532d/1; https://files-api.properstar.com/api/v2/files/433a920d-092f-4cd3-bd90-fbb6e0a0b8e5/1; https://files-api.properstar.com/api/v2/files/f48a437d-0835-4c34-87f1-c8706b01d730/1; https://files-api.properstar.com/api/v2/files/e8a5ccf0-a545-41cc-80eb-ea69adae3695/1; https://files-api.properstar.com/api/v2/files/8da4ab54-ef4c-4323-bd41-baeaf41ca43e/1; https://files-api.properstar.com/api/v2/files/25a04bb7-7239-4096-b016-cb6b51935d36/1; https://files-api.properstar.com/api/v2/files/1544b78d-e072-474b-86c3-b02cecdee9bb/1; https://files-api.properstar.com/api/v2/files/b6f86517-c299-4f9b-a8e0-d7831977fb3b/1; https://files-api.properstar.com/api/v2/files/1a7fa78d-83f1-4081-8d02-f2623be48945/1
119211907," $65,000 MXN - Ground Floor Apartment with Private Pool for Rent in Solaria, El Tezal, Cabo San Lucas, Los Cabos ",https://www.properstar.co.uk/listing/119211907,"GBP 2,817"," El Tezal ,  Baja California Sur ,  Los Cabos , Mexico",22.904167,-109.891667,,3,43.0557,Apartment, rentasencabo.com ,2026-07-30T19:15:43.753,https://files-api.properstar.com/api/v2/files/6095789e-2ec6-4a6b-a0b2-d88160cce551/1; https://files-api.properstar.com/api/v2/files/cc63faaa-6e1d-4b3a-9b70-6547d916d44c/1; https://files-api.properstar.com/api/v2/files/b85a327b-ae8a-4307-bfbb-eded63793621/1; https://files-api.properstar.com/api/v2/files/d6367bc4-a6ea-4ebd-8a57-8a803cbc04f9/1; https://files-api.properstar.com/api/v2/files/c5a0d41c-4b96-46ba-88ad-e37fcd1b480e/1; https://files-api.properstar.com/api/v2/files/3d5edef7-1c81-4ad7-8d74-7b340d962e7c/1; https://files-api.properstar.com/api/v2/files/2a394e5c-532d-4a65-b2e0-6fc18b535024/1; https://files-api.properstar.com/api/v2/files/a51ef5e8-7cd7-4bb8-96cb-7c13ccf7bce1/1; https://files-api.properstar.com/api/v2/files/42a8a95a-b408-4b01-aa23-7558e313c83d/1; https://files-api.properstar.com/api/v2/files/5a77c92b-5b5f-422d-b88d-39396d1eacd6/1; https://files-api.properstar.com/api/v2/files/c35869b5-7e8f-45d3-9e44-232431f9407e/1; https://files-api.properstar.com/api/v2/files/0b3163a6-9d9e-4b09-a0f0-4c53c4af054d/1; https://files-api.properstar.com/api/v2/files/fdc75ccc-5789-42a0-aa23-3d4371e1a0be/1; https://files-api.properstar.com/api/v2/files/1df21441-0bf6-4579-b0e1-09d20b9d49ef/1; https://files-api.properstar.com/api/v2/files/b7530f3c-6cd1-4759-8158-9a4a4ca025b1/1; https://files-api.properstar.com/api/v2/files/843e9aef-af94-4e93-ae39-6866693f01fa/1; https://files-api.properstar.com/api/v2/files/198951db-634f-4af0-af9a-5883c31fcb19/1; https://files-api.properstar.com/api/v2/files/59be01e8-0a25-4e2e-9439-3172d3278905/1; https://files-api.properstar.com/api/v2/files/9a24c877-b83c-4ca1-ae25-cb7642c401e0/1; https://files-api.properstar.com/api/v2/files/dd534609-c187-4447-b9aa-3cacf58b3258/1; https://files-api.properstar.com/api/v2/files/f4f3da56-e2bd-45b3-ad37-9b16a26d9160/1; https://files-api.properstar.com/api/v2/files/bfa58d06-275f-4752-bde4-ad810f6c0bc9/1; https://files-api.properstar.com/api/v2/files/ad418524-b28b-48e4-90f2-84d27013c471/1; https://files-api.properstar.com/api/v2/files/9a124810-1da9-4bee-aa92-2121cb53e8f4/1; https://files-api.properstar.com/api/v2/files/821f3e09-9059-466a-91ee-aab2a6977f88/1; https://files-api.properstar.com/api/v2/files/f8f17a78-abc9-484f-abc0-c9d09897675c/1; https://files-api.properstar.com/api/v2/files/97f8f132-98a2-4388-a105-e33348c45594/1; https://files-api.properstar.com/api/v2/files/22cac6a4-e8a3-42ee-924f-7a4520afcc78/1; https://files-api.properstar.com/api/v2/files/1dc280c9-80ca-4d5a-972b-fc67a05c2a22/1; https://files-api.properstar.com/api/v2/files/0efeb10d-d720-4613-abc7-7ba98ad5995b/1
119211974," $53,000 MXN - House for Rent in Vistavela Phase I, El Tezal, Cabo San Lucas, Los Cabos ",https://www.properstar.co.uk/listing/119211974,"GBP 2,297"," El Tezal ,  Baja California Sur ,  Los Cabos , Mexico",22.904167,-109.891667,,3,43.0557,House, rentasencabo.com ,2026-07-30T19:15:43.753,https://files-api.properstar.com/api/v2/files/3035a0fc-d430-4adf-8ed1-4cab40bb45dc/1; https://files-api.properstar.com/api/v2/files/402de9d8-f340-4e3d-a321-902c05f639ab/1; https://files-api.properstar.com/api/v2/files/658c3437-ee5b-40da-a090-81dcb19ceb91/1; https://files-api.properstar.com/api/v2/files/3e79b294-9771-4aa4-b2c7-a9cd908e66dc/1; https://files-api.properstar.com/api/v2/files/a9f1565a-f38c-411a-aa19-293890bb0b49/1; https://files-api.properstar.com/api/v2/files/afb0e538-0490-40d7-b459-06eeea02f57f/1; https://files-api.properstar.com/api/v2/files/6d986ac9-6f70-446c-b5d2-0e1e8f2a9dc2/1; https://files-api.properstar.com/api/v2/files/4489f7b5-528d-4253-84f0-797e1771d260/1; https://files-api.properstar.com/api/v2/files/39ac0c3c-d6b1-4198-8d82-638eb4000e77/1; https://files-api.properstar.com/api/v2/files/71fb9f79-3ee9-4782-a10e-5c2657b74c21/1; https://files-api.properstar.com/api/v2/files/f8e5b9a7-3059-43df-a4f1-b20025bfb70c/1; https://files-api.properstar.com/api/v2/files/0cd34cfe-a636-4a52-8347-89ba0f02aa0b/1; https://files-api.properstar.com/api/v2/files/1f987d09-316b-48f9-a91a-8ee53e3494b1/1; https://files-api.properstar.com/api/v2/files/15d2085b-736f-4067-9448-1b2488bdf336/1; https://files-api.properstar.com/api/v2/files/19e0cd4b-bfff-4a37-94e9-071e61dd7145/1; https://files-api.properstar.com/api/v2/files/c694db9c-6628-4155-bdde-a3732a82ceef/1; https://files-api.properstar.com/api/v2/files/46a9eda1-a046-446e-a2ce-529259c24800/1; https://files-api.properstar.com/api/v2/files/667c04bc-89d1-4d93-a438-e22ba67b5590/1; https://files-api.properstar.com/api/v2/files/7d1717bc-7fb4-4b10-a0a5-c7c3b6bc039e/1; https://files-api.properstar.com/api/v2/files/8c73fba1-0842-40ce-b2d0-60961005443e/1; https://files-api.properstar.com/api/v2/files/600718a7-c3f9-4611-9a39-ae6bdb500088/1; https://files-api.properstar.com/api/v2/files/ddf5cb94-febf-433c-964c-a9fdab7014e4/1; https://files-api.properstar.com/api/v2/files/26654a2f-2bc5-492b-b9e2-26b1f626a0ef/1; https://files-api.properstar.com/api/v2/files/06200b54-d80c-4c3c-bdc8-9a40c3414a9b/1; https://files-api.properstar.com/api/v2/files/c6f42fba-87e8-4b7f-a907-ebef783453f5/1; https://files-api.properstar.com/api/v2/files/988fa580-05cc-4b54-b85b-b4a83fb92859/1; https://files-api.properstar.com/api/v2/files/a723428f-44dc-49a2-943c-48fd2b039781/1; https://files-api.properstar.com/api/v2/files/9d41a73b-b0b8-43e9-b690-31e58606bbb3/1; https://files-api.properstar.com/api/v2/files/b80412f6-a2ed-458b-92c5-381ca2434dc1/1; https://files-api.properstar.com/api/v2/files/fdfde30d-739a-4357-a9d2-43ff93b8e9eb/1
119083688," $45,000 MXN - House for Rent in Sunset Beach, Cabo San Lucas, Los Cabos ",https://www.properstar.co.uk/listing/119083688,"GBP 1,950"," Vía De Lerry ,  Baja California Sur ,  Los Cabos , Mexico",22.883243,-109.931936,,3,43.0557,House, rentasencabo.com ,2026-07-28T19:35:20.28,https://files-api.properstar.com/api/v2/files/edfab053-45c7-455a-83ba-d1a4e1f717cd/1; https://files-api.properstar.com/api/v2/files/1e5399f8-c9b2-4952-bad5-7a822f50d939/1; https://files-api.properstar.com/api/v2/files/fd4280b8-ea89-4b11-8abe-22783b544837/1; https://files-api.properstar.com/api/v2/files/175b086f-93ab-49cf-8155-456370932c64/1; https://files-api.properstar.com/api/v2/files/ddd4c03c-aff5-454d-8eb4-0934d7251bac/1; https://files-api.properstar.com/api/v2/files/d76514a4-05a3-4521-9109-cdb3992f3633/1; https://files-api.properstar.com/api/v2/files/d4a5c442-98f9-4bf2-8010-c5d2ca248214/1; https://files-api.properstar.com/api/v2/files/93730eee-72cb-4391-9ef7-f8f76ecf1211/1; https://files-api.properstar.com/api/v2/files/9fdc9394-0ac2-46c7-ab12-b0541006b59b/1; https://files-api.properstar.com/api/v2/files/5a684274-4e5d-40df-aacf-a6433c533ed8/1; https://files-api.properstar.com/api/v2/files/6a4924a0-0a52-47c3-b50d-06f4a5b3ac24/1; https://files-api.properstar.com/api/v2/files/d2bac34c-23bb-4dea-af3f-4a6b3142ee06/1
119211962," $40,000 MXN - Apartment for Rent in Vista Vela III, El Tezal, Cabo San Lucas, Los Cabos ",https://www.properstar.co.uk/listing/119211962,"GBP 1,733"," El Tezal ,  Baja California Sur ,  Los Cabos , Mexico",22.904167,-109.891667,,3,43.0557,Apartment, rentasencabo.com ,2026-07-30T19:15:43.753,https://files-api.properstar.com/api/v2/files/fb4a9871-6a04-4290-91a5-02484c8ef1fe/1; https://files-api.properstar.com/api/v2/files/b9328424-0b24-4d71-8b3e-242cff54566a/1; https://files-api.properstar.com/api/v2/files/9fa6e604-eed7-43ba-90a1-97e1b58dfbd8/1; https://files-api.properstar.com/api/v2/files/39c88241-9c70-4cdf-aabf-b2a4c0854f4c/1; https://files-api.properstar.com/api/v2/files/5264c76b-7036-4104-8a29-54b10b4726c5/1; https://files-api.properstar.com/api/v2/files/d753f494-e9a6-4f12-b9db-ddf3807a7b78/1; https://files-api.properstar.com/api/v2/files/866b3ec7-2ecb-43f6-b1cf-66eabd9499d8/1; https://files-api.properstar.com/api/v2/files/eb86e1f5-ba0b-42d9-b2c3-da6a772e60c8/1; https://files-api.properstar.com/api/v2/files/bcfac3b5-c09f-4f20-937b-b4a1245c1d2b/1; https://files-api.properstar.com/api/v2/files/de5a2a79-1216-4bcf-bb97-bbdd6edb0acb/1; https://files-api.properstar.com/api/v2/files/556bfabc-e2f5-4497-8520-4b1bbb39871f/1; https://files-api.properstar.com/api/v2/files/70a185d4-098b-49dc-9fa1-24a775b0a21a/1; https://files-api.properstar.com/api/v2/files/e27c32d1-3799-42e4-876d-d684ad7d3f1a/1; https://files-api.properstar.com/api/v2/files/1685a0da-2d38-42c9-8175-dc98acfa0cc8/1; https://files-api.properstar.com/api/v2/files/84251abd-41e3-4508-89a9-cefaf20f4aa6/1; https://files-api.properstar.com/api/v2/files/96ef33b8-65c7-42d0-bb06-8121ce16f297/1; https://files-api.properstar.com/api/v2/files/965ee744-b8b4-4915-b64c-0e8f850bb3eb/1; https://files-api.properstar.com/api/v2/files/e6a4fb99-26e8-443f-9f10-6d91dc520223/1; https://files-api.properstar.com/api/v2/files/3a0dab8e-dbb1-490b-941d-6ecdf5fd7a66/1; https://files-api.properstar.com/api/v2/files/4b17edd7-b5de-4c89-891f-9f091cc1fba2/1; https://files-api.properstar.com/api/v2/files/790d8bdc-f1c1-4a40-978c-e5b23f6dc068/1; https://files-api.properstar.com/api/v2/files/dc4223b1-086b-4ecf-8806-679075626d86/1; https://files-api.properstar.com/api/v2/files/5a062f95-8139-4100-9cc9-00b0ad9b195f/1; https://files-api.properstar.com/api/v2/files/58b188fb-a6ce-4d0e-b43c-24048dbc745a/1; https://files-api.properstar.com/api/v2/files/ce6c7177-0cab-4913-b460-ee95c785bbbb/1; https://files-api.properstar.com/api/v2/files/1d42986d-8706-42a7-a529-048d5189482f/1
119083649," $37,000 MXN - House for Rent in Privanzas, El Tezal, Cabo San Lucas, Los Cabos ",https://www.properstar.co.uk/listing/119083649,"GBP 1,603"," El Tezal ,  Baja California Sur ,  Los Cabos , Mexico",22.904167,-109.891667,,2,43.0557,House, rentasencabo.com ,2026-07-28T19:35:20.28,https://files-api.properstar.com/api/v2/files/ccf4b031-4c98-4427-b979-422628040c52/1; https://files-api.properstar.com/api/v2/files/d2e3f959-24f7-41f2-b6d2-0ef90a601b41/1; https://files-api.properstar.com/api/v2/files/af2d8821-1258-4382-9a43-cd5bacd66c89/1; https://files-api.properstar.com/api/v2/files/fb39a6ac-ceec-4e94-8565-3ad2ec5c9e25/1; https://files-api.properstar.com/api/v2/files/0dbc4faf-968c-4d58-bed3-677e551d3df0/1; https://files-api.properstar.com/api/v2/files/df08256c-b783-4bff-84e8-dd97403c620b/1; https://files-api.properstar.com/api/v2/files/2af36862-cd94-41bc-a615-fb6db323cfe2/1; https://files-api.properstar.com/api/v2/files/b2ba59ee-223f-4bd1-badb-ce7c336977c3/1; https://files-api.properstar.com/api/v2/files/68fa7053-c625-4e4e-a25f-751e038eedfd/1; https://files-api.properstar.com/api/v2/files/f886f7f0-bffc-48f2-9e7a-83cd7704723d/1; https://files-api.properstar.com/api/v2/files/13eff21b-6b26-4f70-ba76-9c659d95f4cc/1; https://files-api.properstar.com/api/v2/files/c6c79f2b-fb57-49f4-aeaf-51a1e44cddee/1; https://files-api.properstar.com/api/v2/files/da30ff46-e7b2-4385-9602-053fddda781f/1; https://files-api.properstar.com/api/v2/files/40b5d1a3-c354-404d-b743-bb49a0b3992b/1; https://files-api.properstar.com/api/v2/files/b0db55ac-4a67-473e-86fc-996c2d8a7427/1; https://files-api.properstar.com/api/v2/files/e88de0ae-f329-4582-b0aa-d0d6c0c7d3b2/1; https://files-api.properstar.com/api/v2/files/08683830-f0d8-4fc3-b0f0-ccf6a1b2940c/1; https://files-api.properstar.com/api/v2/files/4acdd33b-e6cf-496f-b968-caa63396c409/1; https://files-api.properstar.com/api/v2/files/fee783e9-f0a8-4553-a5de-c2d4b5525876/1; https://files-api.properstar.com/api/v2/files/847c8c02-332e-4a0b-aae3-8819535a635b/1; https://files-api.properstar.com/api/v2/files/c4d97c55-26b7-4627-a49f-9b5f38a72527/1; https://files-api.properstar.com/api/v2/files/690b68e0-453f-45df-ad3c-99ba507f8464/1; https://files-api.properstar.com/api/v2/files/ab3d334a-6327-45aa-989e-a77434c732b4/1; https://files-api.properstar.com/api/v2/files/3045c72e-b8ce-480e-bfc6-691aa3dfe5e0/1; https://files-api.properstar.com/api/v2/files/b9b65092-8db2-4180-b0d6-bf431d9976d5/1; https://files-api.properstar.com/api/v2/files/10ef024c-d318-4b30-aee0-9a17ed07c2cc/1; https://files-api.properstar.com/api/v2/files/9c0a633c-11e6-41d5-810a-f6d20b46dcf7/1; https://files-api.properstar.com/api/v2/files/a8f29d51-055e-49b9-94bb-13622cd81d26/1
119083650," $24,000 MXN - Apartment for Rent in Luna del Tezal, El Tezal, Cabo San Lucas, Los Cabos ",https://www.properstar.co.uk/listing/119083650,"GBP 1,040"," El Tezal ,  Baja California Sur ,  Los Cabos , Mexico",22.904167,-109.891667,,2,43.0557,Apartment, rentasencabo.com ,2026-07-28T19:35:20.28,https://files-api.properstar.com/api/v2/files/53f89d1f-0836-45c2-be93-135002592ade/1; https://files-api.properstar.com/api/v2/files/8f3a051b-f375-4e71-b125-886ef7a230cd/1; https://files-api.properstar.com/api/v2/files/884fd02a-32d7-44b8-8848-cefc5680b2e1/1; https://files-api.properstar.com/api/v2/files/3de03eea-e681-4bec-9c9c-85c4a8e4b872/1; https://files-api.properstar.com/api/v2/files/ac25cfaa-c9c8-486b-9d91-d94883255739/1; https://files-api.properstar.com/api/v2/files/86618c3d-f9d7-48c4-bea5-2c8dd93aea19/1; https://files-api.properstar.com/api/v2/files/dd06ccd5-451e-429e-a3f3-c8fc43c3b002/1; https://files-api.properstar.com/api/v2/files/7ddc4e0d-0da3-445f-ad75-62a37d5a83b9/1; https://files-api.properstar.com/api/v2/files/8a91e8cf-0f88-43aa-84ec-b20300287ffb/1; https://files-api.properstar.com/api/v2/files/77987220-9936-4337-b0da-377cb6b485f7/1; https://files-api.properstar.com/api/v2/files/80ec7274-0a4e-4d47-832c-f90d5e045bf0/1; https://files-api.properstar.com/api/v2/files/e5cbb5dc-2444-4d98-a1ee-377d21f7e127/1; https://files-api.properstar.com/api/v2/files/a75506f5-e8bd-4bd8-82d8-a749e5d7ed15/1; https://files-api.properstar.com/api/v2/files/d283d911-a8d1-4206-a444-aab254d1900e/1
119083689," $1,800 USD - Apartment for Rent in Cabo Costa, El Tezal, Cabo San Lucas, Los Cabos ",https://www.properstar.co.uk/listing/119083689,"GBP 1,320"," El Tezal ,  Baja California Sur ,  Los Cabos , Mexico",22.904167,-109.891667,,2,43.0557,Apartment, rentasencabo.com ,2026-07-28T19:35:20.28,https://files-api.properstar.com/api/v2/files/6682fa57-3626-4bc0-a2fc-f86e2e2f12f6/1; https://files-api.properstar.com/api/v2/files/9f9de64e-027f-428f-8c10-31b3c6d132d7/1; https://files-api.properstar.com/api/v2/files/745c52ba-4ceb-43de-82b9-b0efeecd5864/1; https://files-api.properstar.com/api/v2/files/0123c247-9ac2-42b0-993b-966e272c7747/1; https://files-api.properstar.com/api/v2/files/feecfa73-0ef0-4f64-bd96-be057e939b89/1; https://files-api.properstar.com/api/v2/files/6328c283-bf53-4587-aada-848d59b9180a/1; https://files-api.properstar.com/api/v2/files/e3c8eb4f-9914-4a1c-a770-81317be3b116/1; https://files-api.properstar.com/api/v2/files/a05659b6-6a82-4acc-ab95-c0cb8130b781/1; https://files-api.properstar.com/api/v2/files/30e79fc9-5768-4613-ae77-0a2ddc908576/1; https://files-api.properstar.com/api/v2/files/7750f4c8-b1ea-447f-bca9-7a205a25eb5e/1; https://files-api.properstar.com/api/v2/files/49fa71c4-4fb1-4e50-827d-a142f12f3b80/1; https://files-api.properstar.com/api/v2/files/c5d1a51f-cd9e-4430-90ad-41c0464d328e/1; https://files-api.properstar.com/api/v2/files/2ed37671-b8dc-4a19-b3cc-520bee1b1ef2/1; https://files-api.properstar.com/api/v2/files/29258261-ad2c-4e1a-b968-46952996af04/1; https://files-api.properstar.com/api/v2/files/6fecfa97-11d9-45a6-bed2-ae444326d497/1; https://files-api.properstar.com/api/v2/files/8c14fbad-8a78-47d2-90e6-09457c537807/1; https://files-api.properstar.com/api/v2/files/bb4287ec-39b3-41cd-b588-394f50c11564/1; https://files-api.properstar.com/api/v2/files/180c5ac0-0b46-495d-9ed1-92a585b3db81/1; https://files-api.properstar.com/api/v2/files/55f8f6a6-6bcf-42ad-9443-d73855de6ee9/1; https://files-api.properstar.com/api/v2/files/55969e3e-b12b-494b-8892-6b93f9f863b2/1; https://files-api.properstar.com/api/v2/files/b1dbc493-b815-4711-9143-f3bf3583b485/1; https://files-api.properstar.com/api/v2/files/d5b537d3-0376-4c8d-a72b-bd683191d10e/1; https://files-api.properstar.com/api/v2/files/531df187-ce6d-4b7c-b7e7-6420dc953889/1; https://files-api.properstar.com/api/v2/files/b971b403-a360-4999-bf0b-437114568c6e/1; https://files-api.properstar.com/api/v2/files/9c85a636-1f80-4b20-b2a4-29460623f21f/1; https://files-api.properstar.com/api/v2/files/a99fb563-72b9-45e9-b672-4c09bc6069ca/1; https://files-api.properstar.com/api/v2/files/01ffd35a-88be-4d5c-bd3a-73353fe7fff3/1; https://files-api.properstar.com/api/v2/files/4dccc85c-265b-4959-ac25-bdc2e20e5752/1; https://files-api.properstar.com/api/v2/files/439f019d-99dd-4a10-b298-4aacb061bec6/1; https://files-api.properstar.com/api/v2/files/7ba5733e-ce51-4d62-9254-e4436fe8faad/1
119083624," $22,000 MXN - House for Rent in Arcos del Sol, Cabo San Lucas, Los Cabos ",https://www.properstar.co.uk/listing/119083624,GBP 953," Arcos del Sol ,  Baja California Sur ,  Los Cabos , Mexico",22.902452,-109.926985,,2,43.0557,House, rentasencabo.com ,2026-07-28T19:35:20.28,https://files-api.properstar.com/api/v2/files/1736c5b6-162e-4d43-bab2-4324f97d85d4/1; https://files-api.properstar.com/api/v2/files/06e896e6-0641-41fd-ba11-25189366fefb/1; https://files-api.properstar.com/api/v2/files/2d4e5fd3-7da2-45d8-99ac-c1007d73b074/1; https://files-api.properstar.com/api/v2/files/52f85ce8-15ea-4d47-a24d-95a6e49ee5bd/1; https://files-api.properstar.com/api/v2/files/e80a2bc8-8c8b-4aa4-90d4-6ee693a4edb2/1; https://files-api.properstar.com/api/v2/files/c6338f7b-626d-49ea-8ed9-6b806eb9d357/1; https://files-api.properstar.com/api/v2/files/969b98f6-c1ce-47d3-8db4-c290fdb3a40d/1; https://files-api.properstar.com/api/v2/files/639cfeac-6e57-4f15-a56c-2c5792df544e/1; https://files-api.properstar.com/api/v2/files/c03ba154-5f90-4465-bbbc-13014f80adc2/1; https://files-api.properstar.com/api/v2/files/d1b20345-64a1-4856-89e6-7d427da9ec2a/1; https://files-api.properstar.com/api/v2/files/a7ce5821-b26b-487c-a829-111e57c7da61/1; https://files-api.properstar.com/api/v2/files/768ea7df-50f6-4a9a-a86b-e5cbd1d2ac95/1; https://files-api.properstar.com/api/v2/files/e6cdf377-f065-416d-a20a-6f5e393da006/1; https://files-api.properstar.com/api/v2/files/977c7557-1a77-4f52-a5b0-6bdfe08e0027/1; https://files-api.properstar.com/api/v2/files/f439251c-199f-4f37-9f21-d2a8443390aa/1; https://files-api.properstar.com/api/v2/files/05d4d309-4782-4a39-abca-daf4a55a50a0/1; https://files-api.properstar.com/api/v2/files/4d9089a8-f9c6-4bc9-9eb5-5c7183ba82c7/1; https://files-api.properstar.com/api/v2/files/0cb164a8-a85f-41fc-9479-83633990d2a4/1; https://files-api.properstar.com/api/v2/files/08247152-1b45-4bf1-81e1-ed7f97411a74/1; https://files-api.properstar.com/api/v2/files/c1b34083-e6f2-4d1d-847a-a3887f7a117d/1; https://files-api.properstar.com/api/v2/files/7123d492-7864-4237-a360-daf483476f4b/1; https://files-api.properstar.com/api/v2/files/df391882-4d1a-408e-bb7a-a75bdd917990/1; https://files-api.properstar.com/api/v2/files/f6021dfa-4cc8-42be-894a-e13bf5bd3257/1; https://files-api.properstar.com/api/v2/files/6035d844-73f9-4891-bf75-907adb2219fa/1; https://files-api.properstar.com/api/v2/files/0471c341-7788-4c21-b7c2-c4031937fd5c/1; https://files-api.properstar.com/api/v2/files/aa0b33c7-bc00-48c6-ab35-4c6ba1431c46/1; https://files-api.properstar.com/api/v2/files/a521d5fb-f161-4da7-b1a1-517859bf62ba/1; https://files-api.properstar.com/api/v2/files/82f1716e-ccd9-4bd9-9756-02565418c361/1; https://files-api.properstar.com/api/v2/files/3e2be45a-4c53-4e3a-b777-0ab7fcb922fe/1; https://files-api.properstar.com/api/v2/files/8282b361-de71-4923-a2b3-f0be0fafe5b9/1
119083651," $34,000 MXN - Apartment for Rent in Costa Azul, Tourist Corridor, San Jose del Cabo, Los Cabos ",https://www.properstar.co.uk/listing/119083651,"GBP 1,473"," Costa Azul ,  Baja California Sur ,  Los Cabos , Mexico",23.033395,-109.713696,,2,43.0557,Apartment, rentasencabo.com ,2026-07-28T19:35:20.28,https://files-api.properstar.com/api/v2/files/3f065417-15f6-485d-9966-597a2163ca16/1; https://files-api.properstar.com/api/v2/files/c2793cc8-8a6f-491b-bbb1-8ca2e1acaf3a/1; https://files-api.properstar.com/api/v2/files/071ec21d-1c92-46c5-ad19-c11f0c7b3542/1; https://files-api.properstar.com/api/v2/files/713f690b-be15-45ea-b266-87888962ca4c/1; https://files-api.properstar.com/api/v2/files/4f417e20-2a2b-4e53-a642-d440c56001d2/1; https://files-api.properstar.com/api/v2/files/b6547ce4-166c-48f2-8107-91191628775d/1; https://files-api.properstar.com/api/v2/files/492805f6-47c1-4ccf-a927-4d712268347f/1
118902617," $32,000 MXN - House for Rent in Amalfi, El Tezal, Cabo San Lucas ",https://www.properstar.co.uk/listing/118902617,"GBP 1,387","El Tezal, Baja California Sur ,  Los Cabos, Mexico",22.904167,-109.891667,,2,43.0557,House, rentasencabo.com ,2026-07-21T19:41:35.43,https://files-api.properstar.com/api/v2/files/f409a3bb-6187-466c-aec3-6c1901b91e5f/1; https://files-api.properstar.com/api/v2/files/e92f8dfd-ba9a-4579-ada0-a1183891e3ce/1; https://files-api.properstar.com/api/v2/files/5f8eb51f-5637-407c-9da0-fa9dc2a492d8/1; https://files-api.properstar.com/api/v2/files/43a40476-3067-4a29-a386-910129b043e3/1; https://files-api.properstar.com/api/v2/files/b05c5e8c-7d50-4b7b-b9b9-7d48630a60bf/1; https://files-api.properstar.com/api/v2/files/cbb0099b-7e37-40ad-809a-bd0e62d30dc8/1; https://files-api.properstar.com/api/v2/files/5083d229-2031-440a-b547-c518cd7fe81e/1; https://files-api.properstar.com/api/v2/files/68a12c1e-6ae9-4c5f-87ab-4dc7306ebfd0/1; https://files-api.properstar.com/api/v2/files/39992817-2b13-4c6d-8a6f-25a0d8f3175a/1; https://files-api.properstar.com/api/v2/files/8735af28-b918-4b9c-903e-7c41c698192c/1; https://files-api.properstar.com/api/v2/files/0881eae1-b0f4-4e75-9e74-b37a2cc8d4b8/1; https://files-api.properstar.com/api/v2/files/02c4b86e-4ed4-4d53-926d-b381d11c9e9e/1; https://files-api.properstar.com/api/v2/files/65f0c33f-1329-4fe2-940e-65c62859d8b6/1; https://files-api.properstar.com/api/v2/files/d2030b24-7d37-4dd3-9462-cb5c343c8205/1; https://files-api.properstar.com/api/v2/files/a83cd1fe-9885-41ab-889d-760306a34e38/1; https://files-api.properstar.com/api/v2/files/5d140c27-6757-4fec-bc48-568e8f3c09ef/1; https://files-api.properstar.com/api/v2/files/f86f25d6-9b38-4163-8206-30123f08a8aa/1; https://files-api.properstar.com/api/v2/files/3da25ddb-db2a-4b16-bd8e-7efe52e74c3e/1; https://files-api.properstar.com/api/v2/files/29fbf12d-7906-4e54-a496-401c47e45a4a/1; https://files-api.properstar.com/api/v2/files/a643498e-cc0b-4e10-a387-dc475ca7f0f3/1; https://files-api.properstar.com/api/v2/files/18fef1f1-28ec-42fc-8c25-3f16ac3df104/1; https://files-api.properstar.com/api/v2/files/50001d68-91b0-4b75-9079-f7787e1415cd/1; https://files-api.properstar.com/api/v2/files/07703246-4666-482a-a33f-52fed269491d/1; https://files-api.properstar.com/api/v2/files/3a44c29c-49a8-47e0-b851-8bb559af5f01/1; https://files-api.properstar.com/api/v2/files/0db82aa4-b54d-4ef2-8453-19c4e78908e7/1; https://files-api.properstar.com/api/v2/files/212fb5d6-d02b-4fd9-9e71-c233a19721e9/1
117440311,"Apartment for rent in Tramonti, the tezal Cabo San Lucas, furnished.",https://www.properstar.co.uk/listing/117440311,"GBP 1,603","512 Salomon de la Cruz Perez, Los Cabos, Mexico",22.913671,-109.872571,,2,1184.03064,Furnished apartment,Paola Cristina Pliego Bañuelos,2026-06-09T23:58:37,https://files-api.properstar.com/api/v2/files/5ff73671-e844-4048-8455-1d8ef409615d/1; https://files-api.properstar.com/api/v2/files/2101b658-194d-4127-9562-8cd38cee564f/1; https://files-api.properstar.com/api/v2/files/46e02b22-7789-49a3-84ef-769f11bfdb1a/1; https://files-api.properstar.com/api/v2/files/26578700-675b-42b3-9e3d-f2802cec76f8/1; https://files-api.properstar.com/api/v2/files/a8df5911-105f-4f9f-ba1e-eb1f9de73ef3/1; https://files-api.properstar.com/api/v2/files/64524757-3dec-47b7-9cb8-5f17bb73730b/1; https://files-api.properstar.com/api/v2/files/5bf5d01f-f52c-471a-a851-617d37b2a699/1; https://files-api.properstar.com/api/v2/files/b194a909-3dfb-42c6-af4a-8b68c74319f2/1
117597516,Furnished apartment for rent steps from the marina in Cabo San Lucas.,https://www.properstar.co.uk/listing/117597516,"GBP 1,686","8 Av. del Pescador, Cabo San Lucas, Mexico",22.891178,-109.906729,,3,,Furnished apartment,Paola Cristina Pliego Bañuelos,2026-06-13T19:07:58,https://files-api.properstar.com/api/v2/files/b594b851-ad30-4ca1-9a4a-f39f92d222f3/1; https://files-api.properstar.com/api/v2/files/471b0631-2f3d-4204-8465-e83208343f95/1; https://files-api.properstar.com/api/v2/files/555ffb38-89fa-430b-910c-18ef9bda2464/1; https://files-api.properstar.com/api/v2/files/74a34244-3f69-4f0b-ba36-c157f9244a46/1; https://files-api.properstar.com/api/v2/files/103fe407-0517-47de-8bfb-ad8b60462c4e/1; https://files-api.properstar.com/api/v2/files/e6b7486d-c0ec-4cb7-a2c2-7a1b240dfc93/1; https://files-api.properstar.com/api/v2/files/79ad8567-9550-4ef2-a71d-12e06a475470/1; https://files-api.properstar.com/api/v2/files/ebe123e9-84cb-4718-b5ef-a3983019fa7c/1; https://files-api.properstar.com/api/v2/files/2175a6ca-d871-4629-83e8-df241a02a56b/1; https://files-api.properstar.com/api/v2/files/8b0a96d2-a15f-413e-8b63-88d202f3e236/1; https://files-api.properstar.com/api/v2/files/50ee42c8-1db9-4c31-8c3d-d2bbabe5cd04/1
118731494," $45,000 MXN - Apartment for Rent in Atrium, San Jose del Cabo Centro ",https://www.properstar.co.uk/listing/118731494,"GBP 1,950"," San José del Cabo Centro ,  Baja California Sur ,  Los Cabos , Mexico",23.061844,-109.695179,,2,43.0557,Apartment, rentasencabo.com ,2026-07-14T19:29:11.637,https://files-api.properstar.com/api/v2/files/1e58b488-9f76-4e7c-bedf-97d5e1d67aa0/1; https://files-api.properstar.com/api/v2/files/5d2c54ac-b7e9-45dd-95b3-9ae4d23c66ff/1; https://files-api.properstar.com/api/v2/files/c45f6ce8-70a5-4fe7-a04c-511e3fb4a0be/1; https://files-api.properstar.com/api/v2/files/e3138910-ae3d-44bc-adc1-c94487faf72d/1; https://files-api.properstar.com/api/v2/files/3d9edb6a-b62b-41f1-9f5d-a83a8888173f/1; https://files-api.properstar.com/api/v2/files/eca92076-d31c-4d78-9fbe-9d9d2eac0fe9/1; https://files-api.properstar.com/api/v2/files/ebb241dc-b1ba-4e95-a07d-a04ea886378d/1; https://files-api.properstar.com/api/v2/files/68f8079d-069d-4dfb-ad3e-15351595f742/1; https://files-api.properstar.com/api/v2/files/b11e0b2b-eccb-4fdf-b2a0-5b485e3d116b/1; https://files-api.properstar.com/api/v2/files/575cbae4-33e4-4e10-bc44-585491c7974a/1; https://files-api.properstar.com/api/v2/files/34459930-45ce-47f7-a3e9-38e1ead5de25/1; https://files-api.properstar.com/api/v2/files/fc7c1ad5-0fc1-4557-8b50-c52275d2aa52/1; https://files-api.properstar.com/api/v2/files/28c6e356-ea62-4e02-818a-84fa644a7848/1; https://files-api.properstar.com/api/v2/files/32101adc-6ac8-47d0-b646-eab3d9f0e581/1; https://files-api.properstar.com/api/v2/files/e1411a2a-6d3b-49a6-a383-a368a9f228fa/1; https://files-api.properstar.com/api/v2/files/b4d94761-cc1f-4ddf-81aa-c3b8498ee9a9/1; https://files-api.properstar.com/api/v2/files/8d063578-c703-468f-9a92-18dcf8d06d30/1; https://files-api.properstar.com/api/v2/files/04549fa0-647a-4298-bf6d-34957c457cd5/1; https://files-api.properstar.com/api/v2/files/11300bfb-a5c6-40d8-a0ce-8682362b9111/1; https://files-api.properstar.com/api/v2/files/7ee17154-43e8-4f3e-be14-8bdbf439904a/1; https://files-api.properstar.com/api/v2/files/8535d0c1-b8c7-4b63-bb23-78e2170045e6/1; https://files-api.properstar.com/api/v2/files/5f04968a-b18e-41c4-84c7-2e6f0ca89bdc/1; https://files-api.properstar.com/api/v2/files/9e4104e5-9f6c-4054-9ce9-813fd4e3140a/1; https://files-api.properstar.com/api/v2/files/5b2eb2f7-5ff7-47a9-8e9c-640881c5a86d/1; https://files-api.properstar.com/api/v2/files/988101cc-bfa8-49f5-abbb-7fb586dd13d1/1; https://files-api.properstar.com/api/v2/files/95703b29-3cec-4c0c-805f-a99d94445865/1; https://files-api.properstar.com/api/v2/files/524e8da7-d915-4c4f-9476-8d1626b11399/1; https://files-api.properstar.com/api/v2/files/9e1b539d-4d3b-4680-bc10-86fdb5f3efa8/1; https://files-api.properstar.com/api/v2/files/2fd6ae34-07f1-4731-9668-a7989740bafc/1; https://files-api.properstar.com/api/v2/files/acbbd0f0-a18f-4773-b360-803aec8b2883/1
118731514," $35,000 MXN - Apartment for Rent in Villas Emmanuel, Cabo San Lucas ",https://www.properstar.co.uk/listing/118731514,"GBP 1,517"," 4 de Marzo ,  Baja California Sur ,  Los Cabos , Mexico",22.892302,-109.931078,,2,43.0557,Apartment, rentasencabo.com ,2026-07-14T19:29:11.637,https://files-api.properstar.com/api/v2/files/9e99fdfb-92f5-4e49-9444-cf2b04be7435/1; https://files-api.properstar.com/api/v2/files/b312a880-eea6-41ff-ab49-0e64439eb686/1; https://files-api.properstar.com/api/v2/files/734dd8ce-a705-40c8-8e17-603a2d17aae5/1; https://files-api.properstar.com/api/v2/files/0ba29513-5b4a-4f4f-bee7-9c418e98592c/1; https://files-api.properstar.com/api/v2/files/34f26ce7-4d19-4749-a023-4668795c0fec/1; https://files-api.properstar.com/api/v2/files/e059450c-b3eb-41d3-b285-5e2b3b434711/1; https://files-api.properstar.com/api/v2/files/53457547-c718-46fd-ac79-6238f5654cc0/1; https://files-api.properstar.com/api/v2/files/c88adbbc-a6fa-4d1c-982a-5113e22438f3/1; https://files-api.properstar.com/api/v2/files/86016cf1-7a96-46bd-8ce9-eeb17d1a3367/1; https://files-api.properstar.com/api/v2/files/4c9c78c5-97f3-48eb-a54c-3b89470e87bb/1; https://files-api.properstar.com/api/v2/files/6611a095-a024-40ab-b630-70ed30ba9f25/1; https://files-api.properstar.com/api/v2/files/9a975582-166a-481d-a913-1b9c35527126/1; https://files-api.properstar.com/api/v2/files/e2a7553f-fd0d-4e32-8bb5-ea4f387aaa28/1; https://files-api.properstar.com/api/v2/files/57ee1632-5d0d-4dab-88b0-c9ebb7d4b0b6/1; https://files-api.properstar.com/api/v2/files/75998671-e246-4eee-b1c9-c6a6dc76110b/1; https://files-api.properstar.com/api/v2/files/0651def6-9080-471a-9c46-d979d87565a2/1; https://files-api.properstar.com/api/v2/files/ae0bc624-8ad2-4b28-8c86-79890861a000/1; https://files-api.properstar.com/api/v2/files/f9f70226-fbce-4f36-9bf3-45390183ddec/1; https://files-api.properstar.com/api/v2/files/8949fe37-fa35-4f90-8008-48775c55f08a/1; https://files-api.properstar.com/api/v2/files/3fc8690f-b1a7-45ad-8313-ba1f6ac835ba/1; https://files-api.properstar.com/api/v2/files/7ba26e2f-8670-4885-be91-3676e80a4e87/1; https://files-api.properstar.com/api/v2/files/c32ffb1b-2be7-4899-a396-dcf7c22e9e6a/1; https://files-api.properstar.com/api/v2/files/f30ba650-8b93-4408-b27f-5610028bbabe/1; https://files-api.properstar.com/api/v2/files/31b283d7-3586-4d93-afa5-2a0283bef094/1; https://files-api.properstar.com/api/v2/files/667c8abd-81d7-46a8-bc47-316c14d1c786/1
118008649,"Apartment for rent in Pueblo Bonito Sunset, Los Cabos, Baja California Sur",https://www.properstar.co.uk/listing/118008649,"GBP 1,387","vía de lerry  y blvd. Miguel Angel Herrera, Pueblo Bonito Sunset, Los Cabos, Mexico",22.884824,-109.929601,2,2,957.9884,Apartment,Elizabeth Sanchez ,2026-07-07T15:17:09.803,https://files-api.properstar.com/api/v2/files/fe4f2190-5a63-461d-ade7-c7e964e0e88a/1; https://files-api.properstar.com/api/v2/files/67845d7a-5fbe-41c1-a725-c8f6749e1ea3/1; https://files-api.properstar.com/api/v2/files/ee903218-a80d-465c-8239-562e79353e07/1; https://files-api.properstar.com/api/v2/files/11268e81-b402-4f84-8630-ef81d1fc59d0/1; https://files-api.properstar.com/api/v2/files/bb1cf143-859f-40c8-beae-56cfddcb3b13/1; https://files-api.properstar.com/api/v2/files/77c1683c-b2a1-44a8-ba65-6c048df3f437/1; https://files-api.properstar.com/api/v2/files/3d6d7ca4-52b9-4d40-ab36-b281f4cb15bc/1; https://files-api.properstar.com/api/v2/files/ace90599-2e9f-4081-ace0-80ed3b8b1391/1; https://files-api.properstar.com/api/v2/files/afce36dd-3d2c-484b-8a01-12d1013148ef/1; https://files-api.properstar.com/api/v2/files/e498fcae-aef1-483c-b09d-3dded550cab3/1; https://files-api.properstar.com/api/v2/files/d23669dd-fc39-452f-a746-e45fbbd882f8/1
118008650,"Apartment for rent in Pueblo Bonito Sunset, Los Cabos, Baja California Sur",https://www.properstar.co.uk/listing/118008650,"GBP 1,300","Av. Miguel Herrera, Pueblo Bonito Sunset, Los Cabos, Mexico",22.887447,-109.935544,3,2,1399.309,Apartment,Elizabeth Sanchez ,2026-07-07T15:17:09.803,https://files-api.properstar.com/api/v2/files/d74c73a3-e304-47bc-aab2-2c2b8727980d/1; https://files-api.properstar.com/api/v2/files/492760ea-cdc4-443b-9fd5-9dc7554c8f66/1; https://files-api.properstar.com/api/v2/files/e6ebcf27-08fc-4cf8-88f0-14f0f94ff43d/1; https://files-api.properstar.com/api/v2/files/48d7b3ff-5dd1-4062-81a1-faf1e8815625/1; https://files-api.properstar.com/api/v2/files/d1531b51-ea21-47f2-a6c8-9047c0fa5ce4/1; https://files-api.properstar.com/api/v2/files/38995463-cabf-4d2e-85fc-baf4f79871e9/1; https://files-api.properstar.com/api/v2/files/b2800766-5da2-4bc4-8cdd-569b54699328/1; https://files-api.properstar.com/api/v2/files/063fcdf4-417e-475f-9c29-34e5e1c0cb12/1; https://files-api.properstar.com/api/v2/files/d1560ca4-134a-4645-9f26-38040c15020a/1; https://files-api.properstar.com/api/v2/files/e0f6ce68-7e21-4550-b3ea-dae00256c8b6/1; https://files-api.properstar.com/api/v2/files/06f550ec-4000-45e7-9560-7dc8115ca221/1; https://files-api.properstar.com/api/v2/files/cb9a63cc-e98e-48b5-84a8-8559ef487972/1; https://files-api.properstar.com/api/v2/files/19bcc0d9-b0fb-4a69-8727-a1764c2ab182/1
118005652,"Apartment for rent in El Tezal, Los Cabos, Baja California Sur",https://www.properstar.co.uk/listing/118005652,"GBP 1,733","vista real, 102, El Tezal, Los Cabos, Mexico",22.923205,-109.87793,2,2,1506.94812,Apartment,LUCY RAMIREZ,2026-07-07T15:17:09.803,https://files-api.properstar.com/api/v2/files/accb05ed-1451-44bd-a49d-2802e1e7da15/1; https://files-api.properstar.com/api/v2/files/bdfda225-57d5-4bb3-bc81-f00499daed1f/1; https://files-api.properstar.com/api/v2/files/0f9c112f-594b-4eb1-9a31-b1f770953199/1; https://files-api.properstar.com/api/v2/files/7039496e-4ba8-44a3-8143-bb78ab7ac6d3/1; https://files-api.properstar.com/api/v2/files/ceb26168-5c16-4432-a65b-15ee938f4390/1; https://files-api.properstar.com/api/v2/files/2e0a13ae-2051-4270-b4e1-95286237461e/1; https://files-api.properstar.com/api/v2/files/21d9b856-6988-4e54-9334-4b10c9cb134e/1; https://files-api.properstar.com/api/v2/files/0545459a-55e8-4a89-afab-110f099d5be0/1; https://files-api.properstar.com/api/v2/files/494447c5-c326-44cb-bac2-12b7114ebdea/1; https://files-api.properstar.com/api/v2/files/866614fc-2460-4fe2-9f46-df97525e5230/1; https://files-api.properstar.com/api/v2/files/0c3c93b8-bb32-4c82-9eef-8e32564b6a09/1; https://files-api.properstar.com/api/v2/files/d5b93c11-f0fb-4b5b-ae44-8e51e9cbcbdc/1; https://files-api.properstar.com/api/v2/files/f4b3ef3e-8f3a-4f06-8e8c-2f3f43934f6c/1; https://files-api.properstar.com/api/v2/files/21bb3016-6812-486a-876a-2cfd4377613d/1; https://files-api.properstar.com/api/v2/files/28fb7770-f7d9-4ee7-9dfc-deee5d7dfdee/1; https://files-api.properstar.com/api/v2/files/e75d064a-2e09-4071-934b-9dcfafb17e21/1; https://files-api.properstar.com/api/v2/files/148e4093-9a42-499c-8a7d-c49d088bb300/1; https://files-api.properstar.com/api/v2/files/dc43d6a4-0e14-45d0-8871-eaabe75b067a/1; https://files-api.properstar.com/api/v2/files/f013136a-61aa-4810-b4a6-ccd0c4415a20/1; https://files-api.properstar.com/api/v2/files/6db66cf3-9a89-4b49-9c81-98cd062a8db9/1; https://files-api.properstar.com/api/v2/files/4708b2d7-dd8d-4101-bbf9-65acbbbac3ce/1; https://files-api.properstar.com/api/v2/files/55cf38c4-3397-4fa5-ab3f-5c522059fe95/1; https://files-api.properstar.com/api/v2/files/f817ff40-390c-4917-9ae3-c8621cfeaae4/1; https://files-api.properstar.com/api/v2/files/d478545d-5cbc-4982-a6a4-2f086bf0694d/1; https://files-api.properstar.com/api/v2/files/8c0f7a72-a865-465f-bba0-fd3b54d6f6ed/1; https://files-api.properstar.com/api/v2/files/7a812145-b3a5-4b3b-a7ae-18f84c726209/1; https://files-api.properstar.com/api/v2/files/1eaae339-275d-499e-92b4-ba06ecd26520/1; https://files-api.properstar.com/api/v2/files/7c0b38d6-2c95-4e7e-bb8f-93dde43a5830/1; https://files-api.properstar.com/api/v2/files/3c78cfa0-7381-4013-a6f1-e7c61d4bcf0a/1
117832414,"House for rent in Portales, Los Cabos, Baja California Sur",https://www.properstar.co.uk/listing/117832414,GBP 867,"Portales, Los Cabos, Mexico",22.906986,-109.966061,3,3,538.1957,House,HBS InmobBajaSur,2026-07-07T15:17:09.803,https://files-api.properstar.com/api/v2/files/d39b853a-b60a-47ae-a707-69ae105255c6/1; https://files-api.properstar.com/api/v2/files/5cf7fa7f-7870-484d-80f7-fac1dd4819d9/1; https://files-api.properstar.com/api/v2/files/28a11db7-16fd-4eb8-93c5-dfadde995a78/1; https://files-api.properstar.com/api/v2/files/5586ffd6-4ccd-4387-a071-4b485cdefe5a/1; https://files-api.properstar.com/api/v2/files/5b222566-3bcf-4034-ab52-00f32c0cfabc/1; https://files-api.properstar.com/api/v2/files/1e4c82bc-bac3-4faa-a92a-3639d1dec6b2/1; https://files-api.properstar.com/api/v2/files/6bf376cd-3993-4189-943b-c05cc47a22ac/1; https://files-api.properstar.com/api/v2/files/61643ef6-99de-4f25-8bd6-ae2077ff120c/1; https://files-api.properstar.com/api/v2/files/7df589ef-1984-4fc8-b02c-71a4e3870522/1
117973123,"Apartment for rent in El Tezal, Los Cabos, Baja California Sur",https://www.properstar.co.uk/listing/117973123,"GBP 1,733","El Tezal, Los Cabos, Mexico",22.923205,-109.87793,2,3,1291.6698,Apartment,LUXMA REAL ESTATE,2026-07-07T15:17:09.803,https://files-api.properstar.com/api/v2/files/bb1c55d5-0266-4384-b232-bdbff9b02f1d/1; https://files-api.properstar.com/api/v2/files/b27d5c00-0267-493a-b08c-882c04b3b9fd/1; https://files-api.properstar.com/api/v2/files/1ea62bf1-92f8-4e4c-8711-aed4a37916d8/1; https://files-api.properstar.com/api/v2/files/39b8bb7a-f75e-4afc-91c1-86feb2446a84/1; https://files-api.properstar.com/api/v2/files/8442db10-0233-4b4d-8b5f-038a45289f61/1; https://files-api.properstar.com/api/v2/files/07aae536-20fe-41c1-bd5c-93982aa17516/1; https://files-api.properstar.com/api/v2/files/f8b106ad-f679-4354-ad66-73697c7d69e2/1; https://files-api.properstar.com/api/v2/files/0e955a39-d13a-48d1-bfdb-bbe4a944c0c0/1; https://files-api.properstar.com/api/v2/files/f7142fad-00a3-4b48-a65f-24ba6655aa56/1; https://files-api.properstar.com/api/v2/files/e9a1720f-242b-41d1-a54a-61ef94132270/1; https://files-api.properstar.com/api/v2/files/18c512c2-f886-4f1b-9494-3d0c03eb0c21/1; https://files-api.properstar.com/api/v2/files/8dd34350-87db-43a6-b7e3-32d0903b7202/1; https://files-api.properstar.com/api/v2/files/8062a6c0-876e-4830-845b-865d5fda1f4e/1; https://files-api.properstar.com/api/v2/files/d1adfdee-feab-47a8-9569-14e85143e16c/1; https://files-api.properstar.com/api/v2/files/1aab4444-22b9-4ae7-88b5-a72d00598f73/1; https://files-api.properstar.com/api/v2/files/57a77ad8-95c9-4f06-981d-2d908ef7733a/1; https://files-api.properstar.com/api/v2/files/be32f962-144f-4471-8a27-bdbbca90b504/1; https://files-api.properstar.com/api/v2/files/2a208880-6104-4dfa-8e12-aa5ec5359b6d/1; https://files-api.properstar.com/api/v2/files/414a632c-627b-4799-8756-ad5a5b69033a/1; https://files-api.properstar.com/api/v2/files/598998a5-b5ef-4404-a79f-08683ca60b9d/1
118005222,"Apartment for rent in Brisas del Pacifico, Los Cabos, Baja California Sur",https://www.properstar.co.uk/listing/118005222,GBP 823,"sierra san pedro martir, Brisas del Pacifico, Los Cabos, Mexico",22.909353,-109.940347,3,2,861.1132,Apartment,Azucena Rodriguez,2026-07-07T15:17:09.803,https://files-api.properstar.com/api/v2/files/24b19a87-b1eb-47d0-9bfb-a1c20ad5b1cc/1; https://files-api.properstar.com/api/v2/files/a7af4891-996b-4e1a-97d4-4c121c45b450/1; https://files-api.properstar.com/api/v2/files/ad2d5699-8a84-4abb-8729-595a85fcf645/1; https://files-api.properstar.com/api/v2/files/45b1fb92-75a5-46be-a13f-6870601a9648/1; https://files-api.properstar.com/api/v2/files/da7eb831-dca8-46fd-b79d-de40d036e048/1; https://files-api.properstar.com/api/v2/files/4889337d-ed71-4a23-9076-1da07dfba46e/1; https://files-api.properstar.com/api/v2/files/f97edac9-bca3-4f94-88e0-f98d1f2cf996/1; https://files-api.properstar.com/api/v2/files/c928f0e9-e148-495c-9079-6e9dffa7df06/1; https://files-api.properstar.com/api/v2/files/d52151df-7fe9-47b5-b194-c219a78d366f/1; https://files-api.properstar.com/api/v2/files/577c9545-43f7-4b94-9703-9a7e359edfa3/1; https://files-api.properstar.com/api/v2/files/d2bbea82-6f90-4185-aedd-53f505407e28/1; https://files-api.properstar.com/api/v2/files/9f00c1b6-6b53-4e74-87bb-15353dd1e263/1; https://files-api.properstar.com/api/v2/files/2c2adf00-4f61-406e-b569-3df430407bae/1; https://files-api.properstar.com/api/v2/files/b3f42a65-b010-41b2-b81c-989c30fa4c8c/1; https://files-api.properstar.com/api/v2/files/8508a280-568d-4300-be4f-52839d7f1954/1; https://files-api.properstar.com/api/v2/files/daa089a8-474f-4d69-9335-196e6f7d2dda/1; https://files-api.properstar.com/api/v2/files/8405cb3a-b995-494d-894e-025872f5be81/1; https://files-api.properstar.com/api/v2/files/28d396df-de14-434f-a683-0ce1526e52dc/1
118636511,Furnished 2 Bedroom Apartment for Rent in Terra 194,https://www.properstar.co.uk/listing/118636511,"GBP 1,083","Sn, Los Cabos, Mexico",22.894813,-109.915215,2,1,,Apartment,Century 21  Legendary Realty,2026-07-11T03:32:36.207,https://files-api.properstar.com/api/v2/files/f7e22c91-6fef-4518-be81-44578ff386c5/1; https://files-api.properstar.com/api/v2/files/59510826-e528-4607-bed3-50ca9d62a394/1; https://files-api.properstar.com/api/v2/files/8bddd7a1-f5d6-4f56-a799-0d4afc3e5f51/1; https://files-api.properstar.com/api/v2/files/a6f7364c-6b4d-4555-806f-c85107bc4827/1; https://files-api.properstar.com/api/v2/files/4199974a-ffb1-4623-875c-a1516dbfcf06/1; https://files-api.properstar.com/api/v2/files/b27c24f3-bee7-4b7a-a008-9bec2c4416a9/1; https://files-api.properstar.com/api/v2/files/c0cd8b84-67be-429e-87a2-314547dd07ea/1; https://files-api.properstar.com/api/v2/files/2ae6c1ed-c0a8-4573-94c6-d6b22ad02b7d/1; https://files-api.properstar.com/api/v2/files/4248e8ed-d0a5-45e9-9330-c451f4cbe416/1; https://files-api.properstar.com/api/v2/files/0617e904-5260-4b46-a513-823b7a3adf54/1; https://files-api.properstar.com/api/v2/files/da3618e6-c5fc-4ba7-8a0f-87e6215807d1/1
118601227,For Rent - Villa El Sueño - Residencial Terranova Cabo San Lucas,https://www.properstar.co.uk/listing/118601227,"GBP 1,105","Sierra San Javier 103, Cabo San Lucas, Mexico",22.906484,-109.935601,2,2,,House,Buserfin Real Estate,2026-07-10T03:26:28.807,https://files-api.properstar.com/api/v2/files/20655cc1-b460-43e1-9e4b-f7edef16c1d8/1; https://files-api.properstar.com/api/v2/files/67a8203d-0b76-47f0-8d72-a9222e50515d/1; https://files-api.properstar.com/api/v2/files/114b3548-a533-4a58-9a93-842a19501282/1; https://files-api.properstar.com/api/v2/files/7a75736b-cc75-42d3-8f6f-a84d2009d3cb/1; https://files-api.properstar.com/api/v2/files/6a0ee37c-20cc-452a-b63d-d7491af185bb/1; https://files-api.properstar.com/api/v2/files/f2c85874-3a0f-4393-be33-9e4c81a43911/1; https://files-api.properstar.com/api/v2/files/9fcef763-f7c9-442a-8a1d-5e2b0cd03b64/1; https://files-api.properstar.com/api/v2/files/2cdaf1f4-3938-4695-ada8-3d387e01e55c/1; https://files-api.properstar.com/api/v2/files/25f64981-b615-4730-a6e3-41bb40a4e244/1; https://files-api.properstar.com/api/v2/files/56dbb46a-9b75-48ab-a073-1f182f0cef3a/1; https://files-api.properstar.com/api/v2/files/d7991478-e0cb-485b-9e89-c597954e89d8/1; https://files-api.properstar.com/api/v2/files/13d67f28-1992-4777-b808-bd09dc83e8f5/1; https://files-api.properstar.com/api/v2/files/af83f710-c5d2-49a6-a292-975c24e21540/1; https://files-api.properstar.com/api/v2/files/a1ad4dbd-f509-4a01-8184-42d1214ddfcc/1; https://files-api.properstar.com/api/v2/files/c412baa2-0162-46a6-b972-16888b9b7ba2/1; https://files-api.properstar.com/api/v2/files/1c15b54a-1244-4f54-af0a-ff247f8d7159/1; https://files-api.properstar.com/api/v2/files/f52a53b4-1eb4-4265-849b-14d119a5757f/1; https://files-api.properstar.com/api/v2/files/dec6327d-85d9-48aa-b500-19290dba2f53/1; https://files-api.properstar.com/api/v2/files/f99f53d8-83bf-4222-8a28-2f8c346dc850/1; https://files-api.properstar.com/api/v2/files/695e9f3a-066d-48e6-9571-6fa55025a3f2/1
118601162,"Commercial / Industrial Warehouse Rental, San José del Cabo",https://www.properstar.co.uk/listing/118601162,,"Parque Logistico SN, San Jose Del Cabo, Mexico",23.180765,-109.702582,,,,House,Buserfin Real Estate,2026-07-10T03:26:28.807,https://files-api.properstar.com/api/v2/files/e89d4fdb-5de8-4ae5-93b3-91e9821e7da2/1; https://files-api.properstar.com/api/v2/files/e47c7410-6d43-4892-bd3f-5f833995a568/1; https://files-api.properstar.com/api/v2/files/0df1b84d-379d-4286-83ed-4c1ee37d46a6/1; https://files-api.properstar.com/api/v2/files/29490949-22cc-4f04-9338-14f06dc03647/1; https://files-api.properstar.com/api/v2/files/9b54afb0-91a8-4b9f-aca3-fc6d58639a28/1; https://files-api.properstar.com/api/v2/files/1783d8a7-1ec1-46d0-81d1-c389ab8b4c8c/1; https://files-api.properstar.com/api/v2/files/75159101-b936-4701-853a-b6778f3d88b6/1; https://files-api.properstar.com/api/v2/files/8a1aa4a7-8bc8-4ce2-839e-d5708ab372cd/1; https://files-api.properstar.com/api/v2/files/1b32d58d-a53f-46d9-8d75-1c65376eb6a8/1; https://files-api.properstar.com/api/v2/files/78167d8d-e117-4a48-a98d-46609eff65bb/1; https://files-api.properstar.com/api/v2/files/13001695-e10c-47d4-9762-3120d5a58085/1; https://files-api.properstar.com/api/v2/files/b4cd5453-85f8-41cb-bb5e-b6619be9b7d9/1; https://files-api.properstar.com/api/v2/files/740db862-131d-4d28-a83b-4e0e45ee1a6e/1; https://files-api.properstar.com/api/v2/files/1139ba66-506a-4632-9bc4-b70f8a350678/1; https://files-api.properstar.com/api/v2/files/de680f1b-3c62-4e46-b805-8b4d972fe16d/1; https://files-api.properstar.com/api/v2/files/dd051358-d516-41cb-8f74-b43ed20d4b4d/1
117841912,"House for rent in El Progreso, Los Cabos, Baja California Sur",https://www.properstar.co.uk/listing/117841912,"GBP 1,317","sierra de la laguna, 1, El Progreso, Los Cabos, Mexico",22.906872,-109.933968,3,3,1722.22644,House,Diana Corrales,2026-07-07T15:17:09.803,https://files-api.properstar.com/api/v2/files/6a9de60e-d21c-470b-be31-623b5ea40c39/1; https://files-api.properstar.com/api/v2/files/dc1c612d-f679-4c68-8422-1aa4d69079a4/1; https://files-api.properstar.com/api/v2/files/0c0ea1ea-d749-4999-9332-155615809be6/1; https://files-api.properstar.com/api/v2/files/7247de0f-6249-46dc-931c-7535313d2b28/1; https://files-api.properstar.com/api/v2/files/47ae8a6c-b765-44e8-b2e9-0556fc5e6720/1; https://files-api.properstar.com/api/v2/files/a9b69cfb-be0f-4b78-b269-5d21f69bdf30/1; https://files-api.properstar.com/api/v2/files/55c2576d-5578-4e4b-9598-78ccd7fdfcdb/1; https://files-api.properstar.com/api/v2/files/22e0861d-4ebe-4165-8d04-739c0f79fe7e/1; https://files-api.properstar.com/api/v2/files/17a0c57b-b4a7-45f0-8953-d384bb08401a/1
118636485,2 Bedroom Furnished Apartment in Amalfi,https://www.properstar.co.uk/listing/118636485,GBP 953,"Sn, Los Cabos, Mexico",22.923205,-109.87793,2,2,,Apartment,Century 21  Legendary Realty,2026-07-11T03:32:36.207,https://files-api.properstar.com/api/v2/files/ad1d4aeb-1014-49ba-a9b2-8bf7e76b0bd9/1; https://files-api.properstar.com/api/v2/files/2f9b341b-e2b6-4920-8ede-878942ad9a24/1; https://files-api.properstar.com/api/v2/files/6bed0760-b158-48c8-b59d-fb6ff9c70b92/1; https://files-api.properstar.com/api/v2/files/f0f2f90c-3f93-41b0-9536-c21e157b7fe7/1; https://files-api.properstar.com/api/v2/files/b7d572ad-defe-4f9c-a309-05602a4d3512/1; https://files-api.properstar.com/api/v2/files/eef44a74-ed4a-4334-9b9e-385242d88514/1; https://files-api.properstar.com/api/v2/files/ff251e44-7f1d-4008-975f-ae0b73c6ad1d/1; https://files-api.properstar.com/api/v2/files/04bc353c-5e94-48d4-b3d7-91e5e10afba9/1; https://files-api.properstar.com/api/v2/files/3ec26835-622b-469d-ae46-c1890f33ef89/1; https://files-api.properstar.com/api/v2/files/39aad7ae-9162-42f5-b782-8443429f7317/1; https://files-api.properstar.com/api/v2/files/5b5a42b8-30e4-4954-82fa-295f2d02cf4c/1
117954477,"Apartment for rent in Cabo San Lucas Centro, Los Cabos, Baja California Sur",https://www.properstar.co.uk/listing/117954477,"GBP 1,100","Cabo San Lucas Centro, Los Cabos, Mexico",22.882512,-109.913618,2,1,10979.1934,Apartment,Capero royalty,2026-07-07T15:17:09.803,https://files-api.properstar.com/api/v2/files/16f0af4f-dd2a-49d4-817e-4b8532fc7973/1; https://files-api.properstar.com/api/v2/files/1b7830fd-9269-48e1-8881-0810c4d7c4bd/1; https://files-api.properstar.com/api/v2/files/6c1e639d-12d9-4de7-a148-91e1d66e61c2/1; https://files-api.properstar.com/api/v2/files/f7f9591b-6145-4c5e-ab29-0531d621d411/1; https://files-api.properstar.com/api/v2/files/9c002771-f8bd-4ccd-a765-1cafe9761baa/1; https://files-api.properstar.com/api/v2/files/2b7ec5f2-cfe2-4589-9b4b-26d943df68df/1; https://files-api.properstar.com/api/v2/files/a84c2ebf-a5ea-496c-bb90-4fedbcea9d4a/1; https://files-api.properstar.com/api/v2/files/385ed400-4899-4ebe-8a0d-a2398ee2ccf2/1
118636444,3 Bedroom Penthouse for Rent in Portanova,https://www.properstar.co.uk/listing/118636444,"GBP 1,213","Playas, Los Cabos, Mexico",22.906986,-109.966061,3,2,,Apartment,Century 21  Legendary Realty,2026-07-11T03:32:36.207,https://files-api.properstar.com/api/v2/files/85651536-e5ce-498f-afb3-fc60ab8cebf9/1; https://files-api.properstar.com/api/v2/files/c81acf6d-f4e5-4772-ba31-8e1af5810d5f/1; https://files-api.properstar.com/api/v2/files/bbd64875-d65b-4b03-a5ee-5aa58ef60ba8/1; https://files-api.properstar.com/api/v2/files/733ada36-9d6c-4d63-a519-cce3c7780799/1; https://files-api.properstar.com/api/v2/files/d12ce32d-62ad-43ae-846b-e1e468ed5474/1; https://files-api.properstar.com/api/v2/files/47c14fbc-9fbc-478b-82b3-81118110823a/1; https://files-api.properstar.com/api/v2/files/c071c630-1384-400b-880b-47ea117f160d/1; https://files-api.properstar.com/api/v2/files/734a9bf6-8f2c-4bf7-bcc1-1e5a5ccf9af2/1; https://files-api.properstar.com/api/v2/files/45299e30-b042-4eeb-a295-cae433f2fc36/1
118601159,Altamira Plus I apartment with satellite internet,https://www.properstar.co.uk/listing/118601159,GBP 542,"Isla san francisco Edif 5, Cabo San Lucas, Mexico",22.9087,-109.982577,2,1,,Apartment,Buserfin Real Estate,2026-07-10T03:26:28.807,https://files-api.properstar.com/api/v2/files/86ee8bec-8593-40ae-977f-23722871a46c/1; https://files-api.properstar.com/api/v2/files/88a0cec1-9027-48ef-98da-2b15094ec29a/1; https://files-api.properstar.com/api/v2/files/8bd32999-db1a-4edf-804c-e45def836034/1; https://files-api.properstar.com/api/v2/files/02e68d69-2ac3-4a88-9bd5-0d15c6efd14d/1; https://files-api.properstar.com/api/v2/files/0edf872c-b193-45cb-bca1-a756cb05694c/1; https://files-api.properstar.com/api/v2/files/a1479f60-9e69-4c61-bc00-afc598a24de3/1
117900188,"Apartment for rent in El Tezal, Los Cabos, Baja California Sur",https://www.properstar.co.uk/listing/117900188,"GBP 1,173","amaterra, 10, El Tezal, Los Cabos, Mexico",22.901394,-109.890601,2,2,1076.39148,Apartment,paola pliego,2026-07-05T22:15:32.5,https://files-api.properstar.com/api/v2/files/fc9728c6-4d72-40f7-b976-5b6c5a15b3c3/1; https://files-api.properstar.com/api/v2/files/2037b719-0d20-468d-9cbd-3b227105c360/1; https://files-api.properstar.com/api/v2/files/1ce95934-1cf7-4913-889c-ee588faceca9/1; https://files-api.properstar.com/api/v2/files/9a2f2aa3-7764-4995-a77b-0c0196e1bcbb/1; https://files-api.properstar.com/api/v2/files/c5fd42f2-7bfd-42bd-81d6-08aecedb12a1/1; https://files-api.properstar.com/api/v2/files/cd703e98-2a22-4191-b13b-50e264e85408/1; https://files-api.properstar.com/api/v2/files/aa9b2b6d-7fbc-44dc-92fc-adee70f66f65/1; https://files-api.properstar.com/api/v2/files/521f2b35-9eae-40df-8ca5-0b167064f291/1
117902838,"Apartment for rent in Arcos del Sol, Los Cabos, Baja California Sur",https://www.properstar.co.uk/listing/117902838,GBP 607,"arcos, 100, Arcos del Sol, Los Cabos, Mexico",22.902452,-109.926985,2,1,1076.39148,Apartment,paola pliego,2026-07-05T22:15:32.5,https://files-api.properstar.com/api/v2/files/667d9430-4119-47b1-aa28-2da7f7efc9e2/1; https://files-api.properstar.com/api/v2/files/58d53ef4-e379-461d-895a-030449cab8a3/1; https://files-api.properstar.com/api/v2/files/37a0e781-1c47-4426-8f39-8b9f57b1e06b/1; https://files-api.properstar.com/api/v2/files/84b63c6e-c200-4865-b3f7-3c9d89a69f87/1; https://files-api.properstar.com/api/v2/files/b1e68778-ffae-4d77-812e-3ffddba6766d/1; https://files-api.properstar.com/api/v2/files/8c887cab-543e-49ab-b8d2-33cd2b551e26/1; https://files-api.properstar.com/api/v2/files/6e916a0e-8fc1-45b1-8b3d-dff80dee4176/1
117904498,"Apartment for rent in Lienzo Charro Centro, Los Cabos, Baja California Sur",https://www.properstar.co.uk/listing/117904498,"GBP 1,257","sunset, 10, Lienzo Charro Centro, Los Cabos, Mexico",22.884043,-109.917897,100,2,1076.39148,Apartment,paola pliego,2026-07-05T22:15:32.5,https://files-api.properstar.com/api/v2/files/ad49fbaf-f307-4121-a837-c0165f84de34/1; https://files-api.properstar.com/api/v2/files/e8f07d6f-f50e-4082-8c69-6ec30225d864/1; https://files-api.properstar.com/api/v2/files/3da1a582-98fc-4d5d-97da-fc55eb0cb324/1; https://files-api.properstar.com/api/v2/files/b19f83df-c876-4e0d-a01f-d31bd5e84fbc/1; https://files-api.properstar.com/api/v2/files/e5da9428-e40b-4520-a0e1-0e01ad94f4c5/1; https://files-api.properstar.com/api/v2/files/aebb89f5-db99-4109-ba22-8c99bf9c4755/1
117904508,"Apartment for rent in El Tezal, Los Cabos, Baja California Sur",https://www.properstar.co.uk/listing/117904508,"GBP 1,300","tezal, 232, El Tezal, Los Cabos, Mexico",22.908963,-109.889442,2,2,1076.39148,Apartment,paola pliego,2026-07-05T22:15:32.5,https://files-api.properstar.com/api/v2/files/2470e7a7-d994-4e21-bfa5-b7ce2ec5e912/1; https://files-api.properstar.com/api/v2/files/5ee11446-c48d-47e6-96eb-8bf1e2119871/1; https://files-api.properstar.com/api/v2/files/ca9f8408-c077-42fb-a40a-f83e1194bd0b/1; https://files-api.properstar.com/api/v2/files/9be681a4-d17d-47d1-bbd9-275fa66970ca/1; https://files-api.properstar.com/api/v2/files/d8400455-ce48-42ea-b915-0da9a16ac73c/1; https://files-api.properstar.com/api/v2/files/3ed22033-2f55-4710-9251-1cacac49b9f5/1; https://files-api.properstar.com/api/v2/files/a45a6652-d38b-41ef-948a-b020b3238c79/1; https://files-api.properstar.com/api/v2/files/83b017bb-1634-4de3-8d2e-2111818f7b8f/1; https://files-api.properstar.com/api/v2/files/99cffa69-d67f-4af9-aec5-fb7c35b57884/1; https://files-api.properstar.com/api/v2/files/e12d2591-9a24-41ee-a810-4fc931f74c00/1
117902452,"Apartment for rent in Cabo San Lucas Centro, Los Cabos, Baja California Sur",https://www.properstar.co.uk/listing/117902452,"GBP 1,192","las lagunas, 12, Cabo San Lucas Centro, Los Cabos, Mexico",22.882606,-109.912471,2,2,1076.39148,Apartment,paola pliego,2026-07-05T22:15:32.5,https://files-api.properstar.com/api/v2/files/febba760-52be-415d-bffe-8e3eb5d46d6f/1; https://files-api.properstar.com/api/v2/files/ef50f6e2-27e4-4abd-b850-3c1b2cfa19d4/1; https://files-api.properstar.com/api/v2/files/81845297-7ff7-4583-bf82-5ec5eb55c8f0/1; https://files-api.properstar.com/api/v2/files/6a1dd5f6-0775-44c3-b101-31490fc3e6a6/1; https://files-api.properstar.com/api/v2/files/0c3a2260-1184-41a4-ae09-c3812ce896c9/1; https://files-api.properstar.com/api/v2/files/355bbe68-6939-4196-97bd-304efe85df6c/1
117900535,"Apartment for rent in El Tezal, Los Cabos, Baja California Sur",https://www.properstar.co.uk/listing/117900535,"GBP 1,408","tezal, 123, El Tezal, Los Cabos, Mexico",22.905762,-109.928025,2,2,1033.33582,Apartment,paola pliego,2026-07-05T22:15:32.5,https://files-api.properstar.com/api/v2/files/96bb9a74-224b-4fbb-aeb1-c1901f0bf30e/1; https://files-api.properstar.com/api/v2/files/1b88b4d5-55a4-4d1c-a748-a2863ef62f93/1; https://files-api.properstar.com/api/v2/files/a4650648-4a37-45a6-aa0d-17dddbe630c4/1; https://files-api.properstar.com/api/v2/files/4d39fc32-49e3-4fda-bc73-3e8f0ccf5c57/1; https://files-api.properstar.com/api/v2/files/a8a87d07-f062-4cac-b9dc-20e2aae88bc8/1; https://files-api.properstar.com/api/v2/files/50c69880-19b5-42ee-929d-310b1f57dccb/1; https://files-api.properstar.com/api/v2/files/3d62470d-abf9-4005-8f7d-5def9537a6c3/1; https://files-api.properstar.com/api/v2/files/48b4a6e9-17af-476a-81f1-ba1483d0dc46/1; https://files-api.properstar.com/api/v2/files/7292436a-5a65-400c-b41e-e570b541a7cf/1
117901202,"Apartment for rent in El Tezal, Los Cabos, Baja California Sur",https://www.properstar.co.uk/listing/117901202,"GBP 1,733","VISTA VELA, 10, El Tezal, Los Cabos, Mexico",22.906292,-109.880883,2,3,2152.783,Apartment,paola pliego,2026-07-05T22:15:32.5,https://files-api.properstar.com/api/v2/files/eaf29a89-c856-4798-a334-0354e3cb7268/1; https://files-api.properstar.com/api/v2/files/37afee0f-c056-48ab-9892-af64b7d5f256/1; https://files-api.properstar.com/api/v2/files/c3b9501c-b5b0-4cbd-87d3-2a7b4b9a26b9/1; https://files-api.properstar.com/api/v2/files/93a209a6-0cfe-49ab-aa87-263e0265c45d/1; https://files-api.properstar.com/api/v2/files/603bd24e-e56a-4569-a663-d5e18f6f1513/1; https://files-api.properstar.com/api/v2/files/4fdb6443-0c80-4bb1-a040-53b6daee2440/1; https://files-api.properstar.com/api/v2/files/25b89621-6237-4c0b-a905-1398d47cbd28/1; https://files-api.properstar.com/api/v2/files/d7aadb41-aaa2-4e5a-8ead-3ae3199d3748/1; https://files-api.properstar.com/api/v2/files/48e34c69-d29a-46de-97df-ecb5a04af5e4/1
117901215,"Apartment for rent in Cabo San Lucas Centro, Los Cabos, Baja California Sur",https://www.properstar.co.uk/listing/117901215,"GBP 1,979","cabo san lucas, 12, Cabo San Lucas Centro, Los Cabos, Mexico",22.882606,-109.912471,2,2,1076.39148,Apartment,paola pliego,2026-07-05T22:15:32.5,https://files-api.properstar.com/api/v2/files/20bd68bf-2aa6-453b-8c26-991cfee18445/1; https://files-api.properstar.com/api/v2/files/9b4504f6-62e4-4721-bdc4-430dc97c9034/1; https://files-api.properstar.com/api/v2/files/494fa437-4ebf-47dc-9fb5-ff4ccefba3aa/1; https://files-api.properstar.com/api/v2/files/7720ba2e-ae2f-4465-9053-14f2fb4b5e35/1; https://files-api.properstar.com/api/v2/files/52703df0-2512-4824-96e3-2287c0d63dd4/1; https://files-api.properstar.com/api/v2/files/378d529e-d4e2-4649-808b-b4ae90359ec0/1; https://files-api.properstar.com/api/v2/files/a018b035-46c0-4169-b13c-d9c10e804983/1; https://files-api.properstar.com/api/v2/files/169d3d1c-9232-42af-a3b5-19f3888944aa/1
117902837,"Apartment for rent in Lienzo Charro Centro, Los Cabos, Baja California Sur",https://www.properstar.co.uk/listing/117902837,GBP 975,"SUNSET, 10, Lienzo Charro Centro, Los Cabos, Mexico",22.884043,-109.917897,2,2,1076.39148,Apartment,paola pliego,2026-07-05T22:15:32.5,https://files-api.properstar.com/api/v2/files/32382f22-2252-42c0-8096-c6223812a6b2/1; https://files-api.properstar.com/api/v2/files/4191d789-ed01-4771-a12c-e712e37a24ad/1; https://files-api.properstar.com/api/v2/files/222eb55a-c3a0-484e-9017-ee2fda0ba7bb/1; https://files-api.properstar.com/api/v2/files/3a84819e-6c69-4d7a-9c63-ba60c8f0dab1/1; https://files-api.properstar.com/api/v2/files/dd1fbeac-5c7a-493a-b658-ad523e8ec365/1; https://files-api.properstar.com/api/v2/files/ec4ba638-a369-4dcf-a232-db1629c21595/1; https://files-api.properstar.com/api/v2/files/b1485736-f78d-48c1-9c0e-8aeffa13eed8/1; https://files-api.properstar.com/api/v2/files/b7ba15d4-b7c7-47f0-b27d-23f13632aab5/1; https://files-api.properstar.com/api/v2/files/f71ebbaa-58a6-4631-b6fe-23825f410f44/1
117904071,"Apartment for rent in Lienzo Charro Centro, Los Cabos, Baja California Sur",https://www.properstar.co.uk/listing/117904071,GBP 910,"LIENZO CHARRO, 10, Lienzo Charro Centro, Los Cabos, Mexico",22.88376,-109.918451,2,1,1076.39148,Apartment,paola pliego,2026-07-05T22:15:32.5,https://files-api.properstar.com/api/v2/files/99939ba9-9008-447f-ac86-a82ad1ccb2b8/1; https://files-api.properstar.com/api/v2/files/86b68376-cf99-4fd7-bfac-3639fd2938d1/1; https://files-api.properstar.com/api/v2/files/38e1389d-7f40-4b15-93c2-f93ae2d32bb8/1; https://files-api.properstar.com/api/v2/files/d7ab8aef-43ce-4452-9eee-52d99f0c1110/1; https://files-api.properstar.com/api/v2/files/f771aa1e-1b1d-42f3-ab1e-e95dfe17a14d/1; https://files-api.properstar.com/api/v2/files/e5e09a19-7986-4fb5-b65a-45546945bfed/1; https://files-api.properstar.com/api/v2/files/ec2351a2-da2b-4727-aff1-56be049f3e69/1; https://files-api.properstar.com/api/v2/files/5504e849-4f11-4a8a-8fb9-dc4ca4f57e69/1; https://files-api.properstar.com/api/v2/files/bb80ee02-9b5d-4d27-8465-bf5738490199/1; https://files-api.properstar.com/api/v2/files/02a58047-9ea1-4c84-a6e1-45e7d49d9a87/1; https://files-api.properstar.com/api/v2/files/91ee6899-9d0b-4b83-afc6-f69b93d930e9/1
117904484,"Apartment for rent in El Tezal, Los Cabos, Baja California Sur",https://www.properstar.co.uk/listing/117904484,"GBP 2,199","puerta de hierro, 232, El Tezal, Los Cabos, Mexico",22.904167,-109.891667,3,2,1076.39148,Apartment,paola pliego,2026-07-05T22:15:32.5,https://files-api.properstar.com/api/v2/files/40b26918-c1ab-443d-a907-033b36190118/1; https://files-api.properstar.com/api/v2/files/775ce564-e782-49c5-8ce3-bff62f815afa/1; https://files-api.properstar.com/api/v2/files/c4ede168-4b09-45bd-8f07-e7421c53a234/1; https://files-api.properstar.com/api/v2/files/c75ef1d5-a3f9-4f09-b1fc-09138d7e6b3d/1; https://files-api.properstar.com/api/v2/files/894a44fc-3ad6-4b90-b010-50eaf3f0dd3c/1; https://files-api.properstar.com/api/v2/files/a1dc2584-391c-4b7b-920e-f164839fcb75/1; https://files-api.properstar.com/api/v2/files/3d4d6b92-b609-4b9d-ad84-76465d437c56/1; https://files-api.properstar.com/api/v2/files/c8e3425b-5451-45f2-83ff-4fef817792ea/1; https://files-api.properstar.com/api/v2/files/a452cdad-bf3d-4725-9243-3a3d0669a66c/1
117904497,"House for rent in San José del Cabo (Los Cabos), Los Cabos, Baja California Sur",https://www.properstar.co.uk/listing/117904497,"GBP 1,300","San José del Cabo (Los Cabos), Los Cabos, Mexico",23.137011,-109.720476,2,3,1722.22644,House,paola pliego,2026-07-05T22:15:32.5,https://files-api.properstar.com/api/v2/files/a81d35f2-d960-4824-91c9-d15d54f67668/1; https://files-api.properstar.com/api/v2/files/a0fdbe25-c495-4dc5-9377-e0a0890f1ddd/1; https://files-api.properstar.com/api/v2/files/671c2b54-55bb-4c19-887d-adfbe5ade346/1; https://files-api.properstar.com/api/v2/files/909d430a-40a1-43fa-9a2b-f4bccbc389dd/1; https://files-api.properstar.com/api/v2/files/335b7018-b881-4946-8c2e-68972a2b1670/1; https://files-api.properstar.com/api/v2/files/4f97dfbf-d1df-405e-b0ae-91fbfe3ae089/1; https://files-api.properstar.com/api/v2/files/ac7474a1-3619-4e6f-8d00-34713b1e42f3/1; https://files-api.properstar.com/api/v2/files/ad4914f5-3053-4b43-b900-c52c24e13f3c/1; https://files-api.properstar.com/api/v2/files/e1a8b987-e8a3-4aef-afda-6a9b16810958/1; https://files-api.properstar.com/api/v2/files/f8bbb5e2-a6fa-4cc8-b54f-bf8f60b5d6b7/1; https://files-api.properstar.com/api/v2/files/cf4feed0-0c48-4ed7-aa24-955910359564/1; https://files-api.properstar.com/api/v2/files/249d2cf1-6c21-4601-9b88-50742fad5ace/1
117904507,"Apartment for rent in Lienzo Charro Centro, Los Cabos, Baja California Sur",https://www.properstar.co.uk/listing/117904507,"GBP 1,213","sunset, 10, Lienzo Charro Centro, Los Cabos, Mexico",22.884043,-109.917897,2,2,1076.39148,Apartment,paola pliego,2026-07-05T22:15:32.5,https://files-api.properstar.com/api/v2/files/fa394010-c011-4acf-87d7-b42610d1cf66/1; https://files-api.properstar.com/api/v2/files/7c562a5b-70c8-4cf7-ac81-7dfebb56b091/1; https://files-api.properstar.com/api/v2/files/bc273f58-af47-449d-8453-94c0c5b9b6ff/1; https://files-api.properstar.com/api/v2/files/613494e4-3a60-4f1d-b4c1-4cca374d97ef/1; https://files-api.properstar.com/api/v2/files/21b55ad2-e4f1-4647-b585-892f838ccf94/1; https://files-api.properstar.com/api/v2/files/52c416e4-196d-417f-a25a-40289407e8f8/1; https://files-api.properstar.com/api/v2/files/5439e0ab-3021-4fa4-975e-c281f3ebc526/1; https://files-api.properstar.com/api/v2/files/8f596b1e-00c9-49f3-aa13-7233ce5ff0eb/1; https://files-api.properstar.com/api/v2/files/c0db381f-7a15-498b-a970-7fe06cc0e3f8/1; https://files-api.properstar.com/api/v2/files/0f79aa69-a70e-4350-8cba-222f50015550/1
117899937,"Apartment for rent in Cabo San Lucas Centro, Los Cabos, Baja California Sur",https://www.properstar.co.uk/listing/117899937,"GBP 2,016","marea, 232, Cabo San Lucas Centro, Los Cabos, Mexico",22.882606,-109.912471,3,3,1076.39148,Apartment,paola pliego,2026-07-05T22:15:32.5,https://files-api.properstar.com/api/v2/files/1f581c73-bbee-4ed8-a822-3554bff7fc1c/1; https://files-api.properstar.com/api/v2/files/2e388848-6971-48c6-9b4d-b8324ac24bad/1; https://files-api.properstar.com/api/v2/files/6d04b63f-35b2-4920-9379-31dfa95c75f9/1; https://files-api.properstar.com/api/v2/files/7f104c6b-c713-4573-b50b-d6e33837df2b/1; https://files-api.properstar.com/api/v2/files/eff50244-0216-4e10-ae6e-4bd033e00b48/1; https://files-api.properstar.com/api/v2/files/93c78cbc-28c6-49a9-9f92-ae511f4cc689/1; https://files-api.properstar.com/api/v2/files/b14340b5-a0ff-4023-a5ee-a5148afb887d/1; https://files-api.properstar.com/api/v2/files/45c38edc-be25-47cc-99d5-64790074a83e/1
117900187,"House for rent in El Tezal, Los Cabos, Baja California Sur",https://www.properstar.co.uk/listing/117900187,"GBP 1,733","camino del mar, 232, El Tezal, Los Cabos, Mexico",22.915667,-109.892639,3,3,1302.43372,House,paola pliego,2026-07-05T22:15:32.5,https://files-api.properstar.com/api/v2/files/c7a817a5-a59f-4f9c-adfa-a2f7314e17a7/1; https://files-api.properstar.com/api/v2/files/e5757019-e2dd-4ae7-8ea9-dd037dc6930b/1; https://files-api.properstar.com/api/v2/files/08496bf0-fa23-4daa-9eac-4ef8dbc8c203/1; https://files-api.properstar.com/api/v2/files/4379f31b-e4ff-4e84-813f-7129eb6a75ca/1; https://files-api.properstar.com/api/v2/files/6877ec5b-c5f9-42e6-b939-78e052275e26/1; https://files-api.properstar.com/api/v2/files/4406ed4e-99ab-4d7c-a352-e282f275b95f/1; https://files-api.properstar.com/api/v2/files/32a18c0c-96bf-49be-a6d5-11dd3d880379/1; https://files-api.properstar.com/api/v2/files/f6355892-eca0-495a-964d-e0db50383643/1; https://files-api.properstar.com/api/v2/files/b5894206-58ce-45ca-8154-02b37dde36f2/1; https://files-api.properstar.com/api/v2/files/b7e0f2aa-1c6d-477f-8c7f-69dd0da78533/1; https://files-api.properstar.com/api/v2/files/69239888-bd51-4b10-906f-349aaef207ba/1; https://files-api.properstar.com/api/v2/files/99d6bc3c-0dbc-4236-a4b8-3cbb5ca061a1/1; https://files-api.properstar.com/api/v2/files/0d239bc7-014b-4e88-9441-44612fb5dbab/1; https://files-api.properstar.com/api/v2/files/fc5b66ac-59a2-4fd2-93a9-289ffb4adb49/1; https://files-api.properstar.com/api/v2/files/57e33d8a-be62-48e7-9f9b-dfed10e6bce0/1
117902064,"House for rent in El Tezal, Los Cabos, Baja California Sur",https://www.properstar.co.uk/listing/117902064,"GBP 2,016","tezal, 231, El Tezal, Los Cabos, Mexico",22.906138,-109.927977,4,4,1076.39148,House,paola pliego,2026-07-05T22:15:32.5,https://files-api.properstar.com/api/v2/files/9f4682b8-987e-4e77-963a-b440ffc53dcd/1; https://files-api.properstar.com/api/v2/files/91e3b6b3-1a1b-47a5-9601-650ebd001300/1; https://files-api.properstar.com/api/v2/files/c2d525a3-f57a-408b-b54f-bd3c91d58790/1; https://files-api.properstar.com/api/v2/files/1eea0427-8454-4446-a88d-4e643df36a55/1; https://files-api.properstar.com/api/v2/files/f6297e54-379d-4bcc-b7de-5d9cafd602ec/1; https://files-api.properstar.com/api/v2/files/8ac584bb-38e9-41a9-a0d1-c254525576ee/1; https://files-api.properstar.com/api/v2/files/b43c234b-d17b-43c1-93f3-c51f3b3f7011/1; https://files-api.properstar.com/api/v2/files/b2e17ebd-6432-4896-848e-0826dcf0dc50/1; https://files-api.properstar.com/api/v2/files/62843cd0-d549-49df-8168-2ee572cd9f73/1; https://files-api.properstar.com/api/v2/files/d1a33b15-99b1-4e4a-b1b1-531573e73ccc/1
117902451,"Apartment for rent in Lienzo Charro Centro, Los Cabos, Baja California Sur",https://www.properstar.co.uk/listing/117902451,"GBP 1,603","sunset, 10, Lienzo Charro Centro, Los Cabos, Mexico",22.884043,-109.917897,4,2,2152.783,Apartment,paola pliego,2026-07-05T22:15:32.5,https://files-api.properstar.com/api/v2/files/e4c22284-5b9f-4e76-8916-f5f933c8856c/1; https://files-api.properstar.com/api/v2/files/f7ce2c10-8c11-4871-b6f6-87f034f2df7e/1; https://files-api.properstar.com/api/v2/files/7fadab4e-c33c-4d49-8553-3446d031a122/1; https://files-api.properstar.com/api/v2/files/7099fa75-49d0-457f-90e0-68430f64421f/1; https://files-api.properstar.com/api/v2/files/02b8f2e8-f137-43b3-a068-aad4defad58b/1; https://files-api.properstar.com/api/v2/files/3d9baf7e-5b1f-483d-b5c9-033d3b682ffd/1; https://files-api.properstar.com/api/v2/files/7a621245-ea13-4b5e-bbfe-5ef2f93282a6/1; https://files-api.properstar.com/api/v2/files/ac91ac23-35bf-4a0f-9531-a3dac752e52c/1; https://files-api.properstar.com/api/v2/files/1c6856b5-bf62-4bf1-99ea-5ef431707ddd/1; https://files-api.properstar.com/api/v2/files/66721a94-ecbc-4f50-aced-5ac23905bf60/1; https://files-api.properstar.com/api/v2/files/c7dda54c-2920-4362-9521-bf7a5ccf701e/1; https://files-api.properstar.com/api/v2/files/c6a74ba0-5e93-442e-85ea-4bccaaccd9e1/1; https://files-api.properstar.com/api/v2/files/d2af999f-19db-4f55-86f2-a54d912a4d34/1; https://files-api.properstar.com/api/v2/files/9002bfee-9771-4ab4-92a3-eaccc8c62849/1; https://files-api.properstar.com/api/v2/files/bd0b6ddd-7470-467a-8b97-ed9abf2b56f8/1; https://files-api.properstar.com/api/v2/files/519808f4-7772-4763-a649-9d0108a4c402/1; https://files-api.properstar.com/api/v2/files/fb5c8183-12a8-4dee-8f79-a701485b75b7/1; https://files-api.properstar.com/api/v2/files/963956a6-c49f-4fb5-814d-9f439fa940a6/1; https://files-api.properstar.com/api/v2/files/f4a8f998-b9ff-4b4f-bee2-d2b3733a2101/1; https://files-api.properstar.com/api/v2/files/116b2936-0b62-4d9b-a05b-85422abdaa01/1; https://files-api.properstar.com/api/v2/files/9bc14de7-56be-404b-9017-c2ec4706f897/1; https://files-api.properstar.com/api/v2/files/295d17fb-45f9-4da2-b33f-c1096c828ee4/1; https://files-api.properstar.com/api/v2/files/7da3e099-bfd9-4d35-891a-ecebdda4b2fb/1; https://files-api.properstar.com/api/v2/files/ff4bc992-97ae-4e1f-b260-70a3e714529c/1; https://files-api.properstar.com/api/v2/files/bce3d106-81d7-476c-bee2-b03269a42969/1; https://files-api.properstar.com/api/v2/files/afeaf41d-db17-47b5-a2c0-b6e883ab90f8/1; https://files-api.properstar.com/api/v2/files/2b401bc7-083b-4da6-a8b7-57766a7cd3d4/1; https://files-api.properstar.com/api/v2/files/f03808e0-0795-4c8d-a158-8db2ee1231c4/1; https://files-api.properstar.com/api/v2/files/4f173636-7bd0-48be-a180-b958bdac9c53/1; https://files-api.properstar.com/api/v2/files/d7ea1314-d63d-452e-b7fa-4259bb0df0e6/1
117900534,"Apartment for rent in Cabo San Lucas Centro, Los Cabos, Baja California Sur",https://www.properstar.co.uk/listing/117900534,"GBP 1,686","pueblo bonito, 32, Cabo San Lucas Centro, Los Cabos, Mexico",22.882606,-109.912471,2,2,1076.39148,Apartment,paola pliego,2026-07-05T22:15:32.5,https://files-api.properstar.com/api/v2/files/282600f3-d415-4cd4-9d12-598f83d63e38/1; https://files-api.properstar.com/api/v2/files/ed2d07a5-73be-4c0a-b1c3-7cfedae1c469/1; https://files-api.properstar.com/api/v2/files/a23a40dd-1b41-4170-a684-f9d74b514c70/1; https://files-api.properstar.com/api/v2/files/6c468a7c-4440-4d65-8b19-3b8fe8e20ed0/1; https://files-api.properstar.com/api/v2/files/9b319b7c-8fe3-49e7-b671-8a4515868c35/1; https://files-api.properstar.com/api/v2/files/f0da43d8-9d5e-419e-9b85-c19f1ffac911/1
117901191,"Apartment for rent in El Tezal, Los Cabos, Baja California Sur",https://www.properstar.co.uk/listing/117901191,GBP 910,"amalfi, 231, El Tezal, Los Cabos, Mexico",22.923205,-109.87793,2,2,1076.39148,Apartment,paola pliego,2026-07-05T22:15:32.5,https://files-api.properstar.com/api/v2/files/942905f5-dee3-4ece-aa8e-a2813bbeb598/1; https://files-api.properstar.com/api/v2/files/71cceaad-a13e-4da9-ba34-ed8ed99e8e7d/1; https://files-api.properstar.com/api/v2/files/7d1d94f0-1507-4095-9591-d003a03f626f/1; https://files-api.properstar.com/api/v2/files/2e96cd3e-7048-4773-8c89-6236b782a280/1; https://files-api.properstar.com/api/v2/files/0b3893aa-65df-48cf-b1e1-cae30082a0b0/1; https://files-api.properstar.com/api/v2/files/498b5a80-f76b-441a-8702-388aee754c4f/1; https://files-api.properstar.com/api/v2/files/90356b03-3e54-4bf5-a465-c03b84623b66/1; https://files-api.properstar.com/api/v2/files/e7e3e8b7-b91c-4970-868a-d431582cb343/1
117901214,"Apartment for rent in Lienzo Charro Centro, Los Cabos, Baja California Sur",https://www.properstar.co.uk/listing/117901214,GBP 997,"sunset, 232, Lienzo Charro Centro, Los Cabos, Mexico",22.883697,-109.918664,3,2,1076.39148,Apartment,paola pliego,2026-07-05T22:15:32.5,https://files-api.properstar.com/api/v2/files/4c8e9c8f-0fb2-46ff-b893-9f921a015a08/1; https://files-api.properstar.com/api/v2/files/056306c5-c5dc-44cf-9670-a812dbeb7ae2/1; https://files-api.properstar.com/api/v2/files/8f2f9cb4-0ad3-46d9-9456-833994c97224/1; https://files-api.properstar.com/api/v2/files/f0effd60-2dad-40ee-ace1-d1314abb2764/1; https://files-api.properstar.com/api/v2/files/07454b3d-98d1-4752-999e-713cd3411451/1; https://files-api.properstar.com/api/v2/files/855d9f79-21b3-49c2-b8da-2aa4b9ad99cd/1; https://files-api.properstar.com/api/v2/files/eb65f9bc-1747-466c-903e-c0bd5074d217/1; https://files-api.properstar.com/api/v2/files/3ff31c20-7102-4ade-b708-4233eb4c6417/1; https://files-api.properstar.com/api/v2/files/ddb3d185-c411-47c6-ab4d-1a7fd9f1be12/1
117904056,"Apartment for rent in Brisas del Pacifico, Los Cabos, Baja California Sur",https://www.properstar.co.uk/listing/117904056,GBP 607,"BRISAS DEL PACIFICO, 232, Brisas del Pacifico, Los Cabos, Mexico",22.899552,-109.94345,2,1,1076.39148,Apartment,paola pliego,2026-07-05T22:15:32.5,https://files-api.properstar.com/api/v2/files/1f857402-82fd-4584-8b9b-4a46e15d65c8/1; https://files-api.properstar.com/api/v2/files/71ddd72c-5dbc-4b84-9220-26024269275c/1; https://files-api.properstar.com/api/v2/files/cf4f7a3f-8c71-4f23-8614-016185f4f388/1; https://files-api.properstar.com/api/v2/files/42fe92b8-2a63-4144-a2c5-f2e7ea20f79e/1; https://files-api.properstar.com/api/v2/files/ad4a9ffc-7c80-4a7c-896e-45e11626cf81/1
117904069,"Apartment for rent in Pueblo Bonito Sunset, Los Cabos, Baja California Sur",https://www.properstar.co.uk/listing/117904069,"GBP 1,213","LAS LAGUNAS, 10, Pueblo Bonito Sunset, Los Cabos, Mexico",22.887447,-109.935544,2,2,1076.39148,Apartment,paola pliego,2026-07-05T22:15:32.5,https://files-api.properstar.com/api/v2/files/ca8a7017-6e1e-4a95-b1f9-652665906e04/1; https://files-api.properstar.com/api/v2/files/584ab0ff-8b9a-4be9-929a-6387123b5ae7/1; https://files-api.properstar.com/api/v2/files/3ab586d8-0b7d-442e-8f9a-e86f2070977c/1; https://files-api.properstar.com/api/v2/files/770b9b46-e924-4510-b774-7f3002628546/1; https://files-api.properstar.com/api/v2/files/f134edbf-b9a2-4121-826a-fb6a0eb94092/1; https://files-api.properstar.com/api/v2/files/64a38815-fb2f-4d30-a9e6-eb26e70d5288/1; https://files-api.properstar.com/api/v2/files/5ef80301-e689-4944-ac51-be87f21bfb67/1; https://files-api.properstar.com/api/v2/files/deb11608-e20d-4e36-95fe-31d2b41a9e6f/1; https://files-api.properstar.com/api/v2/files/5a39019b-d839-413c-9552-8b078f023b0b/1; https://files-api.properstar.com/api/v2/files/dc6fdf5e-206f-44da-b142-7f316a19d438/1; https://files-api.properstar.com/api/v2/files/e663a921-162b-4c17-86f2-e1c3f5dc705e/1; https://files-api.properstar.com/api/v2/files/1b5553c7-274d-4b56-85f2-0045ddfc4808/1; https://files-api.properstar.com/api/v2/files/c2fbe964-bbb8-44cd-adb0-fa719240eb8a/1; https://files-api.properstar.com/api/v2/files/fc37a3cb-735a-4817-8490-3edc50229d03/1; https://files-api.properstar.com/api/v2/files/014c20a8-5036-4ff5-a34f-d823acea06ce/1
117904070,"Apartment for rent in El Tezal, Los Cabos, Baja California Sur",https://www.properstar.co.uk/listing/117904070,"GBP 1,213","TEZAL, 10, El Tezal, Los Cabos, Mexico",22.906439,-109.92805,2,2,1076.39148,Apartment,paola pliego,2026-07-05T22:15:32.5,https://files-api.properstar.com/api/v2/files/55d6575d-1a49-4510-99d9-c9708230ba2d/1; https://files-api.properstar.com/api/v2/files/af613372-6a0a-4ef5-ae72-a008fa6462cc/1; https://files-api.properstar.com/api/v2/files/8401baf0-bbc1-4a94-b174-6a15183cc5a5/1; https://files-api.properstar.com/api/v2/files/ff8e20ca-4e4e-4477-9672-8ceb51b676e8/1; https://files-api.properstar.com/api/v2/files/03d93ca3-33b1-4372-9992-17969a7da408/1; https://files-api.properstar.com/api/v2/files/db3260bc-21ad-45b0-baa6-3a3662208f5d/1; https://files-api.properstar.com/api/v2/files/77bf9813-fc91-41b7-9b45-f42e6227cc38/1; https://files-api.properstar.com/api/v2/files/2ebee1fc-ad44-4793-8b19-3fac5e30ecbe/1; https://files-api.properstar.com/api/v2/files/d9e96e23-dde7-4bf2-9861-be710c6ef247/1; https://files-api.properstar.com/api/v2/files/e6a383ff-0bbc-44c8-979b-d81ca3c93e37/1
117904083,"Apartment for rent in El Tezal, Los Cabos, Baja California Sur",https://www.properstar.co.uk/listing/117904083,"GBP 1,733","tezal, 10, El Tezal, Los Cabos, Mexico",22.906439,-109.92805,3,4,1076.39148,Apartment,paola pliego,2026-07-05T22:15:32.5,https://files-api.properstar.com/api/v2/files/c1092643-8541-4d65-8177-5ac3209da702/1; https://files-api.properstar.com/api/v2/files/514b0216-00b9-4f3d-8072-d24a0d70af0b/1; https://files-api.properstar.com/api/v2/files/37161705-9ecd-4411-be7a-542437654240/1; https://files-api.properstar.com/api/v2/files/c61e9dac-d59a-46a4-8631-cb934e35d24d/1; https://files-api.properstar.com/api/v2/files/6d8370df-a9e2-4699-bd66-3de7dba888cb/1; https://files-api.properstar.com/api/v2/files/66133029-35ff-4c02-8af7-9cff144c81e1/1; https://files-api.properstar.com/api/v2/files/5f86b784-d11e-4b76-8f62-213d13cc350f/1; https://files-api.properstar.com/api/v2/files/ca81c453-ae3e-4fee-a8af-13a262561de1/1; https://files-api.properstar.com/api/v2/files/c6d3b93c-64e4-44bd-b868-96790b62c927/1; https://files-api.properstar.com/api/v2/files/a94ca50e-4c83-4673-ae1b-96bd985491d0/1
117904096,"Apartment for rent in Lienzo Charro Centro, Los Cabos, Baja California Sur",https://www.properstar.co.uk/listing/117904096,"GBP 1,733","lunaterra, 10, Lienzo Charro Centro, Los Cabos, Mexico",22.884043,-109.917897,4,4,1184.03064,Apartment,paola pliego,2026-07-05T22:15:32.5,https://files-api.properstar.com/api/v2/files/e4de51b4-d499-4c18-9132-432fc4931ae9/1; https://files-api.properstar.com/api/v2/files/5b2210bb-0ee2-44af-9ede-84471985036d/1; https://files-api.properstar.com/api/v2/files/a26c6a2b-0e7d-45f2-9267-1ac1e3e71b2d/1; https://files-api.properstar.com/api/v2/files/eb4edf07-e864-4701-93b5-878676e976d6/1; https://files-api.properstar.com/api/v2/files/202d7fa8-fd29-42da-8e3e-fe6bd6bdb08b/1; https://files-api.properstar.com/api/v2/files/75a77dad-651e-42f3-959e-545d77c7eec4/1; https://files-api.properstar.com/api/v2/files/0a78ce30-2932-4bda-b1e7-280b7cb963aa/1; https://files-api.properstar.com/api/v2/files/35369643-5f12-43bf-a556-f9312b9e3385/1; https://files-api.properstar.com/api/v2/files/fcf49913-04ac-4a93-b999-8d3bc9ce2b32/1; https://files-api.properstar.com/api/v2/files/b6254d53-73b2-43bd-bbb3-8607bd827546/1; https://files-api.properstar.com/api/v2/files/0092e0f0-f84c-45cf-9f43-cae86f72064a/1; https://files-api.properstar.com/api/v2/files/de34b023-ec88-454b-8579-a9ad60485b0e/1; https://files-api.properstar.com/api/v2/files/ce9af891-4873-4577-bae6-2c5aa59f5417/1; https://files-api.properstar.com/api/v2/files/d4bacdd5-fba5-49cf-b468-2af468033fda/1; https://files-api.properstar.com/api/v2/files/188553a2-8a4d-4b77-8d20-b5b6f4b091fc/1; https://files-api.properstar.com/api/v2/files/b29367ad-56be-40c7-9cd3-3c6990c65845/1; https://files-api.properstar.com/api/v2/files/7eae85ed-85e1-4e8f-a0f0-64b4dfe31ce6/1
117904483,"House for rent in El Tezal, Los Cabos, Baja California Sur",https://www.properstar.co.uk/listing/117904483,"GBP 2,199","puerta de hierro, 231, El Tezal, Los Cabos, Mexico",22.904167,-109.891667,3,2,1614.58716,House,paola pliego,2026-07-05T22:15:32.5,https://files-api.properstar.com/api/v2/files/8a9e5bf3-d420-48d7-9438-5605fa066a16/1; https://files-api.properstar.com/api/v2/files/6f47eb24-72e9-4861-90bb-84e57ea3d4a0/1; https://files-api.properstar.com/api/v2/files/c8b45fca-6192-4748-a25d-0b195cb40384/1; https://files-api.properstar.com/api/v2/files/a2ff610b-4fe9-4247-9819-b56c9f2a9b69/1; https://files-api.properstar.com/api/v2/files/52d0b24f-b7bf-4ba5-8248-b874cacda4e1/1; https://files-api.properstar.com/api/v2/files/8791c2f8-4c8f-4c61-b60f-a26df560aafb/1; https://files-api.properstar.com/api/v2/files/e6c685fb-d5ab-4ecd-9594-6fd2b97245e0/1; https://files-api.properstar.com/api/v2/files/f30f225e-2ae5-4602-b9fc-df1f02e6928c/1; https://files-api.properstar.com/api/v2/files/a3da7121-fae7-4ffc-be2a-0212f3cf2fb8/1
117899936,"Apartment for rent in Lienzo Charro Centro, Los Cabos, Baja California Sur",https://www.properstar.co.uk/listing/117899936,GBP 997,"loma alta, 23, Lienzo Charro Centro, Los Cabos, Mexico",22.885191,-109.919278,2,2,1076.39148,Apartment,paola pliego,2026-07-05T22:15:32.5,https://files-api.properstar.com/api/v2/files/d4c752c8-c198-49d5-b78e-4811d2798aad/1; https://files-api.properstar.com/api/v2/files/d2cf4635-4513-4033-9987-28b1153a7fc8/1; https://files-api.properstar.com/api/v2/files/5bacddcc-b19f-4a7a-b610-e83a1abeca8a/1; https://files-api.properstar.com/api/v2/files/2e8dfe31-733c-4ca2-a564-6c302b50c887/1; https://files-api.properstar.com/api/v2/files/f49d7044-ea17-443f-ab8e-d8a6c87566bb/1; https://files-api.properstar.com/api/v2/files/de77e668-a731-49f8-a706-9cb6b5731b56/1; https://files-api.properstar.com/api/v2/files/330e5728-80d1-4b8d-ac9c-bc4bfed1989f/1; https://files-api.properstar.com/api/v2/files/6f8b7d13-9847-4f08-b7de-bb7580141366/1; https://files-api.properstar.com/api/v2/files/ee4b71ee-f111-4b8f-80f8-f26f31c8839d/1; https://files-api.properstar.com/api/v2/files/3305e83c-3a0f-42bf-9a02-c8b1fe8a9509/1
117900186,"Apartment for rent in Cabo San Lucas Centro, Los Cabos, Baja California Sur",https://www.properstar.co.uk/listing/117900186,"GBP 1,647","lienzo charro, 10, Cabo San Lucas Centro, Los Cabos, Mexico",22.882606,-109.912471,2,3,1097.91931,Apartment,paola pliego,2026-07-05T22:15:32.5,https://files-api.properstar.com/api/v2/files/afdd1a59-890a-4520-b610-6762de708a9e/1; https://files-api.properstar.com/api/v2/files/a9b98c0d-c166-4f47-b4b9-ca77133bcadf/1; https://files-api.properstar.com/api/v2/files/1f4610d0-ecb1-44b9-8547-7f73b33b4702/1; https://files-api.properstar.com/api/v2/files/464ccf60-5a51-4a42-ab13-447e52777112/1; https://files-api.properstar.com/api/v2/files/53b185a7-dbf3-4ad2-8094-8fc7ad9e277b/1; https://files-api.properstar.com/api/v2/files/2ab97686-1617-4846-a986-35751aa1eab3/1; https://files-api.properstar.com/api/v2/files/941384d9-9dbf-4993-ba43-34fcf62faf9b/1; https://files-api.properstar.com/api/v2/files/8088e3d6-a03f-467f-a08f-60f0007478c4/1; https://files-api.properstar.com/api/v2/files/12abf223-40c4-4f4e-9c96-fb2fbfc7c566/1
117901189,"House for rent in El Tezal, Los Cabos, Baja California Sur",https://www.properstar.co.uk/listing/117901189,"GBP 2,199","PUERTA DE HIERRO, 232, El Tezal, Los Cabos, Mexico",22.904167,-109.891667,4,4,1722.22644,House,paola pliego,2026-07-05T22:15:32.5,https://files-api.properstar.com/api/v2/files/af03f55a-60fa-4c48-87a2-dc6b212aa153/1; https://files-api.properstar.com/api/v2/files/def50acb-cb30-4580-888c-c443226bd648/1; https://files-api.properstar.com/api/v2/files/3a159570-7106-41e5-8492-e52bc17a669b/1; https://files-api.properstar.com/api/v2/files/d0b02e65-5cca-4964-a1dc-19655be4a42e/1; https://files-api.properstar.com/api/v2/files/c11e289b-26a2-4128-a599-50e498b23208/1; https://files-api.properstar.com/api/v2/files/ab96d280-744d-4dff-9627-a3fa071211c5/1; https://files-api.properstar.com/api/v2/files/7ceaab6a-1e32-4f5d-bea9-f59e5c942842/1; https://files-api.properstar.com/api/v2/files/2aa040b7-2aee-45db-8491-c8c45495e0b4/1; https://files-api.properstar.com/api/v2/files/75dbd941-ff83-455a-b204-eb467eb5ac0f/1
117901213,"House for rent in Brisas del Pacifico, Los Cabos, Baja California Sur",https://www.properstar.co.uk/listing/117901213,GBP 650,"ARCOS DEL SOL, 232, Brisas del Pacifico, Los Cabos, Mexico",22.899552,-109.94345,2,1,2152.783,House,paola pliego,2026-07-05T22:15:32.5,https://files-api.properstar.com/api/v2/files/a94ecff1-ca28-4b0a-94be-e1bb1d1df4c2/1; https://files-api.properstar.com/api/v2/files/6e61e6f8-9535-4b38-8f06-ae177ef735e0/1; https://files-api.properstar.com/api/v2/files/2eddbcfc-1f21-441c-b008-d9453634fdb0/1; https://files-api.properstar.com/api/v2/files/626e0fa8-1565-41a1-8de0-adf196de131e/1; https://files-api.properstar.com/api/v2/files/17841101-a1d9-4715-b903-749b22a33375/1; https://files-api.properstar.com/api/v2/files/5eb9e01e-aa75-4eca-b1f4-e65bc5bba9aa/1; https://files-api.properstar.com/api/v2/files/4bb174cc-ff1b-449b-b431-5e737fd9c0e6/1
117902836,"Apartment for rent in El Tezal, Los Cabos, Baja California Sur",https://www.properstar.co.uk/listing/117902836,GBP 910,"amalfi, 231, El Tezal, Los Cabos, Mexico",22.923205,-109.87793,2,2,1076.39148,Apartment,paola pliego,2026-07-05T22:15:32.5,https://files-api.properstar.com/api/v2/files/b3ecdd51-fedd-4084-bf59-54c4754b0b1e/1; https://files-api.properstar.com/api/v2/files/a7339e0e-16f2-4e53-8b90-0533c54267a6/1; https://files-api.properstar.com/api/v2/files/a7df2f05-a407-4d34-b5ff-44ce131037e2/1; https://files-api.properstar.com/api/v2/files/24be49da-2d59-4f39-9ef8-605b51938456/1; https://files-api.properstar.com/api/v2/files/1afc52d2-8e97-4bbb-abeb-aec6cf602b64/1; https://files-api.properstar.com/api/v2/files/98ba7fee-132b-48c3-94dc-bfc193f9c1f4/1; https://files-api.properstar.com/api/v2/files/187ba6a1-cf8b-440a-a119-ab698a579d49/1; https://files-api.properstar.com/api/v2/files/c011c54c-8902-4953-b6b7-09267f86a21c/1
117903336,"Apartment for rent in Cabo San Lucas Centro, Los Cabos, Baja California Sur",https://www.properstar.co.uk/listing/117903336,"GBP 1,733","vista vela, 21, Cabo San Lucas Centro, Los Cabos, Mexico",22.882606,-109.912471,3,3,2152.783,Apartment,paola pliego,2026-07-05T22:15:32.5,https://files-api.properstar.com/api/v2/files/b5643db8-9c82-4768-a5d5-d05923649041/1; https://files-api.properstar.com/api/v2/files/16946141-cef8-427d-a66a-8e58fb907e5c/1; https://files-api.properstar.com/api/v2/files/8de4bcbf-3bb3-4da7-a628-d07c3f9963b9/1; https://files-api.properstar.com/api/v2/files/1c9c38ee-b766-406f-ad9c-799b62ed7a06/1; https://files-api.properstar.com/api/v2/files/7e6c2f71-0388-4b40-b020-fc9abea032ce/1; https://files-api.properstar.com/api/v2/files/950bfcc5-6bca-4381-b4d6-05ab85b2e0a8/1; https://files-api.properstar.com/api/v2/files/4ea4d052-c28e-4675-a6a8-a6991703b1c7/1; https://files-api.properstar.com/api/v2/files/677fdfd0-6d62-46e9-8b93-6ddb44dce87f/1; https://files-api.properstar.com/api/v2/files/c77df51a-2707-4875-9df5-3ae9ba7e5e1b/1
117903350,"Apartment for rent in Cabo San Lucas Centro, Los Cabos, Baja California Sur",https://www.properstar.co.uk/listing/117903350,"GBP 1,647","vista vela , 33, Cabo San Lucas Centro, Los Cabos, Mexico",22.882606,-109.912471,2,3,2120.49121,Apartment,paola pliego,2026-07-05T22:15:32.5,https://files-api.properstar.com/api/v2/files/e55d4667-989c-4a91-a936-2c6f339dfce4/1; https://files-api.properstar.com/api/v2/files/9155f42f-20ce-449c-9ca2-9893b57e4d69/1; https://files-api.properstar.com/api/v2/files/a93bc891-cb2f-426d-abe2-0501d8c9e3ae/1; https://files-api.properstar.com/api/v2/files/aea87fe1-e0d8-4615-ba35-a4eb8d689e1a/1; https://files-api.properstar.com/api/v2/files/0eca133b-8db9-4306-afcf-2fcbc50eb2a0/1; https://files-api.properstar.com/api/v2/files/429d7969-bfb5-40cf-b1a7-ea345a7a42e5/1; https://files-api.properstar.com/api/v2/files/a28ddce3-4e98-45f8-b4a4-19df78524894/1; https://files-api.properstar.com/api/v2/files/52306d00-62e7-4c0e-b58e-cce4ffe36e43/1
117902063,"Apartment for rent in Cabo San Lucas Centro, Los Cabos, Baja California Sur",https://www.properstar.co.uk/listing/117902063,"GBP 1,387","tezal, 10, Cabo San Lucas Centro, Los Cabos, Mexico",22.882606,-109.912471,2,2,1076.39148,Apartment,paola pliego,2026-07-05T22:15:32.5,https://files-api.properstar.com/api/v2/files/a542be30-f88e-4550-9a23-2a0f48809245/1; https://files-api.properstar.com/api/v2/files/e10f28fb-2ead-471d-b610-fdf607aa6950/1; https://files-api.properstar.com/api/v2/files/e75828dd-c77f-431d-8221-952b32d4dd8c/1; https://files-api.properstar.com/api/v2/files/8b5e2166-fba2-4cd0-9906-bba19a525414/1; https://files-api.properstar.com/api/v2/files/2b81d88d-67c8-40e2-9e8e-29ae385c1ae7/1; https://files-api.properstar.com/api/v2/files/583d9563-c67f-40c6-ae0a-74a85961743a/1; https://files-api.properstar.com/api/v2/files/9b825e5e-a440-4e4c-8768-8370af51e97b/1; https://files-api.properstar.com/api/v2/files/52e29a66-3a8b-4083-a6e6-227271f37948/1; https://files-api.properstar.com/api/v2/files/cc2be45b-882f-4ed1-b0ee-bb7475046790/1; https://files-api.properstar.com/api/v2/files/5fdf493c-0927-4425-a8b3-0ba2344efae0/1
117902450,"House for rent in El Tezal, Los Cabos, Baja California Sur",https://www.properstar.co.uk/listing/117902450,GBP 953,"villas del tezal, 12, El Tezal, Los Cabos, Mexico",22.911891,-109.888682,2,2,1076.39148,House,paola pliego,2026-07-05T22:15:32.5,https://files-api.properstar.com/api/v2/files/05e76ffb-f1b8-48e8-9e0d-0632411b7e56/1; https://files-api.properstar.com/api/v2/files/5dade869-1443-4f08-bd0d-02d532ad75f3/1; https://files-api.properstar.com/api/v2/files/dd7d2991-d5b7-4990-a984-07861f19c0f7/1; https://files-api.properstar.com/api/v2/files/c4f6ca03-76c3-4351-a356-584c878127a9/1; https://files-api.properstar.com/api/v2/files/034fc349-8a1a-4d31-a4a2-487f0a9c9a18/1; https://files-api.properstar.com/api/v2/files/7da7179b-cae7-4089-9440-0048fcbf0f5f/1; https://files-api.properstar.com/api/v2/files/aca9d278-e381-44f6-8b54-cf6469950573/1
117902822,"Apartment for rent in El Tezal, Los Cabos, Baja California Sur",https://www.properstar.co.uk/listing/117902822,"GBP 1,733","tezal, 10, El Tezal, Los Cabos, Mexico",22.906439,-109.92805,3,3,1614.58716,Apartment,paola pliego,2026-07-05T22:15:32.5,https://files-api.properstar.com/api/v2/files/3526f206-bfaa-4497-b8df-6db02374a554/1; https://files-api.properstar.com/api/v2/files/eb9cda5c-74df-48f8-bf18-f26d441f0394/1; https://files-api.properstar.com/api/v2/files/cc127491-51f8-4789-849b-062092acbad3/1; https://files-api.properstar.com/api/v2/files/06a3563f-c4a9-4ff9-9db2-958346fe7e6c/1; https://files-api.properstar.com/api/v2/files/c4c266af-f1ed-40b8-b7f1-83ec31531203/1; https://files-api.properstar.com/api/v2/files/487e1d4d-aa12-4f25-a548-3a8ade963ac1/1; https://files-api.properstar.com/api/v2/files/6fb592b9-a4bf-445b-b5df-b237a498d6ac/1; https://files-api.properstar.com/api/v2/files/7a3bae9e-3feb-43d1-973f-9ecabb445dfd/1; https://files-api.properstar.com/api/v2/files/3bf2943b-7f41-467f-84b9-6af45deb5352/1
117902835,"Apartment for rent in El Tezal, Los Cabos, Baja California Sur",https://www.properstar.co.uk/listing/117902835,"GBP 1,300","tezal, 321, El Tezal, Los Cabos, Mexico",22.906847,-109.928007,2,2,1076.39148,Apartment,paola pliego,2026-07-05T22:15:32.5,https://files-api.properstar.com/api/v2/files/51bc6cb9-5134-4867-9064-f134dda3bd25/1; https://files-api.properstar.com/api/v2/files/a2d52f80-9b4e-4b6c-877b-dea7199d81c8/1; https://files-api.properstar.com/api/v2/files/a279a692-22db-4e0c-9c9e-e3f3640febec/1; https://files-api.properstar.com/api/v2/files/273a0155-85e0-45bf-988c-c89fd68058a6/1; https://files-api.properstar.com/api/v2/files/1a8b2c44-7c59-4334-aaae-aad6579c28e7/1; https://files-api.properstar.com/api/v2/files/c2c9d700-5c95-444d-bb90-3a0fdab73eb0/1; https://files-api.properstar.com/api/v2/files/0f9540a9-4836-419b-9b28-a6322af9a1a6/1; https://files-api.properstar.com/api/v2/files/41eee378-d64e-40fa-bd8a-d3d79a323b02/1; https://files-api.properstar.com/api/v2/files/3ff8eb1f-a0be-45ee-a19c-0a7fac03a2d8/1; https://files-api.properstar.com/api/v2/files/5534ab87-1489-4556-8cb8-4571cb667285/1
117903335,"Apartment for rent in Lienzo Charro Centro, Los Cabos, Baja California Sur",https://www.properstar.co.uk/listing/117903335,"GBP 1,300","lienzo charro , 20, Lienzo Charro Centro, Los Cabos, Mexico",22.884043,-109.917897,2,2,2045.1438,Apartment,paola pliego,2026-07-05T22:15:32.5,https://files-api.properstar.com/api/v2/files/4262cebb-2ad4-4905-ba69-2d40e8df3e33/1; https://files-api.properstar.com/api/v2/files/34a7fd28-35a5-4a16-ae45-27a1e4037fd7/1; https://files-api.properstar.com/api/v2/files/7eaa292e-1565-488b-bb94-e35a9c7b151e/1; https://files-api.properstar.com/api/v2/files/adf7a642-36f6-4356-b1e6-16bcbe8bd3ec/1; https://files-api.properstar.com/api/v2/files/886170f2-783c-4815-91a5-95ddc3fe53e4/1
117900545,"House for rent in El Tezal, Los Cabos, Baja California Sur",https://www.properstar.co.uk/listing/117900545,"GBP 1,647","El Tezal, Los Cabos, Mexico",22.923205,-109.87793,3,3,2045.1438,House,paola pliego,2026-07-05T22:15:32.5,https://files-api.properstar.com/api/v2/files/aa9936b0-c7a2-4769-b04c-5ac206734f2e/1; https://files-api.properstar.com/api/v2/files/6e912b0c-5074-44fc-a07d-99e9992944cf/1; https://files-api.properstar.com/api/v2/files/f6fdf238-53c7-4c8e-b7e6-80c11a6b80a4/1; https://files-api.properstar.com/api/v2/files/2e996612-08b6-4059-b6bd-b6ce8101a70d/1; https://files-api.properstar.com/api/v2/files/70ce053f-8546-48ba-ba6b-308a3de5db7a/1; https://files-api.properstar.com/api/v2/files/18e047de-921b-439d-88e0-b2c01a84e938/1; https://files-api.properstar.com/api/v2/files/49857d07-51e8-482d-bc31-48c71d2e1b15/1; https://files-api.properstar.com/api/v2/files/34b66e2e-8e06-4ff8-9649-8235ea6aede5/1; https://files-api.properstar.com/api/v2/files/4b94ba03-d0df-49c3-8835-504ec55a16b9/1; https://files-api.properstar.com/api/v2/files/c633ff7c-09cd-468b-89bf-f08e787f91ad/1; https://files-api.properstar.com/api/v2/files/a81e29e0-1313-47a4-8279-a7ee0eb0e421/1; https://files-api.properstar.com/api/v2/files/22f88a69-2b41-474f-9556-3ff78bec82db/1
117901188,"Apartment for rent in Cabo San Lucas Centro, Los Cabos, Baja California Sur",https://www.properstar.co.uk/listing/117901188,GBP 325,"4 marzo, 2321, Cabo San Lucas Centro, Los Cabos, Mexico",22.882606,-109.912471,1,1,215.2783,Apartment,paola pliego,2026-07-05T22:15:32.5,https://files-api.properstar.com/api/v2/files/e17c451e-af11-4951-bf8a-2c67ee0bd67b/1; https://files-api.properstar.com/api/v2/files/b5d6dcaf-de48-44c4-bcaf-d9dd9d3df25f/1; https://files-api.properstar.com/api/v2/files/3c2b086f-88ea-4384-9c1c-e1dffde8c216/1; https://files-api.properstar.com/api/v2/files/85aaee9b-4e53-436b-9755-879046c75dd9/1; https://files-api.properstar.com/api/v2/files/c4195bbe-7603-485c-ac68-edc68045baf3/1
117901212,"House for rent in El Tezal, Los Cabos, Baja California Sur",https://www.properstar.co.uk/listing/117901212,"GBP 1,517","tezal, 231, El Tezal, Los Cabos, Mexico",22.906138,-109.927977,3,4,1076.39148,House,paola pliego,2026-07-05T22:15:32.5,https://files-api.properstar.com/api/v2/files/1fa1ad32-0353-42b6-92d5-3e7ea302cb92/1; https://files-api.properstar.com/api/v2/files/3ad72138-85f5-43d5-b178-80a5fcc6181d/1; https://files-api.properstar.com/api/v2/files/7de1ec44-dfd0-45ff-9a1a-95e80f88e6e1/1; https://files-api.properstar.com/api/v2/files/16ad74e7-d1c4-46cb-bc6a-fd11159b3bfd/1; https://files-api.properstar.com/api/v2/files/a55b6be2-306a-4c29-8ff4-8b5025b3e2de/1; https://files-api.properstar.com/api/v2/files/07e22fc5-df7a-4fd8-9f7b-ef6af41f9413/1; https://files-api.properstar.com/api/v2/files/46cf5d34-ca0b-4ce1-a90f-7575fc4633de/1; https://files-api.properstar.com/api/v2/files/a5296b2a-8e6e-45d0-836b-081d570cee6e/1; https://files-api.properstar.com/api/v2/files/c58c9f84-5cec-4aa1-a296-0796686d1eb0/1
117901225,"Apartment for rent in El Tezal, Los Cabos, Baja California Sur",https://www.properstar.co.uk/listing/117901225,"GBP 1,820","vista vela , 121, El Tezal, Los Cabos, Mexico",22.906292,-109.880883,3,3,1291.6698,Apartment,paola pliego,2026-07-05T22:15:32.5,https://files-api.properstar.com/api/v2/files/367a30c7-37db-4e4f-aad9-7aad2ad4535a/1; https://files-api.properstar.com/api/v2/files/5298d383-c545-4b26-9396-182d7afe25cb/1; https://files-api.properstar.com/api/v2/files/9830b414-f33d-4925-b727-4c6ec9bfead5/1; https://files-api.properstar.com/api/v2/files/5553199a-8b85-4abb-ad83-8f1e1a77b150/1; https://files-api.properstar.com/api/v2/files/46fac704-3e7e-473f-996f-d9a48640e73d/1; https://files-api.properstar.com/api/v2/files/f429ebc7-9e7e-4ed2-bca4-755b06e7b670/1; https://files-api.properstar.com/api/v2/files/375d4120-e2a5-4f10-86da-1ea300151b02/1
117899935,"Apartment for rent in El Tezal, Los Cabos, Baja California Sur",https://www.properstar.co.uk/listing/117899935,"GBP 1,213","TEZAL, 90, El Tezal, Los Cabos, Mexico",22.905716,-109.92803,2,2,1076.39148,Apartment,paola pliego,2026-07-05T22:15:32.5,https://files-api.properstar.com/api/v2/files/fd4ea9a7-8c3e-4e70-9000-050710b7ee79/1; https://files-api.properstar.com/api/v2/files/d7be6cc5-5343-4566-bec7-dac4080f909e/1; https://files-api.properstar.com/api/v2/files/0c455185-a066-4ede-841c-f13775b2318c/1; https://files-api.properstar.com/api/v2/files/e34f0660-f0b8-45f4-9172-64376bc8ebc3/1; https://files-api.properstar.com/api/v2/files/69c12a4a-fc6f-4d07-9110-550fd3dae7f1/1; https://files-api.properstar.com/api/v2/files/b5a2c1da-847a-4321-a78c-2cd9733d5d15/1; https://files-api.properstar.com/api/v2/files/25d97aaf-e17f-4600-8c68-9db89cfeb342/1; https://files-api.properstar.com/api/v2/files/cb7b22fe-0c9d-48d0-8b49-ae333f88d959/1; https://files-api.properstar.com/api/v2/files/b0588b44-f9ef-4d4c-8ac6-fbc6cea3e0fb/1
117900185,"Apartment for rent in San José del Cabo (Los Cabos), Los Cabos, Baja California Sur",https://www.properstar.co.uk/listing/117900185,"GBP 1,833","mykonos, 10, San José del Cabo (Los Cabos), Los Cabos, Mexico",23.137011,-109.720476,2,2,2109.72729,Apartment,paola pliego,2026-07-05T22:15:32.5,https://files-api.properstar.com/api/v2/files/ba63d570-d316-4771-94ad-00d782def37c/1; https://files-api.properstar.com/api/v2/files/11728e16-eb46-4184-9520-de0431a18406/1; https://files-api.properstar.com/api/v2/files/095002dc-630f-429a-8e1c-2d13b0971b11/1; https://files-api.properstar.com/api/v2/files/ad591688-4866-4112-b25c-8a89dc133b62/1; https://files-api.properstar.com/api/v2/files/13ea32b9-ff51-43a6-8b56-b511c18e4bc6/1
117902422,"Apartment for rent in El Tezal, Los Cabos, Baja California Sur",https://www.properstar.co.uk/listing/117902422,"GBP 1,647","tezal, 100, El Tezal, Los Cabos, Mexico",22.90573,-109.928028,2,2,1076.39148,Apartment,paola pliego,2026-07-05T22:15:32.5,https://files-api.properstar.com/api/v2/files/627863c5-0208-43d9-bd58-9b22166431fb/1; https://files-api.properstar.com/api/v2/files/cb3789b1-fd87-41b4-a0b5-7f9835b70a62/1; https://files-api.properstar.com/api/v2/files/664f5d84-9ed1-47a2-97c1-ada538115c86/1; https://files-api.properstar.com/api/v2/files/a641ac93-696d-4e09-9e1e-af24dc3db247/1; https://files-api.properstar.com/api/v2/files/eb8cf605-8ecf-4704-8fe6-7e1e8f9aafc4/1; https://files-api.properstar.com/api/v2/files/d2317d16-50c7-4630-b4b3-d49fccda9ac1/1; https://files-api.properstar.com/api/v2/files/c56b13c8-0028-4b9a-aa53-70be004a2054/1; https://files-api.properstar.com/api/v2/files/343e03e3-fb2e-4d66-a83c-b453efb7c250/1; https://files-api.properstar.com/api/v2/files/a4ada7ab-11f7-40ca-9414-928a318ff3a1/1; https://files-api.properstar.com/api/v2/files/07564b25-95f3-4d2b-9e72-6f92d8092176/1; https://files-api.properstar.com/api/v2/files/46eca26d-6fee-4270-a06a-e4ea00c741b6/1; https://files-api.properstar.com/api/v2/files/6cb266cd-b79b-47cb-b812-79fb55d9caa7/1; https://files-api.properstar.com/api/v2/files/adadbb41-5326-4bd2-a212-c61fcb7ca6d6/1; https://files-api.properstar.com/api/v2/files/8e4ec071-d702-4f4d-b2a4-ce651e8c7b8e/1; https://files-api.properstar.com/api/v2/files/d2b8bcf3-ef61-4bd8-8f8e-2b9365fc1046/1; https://files-api.properstar.com/api/v2/files/f76a9f4f-300c-457c-a8cb-63a37c14d728/1; https://files-api.properstar.com/api/v2/files/23fb645f-3a60-4b74-8631-0ff2ccbf9507/1; https://files-api.properstar.com/api/v2/files/8b91852c-0059-48ba-907b-7447a0b40168/1; https://files-api.properstar.com/api/v2/files/508dfc2a-273c-4fba-b532-396021343834/1
117903698,"Apartment for rent in Cabo San Lucas Centro, Los Cabos, Baja California Sur",https://www.properstar.co.uk/listing/117903698,GBP 563,"cabo san lucas, 232, Cabo San Lucas Centro, Los Cabos, Mexico",22.882606,-109.912471,2,1,1076.39148,Apartment,paola pliego,2026-07-05T22:15:32.5,https://files-api.properstar.com/api/v2/files/ae6d7e04-1f43-4776-8bb1-37a2e9629049/1; https://files-api.properstar.com/api/v2/files/54b85ab1-f2e4-474d-9e71-f5d292a91940/1; https://files-api.properstar.com/api/v2/files/ef86dadf-ab3e-459f-8c33-4c69f57b5a44/1; https://files-api.properstar.com/api/v2/files/fcdc6aae-4954-44d1-aad9-b1378630f19f/1; https://files-api.properstar.com/api/v2/files/af75fe4b-c182-4d8e-a3dc-94b99d949ae3/1; https://files-api.properstar.com/api/v2/files/df052be6-b14e-447a-a897-68e61bb284bf/1
117904068,"Apartment for rent in Lienzo Charro Centro, Los Cabos, Baja California Sur",https://www.properstar.co.uk/listing/117904068,"GBP 1,647","VISTA VELA, 10, Lienzo Charro Centro, Los Cabos, Mexico",22.892851,-109.922829,2,3,1076.39148,Apartment,paola pliego,2026-07-05T22:15:32.5,https://files-api.properstar.com/api/v2/files/90070530-1775-442e-9fc0-869c1bdbca7c/1; https://files-api.properstar.com/api/v2/files/8406b936-90af-42a7-9d7d-ddde9087bda2/1; https://files-api.properstar.com/api/v2/files/60802c38-fea5-45aa-a08b-73fd656282c2/1; https://files-api.properstar.com/api/v2/files/50aa0394-f25d-40b9-b78e-1197f9258deb/1; https://files-api.properstar.com/api/v2/files/ccef50a4-de7a-47cd-b441-0ef96485052c/1; https://files-api.properstar.com/api/v2/files/68118485-f17d-45bb-878c-7dc769e0e734/1; https://files-api.properstar.com/api/v2/files/5e736268-88c1-4aab-bac8-41db9a3555b0/1; https://files-api.properstar.com/api/v2/files/bf281c6e-0fbd-4eef-928d-ec360bdda89d/1
117904082,"Apartment for rent in Cabo San Lucas Centro, Los Cabos, Baja California Sur",https://www.properstar.co.uk/listing/117904082,"GBP 1,083","BAHIA DEL TEZAL, 10, Cabo San Lucas Centro, Los Cabos, Mexico",22.882606,-109.912471,2,2,1076.39148,Apartment,paola pliego,2026-07-05T22:15:32.5,https://files-api.properstar.com/api/v2/files/c71547bb-1384-4009-ab2f-46696d44f170/1; https://files-api.properstar.com/api/v2/files/19043485-be90-4a0d-9bd7-3180a217aff4/1; https://files-api.properstar.com/api/v2/files/d514b421-fe62-4cf3-b46f-699b30f92026/1; https://files-api.properstar.com/api/v2/files/b4e81b37-a094-44e0-9a75-e5b177650fb2/1; https://files-api.properstar.com/api/v2/files/e8db2888-f1e8-46d4-a626-b20cfee10348/1; https://files-api.properstar.com/api/v2/files/88e82e81-6984-48e0-8cfc-8c5ebe50f492/1; https://files-api.properstar.com/api/v2/files/b16be006-7378-4bea-bad7-8664db93927f/1
117904095,"Apartment for rent in El Tezal, Los Cabos, Baja California Sur",https://www.properstar.co.uk/listing/117904095,"GBP 1,083","BAHIA DEL TEZAl , 10, El Tezal, Los Cabos, Mexico",22.901212,-109.890605,2,1,1076.39148,Apartment,paola pliego,2026-07-05T22:15:32.5,https://files-api.properstar.com/api/v2/files/86cf1e6d-755d-4d99-9509-d368e79e65fb/1; https://files-api.properstar.com/api/v2/files/a890c26d-9e5a-4d7f-a7a8-6fa2ec17b713/1; https://files-api.properstar.com/api/v2/files/8fe6d4cb-473b-4090-bc55-f91feb77f95f/1; https://files-api.properstar.com/api/v2/files/ead814e3-01fe-4893-b784-9dbd3d633634/1; https://files-api.properstar.com/api/v2/files/f4a93534-b982-46e9-a908-5f10a1d3b321/1; https://files-api.properstar.com/api/v2/files/91f9260c-92d2-4af7-874a-8292353bf1de/1; https://files-api.properstar.com/api/v2/files/ee498d89-9ee9-4581-b077-669bbc2cb424/1; https://files-api.properstar.com/api/v2/files/bc8a28e0-9f8d-475d-a904-12d06324583f/1
117904482,"House for rent in El Tezal, Los Cabos, Baja California Sur",https://www.properstar.co.uk/listing/117904482,"GBP 1,517","privanzas, 232, El Tezal, Los Cabos, Mexico",22.914685,-109.881628,2,2,1076.39148,House,paola pliego,2026-07-05T22:15:32.5,https://files-api.properstar.com/api/v2/files/55f42349-ade6-4231-aa98-ddf508220a30/1; https://files-api.properstar.com/api/v2/files/af038849-543a-4e0a-a1d3-24a7e7a26940/1; https://files-api.properstar.com/api/v2/files/e4356be9-6175-4ab0-af83-04e53654b432/1; https://files-api.properstar.com/api/v2/files/5aac78a4-f280-4bda-830f-f445562e2f5a/1; https://files-api.properstar.com/api/v2/files/711f38d0-ed25-44e6-803e-90f9e96618ce/1; https://files-api.properstar.com/api/v2/files/0e2cea7e-e731-41e3-9234-b7acfd87b5c8/1; https://files-api.properstar.com/api/v2/files/7aeb9d9d-6d61-4a5b-a0f5-fc7048665e01/1; https://files-api.properstar.com/api/v2/files/3b00908d-40df-454c-b1ac-727323064717/1; https://files-api.properstar.com/api/v2/files/b2b7e1e1-3d9e-4973-bbc4-4b3c67aeab15/1; https://files-api.properstar.com/api/v2/files/4b8a8725-7e76-4da1-8be8-702955a215e6/1; https://files-api.properstar.com/api/v2/files/6ba916cf-ccee-4b66-91d0-656645efcffd/1; https://files-api.properstar.com/api/v2/files/97987753-77eb-4dec-b126-313533b05233/1; https://files-api.properstar.com/api/v2/files/334e432a-f67f-4b73-8ab1-a64d21e81ab2/1; https://files-api.properstar.com/api/v2/files/7fd44dbb-1856-48f5-b3c2-63b4d115ecaa/1; https://files-api.properstar.com/api/v2/files/f92be301-101e-41fb-a113-9c071473c19f/1; https://files-api.properstar.com/api/v2/files/a8bb3744-e04f-444e-869a-6702565ea39e/1
117904495,"Apartment for rent in El Tezal, Los Cabos, Baja California Sur",https://www.properstar.co.uk/listing/117904495,"GBP 1,647","TEZAL, 10, El Tezal, Los Cabos, Mexico",22.906439,-109.92805,2,2,1076.39148,Apartment,paola pliego,2026-07-05T22:15:32.5,https://files-api.properstar.com/api/v2/files/787f7098-cc24-42fb-95f3-178876e5e5d7/1; https://files-api.properstar.com/api/v2/files/f1184774-afa2-4c9b-946e-11b3af7fe4f3/1; https://files-api.properstar.com/api/v2/files/1c4ebdea-78aa-4090-a0db-7d96332c0d6e/1; https://files-api.properstar.com/api/v2/files/aa0b7c78-6bed-4d1d-a1f9-47a818573237/1; https://files-api.properstar.com/api/v2/files/ead74040-6123-49f8-91fe-a13803f1741b/1; https://files-api.properstar.com/api/v2/files/cf196e83-400b-4474-98a7-3ee3aa4bfa9e/1; https://files-api.properstar.com/api/v2/files/b09fa73e-0f6e-48b3-9309-ce0804cf72e0/1; https://files-api.properstar.com/api/v2/files/9dabf87b-9cc0-4dc0-ade9-65b92bcbf1f1/1; https://files-api.properstar.com/api/v2/files/3813e683-9b68-48f4-b390-273658f42efe/1; https://files-api.properstar.com/api/v2/files/636364a2-8604-4ab1-aca0-b86e3016a188/1; https://files-api.properstar.com/api/v2/files/ea81fa4b-dd9e-4181-8654-77c85d922370/1; https://files-api.properstar.com/api/v2/files/f561874f-e01a-4632-bd24-417c48117281/1; https://files-api.properstar.com/api/v2/files/c3c721ff-69c0-4c08-9910-6764b5684799/1; https://files-api.properstar.com/api/v2/files/02bef368-6498-444e-b866-fd86fb5b23c8/1; https://files-api.properstar.com/api/v2/files/30692c42-1564-483b-bcc9-b72917b22e8a/1; https://files-api.properstar.com/api/v2/files/d95732a1-6062-4df8-aac9-0dd3874aee99/1; https://files-api.properstar.com/api/v2/files/74b9a32b-1d1b-4018-8138-9aff616442ba/1; https://files-api.properstar.com/api/v2/files/b94ec610-41c8-4dd5-973f-14851ba036b2/1; https://files-api.properstar.com/api/v2/files/87f501f8-4da4-492e-8d15-1417f4c18f4f/1
117904505,"Apartment for rent in Lienzo Charro Centro, Los Cabos, Baja California Sur",https://www.properstar.co.uk/listing/117904505,"GBP 1,300","SUNSET, 2342, Lienzo Charro Centro, Los Cabos, Mexico",22.884043,-109.917897,2,3,1076.39148,Apartment,paola pliego,2026-07-05T22:15:32.5,https://files-api.properstar.com/api/v2/files/028ae95f-b731-4e66-882d-d2be5677392e/1; https://files-api.properstar.com/api/v2/files/111d8fb1-c6ac-4d6a-9f05-36b9ed080619/1; https://files-api.properstar.com/api/v2/files/e15f1402-c6e3-4abd-839c-1a1223b46e93/1; https://files-api.properstar.com/api/v2/files/a4ace5e7-c0e4-49c0-a9dc-8aa328d094fe/1; https://files-api.properstar.com/api/v2/files/c5335e5e-199e-4e27-b163-4da461526279/1; https://files-api.properstar.com/api/v2/files/2cbde444-ff37-41fe-ae69-2759c1bed711/1; https://files-api.properstar.com/api/v2/files/f490b18f-dadb-49a4-8377-f81fe5f4ef4e/1; https://files-api.properstar.com/api/v2/files/c1accf2f-8b65-4fd9-82be-0d0a788e17f4/1; https://files-api.properstar.com/api/v2/files/a18fa787-8c76-4a5d-af7d-3cb20b59be3b/1; https://files-api.properstar.com/api/v2/files/bb3cacf2-45da-4d04-aaa8-e619aa7548b0/1; https://files-api.properstar.com/api/v2/files/a55806a5-7a5e-4b62-993f-4f025ea396fc/1; https://files-api.properstar.com/api/v2/files/be9ebe06-9f5e-4fa6-8646-83a0204c191a/1; https://files-api.properstar.com/api/v2/files/8187330b-b4bb-4232-bab6-04d97ea2271e/1; https://files-api.properstar.com/api/v2/files/896219ac-b6c6-4c39-9ed8-c88d47bb3f91/1; https://files-api.properstar.com/api/v2/files/3d6e05a6-72c0-4a0f-85a0-384d1f83d6fc/1; https://files-api.properstar.com/api/v2/files/70003f23-cd45-4d73-9e99-5bb738a3da20/1; https://files-api.properstar.com/api/v2/files/42d2f9f5-e33e-490b-9704-1e2d77e86a71/1
117903734,"Apartment for rent in El Tezal, Los Cabos, Baja California Sur",https://www.properstar.co.uk/listing/117903734,"GBP 1,300","tezal, 232, El Tezal, Los Cabos, Mexico",22.908963,-109.889442,2,2,1076.39148,Apartment,paola pliego,2026-07-05T22:15:32.5,https://files-api.properstar.com/api/v2/files/33e4604b-f5eb-4472-958e-107594cb99d3/1; https://files-api.properstar.com/api/v2/files/afb0f9d2-e30f-4c98-bb21-ed02e7d47521/1; https://files-api.properstar.com/api/v2/files/b7337404-458a-41e0-9115-3cdb8403120e/1; https://files-api.properstar.com/api/v2/files/af335a6a-4e6a-4aae-9097-cc057cbb5eb5/1; https://files-api.properstar.com/api/v2/files/6317c5ee-f50f-4e9a-a75f-70b0e34eaf70/1; https://files-api.properstar.com/api/v2/files/d0825b3a-e762-4f0a-a3cc-b6743273f96b/1; https://files-api.properstar.com/api/v2/files/02d3c336-e326-42ae-b092-a166ac8f70dc/1; https://files-api.properstar.com/api/v2/files/fdd22bda-57f5-4241-afb5-1ca6acc740c0/1; https://files-api.properstar.com/api/v2/files/96182a97-6996-408f-851c-87d2e9ecf743/1; https://files-api.properstar.com/api/v2/files/63515eb7-c8a5-407b-ab55-fec7f5b1619f/1
117904094,"House for rent in El Tezal, Los Cabos, Baja California Sur",https://www.properstar.co.uk/listing/117904094,"GBP 1,885","casa mexicana, 321, El Tezal, Los Cabos, Mexico",22.904167,-109.891667,4,4,2045.1438,House,paola pliego,2026-07-05T22:15:32.5,https://files-api.properstar.com/api/v2/files/469baf51-faa9-4d19-a430-d8460fa84e4c/1; https://files-api.properstar.com/api/v2/files/db30a990-c959-4af0-aa26-360522c0190b/1; https://files-api.properstar.com/api/v2/files/63a7b4bb-8a49-4b46-80f3-db2bc492656d/1; https://files-api.properstar.com/api/v2/files/7a86b685-8ef5-49aa-835e-4b678891a0bb/1; https://files-api.properstar.com/api/v2/files/de857ae8-445c-40d9-aa85-93caa9a03d37/1; https://files-api.properstar.com/api/v2/files/47593d77-06a8-4c1b-bc03-f08c3fa0c16f/1; https://files-api.properstar.com/api/v2/files/edfc7c17-e495-4e59-a697-6eb3cd6319df/1; https://files-api.properstar.com/api/v2/files/752d6c81-5825-4322-9dad-1e328ccabc89/1; https://files-api.properstar.com/api/v2/files/b40e423c-43cd-4965-8612-ea7d567759de/1; https://files-api.properstar.com/api/v2/files/61fcfc72-51df-4be6-8faa-6b54b01bcff1/1
117904467,"House for rent in El Tezal, Los Cabos, Baja California Sur",https://www.properstar.co.uk/listing/117904467,"GBP 1,517","El Tezal, Los Cabos, Mexico",22.923205,-109.87793,3,4,1614.58716,House,paola pliego,2026-07-05T22:15:32.5,https://files-api.properstar.com/api/v2/files/4490fc49-6c9c-476d-9a61-4658b4a55148/1; https://files-api.properstar.com/api/v2/files/94eece59-27e2-49d4-ad38-e28faf7821f6/1; https://files-api.properstar.com/api/v2/files/4458a6cf-8ddb-4fbf-911a-a01dd389ad23/1; https://files-api.properstar.com/api/v2/files/87c53b39-ca91-4340-9ed0-8fe65080b75b/1; https://files-api.properstar.com/api/v2/files/c3b92f2e-bfcf-4dee-a0cb-c27ae979b7b4/1; https://files-api.properstar.com/api/v2/files/02d97e03-2936-402d-b10f-19738f680f51/1; https://files-api.properstar.com/api/v2/files/cdbcc4cf-7bec-46fa-a60a-3253c4e300fa/1; https://files-api.properstar.com/api/v2/files/198672fc-d9c2-424b-8fee-748b7c529dd0/1
117900544,"Apartment for rent in San José del Cabo (Los Cabos), Los Cabos, Baja California Sur",https://www.properstar.co.uk/listing/117900544,"GBP 1,387","san jose del cabo, 108, San José del Cabo (Los Cabos), Los Cabos, Mexico",23.137011,-109.720476,2,2,1076.39148,Apartment,paola pliego,2026-07-05T22:15:32.5,https://files-api.properstar.com/api/v2/files/25bb57aa-8973-43f6-b2f4-d0943aa954df/1; https://files-api.properstar.com/api/v2/files/aeecdd85-7c7d-4b7e-9ad4-369ebf91c0ed/1; https://files-api.properstar.com/api/v2/files/156bdb6e-9874-46fa-9340-4dcfd3275fd6/1; https://files-api.properstar.com/api/v2/files/06aa8406-7695-4f6f-a22f-0966b1412a15/1; https://files-api.properstar.com/api/v2/files/487e1b16-f020-49ee-b111-701bc02965f6/1; https://files-api.properstar.com/api/v2/files/89f3f5a1-eaa1-44b3-8aa0-d299eeece083/1; https://files-api.properstar.com/api/v2/files/628fbd79-e014-487c-8bd2-d87688233b40/1; https://files-api.properstar.com/api/v2/files/c3ec8197-bb7b-434c-be54-09cdaaff089c/1; https://files-api.properstar.com/api/v2/files/8ac20ca2-0aa8-4642-9be9-f739fb8b0bca/1; https://files-api.properstar.com/api/v2/files/ddc2f84d-eaf2-4f8e-8e06-13d5526c4b83/1; https://files-api.properstar.com/api/v2/files/fa182425-346a-4e13-9c53-f16f64c265b1/1; https://files-api.properstar.com/api/v2/files/81d06e4d-7091-48c7-9399-c1b09ea1429f/1; https://files-api.properstar.com/api/v2/files/39617ac7-bcc4-4589-9a89-4094070494b8/1; https://files-api.properstar.com/api/v2/files/8d767639-967e-41dc-832c-4e938bee88cc/1
117901187,"House for rent in El Tezal, Los Cabos, Baja California Sur",https://www.properstar.co.uk/listing/117901187,"GBP 1,320","puerta de hierro, 2321, El Tezal, Los Cabos, Mexico",22.904167,-109.891667,2,2,2486.46436,House,paola pliego,2026-07-05T22:15:32.5,https://files-api.properstar.com/api/v2/files/00b49c9f-05b9-44f5-9f7f-4db86a4beb75/1; https://files-api.properstar.com/api/v2/files/6869fe1b-d66d-45a0-a1ca-5b035b7829f4/1; https://files-api.properstar.com/api/v2/files/a06c0c78-004e-40e4-92a0-de63b8be70d6/1; https://files-api.properstar.com/api/v2/files/285b5102-4150-4f32-a521-b73820097fdc/1; https://files-api.properstar.com/api/v2/files/1e53f794-6cb6-4f27-8135-75e743ce649a/1
117901211,"Apartment for rent in El Tezal, Los Cabos, Baja California Sur",https://www.properstar.co.uk/listing/117901211,"GBP 1,083","tezal, 121, El Tezal, Los Cabos, Mexico",22.90576,-109.928025,2,1,2152.783,Apartment,paola pliego,2026-07-05T22:15:32.5,https://files-api.properstar.com/api/v2/files/23689556-ccd6-47af-8de1-bb05d864d14f/1; https://files-api.properstar.com/api/v2/files/43d0c98c-9f5f-4b01-90c3-75c0b2727d87/1; https://files-api.properstar.com/api/v2/files/a74249c5-cbfd-446c-b2cc-df56973cc0b0/1; https://files-api.properstar.com/api/v2/files/c973a4b0-96d7-4471-acdb-03a831762116/1; https://files-api.properstar.com/api/v2/files/d0d8bb14-f892-4b3a-a8fe-ee3da57833b5/1; https://files-api.properstar.com/api/v2/files/84cab11c-9ea4-451b-8be0-65bd1a79f754/1; https://files-api.properstar.com/api/v2/files/ab0cc486-3698-4d31-a580-b595d4a9d6b7/1; https://files-api.properstar.com/api/v2/files/fa80b932-f648-40ff-825c-426da2f817e3/1; https://files-api.properstar.com/api/v2/files/e97b12e8-70c4-4a3e-846d-1073bc1673d3/1
117901224,"House for rent in Altos de Miramar, Los Cabos, Baja California Sur",https://www.properstar.co.uk/listing/117901224,"GBP 1,517","miramar, 12, Altos de Miramar, Los Cabos, Mexico",22.903211,-109.929168,4,4,1076.39148,House,paola pliego,2026-07-05T22:15:32.5,https://files-api.properstar.com/api/v2/files/fc59d5a5-4bb0-441e-8d28-5285a7f97686/1; https://files-api.properstar.com/api/v2/files/f5d18673-f89f-47b4-b75e-261487e8cded/1; https://files-api.properstar.com/api/v2/files/a897aaa2-1bfd-46c5-a4e9-f59f1487785f/1; https://files-api.properstar.com/api/v2/files/5eb03160-381b-49f8-ad69-3de2e5a0bdae/1; https://files-api.properstar.com/api/v2/files/84cceaa2-c176-4519-8555-16332eec84c3/1; https://files-api.properstar.com/api/v2/files/cd3adb33-067b-413d-9ddc-2694cd6c5d88/1; https://files-api.properstar.com/api/v2/files/3e294878-a752-4b47-a8dc-2855412ff0cd/1; https://files-api.properstar.com/api/v2/files/e7eb8353-2603-44b0-8671-dc2a544b924d/1
117902821,"Apartment for rent in El Tezal, Los Cabos, Baja California Sur",https://www.properstar.co.uk/listing/117902821,"GBP 1,300","tezal, 232, El Tezal, Los Cabos, Mexico",22.908963,-109.889442,2,2,1076.39148,Apartment,paola pliego,2026-07-05T22:15:32.5,https://files-api.properstar.com/api/v2/files/605dabf8-63b0-4804-95bc-a07fc0d0ac4a/1; https://files-api.properstar.com/api/v2/files/21231556-425e-4679-aaf1-b2f6922b7bf1/1; https://files-api.properstar.com/api/v2/files/2c1980eb-ef65-41fb-8968-fdec88d11215/1; https://files-api.properstar.com/api/v2/files/e19834ab-9390-4a5f-875b-a1a2018328bc/1; https://files-api.properstar.com/api/v2/files/5da728e1-21a8-477f-b46f-cc1b9aecad9d/1; https://files-api.properstar.com/api/v2/files/04d677e6-3826-4b60-9998-759a603dbe82/1; https://files-api.properstar.com/api/v2/files/ab92d002-c9ff-4828-b723-40c5035a7f50/1; https://files-api.properstar.com/api/v2/files/6f31a0fd-5494-4785-9443-a9e2c36f4f83/1; https://files-api.properstar.com/api/v2/files/811a971f-3392-4870-8c4d-fbff8c82e837/1; https://files-api.properstar.com/api/v2/files/843b081a-0b36-4ef4-a819-8955fda2e5bb/1; https://files-api.properstar.com/api/v2/files/dbf03376-de97-4ecd-ae85-35f68e0d186b/1; https://files-api.properstar.com/api/v2/files/0dd5cd72-6ecd-4e7b-8312-4e5454eb2f1b/1; https://files-api.properstar.com/api/v2/files/6f82a886-0025-4d0b-bd4a-c5f1c02e7819/1
117902061,"Apartment for rent in El Tezal, Los Cabos, Baja California Sur",https://www.properstar.co.uk/listing/117902061,"GBP 1,300","lunaterra, 121, El Tezal, Los Cabos, Mexico",22.904167,-109.891667,2,2,1076.39148,Apartment,paola pliego,2026-07-05T22:15:32.5,https://files-api.properstar.com/api/v2/files/64218cbb-dc47-4f58-bb0f-9b3266866546/1; https://files-api.properstar.com/api/v2/files/54487242-cf09-4ff9-9973-3621ab9a3a1a/1; https://files-api.properstar.com/api/v2/files/388d6552-f361-4d39-9b80-c895afe8ff14/1; https://files-api.properstar.com/api/v2/files/1ff8f939-6af3-4064-9924-53b44e4a82f3/1; https://files-api.properstar.com/api/v2/files/a187efb1-b00e-41b8-a962-1ef7a6fe97d4/1; https://files-api.properstar.com/api/v2/files/fc5b66dc-dff1-4f14-8575-60cc3e2d168e/1; https://files-api.properstar.com/api/v2/files/25316af1-de1e-469d-93f4-082350c99242/1; https://files-api.properstar.com/api/v2/files/93f0fa87-f851-4703-a820-a1a308444be6/1; https://files-api.properstar.com/api/v2/files/12cb7219-1413-4d1a-ba00-5891185579df/1; https://files-api.properstar.com/api/v2/files/026d2bb1-50f9-4e47-a516-69b6e124d161/1; https://files-api.properstar.com/api/v2/files/7b250738-fc68-4cb7-8c6e-09313b33b21d/1; https://files-api.properstar.com/api/v2/files/2f2564d0-1ae8-48f3-91e1-50e1346f3f3d/1; https://files-api.properstar.com/api/v2/files/b6569e65-700a-471a-96a8-c92e4357a4df/1; https://files-api.properstar.com/api/v2/files/c3cef94f-2318-45e8-bc4a-deb65fa48b0c/1; https://files-api.properstar.com/api/v2/files/ca3c7754-6006-4ec4-919c-a415c3f691c1/1; https://files-api.properstar.com/api/v2/files/77fb3b73-401c-44ac-82de-b43294b76b64/1; https://files-api.properstar.com/api/v2/files/af404503-c650-4b7a-8eec-c7f03f7e1a97/1
117900183,"Apartment for rent in El Tezal, Los Cabos, Baja California Sur",https://www.properstar.co.uk/listing/117900183,"GBP 1,083","tezal, 232, El Tezal, Los Cabos, Mexico",22.908963,-109.889442,2,2,1076.39148,Apartment,paola pliego,2026-07-05T22:15:32.5,https://files-api.properstar.com/api/v2/files/b8e19935-4aa9-434c-82f3-9d2c6fc473fb/1; https://files-api.properstar.com/api/v2/files/d6160de5-8951-4ad5-8c2b-702e67aeff0e/1; https://files-api.properstar.com/api/v2/files/138745f0-23fa-4978-930f-6fa5414291b7/1; https://files-api.properstar.com/api/v2/files/fdb010c5-679f-465b-9593-f8cd3b8dfce5/1; https://files-api.properstar.com/api/v2/files/b42e6b93-41b3-423f-a679-1edc1bfbf82b/1; https://files-api.properstar.com/api/v2/files/039c0cdd-53df-45f1-aff8-28102f651be8/1; https://files-api.properstar.com/api/v2/files/710d7aa4-495a-4b1d-9649-295991604d5b/1
117904053,"Apartment for rent in El Tezal, Los Cabos, Baja California Sur",https://www.properstar.co.uk/listing/117904053,"GBP 1,387","amaterra, 12, El Tezal, Los Cabos, Mexico",22.901394,-109.890601,2,2,1076.39148,Apartment,paola pliego,2026-07-05T22:15:32.5,https://files-api.properstar.com/api/v2/files/075b2ec1-7a74-47f4-a077-4d57799cdf5a/1; https://files-api.properstar.com/api/v2/files/115d40d3-d640-4a5b-8f1a-7b0f41003cbc/1; https://files-api.properstar.com/api/v2/files/b6f4016d-b80e-4971-94ab-7650255a6597/1; https://files-api.properstar.com/api/v2/files/c35fee6a-cda0-473d-846f-919300a1b392/1; https://files-api.properstar.com/api/v2/files/3d75043b-27ea-4882-bbd8-5013e4eb86a3/1; https://files-api.properstar.com/api/v2/files/91f64c06-952c-4415-b0dd-e97f627a93ef/1; https://files-api.properstar.com/api/v2/files/4f795559-7bf7-4f78-b6bd-1bb796f078a6/1; https://files-api.properstar.com/api/v2/files/e93910ae-3a1c-4488-8e73-8f30f522635f/1; https://files-api.properstar.com/api/v2/files/6f1ed990-e7f2-47fd-98bd-c2a6ce9887f2/1; https://files-api.properstar.com/api/v2/files/84b4fa60-519f-476e-a331-971c56b98be7/1
117904066,"Apartment for rent in Terranova, Los Cabos, Baja California Sur",https://www.properstar.co.uk/listing/117904066,GBP 867,"BRISAS, 232, Terranova, Los Cabos, Mexico",22.904595,-109.93796,2,2,1076.39148,Apartment,paola pliego,2026-07-05T22:15:32.5,https://files-api.properstar.com/api/v2/files/ec535e94-5b4c-4419-b3a4-22823efcde0e/1; https://files-api.properstar.com/api/v2/files/58f26817-cc0f-46da-999d-57aabbe1a43a/1; https://files-api.properstar.com/api/v2/files/1657e223-05b3-4595-b3f8-773c2736c3ba/1; https://files-api.properstar.com/api/v2/files/e9cab771-7a2c-4368-bc17-534f37d4c6a5/1; https://files-api.properstar.com/api/v2/files/b2eec9a3-05fd-4db6-938a-3b584c03341d/1; https://files-api.properstar.com/api/v2/files/0a14d5f3-510f-46d6-a807-6bce48668d13/1; https://files-api.properstar.com/api/v2/files/62637c04-4d02-46ba-bec4-93ccf83e915b/1
117904079,"Apartment for rent in Lienzo Charro Centro, Los Cabos, Baja California Sur",https://www.properstar.co.uk/listing/117904079,GBP 867,"LIENZO CHARRO, 10, Lienzo Charro Centro, Los Cabos, Mexico",22.88376,-109.918451,2,1,1065.62756,Apartment,paola pliego,2026-07-05T22:15:32.5,https://files-api.properstar.com/api/v2/files/c6a812b1-fb79-4c78-be74-00c840a8c778/1; https://files-api.properstar.com/api/v2/files/16e29a94-3d23-4905-af9e-70264770e76e/1; https://files-api.properstar.com/api/v2/files/52cb947b-e324-4305-850c-e088b4a84120/1; https://files-api.properstar.com/api/v2/files/327595f3-91a5-41e1-80b2-383d8210ce51/1; https://files-api.properstar.com/api/v2/files/fe7550cd-6bfb-4258-b09a-c30ab0481ae8/1; https://files-api.properstar.com/api/v2/files/75a3755a-2615-486b-9ef6-9cfb32cb1efe/1; https://files-api.properstar.com/api/v2/files/3667f393-cf6a-4d8b-9b0c-aff0bb56967a/1
117904466,"Apartment for rent in Terranova, Los Cabos, Baja California Sur",https://www.properstar.co.uk/listing/117904466,GBP 823,"TERRANOVA, 11, Terranova, Los Cabos, Mexico",22.90449,-109.937163,2,2,1076.39148,Apartment,paola pliego,2026-07-05T22:15:32.5,https://files-api.properstar.com/api/v2/files/61554165-720b-43b2-8ab5-67d6db096d70/1; https://files-api.properstar.com/api/v2/files/8458c3cc-2dba-49ae-ae4d-106d55f01135/1; https://files-api.properstar.com/api/v2/files/e98c9072-349f-4103-a33c-712bf6f2fbea/1; https://files-api.properstar.com/api/v2/files/80637ed0-eb5a-4108-aee1-33b5de6b4526/1; https://files-api.properstar.com/api/v2/files/723f62c1-3666-4436-a0af-1712973e6da0/1; https://files-api.properstar.com/api/v2/files/8410265f-938e-46ba-876c-1724efb9cdbc/1; https://files-api.properstar.com/api/v2/files/daee3bac-e99c-4f6c-92fb-cd2d9ac76c2a/1; https://files-api.properstar.com/api/v2/files/7d45472f-2512-491b-88dd-b1701b9bef6d/1
117900543,"Apartment for rent in El Tezal, Los Cabos, Baja California Sur",https://www.properstar.co.uk/listing/117900543,"GBP 1,733","VENTANAS, 98, El Tezal, Los Cabos, Mexico",22.923205,-109.87793,2,2,1076.39148,Apartment,paola pliego,2026-07-05T22:15:32.5,https://files-api.properstar.com/api/v2/files/907cef90-1076-45e4-843d-73612ff7ea72/1; https://files-api.properstar.com/api/v2/files/05fb51d1-445a-486a-91b6-55bec7ef4328/1; https://files-api.properstar.com/api/v2/files/1bc95264-b5ca-434d-89fe-89442fe323bf/1; https://files-api.properstar.com/api/v2/files/5d944556-82bd-49db-bb7e-c3ab84dd3b2b/1; https://files-api.properstar.com/api/v2/files/fddb2f4c-ebc3-44fc-87d9-c45e8cfa2e52/1; https://files-api.properstar.com/api/v2/files/3ba49918-bef3-4ef5-9c28-0ffafa3e5879/1; https://files-api.properstar.com/api/v2/files/12a6994d-8eb7-43f4-b76b-d8a4be749197/1; https://files-api.properstar.com/api/v2/files/9408db48-59fc-4836-bde9-7bee3c7d8748/1; https://files-api.properstar.com/api/v2/files/056f404d-f1b2-4f1f-bcd7-b4a6799312c9/1; https://files-api.properstar.com/api/v2/files/0eff5d95-8eee-4158-a208-d32545976b01/1; https://files-api.properstar.com/api/v2/files/945f4177-f4b0-4551-981a-f1e2e24a747a/1; https://files-api.properstar.com/api/v2/files/def7d654-52d0-4ac1-8a09-422e7feccde6/1; https://files-api.properstar.com/api/v2/files/1d4c4951-47cc-43fc-953c-990dc00fb624/1; https://files-api.properstar.com/api/v2/files/ce59760c-d520-4586-85e4-930931201fe7/1; https://files-api.properstar.com/api/v2/files/7b2d1175-0fce-4bc1-a5ec-f6b5ac449e86/1; https://files-api.properstar.com/api/v2/files/ff222c00-3273-4c6a-9197-cc375083c890/1; https://files-api.properstar.com/api/v2/files/0452d33d-e628-460b-8471-e52a17492718/1; https://files-api.properstar.com/api/v2/files/373e309d-1027-4b62-91f6-11301d0da3f6/1; https://files-api.properstar.com/api/v2/files/a0fbf4d5-6cfc-4de3-bca3-57ae0c6035e0/1
117901186,"Apartment for rent in El Tezal, Los Cabos, Baja California Sur",https://www.properstar.co.uk/listing/117901186,"GBP 1,820","vista vela, 231, El Tezal, Los Cabos, Mexico",22.906292,-109.880883,3,3,1076.39148,Apartment,paola pliego,2026-07-05T22:15:32.5,https://files-api.properstar.com/api/v2/files/145f2958-3d6d-43e6-b885-3646de646fe3/1; https://files-api.properstar.com/api/v2/files/5852d502-e40d-4701-a1e1-122ae829906b/1; https://files-api.properstar.com/api/v2/files/64e518c2-dce6-42c3-a236-8298ae73b01e/1; https://files-api.properstar.com/api/v2/files/e063cb9f-3212-459b-a87e-5034bf3672ea/1; https://files-api.properstar.com/api/v2/files/85ca0403-0749-4c23-9402-4c3b29dc563c/1; https://files-api.properstar.com/api/v2/files/69e257fc-a857-48dc-a250-d6665ea8a675/1; https://files-api.properstar.com/api/v2/files/5c8e1d6f-77e6-4e97-b2a6-c05aba789cdd/1
117901199,"Apartment for rent in Lienzo Charro Centro, Los Cabos, Baja California Sur",https://www.properstar.co.uk/listing/117901199,"GBP 1,213","sunset, 10, Lienzo Charro Centro, Los Cabos, Mexico",22.884043,-109.917897,22,2,1076.39148,Apartment,paola pliego,2026-07-05T22:15:32.5,https://files-api.properstar.com/api/v2/files/d158c891-2793-484c-a333-dfae34d452c7/1; https://files-api.properstar.com/api/v2/files/e806e212-4cb1-4664-9791-ac80ce9ef21b/1; https://files-api.properstar.com/api/v2/files/2a56d54e-62f3-45dd-b4a2-2d56d67e84a6/1; https://files-api.properstar.com/api/v2/files/94151131-a81d-4461-9772-49eb959127c3/1; https://files-api.properstar.com/api/v2/files/1802c7b6-4e83-470f-8681-4b8406fced62/1; https://files-api.properstar.com/api/v2/files/e43f0d1a-e1c8-4189-b54d-7e1f19062eb9/1; https://files-api.properstar.com/api/v2/files/1e525d9f-3726-4597-beeb-aaa5142c3376/1; https://files-api.properstar.com/api/v2/files/2e3b1dd2-b45a-481b-b33e-201120da5d8d/1; https://files-api.properstar.com/api/v2/files/c6e7d0dc-629e-47e9-a62e-be4197a93ff9/1; https://files-api.properstar.com/api/v2/files/086270a8-9a54-4ec4-b8a3-57eca5523a50/1
117901209,"Apartment for rent in El Tezal, Los Cabos, Baja California Sur",https://www.properstar.co.uk/listing/117901209,"GBP 1,300","100, 200, El Tezal, Los Cabos, Mexico",22.923205,-109.87793,2,2,1076.39148,Apartment,paola pliego,2026-07-05T22:15:32.5,https://files-api.properstar.com/api/v2/files/47378654-c2d1-40c1-b1c7-8aad3fa152b8/1; https://files-api.properstar.com/api/v2/files/fe590054-5bb6-455e-b0af-a881955a8939/1; https://files-api.properstar.com/api/v2/files/86c89ef4-4d83-4a3f-bb08-e80522acc79f/1; https://files-api.properstar.com/api/v2/files/0bd3b360-6c33-4b64-aa6e-9b32f66ed091/1; https://files-api.properstar.com/api/v2/files/08bcc3a3-999b-4f29-a269-c8394a8cfc23/1; https://files-api.properstar.com/api/v2/files/f94b4563-af5c-40b0-9a7f-284758fb4e5c/1; https://files-api.properstar.com/api/v2/files/3b48b70f-49a9-4085-b961-e37b011facdc/1; https://files-api.properstar.com/api/v2/files/d6cefd59-84ec-45a0-95a0-c15ca4662099/1; https://files-api.properstar.com/api/v2/files/844d32a4-369a-4758-be42-7951564dfba0/1; https://files-api.properstar.com/api/v2/files/ba4060a7-5854-48c7-b669-b1ad984366cb/1
117901223,"Apartment for rent in Lienzo Charro Centro, Los Cabos, Baja California Sur",https://www.properstar.co.uk/listing/117901223,"GBP 1,083","SUNSET, 23, Lienzo Charro Centro, Los Cabos, Mexico",22.884043,-109.917897,2,1,968.7523,Apartment,paola pliego,2026-07-05T22:15:32.5,https://files-api.properstar.com/api/v2/files/16f6fb69-c137-434b-8d55-497dcec69cbe/1; https://files-api.properstar.com/api/v2/files/ce15d453-e78c-4ace-8e8b-938c6a77161a/1; https://files-api.properstar.com/api/v2/files/61bfe77e-2583-40ce-9577-0adbc6917b1d/1; https://files-api.properstar.com/api/v2/files/4d4d4694-2700-4fdf-b5d2-2aa28f7be089/1; https://files-api.properstar.com/api/v2/files/86ef1ec6-66e0-4f0c-8e44-c253b3190f41/1; https://files-api.properstar.com/api/v2/files/b1a02976-3336-4d41-b81f-6667386c147b/1; https://files-api.properstar.com/api/v2/files/1270bcec-3038-4dd6-881c-7c0c8aaa09e1/1; https://files-api.properstar.com/api/v2/files/a51af19d-afa7-447b-857c-d52adac30ee2/1
117902419,"Apartment for rent in Cabo San Lucas Centro, Los Cabos, Baja California Sur",https://www.properstar.co.uk/listing/117902419,"GBP 1,300","lunaterra, 10, Cabo San Lucas Centro, Los Cabos, Mexico",22.882606,-109.912471,2,2,1076.39148,Apartment,paola pliego,2026-07-05T22:15:32.5,https://files-api.properstar.com/api/v2/files/121a166e-92d6-4f44-b5a5-bedf7d2727b4/1; https://files-api.properstar.com/api/v2/files/919034d2-155f-42e1-9b28-cb41adc87354/1; https://files-api.properstar.com/api/v2/files/311cd98a-a5e1-4a08-b459-0fec164bf677/1; https://files-api.properstar.com/api/v2/files/3a975301-f8eb-40be-a8c1-bf4c106a71e7/1; https://files-api.properstar.com/api/v2/files/bd90d82f-7389-413b-92c7-00be73fd7ce4/1; https://files-api.properstar.com/api/v2/files/993e8ccc-942e-4627-a4c5-06897fe69427/1; https://files-api.properstar.com/api/v2/files/0072232d-71fd-49b9-9cb7-e9d32005eb7f/1; https://files-api.properstar.com/api/v2/files/b5b91c3f-ecf2-45a4-83cb-0306258e37f5/1; https://files-api.properstar.com/api/v2/files/799e7ca4-56e6-4095-bd01-2c8589ee33d5/1; https://files-api.properstar.com/api/v2/files/84402a35-0dbd-4114-bb44-cefaeec8435d/1; https://files-api.properstar.com/api/v2/files/addd48c5-abed-44b4-8e96-c5a5e7db03f2/1
117902819,"Apartment for rent in Lienzo Charro Centro, Los Cabos, Baja California Sur",https://www.properstar.co.uk/listing/117902819,"GBP 1,408","lienzo charro, 10, Lienzo Charro Centro, Los Cabos, Mexico",22.88376,-109.918451,2,2,1076.39148,Apartment,paola pliego,2026-07-05T22:15:32.5,https://files-api.properstar.com/api/v2/files/129e0a47-f698-47bf-9fd1-d43901059d63/1; https://files-api.properstar.com/api/v2/files/3806692b-a9c1-4c12-9d6f-22de3a43e15d/1; https://files-api.properstar.com/api/v2/files/7763d222-2f9a-43a9-9a9d-2bf8ecd7b2a6/1; https://files-api.properstar.com/api/v2/files/85f5578b-6713-4d92-9568-4305a0c237fe/1; https://files-api.properstar.com/api/v2/files/d8051828-2b45-404d-8805-90c527aed009/1; https://files-api.properstar.com/api/v2/files/08063700-833b-442c-9b74-ac71347dc05c/1; https://files-api.properstar.com/api/v2/files/61a4c30a-b339-4fb5-a76f-de9bfa41bc40/1; https://files-api.properstar.com/api/v2/files/a9349d2c-1515-48c5-9768-60a2127bee0d/1
117903333,"Apartment for rent in Cabo San Lucas Centro, Los Cabos, Baja California Sur",https://www.properstar.co.uk/listing/117903333,GBP 325,"4 marzo , 1, Cabo San Lucas Centro, Los Cabos, Mexico",22.882606,-109.912471,1,1,538.1957,Apartment,paola pliego,2026-07-05T22:15:32.5,https://files-api.properstar.com/api/v2/files/a442d4dc-cdd3-4de5-b9f2-265b05293f4c/1; https://files-api.properstar.com/api/v2/files/9fdde3d5-1b64-4602-8c03-7c54fed06537/1; https://files-api.properstar.com/api/v2/files/d786a62b-909f-4b3e-a4b3-29bf750e0f26/1; https://files-api.properstar.com/api/v2/files/5d3c68ca-ebee-4ad5-bb8f-26e237abb8ea/1; https://files-api.properstar.com/api/v2/files/57232fda-ba53-40e3-a0c8-57e856c2cb5c/1
117903732,"Apartment for rent in Cabo San Lucas Centro, Los Cabos, Baja California Sur",https://www.properstar.co.uk/listing/117903732,GBP 780,"12 octubre, 20, Cabo San Lucas Centro, Los Cabos, Mexico",22.882606,-109.912471,1,1,1076.39148,Apartment,paola pliego,2026-07-05T22:15:32.5,https://files-api.properstar.com/api/v2/files/e06a6087-6c95-49f1-91b7-f9363e7dc7c0/1; https://files-api.properstar.com/api/v2/files/90a95258-2aa7-4d48-bcf6-06fd34585399/1; https://files-api.properstar.com/api/v2/files/26af64e6-721f-481b-ab1b-70bd98752d73/1; https://files-api.properstar.com/api/v2/files/b53ff212-deac-434d-af4a-883347243d1c/1; https://files-api.properstar.com/api/v2/files/f1ea5cf1-2f21-4c0a-8f94-4729c96e18a4/1; https://files-api.properstar.com/api/v2/files/d1404ff7-8a0d-4266-9a68-2686fbcd01b0/1; https://files-api.properstar.com/api/v2/files/6605323a-c428-4235-bd44-4ee3c743d27e/1
117904052,"Apartment for rent in Lienzo Charro Centro, Los Cabos, Baja California Sur",https://www.properstar.co.uk/listing/117904052,"GBP 1,192","las lagunas, 194, Lienzo Charro Centro, Los Cabos, Mexico",22.884043,-109.917897,2,1,1076.39148,Apartment,paola pliego,2026-07-05T22:15:32.5,https://files-api.properstar.com/api/v2/files/330c35c6-af0b-4d3c-ae34-8f8478ec62ff/1; https://files-api.properstar.com/api/v2/files/1c0d547f-6d7e-4a02-b5aa-48c8fc0105e6/1; https://files-api.properstar.com/api/v2/files/54672c1f-223f-4927-8488-25eb4e3f44ab/1; https://files-api.properstar.com/api/v2/files/be55604b-e71b-4f6f-8b1a-895b7cc343f6/1; https://files-api.properstar.com/api/v2/files/3328cc42-2b00-474d-ac40-93d3b6faf603/1; https://files-api.properstar.com/api/v2/files/231adc1b-b229-466b-9524-41566c234b78/1; https://files-api.properstar.com/api/v2/files/6be6ed9f-3296-45d2-95b6-18eb9f57ef5c/1; https://files-api.properstar.com/api/v2/files/649ae495-5af1-49e7-92f5-626a0ae84c48/1; https://files-api.properstar.com/api/v2/files/ddfcc957-f32c-43c1-8835-6560cd3f2180/1
117904065,"Apartment for rent in El Tezal, Los Cabos, Baja California Sur",https://www.properstar.co.uk/listing/117904065,GBP 910,"AMALFI2, 232, El Tezal, Los Cabos, Mexico",22.904167,-109.891667,2,2,2152.783,Apartment,paola pliego,2026-07-05T22:15:32.5,https://files-api.properstar.com/api/v2/files/c51737a7-3696-4daa-9848-89b993dd780d/1; https://files-api.properstar.com/api/v2/files/7a0b0358-6ccd-4863-9b6b-1f8c092414d4/1; https://files-api.properstar.com/api/v2/files/24b16a4f-fec1-4a1d-936d-36c33236a9c6/1; https://files-api.properstar.com/api/v2/files/b342fca5-c577-45aa-9e61-f3e507e1c5d0/1; https://files-api.properstar.com/api/v2/files/2c75e55e-87b7-456c-a932-62a300006e4b/1; https://files-api.properstar.com/api/v2/files/eea39d3e-66aa-4d4d-822e-424e3f94d626/1; https://files-api.properstar.com/api/v2/files/4252af68-55ca-4360-b30d-6950f0bf6677/1; https://files-api.properstar.com/api/v2/files/70e99540-59c5-4d7b-9795-0cc89380712e/1
117904078,"Apartment for rent in San José del Cabo (Los Cabos), Los Cabos, Baja California Sur",https://www.properstar.co.uk/listing/117904078,"GBP 1,833","san jose del cabo, 10, San José del Cabo (Los Cabos), Los Cabos, Mexico",23.137011,-109.720476,2,2,1076.39148,Apartment,paola pliego,2026-07-05T22:15:32.5,https://files-api.properstar.com/api/v2/files/db7574fa-f2db-4554-b76f-494ec4f35222/1; https://files-api.properstar.com/api/v2/files/73366acb-11cb-4913-af44-20b144f73259/1; https://files-api.properstar.com/api/v2/files/6decdb55-9d75-4564-9075-1f58a27b88b4/1; https://files-api.properstar.com/api/v2/files/224f205e-543c-4626-b9b7-151df2ab1312/1; https://files-api.properstar.com/api/v2/files/980cbfd1-2c69-424a-b42f-192b5d1780cd/1
117904092,"Apartment for rent in Cabo San Lucas Centro, Los Cabos, Baja California Sur",https://www.properstar.co.uk/listing/117904092,"GBP 1,173","tezal, 10, Cabo San Lucas Centro, Los Cabos, Mexico",22.882606,-109.912471,2,2,2152.783,Apartment,paola pliego,2026-07-05T22:15:32.5,https://files-api.properstar.com/api/v2/files/21cb7eaf-5068-4fd8-a2b4-f9584d712022/1; https://files-api.properstar.com/api/v2/files/df05a45d-f744-402e-b6c9-d94afd2e9102/1; https://files-api.properstar.com/api/v2/files/67ac2c52-b9e4-4818-8854-8e8d49e81003/1; https://files-api.properstar.com/api/v2/files/066b9ced-6e18-4766-8d4d-0eefabb04ee1/1; https://files-api.properstar.com/api/v2/files/cee53a21-6271-4b61-ace5-2b82106e9dbd/1; https://files-api.properstar.com/api/v2/files/7a367610-ba98-4686-b14f-727e2fb145ac/1; https://files-api.properstar.com/api/v2/files/fbd47f0f-005b-40ff-9f69-651b6b4a6b9f/1
117904502,"Apartment for rent in Cabo San Lucas Centro, Los Cabos, Baja California Sur",https://www.properstar.co.uk/listing/117904502,"GBP 1,733","paraiso del tezal, 10, Cabo San Lucas Centro, Los Cabos, Mexico",22.882606,-109.912471,2,2,1076.39148,Apartment,paola pliego,2026-07-05T22:15:32.5,https://files-api.properstar.com/api/v2/files/b8e5c8d5-625f-42e4-838e-08f43591e7c4/1; https://files-api.properstar.com/api/v2/files/a1838494-2b17-4052-992b-9da6312889e5/1; https://files-api.properstar.com/api/v2/files/85ac40f7-67c8-4011-8fe2-13c6d6101508/1; https://files-api.properstar.com/api/v2/files/52ef7cad-5c82-4f4b-937e-3ebad2e732b0/1; https://files-api.properstar.com/api/v2/files/1b5d6bfd-f854-4e54-8ec4-9e3bc0bd8e87/1; https://files-api.properstar.com/api/v2/files/dd895055-1604-440d-a81b-1782b107c472/1; https://files-api.properstar.com/api/v2/files/2f964c0d-a188-481f-991b-052056a68cb9/1; https://files-api.properstar.com/api/v2/files/da80311c-44d5-412d-b1f6-c62893e57db1/1; https://files-api.properstar.com/api/v2/files/3ce06890-e3f9-42ab-9752-f25cf023bd91/1; https://files-api.properstar.com/api/v2/files/9ed0aac2-c94d-4a7e-a013-862bfa936254/1
117904515,"House for rent in Cabo San Lucas Centro, Los Cabos, Baja California Sur",https://www.properstar.co.uk/listing/117904515,GBP 867,"gardenias, 10, Cabo San Lucas Centro, Los Cabos, Mexico",22.882606,-109.912471,2,2,1291.6698,House,paola pliego,2026-07-05T22:15:32.5,https://files-api.properstar.com/api/v2/files/f3114094-0de9-42dc-a009-a45ba2599484/1; https://files-api.properstar.com/api/v2/files/6558128a-4e96-44c4-aaa5-f0ec7361fd0a/1; https://files-api.properstar.com/api/v2/files/d4b631ca-93c6-437c-8e19-b32769e847a1/1; https://files-api.properstar.com/api/v2/files/490cbcdf-ba2c-4d1a-9c4b-c86d2b2144c2/1; https://files-api.properstar.com/api/v2/files/39e9b831-101a-40c5-9d4e-452276269caa/1; https://files-api.properstar.com/api/v2/files/ecc460ea-a577-40f1-b0e6-a549cd8b8fc4/1; https://files-api.properstar.com/api/v2/files/d4604c54-9be7-4d7f-8916-fd90b04b2f7b/1; https://files-api.properstar.com/api/v2/files/bebbafc4-67f9-429d-9015-aca78e1d1b74/1; https://files-api.properstar.com/api/v2/files/51c07225-15c2-4dc0-b6af-d0ffb4262227/1
117902418,"Apartment for rent in Cabo San Lucas Centro, Los Cabos, Baja California Sur",https://www.properstar.co.uk/listing/117902418,"GBP 2,016","lazaro cardenas, 232, Cabo San Lucas Centro, Los Cabos, Mexico",22.882606,-109.912471,3,2,1076.39148,Apartment,paola pliego,2026-07-05T22:15:32.5,https://files-api.properstar.com/api/v2/files/e7922076-5597-4aae-a33a-7e94c41e78a5/1; https://files-api.properstar.com/api/v2/files/88386789-f4c6-477c-9838-ef742f9e6cd3/1; https://files-api.properstar.com/api/v2/files/2582dca3-20e7-49b2-9c30-e34a172c500c/1; https://files-api.properstar.com/api/v2/files/0da32715-2d4a-407c-9f26-309309af2be5/1; https://files-api.properstar.com/api/v2/files/26cda56e-622f-4bf4-b97b-252fb36cce1d/1; https://files-api.properstar.com/api/v2/files/6097ce7b-86d5-4e9c-ad01-913a8b4ac2c6/1; https://files-api.properstar.com/api/v2/files/33cacce7-9231-4145-92ce-dc79cc7134f3/1; https://files-api.properstar.com/api/v2/files/88b0568a-d040-4562-a677-abb51879db5c/1
117901185,"Apartment for rent in Hojazen, Los Cabos, Baja California Sur",https://www.properstar.co.uk/listing/117901185,GBP 325,"hojazen, 121, Hojazen, Los Cabos, Mexico",22.897259,-109.954046,1,1,538.1957,Apartment,paola pliego,2026-07-05T22:15:32.5,https://files-api.properstar.com/api/v2/files/8997a76e-ac2f-49f1-8f99-50e33b19352b/1; https://files-api.properstar.com/api/v2/files/fdb1a82b-4315-498b-ab98-48305471f78a/1; https://files-api.properstar.com/api/v2/files/c5f5b8a2-3ff1-4968-9a2a-9401128a8b74/1; https://files-api.properstar.com/api/v2/files/a4f61416-18cb-469f-967a-77eafdc4f2d7/1
117901208,"Apartment for rent in Lienzo Charro Centro, Los Cabos, Baja California Sur",https://www.properstar.co.uk/listing/117901208,GBP 867,"VILLA DORADA, 12, Lienzo Charro Centro, Los Cabos, Mexico",22.884043,-109.917897,2,1,1076.39148,Apartment,paola pliego,2026-07-05T22:15:32.5,https://files-api.properstar.com/api/v2/files/9e6a0f86-b4af-4725-b970-bbaf4c4fcc6b/1; https://files-api.properstar.com/api/v2/files/a8ee83a8-8766-4a8d-a5f8-c17ebeee274f/1; https://files-api.properstar.com/api/v2/files/808c3380-312f-4b9e-a8ea-470fd341652e/1; https://files-api.properstar.com/api/v2/files/58592d0e-6c76-45d6-a774-94dd57cdb686/1; https://files-api.properstar.com/api/v2/files/80b864c4-41a0-4cb9-b2dd-a2ea7918a9be/1; https://files-api.properstar.com/api/v2/files/332c6d5e-454c-4999-8d95-c9e93a22b479/1; https://files-api.properstar.com/api/v2/files/651a8ea5-2bfc-4951-8e36-821cdeeaf2ec/1
117901222,"Apartment for rent in Pueblo Bonito Sunset, Los Cabos, Baja California Sur",https://www.properstar.co.uk/listing/117901222,"GBP 1,192","sunset, 232, Pueblo Bonito Sunset, Los Cabos, Mexico",22.887447,-109.935544,2,2,1076.39148,Apartment,paola pliego,2026-07-05T22:15:32.5,https://files-api.properstar.com/api/v2/files/f6a481e2-5042-4088-a714-a7d2169d51fb/1; https://files-api.properstar.com/api/v2/files/4363b22b-7c9c-4e50-9175-d0f8a2b3145b/1; https://files-api.properstar.com/api/v2/files/c3c223e3-a0df-4f4e-8511-e0c09a1d9406/1; https://files-api.properstar.com/api/v2/files/0f71406d-b47c-4c67-886a-448edc0af83e/1; https://files-api.properstar.com/api/v2/files/86370f80-ca87-4beb-b5a9-6719e9d77ea7/1; https://files-api.properstar.com/api/v2/files/14e36a1a-2361-4649-8291-097811ae53ac/1; https://files-api.properstar.com/api/v2/files/8b240c86-0cf7-401b-868d-b0164a28cd1b/1; https://files-api.properstar.com/api/v2/files/862fe7fb-5a92-432c-8843-6308e31d2f3d/1; https://files-api.properstar.com/api/v2/files/b430e362-7557-4cc8-a883-1c94c6a68b96/1; https://files-api.properstar.com/api/v2/files/40187da8-53c5-4b5f-9445-c33fbfc88163/1; https://files-api.properstar.com/api/v2/files/0f1c0898-35ee-447f-943f-1d50880d60c4/1; https://files-api.properstar.com/api/v2/files/c2472fe1-a8a6-4f0b-9154-0ede80d83d67/1; https://files-api.properstar.com/api/v2/files/4131cb7c-586d-4cf5-bb91-60015eb95c91/1; https://files-api.properstar.com/api/v2/files/271da734-b7a8-424d-a31f-7d28c0735ea7/1
117902818,"Apartment for rent in Hojazen, Los Cabos, Baja California Sur",https://www.properstar.co.uk/listing/117902818,GBP 780,"flor de pitaya, 20, Hojazen, Los Cabos, Mexico",22.897349,-109.953701,2,2,1076.39148,Apartment,paola pliego,2026-07-05T22:15:32.5,https://files-api.properstar.com/api/v2/files/95543cba-1951-4ba3-9295-58ed1fe54556/1; https://files-api.properstar.com/api/v2/files/e311ebbd-286a-455f-a51f-c78f35e6abd6/1; https://files-api.properstar.com/api/v2/files/b472e333-f3ba-442e-8b4a-b702e659fa15/1; https://files-api.properstar.com/api/v2/files/6f253b21-cf3a-4858-98dd-9a3e1c4fa1ca/1; https://files-api.properstar.com/api/v2/files/89624c3d-3982-4ac2-b482-e8d3273dcdaf/1; https://files-api.properstar.com/api/v2/files/9bf98af2-a6c7-4491-ac92-3db8a4cff62c/1; https://files-api.properstar.com/api/v2/files/85d8b340-dbf9-4d76-b84f-321cd5096a1b/1; https://files-api.properstar.com/api/v2/files/f70b049a-72a0-49d2-8b74-df0931eb05bc/1; https://files-api.properstar.com/api/v2/files/4b074f8c-af65-40fb-a705-75794e1c02a1/1; https://files-api.properstar.com/api/v2/files/da7c1713-7de3-49af-9f18-5d2946bc29b9/1; https://files-api.properstar.com/api/v2/files/656c79c6-b733-43c8-a1e6-ce934f76f0d1/1; https://files-api.properstar.com/api/v2/files/f3b7fbcb-b352-479b-99c5-dd36366e5fd6/1; https://files-api.properstar.com/api/v2/files/2ec9c657-139a-4d92-9743-798528fca1b7/1; https://files-api.properstar.com/api/v2/files/406a77f7-a340-4666-a65f-d55d146b0201/1; https://files-api.properstar.com/api/v2/files/9e27941a-ca28-4f8a-b7bd-66cf1cee8c27/1
117903731,"House for rent in El Tezal, Los Cabos, Baja California Sur",https://www.properstar.co.uk/listing/117903731,"GBP 1,517","privanzas, 121, El Tezal, Los Cabos, Mexico",22.914685,-109.881628,3,3,3229.17432,House,paola pliego,2026-07-05T22:15:32.5,https://files-api.properstar.com/api/v2/files/faf684ca-6ed2-4658-ba63-59bbe41dc3bb/1; https://files-api.properstar.com/api/v2/files/bf841b0f-9613-4fef-ae93-631f34a1956d/1; https://files-api.properstar.com/api/v2/files/1ddb0073-b76d-4aa8-bbc0-d9f725b5c744/1; https://files-api.properstar.com/api/v2/files/d97464f9-1857-4153-9264-683cfe7764d9/1; https://files-api.properstar.com/api/v2/files/1bd8ac05-a3f0-478e-862a-72a28e44af45/1; https://files-api.properstar.com/api/v2/files/c710b04d-d3c6-4170-aad6-79902c1c3d15/1; https://files-api.properstar.com/api/v2/files/0c3d86a4-c943-424e-96cd-f04846bd61d6/1; https://files-api.properstar.com/api/v2/files/b6a1103a-cef0-449d-badc-650549c2a9fd/1; https://files-api.properstar.com/api/v2/files/1484671b-ce42-47d7-8704-8be885d4c7bc/1; https://files-api.properstar.com/api/v2/files/c67f497d-97cd-42b2-a723-e70545ec918a/1; https://files-api.properstar.com/api/v2/files/3da25b99-e836-4088-9572-7ce18f0618ef/1; https://files-api.properstar.com/api/v2/files/00bd20a9-2eef-4001-89ea-3a24ff5d6a26/1
117904077,"Apartment for rent in Cabo San Lucas Centro, Los Cabos, Baja California Sur",https://www.properstar.co.uk/listing/117904077,"GBP 1,387","LIENZO CHARRO, 10, Cabo San Lucas Centro, Los Cabos, Mexico",22.882606,-109.912471,2,2,1076.39148,Apartment,paola pliego,2026-07-05T22:15:32.5,https://files-api.properstar.com/api/v2/files/4325ddfd-2124-4037-a59f-286e78986497/1; https://files-api.properstar.com/api/v2/files/876b46e6-3801-4835-b79a-8faba2aacabc/1; https://files-api.properstar.com/api/v2/files/8293d32f-2f68-4ea3-80f2-4ab7186ec810/1; https://files-api.properstar.com/api/v2/files/5fdad653-1500-4d4c-a9a0-a5695a2aed8b/1; https://files-api.properstar.com/api/v2/files/cb3b495f-491f-43a9-a57b-89f4fe532aee/1; https://files-api.properstar.com/api/v2/files/5e26b1bb-57dd-49e6-9c35-8f05cc632250/1; https://files-api.properstar.com/api/v2/files/cabd4e29-b918-4c88-8889-c2a445b4daf8/1; https://files-api.properstar.com/api/v2/files/d646bd98-5afa-4d0e-9368-3d8b1e2d00d4/1; https://files-api.properstar.com/api/v2/files/bf8b27d8-f477-44f6-882a-5b11b86cd14f/1; https://files-api.properstar.com/api/v2/files/f11ddc90-fe90-41c8-be26-70b8c242de01/1; https://files-api.properstar.com/api/v2/files/c21f8810-2d81-4e7b-a878-b91023d440c1/1; https://files-api.properstar.com/api/v2/files/8f0c8b54-102e-4099-a760-09ff2e72bfb6/1; https://files-api.properstar.com/api/v2/files/34e540f4-971f-42ab-866a-2b2a1220d870/1; https://files-api.properstar.com/api/v2/files/0a0fb5db-08e0-4208-9399-a951fc44e4f3/1; https://files-api.properstar.com/api/v2/files/93f66218-e438-45b3-8fbc-da781d5db50e/1
117904091,"House for rent in El Tezal, Los Cabos, Baja California Sur",https://www.properstar.co.uk/listing/117904091,"GBP 1,647","camino del mar, 20, El Tezal, Los Cabos, Mexico",22.915667,-109.892639,3,3,1001.04413,House,paola pliego,2026-07-05T22:15:32.5,https://files-api.properstar.com/api/v2/files/cc0bb121-feda-4c14-852f-773f6d5dcb75/1; https://files-api.properstar.com/api/v2/files/0960c2a6-e843-453e-b65c-7176a7b9871c/1; https://files-api.properstar.com/api/v2/files/49b2ac38-976e-459d-8117-b195594bdaaf/1; https://files-api.properstar.com/api/v2/files/5a3832b0-65cd-4da1-9d08-3b492f30e230/1; https://files-api.properstar.com/api/v2/files/526172dc-d589-4b07-b713-42c53dc6178c/1; https://files-api.properstar.com/api/v2/files/c8d057ff-de31-4450-916c-2c781b08e0d9/1; https://files-api.properstar.com/api/v2/files/698771f5-ddd6-4113-a8a8-8b47878a0bf3/1; https://files-api.properstar.com/api/v2/files/b656e017-727c-47a6-b4b0-7a58666891e0/1; https://files-api.properstar.com/api/v2/files/52c3ed61-5f75-4044-bde5-175679e0ecae/1; https://files-api.properstar.com/api/v2/files/dec7a25b-aac4-40d0-917f-d73abf0aaee1/1; https://files-api.properstar.com/api/v2/files/1a5994a7-231d-454b-908d-3abd3bcd0fd4/1; https://files-api.properstar.com/api/v2/files/4949da6f-6c2b-4a09-b1eb-e73f3c6e9546/1
117904501,"Apartment for rent in Brisas del Pacifico, Los Cabos, Baja California Sur",https://www.properstar.co.uk/listing/117904501,GBP 823,"terranova, 121, Brisas del Pacifico, Los Cabos, Mexico",22.899552,-109.94345,2,2,1076.39148,Apartment,paola pliego,2026-07-05T22:15:32.5,https://files-api.properstar.com/api/v2/files/de0c0114-0dec-476e-bdad-d9a67843a8b1/1; https://files-api.properstar.com/api/v2/files/b5eb2d20-b19e-4ca2-ac50-fb172298d1e8/1; https://files-api.properstar.com/api/v2/files/cc0464a8-ce2d-4913-80c1-5a9029f65ae7/1; https://files-api.properstar.com/api/v2/files/2b65bc98-876b-4a92-a603-6e7d2bb6da4e/1; https://files-api.properstar.com/api/v2/files/9044f77f-0aeb-442b-b0de-5590e9b9f848/1; https://files-api.properstar.com/api/v2/files/e33e43ee-a88f-443f-ac55-b7e9456ce99a/1; https://files-api.properstar.com/api/v2/files/af771ef5-567f-4edf-85a3-420cd50f7e00/1; https://files-api.properstar.com/api/v2/files/66c013da-d1fb-4e51-81ea-04aad468d06e/1; https://files-api.properstar.com/api/v2/files/9367cd4f-683a-47c1-9c23-fbf835a7e6ce/1; https://files-api.properstar.com/api/v2/files/9d731f23-fd9a-4641-a453-94492f24be36/1; https://files-api.properstar.com/api/v2/files/72d2eea4-74c4-4942-9f83-63997f53f53c/1; https://files-api.properstar.com/api/v2/files/c12d5497-6b7c-497e-a122-329781bbced8/1; https://files-api.properstar.com/api/v2/files/e5fabd7c-f43a-4a78-87f2-2df2dfa922fd/1
117901184,"House for rent in Cabo San Lucas Centro, Los Cabos, Baja California Sur",https://www.properstar.co.uk/listing/117901184,"GBP 1,300","privanzas, 12, Cabo San Lucas Centro, Los Cabos, Mexico",22.882606,-109.912471,3,2,2152.783,House,paola pliego,2026-07-05T22:15:32.5,https://files-api.properstar.com/api/v2/files/e26bdf66-8ded-4a86-baff-727d9ab838cf/1; https://files-api.properstar.com/api/v2/files/ff368628-b380-49ed-95e4-56074ca947ef/1; https://files-api.properstar.com/api/v2/files/50eca950-1d57-4c28-bbb4-998b40fab147/1; https://files-api.properstar.com/api/v2/files/520bd0fc-ce1d-48ae-bd4d-afd63984c77d/1; https://files-api.properstar.com/api/v2/files/e730f5b6-ebd1-4427-bd08-84993c04e977/1; https://files-api.properstar.com/api/v2/files/799323e8-4a59-40bc-af21-c1bb054bbd0b/1; https://files-api.properstar.com/api/v2/files/cee0db1c-5187-4f90-8aca-736f75a3c601/1; https://files-api.properstar.com/api/v2/files/acddb3ba-0bee-478e-be38-bb6cea09c395/1; https://files-api.properstar.com/api/v2/files/b112115f-b355-4396-8fb2-d0de955a75cb/1
117901197,"Apartment for rent in El Tezal, Los Cabos, Baja California Sur",https://www.properstar.co.uk/listing/117901197,"GBP 1,712","vista vela, 10, El Tezal, Los Cabos, Mexico",22.906292,-109.880883,,3,21.5278,Apartment,paola pliego,2026-07-05T22:15:32.5,https://files-api.properstar.com/api/v2/files/aef383f5-b15f-4c39-8350-96d31331a536/1; https://files-api.properstar.com/api/v2/files/90c330b3-05ab-4788-9e3a-f681804bed53/1; https://files-api.properstar.com/api/v2/files/14b14484-acac-4437-9628-040d55287eb6/1; https://files-api.properstar.com/api/v2/files/5662ebb9-5354-43fd-98e1-ce90b0ab85e1/1; https://files-api.properstar.com/api/v2/files/63a07b3e-0c60-4855-943e-45fde03f90d3/1; https://files-api.properstar.com/api/v2/files/e0e1aec2-6603-481b-b769-43bd5ecca537/1; https://files-api.properstar.com/api/v2/files/9f27596c-5eb4-4d0f-9a63-455682b412a2/1; https://files-api.properstar.com/api/v2/files/80b2717f-bc7f-42a7-a539-c86657642d96/1; https://files-api.properstar.com/api/v2/files/2a4e3eca-3c03-48df-983c-6a9d6a35813a/1
117901207,"Apartment for rent in El Tezal, Los Cabos, Baja California Sur",https://www.properstar.co.uk/listing/117901207,GBP 953,"CAMINO DEL MAR, 10, El Tezal, Los Cabos, Mexico",22.915667,-109.892639,100,3,10.7639,Apartment,paola pliego,2026-07-05T22:15:32.5,https://files-api.properstar.com/api/v2/files/0fbbf267-e725-4cec-8f33-e0099d4406b3/1; https://files-api.properstar.com/api/v2/files/ab8daaf3-0727-4007-a418-8cce71410f34/1; https://files-api.properstar.com/api/v2/files/9702d3a5-6723-4608-bdab-50d8e0b9ae15/1; https://files-api.properstar.com/api/v2/files/9d6274fb-6d80-4ff2-90cb-7ebf9e5f48a6/1; https://files-api.properstar.com/api/v2/files/6c461b39-d54c-4005-97e6-933d88173ef0/1; https://files-api.properstar.com/api/v2/files/a1fe7f44-9fea-4c44-a575-6ece2d13f0d1/1; https://files-api.properstar.com/api/v2/files/49efbf0d-f447-43db-a20d-d8ffc80bf22d/1; https://files-api.properstar.com/api/v2/files/7d2de7f7-3998-4acb-b4b0-65f6996a33d2/1; https://files-api.properstar.com/api/v2/files/f4875d18-dfa2-4510-8619-be7fb061cb23/1; https://files-api.properstar.com/api/v2/files/d5e8d2ff-aeaf-436a-a03e-10147153a432/1; https://files-api.properstar.com/api/v2/files/3959d7c1-fece-43cb-8d17-10e22b835c90/1; https://files-api.properstar.com/api/v2/files/8a2c0d1c-70b3-4b34-86ad-a1bd02d5f49a/1; https://files-api.properstar.com/api/v2/files/086eafeb-03ea-467a-8eb3-d44537488764/1; https://files-api.properstar.com/api/v2/files/7e3d1590-f1df-40a2-8c56-ed92768ba338/1; https://files-api.properstar.com/api/v2/files/661ee96a-f122-4e10-8709-ceb8fe245c50/1
117901221,"House for rent in Cabo San Lucas Centro, Los Cabos, Baja California Sur",https://www.properstar.co.uk/listing/117901221,GBP 867,"gardenias, 23, Cabo San Lucas Centro, Los Cabos, Mexico",22.882606,-109.912471,2,2,2152.783,House,paola pliego,2026-07-05T22:15:32.5,https://files-api.properstar.com/api/v2/files/d1d2488c-322b-4217-b964-c44bb4924a87/1; https://files-api.properstar.com/api/v2/files/bf77bb4e-fa9a-45d3-8040-753f869e64a3/1; https://files-api.properstar.com/api/v2/files/2fdc743b-f2a9-4870-9343-dcad59ee0555/1; https://files-api.properstar.com/api/v2/files/7f05e869-fe7f-400e-b622-5ff07f700c9a/1; https://files-api.properstar.com/api/v2/files/96389e10-e7c7-412e-ab8d-da381c8abe74/1; https://files-api.properstar.com/api/v2/files/83f55fc1-596c-44b1-8719-d14732f79f5e/1; https://files-api.properstar.com/api/v2/files/13b38b21-13c6-46ce-8163-18636ddfd873/1; https://files-api.properstar.com/api/v2/files/028e95ef-cf89-4ef6-81a5-82862c2e1c35/1; https://files-api.properstar.com/api/v2/files/6d6e8451-0a96-4d20-bc9a-c528dc740880/1
117903729,"Apartment for rent in Cabo San Lucas Centro, Los Cabos, Baja California Sur",https://www.properstar.co.uk/listing/117903729,"GBP 1,300","sunset, 10, Cabo San Lucas Centro, Los Cabos, Mexico",22.882606,-109.912471,2,2,21.5278,Apartment,paola pliego,2026-07-05T22:15:32.5,https://files-api.properstar.com/api/v2/files/fa1ea3dd-bbb8-4e9b-9611-67fd43218448/1; https://files-api.properstar.com/api/v2/files/a7c749c6-abcb-4545-990b-cefc40b4175a/1; https://files-api.properstar.com/api/v2/files/c1a977ee-d0fa-4646-9d6b-7b27a9238dce/1; https://files-api.properstar.com/api/v2/files/4e7e66c9-6c29-4f14-8b3d-c325ffb6d6ab/1; https://files-api.properstar.com/api/v2/files/2c1756cd-20ce-4412-af28-e2ac48626522/1; https://files-api.properstar.com/api/v2/files/e606ab02-aa20-415d-870f-a0ac77a04328/1; https://files-api.properstar.com/api/v2/files/2af4e9e8-4f53-4549-ad8f-83b5095362f4/1; https://files-api.properstar.com/api/v2/files/0fed85a6-db2f-4310-9e49-dddc7aec96ce/1
117903730,"Apartment for rent in Lienzo Charro Centro, Los Cabos, Baja California Sur",https://www.properstar.co.uk/listing/117903730,GBP 758,"lienzo charro, 12, Lienzo Charro Centro, Los Cabos, Mexico",22.88376,-109.918451,3,2,861.1132,Apartment,paola pliego,2026-07-05T22:15:32.5,https://files-api.properstar.com/api/v2/files/f1ddff3a-ee88-44de-a7cf-52baa603a92f/1; https://files-api.properstar.com/api/v2/files/fd9a688f-80d3-4a69-b285-5b7e0eb6bd77/1; https://files-api.properstar.com/api/v2/files/1515a991-5e75-40da-bf9e-7cf37a444d69/1; https://files-api.properstar.com/api/v2/files/d88b6b19-27b1-4b0b-a87e-e82c47a9cb05/1; https://files-api.properstar.com/api/v2/files/68c26f5e-6cf6-4970-b392-ba6ba89b09eb/1
117904063,"Apartment for rent in Cabo San Lucas Centro, Los Cabos, Baja California Sur",https://www.properstar.co.uk/listing/117904063,"GBP 1,257","lienzo charro, 1, Cabo San Lucas Centro, Los Cabos, Mexico",22.882606,-109.912471,2,2,2152.783,Apartment,paola pliego,2026-07-05T22:15:32.5,https://files-api.properstar.com/api/v2/files/c037d6e4-b9ba-4f43-ac16-ae7f77d6d650/1; https://files-api.properstar.com/api/v2/files/b9a93d4a-2d2b-49b5-a968-4eb3aa155458/1; https://files-api.properstar.com/api/v2/files/5e091eb5-6efe-45fa-a072-cc7de3d8dbba/1; https://files-api.properstar.com/api/v2/files/fee7fa7b-cff2-4149-99dc-a9014875e6b4/1; https://files-api.properstar.com/api/v2/files/e6cf2db1-384c-4c86-914a-49946ae043ab/1; https://files-api.properstar.com/api/v2/files/218cbbc7-46cd-4359-9d47-8932c935868b/1; https://files-api.properstar.com/api/v2/files/6f0df382-17a3-4160-8c33-8e708eeba1d7/1; https://files-api.properstar.com/api/v2/files/2d4e8c64-3bad-4bc2-ab3e-66b095236159/1
117904076,"Apartment for rent in 4 de Marzo, Los Cabos, Baja California Sur",https://www.properstar.co.uk/listing/117904076,GBP 325,"4 MARZO, 10, 4 de Marzo, Los Cabos, Mexico",22.893727,-109.931078,1,1,538.1957,Apartment,paola pliego,2026-07-05T22:15:32.5,https://files-api.properstar.com/api/v2/files/0ece3605-4e39-434b-acf0-a805752bbae5/1; https://files-api.properstar.com/api/v2/files/5f9e863d-05c7-4ed1-bdce-35a815c727b2/1; https://files-api.properstar.com/api/v2/files/c22d5baf-7154-42c2-9940-8ecc6dff456e/1; https://files-api.properstar.com/api/v2/files/a57603be-f1ce-42e2-b466-96c58c5c00b2/1
117904100,"House for rent in Cabo San Lucas Centro, Los Cabos, Baja California Sur",https://www.properstar.co.uk/listing/117904100,GBP 867,"cabo san lucas, 2423, Cabo San Lucas Centro, Los Cabos, Mexico",22.882606,-109.912471,2,2,2152.783,House,paola pliego,2026-07-05T22:15:32.5,https://files-api.properstar.com/api/v2/files/8b298bc5-6df3-4975-aa2f-8ba15ac94709/1; https://files-api.properstar.com/api/v2/files/e661eadc-d8fd-4002-a76a-5035712a9ebb/1; https://files-api.properstar.com/api/v2/files/89ccdcfe-88b0-49d7-9f36-1e557459dd2f/1; https://files-api.properstar.com/api/v2/files/194b946b-17b1-4e4c-b6aa-1bacbd1f6990/1; https://files-api.properstar.com/api/v2/files/ff61ef0a-8a42-4b5e-b465-7edc58972ef5/1; https://files-api.properstar.com/api/v2/files/c7181f3a-5fa3-47df-b642-ce02f8570e24/1; https://files-api.properstar.com/api/v2/files/29585b6e-a4c7-4d07-a1f9-458cc4ec27e6/1; https://files-api.properstar.com/api/v2/files/f09ee374-b367-450d-a88f-af607dc4d03a/1; https://files-api.properstar.com/api/v2/files/ad281612-29ab-4b40-9d36-ca21559cea55/1
117904489,"Apartment for rent in Terranova, Los Cabos, Baja California Sur",https://www.properstar.co.uk/listing/117904489,GBP 867,"brisas del pacifico, 232, Terranova, Los Cabos, Mexico",22.899552,-109.94345,2,2,1076.39148,Apartment,paola pliego,2026-07-05T22:15:32.5,https://files-api.properstar.com/api/v2/files/d941abe6-9418-4455-9574-8f5d0bbff7bd/1; https://files-api.properstar.com/api/v2/files/ae1acade-276b-45ea-80cb-d8d7b8ff1e3c/1; https://files-api.properstar.com/api/v2/files/3e13db0a-0cab-4621-b033-31998454b13a/1; https://files-api.properstar.com/api/v2/files/00df2a77-1961-4fbb-988b-0487244d4488/1; https://files-api.properstar.com/api/v2/files/4803673f-937d-4c4e-b277-51a3b7a3eda9/1; https://files-api.properstar.com/api/v2/files/2df280f5-5742-4561-9651-9019d2e99b12/1; https://files-api.properstar.com/api/v2/files/7d7f3839-bddf-4332-b39a-22fba7319e14/1; https://files-api.properstar.com/api/v2/files/672aaac8-7cfd-460b-9f5e-8d1bad253807/1; https://files-api.properstar.com/api/v2/files/0d01efee-4f84-48a7-9383-db1bfefc7f2a/1; https://files-api.properstar.com/api/v2/files/c33eac17-d37c-4c39-a0bc-f19a731f3d42/1; https://files-api.properstar.com/api/v2/files/0a9fe6b8-9f5b-4baa-afc7-d360683c34ae/1; https://files-api.properstar.com/api/v2/files/38e09801-bb45-46ce-9a6a-8eb5b3f7fabc/1
117904513,"House for rent in Cabo San Lucas Centro, Los Cabos, Baja California Sur",https://www.properstar.co.uk/listing/117904513,GBP 867,"CHIPIRON, 102, Cabo San Lucas Centro, Los Cabos, Mexico",22.882606,-109.912471,2,101,2152.783,House,paola pliego,2026-07-05T22:15:32.5,https://files-api.properstar.com/api/v2/files/8fb49471-00d3-48d5-b3a4-b406b137544e/1; https://files-api.properstar.com/api/v2/files/c4dc0075-e39a-4f14-a1c9-8f041e8cffba/1; https://files-api.properstar.com/api/v2/files/32470408-12e0-4dd2-957c-ce3ea44338a4/1; https://files-api.properstar.com/api/v2/files/0119754c-8e0b-45dd-a23f-bd8b8bafb36e/1; https://files-api.properstar.com/api/v2/files/f1d5f100-4be3-48a9-8093-406d6bb61864/1; https://files-api.properstar.com/api/v2/files/35844bb2-37dd-478d-8aa5-36ecc99f2e2f/1; https://files-api.properstar.com/api/v2/files/aef4a314-d2b2-41dc-8958-46b2a5df860c/1; https://files-api.properstar.com/api/v2/files/e162a676-c77c-469e-a958-397bf2903736/1; https://files-api.properstar.com/api/v2/files/9289ddc2-f22a-4100-8a09-6fdbd92c7b6f/1; https://files-api.properstar.com/api/v2/files/d8e6e90c-d580-4112-9816-795017fb857a/1
117900539,"Apartment for rent in Lienzo Charro Centro, Los Cabos, Baja California Sur",https://www.properstar.co.uk/listing/117900539,GBP 953,"sunset, 10, Lienzo Charro Centro, Los Cabos, Mexico",22.884043,-109.917897,2,3,1076.39148,Apartment,paola pliego,2026-07-05T22:15:32.5,https://files-api.properstar.com/api/v2/files/59d19966-3051-4332-9bf7-e602a1b6735f/1; https://files-api.properstar.com/api/v2/files/907a1b48-d1cd-42dc-b1c2-420e1b9aea62/1; https://files-api.properstar.com/api/v2/files/2f19cb04-be11-436b-8395-0d718aade639/1; https://files-api.properstar.com/api/v2/files/2abb7311-ab17-447f-ad9f-d2ea0483f0f5/1; https://files-api.properstar.com/api/v2/files/d4dade27-db95-4345-9e5c-38d92d10cd2a/1; https://files-api.properstar.com/api/v2/files/78609234-59df-4038-8e5f-57c0dabf6a53/1
117901196,"Apartment for rent in Lienzo Charro Centro, Los Cabos, Baja California Sur",https://www.properstar.co.uk/listing/117901196,"GBP 1,300","sunset, 232, Lienzo Charro Centro, Los Cabos, Mexico",22.883697,-109.918664,2,2,1076.39148,Apartment,paola pliego,2026-07-05T22:15:32.5,https://files-api.properstar.com/api/v2/files/c6d9a85d-f3b8-47b3-a3c3-68172b5f53f8/1; https://files-api.properstar.com/api/v2/files/e4ec1d62-4482-4e72-a854-20653a94178a/1; https://files-api.properstar.com/api/v2/files/12568f51-a822-4561-8c5c-4a7290d56d2d/1; https://files-api.properstar.com/api/v2/files/ee30e8b7-de62-49e9-af0f-175309459eae/1; https://files-api.properstar.com/api/v2/files/a1eec989-64dc-4308-a960-40f9db4a9ac1/1; https://files-api.properstar.com/api/v2/files/7deebf15-ad6a-4ef4-8c8a-47ce31b05511/1; https://files-api.properstar.com/api/v2/files/e46a169f-fc5e-4597-a1db-19d6f8c7a8b5/1; https://files-api.properstar.com/api/v2/files/e5ab01ca-ac2f-4a3d-b6db-c95bbde2c80a/1; https://files-api.properstar.com/api/v2/files/e2ecbd08-78d7-4304-b0d1-2e8347ba38f0/1; https://files-api.properstar.com/api/v2/files/a459dc51-27f2-4f24-9f06-624febd1d7c8/1; https://files-api.properstar.com/api/v2/files/d9b35dac-402f-4d7d-b176-af34d09d027b/1; https://files-api.properstar.com/api/v2/files/288c81f9-3cdd-44d1-b087-c544e43908f5/1; https://files-api.properstar.com/api/v2/files/fa4e7895-165a-4304-8d21-e52c50acc5be/1; https://files-api.properstar.com/api/v2/files/c270f589-d9e5-4bbb-aa7e-14e145b999d6/1; https://files-api.properstar.com/api/v2/files/6dcdba34-0cec-4686-962b-5973614b1c97/1; https://files-api.properstar.com/api/v2/files/72617281-05f0-4f39-81b9-1767fe66fd47/1
117901206,"Apartment for rent in El Tezal, Los Cabos, Baja California Sur",https://www.properstar.co.uk/listing/117901206,"GBP 1,647","tezal, 10, El Tezal, Los Cabos, Mexico",22.906439,-109.92805,1,2,1022.5719,Apartment,paola pliego,2026-07-05T22:15:32.5,https://files-api.properstar.com/api/v2/files/bfebac8b-1cb6-4fd1-8902-94911b7cfe19/1; https://files-api.properstar.com/api/v2/files/a5952cf0-9aff-4676-bf47-e8ffb7c15e8b/1; https://files-api.properstar.com/api/v2/files/9372fc61-04b9-4932-9ac8-3bb9f99a1486/1; https://files-api.properstar.com/api/v2/files/42cfd430-fbd7-47f8-b020-fc0ec25a634c/1; https://files-api.properstar.com/api/v2/files/9c189e0b-5b8c-4573-b188-ca56217ba124/1; https://files-api.properstar.com/api/v2/files/df60bc6f-6141-4fc6-936b-856e954ea788/1; https://files-api.properstar.com/api/v2/files/88d0f146-1db7-4733-95f5-26f40eef527f/1; https://files-api.properstar.com/api/v2/files/e7604dcf-c1b3-4ccf-a9a7-7f21e582d333/1; https://files-api.properstar.com/api/v2/files/346b7b06-8c0a-4034-b8cf-e607820a243c/1; https://files-api.properstar.com/api/v2/files/c2a2202c-d371-4efe-8523-600635d6790d/1; https://files-api.properstar.com/api/v2/files/47397ae9-f412-48ec-8e9f-c32675b616e3/1; https://files-api.properstar.com/api/v2/files/7947311b-da1f-49fd-b85e-bf9e80fed087/1; https://files-api.properstar.com/api/v2/files/1c134273-e1ec-4c16-8fdb-7b39b66e1869/1; https://files-api.properstar.com/api/v2/files/09ff11f8-a87e-4fa6-8c36-442878755954/1; https://files-api.properstar.com/api/v2/files/f30ed8a7-26b8-4c40-938d-67cde74b0f47/1; https://files-api.properstar.com/api/v2/files/9b6ecfc3-7088-4f40-871c-a650076c4855/1; https://files-api.properstar.com/api/v2/files/81c3ea34-d4a6-4bf9-8a66-c8783e832675/1; https://files-api.properstar.com/api/v2/files/3dcaa0bf-e7c4-4481-8072-3006f93a783b/1; https://files-api.properstar.com/api/v2/files/aa658eb2-6dd8-4b2a-94c7-a6356e501a52/1
117901219,"Apartment for rent in El Tezal, Los Cabos, Baja California Sur",https://www.properstar.co.uk/listing/117901219,"GBP 1,300","tezal, 231, El Tezal, Los Cabos, Mexico",22.906138,-109.927977,2,2,1076.39148,Apartment,paola pliego,2026-07-05T22:15:32.5,https://files-api.properstar.com/api/v2/files/4583b1d7-4eb7-41e1-a6df-1944febd6f00/1; https://files-api.properstar.com/api/v2/files/ff44788f-3511-4caa-8a86-c8773a09c9f0/1; https://files-api.properstar.com/api/v2/files/dbc70002-548b-48f8-a964-3dd1a67e4b6c/1; https://files-api.properstar.com/api/v2/files/a8d03a20-fca4-4556-be3d-20a57920675e/1; https://files-api.properstar.com/api/v2/files/d4a98ff7-9242-4da0-9469-65ed487690cb/1; https://files-api.properstar.com/api/v2/files/4a2c8b01-8092-4be6-9575-b5f98ebd44b6/1; https://files-api.properstar.com/api/v2/files/87439f8d-d53d-4e64-b339-5e9dfa339840/1; https://files-api.properstar.com/api/v2/files/ca837387-7a4b-45e2-9f8a-33c818262b52/1; https://files-api.properstar.com/api/v2/files/0dade9e2-b221-4311-b69c-75a3691b1d42/1; https://files-api.properstar.com/api/v2/files/64a5cc1a-6c06-429c-afe9-924df57d13ea/1; https://files-api.properstar.com/api/v2/files/86407c35-890e-4d04-8f5a-b12b71808712/1; https://files-api.properstar.com/api/v2/files/358570a7-70ec-40f8-92c9-a4ff9126aa9f/1; https://files-api.properstar.com/api/v2/files/e420b7fa-e0b9-4187-97f1-f1eec15a4398/1
117901220,"Apartment for rent in Lienzo Charro Centro, Los Cabos, Baja California Sur",https://www.properstar.co.uk/listing/117901220,"GBP 1,148","lienzo charro, 10, Lienzo Charro Centro, Los Cabos, Mexico",22.88376,-109.918451,2,2,1076.39148,Apartment,paola pliego,2026-07-05T22:15:32.5,https://files-api.properstar.com/api/v2/files/5b5983be-043f-46f2-8be3-6215cd5ac54f/1; https://files-api.properstar.com/api/v2/files/b0171743-74de-480a-aba7-0878c520f629/1; https://files-api.properstar.com/api/v2/files/d5c95c12-21a9-4576-953f-3c9cecebd77f/1; https://files-api.properstar.com/api/v2/files/247e8498-541b-4392-b888-642838281e15/1; https://files-api.properstar.com/api/v2/files/708884a0-ac7a-43d9-82ec-52aeb804279a/1; https://files-api.properstar.com/api/v2/files/6593146c-fc0c-458c-8500-470f4d3ae62a/1; https://files-api.properstar.com/api/v2/files/2cb8a1e1-80d6-4573-9f3a-7f8aa82c0eb3/1; https://files-api.properstar.com/api/v2/files/04221c24-73d6-4439-a44f-7716c570b55f/1; https://files-api.properstar.com/api/v2/files/9863b8b3-348b-4e98-bdcd-a965ac682114/1; https://files-api.properstar.com/api/v2/files/9bf1df91-8c9c-4982-a946-27250916d7ab/1; https://files-api.properstar.com/api/v2/files/c36ec41f-d3c9-4370-bfc3-5883c3644197/1; https://files-api.properstar.com/api/v2/files/36306341-fed9-4a3e-92aa-51712ceda49f/1; https://files-api.properstar.com/api/v2/files/45adfaa9-75ad-4a50-8024-858421b56179/1
117902068,"House for rent in El Tezal, Los Cabos, Baja California Sur",https://www.properstar.co.uk/listing/117902068,"GBP 1,517","lazaro cardenas, 3432, El Tezal, Los Cabos, Mexico",22.923205,-109.87793,3,3,1076.39148,House,paola pliego,2026-07-05T22:15:32.5,https://files-api.properstar.com/api/v2/files/e9bf8a83-fd9b-4f9e-915f-0c9974267d37/1; https://files-api.properstar.com/api/v2/files/6e96d834-0d8a-4878-a99c-9c77a001bfcb/1; https://files-api.properstar.com/api/v2/files/227a1ed8-cb9c-4c58-8531-60518a3ad05c/1; https://files-api.properstar.com/api/v2/files/3c4bf299-f836-40c9-b74e-ef2eb8644faa/1; https://files-api.properstar.com/api/v2/files/48159117-9bf4-406a-90bd-5d993e5f8e5c/1; https://files-api.properstar.com/api/v2/files/6e52a830-585f-4aa9-bc81-c24104c03a17/1; https://files-api.properstar.com/api/v2/files/e451ecc9-f0b7-4f9e-a842-c388c6b0286b/1; https://files-api.properstar.com/api/v2/files/abbcbc57-81fe-438b-959d-ec4000d7b447/1; https://files-api.properstar.com/api/v2/files/447ebc5b-efaf-498c-a607-bef88ff295c6/1; https://files-api.properstar.com/api/v2/files/ed1501bb-b08d-4c73-a551-1e274653c882/1
117904062,"Apartment for rent in El Tezal, Los Cabos, Baja California Sur",https://www.properstar.co.uk/listing/117904062,"GBP 1,083","bahia del tezal, 2, El Tezal, Los Cabos, Mexico",22.901212,-109.890605,2,2,1076.39148,Apartment,paola pliego,2026-07-05T22:15:32.5,https://files-api.properstar.com/api/v2/files/c0fb6302-d943-49f8-8bf8-94d53e71aab0/1; https://files-api.properstar.com/api/v2/files/de85b7ab-b354-4584-bf11-67615adc1cdd/1; https://files-api.properstar.com/api/v2/files/141a8dc1-b863-47fe-8bb8-62a6be9c77f9/1; https://files-api.properstar.com/api/v2/files/c5ea2b07-4ccb-4a1a-b9e9-38b479048334/1; https://files-api.properstar.com/api/v2/files/42dd6252-1e5f-4ac1-8bd6-56afeaf02771/1
117904075,"Apartment for rent in El Tezal, Los Cabos, Baja California Sur",https://www.properstar.co.uk/listing/117904075,"GBP 1,300","tezal, 232, El Tezal, Los Cabos, Mexico",22.908963,-109.889442,2,2,1076.39148,Apartment,paola pliego,2026-07-05T22:15:32.5,https://files-api.properstar.com/api/v2/files/fffaab34-6e33-4b4c-b62b-27a6576e5ad1/1; https://files-api.properstar.com/api/v2/files/18b306d2-79a5-482a-8487-a69ac06391c4/1; https://files-api.properstar.com/api/v2/files/4050b78c-424f-4496-a91b-2b17dde8fc13/1; https://files-api.properstar.com/api/v2/files/447c1f82-7e51-442c-a959-724f7d26280c/1; https://files-api.properstar.com/api/v2/files/f93bc8bc-61fd-4843-bc23-aef19d3b73f7/1; https://files-api.properstar.com/api/v2/files/f1657af4-75e3-4e59-a091-eaef7e2e07ae/1; https://files-api.properstar.com/api/v2/files/06fa4b2c-d149-4155-812c-58a400ac8b03/1; https://files-api.properstar.com/api/v2/files/7876d84f-2dfe-44e7-b355-bd7274300b59/1; https://files-api.properstar.com/api/v2/files/304bb0eb-1b35-47ec-b88c-4567d489178a/1; https://files-api.properstar.com/api/v2/files/c56491b0-53db-4ec3-b6a0-1793a6803e9a/1; https://files-api.properstar.com/api/v2/files/4e244e24-2df5-4200-be47-88fb810e3cd9/1
117904488,"Apartment for rent in El Tezal, Los Cabos, Baja California Sur",https://www.properstar.co.uk/listing/117904488,"GBP 1,170","CABO DEL MAR, 12, El Tezal, Los Cabos, Mexico",22.919519,-109.89698,3,2,11840.3066,Apartment,paola pliego,2026-07-05T22:15:32.5,https://files-api.properstar.com/api/v2/files/de379d3b-c133-4aa5-9216-d739bfad8adb/1; https://files-api.properstar.com/api/v2/files/3507468b-ae6c-4137-aa4f-90c119c63540/1; https://files-api.properstar.com/api/v2/files/b646492c-664f-4e78-a7de-cc3feb79cc4f/1; https://files-api.properstar.com/api/v2/files/3f1a66fd-c735-48a2-a1b7-2bcfcb23b76f/1; https://files-api.properstar.com/api/v2/files/f5c9f842-dbb5-4d7b-a4cc-ce66f7cae222/1; https://files-api.properstar.com/api/v2/files/2a020370-89f2-4c66-9734-fc6f9ac8862a/1; https://files-api.properstar.com/api/v2/files/ffec490b-463d-44db-9cc9-64e314fc942e/1; https://files-api.properstar.com/api/v2/files/ab3cebcb-ddab-4b81-9c28-484d5ace55d3/1; https://files-api.properstar.com/api/v2/files/c6967253-c10e-453e-ba0f-611f185a671c/1
117904512,"Apartment for rent in Lienzo Charro Centro, Los Cabos, Baja California Sur",https://www.properstar.co.uk/listing/117904512,"GBP 1,213","las lagunas, 10, Lienzo Charro Centro, Los Cabos, Mexico",22.884043,-109.917897,2,2,968.7523,Apartment,paola pliego,2026-07-05T22:15:32.5,https://files-api.properstar.com/api/v2/files/92cc51e1-edd9-489d-b882-e6e7e674b9f6/1; https://files-api.properstar.com/api/v2/files/a3be012f-e9a5-4fec-84e2-331bf7a8a696/1; https://files-api.properstar.com/api/v2/files/acc775fe-6cbf-4409-aca1-2f1e5b179a7c/1; https://files-api.properstar.com/api/v2/files/b1b46940-34be-4e21-85ca-e95e40adda36/1; https://files-api.properstar.com/api/v2/files/2f15da5d-0053-4af5-983b-09a8a2e8a138/1; https://files-api.properstar.com/api/v2/files/c6c8e213-fcca-4145-a714-df3e6081fc4d/1; https://files-api.properstar.com/api/v2/files/7ba5eb43-a5fa-48f1-a858-a25986e2b6ab/1; https://files-api.properstar.com/api/v2/files/c0fe7616-d020-4285-8883-feebfc2a8f1d/1; https://files-api.properstar.com/api/v2/files/3ab219dc-52e3-481e-9daa-afc9ce410f31/1; https://files-api.properstar.com/api/v2/files/c2aee11c-6af6-4258-8bf4-5aaebf7e74cf/1; https://files-api.properstar.com/api/v2/files/f9dd01f2-be71-4f14-bd5a-4b214d5b3312/1; https://files-api.properstar.com/api/v2/files/847573c7-4c5d-404f-8beb-295b0ee2a457/1; https://files-api.properstar.com/api/v2/files/d4604f06-af1f-4abb-9a0c-96ae8da7d0ad/1
117900538,"Apartment for rent in Lienzo Charro Centro, Los Cabos, Baja California Sur",https://www.properstar.co.uk/listing/117900538,GBP 975,"lienzo charro, 70, Lienzo Charro Centro, Los Cabos, Mexico",22.88376,-109.918451,2,2,1011.808,Apartment,paola pliego,2026-07-05T22:15:32.5,https://files-api.properstar.com/api/v2/files/cbe0c102-13e4-4b49-985a-a5bfcc96bcde/1; https://files-api.properstar.com/api/v2/files/048bd351-23a1-40ac-aabd-170f05884f0f/1; https://files-api.properstar.com/api/v2/files/8d63be0f-f0f0-450e-a439-24b988d997da/1; https://files-api.properstar.com/api/v2/files/4f79dd05-82f5-467f-99c7-67395a9c5db8/1; https://files-api.properstar.com/api/v2/files/19cb2a20-a79a-49be-b512-38ba649547b6/1; https://files-api.properstar.com/api/v2/files/903e9140-8281-4dae-b757-f8680233f65c/1; https://files-api.properstar.com/api/v2/files/44b74138-d34b-424b-85cf-306c7d09ddbd/1; https://files-api.properstar.com/api/v2/files/ff841311-8819-457c-ba1d-ca759f6384e7/1; https://files-api.properstar.com/api/v2/files/4b551018-8ece-48ea-b395-f03b997ec384/1
117901195,"Apartment for rent in El Tezal, Los Cabos, Baja California Sur",https://www.properstar.co.uk/listing/117901195,GBP 910,"tezal, 232, El Tezal, Los Cabos, Mexico",22.908963,-109.889442,2,2,1076.39148,Apartment,paola pliego,2026-07-05T22:15:32.5,https://files-api.properstar.com/api/v2/files/683332e6-a370-48b8-9a52-8d87121e0502/1; https://files-api.properstar.com/api/v2/files/01678ea9-fc26-4788-a634-0ea2c2b1c871/1; https://files-api.properstar.com/api/v2/files/c4e5854b-5969-41a8-8329-c7103aa2ef6c/1; https://files-api.properstar.com/api/v2/files/b10f747e-d671-4ca2-9277-6011fb68e33e/1; https://files-api.properstar.com/api/v2/files/56172fe1-8620-41a5-a8aa-5c86c7d6b9d6/1; https://files-api.properstar.com/api/v2/files/ed2d550d-6368-4f14-be58-e11697cef5da/1; https://files-api.properstar.com/api/v2/files/34d00a1c-6af0-4763-a781-a8c8aa36f2f6/1
117902067,"Apartment for rent in Brisas del Pacifico, Los Cabos, Baja California Sur",https://www.properstar.co.uk/listing/117902067,GBP 867,"terranova, 232, Brisas del Pacifico, Los Cabos, Mexico",22.899552,-109.94345,2,2,1076.39148,Apartment,paola pliego,2026-07-05T22:15:32.5,https://files-api.properstar.com/api/v2/files/d576b989-2303-42c8-a0e6-52f55fdf7808/1; https://files-api.properstar.com/api/v2/files/582485b6-281d-4612-922a-d242b92faf14/1; https://files-api.properstar.com/api/v2/files/99d1fdb8-afa5-4234-a659-0d876d4e99af/1; https://files-api.properstar.com/api/v2/files/c46d4866-419e-4258-8997-ab5f3509c638/1; https://files-api.properstar.com/api/v2/files/977e77b6-c7e4-4d28-a786-e9d52f03fcc6/1; https://files-api.properstar.com/api/v2/files/088db4f1-8a7f-46cc-a041-730c31fceca3/1; https://files-api.properstar.com/api/v2/files/5ffde1bf-398c-4770-81d4-4afb5b7566ed/1; https://files-api.properstar.com/api/v2/files/6903e77f-7686-4a13-8653-e4162450c8a8/1; https://files-api.properstar.com/api/v2/files/fbfcc0fc-13e1-46a2-94ea-31b11884708e/1; https://files-api.properstar.com/api/v2/files/8b1c0162-fe65-4540-8557-11236fb32d9f/1; https://files-api.properstar.com/api/v2/files/7d31171c-7840-45c6-90fa-b0b7f5441fc6/1; https://files-api.properstar.com/api/v2/files/3f26f59d-3ae2-4609-b917-a62ed2f2035f/1; https://files-api.properstar.com/api/v2/files/7138827c-706b-4f4e-b055-45a4b5aca039/1; https://files-api.properstar.com/api/v2/files/c3edbcd0-593c-4bf7-befe-43314a5ad2de/1
117900537,"Apartment for rent in Lienzo Charro Centro, Los Cabos, Baja California Sur",https://www.properstar.co.uk/listing/117900537,"GBP 1,213","SUNSET1, 2, Lienzo Charro Centro, Los Cabos, Mexico",22.884043,-109.917897,2,2,1076.39148,Apartment,paola pliego,2026-07-05T22:15:32.5,https://files-api.properstar.com/api/v2/files/1008d196-9a00-4a70-98e5-8409fe8da3f1/1; https://files-api.properstar.com/api/v2/files/8854557c-b92b-4c9c-ba95-42e1a6447cfc/1; https://files-api.properstar.com/api/v2/files/cb5e3472-a1ce-4603-b2f1-1eea19a56246/1; https://files-api.properstar.com/api/v2/files/65569a63-f842-48e5-9438-19d214d74dd2/1; https://files-api.properstar.com/api/v2/files/32f2311e-4f80-418a-8283-d45129e54a78/1; https://files-api.properstar.com/api/v2/files/38e0c159-8553-4c82-88ce-b10a7adbcc94/1; https://files-api.properstar.com/api/v2/files/e1dd2594-6456-4025-81e2-94c08c3eb8dc/1; https://files-api.properstar.com/api/v2/files/92672c6a-76e3-4b96-a99d-008e4f164dae/1; https://files-api.properstar.com/api/v2/files/19fc8534-822d-49a7-b6e6-ca935d1cb191/1; https://files-api.properstar.com/api/v2/files/15efbdd8-00a4-4d36-92bf-90e72370345f/1
117901194,"House for rent in El Tezal, Los Cabos, Baja California Sur",https://www.properstar.co.uk/listing/117901194,"GBP 1,733","TEZAL, 232, El Tezal, Los Cabos, Mexico",22.908963,-109.889442,3,3,1076.39148,House,paola pliego,2026-07-05T22:15:32.5,https://files-api.properstar.com/api/v2/files/d7c5f64e-791f-4aeb-89b8-660edc44b361/1; https://files-api.properstar.com/api/v2/files/0cd10259-762b-4ef5-9442-16def331e1e8/1; https://files-api.properstar.com/api/v2/files/af7c452c-5ee7-4f79-b37a-832ad641215b/1; https://files-api.properstar.com/api/v2/files/371b1f82-e96f-40d5-b294-47d5d57af45a/1; https://files-api.properstar.com/api/v2/files/06bf33b9-c90c-407f-b50b-2a7d9df30132/1; https://files-api.properstar.com/api/v2/files/dd39ea2b-a7f6-48e4-bb2e-ec5564d7d3b1/1; https://files-api.properstar.com/api/v2/files/f780b442-69bd-42fc-be5c-bf27dfd20d1d/1; https://files-api.properstar.com/api/v2/files/504b6b6f-a6ce-45b0-a04a-b8baa37d6032/1; https://files-api.properstar.com/api/v2/files/8456921a-a7cc-48ec-9e61-93f0febc3b81/1; https://files-api.properstar.com/api/v2/files/fd9fd0d5-67bd-40be-9eda-cddb5c2db7a9/1; https://files-api.properstar.com/api/v2/files/93906f07-c696-4882-9005-e5c4357ace10/1; https://files-api.properstar.com/api/v2/files/58aeec60-a07e-47ee-9ae5-97d7a6a9b2ff/1; https://files-api.properstar.com/api/v2/files/8a09280c-6c26-423f-bfe8-e6544dfa6258/1; https://files-api.properstar.com/api/v2/files/97b6526b-74df-4527-a443-2130562307bb/1; https://files-api.properstar.com/api/v2/files/703b6b19-5892-4595-8193-f422d41de7b6/1
117901204,"Apartment for rent in Lienzo Charro Centro, Los Cabos, Baja California Sur",https://www.properstar.co.uk/listing/117901204,GBP 997,"sunset, 232, Lienzo Charro Centro, Los Cabos, Mexico",22.883697,-109.918664,3,2,1076.39148,Apartment,paola pliego,2026-07-05T22:15:32.5,https://files-api.properstar.com/api/v2/files/40cb82f0-8358-4933-a1fa-723107bb4109/1; https://files-api.properstar.com/api/v2/files/0b4c73b1-7fea-49c2-8835-ae6921aa3d62/1; https://files-api.properstar.com/api/v2/files/a8e0b47b-daaf-410b-8990-93bb830d8f64/1; https://files-api.properstar.com/api/v2/files/053a9def-a246-41f1-a2e8-278e0f056306/1; https://files-api.properstar.com/api/v2/files/e775ccef-a328-4a06-aae8-a17911b9b5ba/1; https://files-api.properstar.com/api/v2/files/c5bf34f2-104e-48c7-9be5-0af1cd0c4985/1; https://files-api.properstar.com/api/v2/files/5ba6e783-3d30-491a-963e-d038edeb75f1/1; https://files-api.properstar.com/api/v2/files/0e2b3dbe-1c76-4e54-b963-dbded1b1e267/1; https://files-api.properstar.com/api/v2/files/51013123-2cf4-4010-bc61-dd4abdad6fdc/1; https://files-api.properstar.com/api/v2/files/78f9f42e-8fce-48db-857c-455a06fe97c6/1; https://files-api.properstar.com/api/v2/files/418d6e8a-7642-4fbe-96a1-7274113ff63c/1; https://files-api.properstar.com/api/v2/files/920a56a6-5802-4a5d-b48f-b8cdaef00bea/1
117901217,"Apartment for rent in Terranova, Los Cabos, Baja California Sur",https://www.properstar.co.uk/listing/117901217,GBP 823,"terranova, 10, Terranova, Los Cabos, Mexico",22.90449,-109.937163,2,8,968.7523,Apartment,paola pliego,2026-07-05T22:15:32.5,https://files-api.properstar.com/api/v2/files/9768d8f3-2d80-4fdf-8ef4-df00024148d4/1; https://files-api.properstar.com/api/v2/files/4de2ade6-6d86-4117-bda8-0b9e6cbfc8fa/1; https://files-api.properstar.com/api/v2/files/d2ef6af1-da5b-4c08-b3f2-c85811dcc7b8/1; https://files-api.properstar.com/api/v2/files/4877b7bb-090b-4f1a-a998-f7a211703b19/1; https://files-api.properstar.com/api/v2/files/f6848a35-6197-4d39-b333-e3df3469cd90/1; https://files-api.properstar.com/api/v2/files/bc5a12c4-b46f-4056-8c1e-2c7d8190d43b/1; https://files-api.properstar.com/api/v2/files/73b3facc-b913-4594-a42b-52fd26633435/1; https://files-api.properstar.com/api/v2/files/f662feff-373f-43bb-a359-226da16ed335/1
117904074,"Apartment for rent in Hojazen, Los Cabos, Baja California Sur",https://www.properstar.co.uk/listing/117904074,GBP 368,"HOJAZEN, 10, Hojazen, Los Cabos, Mexico",22.898143,-109.949837,1,1,538.1957,Apartment,paola pliego,2026-07-05T22:15:32.5,https://files-api.properstar.com/api/v2/files/157f41af-014b-4b09-a940-9b2f9f3dd39a/1; https://files-api.properstar.com/api/v2/files/a431d60b-53cc-4e15-8a64-3e328e3731eb/1; https://files-api.properstar.com/api/v2/files/c141fe1c-071e-44c7-8551-a497072fca3f/1; https://files-api.properstar.com/api/v2/files/9805e7df-0647-4e59-b59e-bbf92a7d279d/1; https://files-api.properstar.com/api/v2/files/7f400998-59b3-45f7-8edd-f4460cca1f35/1
117904487,"Apartment for rent in Lienzo Charro Centro, Los Cabos, Baja California Sur",https://www.properstar.co.uk/listing/117904487,"GBP 1,300","sunset, 232, Lienzo Charro Centro, Los Cabos, Mexico",22.883697,-109.918664,2,2,1076.39148,Apartment,paola pliego,2026-07-05T22:15:32.5,https://files-api.properstar.com/api/v2/files/6e5d1d39-37a3-4da8-b60f-67dbb8c6f5ac/1; https://files-api.properstar.com/api/v2/files/47ca37af-f3d2-41ef-8428-1fbe82f52049/1; https://files-api.properstar.com/api/v2/files/071bf276-b773-4c06-8c51-df5846aff3b6/1; https://files-api.properstar.com/api/v2/files/7dc28040-0654-4120-a4f1-d7d7893bc628/1; https://files-api.properstar.com/api/v2/files/3551c19b-ff97-4b1d-8175-a484fc7873ab/1; https://files-api.properstar.com/api/v2/files/241e31d9-d88a-438f-9693-0d4175c682f7/1; https://files-api.properstar.com/api/v2/files/e1bbae8c-6b47-47e6-bed5-d6429ffaec4b/1; https://files-api.properstar.com/api/v2/files/02e9a366-a0f2-4076-9956-cf4ca72b5b0e/1; https://files-api.properstar.com/api/v2/files/f1e4e71e-0d21-496b-80ee-8885894cda62/1; https://files-api.properstar.com/api/v2/files/8994160f-d54d-40ba-96e4-6d914c8b82a1/1; https://files-api.properstar.com/api/v2/files/129b8c47-8174-46b5-be28-71383900044d/1; https://files-api.properstar.com/api/v2/files/c52dfbbf-62ed-4da7-bb72-e5aa3447496a/1; https://files-api.properstar.com/api/v2/files/cc3a8d4c-e8a2-45d4-9d99-2591c626f32e/1; https://files-api.properstar.com/api/v2/files/9cfb36a1-bead-4aad-afa4-86e907360846/1; https://files-api.properstar.com/api/v2/files/45e6cf5c-ce9a-47cb-9587-03c56f8fb153/1; https://files-api.properstar.com/api/v2/files/fe790f23-d5a1-41e6-86ec-1d18d9c308b8/1
117904511,"Apartment for rent in Cabo San Lucas Centro, Los Cabos, Baja California Sur",https://www.properstar.co.uk/listing/117904511,"GBP 1,387","lunaterra, 104, Cabo San Lucas Centro, Los Cabos, Mexico",22.882606,-109.912471,2,2,1076.39148,Apartment,paola pliego,2026-07-05T22:15:32.5,https://files-api.properstar.com/api/v2/files/3cdbc243-d66f-4cd8-8bbc-96907c02df8a/1; https://files-api.properstar.com/api/v2/files/03ef678f-94b3-4155-9c6b-17deb06131ed/1; https://files-api.properstar.com/api/v2/files/f79807e9-aa97-49c2-8fa4-a335fe2f6028/1; https://files-api.properstar.com/api/v2/files/52410d6d-3801-4e89-91ba-1ebbb1fc6d1d/1; https://files-api.properstar.com/api/v2/files/24e0cf30-641c-4a87-bce3-e77c47f30cbf/1; https://files-api.properstar.com/api/v2/files/67a5299e-c8f3-4a91-89fa-b158398ebccb/1; https://files-api.properstar.com/api/v2/files/f0111cc1-661c-454d-a5ee-bf9fe35a04a2/1; https://files-api.properstar.com/api/v2/files/6595bfb9-a744-4257-8895-756df1563e2d/1; https://files-api.properstar.com/api/v2/files/5170c018-dfa9-44f4-8aff-8f7412b45df5/1; https://files-api.properstar.com/api/v2/files/d499d4b2-75aa-4072-9b0e-1f2f8b596f4a/1
117902066,"Apartment for rent in Hojazen, Los Cabos, Baja California Sur",https://www.properstar.co.uk/listing/117902066,GBP 780,"hojazen, 10, Hojazen, Los Cabos, Mexico",22.898143,-109.949837,3,2,107.6391,Apartment,paola pliego,2026-07-05T22:15:32.5,https://files-api.properstar.com/api/v2/files/e91907a2-be6f-4114-821d-b25843ac6c0b/1; https://files-api.properstar.com/api/v2/files/01eb182e-11c0-4a4e-b3a9-747a9b0e12c6/1; https://files-api.properstar.com/api/v2/files/6f1c711f-45f9-4a60-8290-977cc35fb16b/1; https://files-api.properstar.com/api/v2/files/f5de9983-b2ac-4fb3-aca0-7647f7aec573/1; https://files-api.properstar.com/api/v2/files/4c7b862a-966b-49fe-8e04-605a40b1a0e7/1; https://files-api.properstar.com/api/v2/files/2e689958-85e2-499f-a617-1e8c80ea86b8/1; https://files-api.properstar.com/api/v2/files/4a9e9f26-bead-4080-834f-221d9637ee02/1; https://files-api.properstar.com/api/v2/files/41c7a7b0-2e58-4166-b92f-d0ede5e09adb/1; https://files-api.properstar.com/api/v2/files/23498776-e7bc-400a-80c3-c263b3f2226a/1; https://files-api.properstar.com/api/v2/files/b1fe01ef-33b0-41e3-a08d-c0762a84fd65/1; https://files-api.properstar.com/api/v2/files/88249b68-1086-4b16-9211-a21dec726504/1; https://files-api.properstar.com/api/v2/files/8153f0b2-be09-4d31-a64e-7913494ea8b7/1; https://files-api.properstar.com/api/v2/files/25134a63-86bd-4e41-8a6a-7291935c0127/1
117902439,"Apartment for rent in Lienzo Charro Centro, Los Cabos, Baja California Sur",https://www.properstar.co.uk/listing/117902439,"GBP 1,192","centro, 232, Lienzo Charro Centro, Los Cabos, Mexico",22.883697,-109.918664,2,2,1076.39148,Apartment,paola pliego,2026-07-05T22:15:32.5,https://files-api.properstar.com/api/v2/files/a0050ce8-10b7-404f-bb4b-f887fe4ef9d2/1; https://files-api.properstar.com/api/v2/files/c01b34bc-1155-494a-a534-dc747e4cb17e/1; https://files-api.properstar.com/api/v2/files/074afeed-9328-4ec1-896d-fa4cd3528aa1/1; https://files-api.properstar.com/api/v2/files/963695ed-3ade-47ed-a068-a38997d53900/1; https://files-api.properstar.com/api/v2/files/d3a8cfc7-fb02-4971-a03a-720433649cb4/1; https://files-api.properstar.com/api/v2/files/cfc40d9d-93ff-4f8c-b9ca-7c1243fe9d34/1; https://files-api.properstar.com/api/v2/files/9e8d07de-eedb-4e05-86fe-951b414d71a5/1; https://files-api.properstar.com/api/v2/files/858e237b-5322-45d6-adcf-b4440e788bea/1; https://files-api.properstar.com/api/v2/files/1d49057f-8a13-4954-8ab3-f5cf13697758/1; https://files-api.properstar.com/api/v2/files/72856728-b721-4668-8179-c1177e590b97/1; https://files-api.properstar.com/api/v2/files/a8296e40-f23a-4dcb-a150-6d8e47365f0f/1
117902440,"House for rent in Arcos del Sol, Los Cabos, Baja California Sur",https://www.properstar.co.uk/listing/117902440,GBP 607,"arcos del sol , 121, Arcos del Sol, Los Cabos, Mexico",22.902452,-109.926985,2,1,1076.39148,House,paola pliego,2026-07-05T22:15:32.5,https://files-api.properstar.com/api/v2/files/a8cbcd34-6e6c-4c56-a55e-cffdeb579422/1; https://files-api.properstar.com/api/v2/files/6343f7f3-b236-4d80-9fdc-802303bb775d/1; https://files-api.properstar.com/api/v2/files/4ae3f985-58a6-4ab2-befb-e9bd35376200/1; https://files-api.properstar.com/api/v2/files/e75aa60f-c80e-47bb-b109-a05f0f4238c6/1; https://files-api.properstar.com/api/v2/files/bf37076d-df7f-4129-8e19-04bd7f9456d5/1; https://files-api.properstar.com/api/v2/files/568df7c4-09ee-42e9-94a6-f67ce73ebbcf/1; https://files-api.properstar.com/api/v2/files/c56ad465-725b-4ac2-bfde-8cfa6d75b3e0/1
117902826,"Apartment for rent in Terranova, Los Cabos, Baja California Sur",https://www.properstar.co.uk/listing/117902826,GBP 823,"terranova, 8, Terranova, Los Cabos, Mexico",22.90449,-109.937163,2,2,1076.39148,Apartment,paola pliego,2026-07-05T22:15:32.5,https://files-api.properstar.com/api/v2/files/81e6e4bb-204b-4e98-b1ef-f02882a4be45/1; https://files-api.properstar.com/api/v2/files/c31b4b8e-efec-4e7b-946c-c3a4d17db871/1; https://files-api.properstar.com/api/v2/files/01283d73-938c-4099-81a8-e6379528a61c/1; https://files-api.properstar.com/api/v2/files/dcab1066-f402-49c1-a035-47dddd950fdc/1; https://files-api.properstar.com/api/v2/files/a2cf6b8c-dc8d-4225-954b-e650c87a052d/1; https://files-api.properstar.com/api/v2/files/d21a3364-b4ac-4d53-add8-ecee2529b869/1; https://files-api.properstar.com/api/v2/files/5629c67f-cfa1-43c0-8b72-eefa1966c4ab/1; https://files-api.properstar.com/api/v2/files/81762f19-c77a-4fb0-bbb9-0103aaf924fc/1
117902839,"Apartment for rent in El Tezal, Los Cabos, Baja California Sur",https://www.properstar.co.uk/listing/117902839,"GBP 1,517","TEZAL, 112, El Tezal, Los Cabos, Mexico",22.905747,-109.928027,2,2,1076.39148,Apartment,paola pliego,2026-07-05T22:15:32.5,https://files-api.properstar.com/api/v2/files/6669c690-c644-482f-9564-96c24a2ce493/1; https://files-api.properstar.com/api/v2/files/3e4a1abe-b6b9-4cf8-a606-bbb90eed5714/1; https://files-api.properstar.com/api/v2/files/dcd71665-4c94-4523-9909-3fb598e50c90/1; https://files-api.properstar.com/api/v2/files/bb250ca6-2a5b-44b3-9431-6e9787f4b169/1; https://files-api.properstar.com/api/v2/files/1bff2cd9-31e2-449b-a6d0-a2f0b2b779f2/1; https://files-api.properstar.com/api/v2/files/dda86119-9aad-43fe-acc1-ad838188a1ef/1; https://files-api.properstar.com/api/v2/files/27b539ad-f407-4922-93dc-9b72912bd8a4/1; https://files-api.properstar.com/api/v2/files/711d9420-8f9b-4d9b-82f1-a796702f2e1f/1; https://files-api.properstar.com/api/v2/files/ddc12018-fa1b-4cd0-a851-d18e58ec4063/1; https://files-api.properstar.com/api/v2/files/a55bad08-6951-4167-8f91-cbae7890865d/1; https://files-api.properstar.com/api/v2/files/082ab3bc-6bd4-4e06-b79e-6f760c6f66e8/1; https://files-api.properstar.com/api/v2/files/85d2e4f9-db66-4ff3-b935-50d9c11a6e48/1; https://files-api.properstar.com/api/v2/files/f40e3852-d340-4a5e-9837-a200142563b1/1; https://files-api.properstar.com/api/v2/files/0d737abc-b760-4e5c-817b-6d06f865e63e/1
117902840,"Apartment for rent in El Tezal, Los Cabos, Baja California Sur",https://www.properstar.co.uk/listing/117902840,"GBP 1,820","tezal, 232, El Tezal, Los Cabos, Mexico",22.908963,-109.889442,3,3,2152.783,Apartment,paola pliego,2026-07-05T22:15:32.5,https://files-api.properstar.com/api/v2/files/500226cf-f35e-4149-a61c-700ca6810b8a/1; https://files-api.properstar.com/api/v2/files/7a38769f-6373-4541-b3f6-0ec83c65f10c/1; https://files-api.properstar.com/api/v2/files/fbb6b66b-9d18-4f1f-8a7c-42dcf40a8ef8/1; https://files-api.properstar.com/api/v2/files/d9997717-76fc-4c7b-9c73-fccffd7fc2ce/1; https://files-api.properstar.com/api/v2/files/635c37dd-e1bb-45d6-ae2e-022b6294ebe5/1; https://files-api.properstar.com/api/v2/files/38f3db97-9940-425b-86ea-2d654f8066c0/1; https://files-api.properstar.com/api/v2/files/74f4369b-e731-428d-b163-9f035da7a79d/1
117903353,"House for rent in Cabo San Lucas Centro, Los Cabos, Baja California Sur",https://www.properstar.co.uk/listing/117903353,"GBP 1,647","LIENZO CHARRO, 10, Cabo San Lucas Centro, Los Cabos, Mexico",22.882606,-109.912471,3,2,1076.39148,House,paola pliego,2026-07-05T22:15:32.5,https://files-api.properstar.com/api/v2/files/595ef468-dd41-4b3f-9542-bb387981b9b6/1; https://files-api.properstar.com/api/v2/files/0e229f39-7133-40d8-8f22-cb5bb30118c8/1; https://files-api.properstar.com/api/v2/files/4f277389-2a21-4a50-aece-3ea6bf1d2587/1; https://files-api.properstar.com/api/v2/files/82167aea-caf6-4314-b812-5014e5411b57/1; https://files-api.properstar.com/api/v2/files/852fe17e-4ae5-4ba2-9835-e3164b36e8f6/1; https://files-api.properstar.com/api/v2/files/54f73eee-852d-462b-bc79-73e0d6d6831e/1; https://files-api.properstar.com/api/v2/files/7b72d5e5-d89e-4596-add8-89d8518cb235/1; https://files-api.properstar.com/api/v2/files/96cc2a39-27da-4718-9972-d100bb418125/1; https://files-api.properstar.com/api/v2/files/7eba4bdb-176a-49b8-98c9-4e583336b472/1
117904059,"House for rent in El Tezal, Los Cabos, Baja California Sur",https://www.properstar.co.uk/listing/117904059,"GBP 1,517","privanzas, 10, El Tezal, Los Cabos, Mexico",22.914685,-109.881628,3,3,1076.39148,House,paola pliego,2026-07-05T22:15:32.5,https://files-api.properstar.com/api/v2/files/66b9bd52-63c1-45ea-bc7f-1d58526dee3c/1; https://files-api.properstar.com/api/v2/files/793ae312-14f2-4fbc-baeb-61889f2c0bee/1; https://files-api.properstar.com/api/v2/files/b9ea57c8-cbf3-4b5a-8e62-ab3a710bc11a/1; https://files-api.properstar.com/api/v2/files/14326bc1-7307-4196-85ed-968f4c812e87/1; https://files-api.properstar.com/api/v2/files/d9753bb0-59f9-437b-adb5-dc44d4451ee2/1; https://files-api.properstar.com/api/v2/files/f7b2e9bf-3476-4da3-9857-c41942dcd2c8/1; https://files-api.properstar.com/api/v2/files/089ad9dc-f835-4b83-a41f-6f2b83bf339e/1; https://files-api.properstar.com/api/v2/files/e47bad7a-bf27-4eec-a942-d77bffc73af6/1; https://files-api.properstar.com/api/v2/files/2af9d53c-bcb8-4381-bf6c-76a50fb1fb9e/1
117904060,"Apartment for rent in El Tezal, Los Cabos, Baja California Sur",https://www.properstar.co.uk/listing/117904060,"GBP 1,083","TEZAL, 11, El Tezal, Los Cabos, Mexico",22.906497,-109.928044,2,2,1076.39148,Apartment,paola pliego,2026-07-05T22:15:32.5,https://files-api.properstar.com/api/v2/files/45d4fc44-ef6f-4228-af51-342ddc73593a/1; https://files-api.properstar.com/api/v2/files/7791d663-8b55-4ca9-be5a-3a5cf8cfb6df/1; https://files-api.properstar.com/api/v2/files/34fad170-1ab0-49c2-bec7-39cff6da8c4d/1; https://files-api.properstar.com/api/v2/files/a36c6753-e4a5-4d9b-bdd9-caef95ea74fb/1; https://files-api.properstar.com/api/v2/files/5a25d5bd-85c0-496b-8ac0-6df3c98902ed/1; https://files-api.properstar.com/api/v2/files/ae5ab107-bbf4-49a7-9f81-f407abc634b1/1; https://files-api.properstar.com/api/v2/files/9a218fde-4165-405b-a59b-ed5942fc4cb6/1
117904486,"Apartment for rent in Lienzo Charro Centro, Los Cabos, Baja California Sur",https://www.properstar.co.uk/listing/117904486,"GBP 1,257","LUNATERRA, 23, Lienzo Charro Centro, Los Cabos, Mexico",22.884043,-109.917897,2,2,1506.94812,Apartment,paola pliego,2026-07-05T22:15:32.5,https://files-api.properstar.com/api/v2/files/a83e53af-30cc-4683-9739-8fd7413f52ed/1; https://files-api.properstar.com/api/v2/files/f2b5a3ff-2e00-4c3d-b229-c7b45bf291d9/1; https://files-api.properstar.com/api/v2/files/db73d3a2-7a44-4f1c-b8b5-33a67ead9f55/1; https://files-api.properstar.com/api/v2/files/79e41976-c862-418b-880d-41d2bc4062e2/1; https://files-api.properstar.com/api/v2/files/3ce89d4a-ae30-4c66-9eeb-2450cef3899c/1; https://files-api.properstar.com/api/v2/files/3869203b-82ae-43b9-8192-16eb1379fb81/1; https://files-api.properstar.com/api/v2/files/42c5146c-2fa7-4b42-baeb-5e4170f31ed0/1; https://files-api.properstar.com/api/v2/files/29e80a1d-56b8-4535-bf36-783fce25d22c/1; https://files-api.properstar.com/api/v2/files/ec6d2fa1-6abb-4200-85b8-8d7bd5df30ca/1; https://files-api.properstar.com/api/v2/files/e706aece-ef4c-4ce5-89b7-33cf7b298645/1; https://files-api.properstar.com/api/v2/files/26cccbad-8d26-4993-83fb-46dc2754cf92/1; https://files-api.properstar.com/api/v2/files/d65cf276-de2f-4014-8815-ba8235e4d073/1
117904499,"House for rent in El Tezal, Los Cabos, Baja California Sur",https://www.properstar.co.uk/listing/117904499,"GBP 1,950","tezal, 123, El Tezal, Los Cabos, Mexico",22.905762,-109.928025,3,2,1076.39148,House,paola pliego,2026-07-05T22:15:32.5,https://files-api.properstar.com/api/v2/files/4c6adc96-8a18-4d7f-84d4-69f45e168b35/1; https://files-api.properstar.com/api/v2/files/94b74839-549d-408b-a444-cd71218da313/1; https://files-api.properstar.com/api/v2/files/fe7c7d64-f306-4440-ab6d-9cfa5b069dbb/1; https://files-api.properstar.com/api/v2/files/dcf904cb-7ae0-4850-bd0f-4f36986b60b2/1; https://files-api.properstar.com/api/v2/files/3b1f9ba1-0ae2-417b-be06-2e0a370b134e/1; https://files-api.properstar.com/api/v2/files/ccc1bae4-d601-4f93-9f2e-b7ffd50e443d/1; https://files-api.properstar.com/api/v2/files/460d2ba7-5f1e-44cb-b58f-8f4f429012fd/1; https://files-api.properstar.com/api/v2/files/045101cd-f792-4fc5-944b-6982b3e44731/1; https://files-api.properstar.com/api/v2/files/80e0e34b-7771-4edd-a86d-37c311b87cf4/1
117904509,"Apartment for rent in Lienzo Charro Centro, Los Cabos, Baja California Sur",https://www.properstar.co.uk/listing/117904509,"GBP 1,192","lienzo charro, 232, Lienzo Charro Centro, Los Cabos, Mexico",22.884043,-109.917897,2,2,1076.39148,Apartment,paola pliego,2026-07-05T22:15:32.5,https://files-api.properstar.com/api/v2/files/1c5ac766-cd26-4486-a5a5-f3f7cd91572c/1; https://files-api.properstar.com/api/v2/files/caa78e52-70da-42ba-897e-48ef7204009b/1; https://files-api.properstar.com/api/v2/files/5af38280-8989-4131-959b-528e6cba6887/1; https://files-api.properstar.com/api/v2/files/c20aa708-2404-421b-9982-8467fd98183e/1; https://files-api.properstar.com/api/v2/files/71a8ee1f-87c9-41ce-97c9-5c949e13cce7/1; https://files-api.properstar.com/api/v2/files/34811bb8-dd91-40e9-b6e8-b0024055bb70/1; https://files-api.properstar.com/api/v2/files/157da0a6-1d36-4e64-8714-c40b97f3bd22/1; https://files-api.properstar.com/api/v2/files/052258e3-916a-4eed-b977-6fa327bcf132/1; https://files-api.properstar.com/api/v2/files/cb84508d-ab56-463a-8789-c31e6890bddc/1; https://files-api.properstar.com/api/v2/files/22a09c71-c302-42fa-9bcb-99331fa80a69/1
117904510,"Apartment for rent in El Tezal, Los Cabos, Baja California Sur",https://www.properstar.co.uk/listing/117904510,"GBP 1,733","TEZAL, 10, El Tezal, Los Cabos, Mexico",22.906439,-109.92805,2,2,1076.39148,Apartment,paola pliego,2026-07-05T22:15:32.5,https://files-api.properstar.com/api/v2/files/07e8acd1-88a2-4231-ac37-0549c08091ca/1; https://files-api.properstar.com/api/v2/files/01f06dc4-4542-432f-adcd-aeb3a3e94e0f/1; https://files-api.properstar.com/api/v2/files/ffe5c2cd-4064-4d96-9f4c-f7cfe06de182/1; https://files-api.properstar.com/api/v2/files/d9483e19-d321-48fe-9055-dae2165765ba/1; https://files-api.properstar.com/api/v2/files/52a82675-4937-433e-ac5d-97c9d6f0f2f6/1; https://files-api.properstar.com/api/v2/files/6c79488d-a3be-4c32-b9d7-d095c48f4822/1; https://files-api.properstar.com/api/v2/files/c51c5002-60c7-4624-89e9-074b4763239d/1; https://files-api.properstar.com/api/v2/files/0c736a0b-46fd-41b6-9a69-d5984420da92/1; https://files-api.properstar.com/api/v2/files/3f479a52-fd99-4c0b-911b-baa92f228fe2/1; https://files-api.properstar.com/api/v2/files/7179c4f2-2803-42fa-901b-d060f0a1d245/1; https://files-api.properstar.com/api/v2/files/6329ab31-6458-452e-9c9b-aaff2cc7d36a/1; https://files-api.properstar.com/api/v2/files/5041654b-53ff-4e54-ab06-660ae281bc48/1; https://files-api.properstar.com/api/v2/files/f23e3cc5-d310-4d70-bff4-7f9fd47a6566/1; https://files-api.properstar.com/api/v2/files/d1002fa8-1ab4-4c14-8b62-9baf0e5a8627/1
117900189,"Apartment for rent in Lienzo Charro Centro, Los Cabos, Baja California Sur",https://www.properstar.co.uk/listing/117900189,GBP 780,"VIA DE LERRY, 10, Lienzo Charro Centro, Los Cabos, Mexico",22.885096,-109.929278,2,1,1313.19763,Apartment,paola pliego,2026-07-05T22:15:32.5,https://files-api.properstar.com/api/v2/files/f7faea61-a7af-4859-a8e0-6f2b7dd50fdf/1; https://files-api.properstar.com/api/v2/files/66309319-97d9-41dc-b1b9-93e19c58cb4c/1; https://files-api.properstar.com/api/v2/files/bfb9bbdb-29ea-42f7-8b48-8f877a807e4a/1; https://files-api.properstar.com/api/v2/files/d3580a68-5944-4c56-a04c-dfd9c32af321/1; https://files-api.properstar.com/api/v2/files/701ac0d7-0f2d-4426-bc11-4bde1dca8b47/1; https://files-api.properstar.com/api/v2/files/b9fea208-f207-42f1-9d6b-b3cf6f116fe6/1; https://files-api.properstar.com/api/v2/files/7cac022b-0e57-4743-87c8-d81425702293/1
117900536,"House for rent in El Tezal, Los Cabos, Baja California Sur",https://www.properstar.co.uk/listing/117900536,"GBP 1,733","tezal, 323, El Tezal, Los Cabos, Mexico",22.906852,-109.928006,3,2,1076.39148,House,paola pliego,2026-07-05T22:15:32.5,https://files-api.properstar.com/api/v2/files/9a1de6c9-498b-4d51-91a2-a0c7e811bd54/1; https://files-api.properstar.com/api/v2/files/950aa8a3-2b0c-494d-acf5-4ee475d636ca/1; https://files-api.properstar.com/api/v2/files/5821224a-1e13-4997-9b50-b2610078353a/1; https://files-api.properstar.com/api/v2/files/aa36a383-7908-4559-9c74-43d939e38b8d/1; https://files-api.properstar.com/api/v2/files/ed7f05ad-e5a2-4c0a-bd51-f973bad2c940/1; https://files-api.properstar.com/api/v2/files/7ce1c32c-ed68-4c39-8ccf-22475f94f01c/1; https://files-api.properstar.com/api/v2/files/65f15dd4-7d54-4bcf-b7ba-46c8f7647f1a/1; https://files-api.properstar.com/api/v2/files/70b5bf2b-269a-48b7-8fd4-90fb6b61c7e2/1; https://files-api.properstar.com/api/v2/files/776dce64-dac6-4e6c-b2b7-d3de2a16cca0/1; https://files-api.properstar.com/api/v2/files/7bf9e8e0-9498-4926-b0f4-23550942d1fb/1; https://files-api.properstar.com/api/v2/files/19232d16-43dd-477b-a1db-df7295021014/1; https://files-api.properstar.com/api/v2/files/2a5c20e9-5f26-424d-a59d-0f1c567c4160/1; https://files-api.properstar.com/api/v2/files/05804cd4-7df5-4ea5-b0c5-ad23745c403f/1; https://files-api.properstar.com/api/v2/files/9ef4d490-7a53-4f89-9a89-3fdb2c518d5d/1; https://files-api.properstar.com/api/v2/files/d8c67d90-61b4-4023-a61f-d14a504241c7/1
117901193,"Apartment for rent in Cabo San Lucas Centro, Los Cabos, Baja California Sur",https://www.properstar.co.uk/listing/117901193,"GBP 1,192","lienzo charro0, 21, Cabo San Lucas Centro, Los Cabos, Mexico",22.882606,-109.912471,2,1,1076.39148,Apartment,paola pliego,2026-07-05T22:15:32.5,https://files-api.properstar.com/api/v2/files/4ad37fab-d751-4a6a-899b-3baf21fda511/1; https://files-api.properstar.com/api/v2/files/0c4cd3b7-0d6d-4df1-9a3c-e13878739e0a/1; https://files-api.properstar.com/api/v2/files/518e05a1-afa5-496c-8277-c6f63e1585df/1; https://files-api.properstar.com/api/v2/files/fb098db6-baa0-4ae7-9683-a97bd4ee440e/1; https://files-api.properstar.com/api/v2/files/22ac74fc-8327-4c67-858c-b9baa47ff560/1; https://files-api.properstar.com/api/v2/files/4a111685-bd60-4335-8b10-c2f1417fde03/1; https://files-api.properstar.com/api/v2/files/1162fb3a-9a08-426c-a110-d87b9158e8ca/1; https://files-api.properstar.com/api/v2/files/d883799f-aa1c-475e-8d65-a3c09c33a80d/1; https://files-api.properstar.com/api/v2/files/e6487db8-e5c8-4437-86a7-68790a3f31e6/1
117901203,"House for rent in Altos de Miramar, Los Cabos, Baja California Sur",https://www.properstar.co.uk/listing/117901203,"GBP 1,517","miramar, 23, Altos de Miramar, Los Cabos, Mexico",22.903211,-109.929168,4,4,2152.783,House,paola pliego,2026-07-05T22:15:32.5,https://files-api.properstar.com/api/v2/files/3e4333af-d245-4492-aee8-fa6e0c98e2d2/1; https://files-api.properstar.com/api/v2/files/7b5e8a71-aeaf-4a2e-a78e-286fb32790d1/1; https://files-api.properstar.com/api/v2/files/7e140cb4-6d85-47ce-bb1d-b59d44e15e49/1; https://files-api.properstar.com/api/v2/files/10cd34aa-821f-4d51-b13c-fc945941cdff/1; https://files-api.properstar.com/api/v2/files/dcb94522-8429-4046-b058-443ae3c93335/1; https://files-api.properstar.com/api/v2/files/a5f304ce-4f68-4529-86bf-d514c521f61c/1; https://files-api.properstar.com/api/v2/files/c46d70f3-04ad-4549-8ec7-b338906150e9/1; https://files-api.properstar.com/api/v2/files/9d774e14-ec42-4756-beb9-dc51c6f34fe6/1
117901216,"Apartment for rent in Lienzo Charro Centro, Los Cabos, Baja California Sur",https://www.properstar.co.uk/listing/117901216,"GBP 1,192","sunset, 232, Lienzo Charro Centro, Los Cabos, Mexico",22.883697,-109.918664,2,2,1076.39148,Apartment,paola pliego,2026-07-05T22:15:32.5,https://files-api.properstar.com/api/v2/files/12c2ac86-7e9c-4223-8b4b-295a56169ee2/1; https://files-api.properstar.com/api/v2/files/e45544c9-b0c1-40e2-b6a5-ae8fea5964a6/1; https://files-api.properstar.com/api/v2/files/6655ada1-10ed-4dc6-9317-dca20f2e2111/1; https://files-api.properstar.com/api/v2/files/ebe88a94-8e62-4df0-919d-6572ae6f8e77/1; https://files-api.properstar.com/api/v2/files/a957be21-b262-4cbf-be9c-dc528115bdc4/1
99377428,La Terraza 372 | Los Cabos,https://www.properstar.co.uk/listing/99377428,"GBP 2,566","Los Cabos, Mexico",22.882606,-109.912471,4,5,5984.737,House,The Agency | Beverly Hills,2024-07-21T13:50:54.653,https://files-api.properstar.com/api/v2/files/4b3bb92e-f07d-4a26-a172-33212c8d387b/1; https://files-api.properstar.com/api/v2/files/177ed6ce-a295-46c0-af29-fd6bbd8a46d2/1; https://files-api.properstar.com/api/v2/files/c703f541-1f1e-4eb3-8f4d-626afe79ca30/1; https://files-api.properstar.com/api/v2/files/911cd6e7-2854-4521-89fd-6ee4d508c7c9/1; https://files-api.properstar.com/api/v2/files/d179cb8c-2a1f-4c6f-a4fd-1b779cb1955d/1; https://files-api.properstar.com/api/v2/files/512c2a43-0338-41c9-bea2-031284af3755/1; https://files-api.properstar.com/api/v2/files/07f192cc-743c-4a38-92fb-2e9375957a04/1; https://files-api.properstar.com/api/v2/files/85cc21eb-435c-4ccf-8eba-0c2fa61d4de0/1; https://files-api.properstar.com/api/v2/files/ed520e6e-1329-4052-b38d-ad77d9259f54/1; https://files-api.properstar.com/api/v2/files/e6a0f6de-f8ae-466f-96dc-1db628862625/1; https://files-api.properstar.com/api/v2/files/cb3bff42-f816-4097-a576-a159f6c60da4/1; https://files-api.properstar.com/api/v2/files/ab64c7b2-5427-40ad-9381-fc996c180949/1; https://files-api.properstar.com/api/v2/files/b0b3b4d8-889a-406a-b384-206f3ca55d56/1; https://files-api.properstar.com/api/v2/files/05dc070d-df03-478a-9f4d-9546790b3d66/1; https://files-api.properstar.com/api/v2/files/e4612035-6ec3-469f-8f31-249faae06c85/1; https://files-api.properstar.com/api/v2/files/a64587d0-ac23-402e-a14b-0024bafe4d87/1; https://files-api.properstar.com/api/v2/files/9d99e8ba-6f16-4aee-b1ee-88368ab0304e/1; https://files-api.properstar.com/api/v2/files/89c50c1a-5dd4-4a50-985a-14ecbdbecf80/1; https://files-api.properstar.com/api/v2/files/8661bdf2-541d-4e8a-8593-a97f42d54340/1; https://files-api.properstar.com/api/v2/files/9ab851c1-d263-4da8-a8ee-7238c60745ee/1; https://files-api.properstar.com/api/v2/files/8be07ff3-f0ee-47fd-841d-02544cd26e9d/1; https://files-api.properstar.com/api/v2/files/a43e5213-963b-4a5c-b7df-08a2fd38fb99/1
99259667,Seaside La Casita,https://www.properstar.co.uk/listing/99259667,"GBP 3,299","Los Cabos, Mexico",22.882606,-109.912471,5,5,9988.913,House,The Agency | Beverly Hills,2024-07-17T13:06:03.28,https://files-api.properstar.com/api/v2/files/1ca7c354-9003-4b2f-9911-81005a5f98d0/1; https://files-api.properstar.com/api/v2/files/7cbe2295-e7b0-4c78-8a74-807193bd92b5/2
118056770,Furnished 3 Bedroom Residence in Marea Los Cabos,https://www.properstar.co.uk/listing/118056770,"GBP 1,686","Sn, Cabo San Lucas, Mexico",22.882606,-109.912471,3,3,,Apartment,Century 21  Legendary Realty,2026-06-23T03:26:28.703,https://files-api.properstar.com/api/v2/files/a269e3fd-eeb2-40b9-9d35-d14b46974827/1; https://files-api.properstar.com/api/v2/files/9c49d5af-298e-4cbf-bff4-2f46b44d206b/1; https://files-api.properstar.com/api/v2/files/7ba86f3b-4381-4b31-aa91-f3bea962b614/1; https://files-api.properstar.com/api/v2/files/2e9f3b5b-69c5-4ff8-a342-75ea4367934d/1; https://files-api.properstar.com/api/v2/files/8fdf1090-7ee5-4d25-82e0-1d4f3e643981/1; https://files-api.properstar.com/api/v2/files/10f60028-7c15-43f8-85e0-9cb83ccf6ab0/1; https://files-api.properstar.com/api/v2/files/93c8e3ad-46a8-4acf-963c-cf2e0022eacd/1; https://files-api.properstar.com/api/v2/files/a9ec7bc6-9a4d-474a-9889-2c12f0d2bce8/1; https://files-api.properstar.com/api/v2/files/13f3aa78-9d4e-40a5-9d7b-ecfd096ced7c/1; https://files-api.properstar.com/api/v2/files/281a9985-51d9-43f4-9dc6-3749f9c3ee2f/1; https://files-api.properstar.com/api/v2/files/b43f50c5-3d29-4af3-96d3-fdee03a8d60e/1; https://files-api.properstar.com/api/v2/files/7e9d0ccd-a0b9-41fa-bf9e-4f379c0a1929/1; https://files-api.properstar.com/api/v2/files/b980e9b9-23b5-429c-b8fd-cde1d8c55040/1; https://files-api.properstar.com/api/v2/files/30d11704-8c08-4473-ad2a-d97ded073309/1; https://files-api.properstar.com/api/v2/files/783077a4-369b-4528-b0dd-17b2aec4fbf5/1
118056819,"Apartment for rent in Vista Vela, Cabo San Lucas, Baja California Sur, Mexico",https://www.properstar.co.uk/listing/118056819,"GBP 1,733","Sn, Cabo San Lucas, Mexico",22.923205,-109.87793,3,3,,Apartment,Century 21  Legendary Realty,2026-06-23T03:26:28.703,https://files-api.properstar.com/api/v2/files/4b39853a-7e0e-43a3-849f-bc72e1eba874/1; https://files-api.properstar.com/api/v2/files/5a891fef-be54-4715-a08e-1500a6e9289a/1; https://files-api.properstar.com/api/v2/files/7cb9ca47-f467-40d9-9944-4e1ffeef29ce/1; https://files-api.properstar.com/api/v2/files/f3a0b913-f06b-4f7b-867f-388116d063b7/1; https://files-api.properstar.com/api/v2/files/68ac7c01-0bdc-4202-8309-b4ef092dbce2/1; https://files-api.properstar.com/api/v2/files/3d093842-7de4-4e35-b66d-eb304f4e64eb/1; https://files-api.properstar.com/api/v2/files/4ae05a85-1adf-4c10-8194-e839b4c1fcc3/1; https://files-api.properstar.com/api/v2/files/955310ac-1ee6-4322-81e5-062e50d6da44/1; https://files-api.properstar.com/api/v2/files/90f223f4-e766-45db-a23d-576111649c79/1; https://files-api.properstar.com/api/v2/files/f1b99abd-5abf-4df8-85bf-caa2176c1d9e/1; https://files-api.properstar.com/api/v2/files/8a78b36f-de09-47ed-ba8a-b159aa512880/1; https://files-api.properstar.com/api/v2/files/22990242-bcb2-4752-92f6-0765e4c14339/1; https://files-api.properstar.com/api/v2/files/f4bca7f7-d70c-4543-b8bb-ad18fa552e57/1; https://files-api.properstar.com/api/v2/files/5a406ca2-a03b-4f84-b764-754967490f4b/1; https://files-api.properstar.com/api/v2/files/057c42ff-b599-43e1-b8f8-df4225fd9c9b/1
118056766,"Furnished 2 Bedroom Apartment for Rent in Torre Serena, Sunset Cabo San",https://www.properstar.co.uk/listing/118056766,GBP 867,"Sn, Los Cabos, Mexico",22.894813,-109.915215,2,2,,Apartment,Century 21  Legendary Realty,2026-06-23T03:26:28.703,https://files-api.properstar.com/api/v2/files/c1df6e2f-3b91-4360-981a-75b540430ec3/1; https://files-api.properstar.com/api/v2/files/d4e6a441-d8c6-4c15-8156-9c0525de2bf3/1; https://files-api.properstar.com/api/v2/files/ba3255b0-680f-42ee-b793-224b36465dea/1; https://files-api.properstar.com/api/v2/files/e8ef6c9e-ba17-442a-a6e5-04bfa30a55ea/1; https://files-api.properstar.com/api/v2/files/c735e628-09c8-47c8-b9bd-268b3b914451/1; https://files-api.properstar.com/api/v2/files/8a7d4147-c091-46eb-9200-67df493bc93d/1; https://files-api.properstar.com/api/v2/files/ce2756ab-3585-418f-8ab7-3b7aa0e2a909/1; https://files-api.properstar.com/api/v2/files/b61d32a7-6fff-4ade-9a66-63565fc0349a/1; https://files-api.properstar.com/api/v2/files/252c84eb-f4ab-4657-901f-4277b3dedc80/1
117627654, New Home for Rent in El Tezal Los Cabos | 4 Bedrooms & 24/7 Security ,https://www.properstar.co.uk/listing/117627654,"GBP 1,517"," El Tezal ,  Baja California Sur ,  Los Cabos , Mexico",22.904167,-109.891667,,3,2583.3396,House, Casa Key ,2026-06-15T19:18:38.11,https://files-api.properstar.com/api/v2/files/3d0a686c-ec59-48cb-aa7c-b96215e12eb7/1; https://files-api.properstar.com/api/v2/files/ff000900-2c99-4f80-9103-45ea62c40324/1; https://files-api.properstar.com/api/v2/files/989ca7e2-f2ff-4742-b58d-4a201fe18e41/1; https://files-api.properstar.com/api/v2/files/4f988689-c31c-4cb4-885d-c0b974feffdf/1; https://files-api.properstar.com/api/v2/files/f3600260-038e-4b68-b64b-73990a64121d/1; https://files-api.properstar.com/api/v2/files/5a70e3cc-134e-4599-ab5b-a708fa263ff9/1; https://files-api.properstar.com/api/v2/files/c12efbe2-8686-4881-9f5c-51691202b4ac/1; https://files-api.properstar.com/api/v2/files/c1b5eae1-2705-4b7e-bb60-7b7ccc558c38/1; https://files-api.properstar.com/api/v2/files/318cd854-6241-48c1-a57a-684d7d42f5a4/1; https://files-api.properstar.com/api/v2/files/0412a8d8-700e-431b-a2d1-0f44720059a3/1; https://files-api.properstar.com/api/v2/files/d3011239-e447-478c-9c91-955f8a0eecc1/1; https://files-api.properstar.com/api/v2/files/b7a8da7e-b876-4874-9e8d-96ac1399e85b/1; https://files-api.properstar.com/api/v2/files/f456a8dd-e457-41c3-b575-6a1edb52965e/1
117482399,STUDIO CENTER,https://www.properstar.co.uk/listing/117482399,GBP 693,"DELFIN MZA. 2 LOTE 2 FRACCION A, San Jose Del Cabo, Mexico",23.065297,-109.668395,1,1,,Apartment,CABO REAL ESTATE ADVISOR,2026-06-11T03:26:12.3,https://files-api.properstar.com/api/v2/files/4d2cf4e2-e9e5-49d4-aed1-ec49de42a397/1; https://files-api.properstar.com/api/v2/files/03a07bcd-cb58-4efe-b5a1-cd5fb1ef0b4d/1; https://files-api.properstar.com/api/v2/files/bfc88861-7e5b-4417-96c6-9c1b2f28cb08/1; https://files-api.properstar.com/api/v2/files/b01d7777-a558-4898-9444-663fda32366a/1; https://files-api.properstar.com/api/v2/files/dfdb2932-545b-4a1f-a914-4465632db473/1
117181611,"Apartment for rent in Residencial Cuatro Vientos in El Tezal, Cabo San Lucas.",https://www.properstar.co.uk/listing/117181611,"GBP 1,603","Avenida Cotero, Los Cabos, Mexico",22.904871,-109.877296,2,2,,Apartment,Cabo Property Services,2026-06-02T03:10:35.72,https://files-api.properstar.com/api/v2/files/72c105ab-5fd2-4d27-872a-7b04bc872f51/1; https://files-api.properstar.com/api/v2/files/bec8a151-a885-4d32-9a43-1ddb45c7dac7/1; https://files-api.properstar.com/api/v2/files/ea699efc-887c-4106-8ac6-f57238611501/1; https://files-api.properstar.com/api/v2/files/9ae10eff-3a76-41b9-bf6b-613a1bbd0aec/1; https://files-api.properstar.com/api/v2/files/24185f62-abd1-48b0-9c6c-261bad66ea9b/1; https://files-api.properstar.com/api/v2/files/521be6d1-6bd7-442c-bd73-7936fe638de4/1; https://files-api.properstar.com/api/v2/files/b8182e73-5cb9-4089-ba71-ed61743ba317/1; https://files-api.properstar.com/api/v2/files/0996972a-5b3e-4f12-9625-d36419d48c89/1; https://files-api.properstar.com/api/v2/files/7189a6d1-b154-4845-a9f4-526914fcaf6b/1; https://files-api.properstar.com/api/v2/files/2abaf08e-3fdf-4e4b-8c1a-09365a614a7b/1; https://files-api.properstar.com/api/v2/files/770fa8ba-0881-4d58-a075-918a8e72744c/1; https://files-api.properstar.com/api/v2/files/e13943ce-412b-4751-beda-facbfb4f802a/1; https://files-api.properstar.com/api/v2/files/69193b9b-1d04-4b7d-9c26-6ab42cfc6787/1; https://files-api.properstar.com/api/v2/files/73ec420f-2eda-4e40-8fda-8b288ba92992/1; https://files-api.properstar.com/api/v2/files/12a82e91-eb08-48d8-8c86-ef0d2f9aaf91/1
117349389,?? Live or vacation at the exclusive Country Golf Club – Cora Los Cabos ??????,https://www.properstar.co.uk/listing/117349389,"GBP 2,600","LIB. AL AEROPUETO KM 119, San Jose Del Cabo, Mexico",23.041642,-109.713547,3,3,,Apartment,Cabo Property Services,2026-06-06T03:26:11.26,https://files-api.properstar.com/api/v2/files/9df85504-308d-4dbb-9714-7eebfe55b902/1; https://files-api.properstar.com/api/v2/files/9ab81948-a3e1-4d95-a55d-7f25d605e897/1; https://files-api.properstar.com/api/v2/files/6f4d8443-3fbc-464c-989f-79c64ba8d42d/1; https://files-api.properstar.com/api/v2/files/7b727a1e-ab8a-4659-8b2b-efe20620c1d4/1; https://files-api.properstar.com/api/v2/files/7757aef3-56bc-4784-bd02-b4be1bd6dd65/1; https://files-api.properstar.com/api/v2/files/6845b28c-9f6a-433b-b0c2-a1fe14639622/1; https://files-api.properstar.com/api/v2/files/a8aada4e-a6a7-48ce-b96f-2c31df0fd222/1; https://files-api.properstar.com/api/v2/files/7a695210-c537-4fa4-a7ac-5e1b8aa1bb69/1; https://files-api.properstar.com/api/v2/files/b8acb9d7-2e5d-43f9-9fdc-390f0cfdb2cb/1; https://files-api.properstar.com/api/v2/files/0164da5c-6688-4fd4-aa45-9b882d955eee/1; https://files-api.properstar.com/api/v2/files/2e53db5c-de1e-4a55-a88f-e381a957d10f/1; https://files-api.properstar.com/api/v2/files/8d7c1c82-7581-48b3-936d-4cda171e98ca/1; https://files-api.properstar.com/api/v2/files/525e4f23-c50a-402e-833b-0d3f67739dd4/1; https://files-api.properstar.com/api/v2/files/44a69ccc-0154-49c4-b556-cf45b785d35b/1; https://files-api.properstar.com/api/v2/files/a35c7478-30e6-4b11-8ecb-9f921c37dc9a/1; https://files-api.properstar.com/api/v2/files/fbe9b366-4dcf-4d15-9ee3-3797000f8ab3/1; https://files-api.properstar.com/api/v2/files/b94b9e4d-9283-41b3-a1f6-7a9edd394e9e/1; https://files-api.properstar.com/api/v2/files/fbd1f0f6-8e07-495e-89bb-1b39b89a51ff/1; https://files-api.properstar.com/api/v2/files/3b72fd5d-e01a-46b7-b00c-b6005ddc9857/1; https://files-api.properstar.com/api/v2/files/dd5717bb-dc90-4bcd-98a0-92dbf3d706a3/1; https://files-api.properstar.com/api/v2/files/41f1b0e2-d516-4c8b-9155-3917ac2a54bc/1; https://files-api.properstar.com/api/v2/files/de6f9fb9-22f0-4c85-a58a-20b164ce0839/1; https://files-api.properstar.com/api/v2/files/efcfb1cc-dad8-4147-be60-183d5ffe19a0/1; https://files-api.properstar.com/api/v2/files/c39b5f83-c3b4-495a-8590-e8404758d0d1/1; https://files-api.properstar.com/api/v2/files/395266f3-909e-4a38-b04e-c06e163bcb1e/1
111202583,Unfurnished 3 bedroom house,https://www.properstar.co.uk/listing/111202583,"GBP 1,733","Tortutgas 3, Cabo San Lucas, Mexico",22.918967,-109.879647,3,2,,House,Cabo Property Services,2025-10-28T03:01:42.263,https://files-api.properstar.com/api/v2/files/acbadcb9-4f5b-40d8-b54c-6160c9c2a7ce/1; https://files-api.properstar.com/api/v2/files/57280ca2-b1d2-4011-ae01-72ed4c0b6fa3/1; https://files-api.properstar.com/api/v2/files/e5b88439-818d-4514-831b-35f1570692c2/1; https://files-api.properstar.com/api/v2/files/b24ccb7b-d242-4b42-aaf7-a358be4a42db/1; https://files-api.properstar.com/api/v2/files/4fb9bbd4-5b86-4d79-8e21-c31eb4b04156/1; https://files-api.properstar.com/api/v2/files/0f35659d-ac92-4cc7-81e9-72c8847153de/1; https://files-api.properstar.com/api/v2/files/1e992c43-a9d8-4366-b323-d56e651cb364/1; https://files-api.properstar.com/api/v2/files/a0e8dd93-afc3-480c-871f-ef98751603e5/1; https://files-api.properstar.com/api/v2/files/b9dac228-de3c-4e63-a5d4-662e17da5add/1; https://files-api.properstar.com/api/v2/files/e16319de-f0e8-4cad-8185-acae631dd768/1; https://files-api.properstar.com/api/v2/files/011541aa-d4cc-4198-b4da-c9428490b59d/1; https://files-api.properstar.com/api/v2/files/c7c61ca8-381f-42e9-962a-70771c83b921/1; https://files-api.properstar.com/api/v2/files/2e24f348-a2ca-4190-801b-b07106f4e30a/1; https://files-api.properstar.com/api/v2/files/47d67148-7c36-4210-b24e-03e915189583/1; https://files-api.properstar.com/api/v2/files/1f561ec7-d373-4ebf-9ad5-73b83907bbcc/1; https://files-api.properstar.com/api/v2/files/e20ad2e0-811e-4d0d-a407-e8eff83fe6bd/1; https://files-api.properstar.com/api/v2/files/88fb4b88-cb0d-4885-9c5a-0ee23411aed8/1; https://files-api.properstar.com/api/v2/files/32d962be-e3bb-4e84-97fc-12916e27202b/1
116617870,Furnished 2 Bedroom Apartment in Amaterra Phase 1,https://www.properstar.co.uk/listing/116617870,"GBP 1,170","Camino viejo a san jose, Cabo San Lucas, Mexico",22.893596,-109.900429,2,2,,Apartment,Century 21  Legendary Realty,2026-05-13T03:03:46.31,https://files-api.properstar.com/api/v2/files/35b0cc61-9f55-4a01-8f5f-b4c3f316ba58/1; https://files-api.properstar.com/api/v2/files/e89df0ec-88f4-471d-bf5e-dffd61e1f762/1; https://files-api.properstar.com/api/v2/files/1d391ad0-cde4-4152-b847-aab218891699/1; https://files-api.properstar.com/api/v2/files/21291e1a-c88e-4ede-b15e-b396e16b0225/1; https://files-api.properstar.com/api/v2/files/91eaec84-a227-45ee-bab8-60a668a581d5/1; https://files-api.properstar.com/api/v2/files/7e704b2b-d26e-46e1-aa51-24051de63ff1/1; https://files-api.properstar.com/api/v2/files/9da71882-d8f6-4be0-9914-a23ca802cb80/1; https://files-api.properstar.com/api/v2/files/06255c32-9769-4da1-8d53-ffa30fd9d169/1; https://files-api.properstar.com/api/v2/files/74e9f291-3184-4e9f-b78b-c29fe6a5c421/1; https://files-api.properstar.com/api/v2/files/5a36d3ab-9ce3-4695-8f24-3e27daf4638e/1; https://files-api.properstar.com/api/v2/files/81569d9a-ce17-4b25-a50b-50a2173f1cf8/1; https://files-api.properstar.com/api/v2/files/38db6f30-d772-4c7c-a57d-3562defed28c/1; https://files-api.properstar.com/api/v2/files/ce0ec74f-12d2-4e6b-beee-c8b09012ac67/1
111316897,SPACIOUS 4 BEDROOM HOUSE,https://www.properstar.co.uk/listing/111316897,"GBP 1,647","Colina Abajo MANZANA 01 LOTE 17, Los Cabos, Mexico",23.07336,-109.716609,4,3,,House,CENTURY 21 Legendary Realty,2025-11-01T03:29:41.1,https://files-api.properstar.com/api/v2/files/a834c722-c538-485a-9b37-97136af2381d/1; https://files-api.properstar.com/api/v2/files/fc09fc34-8f3e-4425-81c4-47327bc3934b/1; https://files-api.properstar.com/api/v2/files/05ded543-8b2c-43db-9c4b-d2542560c017/1; https://files-api.properstar.com/api/v2/files/4b2a263b-f9de-4dd8-94a9-9d32825cc00a/1; https://files-api.properstar.com/api/v2/files/2862331e-74a6-45b4-82af-62b968710484/1; https://files-api.properstar.com/api/v2/files/d99723fc-3654-4f53-a0b8-122e388e200c/1; https://files-api.properstar.com/api/v2/files/2b1172c8-8fc7-4e94-ac4b-44c37f9d187c/1; https://files-api.properstar.com/api/v2/files/4bc2f098-d854-4cd4-8c24-40f848902100/1; https://files-api.properstar.com/api/v2/files/bcfbffbf-4db2-4857-b33b-47ee776ee931/1
116617794,3 Bedroom Apartment for Rent in Tramonti Paradiso,https://www.properstar.co.uk/listing/116617794,"GBP 1,733","Tramonti, Cabo San Lucas, Mexico",22.923205,-109.87793,3,3,,Apartment,Century 21  Legendary Realty,2026-05-13T03:03:46.31,https://files-api.properstar.com/api/v2/files/345ac4bc-5b33-467e-9203-0062d3b376b3/1; https://files-api.properstar.com/api/v2/files/710c078c-ca21-439c-b8a4-3a447b84015a/1; https://files-api.properstar.com/api/v2/files/cfbe5b18-32ec-4783-af8a-4f383611cb6d/1; https://files-api.properstar.com/api/v2/files/43d753c9-8c14-476c-839f-c8141ab779bb/1; https://files-api.properstar.com/api/v2/files/b50f16ca-a5bd-454b-ad0e-e666232a238b/1; https://files-api.properstar.com/api/v2/files/a2c4f0b5-733c-4f38-b72e-5be71394a9e7/1; https://files-api.properstar.com/api/v2/files/21771030-365c-4ebe-a24e-d3e52f1696da/1; https://files-api.properstar.com/api/v2/files/107c3b7d-6cc0-42ef-80aa-5b435c3fa348/1; https://files-api.properstar.com/api/v2/files/1266b479-5e0b-4816-98d3-7b3c89c40d0f/1; https://files-api.properstar.com/api/v2/files/b0f38461-be4c-4b31-8197-93b2f8c86ade/1; https://files-api.properstar.com/api/v2/files/3b6146c6-36be-43a1-9dc6-ed369b8b4736/1; https://files-api.properstar.com/api/v2/files/894f64ff-3e25-44df-866a-b3daa3c58179/1; https://files-api.properstar.com/api/v2/files/b1f1f5dd-955b-4f93-bbac-b2d471f714f6/1; https://files-api.properstar.com/api/v2/files/930de0c9-8386-4d47-a02a-0fce8b14d569/1; https://files-api.properstar.com/api/v2/files/8e3727d3-b45d-431a-b6db-9333b3e6d55f/1; https://files-api.properstar.com/api/v2/files/61a58a48-c7a8-4c9f-8068-229625057688/1; https://files-api.properstar.com/api/v2/files/734da998-29fb-458d-bd7b-60a32463dfbf/1; https://files-api.properstar.com/api/v2/files/0a1db274-e5e9-42fb-a170-a4dd54c3b01f/1
113128716,"Mistiq Los Cabos, San Lucas #418 PH",https://www.properstar.co.uk/listing/113128716,"GBP 2,600","Baja California Sur, Los Cabos , Los Cabos, Mexico",23.07987,-109.712404,2,2,,Apartment,Tulum Rental Homes,2026-01-15T14:50:44.147,https://files-api.properstar.com/api/v2/files/beb1cf47-8613-4e4f-b894-6f182c8020a1/1; https://files-api.properstar.com/api/v2/files/ebd49709-f174-4213-a198-bb57fd77176b/1; https://files-api.properstar.com/api/v2/files/1069fbfd-99a4-4a6b-bb69-e605275de37b/1; https://files-api.properstar.com/api/v2/files/595e04e6-81fb-4d9c-9296-6c89fd1e7808/1; https://files-api.properstar.com/api/v2/files/dcdeb55b-845b-49da-9dab-9f763a92479e/1; https://files-api.properstar.com/api/v2/files/3b9b879b-a470-45c9-8328-362ad07206f7/1; https://files-api.properstar.com/api/v2/files/522f49a5-d207-4a69-9252-cf7c9e8cb668/1; https://files-api.properstar.com/api/v2/files/6e2844b3-3224-4f37-8fa3-d5d57f740acb/1; https://files-api.properstar.com/api/v2/files/088b116c-dde4-4b71-b933-f9cc1b7ca98d/1; https://files-api.properstar.com/api/v2/files/732178d1-bbf3-4fb0-98e6-8408da214b5b/1; https://files-api.properstar.com/api/v2/files/b091d43e-c346-4c09-820a-0c2731e7ecb0/1; https://files-api.properstar.com/api/v2/files/458213b7-aa71-46e1-b895-0985a80ac673/1; https://files-api.properstar.com/api/v2/files/8531f533-ccaa-4cec-8ba1-e0dbdb684b02/1; https://files-api.properstar.com/api/v2/files/2a69a707-2aac-421a-b1a5-9b08b2e0314a/1; https://files-api.properstar.com/api/v2/files/7d097e1f-23aa-4776-8995-f404f6af7426/1; https://files-api.properstar.com/api/v2/files/bb39e298-7eb8-461d-b07e-48ceaf7ce325/1; https://files-api.properstar.com/api/v2/files/81a1657c-5aa8-4775-b7c9-8d15085647ae/1; https://files-api.properstar.com/api/v2/files/31d671e7-e115-4239-94ed-f337935aeaf7/1; https://files-api.properstar.com/api/v2/files/cf2d5ebe-f8ac-47b9-8892-4ed9fc094eb8/1; https://files-api.properstar.com/api/v2/files/7c7a839d-ba18-475b-b206-949b2169eaa2/1; https://files-api.properstar.com/api/v2/files/878641d5-fb4d-4d1c-ba22-f3140efe24d3/1; https://files-api.properstar.com/api/v2/files/0bc8e8e3-93a6-4f71-b515-16d2f3c285ba/1; https://files-api.properstar.com/api/v2/files/8c4a52d0-ce02-4897-9935-3fc6c3284da3/1; https://files-api.properstar.com/api/v2/files/438c7165-f6a9-4964-93f9-a57f40aad606/1; https://files-api.properstar.com/api/v2/files/ea84e6ed-9634-4795-a435-f55384d5e282/1; https://files-api.properstar.com/api/v2/files/4fbbddb4-652b-4b6d-b625-4b64450b9d71/1; https://files-api.properstar.com/api/v2/files/ec0770c6-4d1e-406e-b2d6-bcc60f833bf7/1; https://files-api.properstar.com/api/v2/files/496210d4-86bf-43b7-8e8b-da73aee54cee/1; https://files-api.properstar.com/api/v2/files/5e6b9aa1-0f40-4264-b391-8f04da9933ef/1; https://files-api.properstar.com/api/v2/files/ca77841d-1edd-40d0-bcc9-16f38472d017/1; https://files-api.properstar.com/api/v2/files/4a6fea22-9a89-4cab-95eb-1654e3012151/1; https://files-api.properstar.com/api/v2/files/0e5fdf95-ce63-44d7-afbc-20b5f8c2e01d/1; https://files-api.properstar.com/api/v2/files/74089c35-c70e-4017-b639-7f8e6acbbd9b/1; https://files-api.properstar.com/api/v2/files/681220b1-ce0b-471c-bc79-faf3105807cd/1; https://files-api.properstar.com/api/v2/files/97c315e5-e1cd-4683-b65b-41a39f40a5e4/1; https://files-api.properstar.com/api/v2/files/04edc08f-5522-41d6-94cd-7df8ec4c4752/1; https://files-api.properstar.com/api/v2/files/8d369daa-fc9c-49ac-8dbc-7bbafbe7e64c/1; https://files-api.properstar.com/api/v2/files/edb6e091-9fdb-4fc8-918a-1ee895163adf/1; https://files-api.properstar.com/api/v2/files/fa090a3e-7cfc-4449-ba7f-721f69d83905/1; https://files-api.properstar.com/api/v2/files/0723e1a1-6dc5-4bf1-8446-801306177b65/1; https://files-api.properstar.com/api/v2/files/4716f5ae-fb59-49f5-b8b2-74b2c0547a33/1; https://files-api.properstar.com/api/v2/files/c1b94958-802a-4294-9184-13f2d1f17e1d/1; https://files-api.properstar.com/api/v2/files/860fcb9b-aa0d-40dc-9589-1363b364ced5/1; https://files-api.properstar.com/api/v2/files/3cc77991-7641-44b8-a329-c5e1a4000124/1
113959576,Villa Bonita House for Rent,https://www.properstar.co.uk/listing/113959576,GBP 780,"Calle N, 1, Baja California Sur, Mexico",23.162959,-109.706759,4,3,1593.05945,House,iad Mexico,2026-02-14T03:45:45.63,https://files-api.properstar.com/api/v2/files/f90c46a1-5825-401f-a2c3-5513fed5dceb/1; https://files-api.properstar.com/api/v2/files/ed09b7ed-83b7-44e3-a70d-4a85f0860cac/1; https://files-api.properstar.com/api/v2/files/b7108504-d00e-4e5a-a2ec-65553e7f133f/1; https://files-api.properstar.com/api/v2/files/4749acd1-5063-48f9-94f3-4ab6a53d3c1e/1; https://files-api.properstar.com/api/v2/files/d38dc165-5c52-40a8-bc4f-015ea01102f5/1; https://files-api.properstar.com/api/v2/files/b3e34b61-6bbf-4164-a4b3-2c6c2eef9b7c/1; https://files-api.properstar.com/api/v2/files/859ef9f4-2943-4e86-a1b4-7d84970cd9e5/1; https://files-api.properstar.com/api/v2/files/0cd8d90c-7c8e-4105-9e14-50b2a5c9dd67/1; https://files-api.properstar.com/api/v2/files/848c1095-b4ac-47e3-ad2b-29f10a694e91/1; https://files-api.properstar.com/api/v2/files/341feaf3-e523-4947-a41c-f57522ce7225/1; https://files-api.properstar.com/api/v2/files/c83eab26-28eb-4415-b3a7-fa01166700e7/1; https://files-api.properstar.com/api/v2/files/f10bb830-bfc2-4b5b-8d6e-246e5301df48/1; https://files-api.properstar.com/api/v2/files/f30ab70f-d713-4168-9608-73578f2ff621/1; https://files-api.properstar.com/api/v2/files/d36452fb-f55f-407c-8145-8cef33520c78/1; https://files-api.properstar.com/api/v2/files/5b25314b-caa0-4ae5-a659-d75aa6641693/1; https://files-api.properstar.com/api/v2/files/40d6e816-66c6-4e6d-b454-8f68dda69491/1; https://files-api.properstar.com/api/v2/files/7a1f7c08-054e-49f4-aaf9-c365191984b0/1; https://files-api.properstar.com/api/v2/files/bb3ee0e0-0e35-4151-8a02-57a9038476ce/1; https://files-api.properstar.com/api/v2/files/154dd3f4-04a1-4506-9289-12f5b3ae7a0f/1; https://files-api.properstar.com/api/v2/files/dc5823f2-5120-4a12-b5b0-d77b19ffd43d/1
111317148,HOUSE FOR RENT MONTEREAL SJC,https://www.properstar.co.uk/listing/111317148,GBP 953,"QUINTA DEL RETIRO MANZANA  81 LOTE 122, Los Cabos, Mexico",23.079756,-109.729466,3,2,,House,CENTURY 21 Legendary Realty,2025-11-01T03:29:41.1,https://files-api.properstar.com/api/v2/files/e28d4726-4f13-4dfe-be0a-a0a076c49144/1; https://files-api.properstar.com/api/v2/files/e5f48539-9f02-4ecb-b8d8-575a5b37ef1b/1; https://files-api.properstar.com/api/v2/files/b76f3c90-bf00-45d8-be4a-4e0285215e30/1; https://files-api.properstar.com/api/v2/files/501259cc-9745-4588-abdf-8ee56353c6f4/1; https://files-api.properstar.com/api/v2/files/e2ebd272-fea2-47fa-b51c-7c7260dec98a/1; https://files-api.properstar.com/api/v2/files/13b6d198-bbe8-4bd2-8876-23f576fa5b32/1; https://files-api.properstar.com/api/v2/files/72a052ae-ed5c-4db2-ab2a-02c550be1658/1; https://files-api.properstar.com/api/v2/files/eac88a64-539e-4fad-85e6-ffbbe75550bf/1; https://files-api.properstar.com/api/v2/files/236a27a6-09e8-432b-9fc1-9794c7ad2a24/1; https://files-api.properstar.com/api/v2/files/4e430ada-10dc-43e3-96a4-273fe2412800/1; https://files-api.properstar.com/api/v2/files/e79cd126-2173-42bd-b5b5-9f39923ecda3/1; https://files-api.properstar.com/api/v2/files/cee48a4b-c4e0-4715-93aa-4bd98bd91cdb/1
108861366,"FURNISHED APARTMENT FOR RENT, LOS CABOS BC.",https://www.properstar.co.uk/listing/108861366,"GBP 1,083","Baja California Sur, Mexico",22.906986,-109.966061,2,2,1237.85022,Apartment,iad Mexico,2025-07-26T03:37:14.387,https://files-api.properstar.com/api/v2/files/9cf612fb-ea0e-4c1f-b653-3f11d1c2f4bf/2; https://files-api.properstar.com/api/v2/files/2574bf3e-f448-42c0-b8ea-b72fba8cf804/2; https://files-api.properstar.com/api/v2/files/b105f38f-d139-4bf2-9c90-c73b6a2f8a3c/2; https://files-api.properstar.com/api/v2/files/1134bc34-5736-4ea0-aa36-fe47e404faa4/2; https://files-api.properstar.com/api/v2/files/606adc2b-ea72-499e-8114-c7b5b9a65753/2; https://files-api.properstar.com/api/v2/files/1480824b-7fcf-493d-99f5-415e73096525/2; https://files-api.properstar.com/api/v2/files/4db757c5-7771-4d20-882c-d171c4006c02/2; https://files-api.properstar.com/api/v2/files/1c438fdf-5a2b-4717-8cd4-a6571989df7d/2; https://files-api.properstar.com/api/v2/files/0bbcffa8-bfc7-40e7-ac61-860b1e608e7c/2; https://files-api.properstar.com/api/v2/files/850d5f99-9f2b-422f-9c65-3ab5973e2560/2; https://files-api.properstar.com/api/v2/files/78e02622-0c97-44dc-8868-08e93b627554/2; https://files-api.properstar.com/api/v2/files/329a7e3c-94e7-4424-adce-cbbc85c86779/2; https://files-api.properstar.com/api/v2/files/5ff8bc84-85ed-4d66-85e6-67e69d40f305/2; https://files-api.properstar.com/api/v2/files/90b5afaa-1e15-4d98-b346-13cfc0ae8e91/2; https://files-api.properstar.com/api/v2/files/8ea37449-fb70-493d-b594-fbc2f4d25793/2
116617770,2 Bedroom Furnished Home for Rent in Ventanas 2,https://www.properstar.co.uk/listing/116617770,"GBP 1,820","Sn, Los Cabos, Mexico",22.923205,-109.87793,2,2,,House,Century 21  Legendary Realty,2026-05-13T03:03:46.31,https://files-api.properstar.com/api/v2/files/0190a598-ea10-4a73-a5d2-dba8cc1592ff/1; https://files-api.properstar.com/api/v2/files/4feb80dc-b11a-4302-8784-0d47428d3e4b/1; https://files-api.properstar.com/api/v2/files/82dfaee5-786d-4685-9250-e21f3e42ae9f/1; https://files-api.properstar.com/api/v2/files/22967344-eec8-4920-a525-aff2bd035ef2/1; https://files-api.properstar.com/api/v2/files/75d4fd1c-91a3-4ae9-b8d0-6340ec1178fc/1; https://files-api.properstar.com/api/v2/files/e394c1f0-ba54-43bc-b64a-0a2be7e558ad/1; https://files-api.properstar.com/api/v2/files/d2a4143f-19c9-412e-8cdd-fe9f6bc2cfe1/1; https://files-api.properstar.com/api/v2/files/26856911-7ee8-48d7-a74b-3c6bb81b5fe1/1; https://files-api.properstar.com/api/v2/files/c971e612-25eb-40ce-893a-8b82db47453c/1; https://files-api.properstar.com/api/v2/files/77530e9d-8bd9-4e8a-bb87-f892888d86ca/1; https://files-api.properstar.com/api/v2/files/0e886711-826f-4a76-8de7-30f4d0456738/1; https://files-api.properstar.com/api/v2/files/e66cdecf-22b5-4ba0-a478-3926cb4f9977/1; https://files-api.properstar.com/api/v2/files/05fade56-3962-418b-a49b-498874da0626/1; https://files-api.properstar.com/api/v2/files/e2460375-11bc-46f1-a41b-c9df693b4eec/1; https://files-api.properstar.com/api/v2/files/5b6ef04a-5851-4a9a-b77a-83765a636f44/1; https://files-api.properstar.com/api/v2/files/e7a1ab2e-b02c-4b3c-8824-df4dd2c2d6c1/1; https://files-api.properstar.com/api/v2/files/6e0bd235-0eaf-4278-bef5-784122eb11ec/1; https://files-api.properstar.com/api/v2/files/7cc34f91-8df7-4393-9d6a-04d4d2ba88b1/1; https://files-api.properstar.com/api/v2/files/4109131a-5c58-43cb-bf37-fe6689ba1596/1; https://files-api.properstar.com/api/v2/files/30b33acb-869f-4808-9f8d-91ed2d4407fc/1
116244860,Maralta 210,https://www.properstar.co.uk/listing/116244860,"GBP 1,083","Camino a Diamante 206, Cabo San Lucas, Mexico",22.906986,-109.966061,2,2,,Apartment,CENTURY 21 Heavenly,2026-05-01T03:20:51.69,https://files-api.properstar.com/api/v2/files/547f764b-83ee-4941-9563-f121051dd2d8/1; https://files-api.properstar.com/api/v2/files/021cd961-c3a2-4e86-9b47-9b13234f8026/1; https://files-api.properstar.com/api/v2/files/d5acc558-f8bc-4828-91b1-9a9ea46ec1e7/1
113128720,"Mistiq Los Cabos, San Lucas #105",https://www.properstar.co.uk/listing/113128720,"GBP 2,383","Baja California Sur, Los Cabos , Los Cabos, Mexico",23.07987,-109.712404,3,3,,Apartment,Tulum Rental Homes,2026-01-15T14:50:44.147,https://files-api.properstar.com/api/v2/files/c4376934-1d22-4a1b-893f-7914dba0f961/1; https://files-api.properstar.com/api/v2/files/19d8680c-2723-49c5-8020-068d7e473d5a/1; https://files-api.properstar.com/api/v2/files/b40aa866-2cae-4b49-9379-d8cb1317987c/1; https://files-api.properstar.com/api/v2/files/5f54b8b3-3c67-4b15-954a-c2fcbfb9edc2/1; https://files-api.properstar.com/api/v2/files/ee076e2b-faa1-4288-a50e-c0c3992c4a6c/1; https://files-api.properstar.com/api/v2/files/310ad871-93e2-424a-a058-460b294bc449/1; https://files-api.properstar.com/api/v2/files/4ee4baaf-d146-40e2-9442-dbd6c4ed9ed3/1; https://files-api.properstar.com/api/v2/files/7d67b974-a374-4f9b-b5df-f892bf388a22/1; https://files-api.properstar.com/api/v2/files/9ce75d29-1471-4a9c-bd0f-464de8189e7b/1; https://files-api.properstar.com/api/v2/files/eb5fe6fa-f09f-4aab-8b09-95c527cc82b8/1; https://files-api.properstar.com/api/v2/files/2d1a299c-fea0-4ef2-bbc8-784c1f7629bc/1; https://files-api.properstar.com/api/v2/files/6ba78f5b-2690-498e-971a-577a57a0c3b7/1; https://files-api.properstar.com/api/v2/files/530aed38-6608-4b12-8585-7e497da998b2/1; https://files-api.properstar.com/api/v2/files/92d7d3bb-f9d9-48f1-b7b2-8fbdc504c0fa/1; https://files-api.properstar.com/api/v2/files/ff33c6c3-e422-4e99-9002-494eee694ee0/1; https://files-api.properstar.com/api/v2/files/2aa00350-8448-481d-9721-7f23265ec188/1; https://files-api.properstar.com/api/v2/files/9c03ea58-b5a8-4ceb-adb7-d5b386caaa9e/1; https://files-api.properstar.com/api/v2/files/106e0fd9-545f-4be7-b47c-9b91818c36e4/1; https://files-api.properstar.com/api/v2/files/7c7380e1-d5b5-4e6a-8709-32ded40449fe/1; https://files-api.properstar.com/api/v2/files/8d809c41-387e-4891-8308-3a86ad8ede78/1; https://files-api.properstar.com/api/v2/files/bdba50f0-d740-4bce-a1cb-2d5183375d07/1; https://files-api.properstar.com/api/v2/files/b33b2b95-1d09-4606-a55f-d6b93c626eb7/1; https://files-api.properstar.com/api/v2/files/09ba0db5-b80f-4464-979e-b38625ff5d30/1; https://files-api.properstar.com/api/v2/files/6e9a1e52-c4ee-40c7-a5b0-ea9b115b3dfd/1; https://files-api.properstar.com/api/v2/files/d3437036-379e-4668-bbbd-c4da933ae63a/1; https://files-api.properstar.com/api/v2/files/df52a320-0832-4df1-aa3f-bc2584411dd5/1; https://files-api.properstar.com/api/v2/files/9d686866-b5bc-4960-92e8-9bb53341ee3c/1; https://files-api.properstar.com/api/v2/files/2f434b8a-4e41-49b1-aec9-68284ed74fe6/1; https://files-api.properstar.com/api/v2/files/a7e402f0-81db-42ac-8aa0-e1fd69719437/1; https://files-api.properstar.com/api/v2/files/714e7afb-76b9-4c6d-b550-1dbfa17ae3a1/1; https://files-api.properstar.com/api/v2/files/bd4ead2e-a30f-41f8-9a98-b12682830574/1; https://files-api.properstar.com/api/v2/files/0973ac59-7311-4457-8612-2cfb8aa4f7b2/1; https://files-api.properstar.com/api/v2/files/0a6d1e31-ce2b-4313-a80b-abb947b43b91/1; https://files-api.properstar.com/api/v2/files/906d7de5-a040-4e28-b8b4-15c5d4b63264/1; https://files-api.properstar.com/api/v2/files/ea47beb3-a07f-44c8-a340-9db696a5f4bb/1; https://files-api.properstar.com/api/v2/files/2438af6c-6d2c-4f4d-8a13-2c6614d7f7fc/1; https://files-api.properstar.com/api/v2/files/866abf4e-1d0a-4ba2-a48c-6966a7d8898f/1; https://files-api.properstar.com/api/v2/files/6469b7b4-30fc-44af-a9d9-1a7204e680d3/1; https://files-api.properstar.com/api/v2/files/d7b371d5-6b4e-4efd-a869-b291152eea20/1; https://files-api.properstar.com/api/v2/files/fc0f3698-f3dc-41fd-b808-54f56c088e49/1
117113217, Cabo San Lucas - Ocean View Apartment for Rent ,https://www.properstar.co.uk/listing/117113217,"GBP 2,199"," Cerro del Vigía ,  Baja California Sur ,  Los Cabos , Mexico",22.876791,-109.901138,,2,1474.65625,Apartment, Casa Key ,2026-05-29T19:24:16.4,https://files-api.properstar.com/api/v2/files/bac4d467-878e-4f23-a095-cd387fda1ebb/1; https://files-api.properstar.com/api/v2/files/a5a1cde4-1ca4-4fb7-b5cf-e58f1a128aa8/1; https://files-api.properstar.com/api/v2/files/0a4528e4-8c9b-4cd6-970c-d15537bdb1f4/1; https://files-api.properstar.com/api/v2/files/dfa9595c-cf0f-456b-8ec7-00d8824ee13d/1; https://files-api.properstar.com/api/v2/files/233ff4e0-a649-4136-ad7f-1f4bd7d84868/1; https://files-api.properstar.com/api/v2/files/d41ae835-47ba-4f2f-98bb-b259b1307377/1; https://files-api.properstar.com/api/v2/files/e1bbd13d-e180-4127-be52-115dcac35787/1; https://files-api.properstar.com/api/v2/files/714c96e6-11bf-47f5-a0e6-58957dda7552/1; https://files-api.properstar.com/api/v2/files/66960c7e-914c-4e60-a390-2b072ecd7c4f/1; https://files-api.properstar.com/api/v2/files/086b92fc-c57c-448a-b1cd-3f01d71bb801/1; https://files-api.properstar.com/api/v2/files/2c8b33a6-b733-464f-bd36-f87009659387/1; https://files-api.properstar.com/api/v2/files/f42c52d7-43bc-40ea-b50d-47b338f113f7/1; https://files-api.properstar.com/api/v2/files/603b0025-9986-40d9-aa28-1bfb9b07bf27/1; https://files-api.properstar.com/api/v2/files/f520babc-79b6-4809-996d-e0c7f6ac891b/1; https://files-api.properstar.com/api/v2/files/8d2639a9-e3bf-4795-a3f9-b5c41e19cc8e/1; https://files-api.properstar.com/api/v2/files/b83e6517-b3a3-4319-a4ff-7dd1b0e61b0d/1; https://files-api.properstar.com/api/v2/files/8f28a9b4-98e3-4b97-aced-d2eb379b49ef/1; https://files-api.properstar.com/api/v2/files/01482594-5282-41e5-a4ee-4c4cb5a77822/1; https://files-api.properstar.com/api/v2/files/df1647ef-411f-4cfa-99d6-a7883616024b/1; https://files-api.properstar.com/api/v2/files/bd05d358-602b-41d1-a75d-243967e53e1d/1; https://files-api.properstar.com/api/v2/files/ba377bce-0576-43ab-8737-776f1e998ba8/1; https://files-api.properstar.com/api/v2/files/b4af35f0-077f-4312-a190-dc3fbc5e6e30/1; https://files-api.properstar.com/api/v2/files/b58a9f6f-7a6e-4a28-b8f4-2fef96bf33ca/1; https://files-api.properstar.com/api/v2/files/f82102fd-28f4-4d30-80a2-dea631a33588/1; https://files-api.properstar.com/api/v2/files/53cbfb08-6a05-40cc-a30f-93d1c0d878bf/1; https://files-api.properstar.com/api/v2/files/08fa1a63-1255-45bc-8530-e7b1c7da74a2/1; https://files-api.properstar.com/api/v2/files/a53a3dea-1fe3-49c9-a0cc-852c20795160/1; https://files-api.properstar.com/api/v2/files/59217874-812a-485a-a190-a301d6c61e48/1; https://files-api.properstar.com/api/v2/files/daad1eef-5353-42d0-94e5-bd7db05fcce8/1; https://files-api.properstar.com/api/v2/files/347555c4-1d48-4015-a0cb-631eb439f341/1
113721180,Apartment For Rent Cabo San Lucas,https://www.properstar.co.uk/listing/113721180,GBP 802,"Baja California Sur, Los Cabos, Brisas del Pacifico, Brisas del Pacifico, Mexico",22.899552,-109.94345,2,2,,Apartment,Aydeje,2026-02-06T04:15:48.4,https://files-api.properstar.com/api/v2/files/ca105c02-7f81-4529-8e99-7b374f75e2cf/1; https://files-api.properstar.com/api/v2/files/24e0c97c-3582-4510-b272-ada282edee5b/1; https://files-api.properstar.com/api/v2/files/03ffbafc-2df2-4650-9e10-b001008fce25/1
113128711,"Mistiq Los Cabos, San Lucas #419 PH",https://www.properstar.co.uk/listing/113128711,"GBP 3,467","Baja California Sur, Los Cabos , Los Cabos, Mexico",23.07987,-109.712404,3,3,,Apartment,Tulum Rental Homes,2026-01-15T14:50:44.147,https://files-api.properstar.com/api/v2/files/1edff432-a279-41b4-9416-060cbb881c62/1; https://files-api.properstar.com/api/v2/files/32398d35-e7bd-439c-9719-e606cffa54f4/1; https://files-api.properstar.com/api/v2/files/c0c189d3-5dd2-4d9f-af1d-ada3eb815be5/1; https://files-api.properstar.com/api/v2/files/b1bdff2a-c142-479c-852a-36cbdcc9f45b/1; https://files-api.properstar.com/api/v2/files/36a98cc4-0a30-4c4e-b31a-35eba40eaf0a/1; https://files-api.properstar.com/api/v2/files/f2f8d001-35df-45ab-8821-e824e8ab5122/1; https://files-api.properstar.com/api/v2/files/545140fa-3b56-4051-9117-1cc664e7fdfa/1; https://files-api.properstar.com/api/v2/files/d06e8cd2-4380-4fec-b909-411cc7dd3c9f/1; https://files-api.properstar.com/api/v2/files/558b4538-86d0-4b1b-81e3-6999f13cbd83/1; https://files-api.properstar.com/api/v2/files/f1d66667-d51b-43ab-bbc1-aa1f74bb4244/1; https://files-api.properstar.com/api/v2/files/0520e205-a162-4c7d-8620-988e4b64d9e8/1; https://files-api.properstar.com/api/v2/files/bdb87ba7-89b5-4a5a-b15c-0aed4da14332/1; https://files-api.properstar.com/api/v2/files/72ad5ae3-698a-461c-ad4d-1719c0c907f5/1; https://files-api.properstar.com/api/v2/files/61310c66-2005-45d2-bee3-865aa8947707/1; https://files-api.properstar.com/api/v2/files/9362e518-0069-4d8e-8ce0-02205909d787/1; https://files-api.properstar.com/api/v2/files/fb93d18e-fb18-46df-a060-5647e4303a25/1; https://files-api.properstar.com/api/v2/files/76907ed8-80c2-4fa0-80a2-f3259c6fd504/1; https://files-api.properstar.com/api/v2/files/b7222dcd-2fa7-4963-b2b9-80a47845005f/1; https://files-api.properstar.com/api/v2/files/89d207ab-7986-4890-8082-d6edfcefbce7/1; https://files-api.properstar.com/api/v2/files/ea3d3249-a82a-4ab4-8e82-36d9454b0b22/1; https://files-api.properstar.com/api/v2/files/d29ec9b7-bb18-48d1-8d30-f86f20166c06/1; https://files-api.properstar.com/api/v2/files/878ae0d3-f255-4184-b24c-de6739313add/1; https://files-api.properstar.com/api/v2/files/84adff2d-3b8f-4868-baae-afad80ff4ecd/1; https://files-api.properstar.com/api/v2/files/d6e71c8c-cf10-4d26-8da2-1f11a8fc3ef1/1; https://files-api.properstar.com/api/v2/files/55515020-0b66-4a98-b7c8-7862de5ad5cf/1; https://files-api.properstar.com/api/v2/files/f9386e0f-8ab1-4ea7-8f68-f02e1782e584/1; https://files-api.properstar.com/api/v2/files/7b3647c6-b1f5-45b5-9091-39ba3c51c56f/1; https://files-api.properstar.com/api/v2/files/f0ae2a49-0bb2-4c72-966a-ff6541cfd7cc/1; https://files-api.properstar.com/api/v2/files/41079596-37a8-455e-86d7-32ea4f80c01d/1; https://files-api.properstar.com/api/v2/files/396da501-a140-40ad-9225-afba4928a71a/1; https://files-api.properstar.com/api/v2/files/3a65453f-0715-4904-8223-1897c154336b/1; https://files-api.properstar.com/api/v2/files/47cb3d03-2322-4742-beb8-6a986759427a/1; https://files-api.properstar.com/api/v2/files/11854288-5f68-4148-9495-70f2755fdf8a/1; https://files-api.properstar.com/api/v2/files/fcc8986c-5900-4b77-b407-c89b13c06b0c/1; https://files-api.properstar.com/api/v2/files/7d22163a-a048-41dc-9173-cdb264329144/1; https://files-api.properstar.com/api/v2/files/a3a10299-0f06-4b01-968c-acde5f9e9984/1; https://files-api.properstar.com/api/v2/files/ab8eaa29-cf57-44dd-9cbb-95f6ff09ba19/1; https://files-api.properstar.com/api/v2/files/ae2811af-f426-4765-9d9c-2e1f387dd7db/1; https://files-api.properstar.com/api/v2/files/88a8a34d-cabe-46f8-9a37-abde0ce8c9d0/1; https://files-api.properstar.com/api/v2/files/e14a670c-eca3-49ef-9445-6616c427ef51/1; https://files-api.properstar.com/api/v2/files/1da11ab0-7fce-42e8-bb58-e2a11efeed95/1; https://files-api.properstar.com/api/v2/files/f6848423-9dcb-47bf-8385-74303c1ebbee/1
