id,title,url,price,location,latitude,longitude,bedrooms,bathrooms,size_sqft,property_type,advertiser,date_listed,pictures
116244891,"Furnished House for Rent in Fluvial Vallarta, within Residencial Entre Ríos",https://www.properstar.co.uk/listing/116244891,"GBP 1,430","Rio Nazas 105, Puerto Vallarta, Mexico",20.654243,-105.226664,4,2,,House,CENTURY 21 Bayside Properties,2026-05-01T03:20:51.69,https://files-api.properstar.com/api/v2/files/c6e48cc9-3fa8-44a6-ac4e-b34b8c334f2c/1; https://files-api.properstar.com/api/v2/files/e7d801d7-8890-4228-99e1-2621c2193f3b/1; https://files-api.properstar.com/api/v2/files/b5e1dc9b-27c8-485b-bb83-502164bcabd4/1; https://files-api.properstar.com/api/v2/files/268387cf-33d6-47a4-9f02-ab9d53cffb35/1; https://files-api.properstar.com/api/v2/files/d4e8f88e-63fc-47dd-bf30-7460fda9e902/1; https://files-api.properstar.com/api/v2/files/1fe16564-74f7-410c-98c2-ecee86e4ece3/1; https://files-api.properstar.com/api/v2/files/80a21912-af70-43dc-aaaa-905baee2a48d/1; https://files-api.properstar.com/api/v2/files/cf83ebb7-8279-4b1d-9062-4b30dd8ee4d9/1; https://files-api.properstar.com/api/v2/files/9eff53b1-4179-4967-a453-48ca0bc16fd9/1; https://files-api.properstar.com/api/v2/files/8ea738dd-a6cc-49e7-8a42-4069a9e42dd7/1; https://files-api.properstar.com/api/v2/files/24387773-7fdd-435f-95b0-b51cb1074e38/1; https://files-api.properstar.com/api/v2/files/1199ce5c-ba4f-4704-b4c3-341ce750be1e/1; https://files-api.properstar.com/api/v2/files/dccf4138-50e9-4034-b033-9e83fbd28163/1; https://files-api.properstar.com/api/v2/files/487e56bc-1e1e-4e73-8b8e-5173b18977d4/1; https://files-api.properstar.com/api/v2/files/055e51ad-4d11-4122-b62e-e12d0c4d56e1/1; https://files-api.properstar.com/api/v2/files/a545eaa8-ad1e-4ff5-b3f4-6b75013f9148/1; https://files-api.properstar.com/api/v2/files/33e245f1-0985-4da7-9213-c33e228766ed/1; https://files-api.properstar.com/api/v2/files/73a528a4-9bc5-4830-bfce-25e8ef4aca3d/1; https://files-api.properstar.com/api/v2/files/f20da112-36a2-40bb-b6f3-83b3a84d3517/1; https://files-api.properstar.com/api/v2/files/39fe62d9-6dc0-4abc-a78c-69e0a5908818/1; https://files-api.properstar.com/api/v2/files/2850cfea-bc6e-49d7-80d6-5f389a01348f/1; https://files-api.properstar.com/api/v2/files/36969231-962c-4427-9d8b-9b11c00cc35d/1; https://files-api.properstar.com/api/v2/files/920a79f4-822d-4811-85c6-c41fd0e8ca24/1; https://files-api.properstar.com/api/v2/files/01fa3d85-d73e-4296-967b-cd4948420633/1; https://files-api.properstar.com/api/v2/files/658c9c58-1c81-4b78-a8fb-905f3f5af2d2/1; https://files-api.properstar.com/api/v2/files/d6639819-a310-41e5-be63-0fe287f41770/1; https://files-api.properstar.com/api/v2/files/fb7b8955-4091-47ed-bf09-9d4417c00553/1; https://files-api.properstar.com/api/v2/files/84df055e-d981-4626-9c5a-cc38c79e0de8/1
119588594,"Furnished Apartment for Rent in Torre Diamante, Bamboo Residential",https://www.properstar.co.uk/listing/119588594,"GBP 1,127","Mezquite 447, Puerto Vallarta, Mexico",20.658772,-105.228413,2,2,,Apartment,CENTURY 21 Bayside Properties,2026-08-15T03:15:55.687,https://files-api.properstar.com/api/v2/files/f3cbdd69-7b97-4bec-99b7-bac900d26337/1; https://files-api.properstar.com/api/v2/files/3ba03117-6d30-47a8-9405-c43ce0e4a03a/1; https://files-api.properstar.com/api/v2/files/0f862d7b-9412-4dff-ad4c-ef87da4dfe80/1; https://files-api.properstar.com/api/v2/files/c1805fc5-5809-4077-949e-cc6ad11e7cef/1; https://files-api.properstar.com/api/v2/files/ee308a1c-3ffe-46ab-96c1-2426c36f02df/1; https://files-api.properstar.com/api/v2/files/eff42d2b-0467-421c-a18e-d73afa0b4cff/1; https://files-api.properstar.com/api/v2/files/68e927e2-b247-41e9-a035-c4e63112d82f/1; https://files-api.properstar.com/api/v2/files/e0227b48-5262-447a-a5b1-fb819e9ec4bf/1; https://files-api.properstar.com/api/v2/files/e4ccbb41-a456-46b5-b6d1-90c3bb9838a2/1; https://files-api.properstar.com/api/v2/files/c5c313f3-66b9-40a9-a3ba-8fc7bb714579/1; https://files-api.properstar.com/api/v2/files/62714077-bd86-49ec-aa3f-b360313d5bac/1; https://files-api.properstar.com/api/v2/files/8a3cc18a-3fb7-4877-ae34-e4a1a88f0247/1; https://files-api.properstar.com/api/v2/files/86d83c8a-2549-4561-9ed9-9a4b890e96c5/1; https://files-api.properstar.com/api/v2/files/87181c34-869b-4328-8b1a-49b4cda5bb7d/1; https://files-api.properstar.com/api/v2/files/1a8eba51-605d-41a5-8063-de3caf8b4183/1; https://files-api.properstar.com/api/v2/files/663b6032-89c8-4f1c-a3f4-e5387bbd73f5/1; https://files-api.properstar.com/api/v2/files/e81ea3e4-9b7a-4fc3-af5a-21d55a5b11ab/1; https://files-api.properstar.com/api/v2/files/e85d2241-05da-4583-b49b-255e82e36ced/1; https://files-api.properstar.com/api/v2/files/458c72c6-e92e-4967-a0d9-ef67b7b29cb6/1; https://files-api.properstar.com/api/v2/files/50974520-0c1b-466a-b3ed-e53429a884fd/1; https://files-api.properstar.com/api/v2/files/68f23d54-8314-4674-80ee-f11dd86115e8/1; https://files-api.properstar.com/api/v2/files/10ad72eb-8556-473d-aec1-5bbb1fcf1fa7/1
117441674,"Property for RENT - Avenida Fluvial Vallarta 260, Fracc Residencial Fluvial Vallarta, 48312 Puerto Vallarta, Jal, Mexico",https://www.properstar.co.uk/listing/117441674,"GBP 2,817","Avenida Fluvial Vallarta 260, Fracc Residencial Fluvial Vallarta, 48312 Puerto Vallarta, Jal, México, Puerto Vallarta, Mexico",20.643014,-105.2302,2,3,,House,KW Bahia,2026-06-10T03:11:47.01,https://files-api.properstar.com/api/v2/files/a5f1eda0-e3a1-4f23-b484-06182e28ee14/1; https://files-api.properstar.com/api/v2/files/3c4fa00d-9a0e-4897-801c-dc4beec84310/1; https://files-api.properstar.com/api/v2/files/586a2316-b782-4b28-9ad8-c15a46eaef5c/1; https://files-api.properstar.com/api/v2/files/812306af-1cb9-452d-9bfa-6fee7ab6ebee/1; https://files-api.properstar.com/api/v2/files/0e1c5f65-08c6-4cf9-9723-0f12a897d288/1; https://files-api.properstar.com/api/v2/files/0928c099-f905-40ef-8903-98a743b09152/1; https://files-api.properstar.com/api/v2/files/56318fb2-3b6c-4a3d-af2c-ea3ed30e1715/1; https://files-api.properstar.com/api/v2/files/b09d59b2-2904-4645-8d40-d721f6ffa2c3/1; https://files-api.properstar.com/api/v2/files/4f9f2b29-dbe9-461c-aff7-5aa1b9f77cc1/1; https://files-api.properstar.com/api/v2/files/982b7d61-ef5d-47fa-8d67-3a5b7ffc1c84/1
118942992,"House for Rent in Fluvial Vallarta, Puerto Vallarta - 3 bedrooms, unfurnished",https://www.properstar.co.uk/listing/118942992,"GBP 1,300","Lago Tangañica 205, Puerto Vallarta, Mexico",20.645891,-105.223533,3,2,,House,CENTURY 21 Bayside Properties,2026-07-23T04:02:30.563,https://files-api.properstar.com/api/v2/files/15723ae8-0188-4b41-b91c-8076947e5c48/1; https://files-api.properstar.com/api/v2/files/912c0901-065c-45c1-9100-0760e83b9d72/1; https://files-api.properstar.com/api/v2/files/f767baca-e232-47d2-ab31-52398398c771/1; https://files-api.properstar.com/api/v2/files/164e2fc7-4e15-40d2-91e8-53f5d075a8df/1; https://files-api.properstar.com/api/v2/files/00c1220d-8d68-4cdc-8c3e-fdc62947f8e7/1; https://files-api.properstar.com/api/v2/files/9d32d9e4-33e0-4fe9-acf2-aee1306f2897/1; https://files-api.properstar.com/api/v2/files/a845c755-c1c1-4fed-b4c5-c37ba1f873f4/1; https://files-api.properstar.com/api/v2/files/ace7fccc-cf12-479a-b634-aa99762a5e4c/1; https://files-api.properstar.com/api/v2/files/7b0eda69-0949-4036-a5b7-9eb21a0cad81/1; https://files-api.properstar.com/api/v2/files/e286eb00-1bf9-4ba0-9f8c-9017b29e22b7/1; https://files-api.properstar.com/api/v2/files/cf8d59d0-3c62-4845-9b3d-cbcfbd9a527a/1; https://files-api.properstar.com/api/v2/files/fec78c80-a04f-4fb0-b45e-d89d9acec56e/1; https://files-api.properstar.com/api/v2/files/b293d69a-e0d4-4756-90fd-02c2bab3a889/1; https://files-api.properstar.com/api/v2/files/8ab404aa-74b5-446b-bcc6-02d95caf6269/1; https://files-api.properstar.com/api/v2/files/1e81026c-8b84-40b0-b5e4-267a620af7e4/1; https://files-api.properstar.com/api/v2/files/1126b56c-20ba-4592-9518-72e2ba88122d/1; https://files-api.properstar.com/api/v2/files/40802156-287d-47d2-9a07-b119a6c6fcf6/1; https://files-api.properstar.com/api/v2/files/3cde0584-34d9-4306-8bcf-e4b9498b04d8/1; https://files-api.properstar.com/api/v2/files/a1d340ef-4b92-40c4-92d9-e6b7e999bcc7/1; https://files-api.properstar.com/api/v2/files/b1badbe7-7e2a-4384-99e1-6fabe72b897b/1
119633491,"Apartment for rent in Los Fresnos Condominium, Puerto Vallarta, Jalisco.",https://www.properstar.co.uk/listing/119633491,GBP 542,"Papelillo 22 Departamento 7, Puerto Vallarta, Mexico",20.660533,-105.226794,2,2,,Apartment,CENTURY 21 IBARRIA Realtors,2026-08-18T03:09:52.3,https://files-api.properstar.com/api/v2/files/13858d1a-a94d-459b-9330-c8994d1ad352/1; https://files-api.properstar.com/api/v2/files/63a3fd5b-ca12-4799-9feb-1755a09f7261/1; https://files-api.properstar.com/api/v2/files/d2da37e8-7a42-4770-b1aa-fe0801af3ff6/1; https://files-api.properstar.com/api/v2/files/4b5cd793-b6b2-4c00-bed6-3a4c9a23c6bb/1; https://files-api.properstar.com/api/v2/files/5ca7a852-d2dd-43ee-ad5f-57a6663a27e1/1; https://files-api.properstar.com/api/v2/files/1c676636-472f-49ca-8f4e-6899be435f4a/1; https://files-api.properstar.com/api/v2/files/d12c48c9-17fd-4f26-b6c4-66430f3c2231/1; https://files-api.properstar.com/api/v2/files/afd2b7a1-fbd2-4a16-a16a-6cd62e27ffed/1; https://files-api.properstar.com/api/v2/files/0b579378-b344-4834-993f-ec685a9f0d42/1; https://files-api.properstar.com/api/v2/files/59e225dd-af03-4adc-bb70-0d76eb662425/1; https://files-api.properstar.com/api/v2/files/cb5e60d2-e66d-454c-bcce-e7e4980cb593/1; https://files-api.properstar.com/api/v2/files/80671dcd-ad59-4e61-ac31-f7a6495522bd/1; https://files-api.properstar.com/api/v2/files/ebb48c33-36ed-4ef6-8532-9fe3705817b0/1; https://files-api.properstar.com/api/v2/files/834313d8-f791-4b6a-a26a-0b84ff1c1c1d/1; https://files-api.properstar.com/api/v2/files/a1512ef4-80d8-410d-a6d8-f96e9273d33e/1; https://files-api.properstar.com/api/v2/files/78cac890-1303-42ed-9ad8-48a9bd1b6253/1; https://files-api.properstar.com/api/v2/files/4b3fb7cc-44ea-4a2a-bd25-57a6d8a35f4d/1; https://files-api.properstar.com/api/v2/files/2a8e2254-11b9-46c0-80a0-8310f87c86c9/1; https://files-api.properstar.com/api/v2/files/f65574b2-b705-46b7-ad1f-880b1d2f87fb/1; https://files-api.properstar.com/api/v2/files/7f7bf480-342f-45d9-aba9-84a48f187d75/1; https://files-api.properstar.com/api/v2/files/9e542a9c-447e-4954-bfa3-03535e4d8994/1; https://files-api.properstar.com/api/v2/files/0870b512-befd-4ce5-9e8e-ad98787e798e/1; https://files-api.properstar.com/api/v2/files/aaf15398-5f4f-40ef-a78c-0364e2ffcbe3/1; https://files-api.properstar.com/api/v2/files/3c79a2de-c97b-4bfe-8acc-cc4d85aee781/1; https://files-api.properstar.com/api/v2/files/a64d10f9-9da3-423b-96c4-ee99f1f8e644/1; https://files-api.properstar.com/api/v2/files/7cead269-864e-499e-abc5-de60ed217dc5/1; https://files-api.properstar.com/api/v2/files/fd6f9f59-accb-4ebf-a74a-a611690028ce/1; https://files-api.properstar.com/api/v2/files/a046f3b7-cdbe-4026-8bb0-e67a0e4f587d/1; https://files-api.properstar.com/api/v2/files/6e0b8573-6c34-4abb-a669-537d3bf56128/1; https://files-api.properstar.com/api/v2/files/a9b8e388-d70f-46d5-a5c3-e919eff51ba3/1; https://files-api.properstar.com/api/v2/files/754ab31e-4aee-4520-ba86-6e520d1c6637/1; https://files-api.properstar.com/api/v2/files/0ad8d1c4-f195-4097-88db-1c8ed09a7171/1; https://files-api.properstar.com/api/v2/files/3ea22a55-8d20-4821-85dd-3fc4e1a26725/1
119633455,"Apartment for Rent in Colonia El Toro, Puerto Vallarta, Jalisco",https://www.properstar.co.uk/listing/119633455,GBP 433,"Ecuador ""BUGAMBILIA"" 198, Puerto Vallarta, Mexico",20.650895,-105.212899,1,1,,Apartment,CENTURY 21 IBARRIA Realtors,2026-08-18T03:09:52.3,https://files-api.properstar.com/api/v2/files/e1555fd5-5c91-4cb2-87c5-43c309894bf3/1; https://files-api.properstar.com/api/v2/files/962cad25-f9dd-4f69-91b0-9d82ed3c9660/1; https://files-api.properstar.com/api/v2/files/171512a4-54b9-4601-b552-6f0279d9d9a4/1; https://files-api.properstar.com/api/v2/files/b140165f-bc05-4d0d-a111-534449334ede/1; https://files-api.properstar.com/api/v2/files/eb6e1d39-9041-4a08-9e48-6ad4cf606bc4/1; https://files-api.properstar.com/api/v2/files/3d6b07b0-f549-4437-b7cb-99295d2795f8/1; https://files-api.properstar.com/api/v2/files/caf27165-5592-4ffc-ae42-1abc41375937/1; https://files-api.properstar.com/api/v2/files/1eeafb07-a9db-4226-9eb3-cecb87d5f3a9/1; https://files-api.properstar.com/api/v2/files/7568428c-7e2b-4074-9e13-ab42205bd2f8/1; https://files-api.properstar.com/api/v2/files/462f9f3e-16c2-45b9-8d2c-b5be405c6110/1; https://files-api.properstar.com/api/v2/files/e29630b2-2814-458e-848a-335bf1e82641/1; https://files-api.properstar.com/api/v2/files/a0877138-2a8b-4d45-9561-283c0d745703/1; https://files-api.properstar.com/api/v2/files/c5e8e8d0-f43f-402b-8388-d9e966a9b327/1; https://files-api.properstar.com/api/v2/files/d957a4e5-0dc5-429a-8f87-fef4a0f884e0/1; https://files-api.properstar.com/api/v2/files/bc34eadb-6885-444a-b722-f789f668c024/1
119717014,"Apartment for rent in Sin Colonia, Puerto Vallarta, Jalisco",https://www.properstar.co.uk/listing/119717014,"GBP 1,300","Sin colonia, Puerto Vallarta, Mexico",20.656518,-105.211358,2,2,1227.0863,Apartment,Karynna Cantú,2026-08-21T07:04:13.93,https://files-api.properstar.com/api/v2/files/62d2811c-1d94-4161-a3d8-ae36ee35653a/1; https://files-api.properstar.com/api/v2/files/53ba2602-5b94-49c9-a0ac-256b538ee3c3/1; https://files-api.properstar.com/api/v2/files/afc6e840-5c04-4e29-bc32-c978fb08e6a9/1; https://files-api.properstar.com/api/v2/files/cf87f7c3-6ca6-4639-b6bc-539678d7058b/1; https://files-api.properstar.com/api/v2/files/c228dfc0-0775-4ef3-9692-2e825a82cb68/1
119658415,"Apartment for Rent in Colonia El Toro, Puerto Vallarta, Jalisco",https://www.properstar.co.uk/listing/119658415,GBP 433,"Ecuador ""TULIPAN"" 198, Puerto Vallarta, Mexico",20.650895,-105.212899,1,1,,Apartment,CENTURY 21 IBARRIA Realtors,2026-08-19T03:28:24.463,https://files-api.properstar.com/api/v2/files/687694bd-fd4a-4b34-a5f9-0457861820de/1; https://files-api.properstar.com/api/v2/files/b1e580b3-79f3-4814-84fb-e23c93b9f6fc/1; https://files-api.properstar.com/api/v2/files/ccb3c3ee-25f0-499f-bda0-56b5f622fd38/1; https://files-api.properstar.com/api/v2/files/42455be3-42ff-4aef-b251-c6cde39b43d3/1; https://files-api.properstar.com/api/v2/files/b6583df8-198f-4e49-9483-ab2dd14cbef8/1; https://files-api.properstar.com/api/v2/files/8a92890e-1480-4ba5-8dc9-6310849398ed/1; https://files-api.properstar.com/api/v2/files/14c4ae11-348d-4d2f-a598-5e52b8634e94/1; https://files-api.properstar.com/api/v2/files/a83371a0-d6df-4f15-8179-976ef03a595c/1; https://files-api.properstar.com/api/v2/files/adc4c8e0-9055-492d-ab99-ef3366ba742b/1; https://files-api.properstar.com/api/v2/files/74787124-2035-42a4-b8b6-c873667ec52f/1; https://files-api.properstar.com/api/v2/files/9768881d-2bb5-457e-85fe-449e2f9e1dbf/1; https://files-api.properstar.com/api/v2/files/d01f237f-dab0-48ef-ad87-85e05ea7990f/1; https://files-api.properstar.com/api/v2/files/d72270f4-d97c-45a7-b1ea-7750d34265ad/1; https://files-api.properstar.com/api/v2/files/bf65b6ab-bc58-44b4-ab4f-fe6d42d19f0c/1
119474950,"Studio for rent in Sunsetower colonia 5 de Diciembre, Puerto Vallarta, Jal.",https://www.properstar.co.uk/listing/119474950,"GBP 1,278","Bolivia 1280, Puerto Vallarta, Mexico",20.616729,-105.22972,,1,,Apartment,CENTURY 21 IBARRIA Realtors,2026-08-11T03:14:09.71,https://files-api.properstar.com/api/v2/files/73793e97-bec4-4304-982a-4a7cc2d39f58/1; https://files-api.properstar.com/api/v2/files/0702ea1c-7b9b-4ae5-af0c-de591912ecd3/1; https://files-api.properstar.com/api/v2/files/f54f5f14-8f2e-45a0-8ea3-50f676f69868/1; https://files-api.properstar.com/api/v2/files/e86409b9-7ae6-4e8b-8fc5-402055f4c291/1; https://files-api.properstar.com/api/v2/files/f6cb9b0e-356b-423b-8e8c-3d92b7bb3a48/1; https://files-api.properstar.com/api/v2/files/b09b680b-637a-48f2-8bd6-e331f7f0eb16/1; https://files-api.properstar.com/api/v2/files/e1e63778-3068-4b72-bdc6-349e40fd8769/1; https://files-api.properstar.com/api/v2/files/8f70aeff-9b8b-4196-8498-98cf607b45a6/1; https://files-api.properstar.com/api/v2/files/08ed26f3-5473-4970-bc04-15313fd59213/1; https://files-api.properstar.com/api/v2/files/f730e34d-ce8e-494c-af0d-b233d408be6c/1; https://files-api.properstar.com/api/v2/files/feaf7b85-5ccd-4c20-9bce-6d59847a61ff/1; https://files-api.properstar.com/api/v2/files/c83bf47f-899f-4a85-8b04-28bb32a25dab/1; https://files-api.properstar.com/api/v2/files/f28d97cf-7f25-4bb9-881c-df06dc3c05df/1; https://files-api.properstar.com/api/v2/files/5b66294a-b6c4-46c0-998b-776bbbe87df6/1; https://files-api.properstar.com/api/v2/files/0e1d5c0e-db51-4425-bfc0-566f65ca94f3/1; https://files-api.properstar.com/api/v2/files/f9011084-2315-44a1-b589-dc024746c745/1; https://files-api.properstar.com/api/v2/files/3a8bb95d-b5db-45cd-8c58-0e4d69aa715d/1
119557929,"Apartment for Rent in the Marina, Puerto Vallarta Jalisco",https://www.properstar.co.uk/listing/119557929,"GBP 5,633","Avenida Paseo de la Marina 31, Marina Vallarta, 48335 Puerto Vallarta, Jal, México, Puerto Vallarta, Mexico",20.665847,-105.252196,3,3,2497.22827,Apartment,KW Grand,2026-08-14T02:57:08.357,https://files-api.properstar.com/api/v2/files/a88d5c98-25ac-4cd9-9461-4a4333c53c6d/1; https://files-api.properstar.com/api/v2/files/41154683-7fd5-4c1a-b908-f63f253ada00/1; https://files-api.properstar.com/api/v2/files/c151fd0b-4364-4318-b0e2-9ae4fd6d8221/1; https://files-api.properstar.com/api/v2/files/d02c0995-c3d8-4bf6-ab01-59e288295ddc/1; https://files-api.properstar.com/api/v2/files/ce0757f9-f093-465e-a88d-45e5b9f51d0e/1; https://files-api.properstar.com/api/v2/files/f6dc6fda-acf5-4507-a43a-a0bb6aed627b/1; https://files-api.properstar.com/api/v2/files/fa4efca0-3d80-4c42-a2b8-5aea53c5f875/1; https://files-api.properstar.com/api/v2/files/aa35d858-33cc-4629-8a0b-8c125a555118/1; https://files-api.properstar.com/api/v2/files/aa1f779e-783d-4423-8e21-0522e4dbbcc2/1; https://files-api.properstar.com/api/v2/files/048571f3-e552-4271-9996-65f28de4b018/1; https://files-api.properstar.com/api/v2/files/8c325ca7-8cc2-4a7d-9965-1eb55bd977b4/1; https://files-api.properstar.com/api/v2/files/fd7de1b1-3301-4444-9a1f-0205efe362dc/1; https://files-api.properstar.com/api/v2/files/1667a1e2-932c-4a51-9dbe-f26a680d37e2/1; https://files-api.properstar.com/api/v2/files/b2574a1c-39ff-426a-a8cf-eab6cd1d9537/1; https://files-api.properstar.com/api/v2/files/872ab4b7-4961-470f-86f7-30af2f60812f/1; https://files-api.properstar.com/api/v2/files/3bc878ed-a403-41fb-b544-0841920035a7/1; https://files-api.properstar.com/api/v2/files/d6aafb26-4149-41d3-a97b-7cb4abf8ed4e/1; https://files-api.properstar.com/api/v2/files/7528a1e6-5f06-47d7-b7cd-d4e168cf2fb1/1; https://files-api.properstar.com/api/v2/files/41c6d16d-8e11-41ca-88ba-ef8a9be28cf5/1; https://files-api.properstar.com/api/v2/files/f6a7b1d5-89c6-45d4-ae4f-2795fc00659c/1; https://files-api.properstar.com/api/v2/files/47887252-39a7-4248-9a77-32bb4eb948f9/1; https://files-api.properstar.com/api/v2/files/d9298fe4-fd42-487c-8be2-ecdb55033583/1; https://files-api.properstar.com/api/v2/files/30d7b02c-388d-416b-88e8-16af4c6ed6dc/1; https://files-api.properstar.com/api/v2/files/cff17b42-a927-4941-ab07-19b21e67306b/1; https://files-api.properstar.com/api/v2/files/ea68924c-6ee0-494d-87be-44baeda80048/1; https://files-api.properstar.com/api/v2/files/11d76ff0-b4c9-472a-84a6-9bba2590acad/1
119558950,Furnished apartment with sea view | Fluvial (Valarte) 2BD | 2BA,https://www.properstar.co.uk/listing/119558950,"GBP 1,950","AV. FLUVIAL VALLARTA 185, Puerto Vallarta, Mexico",20.640769,-105.225918,2,2,,Apartment,CENTURY 21 Ocean Realty,2026-08-14T03:29:12.493,https://files-api.properstar.com/api/v2/files/7831aa8a-4872-4cb1-887c-a38ea63429e1/1; https://files-api.properstar.com/api/v2/files/4a6dbe58-96b2-44f7-a43e-e823d26f301f/1; https://files-api.properstar.com/api/v2/files/507f63fd-f9f5-4bc8-8fef-55bd51f2a046/1; https://files-api.properstar.com/api/v2/files/be88e383-592c-45de-a8f5-2f9061486f9a/1; https://files-api.properstar.com/api/v2/files/eb6b9288-2cec-4fac-a007-c3a1068204c4/1; https://files-api.properstar.com/api/v2/files/227c8a92-c9db-4443-995c-1fc7ff3f3d94/1; https://files-api.properstar.com/api/v2/files/65a6769b-4bdf-4931-86f3-84aa487c9740/1; https://files-api.properstar.com/api/v2/files/bdd4f4cb-50a3-4464-951b-7309c988e0a6/1; https://files-api.properstar.com/api/v2/files/c4ada404-4091-4d6d-9834-30290a4a158c/1; https://files-api.properstar.com/api/v2/files/ff83f640-5e32-4ad5-9f5c-67a9575c6f01/1; https://files-api.properstar.com/api/v2/files/a186993e-163b-45a5-8eb9-e09eea19b05b/1; https://files-api.properstar.com/api/v2/files/626a61e2-76cb-49a2-8097-a70b1569d603/1; https://files-api.properstar.com/api/v2/files/c3a162b2-6d15-4958-950a-1db6ef6a92aa/1; https://files-api.properstar.com/api/v2/files/3601fc1f-2eb4-48b3-9769-d9b2a2adc984/1; https://files-api.properstar.com/api/v2/files/cf327700-28ad-4306-8798-e160f707c4af/1; https://files-api.properstar.com/api/v2/files/19186c84-7fa2-41b7-9b99-d4456ffe9ac7/1; https://files-api.properstar.com/api/v2/files/580fe182-9df3-4190-bcc4-8acbe775f1f6/1; https://files-api.properstar.com/api/v2/files/ca8cc6a4-33b7-450a-9abb-12fbadd6942f/1; https://files-api.properstar.com/api/v2/files/3defb9b7-56df-4726-a3bc-4df0589d24bb/1
119474697,"Studio for rent in Valarte,Fluvial,Puerto Vallarta,Jal.",https://www.properstar.co.uk/listing/119474697,"GBP 1,127","Avenida Fluvial Vallarta 185, Puerto Vallarta, Mexico",20.640769,-105.225918,,1,,Apartment,CENTURY 21 IBARRIA Realtors,2026-08-11T03:14:09.71,https://files-api.properstar.com/api/v2/files/67380194-34c1-4a3e-9201-65a411480921/1; https://files-api.properstar.com/api/v2/files/1813da1e-ae7f-4039-92d9-1d6c5ba72802/1; https://files-api.properstar.com/api/v2/files/b40bde60-7140-48b7-af1a-72ff670946bb/1; https://files-api.properstar.com/api/v2/files/02c33247-6a19-4497-85ec-29d885888df0/1; https://files-api.properstar.com/api/v2/files/9aaa4762-3134-4912-8eca-897a4944d2ec/1; https://files-api.properstar.com/api/v2/files/33094d7f-07e8-4d90-bc3c-0cecbaca918d/1; https://files-api.properstar.com/api/v2/files/463f804d-4439-491a-a678-04638f4ffaa7/1; https://files-api.properstar.com/api/v2/files/edb7b695-5158-48c6-a6fa-b9a11ccd57be/1; https://files-api.properstar.com/api/v2/files/c8c0e1ef-140f-4c9f-80ef-1d2f93b9c455/1; https://files-api.properstar.com/api/v2/files/eb7daead-8faf-4f46-8b3a-95bcca4aa2ee/1; https://files-api.properstar.com/api/v2/files/9118a6ba-fe88-447b-97b9-50602f6f2ab9/1; https://files-api.properstar.com/api/v2/files/b56de1f1-a853-49c9-bf21-e1333a1c7f78/1; https://files-api.properstar.com/api/v2/files/68a7e6da-9e95-4b2f-9c04-6fb4567ce556/1; https://files-api.properstar.com/api/v2/files/5ab05ece-f9c4-45c1-a2cb-8ac3db672b54/1; https://files-api.properstar.com/api/v2/files/55596655-97ce-4b6e-a8b3-15d9c5d0c026/1; https://files-api.properstar.com/api/v2/files/8d1e9d52-9a34-4d64-87a2-7ce62183d42e/1; https://files-api.properstar.com/api/v2/files/ad8603bc-b126-455c-857d-b8568d974ac2/1; https://files-api.properstar.com/api/v2/files/f5ebfaa3-d0d9-47ec-8292-cc526eafe182/1; https://files-api.properstar.com/api/v2/files/da823dda-117a-42f7-911e-85a1ef3b438f/1; https://files-api.properstar.com/api/v2/files/13ff9250-1976-4f11-bca0-1f5c656de4b4/1; https://files-api.properstar.com/api/v2/files/3cfef888-3e16-4c3b-88f2-50ef91699308/1; https://files-api.properstar.com/api/v2/files/0e5effc5-21fa-44ae-84ce-1b881bab0707/1; https://files-api.properstar.com/api/v2/files/b3cca8ce-d600-48bc-9242-f0d87e8dbbd6/1; https://files-api.properstar.com/api/v2/files/039ae73e-586a-403b-b464-4aec0a317c12/1; https://files-api.properstar.com/api/v2/files/2c5372c7-f8e6-44e3-9499-142ea93b9299/1; https://files-api.properstar.com/api/v2/files/cf5f1c4f-e206-41eb-af33-d4a8ab6fadb6/1; https://files-api.properstar.com/api/v2/files/c6efdbb6-b122-440a-adf3-93b75116e3c0/1; https://files-api.properstar.com/api/v2/files/cca20b29-3567-4dcf-9454-4219b129ca81/1; https://files-api.properstar.com/api/v2/files/8f53225e-5816-4208-b7f0-66497968f9d8/1; https://files-api.properstar.com/api/v2/files/520aea3a-5e25-4b00-8a8d-8f967395edec/1; https://files-api.properstar.com/api/v2/files/c34fcc21-76c4-4354-b7c5-7557a4fde4c4/1; https://files-api.properstar.com/api/v2/files/645258c4-9516-4718-ab4f-c4d0cce1627e/1; https://files-api.properstar.com/api/v2/files/e79be30c-2a52-44e8-b47e-002c0ffe7e83/1
119474633,"Apartment for rent in Centrika,Fluvial,Puerto Vallarta,Jal.",https://www.properstar.co.uk/listing/119474633,"GBP 1,083","Rio Yaki 239, Puerto Vallarta, Mexico",20.652788,-105.227032,,2,,Apartment,CENTURY 21 IBARRIA Realtors,2026-08-11T03:14:09.71,https://files-api.properstar.com/api/v2/files/ce86de53-9d45-4486-9ec5-be4f71b423af/1; https://files-api.properstar.com/api/v2/files/3ae2bb7a-543c-40e0-b39e-8943f982cbf7/1; https://files-api.properstar.com/api/v2/files/9dbcf134-cda6-4fc3-ab6d-b15105427305/1; https://files-api.properstar.com/api/v2/files/6bd6eaa6-b533-4245-9390-963302f25c1d/1; https://files-api.properstar.com/api/v2/files/0e61807c-e986-429b-a9f0-a3f950202bd8/1; https://files-api.properstar.com/api/v2/files/1d27e018-0187-42a5-a6d6-30609d3b0db8/1; https://files-api.properstar.com/api/v2/files/1095f16b-06d7-4a75-be5c-a59db7b4773d/1; https://files-api.properstar.com/api/v2/files/1c930537-4249-464a-8557-26d08c506388/1; https://files-api.properstar.com/api/v2/files/f053b123-9d3a-4297-a54d-9bbc03e8f7dd/1; https://files-api.properstar.com/api/v2/files/28e39559-618b-4fa1-ada3-56ace058add2/1; https://files-api.properstar.com/api/v2/files/60988556-409d-4efc-85a1-432770f870f2/1; https://files-api.properstar.com/api/v2/files/58f7607f-79e3-4fdf-b43e-bb2b515b06a3/1; https://files-api.properstar.com/api/v2/files/1a6e53f1-6fa0-4c1b-a98c-c549e8d1b0f0/1; https://files-api.properstar.com/api/v2/files/3d3d8d77-ee53-415d-83ef-79efd1aa054f/1; https://files-api.properstar.com/api/v2/files/e19a44ac-0c2d-421b-8fb6-1374cf094e51/1; https://files-api.properstar.com/api/v2/files/bdfab304-9595-4609-9e3a-490a812569d5/1; https://files-api.properstar.com/api/v2/files/5a4196a6-4669-4b21-8c36-bcafb5afb463/1; https://files-api.properstar.com/api/v2/files/fc7e13c0-fe30-4f19-aaeb-7d4ceab958b3/1; https://files-api.properstar.com/api/v2/files/5a762ec6-3e44-44fc-bdee-7155700639b7/1; https://files-api.properstar.com/api/v2/files/55a8a612-f778-4dd7-8fe9-7aa763ed33c9/1
119475003,"Apartment for rent in Punto Madeira,Versalles,Puerto Vallarta,Jal.",https://www.properstar.co.uk/listing/119475003,"GBP 1,192","Havre 239, Puerto Vallarta, Mexico",20.637222,-105.228592,1,1,,Apartment,CENTURY 21 IBARRIA Realtors,2026-08-11T03:14:09.71,https://files-api.properstar.com/api/v2/files/b07aa5ce-5f92-4ac0-9c92-45286e011765/1; https://files-api.properstar.com/api/v2/files/2511c13c-ce9c-42af-8773-7643b29008ac/1; https://files-api.properstar.com/api/v2/files/3ae7cdb9-8c1d-4919-87d8-f681c7cc9aab/1; https://files-api.properstar.com/api/v2/files/c9819cc2-72d1-475d-9d3f-ea630fbc2d0c/1; https://files-api.properstar.com/api/v2/files/eed4350a-a483-4112-861b-ea0d4cafa69f/1; https://files-api.properstar.com/api/v2/files/e0285bcd-1c92-4724-a42b-6bc84322a6f4/1; https://files-api.properstar.com/api/v2/files/d6dacd02-0917-4263-bf89-a14f11a7fee2/1; https://files-api.properstar.com/api/v2/files/5f3af79e-3388-47ee-949a-ece47d6416de/1; https://files-api.properstar.com/api/v2/files/9423de3b-2ee7-404e-b999-9ee940bb5da7/1; https://files-api.properstar.com/api/v2/files/46befac0-3034-4312-ab55-ce5305ee1241/1; https://files-api.properstar.com/api/v2/files/ab508719-bdae-43ee-a087-91c7bf1a65e4/1; https://files-api.properstar.com/api/v2/files/4781f332-4f62-4b3a-b1f1-4c2e1498c21f/1; https://files-api.properstar.com/api/v2/files/17d4c242-3fa0-4ba0-b17e-76aa222f5ebf/1; https://files-api.properstar.com/api/v2/files/3d1f5ddb-19e5-491a-b0b0-36e8fc9fa81d/1; https://files-api.properstar.com/api/v2/files/bff6ffa4-8b6c-4e2b-9990-c16d2bb35173/1; https://files-api.properstar.com/api/v2/files/69118bf6-bb4b-4683-b5ca-b410125e9795/1; https://files-api.properstar.com/api/v2/files/2d03f29d-c4a2-42ff-9f89-d855f7032b30/1; https://files-api.properstar.com/api/v2/files/5ee5b497-2656-4851-97f8-117a967fbdcd/1; https://files-api.properstar.com/api/v2/files/087c6553-c389-4db8-a807-f9dff6972f3c/1; https://files-api.properstar.com/api/v2/files/c1156c23-f967-43f9-a732-1c4af159dd57/1; https://files-api.properstar.com/api/v2/files/45ce60c6-e23f-4a4a-ac3d-94c09823b77e/1; https://files-api.properstar.com/api/v2/files/f5413c57-52c3-4bd3-b479-4fed576c0e60/1; https://files-api.properstar.com/api/v2/files/d97cd10a-f1f8-4a1b-980f-250e563a2932/1; https://files-api.properstar.com/api/v2/files/bf915852-eeff-4ab3-ac26-c7be3807289c/1; https://files-api.properstar.com/api/v2/files/a6cac980-068a-4b20-ab75-1a42d37c7103/1
119477774,"Apartment for rent in Zona Hotelera Norte, Puerto Vallarta, Jalisco",https://www.properstar.co.uk/listing/119477774,"GBP 3,553","Av. Francisco Medina Ascencio, 2477, Zona Hotelera Norte, Puerto Vallarta, Mexico",20.644033,-105.238516,4,5,2583.3396,Apartment,mauro preciado,2026-08-11T06:57:36.297,https://files-api.properstar.com/api/v2/files/7619bc59-fe3e-4c93-aa07-218ad349f0ab/1; https://files-api.properstar.com/api/v2/files/e9cb1201-dccb-448a-a993-7544d0dd2575/1; https://files-api.properstar.com/api/v2/files/027209de-7ec4-4167-8ae4-6e3a8059085d/1; https://files-api.properstar.com/api/v2/files/ee928e77-4838-455d-a3d9-a348e406fa2d/1; https://files-api.properstar.com/api/v2/files/7f565278-cfd3-4d67-9405-6a57ab99e527/1; https://files-api.properstar.com/api/v2/files/2f96e1dc-fc35-4698-9683-56d9d0620caa/1; https://files-api.properstar.com/api/v2/files/917645ed-03a8-41ba-870e-84ba23e07508/1; https://files-api.properstar.com/api/v2/files/c1b38c34-a97a-4662-900d-d98b88301887/1; https://files-api.properstar.com/api/v2/files/95998d87-ae95-4696-8055-62092e474e56/1; https://files-api.properstar.com/api/v2/files/b1ef2b09-f6ba-4f51-b4ea-fc309bef8dbb/1; https://files-api.properstar.com/api/v2/files/f2215f9b-9f73-4120-9359-f513cc26a604/1; https://files-api.properstar.com/api/v2/files/a6d60ee5-2dbc-459c-ac16-20bb35760ad4/1; https://files-api.properstar.com/api/v2/files/eaee5e3e-5e4a-4510-a82b-0deeb55a8832/1; https://files-api.properstar.com/api/v2/files/686f1b1b-ca67-4e52-8f24-29bfcd32bed4/1; https://files-api.properstar.com/api/v2/files/10885637-1d25-48ee-887c-c3518c813063/1; https://files-api.properstar.com/api/v2/files/9223e2ce-34b5-4b3c-b690-514e42a34fee/1; https://files-api.properstar.com/api/v2/files/1c9a420e-0719-45ff-971e-77b8e81fb182/1; https://files-api.properstar.com/api/v2/files/1555970a-64e3-4968-89bd-e36bb4504c10/1; https://files-api.properstar.com/api/v2/files/39ca2873-9742-400f-8b3e-cd6d767185e0/1; https://files-api.properstar.com/api/v2/files/43b7ef3d-cd7b-43bf-8b9c-6a548a40ac91/1; https://files-api.properstar.com/api/v2/files/8eebb717-1e17-4568-ae8c-31e4dfbcdbaf/1; https://files-api.properstar.com/api/v2/files/75f55cd6-1b59-4cc8-81cd-b7cfc3c16b95/1
117975352,"Apartment for rent in Zona Hotelera Norte, Puerto Vallarta, Jalisco",https://www.properstar.co.uk/listing/117975352,GBP 607,"Las Garzas, 510, Zona Hotelera Norte, Puerto Vallarta, Mexico",20.64787,-105.238497,1,1,645.8349,Apartment,mauro preciado,2026-07-07T15:17:09.803,https://files-api.properstar.com/api/v2/files/2313f01e-b8f0-4910-b004-0cf24b79dd02/1; https://files-api.properstar.com/api/v2/files/cc8266b5-54c3-4402-8db4-694eed341eb9/1; https://files-api.properstar.com/api/v2/files/11fe2d4e-535f-4a3d-83ae-cf0119dbec62/1; https://files-api.properstar.com/api/v2/files/f979df2a-0d90-463e-859f-7f71b9e1df69/1; https://files-api.properstar.com/api/v2/files/86b03835-be51-4205-b94d-8329b787342b/1; https://files-api.properstar.com/api/v2/files/341166da-c347-4fe5-863f-7ab636d1cd0d/1; https://files-api.properstar.com/api/v2/files/3199e718-c8cf-4876-a458-a44db94d6afa/1; https://files-api.properstar.com/api/v2/files/a358022b-3427-46c1-8bbd-52a0fab2d35d/1; https://files-api.properstar.com/api/v2/files/7d60ccfa-0154-4878-a51c-ed319cecb0a5/1; https://files-api.properstar.com/api/v2/files/88fc1b58-b2f4-4526-b163-89f9a01aefd3/1; https://files-api.properstar.com/api/v2/files/84992862-9b8e-44bf-80a0-e9ae684998d1/1; https://files-api.properstar.com/api/v2/files/d6dcd9fe-b331-4d91-bf86-b114ce3d27a7/1; https://files-api.properstar.com/api/v2/files/15bde9f1-4874-48c9-bee5-308a9e15f768/1; https://files-api.properstar.com/api/v2/files/e62c1a1f-b54f-48bf-a4fd-91f879d68667/1; https://files-api.properstar.com/api/v2/files/240cc2ee-a5c9-4b8e-a39a-754d4ce62556/1; https://files-api.properstar.com/api/v2/files/3f207374-893e-450e-bd63-02435a1f9358/1; https://files-api.properstar.com/api/v2/files/8d74e1f5-0cc9-4ef8-953a-b7dbefa31a95/1; https://files-api.properstar.com/api/v2/files/9ef6560f-bd5a-4d27-93db-ffa64b1c1ba6/1; https://files-api.properstar.com/api/v2/files/828e13e9-fa2e-4e05-ab56-6be665348c70/1
117482720,ALTEA,https://www.properstar.co.uk/listing/117482720,GBP 997,"AV MEXICO 1200 INT 402 TORRE C, Puerto Vallarta, Mexico",20.668009,-105.225869,2,2,,Apartment,CENTURY 21 Ocean Realty,2026-06-11T03:26:12.3,https://files-api.properstar.com/api/v2/files/d2f4403b-4e23-4cb9-a20c-6fa09bdd850b/1; https://files-api.properstar.com/api/v2/files/675a434b-19b5-4bd4-8f4a-8ce00862db2c/1; https://files-api.properstar.com/api/v2/files/67fa1ed7-51bd-4524-b48c-02a480315f02/1; https://files-api.properstar.com/api/v2/files/f94c6787-d374-4738-b2d0-dd378d179b8e/1; https://files-api.properstar.com/api/v2/files/d5fdb3eb-9143-42f4-baae-6f09f78e38a6/1; https://files-api.properstar.com/api/v2/files/41427451-cc8b-4721-bc7d-087a93266c06/1; https://files-api.properstar.com/api/v2/files/79cb9b92-6637-44c1-aaba-ae5ea19be354/1; https://files-api.properstar.com/api/v2/files/920f7e19-ef2f-4892-910d-25854e44cd5c/1; https://files-api.properstar.com/api/v2/files/66020bd5-efbc-45a8-9d67-76568271ff77/1; https://files-api.properstar.com/api/v2/files/2d236e06-39b9-4f4e-ab03-ec89a02fad4a/1; https://files-api.properstar.com/api/v2/files/d4ab5783-6f12-449d-b282-44ce6122010f/1; https://files-api.properstar.com/api/v2/files/b2ec5d8d-69f5-40bd-b0e1-56102841ffda/1; https://files-api.properstar.com/api/v2/files/6075a0e1-e6d5-4d72-b7d2-c8a8db7177bf/1; https://files-api.properstar.com/api/v2/files/e2e8850d-dc1e-483c-a526-1a03948e6841/1; https://files-api.properstar.com/api/v2/files/a71238a8-cb31-4249-9761-1bba77cd6cac/1; https://files-api.properstar.com/api/v2/files/c54c6674-e61a-44f8-8289-820b9bf1bbb8/1; https://files-api.properstar.com/api/v2/files/a731e4fb-0e96-4876-8a1e-f59121824285/1; https://files-api.properstar.com/api/v2/files/ff33d44c-56c2-4de9-b816-aaee330073be/1; https://files-api.properstar.com/api/v2/files/7914a822-5d0d-43c6-871c-fc969a46dd32/1; https://files-api.properstar.com/api/v2/files/8de7ce55-0ca4-45b3-9e74-e17832a5c4e8/1; https://files-api.properstar.com/api/v2/files/cf7c4011-167f-4a7d-b2b3-3ec690acb30f/1; https://files-api.properstar.com/api/v2/files/69c809d3-30fb-447d-a25d-a84e38c3058b/1; https://files-api.properstar.com/api/v2/files/aab5c1d5-bcac-4ec4-b894-132d571ca31f/1; https://files-api.properstar.com/api/v2/files/ad2fccac-a868-4448-879e-f1fc426e335c/1; https://files-api.properstar.com/api/v2/files/03b1caf0-45c1-42df-8c37-2888b96e3694/1; https://files-api.properstar.com/api/v2/files/69d80fdc-26c5-4e39-a436-175da90828a7/1; https://files-api.properstar.com/api/v2/files/4bbab3b8-2d77-41ca-a665-a3fa4e6df6df/1; https://files-api.properstar.com/api/v2/files/a9468b6e-a06a-4d47-ae90-45751f438982/1; https://files-api.properstar.com/api/v2/files/02a3e851-a767-4295-9e7e-dfdc3625ee94/1
117181542,"Apartment for rent in Zoho Skies, Puerto Vallarta",https://www.properstar.co.uk/listing/117181542,"GBP 1,365","MARIA MONTESORI 360, Puerto Vallarta, Mexico",20.652084,-105.229825,1,2,,Apartment,CENTURY 21 Ocean Realty,2026-06-02T03:10:35.72,https://files-api.properstar.com/api/v2/files/e91aae74-b9ce-4802-aa09-144b1da003a1/1; https://files-api.properstar.com/api/v2/files/68bdfece-61ba-412f-b5d2-9579b2aa0d12/1; https://files-api.properstar.com/api/v2/files/5ff8fc1d-3b3f-4688-9786-555030133a87/1; https://files-api.properstar.com/api/v2/files/e8d2dd84-ad1e-4874-a3d2-b32fdae0e550/1; https://files-api.properstar.com/api/v2/files/4b8a9c50-fbb5-40f2-b46b-ca9f0b3c7a28/1; https://files-api.properstar.com/api/v2/files/7adc2901-1802-474e-a545-ecef687c9f65/1; https://files-api.properstar.com/api/v2/files/97841ff7-a75d-4f3f-80d0-00dae53b0ede/1; https://files-api.properstar.com/api/v2/files/31df27b1-225e-47e2-9247-d3d5db22ab87/1; https://files-api.properstar.com/api/v2/files/ed7451aa-d4b1-4527-94f5-af6eacc5d983/1; https://files-api.properstar.com/api/v2/files/f1768d6a-1db0-4b05-a14f-ec84ee696e0f/1; https://files-api.properstar.com/api/v2/files/de17b6f5-1130-42a6-ba58-3a0241f68ca5/1; https://files-api.properstar.com/api/v2/files/967a9b71-857d-43e0-96fe-bb42158a960b/1; https://files-api.properstar.com/api/v2/files/3a217a10-5cf8-41e2-8e2c-e42723691450/1; https://files-api.properstar.com/api/v2/files/df6c3b63-cea1-47b7-94c6-a3e1f6ee428b/1; https://files-api.properstar.com/api/v2/files/68fec9f4-ee0c-4fa5-a43f-c9626b47fc7b/1; https://files-api.properstar.com/api/v2/files/e2079598-d259-42a4-83bc-e7ba6e9ace39/1; https://files-api.properstar.com/api/v2/files/46948953-d4d2-4160-b7d7-31116fa7cf78/1; https://files-api.properstar.com/api/v2/files/7a145a33-8609-487c-9d7b-34e4d5d9a34b/1; https://files-api.properstar.com/api/v2/files/71427884-3534-453c-a840-261d0009fc2c/1; https://files-api.properstar.com/api/v2/files/b302cf7e-b016-4b88-a41f-2c8066d6cd56/1; https://files-api.properstar.com/api/v2/files/e2479180-07b0-42f8-a8a1-3ad7041716ed/1; https://files-api.properstar.com/api/v2/files/f40ea1c4-00b1-4155-98f5-13aca48bb673/1; https://files-api.properstar.com/api/v2/files/87def24a-5a12-47db-ad34-4892d7cf12b3/1; https://files-api.properstar.com/api/v2/files/2261ce2c-bd4f-4b61-8ae1-2e444fcf3e4a/1; https://files-api.properstar.com/api/v2/files/eb0617dd-027e-42ad-8c10-dad07c98c3b0/1
119222042,"House for rent in De las Juntas Delegation, Puerto Vallarta, Jalisco",https://www.properstar.co.uk/listing/119222042,GBP 867,"Joaquin Amaro, 403, De las Juntas Delegacion, Puerto Vallarta, Mexico",20.694519,-105.244087,3,3,968.7523,House,mauro preciado,2026-07-31T06:59:01.273,https://files-api.properstar.com/api/v2/files/7ee24cf8-f232-437a-a277-886aa0688065/1; https://files-api.properstar.com/api/v2/files/75191b93-18f1-497b-813f-51cf1e918161/1; https://files-api.properstar.com/api/v2/files/f1f38e67-35c0-4b52-9ab7-3d418eea0a92/1; https://files-api.properstar.com/api/v2/files/d90fa13d-c7fa-4a18-a4b8-d713388ac0ab/1; https://files-api.properstar.com/api/v2/files/1386aa9d-6e3e-4a45-aff9-3b01ba886d21/1; https://files-api.properstar.com/api/v2/files/53f0a95f-2a7a-448f-bb92-6bf359d7ff50/1; https://files-api.properstar.com/api/v2/files/4f29a3ae-dea0-48fd-b0a9-fee28d83f2e2/1; https://files-api.properstar.com/api/v2/files/ba83d5e0-e79c-425b-ae16-dda041c2540b/1; https://files-api.properstar.com/api/v2/files/3a4650dd-80d5-4830-b788-44e6bac1eb70/1; https://files-api.properstar.com/api/v2/files/520521b0-49a7-4d43-ab2a-875851ee6b2e/1; https://files-api.properstar.com/api/v2/files/0e067897-3c77-4bee-a0cb-f7d088be2e02/1; https://files-api.properstar.com/api/v2/files/3f8cafb6-f37b-4f4a-a4ce-de8251ba8d6d/1; https://files-api.properstar.com/api/v2/files/eb930805-5f15-4229-8119-e2e9c9c822e6/1; https://files-api.properstar.com/api/v2/files/57d7b91d-2c5e-42c5-a7eb-9d7881fff3ee/1; https://files-api.properstar.com/api/v2/files/c2698e8c-02b4-4dec-9d6c-c0316e4cd9c4/1; https://files-api.properstar.com/api/v2/files/5c7cb46a-1bb1-4d7f-8281-32fd4842c538/1; https://files-api.properstar.com/api/v2/files/cd02618d-e005-49fb-a092-7d9517ebab37/1; https://files-api.properstar.com/api/v2/files/0b5880eb-cb01-4404-9645-6cd4c877e791/1; https://files-api.properstar.com/api/v2/files/435788c3-d1ae-4368-b2a5-178fab62290a/1; https://files-api.properstar.com/api/v2/files/fa81ca17-e66b-417f-821d-7e754a6bf7b8/1; https://files-api.properstar.com/api/v2/files/06ebb620-cd69-4bc8-afe2-9765f96d348c/1; https://files-api.properstar.com/api/v2/files/7e3cb15a-4c52-45c9-be75-6600d69b2ef5/1; https://files-api.properstar.com/api/v2/files/86957fed-6f72-465f-840f-275553eaf3ca/1
119222029,"House for rent in Villas Universidad, Puerto Vallarta, Jalisco",https://www.properstar.co.uk/listing/119222029,GBP 910,"Palmares , 57, Villas Universidad, Puerto Vallarta, Mexico",20.678919,-105.221132,3,3,1614.58716,House,mauro preciado,2026-07-31T06:59:01.273,https://files-api.properstar.com/api/v2/files/d562eb60-0930-40a7-92da-b05cabc86c08/1; https://files-api.properstar.com/api/v2/files/b3635e37-a996-4c34-9c2d-e0ec7d5dc068/1; https://files-api.properstar.com/api/v2/files/d4a26b04-1192-4f5e-8bcb-17f704ba9a5c/1; https://files-api.properstar.com/api/v2/files/c4d692cd-b4ff-41f5-9e2e-623285d07a2d/1; https://files-api.properstar.com/api/v2/files/6a693b6e-fcf2-43cd-bf8e-9ca2e3d97732/1; https://files-api.properstar.com/api/v2/files/03c3fe76-6fa6-4813-b7b7-39c1aaa74c04/1; https://files-api.properstar.com/api/v2/files/a65054ed-ea3e-4ded-b781-771a29cd5483/1; https://files-api.properstar.com/api/v2/files/435ed190-1eee-46a1-a92b-9ff9efbc6945/1; https://files-api.properstar.com/api/v2/files/6da2be78-3b28-4d33-a3d2-becad089c257/1; https://files-api.properstar.com/api/v2/files/982f7499-9d07-4fb0-b67b-15b991d032f6/1; https://files-api.properstar.com/api/v2/files/45e2e254-8126-434c-9b02-2058b45de331/1; https://files-api.properstar.com/api/v2/files/66d5bb54-70f8-44bd-ab08-e5cb8e5bace7/1; https://files-api.properstar.com/api/v2/files/b455dbca-ebee-49de-882c-be374c5f696a/1; https://files-api.properstar.com/api/v2/files/66a4effb-6aca-451c-be8d-fca310d4cd03/1; https://files-api.properstar.com/api/v2/files/a409da2b-8b41-4682-8d0e-905146fa0cb0/1; https://files-api.properstar.com/api/v2/files/ee8fbe6f-878e-4276-857d-bc780e04fecb/1; https://files-api.properstar.com/api/v2/files/cffe19d2-b17c-49a1-a11c-d3b445095e63/1; https://files-api.properstar.com/api/v2/files/1fc13a7c-7174-4b93-8640-8ae971a5930f/1; https://files-api.properstar.com/api/v2/files/cb22f5ca-3c46-4324-bdae-c8bbb99ce984/1; https://files-api.properstar.com/api/v2/files/18a105fc-2912-4c2a-bfdc-af740cb52076/1; https://files-api.properstar.com/api/v2/files/81f2262c-8707-45e9-9a32-30a6f7784210/1; https://files-api.properstar.com/api/v2/files/bae5f46c-bf20-46f9-bdd7-411629c1644d/1; https://files-api.properstar.com/api/v2/files/27db0054-1e09-475c-85ad-a697398e4c93/1; https://files-api.properstar.com/api/v2/files/f0eefc1b-8593-4f7d-9368-123364531b72/1; https://files-api.properstar.com/api/v2/files/45f268f4-a1f8-4608-80d3-d1de08e5c6a3/1; https://files-api.properstar.com/api/v2/files/eb604359-387d-4c32-96ed-6b1c7ea18380/1; https://files-api.properstar.com/api/v2/files/42945e2e-504f-4e3c-9c13-304e44053ec3/1; https://files-api.properstar.com/api/v2/files/9927a1cc-88ab-42f6-b768-e5a4ac4c70a3/1; https://files-api.properstar.com/api/v2/files/63ec174e-1c30-429c-87a6-50b00041ec6d/1; https://files-api.properstar.com/api/v2/files/78ef118f-ccb8-4b23-b9cd-bd5bf41f793e/1
119222030,"Apartment for rent in Los Sauces, Puerto Vallarta, Jalisco",https://www.properstar.co.uk/listing/119222030,GBP 563,"Canario, 120, Los Sauces, Puerto Vallarta, Mexico",20.640957,-105.215985,2,1,968.7523,Apartment,mauro preciado,2026-07-31T06:59:01.273,https://files-api.properstar.com/api/v2/files/f870a0ba-17f3-40b1-80d4-ff27bcf8c589/1; https://files-api.properstar.com/api/v2/files/8ad6bb4d-5bfb-495c-9b9a-1195a40b7256/1; https://files-api.properstar.com/api/v2/files/ec68bf6d-b112-4ed5-9559-a98a999d8102/1; https://files-api.properstar.com/api/v2/files/bb2a0d78-df84-4d5f-8028-5465484d149e/1; https://files-api.properstar.com/api/v2/files/20cf98ef-cbac-4d3c-ba9c-9686edd462ed/1
119222043,"Apartment for rent in Zona Hotelera Norte, Puerto Vallarta, Jalisco",https://www.properstar.co.uk/listing/119222043,GBP 563,"Av. Las Garzas, 510, Zona Hotelera Norte, Puerto Vallarta, Mexico",20.650267,-105.242299,1,1,861.1132,Apartment,mauro preciado,2026-07-31T06:59:01.273,https://files-api.properstar.com/api/v2/files/fa7df2cd-d6c4-4ac1-8c9f-3c8a58f7a75e/1; https://files-api.properstar.com/api/v2/files/fad07917-8be6-41cc-ae6a-9d17c7ac4a25/1; https://files-api.properstar.com/api/v2/files/a043af4b-2d7b-4ad2-bf7f-762b4c3c8300/1; https://files-api.properstar.com/api/v2/files/7c754571-5cd1-4467-9107-e37382923a26/1; https://files-api.properstar.com/api/v2/files/0c0cc472-8759-4566-bcb3-aaac1b6b79de/1; https://files-api.properstar.com/api/v2/files/0d3bd91a-23c5-49ca-aa0f-2ec096d32d25/1; https://files-api.properstar.com/api/v2/files/fe94c6fd-4d5e-4d06-b876-d9b63f8d7347/1; https://files-api.properstar.com/api/v2/files/4f25678e-3f3f-445f-ad0c-07cd55657a6d/1; https://files-api.properstar.com/api/v2/files/623c6341-34e1-4c98-af02-64c68cb15a7c/1; https://files-api.properstar.com/api/v2/files/85103ba1-60db-4769-9fc0-2ef962d3498e/1; https://files-api.properstar.com/api/v2/files/e7a14c26-058a-41b3-8af6-1bb1c68f509c/1; https://files-api.properstar.com/api/v2/files/5b65b977-96f5-4148-afa9-f7a8fafbe466/1; https://files-api.properstar.com/api/v2/files/f42e7d19-547b-4960-b7e3-5e31400bb4b6/1; https://files-api.properstar.com/api/v2/files/4682b9e5-acaf-4254-8871-9dc07f00ec4d/1; https://files-api.properstar.com/api/v2/files/4758f460-2cdf-4c3b-9b48-ec3d72e591d5/1
119222031,"Apartment for rent in La Marina, Puerto Vallarta, Jalisco",https://www.properstar.co.uk/listing/119222031,"GBP 1,127","Avenida Paseo de la Marina, 245, La Marina, Puerto Vallarta, Mexico",20.665199,-105.253073,1,1,968.7523,Apartment,mauro preciado,2026-07-31T06:59:01.273,https://files-api.properstar.com/api/v2/files/646ded5b-8bff-4ec1-bd42-2ebf7e9b5575/1; https://files-api.properstar.com/api/v2/files/85d0d929-42d9-4bb4-afde-eff5543d5467/1; https://files-api.properstar.com/api/v2/files/99327675-f4fb-4ea4-bac4-efdb2c81731d/1; https://files-api.properstar.com/api/v2/files/0bf3bf1a-630c-4c5d-90e7-da24d3fb14c4/1; https://files-api.properstar.com/api/v2/files/c63c8adc-af04-4a12-b4a8-5a65d5c1ca04/1; https://files-api.properstar.com/api/v2/files/c2bede0e-0442-4352-a9d2-17e07f7ee26c/1; https://files-api.properstar.com/api/v2/files/abb6a2f5-5218-4424-b1b4-e540c26c6702/1; https://files-api.properstar.com/api/v2/files/d368b430-6bbc-4d61-ba5a-e206d1a14a6b/1; https://files-api.properstar.com/api/v2/files/fbbc041c-09f4-4715-abc1-9c394ea27204/1; https://files-api.properstar.com/api/v2/files/ed8a5c9f-e9e9-49c7-8931-065107be3c7c/1; https://files-api.properstar.com/api/v2/files/c3a66244-0875-44bc-a330-237e27edc93a/1; https://files-api.properstar.com/api/v2/files/3a59cf73-5797-40e9-988c-e83769e175e4/1; https://files-api.properstar.com/api/v2/files/bacf7703-161e-47a6-a19a-c349e3489ea6/1; https://files-api.properstar.com/api/v2/files/e54a0e79-20f0-4809-a87c-620f253f9d22/1; https://files-api.properstar.com/api/v2/files/04170ef4-3259-4208-af2d-684db1066048/1; https://files-api.properstar.com/api/v2/files/284ea978-b880-4465-82c1-34fa392667a4/1; https://files-api.properstar.com/api/v2/files/71a0dfd5-87f5-422c-b836-33bfdae3a67c/1; https://files-api.properstar.com/api/v2/files/edd2290d-2311-4210-a4f9-2784e7734a1d/1; https://files-api.properstar.com/api/v2/files/525e4f64-4948-4d28-b4e7-30a0b28c95a5/1; https://files-api.properstar.com/api/v2/files/86726da2-829d-4bdc-b8bf-2fa8104f4673/1; https://files-api.properstar.com/api/v2/files/4bfe5234-3480-4468-948c-9df2e08c9870/1; https://files-api.properstar.com/api/v2/files/01f6291f-d7f5-4790-aabd-cf6bc867bacd/1; https://files-api.properstar.com/api/v2/files/ea328720-ef38-487f-a750-dc0dafcc9653/1; https://files-api.properstar.com/api/v2/files/b94d0b66-3131-4769-a739-58197ecedefb/1; https://files-api.properstar.com/api/v2/files/81535d80-db63-4148-a852-c7d45dca2dc9/1
119222044,"Apartment for rent in Zona Hotelera Norte, Puerto Vallarta, Jalisco",https://www.properstar.co.uk/listing/119222044,"GBP 2,167","Avenida Francisco Medina Ascencio, 2477, Zona Hotelera Norte, Puerto Vallarta, Mexico",20.644033,-105.238516,2,2,1905.21289,Apartment,mauro preciado,2026-07-31T06:59:01.273,https://files-api.properstar.com/api/v2/files/46866227-d163-42de-9128-4d1ee5d9dc2f/1; https://files-api.properstar.com/api/v2/files/cd27f5c2-b892-423f-92d9-3ad70927304b/1; https://files-api.properstar.com/api/v2/files/0776d7c3-688d-4ce8-9cfd-d7d18355119b/1; https://files-api.properstar.com/api/v2/files/d3a95b49-e31d-46bc-bbb1-8b88664ce29d/1; https://files-api.properstar.com/api/v2/files/7f2ff687-5cbf-4695-8d0b-a365926154c4/1
119222018,"Apartment for rent in Las Glorias, Puerto Vallarta, Jalisco",https://www.properstar.co.uk/listing/119222018,"GBP 2,167","Blvd Francisco Medina Ascencio, 2477, Las Glorias, Puerto Vallarta, Mexico",20.644596,-105.238085,2,2,1937.50464,Apartment,mauro preciado,2026-07-31T06:59:01.273,https://files-api.properstar.com/api/v2/files/b766abcc-422a-41a2-ae3c-7a88dd72f957/1; https://files-api.properstar.com/api/v2/files/2b2795d8-3d21-4c34-bf83-23ec850ab046/1; https://files-api.properstar.com/api/v2/files/f57315c2-d084-4cc1-a5bd-109cab3e5fc8/1; https://files-api.properstar.com/api/v2/files/ba599a14-5eb5-4de2-a5bb-ec08dead8b49/1; https://files-api.properstar.com/api/v2/files/3fa63f0e-6adf-4fad-8510-c9a3e8e67086/1; https://files-api.properstar.com/api/v2/files/e9d3903a-fa1d-4b2a-ba66-3b750451ecc3/1; https://files-api.properstar.com/api/v2/files/50c7c400-6ff1-4cf3-a4d5-6944325d5e25/1; https://files-api.properstar.com/api/v2/files/909fc6a6-811c-40ff-b6a3-0e9b29ed481a/1; https://files-api.properstar.com/api/v2/files/b4eaafb9-5071-4068-b241-e45433c85cd9/1; https://files-api.properstar.com/api/v2/files/827425f5-ed65-47e5-9d5e-661e390c01ab/1; https://files-api.properstar.com/api/v2/files/a7e7f291-75f8-412c-8b3f-e8b02312bae0/1; https://files-api.properstar.com/api/v2/files/33fce7a5-fd39-4a12-b5fe-d566ba28447c/1; https://files-api.properstar.com/api/v2/files/498b7875-f7f7-4c44-a53c-bb4a6cc72efd/1; https://files-api.properstar.com/api/v2/files/c40d10a3-7f14-47c4-a010-3b31353dace8/1; https://files-api.properstar.com/api/v2/files/8c3e1a46-a485-4200-94a5-a1679afe80b0/1; https://files-api.properstar.com/api/v2/files/f248dd2c-2c8f-4c1e-9b59-eb33a5040adf/1; https://files-api.properstar.com/api/v2/files/a4405c41-9487-48a7-8262-5b5f75cb6568/1; https://files-api.properstar.com/api/v2/files/a8c8dec7-e145-4208-9e27-e1066527c0c7/1; https://files-api.properstar.com/api/v2/files/ce151eed-30bd-4c49-9ff6-57d0c6f53700/1; https://files-api.properstar.com/api/v2/files/a2edd298-7303-4c2a-aa1b-c57bd84eaba0/1; https://files-api.properstar.com/api/v2/files/40bff241-c6ae-4ce8-98c9-9b0e3426e5c7/1; https://files-api.properstar.com/api/v2/files/403ae7f2-406f-447a-b63f-e18d0e530913/1; https://files-api.properstar.com/api/v2/files/5401ae78-b794-41e5-9e69-bfa84f32d0ca/1; https://files-api.properstar.com/api/v2/files/0f8428af-ddbc-4953-8159-1fc6604c59b5/1; https://files-api.properstar.com/api/v2/files/c4e4bfc1-793b-4aff-919c-68cb190fefff/1; https://files-api.properstar.com/api/v2/files/cdd82385-1948-4a22-bcfc-b1111246d5d1/1; https://files-api.properstar.com/api/v2/files/b00911b2-2c04-4aa0-ad1f-25f79d52b877/1; https://files-api.properstar.com/api/v2/files/47056b0e-ef80-4285-8401-e8be6e736ade/1; https://files-api.properstar.com/api/v2/files/12c396d9-a1d5-4da3-82d9-79cc0893a87f/1; https://files-api.properstar.com/api/v2/files/3d8722ca-2cdb-4469-9974-3561933a0c48/1
119222032,"Apartment for rent in Zona Hotelera Norte, Puerto Vallarta, Jalisco",https://www.properstar.co.uk/listing/119222032,"GBP 6,500","Avenida Francisco Medina Ascencio, 2477, Zona Hotelera Norte, Puerto Vallarta, Mexico",20.644033,-105.238516,5,6,3767.37,Apartment,mauro preciado,2026-07-31T06:59:01.273,https://files-api.properstar.com/api/v2/files/cc2d503f-bbd8-4f83-aa3f-7dcaf4af5fee/1; https://files-api.properstar.com/api/v2/files/05c4f15d-7526-4447-bb3f-29f35e316b52/1; https://files-api.properstar.com/api/v2/files/9e17b110-0477-4c84-921e-fedd73ed0f10/1; https://files-api.properstar.com/api/v2/files/1a0824f1-7de1-478f-986c-c30b5f00e3e3/1; https://files-api.properstar.com/api/v2/files/57a74bc3-0b1f-4fba-aec9-ad0a6f91aff1/1; https://files-api.properstar.com/api/v2/files/1b0f3ed9-f7ba-4f32-aa90-3844d14c6bb6/1; https://files-api.properstar.com/api/v2/files/f4758e54-c152-43b5-a837-94bf80e806fe/1; https://files-api.properstar.com/api/v2/files/135a10e3-537c-4cc8-bbd3-7708429338c3/1; https://files-api.properstar.com/api/v2/files/8a10ec98-72f2-45c3-b154-d8855e3570d9/1; https://files-api.properstar.com/api/v2/files/3d725674-0c71-4d04-a58b-72f80aa51338/1; https://files-api.properstar.com/api/v2/files/17d28ebe-35e6-440e-8a03-2cc1f4f65be8/1; https://files-api.properstar.com/api/v2/files/3834e07b-a486-4112-9745-e7a0490e892f/1; https://files-api.properstar.com/api/v2/files/49707266-cb37-4279-ae43-ee40d2ad1c69/1; https://files-api.properstar.com/api/v2/files/ac621fce-cb35-4c52-bcbb-70115b6582a5/1; https://files-api.properstar.com/api/v2/files/0bb87b19-4aed-4cbc-bbb7-36f8e3d8b28e/1; https://files-api.properstar.com/api/v2/files/eb11be55-ff91-4241-842d-a38c48d762df/1; https://files-api.properstar.com/api/v2/files/2bfe8bda-49b1-4a81-a05e-5461eaaea88a/1; https://files-api.properstar.com/api/v2/files/3bcdc468-22a3-4faa-b8a1-c776506f3603/1; https://files-api.properstar.com/api/v2/files/b57961c8-746d-4343-9ae9-d97c0d1f6357/1; https://files-api.properstar.com/api/v2/files/8d754bae-61bc-4f72-9c29-cfbf5685af89/1; https://files-api.properstar.com/api/v2/files/5a127d68-e5d2-46af-9565-f1394290eba7/1; https://files-api.properstar.com/api/v2/files/79352a32-12b9-4897-b7d5-2e6d4a3ddb73/1; https://files-api.properstar.com/api/v2/files/169e9ffe-0f46-46ef-9636-274c88d681c4/1; https://files-api.properstar.com/api/v2/files/cc1e92be-8f2b-47c7-952a-cdf444b203b0/1; https://files-api.properstar.com/api/v2/files/1146dc5c-f4de-4343-8acf-d47a3afa3a60/1; https://files-api.properstar.com/api/v2/files/26ab3004-f10b-4c42-b5f0-8c17186d06ba/1; https://files-api.properstar.com/api/v2/files/16e09d85-3454-471a-9ae9-6541051d801f/1; https://files-api.properstar.com/api/v2/files/655be6e4-6cde-4eb8-bc2a-6fe1715d618d/1; https://files-api.properstar.com/api/v2/files/f6b427e6-9383-46c6-b9ec-3497d5c3682f/1; https://files-api.properstar.com/api/v2/files/b3817b35-4bda-4bb6-9ccc-ae7e32b344ac/1
119222045,"Apartment for rent in Marina Vallarta, Puerto Vallarta, Jalisco",https://www.properstar.co.uk/listing/119222045,"GBP 1,257","Avenida Paseo de la Marina , 245, Marina Vallarta, Puerto Vallarta, Mexico",20.664872,-105.251914,1,1,1614.58716,Apartment,mauro preciado,2026-07-31T06:59:01.273,https://files-api.properstar.com/api/v2/files/4a643379-5c9e-4a22-8eba-549ecaacd6b1/1; https://files-api.properstar.com/api/v2/files/15728c2d-f4d6-4d8b-8437-181498c638ae/1; https://files-api.properstar.com/api/v2/files/4b590d3a-5dbe-47bb-9e59-0acac498ffcb/1; https://files-api.properstar.com/api/v2/files/823e23de-0ac8-498c-9bd7-743b68e70eb2/1; https://files-api.properstar.com/api/v2/files/aa50b123-e5eb-4017-9dfb-741ebd09eefa/1; https://files-api.properstar.com/api/v2/files/050d60c5-9f3e-4b32-8b69-1389b5b69063/1; https://files-api.properstar.com/api/v2/files/e741947b-ce3b-4be6-822e-0a84d410950e/1; https://files-api.properstar.com/api/v2/files/9aabe97d-1cdd-4805-8469-d8a48ad735f3/1; https://files-api.properstar.com/api/v2/files/d49b177e-6623-4227-a3ae-97fda0eb3a78/1; https://files-api.properstar.com/api/v2/files/204e6979-4e42-45db-8160-3047ba2f2460/1; https://files-api.properstar.com/api/v2/files/a0d07a66-4dd0-470b-8efc-27d2c6af8052/1; https://files-api.properstar.com/api/v2/files/20274ee1-b53f-46ba-a311-3dc4908a9ac8/1; https://files-api.properstar.com/api/v2/files/a991e356-ae68-42a5-ad5f-dc74b68770fa/1; https://files-api.properstar.com/api/v2/files/15072162-8479-4abd-b215-b30debfed6d0/1; https://files-api.properstar.com/api/v2/files/42f07955-6bf6-4090-bea9-fa703e8013e1/1; https://files-api.properstar.com/api/v2/files/598d0a5c-d83c-4098-919c-b5db366350fb/1; https://files-api.properstar.com/api/v2/files/61036b02-def1-4c5d-a229-4a3f2fd676b1/1; https://files-api.properstar.com/api/v2/files/f3f55663-9ed1-4580-a086-c439297eb563/1; https://files-api.properstar.com/api/v2/files/e77625d7-a8ba-4c00-8036-4b5263656e32/1; https://files-api.properstar.com/api/v2/files/3c2d8e87-1abf-4312-8faf-40776912c6d5/1; https://files-api.properstar.com/api/v2/files/13318cd9-c00d-4c95-bb01-17df7b3ba3aa/1; https://files-api.properstar.com/api/v2/files/5f77d7dd-7b28-4629-a650-4f47984b86b2/1; https://files-api.properstar.com/api/v2/files/50c23bae-3834-4d75-ac61-01f509eab156/1; https://files-api.properstar.com/api/v2/files/b6b08b11-7589-46bc-b2b7-9acfc23a0907/1; https://files-api.properstar.com/api/v2/files/4973269b-456b-40f2-8cfd-9818afbd1e88/1; https://files-api.properstar.com/api/v2/files/729853cd-e471-4d39-a2f7-6b032ed7dbe7/1; https://files-api.properstar.com/api/v2/files/6f115ef3-829f-417d-834d-da80c37a2526/1; https://files-api.properstar.com/api/v2/files/3d7e1840-bd0f-4463-8930-361688972bb6/1; https://files-api.properstar.com/api/v2/files/81aede72-2bf1-4021-9fd1-e03309222143/1; https://files-api.properstar.com/api/v2/files/277ef90b-d608-4ed2-b94f-210946d6268a/1
119222019,"Apartment for rent in Zona Hotelera Norte, Puerto Vallarta, Jalisco",https://www.properstar.co.uk/listing/119222019,GBP 477,"Av. Las Garzas, 510, Zona Hotelera Norte, Puerto Vallarta, Mexico",20.650267,-105.242299,1,1,602.7792,Apartment,mauro preciado,2026-07-31T06:59:01.273,https://files-api.properstar.com/api/v2/files/1ef43c22-d387-4170-951f-f7de20595ddd/1; https://files-api.properstar.com/api/v2/files/7f682f51-03bf-40c5-bf4c-c01385ad6e6c/1; https://files-api.properstar.com/api/v2/files/9addd5a6-225f-48b4-9efe-d84e221f393a/1; https://files-api.properstar.com/api/v2/files/46e82e57-b7a3-4525-b233-c000e764f58b/1; https://files-api.properstar.com/api/v2/files/f7ba5df3-c995-43f0-be99-ff80993beed5/1; https://files-api.properstar.com/api/v2/files/7e1e4670-4285-491e-9df3-9a835c529a0f/1; https://files-api.properstar.com/api/v2/files/0960061c-078b-4a81-8088-c17cc45b2f3d/1; https://files-api.properstar.com/api/v2/files/c0c85da4-4e63-4127-899f-826f61782ee4/1; https://files-api.properstar.com/api/v2/files/4a8a08ce-08c2-4942-821a-87e420a98cf2/1; https://files-api.properstar.com/api/v2/files/aeb7f67d-c264-459d-b522-0b063d909abd/1; https://files-api.properstar.com/api/v2/files/c56b1fbb-c64e-429e-893e-59b75df39de1/1; https://files-api.properstar.com/api/v2/files/03bfddff-b433-45a1-93a0-a0842cef43a3/1; https://files-api.properstar.com/api/v2/files/eb4489d1-040b-4a2b-aa43-f9d22089eaf7/1; https://files-api.properstar.com/api/v2/files/ca688f11-99ff-44ea-9d98-09503cf67882/1
119222020,"House for rent in De las Juntas Delegation, Puerto Vallarta, Jalisco",https://www.properstar.co.uk/listing/119222020,GBP 997,"Joaquin Amaro , 428, De las Juntas Delegacion, Puerto Vallarta, Mexico",20.693967,-105.244313,3,3,1291.6698,House,mauro preciado,2026-07-31T06:59:01.273,https://files-api.properstar.com/api/v2/files/3120d310-fbd5-4fe5-84f4-efc4520e8419/1; https://files-api.properstar.com/api/v2/files/131ad273-27b4-4bb0-aa71-365c3b51dd78/1; https://files-api.properstar.com/api/v2/files/c93aace8-7603-494d-82cf-d66f857a8d53/1; https://files-api.properstar.com/api/v2/files/971cc773-bba1-48f9-a274-8ca687988d1b/1; https://files-api.properstar.com/api/v2/files/665b5f04-c4dd-496c-a0e0-dd874ec09ece/1; https://files-api.properstar.com/api/v2/files/7e2bc87a-7c0e-4a97-ae33-3e7c6e2644ee/1; https://files-api.properstar.com/api/v2/files/db2acd1b-7484-4607-b74b-43764499554c/1; https://files-api.properstar.com/api/v2/files/30b2d2de-3ab2-498b-a889-99cc940be6e6/1; https://files-api.properstar.com/api/v2/files/1c8183c8-0062-47b3-9499-c4b276ddc047/1; https://files-api.properstar.com/api/v2/files/56f6feed-1e2b-486e-a805-e7ea3227ee18/1; https://files-api.properstar.com/api/v2/files/44bf68d7-84e6-49ed-bc14-cd1f710cd6f6/1; https://files-api.properstar.com/api/v2/files/48c8fa53-36a5-48a9-90af-f4655f70c406/1; https://files-api.properstar.com/api/v2/files/51877eca-5828-4353-9be1-b7515ddd4518/1; https://files-api.properstar.com/api/v2/files/c6e1305b-58a7-497d-b12a-295a3343b932/1; https://files-api.properstar.com/api/v2/files/d0e7e49a-668a-4bdb-a18e-b61be335c0d3/1; https://files-api.properstar.com/api/v2/files/c5840756-6d20-48ed-a760-2bfeb840235c/1; https://files-api.properstar.com/api/v2/files/df311a99-137e-4e18-838c-4cf4c82439f7/1; https://files-api.properstar.com/api/v2/files/b30623d2-e434-4050-81db-badf8046b8e4/1; https://files-api.properstar.com/api/v2/files/e32846ed-64a0-4aea-a26b-76c6061c1fd8/1; https://files-api.properstar.com/api/v2/files/ad2379f8-124d-48a9-a3ae-2e10f5602f9a/1; https://files-api.properstar.com/api/v2/files/a4ae8f57-656e-41d8-a5bb-d9a33a626a0d/1; https://files-api.properstar.com/api/v2/files/5a77913c-d666-4386-8cc6-f2f8374dc933/1; https://files-api.properstar.com/api/v2/files/2e526557-dc6c-4bb2-b518-8097044fb80b/1; https://files-api.properstar.com/api/v2/files/21059941-57a3-49fb-91a1-8a3c46866f0f/1; https://files-api.properstar.com/api/v2/files/09eada39-cb43-43f4-866a-acec250bcf7c/1; https://files-api.properstar.com/api/v2/files/a677f2c4-742f-4e67-b8b0-00e1db6272d4/1; https://files-api.properstar.com/api/v2/files/886bf1cc-cc06-4fe0-b355-2d4cfc8261a0/1; https://files-api.properstar.com/api/v2/files/145c7935-d462-4cf3-83ad-45c4d6da2851/1; https://files-api.properstar.com/api/v2/files/811cbe66-d65c-4c7b-871f-c45542caa3c6/1; https://files-api.properstar.com/api/v2/files/eb13bb50-9bef-4a82-84d0-83d03fe2aca3/1
119222033,"House for rent in De las Juntas Delegation, Puerto Vallarta, Jalisco",https://www.properstar.co.uk/listing/119222033,GBP 953,"Joaquin Amaro, 428, De las Juntas Delegacion, Puerto Vallarta, Mexico",20.693967,-105.244313,3,3,1184.03064,House,mauro preciado,2026-07-31T06:59:01.273,https://files-api.properstar.com/api/v2/files/28e1effb-e83d-4a77-a73b-327169c3ab8d/1; https://files-api.properstar.com/api/v2/files/fc8f144a-55bf-4cdd-8fd1-eed967ee9c5b/1; https://files-api.properstar.com/api/v2/files/78b1c5d1-1f99-4806-8279-e9ccb2889936/1; https://files-api.properstar.com/api/v2/files/40039a77-7712-47bb-a4e7-01f49bfc47e9/1; https://files-api.properstar.com/api/v2/files/cd76e275-6f60-4a49-8a18-ac313db9591d/1; https://files-api.properstar.com/api/v2/files/83fbfca5-4b20-481c-8e9c-242229ce070f/1; https://files-api.properstar.com/api/v2/files/38beb8c6-a71b-4f7e-8b2b-eceac0b4d2ec/1; https://files-api.properstar.com/api/v2/files/197b753f-ba66-4542-93d1-73e66283e0fc/1; https://files-api.properstar.com/api/v2/files/5e88451a-1172-4e7b-a7f0-58fe63f5ab4f/1; https://files-api.properstar.com/api/v2/files/07a7604a-47b8-43bd-bc38-bbc068975bcf/1; https://files-api.properstar.com/api/v2/files/f5673036-44c3-4aac-8cce-86c313567326/1; https://files-api.properstar.com/api/v2/files/119c9942-d38b-4374-894b-1acebac6427f/1; https://files-api.properstar.com/api/v2/files/1bd01bcc-ffcd-4ced-be6a-26b1836ba019/1; https://files-api.properstar.com/api/v2/files/1bafbc3d-fe14-4562-87ca-027e10e67b1c/1; https://files-api.properstar.com/api/v2/files/b72f9621-0db5-4dae-9c0c-482d89eb29f0/1; https://files-api.properstar.com/api/v2/files/d6fcf38a-8593-4dbd-b167-47573e0d553c/1; https://files-api.properstar.com/api/v2/files/b15e9f10-2ca6-45c4-9813-a9523feb0b18/1; https://files-api.properstar.com/api/v2/files/77c4f383-7489-4c20-9e61-dadeb681ab44/1; https://files-api.properstar.com/api/v2/files/bd51338e-3e5f-49d0-9675-c8c107b58ed9/1; https://files-api.properstar.com/api/v2/files/cfd879ac-7f81-4632-8db5-9da948dc6cc7/1; https://files-api.properstar.com/api/v2/files/8b7fd4ab-7b9d-4547-be5f-da69c6cc2a61/1; https://files-api.properstar.com/api/v2/files/92ef3466-31c1-4fe8-b9b3-072670cb2c99/1; https://files-api.properstar.com/api/v2/files/4b864644-78e2-4067-bf61-3e8aa3491778/1; https://files-api.properstar.com/api/v2/files/a435e746-2409-4c01-bd2d-206f85172233/1; https://files-api.properstar.com/api/v2/files/dfd574dc-526c-42c5-9079-cc8728bd15cb/1; https://files-api.properstar.com/api/v2/files/6927c19f-eb02-4432-a096-7a99a2d8291e/1; https://files-api.properstar.com/api/v2/files/95faed2a-03d1-4ab3-a8f5-82aee8b5b210/1
119222046,"Apartment for rent in Zona Hotelera Norte, Puerto Vallarta, Jalisco",https://www.properstar.co.uk/listing/119222046,GBP 477,"Av. de Las Garzas, 510, Zona Hotelera Norte, Puerto Vallarta, Mexico",20.650267,-105.242299,1,1,559.7236,Apartment,mauro preciado,2026-07-31T06:59:01.273,https://files-api.properstar.com/api/v2/files/c157306a-5849-4a0d-8826-b24512249255/1; https://files-api.properstar.com/api/v2/files/0510b70e-8b05-4fac-bfc5-21771133f4aa/1; https://files-api.properstar.com/api/v2/files/1a16b5da-12ce-4c12-a507-d7ff08876f05/1; https://files-api.properstar.com/api/v2/files/07523f87-3a5e-456e-b947-dac7c6657bb5/1; https://files-api.properstar.com/api/v2/files/8d5719fb-3387-4a3b-8519-0c09d95dda5b/1; https://files-api.properstar.com/api/v2/files/245d3732-ab66-4015-a0bf-95ee8eb577ab/1; https://files-api.properstar.com/api/v2/files/c1dd898c-32bd-4754-9824-3f22a65c1342/1; https://files-api.properstar.com/api/v2/files/aa9a2343-7aa6-406b-a505-b340e5c3a7ad/1; https://files-api.properstar.com/api/v2/files/a7dab06f-e465-49b9-8460-a6d003869646/1; https://files-api.properstar.com/api/v2/files/b1c21180-63f4-4c4c-9467-a76fbf42e828/1; https://files-api.properstar.com/api/v2/files/bf6ec029-52c6-46ec-876c-f8e270f1866f/1; https://files-api.properstar.com/api/v2/files/3800b93f-369c-45bd-83c4-f80d094cb377/1
117443426,"House for Rent in Puerto Vallarta, Jalisco",https://www.properstar.co.uk/listing/117443426,GBP 780,"Calle Veracruz 358, Las Mojoneras, 48290 Puerto Vallarta, Jal, México, Puerto Vallarta, Mexico",20.687607,-105.220825,3,3,1420.83667,Townhouse,KW Grand,2026-06-10T03:11:47.01,https://files-api.properstar.com/api/v2/files/d47256ac-253f-4201-9227-bf79611e6b07/1; https://files-api.properstar.com/api/v2/files/ed055342-4514-4733-9172-193567652466/1; https://files-api.properstar.com/api/v2/files/482736f9-9ac5-49d5-9a89-a51529ff5160/1; https://files-api.properstar.com/api/v2/files/78a81105-e99f-4c7b-8418-650840bb8f48/1; https://files-api.properstar.com/api/v2/files/e38ac131-c4ca-4041-8d3b-2d707e7552e7/1; https://files-api.properstar.com/api/v2/files/d4756971-bab6-4e40-aa67-0ee646076488/1; https://files-api.properstar.com/api/v2/files/ac0db74d-9c76-4ebe-9f74-79f23ec29bd9/1; https://files-api.properstar.com/api/v2/files/1f43b17c-e67f-415a-8569-203f5fa0ac4c/1; https://files-api.properstar.com/api/v2/files/3b8e96f2-c7be-482a-882f-21877e5d3d71/1; https://files-api.properstar.com/api/v2/files/eba429ca-029f-4364-968f-ec28f95b6f85/1; https://files-api.properstar.com/api/v2/files/ece590a1-9388-4362-90c4-0f9062e00d45/1; https://files-api.properstar.com/api/v2/files/9b917f45-db2b-4c9e-96ac-598fd3cfa05e/1; https://files-api.properstar.com/api/v2/files/24c625f4-b8da-4114-8194-73861df57a1f/1; https://files-api.properstar.com/api/v2/files/3d4cbc08-fa30-4d90-99dd-85e8db379963/1; https://files-api.properstar.com/api/v2/files/5a06e238-09d3-42be-bdd7-a2421b4cdcc0/1; https://files-api.properstar.com/api/v2/files/0a8ec037-957d-40c8-a234-b6082c15848e/1; https://files-api.properstar.com/api/v2/files/23532d20-8c22-4be4-a5cb-fbd5ccb13e69/1; https://files-api.properstar.com/api/v2/files/4fe2e52f-822a-4acc-bdb3-a77972d766a8/1; https://files-api.properstar.com/api/v2/files/f46e8fbf-662e-4fdb-88ae-1c0fcfb83094/1; https://files-api.properstar.com/api/v2/files/8ce46eab-72f9-48b0-b836-f8fe39f9c530/1; https://files-api.properstar.com/api/v2/files/4e153420-5268-4427-bc36-47b839ce4d08/1; https://files-api.properstar.com/api/v2/files/b4ff4794-2f5d-47f0-9920-b379b5759115/1; https://files-api.properstar.com/api/v2/files/40865d5d-5601-441c-af83-f3f9cc525d09/1; https://files-api.properstar.com/api/v2/files/2d065065-1e21-4a29-a303-79eec6e99291/1; https://files-api.properstar.com/api/v2/files/125f6009-33e5-499c-b66a-d9da803fa715/1; https://files-api.properstar.com/api/v2/files/f9f106da-f659-42e6-81da-a65c09b90684/1
119222021,"House for rent in Primavera de Vallarta, Puerto Vallarta, Jalisco",https://www.properstar.co.uk/listing/119222021,GBP 953,"Paseo de Los Maestros, 109, Primavera de Vallarta, Puerto Vallarta, Mexico",20.649906,-105.223038,4,4,1722.22644,House,mauro preciado,2026-07-31T06:59:01.273,https://files-api.properstar.com/api/v2/files/a64277b9-4d69-4d9a-ae34-ffe876265996/1; https://files-api.properstar.com/api/v2/files/f5726463-abaa-4525-9c20-33a842d5399b/1; https://files-api.properstar.com/api/v2/files/2b833685-811d-4c9d-b146-e0a15e85cae1/1; https://files-api.properstar.com/api/v2/files/e055f008-6b76-417b-b20b-59662b51a836/1; https://files-api.properstar.com/api/v2/files/bdc3a692-c278-4bd4-b343-bde5ad9c350c/1; https://files-api.properstar.com/api/v2/files/f438866a-f087-4c86-85e2-132f2dbeb75f/1; https://files-api.properstar.com/api/v2/files/2302fd1b-3094-437f-b48d-02e2ed3f821c/1; https://files-api.properstar.com/api/v2/files/81419197-88ff-405b-8df4-c3fa2d4c07e5/1; https://files-api.properstar.com/api/v2/files/0d06b5e2-ba33-4864-be4e-41ecef489682/1; https://files-api.properstar.com/api/v2/files/2260f603-7ef5-4dc7-9cc0-7fb635875f73/1; https://files-api.properstar.com/api/v2/files/2e87cf6e-6ecf-4697-b25d-eb1b827c3f95/1; https://files-api.properstar.com/api/v2/files/25bc1016-67bf-4200-81b5-0db78dabf48f/1; https://files-api.properstar.com/api/v2/files/fec78842-df5e-4658-a521-0bbf560e05f6/1
119222034,"Apartment for rent in Arboledas, Puerto Vallarta, Jalisco",https://www.properstar.co.uk/listing/119222034,GBP 823,"Mezquite, 447, Arboledas, Puerto Vallarta, Mexico",20.659543,-105.225697,2,2,1076.39148,Apartment,mauro preciado,2026-07-31T06:59:01.273,https://files-api.properstar.com/api/v2/files/d19c5b5c-d27a-46a8-8eb7-b8f4ed8683dc/1; https://files-api.properstar.com/api/v2/files/1a93f97f-03bd-4eaf-aa84-4e806dff2db6/1; https://files-api.properstar.com/api/v2/files/5b1a427b-1b97-45f3-a691-5c74c81be2d2/1; https://files-api.properstar.com/api/v2/files/1a461668-d08f-411b-8a12-03577e8c1ca3/1; https://files-api.properstar.com/api/v2/files/5e21e800-9685-4d74-8174-adde86ea1490/1; https://files-api.properstar.com/api/v2/files/ce8acf25-d255-4ce5-bf5d-0859efcc2ebf/1; https://files-api.properstar.com/api/v2/files/cb283f3f-7bee-44dd-9dc9-72466c7d4cf2/1; https://files-api.properstar.com/api/v2/files/492957bd-17e5-4eb8-91a9-8cb644da543a/1; https://files-api.properstar.com/api/v2/files/d9c2f718-568f-4a61-9e94-be4455e430ec/1; https://files-api.properstar.com/api/v2/files/b8ae949c-6c16-4cb9-b6eb-aa8414b0ee20/1; https://files-api.properstar.com/api/v2/files/34bd21c1-d7b4-4d34-82de-415235f00b07/1; https://files-api.properstar.com/api/v2/files/f7528313-8655-442f-8b69-92c078a8c04c/1; https://files-api.properstar.com/api/v2/files/991d80d3-2cc7-4603-b948-ef0a95f5bba1/1; https://files-api.properstar.com/api/v2/files/e0a168f5-13b7-4332-9646-05740b9a4d4a/1; https://files-api.properstar.com/api/v2/files/2a4ee3f1-a461-4e1e-b123-5508a4ef8313/1; https://files-api.properstar.com/api/v2/files/ba02736b-8986-4eb3-b25a-4323fca6654b/1; https://files-api.properstar.com/api/v2/files/fee171b4-9de8-4b08-a1e6-716264b7ed34/1; https://files-api.properstar.com/api/v2/files/10ca0b74-c440-4968-9acf-a9ad1989427c/1; https://files-api.properstar.com/api/v2/files/560bdbb2-dffb-4dc3-80e0-333ca3a774fd/1; https://files-api.properstar.com/api/v2/files/43207826-abe3-493c-9c51-7ce34d598fea/1; https://files-api.properstar.com/api/v2/files/bcbe63a5-4121-4500-ac24-45d7206e8422/1; https://files-api.properstar.com/api/v2/files/977bd674-8900-42a4-89ef-66bb2ec98069/1; https://files-api.properstar.com/api/v2/files/18a97d76-0c43-4b76-a379-1917ca57abd8/1
119222035,"Apartment for rent in Los Mangos, Puerto Vallarta, Jalisco",https://www.properstar.co.uk/listing/119222035,GBP 693,"Circuvalacion del Robalo, 862, Los Mangos, Puerto Vallarta, Mexico",20.647362,-105.222971,2,2,968.7523,Apartment,mauro preciado,2026-07-31T06:59:01.273,https://files-api.properstar.com/api/v2/files/98b3073f-84cb-4b16-a836-de2494f53fd6/1; https://files-api.properstar.com/api/v2/files/8d10665a-23cc-409a-8213-2aa243e002d6/1; https://files-api.properstar.com/api/v2/files/f4566d1e-01b6-46e7-84ea-291b97195160/1; https://files-api.properstar.com/api/v2/files/8dd937f4-dbe1-45e8-9d22-362d4679a583/1; https://files-api.properstar.com/api/v2/files/faf73526-1967-4dd5-abb4-9de90b3cfe1f/1; https://files-api.properstar.com/api/v2/files/201d2faf-376f-4694-bef4-5e3bd9220c45/1; https://files-api.properstar.com/api/v2/files/7ce76558-47b6-47dd-b0e0-bad836e2b314/1; https://files-api.properstar.com/api/v2/files/0eb5af94-60a7-4cb9-a15f-a2bcd3385c6f/1; https://files-api.properstar.com/api/v2/files/65e8c43f-d4a2-44ce-97f9-12b467be8b0a/1; https://files-api.properstar.com/api/v2/files/1470297d-7aa5-4ef4-b51e-28377c75441f/1; https://files-api.properstar.com/api/v2/files/83d729fc-8c75-4940-ae4d-a3a8e9dfd073/1; https://files-api.properstar.com/api/v2/files/1a585d52-8636-43f3-99c3-fa4ecec386b3/1; https://files-api.properstar.com/api/v2/files/a1761d4d-40cd-4a18-a9dd-3f698a6b3fc8/1; https://files-api.properstar.com/api/v2/files/9e3fdb94-7d0f-4c91-a73e-ae84fd251510/1
119222023,"Apartment for rent in Zona Hotelera Norte, Puerto Vallarta, Jalisco",https://www.properstar.co.uk/listing/119222023,"GBP 6,500","Avenida Francisco Medina Ascencio , 2477, Zona Hotelera Norte, Puerto Vallarta, Mexico",20.644033,-105.238516,5,6,3767.37,Apartment,mauro preciado,2026-07-31T06:59:01.273,https://files-api.properstar.com/api/v2/files/0c5b6d25-3160-419f-b913-27e7a162b1a4/1; https://files-api.properstar.com/api/v2/files/bc7db557-c843-4409-8d5a-3874fbdeb11f/1; https://files-api.properstar.com/api/v2/files/7b71265e-779f-4332-b1f7-5003eace0b07/1; https://files-api.properstar.com/api/v2/files/e84ee408-2203-4ae0-b033-d60b8036df0b/1; https://files-api.properstar.com/api/v2/files/cc635a7b-7b7b-40bf-818b-f1dd8305a4d0/1; https://files-api.properstar.com/api/v2/files/0f041c4e-cb0c-4a51-aba4-593b7fd3e119/1; https://files-api.properstar.com/api/v2/files/b87c0248-4de4-4bfa-9768-45c0683b00de/1; https://files-api.properstar.com/api/v2/files/c4d76e82-7911-4deb-bc0a-9b163477faf2/1; https://files-api.properstar.com/api/v2/files/a5eb050b-d7e6-423d-8bde-34fe594f2538/1; https://files-api.properstar.com/api/v2/files/bc32f2a0-4aca-44a5-b5f9-b214ca7cb0a4/1; https://files-api.properstar.com/api/v2/files/688acbb3-11b2-46bd-9bc8-b29487df4b28/1; https://files-api.properstar.com/api/v2/files/5cfde1f8-8375-4336-953c-6c96bc7ac8df/1; https://files-api.properstar.com/api/v2/files/e8898b09-50e8-4802-9610-fef4fdbab09f/1; https://files-api.properstar.com/api/v2/files/782b0b79-8cb1-48cc-8186-4af500a922ca/1; https://files-api.properstar.com/api/v2/files/d382e287-89e9-4370-b659-2475f1370d83/1; https://files-api.properstar.com/api/v2/files/6c198ed5-2d1c-41d2-b8a1-1a3a553b674a/1; https://files-api.properstar.com/api/v2/files/e0d2be07-b432-4624-8614-44703d052cad/1; https://files-api.properstar.com/api/v2/files/8f652232-83a1-4224-890b-2d4dd9ae36eb/1; https://files-api.properstar.com/api/v2/files/517c7ab0-cb5d-4235-9889-deff38d48243/1; https://files-api.properstar.com/api/v2/files/f2062897-63b2-4770-b1e2-b5b734e41a09/1; https://files-api.properstar.com/api/v2/files/43945d33-6b0b-45b2-a696-0b37589086b7/1; https://files-api.properstar.com/api/v2/files/582ac5ff-bf95-4825-98df-d0d11fad9740/1; https://files-api.properstar.com/api/v2/files/83c65195-de4d-4f42-9650-fcfb1ec8f24e/1; https://files-api.properstar.com/api/v2/files/41d05574-c0f0-4a00-b16a-69c32074b137/1; https://files-api.properstar.com/api/v2/files/86bdb81a-f796-42fb-9cc4-e32bcc44a668/1; https://files-api.properstar.com/api/v2/files/cfed5f9c-8da6-438f-9393-38d0b14e8944/1; https://files-api.properstar.com/api/v2/files/62a30bc3-9123-45ed-ba9f-883332753fa2/1; https://files-api.properstar.com/api/v2/files/c793c458-bd74-4c14-908d-78f3270b28c8/1; https://files-api.properstar.com/api/v2/files/6a1d3f73-645d-4af6-920c-9d38a181b1c2/1; https://files-api.properstar.com/api/v2/files/3686413e-8e05-4741-8b9a-ce1f66df78c0/1
119222024,"House for rent in Parques Universidad (Sendero de Luna), Puerto Vallarta, Jalisco",https://www.properstar.co.uk/listing/119222024,GBP 693,"Hortencias , 3, Parques Universidad (Sendero de Luna), Puerto Vallarta, Mexico",20.680296,-105.218881,4,2,1291.6698,House,mauro preciado,2026-07-31T06:59:01.273,https://files-api.properstar.com/api/v2/files/b49b28a8-8eab-411f-b2c0-75fa4da5891f/1; https://files-api.properstar.com/api/v2/files/3ff28f90-48b6-4565-a39c-1de3809a9e13/1; https://files-api.properstar.com/api/v2/files/5067bfb9-00a2-4894-9eb9-f89471fa7646/1; https://files-api.properstar.com/api/v2/files/db9e7b9d-4a1b-41ff-a6d6-dda192cd5fae/1; https://files-api.properstar.com/api/v2/files/e72c8608-b978-406c-b7f0-a3b3048bc0c3/1; https://files-api.properstar.com/api/v2/files/f0bc972a-76ae-405f-aaa2-c2de5b82d013/1; https://files-api.properstar.com/api/v2/files/898df15a-e716-41e2-a326-7a4a08b9c612/1; https://files-api.properstar.com/api/v2/files/9718c47d-ae66-49da-9001-422748c192fd/1; https://files-api.properstar.com/api/v2/files/10eee51f-dadb-4d06-9d98-b0044bbf51f7/1; https://files-api.properstar.com/api/v2/files/84e46ace-b579-499c-aa4b-808afb8d136e/1; https://files-api.properstar.com/api/v2/files/4c70acb3-ce6a-487e-b48e-ffced63e978b/1; https://files-api.properstar.com/api/v2/files/20b89db6-7976-4ec6-b91b-b631c5cd4e15/1; https://files-api.properstar.com/api/v2/files/05494653-1f20-4f37-bf86-ad7c766eb4d2/1; https://files-api.properstar.com/api/v2/files/4cba1fa7-6014-4f3d-804b-7d74fc2d56a6/1; https://files-api.properstar.com/api/v2/files/0f3bad2e-b865-4c91-80ac-5c9f65efb21b/1; https://files-api.properstar.com/api/v2/files/1692e9b2-80a4-4383-b5d6-26d71d2c89f3/1; https://files-api.properstar.com/api/v2/files/a8d6dfd7-091a-4bb7-ab26-91679c05099a/1; https://files-api.properstar.com/api/v2/files/17f3a10e-5ea4-4d98-9531-8d6750f3d20e/1; https://files-api.properstar.com/api/v2/files/7556cbab-311b-4824-ab42-8773df536973/1; https://files-api.properstar.com/api/v2/files/4318c000-e6fc-4fe0-a463-569f126827be/1; https://files-api.properstar.com/api/v2/files/9c90b3da-a6c5-46cb-82b5-fdf29c3df0a7/1; https://files-api.properstar.com/api/v2/files/79516c4b-9f5a-4320-9668-70182e03cd53/1; https://files-api.properstar.com/api/v2/files/6abbc50b-0604-46cd-a7b2-9366644d24ad/1; https://files-api.properstar.com/api/v2/files/2ed4f14e-6ad0-4ab4-86dd-089ce316139f/1; https://files-api.properstar.com/api/v2/files/1cafbd23-134e-4cd1-bada-1c5eda023739/1; https://files-api.properstar.com/api/v2/files/bc4e5570-41e9-49a0-94aa-95d635ca2d78/1; https://files-api.properstar.com/api/v2/files/e9b76eb0-f368-421b-8352-269ec51696fd/1; https://files-api.properstar.com/api/v2/files/70299d78-ee54-47ba-9f3d-a6126373e452/1; https://files-api.properstar.com/api/v2/files/7c55d209-46a4-45a4-9924-4f5acd211809/1; https://files-api.properstar.com/api/v2/files/b7596d36-3a0f-4916-adc9-1a77e15de3f9/1
119222037,"Apartment for rent in Zona Hotelera Norte, Puerto Vallarta, Jalisco",https://www.properstar.co.uk/listing/119222037,GBP 867,"Blvd. Francisco Medina Ascencio , 2500, Zona Hotelera Norte, Puerto Vallarta, Mexico",20.643111,-105.235623,1,1,1076.39148,Apartment,mauro preciado,2026-07-31T06:59:01.273,https://files-api.properstar.com/api/v2/files/273a8525-2dfa-43c6-9520-0e8473306ba2/1; https://files-api.properstar.com/api/v2/files/6c609968-5471-48ae-9817-23bd4bd16879/1; https://files-api.properstar.com/api/v2/files/2c4c66d6-9dd7-4991-85b5-899dd7e4b36c/1; https://files-api.properstar.com/api/v2/files/990ca5f7-4087-4226-ad9c-e2997ca6ae26/1; https://files-api.properstar.com/api/v2/files/6400c52e-7a5d-4f21-b3f2-a91d3c1a0acb/1; https://files-api.properstar.com/api/v2/files/74fc426f-5e7e-465c-9ea6-afbd5bc76c7b/1; https://files-api.properstar.com/api/v2/files/13615a52-df55-4736-a050-59ed37aeae49/1; https://files-api.properstar.com/api/v2/files/ef6d80cd-1905-4043-bde4-2cd9fad568a0/1; https://files-api.properstar.com/api/v2/files/0e70021f-e523-49b6-bce3-e50548895e20/1; https://files-api.properstar.com/api/v2/files/b50d4d64-ba09-4e44-8643-468678ee7f66/1
119222025,"Apartment for rent in El Cerro, Puerto Vallarta, Jalisco",https://www.properstar.co.uk/listing/119222025,GBP 867,"Privada Allende , 85, El Cerro, Puerto Vallarta, Mexico",20.610664,-105.226956,2,2,1291.6698,Apartment,mauro preciado,2026-07-31T06:59:01.273,https://files-api.properstar.com/api/v2/files/101e4687-bdc0-4548-8f54-551917bd04bd/1; https://files-api.properstar.com/api/v2/files/69c4c4ae-90aa-47fb-a77f-13f2c76f5404/1; https://files-api.properstar.com/api/v2/files/3191b94b-47d6-49b5-8fdf-2fcf8da488d9/1; https://files-api.properstar.com/api/v2/files/60f6b031-4e69-4ad7-94d6-8c8522fef08e/1; https://files-api.properstar.com/api/v2/files/8b49aa01-b026-4cea-86a0-de6afc9c3fe6/1; https://files-api.properstar.com/api/v2/files/2d978d5f-a593-45ca-a161-e246db3416bc/1; https://files-api.properstar.com/api/v2/files/607b71bf-3601-42b8-ad4b-38e2db97b67c/1; https://files-api.properstar.com/api/v2/files/df5699ef-eb1c-41a3-9f8c-9b24a8ab9e5e/1; https://files-api.properstar.com/api/v2/files/244ef192-ef80-429c-9bbf-3b3c0a284fbd/1; https://files-api.properstar.com/api/v2/files/36bab0e5-ab14-40d2-ada9-6ddcd1d99dcd/1; https://files-api.properstar.com/api/v2/files/0f732a1a-29ff-49c7-9689-6ae02f3854a5/1; https://files-api.properstar.com/api/v2/files/8935303f-eb1f-45ab-8853-d9fc4f89ea79/1; https://files-api.properstar.com/api/v2/files/1a1918cf-d75b-4109-b2b2-c51ef32a3280/1; https://files-api.properstar.com/api/v2/files/8a70661e-de60-4658-870c-16f72c0628a9/1; https://files-api.properstar.com/api/v2/files/d3573ec4-c866-437e-9c12-7ce12efb6aae/1; https://files-api.properstar.com/api/v2/files/09e249e3-3ca2-4967-9f97-5ee4a531189c/1; https://files-api.properstar.com/api/v2/files/a7698e70-18f1-43fb-8fef-e6f16ef2bb63/1; https://files-api.properstar.com/api/v2/files/cebd3ac0-9d68-4fbf-ba32-41be2f0aeec6/1; https://files-api.properstar.com/api/v2/files/57957803-ffbf-4d47-80cf-b4c545ef8e33/1; https://files-api.properstar.com/api/v2/files/300bb1dc-24e6-4a80-88c3-3942aab34e01/1
119222038,"House for rent in De las Juntas Delegation, Puerto Vallarta, Jalisco",https://www.properstar.co.uk/listing/119222038,GBP 953,"Joauin Amaro , 428, De las Juntas Delegacion, Puerto Vallarta, Mexico",20.693967,-105.244313,3,3,1937.50464,House,mauro preciado,2026-07-31T06:59:01.273,https://files-api.properstar.com/api/v2/files/027662d1-44ea-4ddb-bbed-7b7448aa668f/1; https://files-api.properstar.com/api/v2/files/ad9ac47b-71f9-4e59-b805-c83c12514a4b/1; https://files-api.properstar.com/api/v2/files/0d7453e5-1e6e-49c7-86d1-1117a19766f0/1; https://files-api.properstar.com/api/v2/files/9d3bd43c-0151-499a-9e47-a537f40fe932/1; https://files-api.properstar.com/api/v2/files/d225b095-aeaf-443d-b3fc-a0555c83af94/1; https://files-api.properstar.com/api/v2/files/63aae01b-90ab-42e6-8e50-08d1801ecb48/1; https://files-api.properstar.com/api/v2/files/ac128682-9ba4-4647-9fbc-8d71fc74c290/1; https://files-api.properstar.com/api/v2/files/9da37188-0399-4ab6-837f-197ba05ef30c/1; https://files-api.properstar.com/api/v2/files/bcbaf19f-d8db-4c71-b56b-308c0026c526/1; https://files-api.properstar.com/api/v2/files/29a15df2-60ff-44fb-8793-fd40c4e68a32/1; https://files-api.properstar.com/api/v2/files/fcc0ac73-e0d8-41a0-8be1-291bace38d05/1; https://files-api.properstar.com/api/v2/files/23ef01ec-f1d4-47c5-ad69-7366eaabf826/1; https://files-api.properstar.com/api/v2/files/e3aa7905-62c4-44c8-bd36-afc35c7ec5c1/1; https://files-api.properstar.com/api/v2/files/709b1e6c-1117-4e09-9f17-0eacb19ddf07/1; https://files-api.properstar.com/api/v2/files/675ec162-723a-4846-9e3a-3514128b1e45/1; https://files-api.properstar.com/api/v2/files/46012dec-14fe-47dd-8b5f-eb2758c7c625/1; https://files-api.properstar.com/api/v2/files/3420dae0-79d1-495b-a0cc-6f514cbb7775/1; https://files-api.properstar.com/api/v2/files/2b805225-1cd6-44f8-95a0-d2cf7e245dc8/1; https://files-api.properstar.com/api/v2/files/4de54793-f7d3-48fa-b3ba-e42f666a6512/1; https://files-api.properstar.com/api/v2/files/7cc80b96-240d-4874-9b7c-f6be8542b077/1; https://files-api.properstar.com/api/v2/files/26d7fa7f-e4e2-4099-958b-84ec7db61ee3/1
119222039,"Apartment for rent in Versalles, Puerto Vallarta, Jalisco",https://www.properstar.co.uk/listing/119222039,GBP 780,"Circunvalacion del Robalo , 846, Versalles, Puerto Vallarta, Mexico",20.637868,-105.224193,2,2,968.7523,Apartment,mauro preciado,2026-07-31T06:59:01.273,https://files-api.properstar.com/api/v2/files/17560e1d-edff-4af6-aa27-139c33fb476c/1; https://files-api.properstar.com/api/v2/files/d635397b-1a6a-4d6b-8842-a435798695f5/1; https://files-api.properstar.com/api/v2/files/4d1ebdbd-7396-41e9-8abf-88d4737ff60d/1; https://files-api.properstar.com/api/v2/files/75309f5d-7859-4ff3-8300-c0fa3a62422a/1; https://files-api.properstar.com/api/v2/files/2e0273c0-9077-4366-8a96-70a67d2c8431/1; https://files-api.properstar.com/api/v2/files/b366fcf9-e24d-4a58-9f3b-e97b4945b3ae/1; https://files-api.properstar.com/api/v2/files/3540790f-1ad6-4d34-ab0c-6355a34fee67/1; https://files-api.properstar.com/api/v2/files/6810b127-9a40-4896-9bf2-696894ebb40a/1; https://files-api.properstar.com/api/v2/files/c8ca2a1f-8e03-45ef-917a-7f45a0310f3a/1; https://files-api.properstar.com/api/v2/files/97003df6-a5d8-4c69-acdb-8a97da307400/1; https://files-api.properstar.com/api/v2/files/250fb1d2-cb57-40ad-98f9-b5a1cfba51c1/1; https://files-api.properstar.com/api/v2/files/2347bd38-5502-40a4-b39e-fbe7499eb61e/1; https://files-api.properstar.com/api/v2/files/c833ecf0-4e91-49a5-896d-21b46715d4f4/1; https://files-api.properstar.com/api/v2/files/2b1f2b5d-7890-46ff-b02e-873c45c2d6f7/1
119222040,"Apartment for rent in Zona Hotelera Norte, Puerto Vallarta, Jalisco",https://www.properstar.co.uk/listing/119222040,"GBP 1,733","Avenida Francisco Medina Ascencio, 2485, Zona Hotelera Norte, Puerto Vallarta, Mexico",20.646503,-105.238962,2,2,1506.94812,Apartment,mauro preciado,2026-07-31T06:59:01.273,https://files-api.properstar.com/api/v2/files/ca5421ea-e4fc-4972-960f-343d496e0e53/1; https://files-api.properstar.com/api/v2/files/df8213de-a811-47a9-b18f-3ab27797c17d/1; https://files-api.properstar.com/api/v2/files/07144748-78bd-4081-abf8-daa1fa96e37d/1; https://files-api.properstar.com/api/v2/files/56ae7c43-5ce3-4d61-a79b-a239da3f2077/1; https://files-api.properstar.com/api/v2/files/e4781ef6-b03f-4647-bfd8-aa3587480806/1; https://files-api.properstar.com/api/v2/files/3313e974-d6ec-41c7-ad40-45220c8df9b1/1; https://files-api.properstar.com/api/v2/files/a0e4a482-16c9-4f77-ac37-2916afdf0939/1; https://files-api.properstar.com/api/v2/files/a72a23aa-cf70-4573-908b-12a7a33cbbf5/1; https://files-api.properstar.com/api/v2/files/8760de42-92f5-45f2-ab96-dab1e6e2d2de/1; https://files-api.properstar.com/api/v2/files/d9ec4316-202e-430f-9975-257040791081/1; https://files-api.properstar.com/api/v2/files/c34b9822-aef7-4f04-9a0d-d21ba1c2e121/1; https://files-api.properstar.com/api/v2/files/48cdf99c-7299-4b53-8ca9-4e0cc495d7ba/1; https://files-api.properstar.com/api/v2/files/f4f43afc-0646-4fe8-8b60-c2decec94620/1; https://files-api.properstar.com/api/v2/files/e85a55f9-cffb-472c-9fde-7d99e03ede88/1; https://files-api.properstar.com/api/v2/files/6fd70a14-9c90-4a51-b8e6-7d2e2bfa65b3/1; https://files-api.properstar.com/api/v2/files/527d1333-b48c-4e5e-b8ae-5cf796af1aa4/1; https://files-api.properstar.com/api/v2/files/27f838a8-4537-4f66-a27a-3688016d979d/1; https://files-api.properstar.com/api/v2/files/3fbf3442-684d-47e4-850f-29d4f6d1e735/1; https://files-api.properstar.com/api/v2/files/e37c328b-07f8-4c22-852c-270bff0d4626/1; https://files-api.properstar.com/api/v2/files/9a9254bb-98a3-4d3c-8d1a-8abb54512b21/1; https://files-api.properstar.com/api/v2/files/4d3991e8-9dc6-4c7e-bbfa-aeb286dc2eec/1; https://files-api.properstar.com/api/v2/files/b96f042d-7c64-419e-a567-6698cdcc6412/1; https://files-api.properstar.com/api/v2/files/d3ebd630-d8a8-44a5-b65c-0689381b8ac5/1; https://files-api.properstar.com/api/v2/files/00a50f00-c87d-4d63-9f33-7e2cdacb3a92/1; https://files-api.properstar.com/api/v2/files/04222911-217b-4d5d-a11c-a20ea5ad1d85/1
119222027,"Apartment for rent in Zona Hotelera Norte, Puerto Vallarta, Jalisco",https://www.properstar.co.uk/listing/119222027,"GBP 1,907","Avenida Francisco Medina Ascencio, 2477, Zona Hotelera Norte, Puerto Vallarta, Mexico",20.644033,-105.238516,1,1,1259.378,Apartment,mauro preciado,2026-07-31T06:59:01.273,https://files-api.properstar.com/api/v2/files/15de5be6-ced6-46f4-a1da-d899e1d29045/1; https://files-api.properstar.com/api/v2/files/58e947b6-5fb4-42f5-af1d-ce24f3aaff86/1; https://files-api.properstar.com/api/v2/files/c112f490-d54b-43ff-921a-5e545f2274f1/1; https://files-api.properstar.com/api/v2/files/dd85f67b-64f3-42b5-b0fe-9ac6266457de/1; https://files-api.properstar.com/api/v2/files/6f17393c-7372-4e7e-8ced-ca025e3cccbc/1; https://files-api.properstar.com/api/v2/files/1b96f705-bbad-4596-927f-80ee518bbc1e/1; https://files-api.properstar.com/api/v2/files/03efc9dd-9885-4bfb-ba88-bb3c272d2b2c/1; https://files-api.properstar.com/api/v2/files/58984377-f4b4-4069-befd-e0be1b174336/1; https://files-api.properstar.com/api/v2/files/f3d80945-3dc4-47de-aec7-0edc0dc1d009/1; https://files-api.properstar.com/api/v2/files/3bd5edad-186f-4974-b673-1ae2c9cb5f93/1; https://files-api.properstar.com/api/v2/files/7dad8e0f-fc61-4fd3-b497-6d9462ee6c79/1; https://files-api.properstar.com/api/v2/files/9b4b6eda-268f-4044-9bf3-be74b97cf4b7/1; https://files-api.properstar.com/api/v2/files/505746d2-5acb-4144-a0d9-413061480c28/1; https://files-api.properstar.com/api/v2/files/13136230-746b-4ad5-9589-a19a4a5f8abe/1; https://files-api.properstar.com/api/v2/files/72ea09ab-e1c3-4245-8fe2-c944720da8f0/1; https://files-api.properstar.com/api/v2/files/14a4eaa9-1086-4792-a610-7f70f53e6ffb/1; https://files-api.properstar.com/api/v2/files/852a6142-aa17-4e23-945b-ded33d3bbbc1/1
119222041,"Apartment for rent in Arboledas, Puerto Vallarta, Jalisco",https://www.properstar.co.uk/listing/119222041,GBP 780,"Avenida Mexico , 447, Arboledas, Puerto Vallarta, Mexico",20.657533,-105.228296,2,2,1076.39148,Apartment,mauro preciado,2026-07-31T06:59:01.273,https://files-api.properstar.com/api/v2/files/02e39f35-c0a0-40c0-a80d-47dedd077338/1; https://files-api.properstar.com/api/v2/files/4cdd611d-66ef-4633-b2e0-4c8592eaecf0/1; https://files-api.properstar.com/api/v2/files/4859692a-65dd-432b-bc34-b30889c2e343/1; https://files-api.properstar.com/api/v2/files/1c5e8ba8-670f-4721-b7d9-5fd2dba2546c/1; https://files-api.properstar.com/api/v2/files/a81a7951-8c21-4ea0-918e-73a7a67a49a7/1; https://files-api.properstar.com/api/v2/files/3d30fc6e-7b32-41d2-8be3-cd8d713cd1e7/1; https://files-api.properstar.com/api/v2/files/5b75dd15-daee-45fc-86ae-3982a2dcf8d8/1; https://files-api.properstar.com/api/v2/files/cdfd23d2-b79b-4f1c-ac1a-f9f9d5835c37/1; https://files-api.properstar.com/api/v2/files/418969b3-0b5b-4e1d-9e4e-1f7b81801ef7/1; https://files-api.properstar.com/api/v2/files/d157bc68-cd4f-4587-81b6-9ab94b5b1309/1; https://files-api.properstar.com/api/v2/files/18e6aff1-8f05-4a1a-9cc5-c3551b01922b/1; https://files-api.properstar.com/api/v2/files/0b2e1241-51bc-442f-89a8-c19aadea20a9/1; https://files-api.properstar.com/api/v2/files/fe5a6506-cdee-471a-98db-8450d5f17e46/1; https://files-api.properstar.com/api/v2/files/6f1633b9-1dc8-49d4-a7eb-f3be4a6280a5/1; https://files-api.properstar.com/api/v2/files/bbd886bd-26a5-46d6-95bf-2ffee13f278f/1; https://files-api.properstar.com/api/v2/files/808cef57-2f8c-47f9-bc0e-f1ce159e1139/1
118702457,BLACKBERRIES FOR RENT!,https://www.properstar.co.uk/listing/118702457,"GBP 1,170","NIZUC, LAS MORAS 110, Puerto Vallarta, Mexico",20.657849,-105.23041,3,2,,House,CENTURY 21 Ocean Realty,2026-07-14T03:24:35.87,https://files-api.properstar.com/api/v2/files/b5084a13-c61e-4a9a-8917-15f3686ad38e/1; https://files-api.properstar.com/api/v2/files/30f29fa4-95f2-478e-b6a0-326c907fb731/1; https://files-api.properstar.com/api/v2/files/f0f485af-9197-41be-82a3-1099d4dc86e3/1; https://files-api.properstar.com/api/v2/files/87d9395e-2545-4333-9b2a-852136b2e072/1; https://files-api.properstar.com/api/v2/files/5a90f2f5-12f4-4699-9d84-6d12687b5a04/1; https://files-api.properstar.com/api/v2/files/084db2a3-1c44-4777-ab50-b175a768ff49/1; https://files-api.properstar.com/api/v2/files/10cf5cba-8390-4f2f-a3a4-482111e952de/1; https://files-api.properstar.com/api/v2/files/1fa1e4b6-0ec4-40a9-9a77-74380c06ec2c/1; https://files-api.properstar.com/api/v2/files/c22fb0db-7864-4e69-801a-23801d85e788/1
118821384,"Apartment for rent in downtown Puerto Vallarta, Jalisco.",https://www.properstar.co.uk/listing/118821384,"GBP 1,473","JUAREZ 237, Puerto Vallarta, Mexico",20.607632,-105.235877,1,1,,Apartment,CENTURY 21 IBARRIA Realtors,2026-07-18T03:30:11.82,https://files-api.properstar.com/api/v2/files/4d1aaf87-20f4-4608-991f-483d70d65952/1; https://files-api.properstar.com/api/v2/files/82b8945c-4b94-4bc0-a9a3-cf71a05ed0ba/1; https://files-api.properstar.com/api/v2/files/b793f597-8f09-4af6-84d5-ee128312b790/1; https://files-api.properstar.com/api/v2/files/8cda0138-b584-4760-a777-a9d2f6feb210/1; https://files-api.properstar.com/api/v2/files/726bf583-c034-48da-925b-58785682c2a7/1; https://files-api.properstar.com/api/v2/files/2a798e23-2cd8-4fea-b847-65c3bf95eded/1; https://files-api.properstar.com/api/v2/files/890667d1-e4e5-45ee-8bfc-e547e9a33937/1; https://files-api.properstar.com/api/v2/files/448b42e7-9f3e-41be-9dfb-478729e4d727/1; https://files-api.properstar.com/api/v2/files/8faa3bc6-0cea-4a99-992f-8012f43faeb0/1; https://files-api.properstar.com/api/v2/files/96e4a73a-5910-4d3c-9c36-29cd113b40c6/1; https://files-api.properstar.com/api/v2/files/fe107c8e-dc90-4ea0-9a7d-9ccd1e2e431f/1; https://files-api.properstar.com/api/v2/files/fa929538-1724-4672-a4a3-0bc123a505b0/1; https://files-api.properstar.com/api/v2/files/d04be998-6b88-4075-bc98-486b08981c92/1; https://files-api.properstar.com/api/v2/files/a0a23054-7e3d-4892-8803-85c233060fc7/1; https://files-api.properstar.com/api/v2/files/ce70bfd8-ad20-4c30-bb0b-ebb85b40edbb/1; https://files-api.properstar.com/api/v2/files/12b90622-6876-495a-8e58-7b005efe2058/1; https://files-api.properstar.com/api/v2/files/f78bb629-5c22-4cf2-8b3e-a3e122e7a6e2/1; https://files-api.properstar.com/api/v2/files/975fe1c2-f968-4ea2-bf23-8bda7d7864f0/1; https://files-api.properstar.com/api/v2/files/de327eb3-b18a-4d14-87c6-c52ca11798ad/1; https://files-api.properstar.com/api/v2/files/f7d14b7d-2798-40c8-90fc-30102e32f1d4/1; https://files-api.properstar.com/api/v2/files/37034358-dbca-4cb3-abe2-7ad7086e7572/1; https://files-api.properstar.com/api/v2/files/eb76f015-2bdb-4e2e-86a0-2017572097dd/1; https://files-api.properstar.com/api/v2/files/f365b086-33c3-4188-ab04-6ab947e2848c/1
118793456,Furnished house for rent in Fracc. Racecourse,https://www.properstar.co.uk/listing/118793456,GBP 737,"Jalisco, Puerto Vallarta, Fraccionamiento Hipódromo, Fraccionamiento Hipódromo, Mexico",20.66976,-105.204855,3,2,,House,Di&Gi Bienes Raices,2026-07-17T04:08:32.863,https://files-api.properstar.com/api/v2/files/be8ecfb4-eb62-4e77-836b-87b8eef2ae8f/1; https://files-api.properstar.com/api/v2/files/dc5851b5-56aa-4cd0-8ae3-d4dedf7d326c/1; https://files-api.properstar.com/api/v2/files/e1514649-ccba-4351-8f32-41da25611833/1; https://files-api.properstar.com/api/v2/files/72069245-4cc8-4dc3-8f40-92af668b1a15/1; https://files-api.properstar.com/api/v2/files/925ca533-4f16-4d28-8fd3-9a85e5e14f97/1; https://files-api.properstar.com/api/v2/files/5846d257-8bff-4fe1-b6a3-e403aa44e50d/1; https://files-api.properstar.com/api/v2/files/44e93993-d295-4f04-a3af-8a6eb1861780/1; https://files-api.properstar.com/api/v2/files/0f39fdd6-3c4e-452b-9a02-100317bd90df/1; https://files-api.properstar.com/api/v2/files/6854e623-660e-488c-b74b-4e4a39453133/1; https://files-api.properstar.com/api/v2/files/30429b78-0fe8-4668-a339-90ed2ccf5f0c/1; https://files-api.properstar.com/api/v2/files/0a4adffc-3108-43f4-a2fa-ba4d897a9c5f/1; https://files-api.properstar.com/api/v2/files/ddefc690-c079-4345-bdb2-0f995d3fa2e4/1; https://files-api.properstar.com/api/v2/files/e928a585-06da-451a-a69b-1871add045ba/1; https://files-api.properstar.com/api/v2/files/4b692f50-740a-4957-ac4b-17a6748ca9f2/1; https://files-api.properstar.com/api/v2/files/b7d77f80-9144-4466-a9c5-83d742eae0d0/1; https://files-api.properstar.com/api/v2/files/d2834355-63fe-4442-908e-8bab2ee203ec/1; https://files-api.properstar.com/api/v2/files/9225ff0a-ed8b-4a55-82df-59a919f8473e/1; https://files-api.properstar.com/api/v2/files/8c0f8b99-88d4-44d9-81d9-1eab4d6c582f/1; https://files-api.properstar.com/api/v2/files/836f1045-9e5e-45a1-8a68-7b7c42c92f5a/1; https://files-api.properstar.com/api/v2/files/7ff009d7-195c-4780-a567-de9f4b5163f2/1; https://files-api.properstar.com/api/v2/files/0db88662-1376-4650-853f-5c9cbcc93568/1
117917265,"Apartment for rent in Zona Hotelera Norte, Puerto Vallarta, Jalisco",https://www.properstar.co.uk/listing/117917265,"GBP 2,419","Av. Francisco Medina Ascencio, 1, Zona Hotelera Norte, Puerto Vallarta, Mexico",20.632561,-105.229516,1,2,1614.58716,Apartment,Travel2HomeMX,2026-07-07T15:17:09.803,https://files-api.properstar.com/api/v2/files/8a2b2176-1d60-4ee1-9631-c98ff7d44bb6/1; https://files-api.properstar.com/api/v2/files/8539abcf-58cc-42c2-be86-65b24d5173bf/1; https://files-api.properstar.com/api/v2/files/67820228-71b7-4740-98df-f5932356338a/1; https://files-api.properstar.com/api/v2/files/7e6b73e8-4a5a-4875-aa36-8bfeccccc015/1
117894829,"Apartment for rent in El Palmar de Aramara, Puerto Vallarta, Jalisco",https://www.properstar.co.uk/listing/117894829,"GBP 1,300","María Montessori, 410, El Palmar de Aramara, Puerto Vallarta, Mexico",20.651404,-105.237313,2,2,1173.26672,Apartment, Property Seekers México,2026-07-07T15:17:09.803,https://files-api.properstar.com/api/v2/files/e1a1707c-139e-40d9-95ba-4dab4287b9ed/1; https://files-api.properstar.com/api/v2/files/d6d0ff6f-7b88-4c63-a770-6d120a1f69a8/1; https://files-api.properstar.com/api/v2/files/d7679d09-189b-4030-9fcf-abbfcf21dfe6/1; https://files-api.properstar.com/api/v2/files/177089a2-c5cb-41b1-abf6-80ed25fd8388/1; https://files-api.properstar.com/api/v2/files/015ffa7d-3d41-40bd-8765-1ccaa264ad3c/1; https://files-api.properstar.com/api/v2/files/42b9e635-55f7-4c81-9003-e9e78bbf9879/1; https://files-api.properstar.com/api/v2/files/07fa7c50-c5f4-48d6-b089-15060b382c37/1; https://files-api.properstar.com/api/v2/files/c596fa30-e974-43a1-b794-e1b9745caa69/1; https://files-api.properstar.com/api/v2/files/39220ed3-1c49-4a01-8948-e6fb5ee581e2/1; https://files-api.properstar.com/api/v2/files/9c5a8921-7d71-4229-b6bf-14c131d16ee0/1; https://files-api.properstar.com/api/v2/files/16c1973f-94fe-4fee-8079-77a802898860/1; https://files-api.properstar.com/api/v2/files/92e1060a-34c3-4865-8560-a68a18158adb/1; https://files-api.properstar.com/api/v2/files/71f57fdd-46f5-4efd-8b16-b892734bfea9/1; https://files-api.properstar.com/api/v2/files/d5ff9688-43b0-4cd0-b838-faa1c803cda5/1; https://files-api.properstar.com/api/v2/files/7d04a6e2-bc1a-4681-abb6-099bc16173cd/1; https://files-api.properstar.com/api/v2/files/5f90ec3d-4362-40a9-807e-5cb1a4e15298/1
117875350,"Apartment for rent in Las Glorias, Puerto Vallarta, Jalisco",https://www.properstar.co.uk/listing/117875350,"GBP 1,517","FRANCISCO MEDINA ASCENCIO, 2467, Las Glorias, Puerto Vallarta, Mexico",20.642943,-105.23844,1,1,753.474,Apartment,VITA FORZA realty inmobiliaria,2026-07-07T15:17:09.803,https://files-api.properstar.com/api/v2/files/15290a90-ad96-42ab-8aee-56ecc9d048d5/1; https://files-api.properstar.com/api/v2/files/820e7009-5b25-4e7f-a0e7-778c40986ef7/1; https://files-api.properstar.com/api/v2/files/5a0b77bc-8e5c-4e7f-a2e5-3c5896cba3e1/1; https://files-api.properstar.com/api/v2/files/7cf87929-a35f-4e71-b7bf-044a07d868ac/1; https://files-api.properstar.com/api/v2/files/92ee1fb6-c9e4-4c22-a413-d3ea795f1fdc/1; https://files-api.properstar.com/api/v2/files/988c6d05-22b0-4c74-b781-98ee1092d52a/1; https://files-api.properstar.com/api/v2/files/4505ee58-7398-412e-aeb6-6545cd78cc5b/1; https://files-api.properstar.com/api/v2/files/76ab0d4a-a17e-4719-9130-263ff07e1190/1; https://files-api.properstar.com/api/v2/files/2ddf96f7-3366-486e-bc39-47466e7af660/1; https://files-api.properstar.com/api/v2/files/f04a05fc-e043-4a4f-bae5-42c46b9dd03c/1; https://files-api.properstar.com/api/v2/files/b1000058-3b41-4963-98f3-8590419b0331/1; https://files-api.properstar.com/api/v2/files/aad1ed1d-fdb6-4d23-b385-ce409e3c5d2b/1; https://files-api.properstar.com/api/v2/files/b2c23c5a-56da-4acf-afbe-a155c06938b4/1; https://files-api.properstar.com/api/v2/files/025bebbf-7d9f-48c6-b357-131ebfe3a65e/1; https://files-api.properstar.com/api/v2/files/d785fae2-df00-419e-822f-2c7d528a3403/1; https://files-api.properstar.com/api/v2/files/43bdd563-9364-4a1b-9148-e846e711f3b4/1; https://files-api.properstar.com/api/v2/files/2998329e-3743-4e7c-8145-58964753ef85/1; https://files-api.properstar.com/api/v2/files/ddeedfe6-736c-46a8-b5f6-82d8f4bf60bb/1; https://files-api.properstar.com/api/v2/files/70455b12-9dc3-45f8-99e3-8e6639308df9/1; https://files-api.properstar.com/api/v2/files/067f1830-fd84-48c4-b080-64083044daba/1; https://files-api.properstar.com/api/v2/files/5710e28d-f280-482b-ad7e-c019400edde8/1; https://files-api.properstar.com/api/v2/files/f6ed99ae-1a0b-4dce-9c56-43ca8bffc463/1; https://files-api.properstar.com/api/v2/files/8138b954-142c-4d2c-a7d6-1f2402ed5683/1; https://files-api.properstar.com/api/v2/files/61eba673-3346-4d11-b11b-ff43e3c78ec1/1; https://files-api.properstar.com/api/v2/files/b0674b55-4106-454a-a7fc-9e9500ca2af5/1; https://files-api.properstar.com/api/v2/files/933f986e-237b-475e-a887-b01128c7e36a/1; https://files-api.properstar.com/api/v2/files/a4f25da6-460e-491b-8d7e-bcdb54c650aa/1; https://files-api.properstar.com/api/v2/files/4f80626f-a833-4de1-8040-1ea113462cf2/1; https://files-api.properstar.com/api/v2/files/518a9a9b-9d36-490e-ac91-34fbb3054bda/1; https://files-api.properstar.com/api/v2/files/8ab70a62-5092-46a9-a394-74103ae05fce/1
117920993,"Apartment for rent in 5 de Diciembre, Puerto Vallarta, Jalisco",https://www.properstar.co.uk/listing/117920993,"GBP 1,300","Ecuador , 1101, 5 de Diciembre, Puerto Vallarta, Mexico",20.616729,-105.22972,1,2,882.641,Apartment,LaRiviera Group- by Keller Williams,2026-07-07T15:17:09.803,https://files-api.properstar.com/api/v2/files/52037a22-5099-447d-b9f6-8944858f9766/1; https://files-api.properstar.com/api/v2/files/66acc733-485e-486c-830d-86853bcc5d42/1; https://files-api.properstar.com/api/v2/files/ebe7e609-893f-4f37-83b8-72419d058e7b/1; https://files-api.properstar.com/api/v2/files/e3009cad-f7f8-4965-8115-4f460b4c7f37/1
117975353,"Apartment for rent in Primero de Mayo, Puerto Vallarta, Jalisco",https://www.properstar.co.uk/listing/117975353,GBP 325,"Abeto, 390, Primero de Mayo, Puerto Vallarta, Mexico",20.630966,-105.215588,1,1,645.8349,Apartment,mauro preciado,2026-07-07T15:17:09.803,https://files-api.properstar.com/api/v2/files/adaadaeb-d3b5-4e28-8816-318a10d4f8e4/1; https://files-api.properstar.com/api/v2/files/063aaa13-f19d-4e31-a604-e6f519d13f06/1; https://files-api.properstar.com/api/v2/files/d879095b-8432-4906-a0d3-2ebf48705427/1; https://files-api.properstar.com/api/v2/files/9b8bb017-98ac-4038-b758-10f39bae1d37/1; https://files-api.properstar.com/api/v2/files/44896b69-17a0-4ec6-974a-10a546e16d98/1; https://files-api.properstar.com/api/v2/files/e760e6ab-56a5-4f45-985e-0c4887968f43/1; https://files-api.properstar.com/api/v2/files/56812e4d-5f59-4865-8ddf-d87832c6b2a8/1; https://files-api.properstar.com/api/v2/files/c1f749fd-d5e7-4821-9c6d-51390af6f1e2/1; https://files-api.properstar.com/api/v2/files/ffeb8811-60cc-4648-98c3-6b593caf14e2/1; https://files-api.properstar.com/api/v2/files/59cd5f41-736f-487f-9ecb-b851d862d19b/1; https://files-api.properstar.com/api/v2/files/21c90b6d-4f9e-4e1b-a25f-4b777fe6c670/1
117916323,"Apartment for rent in El Palmar del Progreso, Puerto Vallarta, Jalisco",https://www.properstar.co.uk/listing/117916323,GBP 650,"Gardenia , 710, El Palmar del Progreso, Puerto Vallarta, Mexico",20.673455,-105.204123,2,1,731.9462,Apartment,El Paraiso Bienes Raíces,2026-07-07T15:17:09.803,https://files-api.properstar.com/api/v2/files/a43f08b5-f671-4a2b-b0ff-e2819843b20a/1; https://files-api.properstar.com/api/v2/files/ecb8ddee-fdca-4bcf-8240-251fec23158f/1; https://files-api.properstar.com/api/v2/files/15cf7924-188f-49e4-b23c-b6f9c2634871/1; https://files-api.properstar.com/api/v2/files/0dae3109-17c0-4054-8da2-80a0d9780853/1; https://files-api.properstar.com/api/v2/files/cc905d66-16bf-4e68-af63-f612b799f74c/1; https://files-api.properstar.com/api/v2/files/a5e5f5d1-27a9-4236-8f34-b2d751d063b9/1; https://files-api.properstar.com/api/v2/files/e0b0ca95-74f5-4f5f-8c9e-4415ef104a2e/1; https://files-api.properstar.com/api/v2/files/f79bcac9-8e80-404e-a1de-8f346da918fd/1; https://files-api.properstar.com/api/v2/files/4c419159-b121-455e-8db0-e96a84b3375f/1
117840528,"Apartment for rent in Villas Rio, Puerto Vallarta, Jalisco",https://www.properstar.co.uk/listing/117840528,GBP 607,"aVENIDA VILLAS RIO EDIFICIO, 5A, Villas Rio, Puerto Vallarta, Mexico",20.651673,-105.223594,2,1,861.1132,Apartment,Services Vallarta,2026-07-07T15:17:09.803,https://files-api.properstar.com/api/v2/files/e4285a34-4557-431b-bcff-9864ae61b3cf/1; https://files-api.properstar.com/api/v2/files/cb8c1fd9-bc96-4549-9e0a-e9de87a306ef/1; https://files-api.properstar.com/api/v2/files/0cb36bd3-d1ca-45af-bc8d-88a34199a42c/1; https://files-api.properstar.com/api/v2/files/08fb7f75-102c-4914-b8c9-87e90c9789e2/1; https://files-api.properstar.com/api/v2/files/d0c55e93-e7ef-4392-b934-b09c7bbd35d6/1; https://files-api.properstar.com/api/v2/files/c9c9189e-4616-446b-b5ae-663246a98354/1; https://files-api.properstar.com/api/v2/files/afa48da5-5609-4ff3-b51b-5adaa0d10938/1; https://files-api.properstar.com/api/v2/files/a69620a2-fde3-404a-ab92-18a54b549de5/1; https://files-api.properstar.com/api/v2/files/5b748304-c655-4b3e-b744-ea1ac5553cd7/1; https://files-api.properstar.com/api/v2/files/257e35e6-5874-4189-9e62-6b04bd7a0863/1; https://files-api.properstar.com/api/v2/files/c0c3c1d7-a7ce-4622-a8eb-4e435643ad70/1; https://files-api.properstar.com/api/v2/files/568f55dd-7189-4a31-8a2b-56b957a37239/1; https://files-api.properstar.com/api/v2/files/9d240b3d-2da3-43f7-8572-5f5506fb2993/1; https://files-api.properstar.com/api/v2/files/cdf9f0d2-7169-4433-82e7-ec8777428716/1; https://files-api.properstar.com/api/v2/files/c07fc4fb-2014-415c-a5ea-13591c7a2d7a/1; https://files-api.properstar.com/api/v2/files/2c4bb1a9-f2c1-44f3-9adf-ac116b486f64/1; https://files-api.properstar.com/api/v2/files/19481441-b322-4da2-be8d-c607ea35429c/1; https://files-api.properstar.com/api/v2/files/7731c9d3-0d81-4214-a7b1-6c671d798819/1; https://files-api.properstar.com/api/v2/files/d4f84bea-02fa-470e-b450-d977914571d3/1; https://files-api.properstar.com/api/v2/files/846522c9-ef74-4550-be94-d8fe1a45bb2a/1; https://files-api.properstar.com/api/v2/files/2bca94fa-2791-4e37-bd54-34a84dca60ee/1; https://files-api.properstar.com/api/v2/files/009f7790-82e8-4967-87fa-afc4dae8640b/1
117868148,"House for rent in Valle Dorado, Puerto Vallarta, Jalisco",https://www.properstar.co.uk/listing/117868148,GBP 867,"Av . Rincon del cielo , 87, Valle Dorado, Puerto Vallarta, Mexico",20.668131,-105.258215,3,3,1291.6698,House,Grupo Reincar,2026-07-07T15:17:09.803,https://files-api.properstar.com/api/v2/files/1cbc8c4c-51d7-4eea-9b06-2fd81e69805e/1; https://files-api.properstar.com/api/v2/files/90b8c1ea-8bee-45cb-ba78-b3d0832228f3/1; https://files-api.properstar.com/api/v2/files/48894e39-cb24-4936-b5a3-108f8a481bfb/1; https://files-api.properstar.com/api/v2/files/1e143d3f-560e-4097-9e43-c1234971c292/1; https://files-api.properstar.com/api/v2/files/35dff200-e521-4189-8e69-00758b89b133/1; https://files-api.properstar.com/api/v2/files/dc62fed6-b978-4242-8651-2df30219c946/1; https://files-api.properstar.com/api/v2/files/e0ccfad4-5fc4-440f-b4ee-403b4230b7e2/1; https://files-api.properstar.com/api/v2/files/02fe388a-d107-4170-a050-66a29415f2fe/1; https://files-api.properstar.com/api/v2/files/2e086f5c-23c5-4dbf-821f-22e2d9e538d3/1; https://files-api.properstar.com/api/v2/files/d44735a9-00ff-46cf-8d33-ad171475ae42/1; https://files-api.properstar.com/api/v2/files/b53700c0-efb5-4bfe-805f-2738951a5d9a/1; https://files-api.properstar.com/api/v2/files/ba7602b7-1fc9-4fce-b74c-34d7f4afa89c/1; https://files-api.properstar.com/api/v2/files/c33fe7ac-35c5-4042-a1f5-dc7b0e27522c/1; https://files-api.properstar.com/api/v2/files/4f4f8326-5edc-4d53-94f1-43dc882227b7/1; https://files-api.properstar.com/api/v2/files/6460f35a-5519-4165-9628-30488cb40151/1; https://files-api.properstar.com/api/v2/files/a1565b12-51c0-4f9a-9328-0eed29579dc7/1; https://files-api.properstar.com/api/v2/files/812f9b70-cc48-4f9d-9535-e1ab6d4c9d6a/1; https://files-api.properstar.com/api/v2/files/e3445485-33ff-4b4b-a815-b9eebd70c71c/1; https://files-api.properstar.com/api/v2/files/cfc0024f-dea8-4e03-9dc9-e40212d06d4a/1; https://files-api.properstar.com/api/v2/files/1014e879-99e8-4ba3-a125-a8905f6f4112/1
117897492,"House for rent in Marina Vallarta, Puerto Vallarta, Jalisco",https://www.properstar.co.uk/listing/117897492,"GBP 1,863","C. Garzas , 122, Marina Vallarta, Puerto Vallarta, Mexico",20.670097,-105.253888,2,3,1560.76758,House, Property Seekers México,2026-07-07T15:17:09.803,https://files-api.properstar.com/api/v2/files/c195815d-3d7e-45ec-9969-012f3849a61f/1; https://files-api.properstar.com/api/v2/files/8a94c94f-76af-4950-8141-6b7f79b90658/1; https://files-api.properstar.com/api/v2/files/3b180d56-3fac-402b-92a6-1e034a71e968/1; https://files-api.properstar.com/api/v2/files/79f7d15f-d7a0-40f9-a146-1940f87cf142/1; https://files-api.properstar.com/api/v2/files/44a4166e-e537-4982-bde8-765551fadd97/1; https://files-api.properstar.com/api/v2/files/6baac54a-59b5-4a10-9cc0-8ce6fb50034d/1; https://files-api.properstar.com/api/v2/files/c7013e9f-b904-47a6-9258-b7340c33c414/1; https://files-api.properstar.com/api/v2/files/2531b8cb-8c15-4fa1-a116-ca5a435f5c0b/1; https://files-api.properstar.com/api/v2/files/114b221c-6c9f-4c06-9753-1c6cfd328068/1; https://files-api.properstar.com/api/v2/files/200240e5-c062-4935-b2b0-61b418ed46c6/1; https://files-api.properstar.com/api/v2/files/200fc8d9-29f7-4dfb-b228-cb9bfa510f06/1; https://files-api.properstar.com/api/v2/files/30bbc1cf-02b5-4d5a-a4f3-73175b568ed3/1; https://files-api.properstar.com/api/v2/files/c1394549-6b77-461f-ac6a-95aed3e2eeb0/1; https://files-api.properstar.com/api/v2/files/3e6224b2-cd75-4a50-a5d8-48cbb6dd05ba/1; https://files-api.properstar.com/api/v2/files/81f899a6-b894-4bff-81b4-494ed4b83cba/1; https://files-api.properstar.com/api/v2/files/0f576e17-9596-476e-bc85-d8f1e6e645bc/1; https://files-api.properstar.com/api/v2/files/0a67b39d-599d-4b14-85a9-d502c9b977ac/1
117894827,"Apartment for rent in Zona Hotelera Norte, Puerto Vallarta, Jalisco",https://www.properstar.co.uk/listing/117894827,"GBP 1,733","Mike Lemus, Zona Hotelera Norte, Puerto Vallarta, Mexico",20.64885,-105.237318,3,2,1657.643,Apartment, Property Seekers México,2026-07-07T15:17:09.803,https://files-api.properstar.com/api/v2/files/a60960da-3d4a-43c5-bb7f-102978983db2/1; https://files-api.properstar.com/api/v2/files/fd4178bd-1dd2-4035-89dd-82cad56b93fb/1; https://files-api.properstar.com/api/v2/files/6581401e-57f9-4233-8304-1ebf18fd4e69/1; https://files-api.properstar.com/api/v2/files/d85668f9-ebc5-409c-9e16-dc461928b4ef/1; https://files-api.properstar.com/api/v2/files/9d88bb3a-695c-4d2c-b812-f9c7fcfd2cd3/1; https://files-api.properstar.com/api/v2/files/34031667-3c5f-44a1-a842-5816b037c6c0/1; https://files-api.properstar.com/api/v2/files/e2698c71-7dc6-46e3-85b3-1b36537c2a18/1; https://files-api.properstar.com/api/v2/files/d667a16c-8970-442a-8933-2e4c10a63243/1; https://files-api.properstar.com/api/v2/files/93b9b126-8665-4f2e-9d86-4c39c7f6dafc/1; https://files-api.properstar.com/api/v2/files/bae72006-db2d-4779-9a63-b333458c7899/1; https://files-api.properstar.com/api/v2/files/33bfdda1-d750-40ab-8dc7-fb088f909b09/1; https://files-api.properstar.com/api/v2/files/b5e71356-8b78-418e-945e-e9f28040b3cd/1; https://files-api.properstar.com/api/v2/files/2f04272b-b928-4c9b-acce-9fde3a7fb4dd/1; https://files-api.properstar.com/api/v2/files/dae862ba-2d7b-4c07-ab56-04dc1ace7213/1; https://files-api.properstar.com/api/v2/files/6d5736f7-4322-42a3-a52c-3ed831d69ad9/1; https://files-api.properstar.com/api/v2/files/82faa7e7-1706-4bdb-92ce-d5479452cfd5/1; https://files-api.properstar.com/api/v2/files/01d62d52-4326-4ce6-acdc-653d8df773cc/1; https://files-api.properstar.com/api/v2/files/f94a7b2c-844b-4a34-85b6-1af6e9ddfccd/1; https://files-api.properstar.com/api/v2/files/6ef61b83-8146-49f2-9baf-8aae6cfeabc7/1
117916346,"Apartment for rent in El Palmar del Progreso, Puerto Vallarta, Jalisco",https://www.properstar.co.uk/listing/117916346,GBP 477,"Amapola , 710, El Palmar del Progreso, Puerto Vallarta, Mexico",20.673455,-105.204123,2,1,753.474,Apartment,El Paraiso Bienes Raíces,2026-07-07T15:17:09.803,https://files-api.properstar.com/api/v2/files/5f41267d-43b5-4754-a195-dfdfec0c32cb/1; https://files-api.properstar.com/api/v2/files/56740b8e-ad32-479f-a461-13f76d6c1716/1; https://files-api.properstar.com/api/v2/files/d63bb9e5-7a3b-4fbe-9144-02b4bf273010/1; https://files-api.properstar.com/api/v2/files/f230c7ca-c414-4533-a5cd-443b27f85609/1; https://files-api.properstar.com/api/v2/files/28a3f707-54f0-4b01-8f15-60c9cfa4eb3c/1; https://files-api.properstar.com/api/v2/files/38d02af8-374e-49ce-8bd7-d7736e6d70db/1; https://files-api.properstar.com/api/v2/files/bd300911-831e-4782-8b37-e86f7968360f/1; https://files-api.properstar.com/api/v2/files/9ab6cf36-2251-4104-ab11-8b37592a67cf/1; https://files-api.properstar.com/api/v2/files/fa39f707-18a2-4115-bbd8-a0a7af66fd20/1
117917260,"Apartment for rent in Zona Hotelera Sur, Puerto Vallarta, Jalisco",https://www.properstar.co.uk/listing/117917260,GBP 368,"Av. Francisco Medina Ascencio, 3, Zona Hotelera Sur, Puerto Vallarta, Mexico",20.642685,-105.235861,3,2,1614.58716,Apartment,Travel2HomeMX,2026-07-07T15:17:09.803,https://files-api.properstar.com/api/v2/files/2f7f2b80-af5a-4d91-983a-ae53a7f31f3e/1; https://files-api.properstar.com/api/v2/files/489b3a61-6d9d-42b8-a13e-04cc219d134f/1; https://files-api.properstar.com/api/v2/files/a827cedb-4b41-4606-b3e7-3c3037008514/1; https://files-api.properstar.com/api/v2/files/cc9c51db-c116-437e-a40a-3704cd35b66b/1; https://files-api.properstar.com/api/v2/files/3cf4b13e-dcaa-4487-9661-106d16fbaf58/1
117965436,"Apartment for rent in Emiliano Zapata, Puerto Vallarta, Jalisco",https://www.properstar.co.uk/listing/117965436,GBP 693,"Venustiano Carranza, 428, Emiliano Zapata, Puerto Vallarta, Mexico",20.603604,-105.232157,1,1,645.8349,Apartment,Carolina de la Mora,2026-07-07T15:17:09.803,https://files-api.properstar.com/api/v2/files/e6099612-f011-4cfa-aafb-bda7dc427e32/1; https://files-api.properstar.com/api/v2/files/bccab404-c191-48ec-b37f-af35fe760bce/1; https://files-api.properstar.com/api/v2/files/93b84916-e9c2-4ea2-b5c5-46b003340ef7/1; https://files-api.properstar.com/api/v2/files/91cdc450-9ed0-496e-83ea-c9e1d0190203/1; https://files-api.properstar.com/api/v2/files/d47c77a7-458d-42e3-9165-cc3f2909663d/1; https://files-api.properstar.com/api/v2/files/95a2083c-aed6-44a0-a00e-2f1d8b16aca5/1; https://files-api.properstar.com/api/v2/files/4230032f-f821-4f07-a559-5753f6d7ab80/1; https://files-api.properstar.com/api/v2/files/f6675b86-1829-49bd-8711-3517efd14e74/1; https://files-api.properstar.com/api/v2/files/1bfbe4cf-4c91-4776-9fd2-b80e2124fdb6/1; https://files-api.properstar.com/api/v2/files/44bc3c7a-8204-48f7-b1d8-f8578b147c69/1; https://files-api.properstar.com/api/v2/files/4202635e-dc23-4fa0-bb6c-2b5888f3cbe7/1; https://files-api.properstar.com/api/v2/files/61b6b912-8810-403b-9184-fbdaeea0634f/1; https://files-api.properstar.com/api/v2/files/47b518cb-3805-4a1c-ab62-01cd3a2c375f/1; https://files-api.properstar.com/api/v2/files/e633e2b4-9c5d-40f8-bfe5-14bf8a5f929e/1; https://files-api.properstar.com/api/v2/files/f2940dde-7ae1-425f-8c65-caa4568219b2/1; https://files-api.properstar.com/api/v2/files/12c8caa8-1bd8-413f-9371-7701b27b7668/1; https://files-api.properstar.com/api/v2/files/dbeb1f4e-fd1d-4883-85a9-6282c0122bfe/1; https://files-api.properstar.com/api/v2/files/175d9b9d-93b2-4db4-8c40-ee6fd6c2d7d0/1
117999188,"Apartment for rent in 5 de Diciembre, Puerto Vallarta, Jalisco",https://www.properstar.co.uk/listing/117999188,GBP 520,"LATERAL LIBRAMIENTO, 136, 5 de Diciembre, Puerto Vallarta, Mexico",20.619123,-105.223623,1,1,538.1957,Apartment,NORMA BRIONES,2026-07-07T15:17:09.803,https://files-api.properstar.com/api/v2/files/f7171bc9-c142-4242-9ea5-1f2dc5b6bdd2/1; https://files-api.properstar.com/api/v2/files/dde0d52c-b273-4a11-ba41-3f319624154b/1; https://files-api.properstar.com/api/v2/files/860a94d5-ea72-4b2a-85ad-0bc0978363c1/1; https://files-api.properstar.com/api/v2/files/1009ec8b-e84d-413f-ba2b-8260e168cd32/1; https://files-api.properstar.com/api/v2/files/1e4d7aba-111a-4119-87c6-534206f1751e/1; https://files-api.properstar.com/api/v2/files/55d3dcdc-5f94-44b2-90c3-22fe8dc4748a/1; https://files-api.properstar.com/api/v2/files/8326087d-3e39-45ea-8822-3ed147e85bbe/1; https://files-api.properstar.com/api/v2/files/a98b28ee-bcb7-450b-9756-320fddf153ae/1; https://files-api.properstar.com/api/v2/files/233cc648-c334-4e51-9c44-c5155c5957ab/1; https://files-api.properstar.com/api/v2/files/065260c3-4627-4745-b4b6-d5780158f19e/1; https://files-api.properstar.com/api/v2/files/5d03d1b0-c074-44a7-a3d5-a7a817492a09/1; https://files-api.properstar.com/api/v2/files/19c398d2-30bd-49ef-915d-015ef222fde2/1; https://files-api.properstar.com/api/v2/files/4db7e58f-b019-4527-b52d-2d5896199c2f/1; https://files-api.properstar.com/api/v2/files/a4484f2b-ce61-4184-a9b2-d5c9c14b8437/1; https://files-api.properstar.com/api/v2/files/8a4352aa-d1cf-4bad-af37-4183dc08a5b6/1; https://files-api.properstar.com/api/v2/files/eebf2d23-a70b-4cf9-83eb-f067cf4ca858/1; https://files-api.properstar.com/api/v2/files/d5b07306-caf3-48ce-8231-af79069b4f53/1; https://files-api.properstar.com/api/v2/files/0da33a9f-988b-486a-b4d0-61b26218e1ff/1; https://files-api.properstar.com/api/v2/files/e6b06ee8-95a6-43d5-ba2f-856692828eea/1; https://files-api.properstar.com/api/v2/files/a3b82564-5101-41ab-aca8-44fb367c0da3/1; https://files-api.properstar.com/api/v2/files/e46ec0c0-3fce-4be9-9eac-6442e61ab535/1
117882711,"Apartment for rent in 5 de Diciembre, Puerto Vallarta, Jalisco",https://www.properstar.co.uk/listing/117882711,"GBP 1,466","Costa Rica, b1, 5 de Diciembre, Puerto Vallarta, Mexico",20.617558,-105.227818,2,2,645.8349,Apartment,David Moreno,2026-07-07T15:17:09.803,https://files-api.properstar.com/api/v2/files/a6a3d9b3-07f3-4ab2-a1dc-88cd56f158c4/1; https://files-api.properstar.com/api/v2/files/4b8594ab-4f7c-4cca-990e-5a31897325e4/1; https://files-api.properstar.com/api/v2/files/798de453-e588-417f-9714-2f035cf6770d/1; https://files-api.properstar.com/api/v2/files/8aaac1d8-f7a8-44ae-8cef-75f10be176df/1; https://files-api.properstar.com/api/v2/files/0d71585f-5bf5-47ef-a721-33f73a0e9aa4/1; https://files-api.properstar.com/api/v2/files/148478ca-e90e-4f09-94b4-7c09d373910b/1; https://files-api.properstar.com/api/v2/files/c4e2d7b8-b532-42fc-bbe1-e40d4384b6ac/1; https://files-api.properstar.com/api/v2/files/b011cd56-c9ee-4cf6-a0c1-f200d81ccba2/1; https://files-api.properstar.com/api/v2/files/d8b492ec-c9f9-4028-a473-3f7cb2904bc9/1; https://files-api.properstar.com/api/v2/files/fcc204ca-4638-41af-bc4a-3df063599e9b/1; https://files-api.properstar.com/api/v2/files/dd354376-2b21-430c-bb5f-60a2098424a9/1; https://files-api.properstar.com/api/v2/files/4b68937c-b929-4f39-8523-c712d601ac32/1; https://files-api.properstar.com/api/v2/files/f26b2de1-988b-4fbc-b905-10e6bb6504d8/1; https://files-api.properstar.com/api/v2/files/1850ab2d-c7b0-4e12-934c-2dbe8c792bc7/1; https://files-api.properstar.com/api/v2/files/81631fe8-61dd-4827-a4c1-1b7355157bfa/1
117965447,"Apartment for rent in 5 de Diciembre, Puerto Vallarta, Jalisco",https://www.properstar.co.uk/listing/117965447,GBP 737,"Lateral Libramiento , 136, 5 de Diciembre, Puerto Vallarta, Mexico",20.619123,-105.223623,1,1,645.8349,Apartment,Carolina de la Mora,2026-07-07T15:17:09.803,https://files-api.properstar.com/api/v2/files/2b459640-996b-475b-ac48-b1728f0bb459/1; https://files-api.properstar.com/api/v2/files/3c936fc1-54a0-4e38-ae13-115898f745b0/1; https://files-api.properstar.com/api/v2/files/4039d430-0f9c-45d4-a6c2-42f42be3ea6e/1; https://files-api.properstar.com/api/v2/files/e95e0d82-ce6d-441c-b8a7-ddacc457f0bd/1; https://files-api.properstar.com/api/v2/files/02befc80-7744-4934-ba96-3a898248fdab/1; https://files-api.properstar.com/api/v2/files/4b230ea8-0752-400e-af04-7762f8df0480/1; https://files-api.properstar.com/api/v2/files/7a9861b0-8b7e-48a4-94cb-00c8c0a12f27/1; https://files-api.properstar.com/api/v2/files/864e6794-267e-4b8f-8bec-0967b3585b2c/1; https://files-api.properstar.com/api/v2/files/bb791cdd-a6a6-4acc-b0c5-32e4fefbea65/1; https://files-api.properstar.com/api/v2/files/76a74d39-fc71-47c3-ac7b-e23099be97fd/1; https://files-api.properstar.com/api/v2/files/dbca604d-c783-43ba-aab6-06c782a085c3/1; https://files-api.properstar.com/api/v2/files/a743c5b7-bafe-4bbc-9b7c-f81c1f411742/1; https://files-api.properstar.com/api/v2/files/b6cacf49-9e63-4462-8159-dd92378a1a4c/1; https://files-api.properstar.com/api/v2/files/31aeefd6-c462-406d-80dc-b54bb5862daf/1; https://files-api.properstar.com/api/v2/files/0c8d26a6-4337-40aa-bfbb-d8774b4c1529/1; https://files-api.properstar.com/api/v2/files/1265ae75-e891-4a1d-bccb-6f57e9331973/1; https://files-api.properstar.com/api/v2/files/e9812b30-471d-4c10-a4b8-043cef0a0f2c/1; https://files-api.properstar.com/api/v2/files/962dd9a3-f2ae-440b-aca0-e68b70a7a527/1; https://files-api.properstar.com/api/v2/files/1394fdfe-326a-4091-a4a4-062fcd27cac8/1; https://files-api.properstar.com/api/v2/files/216bd4b2-5ab5-4197-b5bd-058209066a50/1; https://files-api.properstar.com/api/v2/files/77a80258-8c5b-4ee4-aa7d-386dcc9393d9/1; https://files-api.properstar.com/api/v2/files/9b709417-8bd0-40a2-817f-376fd3fa273d/1; https://files-api.properstar.com/api/v2/files/f315bedc-7283-4050-b99f-dbef02ce3426/1; https://files-api.properstar.com/api/v2/files/efd4d5bd-c403-4e9a-b5f2-a4aa3e077a55/1; https://files-api.properstar.com/api/v2/files/e1755f9f-b6a0-439c-8d60-123176d7527c/1
117840536,"Apartment for rent in Zona Hotelera Norte, Puerto Vallarta, Jalisco",https://www.properstar.co.uk/listing/117840536,"GBP 1,733","MARIA MONTESSORI 360 , 363, Zona Hotelera Norte, Puerto Vallarta, Mexico",20.651223,-105.239226,2,2,1345.48926,Apartment,Services Vallarta,2026-07-07T15:17:09.803,https://files-api.properstar.com/api/v2/files/da4be5ab-a656-4016-8717-247a800cc5c7/1; https://files-api.properstar.com/api/v2/files/02c9e40f-2d03-4467-97f9-405889f31229/1; https://files-api.properstar.com/api/v2/files/fead62f6-722f-4e33-8aff-687bf77e4360/1; https://files-api.properstar.com/api/v2/files/404797b7-5070-465f-89e9-3ae5c2b0a27a/1; https://files-api.properstar.com/api/v2/files/ada59114-542c-468c-a382-4549b449fdde/1; https://files-api.properstar.com/api/v2/files/855be335-62da-4494-aa6f-92f401670466/1; https://files-api.properstar.com/api/v2/files/b9c86894-ef9f-4217-bc6a-b33097898772/1; https://files-api.properstar.com/api/v2/files/9ebe4206-54ff-4949-b027-c4bc6c4307af/1; https://files-api.properstar.com/api/v2/files/dd4db85e-2287-4664-9c97-32bd22dacffc/1; https://files-api.properstar.com/api/v2/files/59fe4846-0c4e-4c3e-91a7-fcb809637194/1; https://files-api.properstar.com/api/v2/files/07b1b647-de47-48e2-9b42-1f6f79481267/1; https://files-api.properstar.com/api/v2/files/efadc1e2-bf0e-4fb6-a41b-9f249c9301a2/1; https://files-api.properstar.com/api/v2/files/7a2c34eb-5c0d-458d-ba28-a8a7acf6ec99/1; https://files-api.properstar.com/api/v2/files/8d7ca05f-b24b-4741-8e61-e0cce81ee332/1; https://files-api.properstar.com/api/v2/files/e4f77ff6-67e2-4f8f-a552-48359493f086/1; https://files-api.properstar.com/api/v2/files/81af6c47-f8ef-46b0-ba37-c8d50287eb5f/1; https://files-api.properstar.com/api/v2/files/5f41d36b-b215-4eea-8345-9ca81897a068/1; https://files-api.properstar.com/api/v2/files/4a193c94-4ec3-4677-8a46-dbcd980581df/1; https://files-api.properstar.com/api/v2/files/10c88ff2-f396-4067-8db4-d8a176eadf53/1; https://files-api.properstar.com/api/v2/files/4de994f7-bcfa-415a-aa51-696f01fc2e5f/1; https://files-api.properstar.com/api/v2/files/cd13b93d-988e-4c1c-8e14-c37d35232fdb/1; https://files-api.properstar.com/api/v2/files/46eba5b0-f719-4c19-816a-e7a6cd4ccef5/1; https://files-api.properstar.com/api/v2/files/7cac9095-867a-4d18-bcd7-a8ed801f7a8d/1; https://files-api.properstar.com/api/v2/files/288cd91c-b72f-488a-9353-c7fa039afb26/1; https://files-api.properstar.com/api/v2/files/09b38164-8e93-4acf-8a70-d5d0e6094b57/1; https://files-api.properstar.com/api/v2/files/468bde22-f230-4cd0-93a6-176387111b25/1; https://files-api.properstar.com/api/v2/files/2ad27f2a-ce30-4f68-9f07-5e9cbef0d652/1; https://files-api.properstar.com/api/v2/files/0ebd9151-50d7-43f2-a467-b2987e1b1084/1; https://files-api.properstar.com/api/v2/files/e034b391-b610-4332-9bec-039539b5baae/1; https://files-api.properstar.com/api/v2/files/17ee4582-b1a4-4b75-8ac2-895ab87508f1/1
117893796,"Apartment for rent in Guadalupe Victoria, Puerto Vallarta, Jalisco",https://www.properstar.co.uk/listing/117893796,"GBP 1,213","Guadalupe Victoria, Puerto Vallarta, Mexico",20.682966,-105.235571,3,2,1722.22644,Apartment,Venta de Casas Puerto Vallarta,2026-07-07T15:17:09.803,https://files-api.properstar.com/api/v2/files/f1ff70eb-ecfe-4618-82d4-3fa3cc20be1b/1; https://files-api.properstar.com/api/v2/files/9b253152-8b91-4cbe-9d3b-5243fe6b8dd3/1; https://files-api.properstar.com/api/v2/files/f96e9aad-9524-4bf7-a84a-e2a51479af6a/1; https://files-api.properstar.com/api/v2/files/73d07e1d-0df8-4d4a-971c-c063265cce08/1; https://files-api.properstar.com/api/v2/files/79ae8349-ab9d-4c12-975f-cf335967f350/1; https://files-api.properstar.com/api/v2/files/f9c537cc-e91b-484e-9326-0aaaaff1d75b/1; https://files-api.properstar.com/api/v2/files/3cf878b3-ede9-444a-9176-5161f65b8b72/1; https://files-api.properstar.com/api/v2/files/22f781f0-eba2-41fe-9306-075e9075e395/1; https://files-api.properstar.com/api/v2/files/4c13f22d-8c76-4905-b9c1-d06f10a0a68e/1; https://files-api.properstar.com/api/v2/files/1e8d8a0d-4347-48c6-b7e5-fc028e20faec/1; https://files-api.properstar.com/api/v2/files/cc168cef-a861-4c0a-97b4-6dd11b76c0d4/1; https://files-api.properstar.com/api/v2/files/7ef714f6-b561-46f3-a7aa-ee5cf31b3a89/1; https://files-api.properstar.com/api/v2/files/b6a1833e-4394-4f76-b0e6-04bf00ed3fcd/1
117917255,"Apartment for rent in Zona Hotelera Norte, Puerto Vallarta, Jalisco",https://www.properstar.co.uk/listing/117917255,GBP 303,"Francisco Medina , 1, Zona Hotelera Norte, Puerto Vallarta, Mexico",20.632561,-105.229516,2,2,1614.58716,Apartment,Travel2HomeMX,2026-07-07T15:17:09.803,https://files-api.properstar.com/api/v2/files/b05f045f-2ea4-4208-b131-1dc293131a67/1; https://files-api.properstar.com/api/v2/files/4d409b44-b3bf-4e14-a82a-a7cbeaeb8ffc/1; https://files-api.properstar.com/api/v2/files/5c79f458-51e6-4012-b9e7-de3da6f6a36e/1; https://files-api.properstar.com/api/v2/files/1521f477-0a9f-4b54-bc49-18a039eb2883/1
117898718,"Apartment for rent in El Palmar de Aramara, Puerto Vallarta, Jalisco",https://www.properstar.co.uk/listing/117898718,"GBP 1,170","María montessori, 410, El Palmar de Aramara, Puerto Vallarta, Mexico",20.651404,-105.237313,2,2,1173.26672,Apartment, Property Seekers México,2026-07-07T15:17:09.803,https://files-api.properstar.com/api/v2/files/d17b76aa-1bda-495a-8101-118708c488cf/1; https://files-api.properstar.com/api/v2/files/5a61fab5-ce6a-4dcb-a958-a0beeca1a9cf/1; https://files-api.properstar.com/api/v2/files/a63174dd-2caf-4195-9851-511efde2557f/1; https://files-api.properstar.com/api/v2/files/6205073f-2d1c-4f0a-aa7f-2361f1e69e36/1; https://files-api.properstar.com/api/v2/files/0c481d54-7fa2-4a52-8d8c-3736a415d9aa/1; https://files-api.properstar.com/api/v2/files/c516f4c3-6f84-416f-89d8-e659746eceef/1; https://files-api.properstar.com/api/v2/files/59b76600-164e-464c-952d-f1de6293bf5b/1; https://files-api.properstar.com/api/v2/files/86a13ec1-0192-4533-af6a-c814ed16c0b8/1; https://files-api.properstar.com/api/v2/files/9821779b-d5d8-491c-9f66-319cc1c53fc7/1; https://files-api.properstar.com/api/v2/files/b9657605-ffeb-4f09-a8a3-8197a99a43f8/1
117832524,"Apartment for rent in Emiliano Zapata, Puerto Vallarta, Jalisco",https://www.properstar.co.uk/listing/117832524,"GBP 1,278","AQUILES SERDAN, 424, Emiliano Zapata, Puerto Vallarta, Mexico",20.605205,-105.232739,1,2,796.5297,Apartment,SIERRA COSTA REALTY,2026-07-07T15:17:09.803,https://files-api.properstar.com/api/v2/files/ab5e6904-731a-417c-9fd7-67134a53db9b/1; https://files-api.properstar.com/api/v2/files/2c6da425-abe5-4301-bed1-d2bfe5b05355/1; https://files-api.properstar.com/api/v2/files/5a18f1a8-49f2-4567-a5c6-fdf985787d03/1; https://files-api.properstar.com/api/v2/files/bdf71adc-5c17-4ef2-83f8-6483ff7a9f0d/1; https://files-api.properstar.com/api/v2/files/8a116d87-1101-4fd1-9112-05ea32214fa5/1; https://files-api.properstar.com/api/v2/files/16f39edb-ed51-42c9-ae5e-2cec66dbdffb/1; https://files-api.properstar.com/api/v2/files/473f7dd5-33d6-4996-a320-873fc4de03cb/1; https://files-api.properstar.com/api/v2/files/36e194ee-9302-4d06-bbde-05e6c1b624b1/1; https://files-api.properstar.com/api/v2/files/c1be6e32-7462-4896-a45b-1d4d8a978d35/1; https://files-api.properstar.com/api/v2/files/753c99e5-e841-4cb1-b8df-9e51f9be6bbf/1
117965444,"Apartment for rent in 5 de Diciembre, Puerto Vallarta, Jalisco",https://www.properstar.co.uk/listing/117965444,GBP 780,"Lateral Libramiento , 136, 5 de Diciembre, Puerto Vallarta, Mexico",20.619123,-105.223623,1,1,753.474,Apartment,Carolina de la Mora,2026-07-07T15:17:09.803,https://files-api.properstar.com/api/v2/files/1d0e9410-6e31-4960-9986-44ecef36b1d1/1; https://files-api.properstar.com/api/v2/files/eae00fca-d17a-4192-ba80-ab45d468b643/1; https://files-api.properstar.com/api/v2/files/fb12c7aa-4864-44ce-9892-9b4cb279c7ef/1; https://files-api.properstar.com/api/v2/files/cf44dd7c-c872-44c6-b74c-1af64d7e081c/1; https://files-api.properstar.com/api/v2/files/46369bd8-1ad4-4236-84c6-1cedad770edd/1; https://files-api.properstar.com/api/v2/files/3fa03126-6329-4243-8a94-14ad77704614/1; https://files-api.properstar.com/api/v2/files/5d5c19bc-6075-4130-8aa9-ea70ed04d830/1; https://files-api.properstar.com/api/v2/files/c8042092-8976-44d9-822d-65b6ad626c2f/1; https://files-api.properstar.com/api/v2/files/39179993-3fac-42d1-982b-cc0b2fb5b03d/1; https://files-api.properstar.com/api/v2/files/994c35ef-245a-41fe-8896-529d9a8d1c5c/1; https://files-api.properstar.com/api/v2/files/067faf2e-3d47-4313-b816-3736735886f8/1; https://files-api.properstar.com/api/v2/files/537c7046-b2d5-463d-b413-0301afb8e293/1; https://files-api.properstar.com/api/v2/files/423154c1-03be-4d6a-bec2-bb67435855cf/1; https://files-api.properstar.com/api/v2/files/0f090dc5-88b6-437d-a29a-876be122ca57/1; https://files-api.properstar.com/api/v2/files/07433121-12a3-4fe3-bcc1-80e9213bdddf/1; https://files-api.properstar.com/api/v2/files/fefca7dd-5ee1-46d4-8444-d0fad9bb7279/1; https://files-api.properstar.com/api/v2/files/ef2abe68-b4f4-4f14-a70d-c80e8a8f64d6/1
117965884,"Apartment for rent in 5 de Diciembre, Puerto Vallarta, Jalisco",https://www.properstar.co.uk/listing/117965884,GBP 542,"LATERAL LIBRAMIENTO, 136, 5 de Diciembre, Puerto Vallarta, Mexico",20.619123,-105.223623,1,1,538.1957,Apartment,Carolina de la Mora,2026-07-07T15:17:09.803,https://files-api.properstar.com/api/v2/files/bdcb3182-de48-4324-b40c-55d1dc41710a/1; https://files-api.properstar.com/api/v2/files/d22760ec-79fb-40de-a653-4b56532beeff/1; https://files-api.properstar.com/api/v2/files/b9795bb5-1354-4cac-b090-f3220c6fe549/1; https://files-api.properstar.com/api/v2/files/99458ace-651b-4c66-8893-7d808fda9282/1; https://files-api.properstar.com/api/v2/files/9cc6724a-e657-4bc6-ac9c-69ce92f47899/1; https://files-api.properstar.com/api/v2/files/640e1913-99fe-4163-a216-e2b6c45aeff5/1; https://files-api.properstar.com/api/v2/files/d953291f-494e-4914-9a22-8d84116b573d/1; https://files-api.properstar.com/api/v2/files/490d32b0-715a-42e7-8237-bf3d0833638b/1; https://files-api.properstar.com/api/v2/files/e6423271-79bd-4de1-85de-6fb166231a60/1; https://files-api.properstar.com/api/v2/files/c02f5001-ceab-4933-853c-308587b79b22/1; https://files-api.properstar.com/api/v2/files/78e548c5-fbb9-4973-90f6-fb32086bd533/1; https://files-api.properstar.com/api/v2/files/3485e3e4-848e-41cc-af34-3af5bb4aee1c/1; https://files-api.properstar.com/api/v2/files/aae903ef-4a0b-4c3e-8ce2-76def68e1523/1; https://files-api.properstar.com/api/v2/files/bcc77d61-2083-4f66-8ff2-58905c73ca10/1; https://files-api.properstar.com/api/v2/files/4ca08241-187e-4953-958d-16f0f3bead7c/1; https://files-api.properstar.com/api/v2/files/4691ae77-ea86-4c01-a28b-7f044dc84b47/1; https://files-api.properstar.com/api/v2/files/2359254e-85cc-4bda-9830-7bff90c206e6/1; https://files-api.properstar.com/api/v2/files/7d9c5409-7aab-4d55-aa8d-4311e0318845/1; https://files-api.properstar.com/api/v2/files/5571ce5b-f7c1-4a67-8e4d-71016ecc8482/1; https://files-api.properstar.com/api/v2/files/623b35f4-7073-4c94-973d-3833bf4e56fe/1; https://files-api.properstar.com/api/v2/files/581c94f9-551d-4b25-831e-443a5e5d996d/1
117917589,"Apartment for rent in Zona Hotelera Norte, Puerto Vallarta, Jalisco",https://www.properstar.co.uk/listing/117917589,"GBP 3,299","Av. Francisco Medina Ascencio , 2477, Zona Hotelera Norte, Puerto Vallarta, Mexico",20.644033,-105.238516,2,1,1614.58716,Apartment,Travel2HomeMX,2026-07-07T15:17:09.803,https://files-api.properstar.com/api/v2/files/53cacc3c-ab1a-446e-9c3b-fe2caeaa0454/1; https://files-api.properstar.com/api/v2/files/c255959c-08f3-4f63-a419-c5b7b1dbe169/1; https://files-api.properstar.com/api/v2/files/6d96a7c5-4708-4527-981e-907ddf22f01a/1
118001953,"Apartment for rent in 5 de Diciembre, Puerto Vallarta, Jalisco",https://www.properstar.co.uk/listing/118001953,GBP 715,"LATERAL LIBRAMIENTO, 136, 5 de Diciembre, Puerto Vallarta, Mexico",20.619123,-105.223623,1,1,538.1957,Apartment,NORMA BRIONES,2026-07-07T15:17:09.803,https://files-api.properstar.com/api/v2/files/e2f7fe64-0563-4863-8af7-f85f63643b6a/1; https://files-api.properstar.com/api/v2/files/f8188887-4003-47d9-a6f1-e5446b5af4d6/1; https://files-api.properstar.com/api/v2/files/5b500af7-3a34-4e98-ac05-c6f8c06d716b/1; https://files-api.properstar.com/api/v2/files/ecb8b962-6304-4277-b9ec-737a15be8f97/1; https://files-api.properstar.com/api/v2/files/48fc11bb-0033-4a8d-b910-4cb802bfeba5/1; https://files-api.properstar.com/api/v2/files/633d1b7f-3ad7-46ab-b508-3951ef585791/1; https://files-api.properstar.com/api/v2/files/d0be45b5-ed9c-4366-9c0e-5933788a4fce/1; https://files-api.properstar.com/api/v2/files/4bbea05f-a813-45b8-8d84-d3a5665c19a8/1; https://files-api.properstar.com/api/v2/files/67c7c5fb-42ea-4b16-8b75-67982a17c278/1; https://files-api.properstar.com/api/v2/files/f55b86c3-0cee-4038-a824-fabedf86e4b1/1; https://files-api.properstar.com/api/v2/files/26708b20-a750-4eb3-b36c-02f289c56b9e/1; https://files-api.properstar.com/api/v2/files/86a7f35c-4a33-4799-bc60-ebb5a860f52c/1; https://files-api.properstar.com/api/v2/files/9da25215-6e1e-4e5a-bd20-bb60a9c353f0/1; https://files-api.properstar.com/api/v2/files/11a602bc-3527-488c-b901-044a961a82a8/1; https://files-api.properstar.com/api/v2/files/1f2f66cd-9e77-44f9-9141-4fe9f48cc8d2/1; https://files-api.properstar.com/api/v2/files/3214e4fa-7075-4e28-bd9d-9afbef0c4790/1; https://files-api.properstar.com/api/v2/files/901632d1-548a-4cb6-aa42-7dde54534066/1; https://files-api.properstar.com/api/v2/files/4aa98085-8264-4588-8e0c-11380e3e1ea5/1; https://files-api.properstar.com/api/v2/files/4b9c2ef3-803c-4382-9d75-fd66334074de/1; https://files-api.properstar.com/api/v2/files/4298fabc-7e4c-4865-80bd-9f15b2aa6a37/1; https://files-api.properstar.com/api/v2/files/c5a31921-f634-4a94-ba79-52cc9e850437/1; https://files-api.properstar.com/api/v2/files/36bd0e17-5d93-4645-8a2c-41e84421a8bc/1; https://files-api.properstar.com/api/v2/files/551328cc-32d2-4619-8686-4cee543c2e12/1; https://files-api.properstar.com/api/v2/files/730e8767-0d25-488c-bc7c-fd497eed234e/1; https://files-api.properstar.com/api/v2/files/a09f195b-853d-4158-bcb2-651f4b8333d4/1
117965443,"Apartment for rent in Lazaro Cardenas, Puerto Vallarta, Jalisco",https://www.properstar.co.uk/listing/117965443,"GBP 1,083","Brasil , 1830, Lazaro Cardenas, Puerto Vallarta, Mexico",20.628464,-105.226539,1,1,968.7523,Apartment,Carolina de la Mora,2026-07-07T15:17:09.803,https://files-api.properstar.com/api/v2/files/f2f49afc-c56f-4ea6-a1af-9109f4e02f26/1; https://files-api.properstar.com/api/v2/files/7e6741d2-81ca-4433-95d7-c22c6ee2331d/1; https://files-api.properstar.com/api/v2/files/611e7e36-fb2f-42f8-92ba-45cafab99376/1; https://files-api.properstar.com/api/v2/files/aed775a2-f77d-4110-a378-d4eaa6b93b39/1; https://files-api.properstar.com/api/v2/files/af0cae5c-c915-47eb-b471-38a1a7177b17/1; https://files-api.properstar.com/api/v2/files/687bdd8b-1e11-4413-8008-c5a74fab823a/1; https://files-api.properstar.com/api/v2/files/b920527e-1edb-4a0a-a903-33bb0a23047b/1; https://files-api.properstar.com/api/v2/files/929abc4e-0e48-443c-891e-753bdc70056c/1; https://files-api.properstar.com/api/v2/files/40fc1a3f-acd1-4087-b168-2068d9b915f7/1; https://files-api.properstar.com/api/v2/files/7399f4c5-5245-4e5d-8155-865d958726b2/1; https://files-api.properstar.com/api/v2/files/17cf9136-50b4-4414-a1d9-7e928e370503/1; https://files-api.properstar.com/api/v2/files/be197539-c9a1-4a90-9b79-6c31f66d40b7/1; https://files-api.properstar.com/api/v2/files/4cf3fa18-f612-4a0c-955d-7eb7a6c10346/1; https://files-api.properstar.com/api/v2/files/aa50beb6-f7a9-4039-9ef7-ac8e10085c72/1; https://files-api.properstar.com/api/v2/files/fae86df6-7614-4795-97d3-66ad6eefef6f/1; https://files-api.properstar.com/api/v2/files/ff623907-a48b-4d7c-aa6f-f2cfe8276434/1; https://files-api.properstar.com/api/v2/files/b92736a4-4d3b-4abf-a029-b1772cfcfcc1/1; https://files-api.properstar.com/api/v2/files/6197295e-cc5f-480c-a806-4372adc20ca0/1; https://files-api.properstar.com/api/v2/files/7c2fcb6c-a16d-49f2-ba17-edeabb5699f6/1; https://files-api.properstar.com/api/v2/files/7dfc36b9-84cd-4bfa-9702-0dc19fca1036/1; https://files-api.properstar.com/api/v2/files/141798b0-9095-4477-8e42-bfc7ebc06997/1; https://files-api.properstar.com/api/v2/files/957284cf-ac70-47e3-a7c6-d1dda4d29cf1/1; https://files-api.properstar.com/api/v2/files/d2a91367-b1ca-4da2-a3a4-12c55c158d56/1; https://files-api.properstar.com/api/v2/files/31a4468e-ebea-44cb-a03e-19c8d0684c04/1; https://files-api.properstar.com/api/v2/files/e7995373-d8cb-4b73-8acf-5b189ea0a8d0/1; https://files-api.properstar.com/api/v2/files/d24154dd-545e-4154-89bc-60368ad2cfb6/1; https://files-api.properstar.com/api/v2/files/0749efa8-a626-4a8c-9ed8-3eadef77cd9c/1; https://files-api.properstar.com/api/v2/files/71ca6395-92a0-4a1d-a669-90016ff8e742/1; https://files-api.properstar.com/api/v2/files/0722a054-a277-450e-8ddc-6f5f600cd9d7/1; https://files-api.properstar.com/api/v2/files/1a580704-5e90-4f4c-a284-627a7b7ba648/1
117987209,"House for rent in Parques Universidad (Sendero de Luna), Puerto Vallarta, Jalisco",https://www.properstar.co.uk/listing/117987209,GBP 650,"Ave Palmares, Parques Universidad (Sendero de Luna), Puerto Vallarta, Mexico",20.680296,-105.218881,2,2,968.7523,House,Joaquin Carias Dalli,2026-07-07T15:17:09.803,https://files-api.properstar.com/api/v2/files/2807e692-90dd-4998-b285-2ea1f6153a84/1; https://files-api.properstar.com/api/v2/files/9dea956a-0417-4243-a70c-1d52b40fbe1f/1; https://files-api.properstar.com/api/v2/files/9ad34180-5275-46aa-9a0c-80d39834ae3c/1; https://files-api.properstar.com/api/v2/files/4256048e-4f58-4bea-8368-b57ac4be48c5/1; https://files-api.properstar.com/api/v2/files/d1cc2fee-1b31-495d-8329-c245b6fee27a/1; https://files-api.properstar.com/api/v2/files/d3a08c80-9011-4007-ba91-57515904fd89/1; https://files-api.properstar.com/api/v2/files/a06fd861-8391-4778-b772-d42eed8eba29/1
118254699,House for Rent in Fluvial Vallarta,https://www.properstar.co.uk/listing/118254699,"GBP 1,517","Rio Potomac 138, Puerto Vallarta, Mexico",20.645596,-105.222605,3,2,,House,Zamilpa Realty,2026-06-30T03:10:50.99,https://files-api.properstar.com/api/v2/files/4da18788-b745-48de-a668-ae5ada438ac8/1; https://files-api.properstar.com/api/v2/files/c07b8704-48f5-4b6e-ac63-dc795f29eb69/1; https://files-api.properstar.com/api/v2/files/46ca7fa1-763c-434d-81ea-6c755e5d40dc/1; https://files-api.properstar.com/api/v2/files/c1604987-b7d4-4dc3-95a7-c3090e6131ce/1; https://files-api.properstar.com/api/v2/files/5da800d8-8a81-41b8-bcc9-6a2296efc441/1; https://files-api.properstar.com/api/v2/files/6608d1c9-1be2-4db2-b63d-79a2d062f5a4/1; https://files-api.properstar.com/api/v2/files/a7852d00-4444-4675-94eb-a2405c02e331/1; https://files-api.properstar.com/api/v2/files/18ffb4a8-4c00-4616-a15c-21cb0260e4cd/1; https://files-api.properstar.com/api/v2/files/de3ebe0d-de90-4bc3-9773-8f7d0e694316/1; https://files-api.properstar.com/api/v2/files/6249ff9c-67d1-44d3-a27e-4df68fe71d30/1; https://files-api.properstar.com/api/v2/files/a8a715e2-ecde-4c30-adc4-40b79325c4a5/1; https://files-api.properstar.com/api/v2/files/355c599a-d751-47b7-9505-fbfae9250c14/1; https://files-api.properstar.com/api/v2/files/41608c3c-0294-4b1e-9021-d6c00e166f3c/1; https://files-api.properstar.com/api/v2/files/f2a73ae1-c07a-48c8-be27-5746b3f3c508/1; https://files-api.properstar.com/api/v2/files/a9abca7a-6363-414c-a9ca-b592ce0c04e6/1; https://files-api.properstar.com/api/v2/files/26708aa4-d1f6-4960-857e-b47e65c6b692/1
117840089,"Apartment for rent in Versalles, Puerto Vallarta, Jalisco",https://www.properstar.co.uk/listing/117840089,"GBP 1,733","CIRCUNVALACION DEL ROBALO, 895, Versalles, Puerto Vallarta, Mexico",20.639445,-105.224881,2,2,1065.62756,Apartment,Inmobiliaria Talavera,2026-07-05T22:15:32.5,https://files-api.properstar.com/api/v2/files/0850ee93-8055-4ec8-be4c-7bb3f2d51b8e/1; https://files-api.properstar.com/api/v2/files/553a02c1-f6e4-4c68-966a-f53f59589df9/1; https://files-api.properstar.com/api/v2/files/4e7062ed-ab69-40d4-869b-7043f2d3ec21/1; https://files-api.properstar.com/api/v2/files/3a1b930b-546e-4074-94b0-3aa22b522b42/1; https://files-api.properstar.com/api/v2/files/83951d9e-2bad-466f-9f88-3caebbd086b2/1; https://files-api.properstar.com/api/v2/files/9965e536-4fdd-4fdd-906b-d6e9ef0f759e/1; https://files-api.properstar.com/api/v2/files/e8242c45-2490-45bf-bbc9-d46c8e71ba41/1; https://files-api.properstar.com/api/v2/files/ff12fc71-622c-4547-baa2-95494bed062a/1; https://files-api.properstar.com/api/v2/files/d2c29838-d14b-4eec-ac6f-27c1d37f2d56/1; https://files-api.properstar.com/api/v2/files/a7fb600b-db4e-497d-9002-d5eb05f2c43b/1; https://files-api.properstar.com/api/v2/files/b79b6687-9dad-4407-ba75-4c6c7a7f98b8/1; https://files-api.properstar.com/api/v2/files/7fbf998f-3117-4bfd-b5b5-247975caf29c/1; https://files-api.properstar.com/api/v2/files/b819c1d6-b83a-4709-b20a-6b8cf618e24d/1; https://files-api.properstar.com/api/v2/files/f6ae1b4e-8d85-42fa-bdb2-f2b619ba2adc/1; https://files-api.properstar.com/api/v2/files/c39bf06b-9488-4d73-bc17-2e4d484e4508/1; https://files-api.properstar.com/api/v2/files/9e0c767b-a265-4358-aa4f-bfb2accc2d6e/1; https://files-api.properstar.com/api/v2/files/61f65d15-dd79-4d95-b163-931fede8d210/1; https://files-api.properstar.com/api/v2/files/57ff19fa-5fe6-4895-b389-27b7d05e5ff9/1; https://files-api.properstar.com/api/v2/files/88f78407-d23e-4384-839e-52ee5aded115/1; https://files-api.properstar.com/api/v2/files/10f24f11-64f9-4f16-b646-48f29eb52ca7/1; https://files-api.properstar.com/api/v2/files/f51c44e0-d780-4b10-adf4-109e4ec5f6ea/1; https://files-api.properstar.com/api/v2/files/f973f7ea-410e-4b7d-a889-9f762ec03fde/1; https://files-api.properstar.com/api/v2/files/c763f6e9-d82b-47ff-a4aa-c9d8965b46aa/1; https://files-api.properstar.com/api/v2/files/8f55fc01-8ebf-460e-8e42-c3fbf03d409a/1; https://files-api.properstar.com/api/v2/files/d5d79dc4-8206-450a-8f68-505297eefbfe/1; https://files-api.properstar.com/api/v2/files/b717b5ad-f19c-44cd-9b30-e84d9d1fa736/1; https://files-api.properstar.com/api/v2/files/1746fd80-568d-4bf6-86a2-41b70cfb47ce/1; https://files-api.properstar.com/api/v2/files/85d0e0e7-99d3-4c44-a7f2-6b8fb2e525c5/1; https://files-api.properstar.com/api/v2/files/463fbd8d-27e6-485b-9764-3968163e0f09/1; https://files-api.properstar.com/api/v2/files/c1aa6273-e995-4aab-833a-db58872fd755/1
118254733,2 Bedroom Furnished Apartment in Bamboo Pool View,https://www.properstar.co.uk/listing/118254733,"GBP 1,083","Avenida Mezquite 447, Puerto Vallarta, Mexico",20.657943,-105.226966,2,2,,Apartment,Zamilpa Realty,2026-06-30T03:10:50.99,https://files-api.properstar.com/api/v2/files/7dc3ad1d-3a8e-4f97-aa05-6011236bd621/1; https://files-api.properstar.com/api/v2/files/e5a429b2-69c3-4462-9951-1569d4e57588/1; https://files-api.properstar.com/api/v2/files/b04fad84-de03-41a6-8a04-a60d0bdbcc67/1; https://files-api.properstar.com/api/v2/files/0ff12a58-bbc3-4334-a09d-813de5a2a336/1; https://files-api.properstar.com/api/v2/files/a6f2233f-d872-425e-b561-170ec4c51482/1; https://files-api.properstar.com/api/v2/files/eebe9808-928e-4aef-ac21-7177cb6efd97/1; https://files-api.properstar.com/api/v2/files/7decb3a1-597a-47e2-a9a9-213d6f833034/1; https://files-api.properstar.com/api/v2/files/c95a3033-f9cc-4dcc-b34e-589377d6cb9c/1; https://files-api.properstar.com/api/v2/files/2a0bfaff-8ab1-4aa0-b3c5-2b69f1b622f9/1; https://files-api.properstar.com/api/v2/files/d02363a1-2d5e-4035-9dff-c85f5e5de8ad/1; https://files-api.properstar.com/api/v2/files/5defa423-f61d-4153-9c25-3a38bba98f7a/1; https://files-api.properstar.com/api/v2/files/07d76c64-31ad-4736-ba7a-6d58b3cfde61/1; https://files-api.properstar.com/api/v2/files/1a624657-d7e2-43a4-ad60-746ea4c1ca36/1; https://files-api.properstar.com/api/v2/files/61a8c84a-1e5f-49eb-a413-6e5dcddd364e/1; https://files-api.properstar.com/api/v2/files/356ffe77-ca37-478f-8e39-353bfa60985a/1; https://files-api.properstar.com/api/v2/files/4b678d5e-eabf-48cd-838a-472c9dd9b33f/1; https://files-api.properstar.com/api/v2/files/9eedcde4-6716-4145-af1c-8b7841080cf9/1; https://files-api.properstar.com/api/v2/files/7cf2655d-7607-48b4-9f88-cc3e22c2f2ea/1; https://files-api.properstar.com/api/v2/files/5a87bee6-0901-4718-8450-04906ad50112/1; https://files-api.properstar.com/api/v2/files/63bed2d9-f9dd-4078-8d07-dcd68a7fbaa4/1; https://files-api.properstar.com/api/v2/files/f08c7082-d597-4179-9ee0-9a7880b80056/1; https://files-api.properstar.com/api/v2/files/c4726633-38f5-4bbe-95c9-4c9eb57d2ad4/1; https://files-api.properstar.com/api/v2/files/efa782a8-24a7-476d-9a22-aa495bbb6ce0/1; https://files-api.properstar.com/api/v2/files/cdcbf4dd-78fc-44e9-9e6a-58f293e56d89/1
118254861,Furnished apartment for rent in Puerto Vallarta,https://www.properstar.co.uk/listing/118254861,"GBP 1,083","Mezquite 447, Puerto Vallarta, Mexico",20.658772,-105.228413,2,2,,Apartment,Zamilpa Realty,2026-06-30T03:10:50.99,https://files-api.properstar.com/api/v2/files/82590b06-84f6-4eb2-bd51-17c06a4e20fc/1; https://files-api.properstar.com/api/v2/files/d7a9ff9d-ef2b-4825-b725-b00b22f48955/1; https://files-api.properstar.com/api/v2/files/205f1a91-484c-4779-acdb-d654ef06c063/1; https://files-api.properstar.com/api/v2/files/dc7f3cd1-41cb-4ec3-ac4c-e3479be3f60c/1; https://files-api.properstar.com/api/v2/files/595b09f6-f6e6-4dff-9615-4b8f8f651272/1; https://files-api.properstar.com/api/v2/files/6d6a19e3-b005-4ab8-9f2a-f495f0f7440e/1; https://files-api.properstar.com/api/v2/files/dbef173c-e854-4a0a-b6ac-d410aa005223/1; https://files-api.properstar.com/api/v2/files/b83b6cf1-0e41-453b-a237-15b1b2950267/1; https://files-api.properstar.com/api/v2/files/61ae9d34-4945-4eb3-8dcf-105b8a6f704a/1; https://files-api.properstar.com/api/v2/files/fdcb720c-5968-4d8c-9672-2dc6e2fd990e/1; https://files-api.properstar.com/api/v2/files/34615f17-cdce-4205-9121-0ab3446b7848/1; https://files-api.properstar.com/api/v2/files/95379df0-237a-4928-99dd-b900ba8008db/1; https://files-api.properstar.com/api/v2/files/a9ad9c91-28fc-461c-a721-512783ebf1a9/1; https://files-api.properstar.com/api/v2/files/ea0a363a-eed8-4c92-a486-e470fe8f3e9f/1; https://files-api.properstar.com/api/v2/files/7443bb3a-8849-4036-83ce-3fe41d0efe34/1; https://files-api.properstar.com/api/v2/files/f41027fb-875e-4877-8d7e-9a2800bae5ee/1; https://files-api.properstar.com/api/v2/files/5470bf6a-3600-48c2-af72-5c0098521f22/1; https://files-api.properstar.com/api/v2/files/bc695b2e-a99e-42ff-951b-c82c9cf22335/1
118255009,Apartment for rent in Puerto Vallarta,https://www.properstar.co.uk/listing/118255009,GBP 390,"Fracc Vallarta 750 B, Puerto Vallarta, Mexico",20.651298,-105.232645,2,1,,Apartment,Zamilpa Realty,2026-06-30T03:10:50.99,https://files-api.properstar.com/api/v2/files/113994d0-2b32-422e-92a6-bb9b08fd046c/1; https://files-api.properstar.com/api/v2/files/860e1b56-15d5-423f-af9b-893bf55b1d13/1; https://files-api.properstar.com/api/v2/files/7b53dd59-bcb7-4207-ba8b-f4065d051e1e/1; https://files-api.properstar.com/api/v2/files/b52b3ce1-b209-4592-abce-d2936ef364f3/1; https://files-api.properstar.com/api/v2/files/aa938e2f-c3d0-4dce-b15a-1d10d2562ffd/1; https://files-api.properstar.com/api/v2/files/02186f11-38a4-45f9-a4a6-67c5eacbe820/1; https://files-api.properstar.com/api/v2/files/3efba3ee-7787-44af-b673-e09d18f8c30f/1; https://files-api.properstar.com/api/v2/files/a1258d61-471c-4447-a28f-606c2869aff9/1; https://files-api.properstar.com/api/v2/files/b201c744-855d-4f83-ada0-20e9d8738ad4/1
118254872,Two-bedroom apartment in Puerto Vallarta,https://www.properstar.co.uk/listing/118254872,"GBP 1,300","Cuba 420, Puerto Vallarta, Mexico",20.623967,-105.226677,2,2,,Apartment,Zamilpa Realty,2026-06-30T03:10:50.99,https://files-api.properstar.com/api/v2/files/7c6d0420-694d-4c50-aee5-8ffe90644985/1; https://files-api.properstar.com/api/v2/files/27264bc8-453d-4428-9ee6-9f53d716c670/1; https://files-api.properstar.com/api/v2/files/f51dcb35-857c-465c-9f0f-cf663b32cd3b/1; https://files-api.properstar.com/api/v2/files/77b31815-3ba7-4399-92f9-958b82a20cff/1; https://files-api.properstar.com/api/v2/files/9d2d3583-e2f2-4253-b322-46da73a761c8/1; https://files-api.properstar.com/api/v2/files/06b2f0a3-d8e1-4c7a-aedb-b8a55e95641f/1; https://files-api.properstar.com/api/v2/files/17b181e4-e60a-4b7d-a8c7-94dc9549586c/1; https://files-api.properstar.com/api/v2/files/c57c2e55-d217-40f2-8fb4-56553a6102a5/1; https://files-api.properstar.com/api/v2/files/923da20a-746f-4001-bd2a-02264a1f00be/1; https://files-api.properstar.com/api/v2/files/603ce8ed-ff67-4ef8-8f34-e8c8a3635183/1; https://files-api.properstar.com/api/v2/files/795764a6-dfe8-4761-b4a4-88e84a9f7768/1; https://files-api.properstar.com/api/v2/files/5f4fded8-2f1a-430a-b5d0-8dce828e0ff3/1; https://files-api.properstar.com/api/v2/files/c3081711-c7f7-4660-8e33-a4d47b220dc3/1; https://files-api.properstar.com/api/v2/files/f5d1fa6d-85ad-442c-a3f6-b8828a974ec2/1
118254897,Ground Floor Bamboo 2 bedroom semi furnished apartment for rent,https://www.properstar.co.uk/listing/118254897,GBP 823,"Avenida Mezquite 447, Puerto Vallarta, Mexico",20.657943,-105.226966,2,2,,Apartment,Zamilpa Realty,2026-06-30T03:10:50.99,https://files-api.properstar.com/api/v2/files/f016cf2c-2762-4584-bee6-f47ebdbf0434/1; https://files-api.properstar.com/api/v2/files/b72ce7d1-5ead-457f-b14b-26cb61398356/1; https://files-api.properstar.com/api/v2/files/b70421f7-1cb8-49c5-9c86-127f02f04a39/1; https://files-api.properstar.com/api/v2/files/5151100a-e2ef-4bc3-bb44-133e153a95f4/1; https://files-api.properstar.com/api/v2/files/50cadbd4-59ac-43c4-b14c-2fe4ef0b21bd/1; https://files-api.properstar.com/api/v2/files/5d546afd-00de-4aa1-9333-912fc312ef46/1; https://files-api.properstar.com/api/v2/files/ea1c73b7-d096-4cbe-92bc-0273c25438f0/1; https://files-api.properstar.com/api/v2/files/c1bb34e5-1b85-4102-913e-f8f9d31d0509/1; https://files-api.properstar.com/api/v2/files/471a94d0-e76b-431c-9530-7367435704bf/1; https://files-api.properstar.com/api/v2/files/3db8037e-cd11-4b18-b7f6-6af7ed36c130/1; https://files-api.properstar.com/api/v2/files/911e4047-da9d-4cf3-893e-837c84d4415a/1; https://files-api.properstar.com/api/v2/files/c5bb1875-b57d-4547-be6b-702c815b7ab3/1; https://files-api.properstar.com/api/v2/files/735efad9-dcdb-42c6-bd16-33d3bb3f221d/1; https://files-api.properstar.com/api/v2/files/f67afde2-006e-45ed-8c74-4344cad82d81/1; https://files-api.properstar.com/api/v2/files/f49147ce-2a40-46b8-9c33-b1e837aac5f2/1; https://files-api.properstar.com/api/v2/files/7515a1e1-eb45-4e32-bfbc-6a0a3db9c8ca/1; https://files-api.properstar.com/api/v2/files/f3184db2-c94e-4017-9495-37853999b3be/1; https://files-api.properstar.com/api/v2/files/224bf03f-84dc-431a-863c-f9e123e39907/1; https://files-api.properstar.com/api/v2/files/e2ee6077-31a8-48c8-be99-07a4785fa541/1; https://files-api.properstar.com/api/v2/files/5f292e25-4994-484f-a54f-374be7711551/1
118255109,"Apartment for Rent, Bambu Puerto Vallarta!",https://www.properstar.co.uk/listing/118255109,"GBP 1,083","Mezquite 447, Puerto Vallarta, Mexico",20.658772,-105.228413,3,3,,Apartment,Zamilpa Realty,2026-06-30T03:10:50.99,https://files-api.properstar.com/api/v2/files/baeabc84-9b77-4c02-879b-33ee0f426aff/1; https://files-api.properstar.com/api/v2/files/8da86094-6c11-46c3-a113-12a2d3eef6b8/1; https://files-api.properstar.com/api/v2/files/9893075f-f66f-4a39-b07b-964cc94d74b7/1; https://files-api.properstar.com/api/v2/files/826d2db2-c0d8-4e7e-bf4f-4e5971cf2ca4/1; https://files-api.properstar.com/api/v2/files/be3c4aba-9efa-4603-bbf4-5c650cc4ea03/1; https://files-api.properstar.com/api/v2/files/4870698c-2437-4177-b55d-54ca93d24d26/1; https://files-api.properstar.com/api/v2/files/48e92bf3-5825-4bab-9ef7-9a80a08f0a23/1; https://files-api.properstar.com/api/v2/files/b382e0b1-d222-479c-b8ef-2d8737e300c6/1; https://files-api.properstar.com/api/v2/files/cf71e05a-c219-4500-88eb-cdff84e3bcc2/1; https://files-api.properstar.com/api/v2/files/81fc1653-00f7-439d-a284-34dd95eb792f/1; https://files-api.properstar.com/api/v2/files/69e9029a-d5a4-4493-a561-079c1bffc5b3/1; https://files-api.properstar.com/api/v2/files/88415e49-ce66-4bd6-b0e8-833ece09e86f/1; https://files-api.properstar.com/api/v2/files/639541ff-4980-4bec-b51b-f12646c9c880/1; https://files-api.properstar.com/api/v2/files/79a7134d-b5e1-4983-b42e-41b068bdb2db/1; https://files-api.properstar.com/api/v2/files/3ccdbbe0-37b3-4ebf-98fe-c7f7c2d03433/1; https://files-api.properstar.com/api/v2/files/8f19bfc4-228a-4cd2-a562-0a4d44f08a15/1; https://files-api.properstar.com/api/v2/files/29143f37-6d58-4677-a792-154db800d63b/1; https://files-api.properstar.com/api/v2/files/b089d952-8f9f-4763-b222-afbdd59b01c9/1; https://files-api.properstar.com/api/v2/files/86306f85-d374-42ac-9e0e-f5026a3770f8/1; https://files-api.properstar.com/api/v2/files/cd15b759-1017-460b-bd28-e56972f7f89a/1
115222564,"Furnished house for rent in Fluvial Puerto Vallarta, 3 bedrooms, 3 bathrooms",https://www.properstar.co.uk/listing/115222564,"GBP 1,625","Rio Diamante 125, Puerto Vallarta, Mexico",20.653647,-105.227457,3,3,,House,CENTURY 21 Bayside Properties,2026-03-28T03:26:58.55,https://files-api.properstar.com/api/v2/files/b23569e3-845b-4487-bdbc-07316bd2a2eb/1; https://files-api.properstar.com/api/v2/files/e506c0cc-f2fb-44d4-8656-5aa47f68f19b/1; https://files-api.properstar.com/api/v2/files/34315202-21d7-449b-84bf-d9cf13d08d50/1; https://files-api.properstar.com/api/v2/files/c939d392-024e-45df-9830-6402eb9dfb34/1; https://files-api.properstar.com/api/v2/files/efe9b102-c3d4-407a-98c8-0c2218273098/1; https://files-api.properstar.com/api/v2/files/8684cfc3-80e4-4383-a2c8-ed198a891eb3/1; https://files-api.properstar.com/api/v2/files/f10cc715-3dcd-4587-8899-610c364ba14c/1; https://files-api.properstar.com/api/v2/files/b64426e7-7a77-48d4-abbe-bfb6bf609b5e/1; https://files-api.properstar.com/api/v2/files/bd644e1c-c28d-4d39-9e02-fbd61576c333/1; https://files-api.properstar.com/api/v2/files/593c5857-05b2-404d-a623-c72f11ef4959/1; https://files-api.properstar.com/api/v2/files/4f31e6d5-b443-4399-978a-f64d9f0d0ff0/1; https://files-api.properstar.com/api/v2/files/03b6f693-6279-47ac-a7e8-6edd78f6bdf2/1; https://files-api.properstar.com/api/v2/files/372a24c5-08cf-47d6-ac79-623173b527bc/1; https://files-api.properstar.com/api/v2/files/d51c9304-c149-4f4f-a7de-c94f86b7fb65/1; https://files-api.properstar.com/api/v2/files/4a65ea8b-bf1c-4781-bd1c-c6947c2014a2/1; https://files-api.properstar.com/api/v2/files/6bf5764a-0a03-4a09-a932-3e36f14819c1/1; https://files-api.properstar.com/api/v2/files/71900137-57b0-424f-9b0e-7d8aa0538bd0/1; https://files-api.properstar.com/api/v2/files/6ee1cbd0-e328-48cb-a52c-ef91a586952b/1; https://files-api.properstar.com/api/v2/files/3d8f802f-33b9-4be7-a332-a212dce2295d/1; https://files-api.properstar.com/api/v2/files/4da59519-ca5a-4e99-aced-59cb1ea8418e/1; https://files-api.properstar.com/api/v2/files/4f0acb1e-220a-4cf8-a532-b11b61d85628/1; https://files-api.properstar.com/api/v2/files/21589bd0-43ff-4ec0-9704-d4813293e75a/1; https://files-api.properstar.com/api/v2/files/f42d30d8-f114-46ae-8f9a-48c35f85ebc3/1; https://files-api.properstar.com/api/v2/files/80bae89a-a434-4083-8069-c3da799dac62/1; https://files-api.properstar.com/api/v2/files/4f9397a2-e9dc-41d1-ad38-e544c2125f3d/1; https://files-api.properstar.com/api/v2/files/bbe4a4e4-a12e-4062-8004-066d1fc9a6a3/1; https://files-api.properstar.com/api/v2/files/96b19a43-0bc3-4281-81a0-c51ef80e838a/1; https://files-api.properstar.com/api/v2/files/258532b1-56c7-4598-b799-2aa77998f84a/1; https://files-api.properstar.com/api/v2/files/715c4bdc-97eb-4e61-b635-a0b37b6a7581/1; https://files-api.properstar.com/api/v2/files/12bbc525-11f4-41ca-8499-b43774833dd8/1; https://files-api.properstar.com/api/v2/files/29cd867f-bbc4-4c30-9b7e-5b1666980ff7/1; https://files-api.properstar.com/api/v2/files/d990e765-67f4-455d-922e-6c46834cede5/1; https://files-api.properstar.com/api/v2/files/3d64f8b1-0203-4057-a213-5818bb34c12f/1; https://files-api.properstar.com/api/v2/files/aaee5966-5467-4667-bff1-a0625562cebf/1; https://files-api.properstar.com/api/v2/files/a4d01cc6-0623-4724-a62e-5a8fe281f453/1
116654912,"Apartment for rent in Zona Romantica, Puerto Vallarta | Long term",https://www.properstar.co.uk/listing/116654912,"GBP 2,167","Venustiano Carranza 290, Puerto Vallarta, Mexico",20.602987,-105.236057,1,2,,Apartment,CENTURY 21 Bayside Properties,2026-05-14T03:18:11.18,https://files-api.properstar.com/api/v2/files/3d15ddb9-3b2f-42b0-99e4-1a8c122d8f63/1; https://files-api.properstar.com/api/v2/files/d1bb4c49-d205-4829-8a06-8aaba1ad3a0f/1; https://files-api.properstar.com/api/v2/files/61b73078-12cc-4ad7-9106-5e36c0c09bed/1; https://files-api.properstar.com/api/v2/files/f3d1c19c-6eec-4a19-8404-61f719662ba1/1; https://files-api.properstar.com/api/v2/files/a9d1de8a-e3aa-4ab1-a5e9-af8bb770d8f1/1; https://files-api.properstar.com/api/v2/files/0d4a0d3c-4cc2-4db9-a70c-95515eec1eda/1; https://files-api.properstar.com/api/v2/files/e40d3241-4932-47f7-b372-b734a9e5e836/1; https://files-api.properstar.com/api/v2/files/85c66f7b-bd50-4b41-b7cf-325c651b07a7/1; https://files-api.properstar.com/api/v2/files/ae2e0b1c-5c49-421f-9d90-1fe02fb63bf5/1; https://files-api.properstar.com/api/v2/files/eb2bdfc7-a244-4d49-bc15-61b5884c8bfe/1; https://files-api.properstar.com/api/v2/files/14b1a5d9-c21d-4f66-87a8-ceb4b777b070/1; https://files-api.properstar.com/api/v2/files/641f5894-4c74-41fb-80da-93e0f47c9fe6/1; https://files-api.properstar.com/api/v2/files/33745927-2ecc-43ec-b5b4-77a02044a938/1; https://files-api.properstar.com/api/v2/files/b604f4fb-96c1-4b1c-a2f7-d57522743b72/1; https://files-api.properstar.com/api/v2/files/40836a26-1771-43aa-9aef-9131591e9ecb/1; https://files-api.properstar.com/api/v2/files/fd574c44-4229-476a-8392-46a4f4f3693a/1; https://files-api.properstar.com/api/v2/files/2e8de563-8b89-45cd-bb4c-f0b7a6722a66/1; https://files-api.properstar.com/api/v2/files/09b0e6b5-db2a-4c8d-931b-33a40f640e7c/1; https://files-api.properstar.com/api/v2/files/24871ba4-f5b7-463f-a282-161733f9ecf6/1; https://files-api.properstar.com/api/v2/files/2d0b04da-2194-434d-9d9d-75bed22cce9e/1; https://files-api.properstar.com/api/v2/files/63667052-a02e-44d1-8aef-0bf831693836/1; https://files-api.properstar.com/api/v2/files/68cc6855-6d0f-4ca2-a507-c6f71f2907cd/1; https://files-api.properstar.com/api/v2/files/733ac04a-a811-4f12-828c-0c49a1ee2bf2/1; https://files-api.properstar.com/api/v2/files/13f70599-1264-4530-9d20-d9783627968f/1; https://files-api.properstar.com/api/v2/files/08ee94c8-2b16-4e14-adcf-30e693fb7272/1; https://files-api.properstar.com/api/v2/files/f753d0bd-b340-43f3-b82b-c486f19dda7d/1; https://files-api.properstar.com/api/v2/files/83aa9939-482a-4eb8-800a-69af491c4230/1; https://files-api.properstar.com/api/v2/files/5618d912-9534-4f06-b102-91bdabb71580/1; https://files-api.properstar.com/api/v2/files/d02d0c85-a0ec-4e82-a956-40fa9930916d/1; https://files-api.properstar.com/api/v2/files/a9e7b437-2eec-4358-8563-5c8caa1a9d95/1; https://files-api.properstar.com/api/v2/files/5027bf53-0ab8-4635-a653-e772bc9e47e9/1; https://files-api.properstar.com/api/v2/files/a73346ac-6f55-481e-ae5c-59de917982b5/1; https://files-api.properstar.com/api/v2/files/53338932-1152-4d6e-89fe-729eb15085e9/1; https://files-api.properstar.com/api/v2/files/14f5f854-e247-4d8f-b3d5-00450986699c/1; https://files-api.properstar.com/api/v2/files/c2cdb140-fbb4-4bc3-9252-eccfa2a5dfee/1; https://files-api.properstar.com/api/v2/files/3653971e-7c6e-4948-9b9e-6aee0aa3f24d/1; https://files-api.properstar.com/api/v2/files/f4ab34ef-f263-41c2-91fe-64cb8cc4dc68/1; https://files-api.properstar.com/api/v2/files/0bd66b2b-3476-46d0-b225-672845190112/1; https://files-api.properstar.com/api/v2/files/2825e350-6cf8-4604-8596-a4e70d933f20/1; https://files-api.properstar.com/api/v2/files/eab3e1db-86bd-4c8c-8ef0-79e15247ee49/1; https://files-api.properstar.com/api/v2/files/0019ec47-df43-44bc-8e94-92096a40ff97/1; https://files-api.properstar.com/api/v2/files/b778f01f-3a90-4b95-b6bb-893cdd7f5d8e/1; https://files-api.properstar.com/api/v2/files/8e0e48c5-d23b-4ffc-94e9-0c5427c3b44f/1
117407811,Apartment for rent in Los Fresnos | Long Term | 2 Bedrooms | Pool,https://www.properstar.co.uk/listing/117407811,GBP 867,"Papelillo 21, Puerto Vallarta, Mexico",20.673204,-105.247274,2,2,,Apartment,CENTURY 21 Bayside Properties,2026-06-09T03:12:59.493,https://files-api.properstar.com/api/v2/files/b5d53706-1ac2-475a-acfe-e392fa3622af/1; https://files-api.properstar.com/api/v2/files/f36a4ba5-4d95-4be0-89cb-aa25bfd64b87/1; https://files-api.properstar.com/api/v2/files/db7466bb-b647-4c99-9093-bbbadcca6206/1; https://files-api.properstar.com/api/v2/files/c9bcfa05-4ee0-4a96-ba28-3d14823c00fc/1; https://files-api.properstar.com/api/v2/files/6a9c9c6f-4bf0-419f-befd-b3b6285c1258/1; https://files-api.properstar.com/api/v2/files/ea53b307-e5b9-47aa-9324-cb5b45f60b4e/1; https://files-api.properstar.com/api/v2/files/218f3e37-d062-44eb-9f67-4a8f8e6d7001/1; https://files-api.properstar.com/api/v2/files/3e86c866-ffe8-458a-81eb-db0ba3fdd1ca/1; https://files-api.properstar.com/api/v2/files/615b5861-4ca7-4836-8d35-d96402942118/1; https://files-api.properstar.com/api/v2/files/f78d2dce-8d40-480f-b49d-5fb796dca35e/1; https://files-api.properstar.com/api/v2/files/6dce9fdd-b214-47b1-9281-94933c239623/1; https://files-api.properstar.com/api/v2/files/b516e625-662a-4366-9476-087a9bfaf587/1; https://files-api.properstar.com/api/v2/files/593859a3-839b-4b4c-8a53-b235e3bf3875/1; https://files-api.properstar.com/api/v2/files/36a6bc6c-7056-4992-b2cb-ce2786f34a26/1; https://files-api.properstar.com/api/v2/files/6eba43d5-066b-494c-acab-e9cc1e8f1440/1; https://files-api.properstar.com/api/v2/files/9ff953b4-9d23-48a5-8f88-8baeb165247a/1; https://files-api.properstar.com/api/v2/files/a7b6dbde-794d-443f-a4a8-743911613edb/1; https://files-api.properstar.com/api/v2/files/fcf61e37-d5b0-4fec-a551-96251b7140a6/1; https://files-api.properstar.com/api/v2/files/306724c1-4b2b-4da8-a357-25394c31f938/1; https://files-api.properstar.com/api/v2/files/65404666-1e92-4ed4-b603-07aaa6731598/1; https://files-api.properstar.com/api/v2/files/3e790e77-eada-49a7-aa27-f69b08baba61/1; https://files-api.properstar.com/api/v2/files/3ef43b80-1eb0-4719-bfbc-95e1560b9ead/1; https://files-api.properstar.com/api/v2/files/971e1a94-176a-4d9b-8462-0df1d7704b34/1; https://files-api.properstar.com/api/v2/files/a7695fbd-a9b8-43c6-a32c-00b28f329c00/1; https://files-api.properstar.com/api/v2/files/114bb9e5-46fb-40ab-9e90-ff32abd817b4/1; https://files-api.properstar.com/api/v2/files/e3488b18-f3e8-41f5-acc4-8e2d42c3ee07/1; https://files-api.properstar.com/api/v2/files/30219df8-c446-4130-8271-7c34e7c5dec3/1; https://files-api.properstar.com/api/v2/files/cce1a228-a804-4de0-9c01-d929134e5971/1; https://files-api.properstar.com/api/v2/files/87525d18-0b58-4ed5-a853-351e88aac968/1; https://files-api.properstar.com/api/v2/files/f75c39c9-321c-4056-a72c-385d8e2bfe8a/1; https://files-api.properstar.com/api/v2/files/703216f8-c38b-4cbd-86c1-43a1e2026315/1; https://files-api.properstar.com/api/v2/files/a344ee6b-5695-4cae-8ac4-472c0ae592bb/1; https://files-api.properstar.com/api/v2/files/77eeb9b1-6c18-4681-8865-ebcd66b09c12/1; https://files-api.properstar.com/api/v2/files/a48ae445-8a9f-463a-9b4c-8e21a5e52e55/1; https://files-api.properstar.com/api/v2/files/730ced96-8ed2-4a90-8043-3622172862d9/1; https://files-api.properstar.com/api/v2/files/5dce8ea0-1692-4161-b3be-cd7ea816571b/1; https://files-api.properstar.com/api/v2/files/76a75567-67b6-4182-91ae-39dd3a85fbcd/1; https://files-api.properstar.com/api/v2/files/e60ba633-04bb-4f38-b8a8-180c9007c49d/1; https://files-api.properstar.com/api/v2/files/686d980a-6793-47ba-b119-e18d95f410ca/1; https://files-api.properstar.com/api/v2/files/ed218a62-8b32-43c1-93f2-29fb3f831c6a/1; https://files-api.properstar.com/api/v2/files/2dbf1cef-69df-48c0-9f69-256a15f5215a/1; https://files-api.properstar.com/api/v2/files/42553424-a043-4af6-8dba-196c03291df0/1; https://files-api.properstar.com/api/v2/files/045e7b2c-c44c-4bd9-b9b6-2c707860653f/1; https://files-api.properstar.com/api/v2/files/7ad7c9e5-39ee-413d-953e-1fa47c6800ea/1; https://files-api.properstar.com/api/v2/files/264b263b-e360-454b-9275-b27a62c32785/1
117482721,LOFT DUVA,https://www.properstar.co.uk/listing/117482721,"GBP 1,387","av politecnico nacional 89 departamento 306, Puerto Vallarta, Mexico",20.659725,-105.240594,2,2,,Apartment,CENTURY 21 Ocean Realty,2026-06-11T03:26:12.3,https://files-api.properstar.com/api/v2/files/d09ba217-9732-4759-bcfc-77db43278b55/1; https://files-api.properstar.com/api/v2/files/541187ae-c453-4d9d-913e-fc64a2f4148a/1; https://files-api.properstar.com/api/v2/files/905e28d8-4f4d-4d4b-a3ab-5d4c6ccb8de2/1; https://files-api.properstar.com/api/v2/files/017d7a61-c91f-4b9a-89aa-78650ac4b931/1; https://files-api.properstar.com/api/v2/files/7af7540b-b160-4a36-8c1d-78e464f19394/1; https://files-api.properstar.com/api/v2/files/5da5bf67-5e30-4577-98ae-4c112ce385fc/1; https://files-api.properstar.com/api/v2/files/024580f5-ee3c-482a-b175-d7aa57590b3e/1; https://files-api.properstar.com/api/v2/files/e7c015b8-d997-4edb-bd5f-ba9d249918c8/1; https://files-api.properstar.com/api/v2/files/fdf1bf99-953c-48fd-92d7-dc3dce292d18/1; https://files-api.properstar.com/api/v2/files/a5a7fd49-4b3b-4361-9d8d-58a911e74f8d/1; https://files-api.properstar.com/api/v2/files/89c7fbbc-1492-4fec-98df-07b65af19cb7/1; https://files-api.properstar.com/api/v2/files/9eb98485-5aa4-4ca5-a97d-14466d9d223d/1; https://files-api.properstar.com/api/v2/files/6cfc3742-71b4-4c5b-bd9d-2bacb2d0cce4/1; https://files-api.properstar.com/api/v2/files/d42aff66-980f-4ae3-9b67-4e22c33ba36d/1; https://files-api.properstar.com/api/v2/files/77e7dcce-2dcc-4317-906d-9a445af0974b/1; https://files-api.properstar.com/api/v2/files/9ebbd46a-4407-421a-8d20-d43688d90ac7/1; https://files-api.properstar.com/api/v2/files/a62d31e0-aecf-48ab-8a05-3872e517b6c7/1; https://files-api.properstar.com/api/v2/files/f30996c6-817f-40cb-b833-a281e469b724/1; https://files-api.properstar.com/api/v2/files/9dddc803-0009-4d37-9ea0-2419129a8e2c/1; https://files-api.properstar.com/api/v2/files/f7369c83-925b-434e-ae85-6dda1d86fb94/1; https://files-api.properstar.com/api/v2/files/5dfbab59-e470-4b03-a9b9-66a1f48147e2/1; https://files-api.properstar.com/api/v2/files/15b1041b-ff85-4259-944b-85f4e3a29c45/1; https://files-api.properstar.com/api/v2/files/a4ce5ebf-e585-46e4-b0e0-4bad8f5ebecf/1; https://files-api.properstar.com/api/v2/files/a921751d-6605-4bf6-97e0-0cfe7fd33530/1; https://files-api.properstar.com/api/v2/files/4da76196-cebf-42b8-8d35-8d0f297fa1bf/1; https://files-api.properstar.com/api/v2/files/a4cbfe9b-c480-4c02-a69e-65733ea877cc/1; https://files-api.properstar.com/api/v2/files/df94ea8c-500a-4f61-91b1-b887abfc0414/1; https://files-api.properstar.com/api/v2/files/dfbdd713-6994-4eb3-af80-8ef45a91e370/1; https://files-api.properstar.com/api/v2/files/954f81ca-8ccd-4bc1-bc87-9799038c5ab1/1; https://files-api.properstar.com/api/v2/files/7d94201f-cbcf-4c88-8297-004552d3ff35/1; https://files-api.properstar.com/api/v2/files/1c5c431a-8181-499f-b82a-6ffc16677721/1; https://files-api.properstar.com/api/v2/files/25dea556-a315-4fb3-a890-b49a56a647c5/1; https://files-api.properstar.com/api/v2/files/caa88a9f-a41d-4dc6-8977-2f7a79bd6b8b/1; https://files-api.properstar.com/api/v2/files/997aed82-c34e-4fec-8566-abf8f6e1cddc/1; https://files-api.properstar.com/api/v2/files/78d79025-4f72-471b-a8ce-0c4ae8455f94/1; https://files-api.properstar.com/api/v2/files/2ca57117-ebb9-4433-96c6-3a9bd903aa98/1; https://files-api.properstar.com/api/v2/files/d7f3a4a0-3ca3-41ca-9e9e-62afd165c1e5/1
117485489,Furnished Apartment for Rent in La Marina Condominium | 2 Bedrooms | Amenities | Puerto Vallarta,https://www.properstar.co.uk/listing/117485489,GBP 780,"Jalisco, Puerto Vallarta, Fraccionamiento El Palmar de Aramara, Fraccionamiento El Palmar de Aramara, Mexico",20.653147,-105.236302,2,1,,Apartment,Milenium Realty,2026-06-11T04:03:17.9,https://files-api.properstar.com/api/v2/files/224df063-8fd6-483a-b4c5-e94caf907532/1; https://files-api.properstar.com/api/v2/files/39662296-09ce-4ebb-b0ae-ce4027387ef1/1; https://files-api.properstar.com/api/v2/files/64060532-7590-4450-9fe0-0ec24c5dd6e1/1; https://files-api.properstar.com/api/v2/files/f4b57f30-48ec-43d3-92fc-412fe0081ba1/1; https://files-api.properstar.com/api/v2/files/68e3d9ba-0383-4571-8609-a65d82d47912/1; https://files-api.properstar.com/api/v2/files/39ad50a4-e2a4-4506-870b-0c4085516d8c/1; https://files-api.properstar.com/api/v2/files/d0f14df9-751c-41d1-8b8b-8952e3a88fef/1; https://files-api.properstar.com/api/v2/files/0899fa1e-d77f-4942-a728-71c23079c442/1; https://files-api.properstar.com/api/v2/files/54499a57-34d5-4c3c-ae66-76a120e6ffbe/1; https://files-api.properstar.com/api/v2/files/7448ca9e-f497-4f35-9b8b-31d8bcef61d9/1; https://files-api.properstar.com/api/v2/files/80423a3e-e2f1-4e2e-b068-f6ee9fa5a3dd/1; https://files-api.properstar.com/api/v2/files/9818fc84-6226-4f4b-a085-6b5135c2e7a4/1; https://files-api.properstar.com/api/v2/files/129939ac-4214-4b1e-b817-18c4e59b2aab/1; https://files-api.properstar.com/api/v2/files/19fa816a-887d-4993-b0b6-0ab59e81ae53/1; https://files-api.properstar.com/api/v2/files/00d7bb42-53bc-4cdd-977a-9c0329d1e755/1; https://files-api.properstar.com/api/v2/files/0b0b9377-6ef8-4a2a-aca6-9185980fd423/1
117394718,House for Rent Ex Hacienda,https://www.properstar.co.uk/listing/117394718,"GBP 1,300","Av. Hacienda del Pitillal 143, Puerto Vallarta, Mexico",20.646807,-105.218018,4,3,,House,CENTURY 21 Ocean Realty,2026-06-08T03:21:09.82,https://files-api.properstar.com/api/v2/files/eb3c3d4a-8d2e-498f-b14c-0bc3cb01bc2e/1; https://files-api.properstar.com/api/v2/files/0c986b5a-866b-4d8e-a459-de799e6ca1f1/1; https://files-api.properstar.com/api/v2/files/39d3c1a1-3d9a-4736-a4a6-20fff5f1eb93/1; https://files-api.properstar.com/api/v2/files/fd71872d-efc9-4348-8db7-416885c67a8d/1; https://files-api.properstar.com/api/v2/files/ff129ad7-16a5-4671-beaf-4d6b765b0a5c/1; https://files-api.properstar.com/api/v2/files/c60078f5-122e-4f25-b5d9-bea74769af70/1; https://files-api.properstar.com/api/v2/files/6ad0cc97-ec72-416f-b7a8-2365611dea6c/1; https://files-api.properstar.com/api/v2/files/9d6096e0-a63a-4ec3-ae2c-e02f3605961e/1; https://files-api.properstar.com/api/v2/files/3377ea1f-0747-43ee-a2bd-b110642aba65/1
117572015,Las Moras Residencial Modelo Estrella,https://www.properstar.co.uk/listing/117572015,"GBP 1,083","ARRECIFE COZUMEL 114, Puerto Vallarta, Mexico",20.655649,-105.22859,3,2,,House,CENTURY 21 Ocean Realty,2026-06-13T03:20:47.497,https://files-api.properstar.com/api/v2/files/589c3668-5124-4252-b43d-3cceafff7a13/1; https://files-api.properstar.com/api/v2/files/fb8d3dc8-0563-46fc-b2c5-f3dcae8de47f/1; https://files-api.properstar.com/api/v2/files/5d66fe0a-4c3e-448b-8084-9e5af1eaf092/1; https://files-api.properstar.com/api/v2/files/6073de08-2a78-42dc-8f04-20b4640e4555/1; https://files-api.properstar.com/api/v2/files/8c67ee66-6449-48bb-b940-b51f9055b927/1; https://files-api.properstar.com/api/v2/files/bb77f7ff-ee59-4bc9-b559-4f257885758f/1; https://files-api.properstar.com/api/v2/files/bb80bb48-5f8d-4fff-ad5f-db6b2f3222a4/1; https://files-api.properstar.com/api/v2/files/2ec6a76b-ad4e-4cbb-9cba-796e0aa10974/1; https://files-api.properstar.com/api/v2/files/08b2d0dd-54a3-4c77-9be5-4a9353118b7c/1; https://files-api.properstar.com/api/v2/files/80cd6d80-2526-4d60-aba1-de1925ff256d/1; https://files-api.properstar.com/api/v2/files/0ebc5e48-80df-493c-a479-3636b6475d64/1; https://files-api.properstar.com/api/v2/files/ef878c73-fbc1-4779-b810-549c4a4383bf/1; https://files-api.properstar.com/api/v2/files/b38d07b6-32a0-4db3-8002-feb4b8722946/1; https://files-api.properstar.com/api/v2/files/ddd4babb-4c5a-4564-860d-aabbcba21f19/1; https://files-api.properstar.com/api/v2/files/5473ddc3-f24a-431f-b067-6efb27a7f081/1; https://files-api.properstar.com/api/v2/files/a10661c7-09a4-4e95-9e1a-b5fbbb18dfb6/1; https://files-api.properstar.com/api/v2/files/95b7b9ca-3030-4ae8-bf4c-d32ecd86c740/1; https://files-api.properstar.com/api/v2/files/eadb718a-d31d-41d8-8e66-a8d64998fdd9/1; https://files-api.properstar.com/api/v2/files/f06a131c-cab4-47fc-8298-62465d132452/1; https://files-api.properstar.com/api/v2/files/9fcfb3a4-248b-4702-89dc-be31029043db/1
96578651,Furnished Studio Apartment in Puerto Vallarta with Ocean View and Beach Walk,https://www.properstar.co.uk/listing/96578651,"GBP 1,213","Jalisco, Mexico",20.586653,-105.241422,1,1,452.0844,Apartment,iad Mexico,2024-04-10T03:56:05.46,https://files-api.properstar.com/api/v2/files/50a6719c-5921-42f6-80da-f39bafeb6aa8/2; https://files-api.properstar.com/api/v2/files/39d98008-24b5-4e93-a0a9-d7b08de6380e/2; https://files-api.properstar.com/api/v2/files/2809cccc-a68d-4a48-a32e-a74dc0753524/2; https://files-api.properstar.com/api/v2/files/c2265be2-1399-446d-b95b-98ffe2d01d95/2; https://files-api.properstar.com/api/v2/files/15abec7a-bb42-4901-a752-ff48194f1a71/2; https://files-api.properstar.com/api/v2/files/5f79257b-cd16-4b9d-940b-79ae3b20de5e/2; https://files-api.properstar.com/api/v2/files/c596d86c-f2c7-4a87-820f-b4475ae28dd5/2; https://files-api.properstar.com/api/v2/files/ca9bb62c-7a3f-4225-9f8f-34ab15323e55/2; https://files-api.properstar.com/api/v2/files/68c44090-f376-4724-93f5-5b11da37293e/2; https://files-api.properstar.com/api/v2/files/cf6ad57a-a55f-4aba-9e37-80461c3b108f/2
94970073,Beachfront Apartment for Rent in Puerto Vallarta,https://www.properstar.co.uk/listing/94970073,"GBP 1,235","Jalisco, Mexico",20.661594,-105.247274,1,1,484.3762,Apartment,iad Mexico,2024-02-04T03:47:06.15,https://files-api.properstar.com/api/v2/files/6c574e2c-cd83-48cc-849b-886be5278360/2; https://files-api.properstar.com/api/v2/files/9ddbefc7-3e53-43f1-9f82-cc7bcc308694/2; https://files-api.properstar.com/api/v2/files/1dd5d491-0e95-40eb-94eb-56622dac6b20/2; https://files-api.properstar.com/api/v2/files/89505e74-f37a-45f8-9b81-07a210ec2a43/2; https://files-api.properstar.com/api/v2/files/ce80b495-5d6e-4aa5-823b-f1ef5dd62e4a/2; https://files-api.properstar.com/api/v2/files/842e47e5-0368-439a-8ed2-18cb7836d71a/2; https://files-api.properstar.com/api/v2/files/f5df31c1-79b9-4b1a-a433-a399a85e9501/2; https://files-api.properstar.com/api/v2/files/15f27784-cb7f-401c-b304-c57dd0bf0e66/2; https://files-api.properstar.com/api/v2/files/4c08dbb5-52aa-4598-9059-24ed28def537/2; https://files-api.properstar.com/api/v2/files/048de41b-7511-4ec6-b7db-25ac1ab957b0/2; https://files-api.properstar.com/api/v2/files/08caa062-5ec3-4c1f-a4aa-132abd1640b3/2; https://files-api.properstar.com/api/v2/files/4f21d4c7-9a66-4de5-b91d-1fd58d692af0/2; https://files-api.properstar.com/api/v2/files/71d31502-ee15-48c5-ac6a-fe6faf4fc5cc/2; https://files-api.properstar.com/api/v2/files/8dba5f1e-6572-452c-ba86-b1595b2f14ed/2; https://files-api.properstar.com/api/v2/files/8937e7a4-535c-4124-a3d5-3b0eff9ade56/2; https://files-api.properstar.com/api/v2/files/285ddfae-24d9-4f63-870b-e52a66792323/2; https://files-api.properstar.com/api/v2/files/9131ff0f-6449-4f62-9ad8-df6499fe04f8/2; https://files-api.properstar.com/api/v2/files/4cf9a4cd-e9a9-413a-8fd9-67b51e4acf1c/2; https://files-api.properstar.com/api/v2/files/24b75efd-d7f5-480f-9b46-f8625d7f685c/2; https://files-api.properstar.com/api/v2/files/506cb471-564a-4669-b127-648cecee3386/2; https://files-api.properstar.com/api/v2/files/d2d6b90f-5096-4292-a395-a3243f74ad4c/2; https://files-api.properstar.com/api/v2/files/49c1079e-9fba-4a69-9085-6f638c6c65c8/2; https://files-api.properstar.com/api/v2/files/0e08e8a8-a874-4835-a0e5-5e40aa57f1e0/2; https://files-api.properstar.com/api/v2/files/1c7a593e-3465-4d53-b71d-805b18210860/2; https://files-api.properstar.com/api/v2/files/975211f1-7423-4c67-ad1f-e96f07ea64da/2; https://files-api.properstar.com/api/v2/files/ed906205-6728-43a2-9168-486d0db54288/2; https://files-api.properstar.com/api/v2/files/53653037-ee12-4a52-bd83-82536a4222d7/2; https://files-api.properstar.com/api/v2/files/3ef04fde-e784-4d30-b4d0-e37023c2697c/2; https://files-api.properstar.com/api/v2/files/d1e07fdb-67bd-4cee-9131-04eb9a51319b/2; https://files-api.properstar.com/api/v2/files/a5b79f59-2d51-4b19-9d21-da5330067504/2; https://files-api.properstar.com/api/v2/files/faf91610-3d70-4511-9dc6-915ec91d0c7a/2; https://files-api.properstar.com/api/v2/files/cd8d6670-cfa4-4316-9648-590c5fcd7aae/2; https://files-api.properstar.com/api/v2/files/5d616078-ddd9-4eb4-9cbc-ae53c544f853/2; https://files-api.properstar.com/api/v2/files/38c7c9e5-5d14-4c40-94eb-2e4b77c9f8c8/2; https://files-api.properstar.com/api/v2/files/38135ae4-3302-412c-880e-779ffd09eb68/2; https://files-api.properstar.com/api/v2/files/93446a18-5908-4dd1-8835-c15ff5e89d91/2; https://files-api.properstar.com/api/v2/files/9ea4195a-d3de-4c8e-8bd4-16ef0670cacb/2
114427960,Great location. Very close to Costco and La Comer,https://www.properstar.co.uk/listing/114427960,"GBP 1,170","Calle Pavo Real # 147 Interior 201, Puerto Vallarta, Mexico",20.640794,-105.218682,3,2,,Apartment,CENTURY 21 Ocean Realty,2026-03-01T03:02:18.92,https://files-api.properstar.com/api/v2/files/8a8c3107-d405-4bb1-8026-d60322cd62f1/1; https://files-api.properstar.com/api/v2/files/d7d8286e-5dbe-429b-a011-473002a80137/1; https://files-api.properstar.com/api/v2/files/dac19b4c-1f43-4a62-a762-7884a49e7cda/1; https://files-api.properstar.com/api/v2/files/ff3d2586-8b80-48f9-b129-1ffbde5570f9/1; https://files-api.properstar.com/api/v2/files/ed9c1108-8641-4367-8dd2-82c3e81c9b68/1; https://files-api.properstar.com/api/v2/files/21400236-fbad-4cc0-8f6a-8805f50802b9/1; https://files-api.properstar.com/api/v2/files/0dafc91b-8834-4ead-b6d2-b27e5ad693f2/1; https://files-api.properstar.com/api/v2/files/431bca7c-91f7-4d45-af6f-a17538152789/1; https://files-api.properstar.com/api/v2/files/25b88435-5549-427c-b43c-e6d550265952/1; https://files-api.properstar.com/api/v2/files/18f17ada-ab8a-485e-8286-c993a2c654ee/1; https://files-api.properstar.com/api/v2/files/8114e2df-3f4d-4787-929f-fb33431c504e/1; https://files-api.properstar.com/api/v2/files/caa36a5b-107d-49b1-8787-27b7870c3c44/1; https://files-api.properstar.com/api/v2/files/c8ea5d38-30ef-4988-81d9-02d7f4929d94/1
116281108,House in Puerto Vallarta,https://www.properstar.co.uk/listing/116281108,"GBP 2,817","Jalisco, Puerto Vallarta, Puerto Vallarta, Mexico",20.656518,-105.211358,3,4,,House,VIGO Consultor Inmobiliario,2026-05-02T05:05:12.177,https://files-api.properstar.com/api/v2/files/b56702c3-91b4-4174-b46c-52ef2a8ac7fc/1; https://files-api.properstar.com/api/v2/files/7e099add-ec2a-4fdc-ba6e-68cc86591e6c/1; https://files-api.properstar.com/api/v2/files/c41e8cf0-0657-480a-8487-7110411890ad/1; https://files-api.properstar.com/api/v2/files/e1bc8ef8-b08f-4efc-9e3b-46da4c02daeb/1; https://files-api.properstar.com/api/v2/files/e159314c-22b9-462c-b057-f9439522d88d/1; https://files-api.properstar.com/api/v2/files/d92f9065-c6f7-41c0-b76e-b555900bf4ad/1; https://files-api.properstar.com/api/v2/files/92f4b09a-39b1-43e6-894a-7a54f7f538c7/1; https://files-api.properstar.com/api/v2/files/9d2441b1-9989-4a3d-b44d-00ad8aa1b941/1; https://files-api.properstar.com/api/v2/files/381e2c58-88d4-478f-ae5d-5a384fa0dcf0/1; https://files-api.properstar.com/api/v2/files/b30d4f28-01e5-417c-8ba0-811620af8fe7/1; https://files-api.properstar.com/api/v2/files/601fafb1-b003-47c4-9fe9-161c444f59c1/1
96578650,"Apartment for Rent Puerto Vallarta, Jalisco with Ocean View",https://www.properstar.co.uk/listing/96578650,"GBP 1,213","Carreterra Barra de Navidad, 2358, Puerto Vallarta, Mexico",20.661594,-105.247274,1,1,484.3762,Apartment,iad Mexico,2024-04-10T03:56:05.46,https://files-api.properstar.com/api/v2/files/c14a3dee-c00e-472f-8893-59863440d8de/2; https://files-api.properstar.com/api/v2/files/5feced99-269e-4920-8d02-0559be819ea5/2; https://files-api.properstar.com/api/v2/files/74d7ccd0-fdec-43c9-9c01-918a4d10f2b2/2; https://files-api.properstar.com/api/v2/files/8654680c-133c-48fa-8a91-ffb856517868/2; https://files-api.properstar.com/api/v2/files/8cc1249c-8331-433f-b749-278a99dc7034/2; https://files-api.properstar.com/api/v2/files/3f1a8219-a044-4fe5-8903-938efcab71bd/2; https://files-api.properstar.com/api/v2/files/44a30ce1-5804-4d7d-a816-a3e8775fb701/2; https://files-api.properstar.com/api/v2/files/4c4c7bd9-a253-4cfc-88ff-d51384a3d5d2/2; https://files-api.properstar.com/api/v2/files/86d8071c-ea26-414b-af2a-e7ad76d5d17e/2; https://files-api.properstar.com/api/v2/files/50d638cf-c22e-482b-b96c-36b389f7980e/2; https://files-api.properstar.com/api/v2/files/ce55050a-5225-4371-a151-98a199bf8897/2; https://files-api.properstar.com/api/v2/files/a0c94412-6fd8-4c09-a64a-287caf83ed2c/2; https://files-api.properstar.com/api/v2/files/3a80e236-8a6f-48bd-a7e7-aaa9807559a8/2; https://files-api.properstar.com/api/v2/files/5be5be56-0cc4-452b-bd05-04345b55707f/2; https://files-api.properstar.com/api/v2/files/b4ff2d58-2be7-4a52-bca9-c0bf9c8a8d42/2
106991954,1 bedroom apartment for rent in Puerto Vallarta on the beachfront Grand Venetian Hotel Zone,https://www.properstar.co.uk/listing/106991954,"GBP 2,167","Jalisco, Puerto Vallarta, Zona Hotelera Norte, Zona Hotelera Norte, Mexico",20.64787,-105.238497,1,1,1054.86365,Apartment,Trends Real Estate,2025-05-27T02:53:30.247,https://files-api.properstar.com/api/v2/files/495134b8-7245-4530-abe5-fce809fb2f55/2; https://files-api.properstar.com/api/v2/files/72f245da-4612-45bd-93c8-083e51c1092c/2; https://files-api.properstar.com/api/v2/files/0849880a-bb53-41bd-b1d0-dc23176ed71c/2; https://files-api.properstar.com/api/v2/files/14ae62c1-ed8a-4d8e-be9c-fdcee7f5bd53/2; https://files-api.properstar.com/api/v2/files/9a82398c-1c50-4315-9c36-ddf074977d76/2; https://files-api.properstar.com/api/v2/files/9c31182d-1f4f-4f94-a67e-b795cb4af4a2/2; https://files-api.properstar.com/api/v2/files/7fc680fe-d2a0-4815-a91e-e7dc2ced1ea1/2; https://files-api.properstar.com/api/v2/files/b51a91be-9c6f-4112-b950-dc58e8cd454a/2; https://files-api.properstar.com/api/v2/files/21c2b41e-d894-47e4-842f-bb725654691c/2; https://files-api.properstar.com/api/v2/files/d4103de4-99f6-4576-86ea-9ef2900d680c/2; https://files-api.properstar.com/api/v2/files/9fefea2e-6c1d-4ca5-b4b1-349b5dad58e7/2; https://files-api.properstar.com/api/v2/files/abb3de81-cf3c-41e7-abcb-80a86d376b07/2; https://files-api.properstar.com/api/v2/files/9f3d578a-21ab-490c-a824-f242c29fb39d/2; https://files-api.properstar.com/api/v2/files/21b7547d-5e56-48d0-86fc-5a1dc76b05b9/2
112987314,"Valarte 8A Apartment for Rent in Fluvial Vallarta, Puerto Vallarta",https://www.properstar.co.uk/listing/112987314,"GBP 1,387","Jalisco, Puerto Vallarta, Fraccionamiento Residencial Fluvial Vallarta, Fraccionamiento Residencial Fluvial Vallarta, Mexico",20.643113,-105.231066,1,2,1114.17285,Apartment,Trends Real Estate,2026-01-10T03:28:13.993,https://files-api.properstar.com/api/v2/files/B0DB0911-37DA-4F4E-BDE5-7E5B02682EE4/2; https://files-api.properstar.com/api/v2/files/567AE928-EF42-4B0E-8CA4-ECD2664970D2/2; https://files-api.properstar.com/api/v2/files/B6A50D9B-122D-4158-9BC2-70291461293E/2; https://files-api.properstar.com/api/v2/files/A171A1E3-BB48-4D06-8B6F-869EC0FFAC81/2; https://files-api.properstar.com/api/v2/files/BC6ECAE6-B576-4235-972B-B7F3DC04DE2C/2; https://files-api.properstar.com/api/v2/files/35348CFF-4FE3-4FB8-965D-1D172B03D331/2; https://files-api.properstar.com/api/v2/files/287CAC40-508F-4711-A9F6-26777AAFF424/2; https://files-api.properstar.com/api/v2/files/9DD1A15D-2CC8-4899-8040-DE6CF5F87FDF/2; https://files-api.properstar.com/api/v2/files/01BEAA7E-412A-477D-9090-7F839085B7E2/2; https://files-api.properstar.com/api/v2/files/841A98A5-87F8-4B6E-8AC5-C917ECFECA86/2; https://files-api.properstar.com/api/v2/files/50CC4C3E-BCCF-4712-BB77-0D0A04C624B6/2; https://files-api.properstar.com/api/v2/files/BA303F88-E780-4C51-B49E-447FAB750262/2; https://files-api.properstar.com/api/v2/files/C5AE1430-216E-4085-90FD-9B04E3A4A03A/2; https://files-api.properstar.com/api/v2/files/128F92EE-42B9-4C76-A1EB-F9F9A516A70D/2; https://files-api.properstar.com/api/v2/files/9A139039-E046-42D9-947F-D7DA4C11F226/2; https://files-api.properstar.com/api/v2/files/5D6D675C-A508-478A-9723-6FE498B44E82/2; https://files-api.properstar.com/api/v2/files/4494EB02-F303-4BF7-BF6E-991473729592/2; https://files-api.properstar.com/api/v2/files/A681EA4D-CA49-435F-834D-B547FD91D4C8/2; https://files-api.properstar.com/api/v2/files/89988A5C-1302-4E61-9887-F8E3A68F4225/2; https://files-api.properstar.com/api/v2/files/AA942AE0-9BD2-4C67-BA45-664E4EB0DB3D/2; https://files-api.properstar.com/api/v2/files/262BB7AA-B14B-44AA-9272-EE0CE35CC8C6/2; https://files-api.properstar.com/api/v2/files/054BAEF3-C905-4FF1-9A4D-BE2EA694650B/2; https://files-api.properstar.com/api/v2/files/5D25FB3D-05AA-4830-81F2-ED98906D3BBB/2; https://files-api.properstar.com/api/v2/files/ABAA6C56-6AD8-46B2-B26B-B60995C1ACE1/2; https://files-api.properstar.com/api/v2/files/7CB8A83B-A4E2-4F4A-A4EA-C5BD65E3E1C4/2; https://files-api.properstar.com/api/v2/files/EED9D2B6-4945-4994-A328-DA340B402947/2
114360622,Apartment for rent in Puerto Vallarta,https://www.properstar.co.uk/listing/114360622,"GBP 1,300","Jalisco, Puerto Vallarta , Puerto Vallarta, Mexico",20.656518,-105.211358,2,2,,Apartment,Cantu Real Estate,2026-02-27T04:27:07.797,https://files-api.properstar.com/api/v2/files/28e80cfa-f132-42d2-9a0c-8112d390d381/1; https://files-api.properstar.com/api/v2/files/eb4a2521-d49f-41fd-9576-0c73a57eeaf8/1; https://files-api.properstar.com/api/v2/files/1127cb61-57c4-4677-932c-ea1af0adee3b/1; https://files-api.properstar.com/api/v2/files/49f9a30e-5ecd-49e0-8c76-f42d00d7c7ba/1; https://files-api.properstar.com/api/v2/files/7eb1c5c8-2daa-4619-a3b1-c6ca279bacef/1
115692664,Home - Puerto Vallarta Downtown,https://www.properstar.co.uk/listing/115692664,GBP 806,"Jalisco, Puerto Vallarta, Puerto Vallarta Centro, Puerto Vallarta Centro, Mexico",20.60987,-105.233377,5,5,,House,ARIELLA LASKI DE LA TORRE,2026-04-14T04:00:09.66,https://files-api.properstar.com/api/v2/files/65e40e42-a402-4a58-a1f5-25616603e062/1; https://files-api.properstar.com/api/v2/files/6f8e27e2-d0af-4296-a96e-c1318c7e5cb9/1; https://files-api.properstar.com/api/v2/files/030a7ccf-6c4c-48de-92b3-c78ba1843caa/1; https://files-api.properstar.com/api/v2/files/3991a5b1-7550-46fe-90eb-9ed092e75f5d/1; https://files-api.properstar.com/api/v2/files/80631ab6-5be4-4633-917a-42682afb4eaa/1; https://files-api.properstar.com/api/v2/files/b5025279-48f7-4355-9c7c-0c8011f0b23e/1; https://files-api.properstar.com/api/v2/files/4f9a3bdf-5073-4e7f-ad38-3be1ba33fdc0/1; https://files-api.properstar.com/api/v2/files/5f8a3b76-31d6-4b3d-af48-4f2dbb82fe6f/1; https://files-api.properstar.com/api/v2/files/d4caeb5a-e530-4a05-a535-2f03be0d5a35/1; https://files-api.properstar.com/api/v2/files/3a7b8a83-a161-4e68-9074-261de81749dd/1; https://files-api.properstar.com/api/v2/files/97bd5ab1-1b4d-4851-8360-bf9bd41a9d52/1; https://files-api.properstar.com/api/v2/files/b8eff448-32d8-4d2a-a680-cfda94658344/1; https://files-api.properstar.com/api/v2/files/a361a9f0-cbd1-47bc-960a-30e6707c7d06/1
112986872,"2 bedroom apartment for rent with terrace in Puerto Vallarta, pet-friendly Vivento los Fresnos",https://www.properstar.co.uk/listing/112986872,GBP 780,"Jalisco, Puerto Vallarta, Villa las Flores, Villa las Flores, Mexico",20.673204,-105.247274,2,2,711.4947,Apartment,Trends Real Estate,2026-01-10T03:28:13.993,https://files-api.properstar.com/api/v2/files/f0b632af-5943-4d79-b408-036e308be099/1; https://files-api.properstar.com/api/v2/files/64911c0e-dc42-46c5-b2ff-c2ec2b2411ad/1; https://files-api.properstar.com/api/v2/files/66140b37-c55a-486c-8084-df431f2fef51/1; https://files-api.properstar.com/api/v2/files/c2cb1d15-c232-4050-bcf2-9b203dac5531/1; https://files-api.properstar.com/api/v2/files/f4bac4a9-05fb-4c82-8686-f9767d1c95a6/1; https://files-api.properstar.com/api/v2/files/23311c33-c1a9-4cc2-894b-6939abb60462/1; https://files-api.properstar.com/api/v2/files/4f0a4095-ca16-4555-a49f-af251524b0e5/1; https://files-api.properstar.com/api/v2/files/174fb222-5361-4272-8d52-ab044145059d/1; https://files-api.properstar.com/api/v2/files/c03bd244-1c74-4229-8cc7-55597eb1bd69/1; https://files-api.properstar.com/api/v2/files/ab67fbe1-38b0-45f6-b04c-1c2c456a46cb/1; https://files-api.properstar.com/api/v2/files/26a0c1c9-fdeb-4136-900a-03918c7ddd92/1; https://files-api.properstar.com/api/v2/files/35fd8f26-aebb-489a-8cd2-80474e5d575f/1; https://files-api.properstar.com/api/v2/files/054c95de-3980-4871-a73a-7f4834727a7f/1; https://files-api.properstar.com/api/v2/files/5f58f4c5-9872-4f2e-93a0-e7c9eeb44a32/1; https://files-api.properstar.com/api/v2/files/f94cf4f1-f8e4-47f3-a284-c8a959665b43/1; https://files-api.properstar.com/api/v2/files/5bdd6b79-37df-4e49-9713-b94e510b78bc/1; https://files-api.properstar.com/api/v2/files/4e56f669-bc56-4fc6-bab2-bf4f222834b3/1; https://files-api.properstar.com/api/v2/files/f26df566-75b4-4616-b2ad-c727268215a0/1; https://files-api.properstar.com/api/v2/files/d37b6ec4-634e-4f2f-b19b-2edfe18da1a4/1; https://files-api.properstar.com/api/v2/files/13e030cd-eda0-4053-a1fc-6e3fcf20a369/1; https://files-api.properstar.com/api/v2/files/184796c9-5dbc-4dd3-99dc-a7b73e30fc5e/1; https://files-api.properstar.com/api/v2/files/5fd9ed62-c3a0-4874-b23f-f959e3bfc8db/1; https://files-api.properstar.com/api/v2/files/bbd20bd7-8b28-47db-abfa-13be364a6f69/1
100319240,Apartment in Soho Skies,https://www.properstar.co.uk/listing/100319240,"GBP 1,430","Jalisco, Puerto Vallarta, Zona Hotelera Norte, Zona Hotelera Norte, Mexico",20.64787,-105.238497,1,2,,Apartment,RIVIERA GROUP REAL ESTATE S.A. DE C.V.,2024-09-04T02:23:09.57,https://files-api.properstar.com/api/v2/files/68ccd672-ee07-4c9b-911e-0f0a031acbff/2; https://files-api.properstar.com/api/v2/files/3a4c202a-1c59-43dd-a5d5-b7e5a5a000f6/2; https://files-api.properstar.com/api/v2/files/ce10fe80-3d41-4acf-b626-d40e3b154c2f/2; https://files-api.properstar.com/api/v2/files/2a8e9c3a-8eb0-47a2-a986-484c632809d3/2; https://files-api.properstar.com/api/v2/files/6cffb9c8-0c6d-4144-a69a-f1c2471e605c/2; https://files-api.properstar.com/api/v2/files/e9b869f7-ec11-43ab-8c52-78d97ee89c83/2; https://files-api.properstar.com/api/v2/files/2cfe42d1-b99f-4d01-9360-48c1eb497fe5/2; https://files-api.properstar.com/api/v2/files/631534c0-a2af-439a-8880-84995f0109af/2; https://files-api.properstar.com/api/v2/files/a7df7c0b-6881-4df4-99ec-86cdd7db6ea4/2; https://files-api.properstar.com/api/v2/files/e83e8f2b-bdde-469c-a2eb-c9c184df069c/2; https://files-api.properstar.com/api/v2/files/50ea2758-98a0-4e2a-924c-93c857499ade/2; https://files-api.properstar.com/api/v2/files/6a49a4d5-1148-41d6-848b-b07565a8639d/2; https://files-api.properstar.com/api/v2/files/0637973d-b8be-4aa3-aeb9-42b056a61e12/2; https://files-api.properstar.com/api/v2/files/e6bbbd16-2244-488e-a1a3-be234c345711/2; https://files-api.properstar.com/api/v2/files/ed3fff6a-8bbc-4b8f-941c-edc6b1893ee4/2; https://files-api.properstar.com/api/v2/files/6859eea1-77fa-4dd7-88e5-7200f65b0b55/2; https://files-api.properstar.com/api/v2/files/33cd1858-884d-40ae-a5a5-48f41f153511/2; https://files-api.properstar.com/api/v2/files/ff2de0ee-20d1-407d-b95f-1e465089a215/2; https://files-api.properstar.com/api/v2/files/58de7395-b762-45e1-bd35-e197e4d78617/2; https://files-api.properstar.com/api/v2/files/43509d65-37c0-4557-af26-f382880b4868/2; https://files-api.properstar.com/api/v2/files/a4bbae51-72ff-486e-b998-5f25828c29b8/2; https://files-api.properstar.com/api/v2/files/089de3e2-2c6b-4b3c-85e0-00e97e248909/2; https://files-api.properstar.com/api/v2/files/6ac22360-627a-477d-bf1d-32e45bb305ec/2; https://files-api.properstar.com/api/v2/files/589727e7-519c-438e-b50a-af9ae16a6f0d/2; https://files-api.properstar.com/api/v2/files/30c93f4a-ed4d-40f4-9cbe-b20609eff6dc/2; https://files-api.properstar.com/api/v2/files/df4b2949-53c3-4358-acac-534133305c6c/2; https://files-api.properstar.com/api/v2/files/1d0d82fc-3ad9-496b-966f-422f0c12df2d/2; https://files-api.properstar.com/api/v2/files/f5317e4a-0d2d-48e7-ba2b-62813ca86f28/2
111607746,Apartment for rent in Puerto Vallarta,https://www.properstar.co.uk/listing/111607746,GBP 693,"Jalisco, Mexico",20.681649,-105.2502,1,1,699.6545,Apartment,iad Mexico,2025-11-13T03:39:09.38,https://files-api.properstar.com/api/v2/files/028a735d-910d-4ce8-a26b-75ec99be9d8e/1; https://files-api.properstar.com/api/v2/files/66da56e3-b083-4dad-bfe3-59eb98a3d113/1; https://files-api.properstar.com/api/v2/files/09021cbf-4f27-4cc1-9fb4-191c5c848d18/1; https://files-api.properstar.com/api/v2/files/7bb86a12-3b7b-42f1-83fe-d17b323d6a41/1; https://files-api.properstar.com/api/v2/files/d5767a16-5ea6-4b06-913a-891a954bcfcf/1; https://files-api.properstar.com/api/v2/files/e0abc59a-a92f-43ef-87e9-51d81e97c28f/1; https://files-api.properstar.com/api/v2/files/13119cf6-b250-4207-b890-82a3a3bde02a/1; https://files-api.properstar.com/api/v2/files/46949acc-b672-4d29-9d98-b47a2ee4da09/1; https://files-api.properstar.com/api/v2/files/ce7dcd7d-a76a-4ba9-be17-29dc6f4a4919/1; https://files-api.properstar.com/api/v2/files/00c0aad7-185a-4953-96d3-46ff39d217a8/1; https://files-api.properstar.com/api/v2/files/206e8f85-173a-4941-ab92-5fb07abfe35d/1; https://files-api.properstar.com/api/v2/files/309a7f5c-7beb-4a0a-badf-81782fa625db/1
112774430,"Apartment for rent, Havre Jalisco (Puerto Vallarta, Mexico)",https://www.properstar.co.uk/listing/112774430,"GBP 1,300","Havre, Puerto Vallarta, Mexico",20.636779,-105.228702,2,2,1592.95178,Apartment,Coldwell Banker La Costa,2025-12-30T18:19:57.953,https://files-api.properstar.com/api/v2/files/93e3a2aa-9240-4799-8467-b120532a1d48/1; https://files-api.properstar.com/api/v2/files/bf3104a8-bf69-4f94-b68f-cdd7ec826d58/1; https://files-api.properstar.com/api/v2/files/9df12ea0-91f0-4e88-abed-bb16bed9064f/1; https://files-api.properstar.com/api/v2/files/890024f4-77c6-45c9-94c5-d4861a380add/1; https://files-api.properstar.com/api/v2/files/a38d2f76-ec36-443d-a62f-473e472887eb/1; https://files-api.properstar.com/api/v2/files/a0cbec01-1034-4e81-a655-d96603541999/1; https://files-api.properstar.com/api/v2/files/dd3f8402-6b3f-4754-a506-37e10c0e2906/1; https://files-api.properstar.com/api/v2/files/6e047695-a817-4110-af8f-04502f708d1a/1; https://files-api.properstar.com/api/v2/files/5beb4f4e-8169-423c-aad0-10058765c3e9/1; https://files-api.properstar.com/api/v2/files/0db40eaf-1d8d-4670-b72a-2ab732cb8bd4/1; https://files-api.properstar.com/api/v2/files/7fffe241-dbab-4099-ba30-fc26d31ece1b/1; https://files-api.properstar.com/api/v2/files/1685bdfc-c003-4ee4-ae90-68034c160d85/1; https://files-api.properstar.com/api/v2/files/1727f222-f4cf-47cf-8c68-b9156b51ebc0/1; https://files-api.properstar.com/api/v2/files/04479c88-1b8c-4cb0-9fc9-3962b19d8f17/1; https://files-api.properstar.com/api/v2/files/0c819098-822e-444b-bb4d-9f99d65261b7/1; https://files-api.properstar.com/api/v2/files/454a78fe-306c-4c64-b4a8-85a55eafc08c/1; https://files-api.properstar.com/api/v2/files/b0c57d38-fc6a-4d06-b917-b8984eb3564d/1; https://files-api.properstar.com/api/v2/files/9ed92188-7c30-4820-85fc-7d48b23a4277/1; https://files-api.properstar.com/api/v2/files/fcd07d98-cd0e-42e7-a6f2-073dd3e5e423/1; https://files-api.properstar.com/api/v2/files/5c964b0a-cb11-49e4-bcc8-af83f706e1d5/1; https://files-api.properstar.com/api/v2/files/4c3c3062-b756-4bce-8757-af50c3ec9033/1; https://files-api.properstar.com/api/v2/files/1dfd9b2e-8037-480e-a808-0c8891441c66/1; https://files-api.properstar.com/api/v2/files/b9373415-f217-4833-a4fc-de27408450d2/1; https://files-api.properstar.com/api/v2/files/9eb35a34-1dc9-4ca6-8cc6-7e93ca1878ac/1; https://files-api.properstar.com/api/v2/files/1e88be98-ef5d-4eea-ac51-fbef82ba82f1/1; https://files-api.properstar.com/api/v2/files/83637653-2ad3-4ed4-9e99-1e90975421de/1; https://files-api.properstar.com/api/v2/files/0f0587c5-02ac-4897-9b43-6b873f1c99f8/1; https://files-api.properstar.com/api/v2/files/af584a52-84c3-4180-a6cd-bcb388cd31e5/1; https://files-api.properstar.com/api/v2/files/bdf0b7b6-c8f2-4cb2-9681-446364e03941/1; https://files-api.properstar.com/api/v2/files/dd4ab1f3-1918-40a4-bae5-58fc956f4cdc/1; https://files-api.properstar.com/api/v2/files/6110f3cc-fe9a-42bb-8e2f-9ba71498ddb3/1; https://files-api.properstar.com/api/v2/files/98503977-c425-4e1f-8a50-c283ada501f9/1; https://files-api.properstar.com/api/v2/files/c6dfa1a9-8e49-48c7-aaa2-8ccdd036b66a/1; https://files-api.properstar.com/api/v2/files/e6dce294-5308-4947-8d6d-bb5d75f13694/1; https://files-api.properstar.com/api/v2/files/48a2bd6d-38fb-4fe3-a97e-bdf742835d55/1; https://files-api.properstar.com/api/v2/files/5258d943-e8b9-4372-b241-3bcbff3f0021/1; https://files-api.properstar.com/api/v2/files/68965d13-ff9a-48bc-be0f-c98250a060ac/1; https://files-api.properstar.com/api/v2/files/867b36ce-a561-4a84-a19a-2e55df9c8ebe/1; https://files-api.properstar.com/api/v2/files/0c182a8a-bb8a-4507-ad75-680de3d43881/1
109309307,House for Rent in Puerto Vallarta near the Beach and Airport,https://www.properstar.co.uk/listing/109309307,GBP 997,"Joaquín Amaro, 520, Jalisco, Mexico",20.694937,-105.244908,2,2,2368.06128,House,iad Mexico,2025-08-14T03:34:43.46,https://files-api.properstar.com/api/v2/files/0f8e6232-ee20-4fd4-b756-8ee80abcceb5/2; https://files-api.properstar.com/api/v2/files/5f7f1973-cae3-4b1b-a508-5ba7996b9952/2; https://files-api.properstar.com/api/v2/files/ecb243c3-ac63-43ac-888f-9a91d9fee287/2; https://files-api.properstar.com/api/v2/files/cf412664-bbce-408c-8705-d82a686f2ff1/2; https://files-api.properstar.com/api/v2/files/297e636e-aa69-46c9-a62f-ed9a301be842/2; https://files-api.properstar.com/api/v2/files/e01bd40b-aa78-406f-a95e-77d474476d4d/2; https://files-api.properstar.com/api/v2/files/a3bec8b5-a0c5-4aac-b0f9-22fb60179761/2; https://files-api.properstar.com/api/v2/files/64e9cf0b-8089-4e5d-a957-f988d016778a/2; https://files-api.properstar.com/api/v2/files/0d7bae72-2745-4b0f-acfe-a164a4202188/2; https://files-api.properstar.com/api/v2/files/17d6a819-50d3-440b-84f0-236938a85a83/2; https://files-api.properstar.com/api/v2/files/be111b65-8ef5-4a6f-82ad-19c602509929/2
115438004,Apartment for Rent in DUVA Puerto Vallarta | 2 Bedrooms Ocean View North Hotel Zone,https://www.properstar.co.uk/listing/115438004,"GBP 1,733","Jalisco, Puerto Vallarta, Educación, Educación, Mexico",20.662383,-105.238497,2,2,,Apartment,Milenium Realty,2026-04-03T16:25:10.393,https://files-api.properstar.com/api/v2/files/e19d938e-4dfb-4493-ac02-02ad75ab3944/1; https://files-api.properstar.com/api/v2/files/851950d3-a7b4-4cea-8150-263248af2547/1; https://files-api.properstar.com/api/v2/files/492ecdd3-321f-4632-88f0-874b1bf7c86f/1; https://files-api.properstar.com/api/v2/files/41fc1943-13b3-465e-b501-4a9f596165b6/1; https://files-api.properstar.com/api/v2/files/c11a354d-e330-468e-beb3-83624b7b8d09/1; https://files-api.properstar.com/api/v2/files/61ee052f-8c5d-4c61-b8ca-df3a1e0bd1bf/1; https://files-api.properstar.com/api/v2/files/08002ba2-8e41-41e8-a0b3-945d1231538d/1; https://files-api.properstar.com/api/v2/files/c7f395b4-f788-4f46-a218-56371abaf7eb/1; https://files-api.properstar.com/api/v2/files/04b7aa96-9df8-4b94-9be0-4ea6ae86429d/1; https://files-api.properstar.com/api/v2/files/f11c6679-88c0-4028-b4b8-5c74b637f075/1; https://files-api.properstar.com/api/v2/files/6577cd9f-dfd3-41ed-a988-cbdb2ed2e69d/1; https://files-api.properstar.com/api/v2/files/6b6d349f-80a2-4661-9f82-1aba4830838b/1; https://files-api.properstar.com/api/v2/files/6702a974-c43d-4ae7-bc84-925646b0b1b5/1; https://files-api.properstar.com/api/v2/files/9c54d573-6e41-4814-8346-883fe13ee771/1; https://files-api.properstar.com/api/v2/files/90b9116c-e1c3-4db2-af91-e328621e491e/1; https://files-api.properstar.com/api/v2/files/422358cf-bde9-47f3-8162-6fa180da4b1d/1; https://files-api.properstar.com/api/v2/files/d9838b7f-15e2-43fd-a0f7-7acf6b4c950c/1; https://files-api.properstar.com/api/v2/files/98adf858-452c-44e3-9031-7ece78e603ee/1; https://files-api.properstar.com/api/v2/files/522a58d9-225f-4f7e-b952-051a817def11/1; https://files-api.properstar.com/api/v2/files/b5b3b7b5-24d7-42ac-bce6-171dfd2962e7/1; https://files-api.properstar.com/api/v2/files/35eeeedd-61a2-4375-935e-18d6b0d81997/1; https://files-api.properstar.com/api/v2/files/abfe7af2-b215-4eef-9909-b4aee62af715/1; https://files-api.properstar.com/api/v2/files/26c3efe5-1198-4921-a9e8-ed1e291e6743/1; https://files-api.properstar.com/api/v2/files/35bb5bd4-f899-47b3-be49-b58c7d515678/1; https://files-api.properstar.com/api/v2/files/ae238ef3-fe7a-4ad0-a28b-40515c543f68/1; https://files-api.properstar.com/api/v2/files/e0c8723a-6343-40ab-b37b-4feb8a5fcf6a/1; https://files-api.properstar.com/api/v2/files/605fa60e-1049-4c38-bcd5-57939b62a039/1; https://files-api.properstar.com/api/v2/files/c9380cde-11ef-44f5-a815-00c282947c97/1; https://files-api.properstar.com/api/v2/files/d1df95cf-ca92-43db-a491-4e4c7f40a4b9/1; https://files-api.properstar.com/api/v2/files/facaf288-4bbf-475f-978d-bff29721129d/1
115759179,Brand new apartment for rent in Nima Bay,https://www.properstar.co.uk/listing/115759179,"GBP 1,777","Av. Paseo de la Marina 121, Puerto Vallarta, Mexico",20.667531,-105.250463,1,2,,Apartment,CENTURY 21 Ocean Realty,2026-04-16T03:16:41.727,https://files-api.properstar.com/api/v2/files/dd5c9732-c083-438c-9348-2c415fc9d5b2/1; https://files-api.properstar.com/api/v2/files/a886233b-7cbb-477d-87ad-8f45a7e09f5b/1; https://files-api.properstar.com/api/v2/files/43d35461-4cc9-4633-aaf1-708ce0349797/1; https://files-api.properstar.com/api/v2/files/06041315-1f66-49ed-ab00-c91f7658a649/1; https://files-api.properstar.com/api/v2/files/933c783e-c9a0-47d5-bf36-8959d060562f/1; https://files-api.properstar.com/api/v2/files/bd47981c-43f0-446c-9b15-5c0c4be102b4/1; https://files-api.properstar.com/api/v2/files/f3b8a5ef-2692-4c82-8e02-fe6bd92c69fe/1; https://files-api.properstar.com/api/v2/files/6217cd63-2200-4ae3-b792-0c5409693b4b/1; https://files-api.properstar.com/api/v2/files/be2b25fa-2d49-47f8-8987-0959e80e261f/1; https://files-api.properstar.com/api/v2/files/d0f6290f-1fd7-42f6-99a1-d11e82919c93/1; https://files-api.properstar.com/api/v2/files/595512a4-e220-41f5-bf33-854a36a20f9c/1; https://files-api.properstar.com/api/v2/files/43ae0b48-e6c1-4367-a3da-ab8e3c3ff26c/1; https://files-api.properstar.com/api/v2/files/84ddc400-bd1c-4f17-aab7-5a10e3482a3c/1; https://files-api.properstar.com/api/v2/files/2093f1db-5e0f-4c0c-9d0e-9560d00a26c0/1; https://files-api.properstar.com/api/v2/files/2d8e8ce6-87ea-4681-9062-3f64abf3215b/1; https://files-api.properstar.com/api/v2/files/e34b357c-18bf-4fcc-98d8-bacc0c8c7331/1; https://files-api.properstar.com/api/v2/files/18ea2590-773e-44bc-89c7-b5dc4c7eb1c8/1; https://files-api.properstar.com/api/v2/files/9a9846cc-2a4c-4d86-9bba-90e5321f3bc0/1; https://files-api.properstar.com/api/v2/files/48588989-11ae-473b-83e1-54c4801dabdb/1
115759180,New and Ready to Rent Apartment in Nima Bay Marina Vallarta,https://www.properstar.co.uk/listing/115759180,"GBP 2,167","Av. Paseo de la Marina 121, Puerto Vallarta, Mexico",20.667531,-105.250463,2,2,,Apartment,CENTURY 21 Ocean Realty,2026-04-16T03:16:41.727,https://files-api.properstar.com/api/v2/files/35c564bb-4553-4007-9751-4304d58fa5f1/1; https://files-api.properstar.com/api/v2/files/86c495eb-46ae-4df1-a4ce-a0f879ceb8e6/1; https://files-api.properstar.com/api/v2/files/112527cd-dab6-4770-b2e7-ea22ac555cbd/1; https://files-api.properstar.com/api/v2/files/6ba729ea-c1b9-454e-89d9-b139ea1522ed/1; https://files-api.properstar.com/api/v2/files/0a256bee-eb47-4e14-ab6e-ea7bb355cfba/1; https://files-api.properstar.com/api/v2/files/150a399c-4377-4d2e-8f48-1e0a00e1c6e0/1; https://files-api.properstar.com/api/v2/files/f1a5e465-cca7-4503-9df2-0b659e2a432a/1; https://files-api.properstar.com/api/v2/files/44e724d4-ef7d-4cca-be1e-959cdba88076/1; https://files-api.properstar.com/api/v2/files/f8bae377-841f-4fd0-ac2f-e151e35e8ced/1; https://files-api.properstar.com/api/v2/files/a6abfc79-a203-462c-816c-8a4b977b3fb0/1; https://files-api.properstar.com/api/v2/files/66da0094-5cfd-41b3-8e92-4d5207b4e1ef/1; https://files-api.properstar.com/api/v2/files/07b20b78-32b9-4cf7-9231-accea0bbb0bc/1; https://files-api.properstar.com/api/v2/files/ddc0e0c5-cebe-48bb-9115-f4c1e2dea831/1; https://files-api.properstar.com/api/v2/files/4d65c6e5-7bc4-4e29-8a4f-2f8d72ab371b/1; https://files-api.properstar.com/api/v2/files/82be91b8-c76f-4ea3-a2f2-5217b851d7c1/1; https://files-api.properstar.com/api/v2/files/ee726d7d-3cf1-4347-b2a5-a7ac04795e0f/1; https://files-api.properstar.com/api/v2/files/3391db90-6a81-41d8-91d6-870c136f8c58/1; https://files-api.properstar.com/api/v2/files/dcfd7e70-9ed6-4239-9f53-383904f7b7cc/1; https://files-api.properstar.com/api/v2/files/14c059ef-add5-4ca9-bfb8-7112216301ac/1; https://files-api.properstar.com/api/v2/files/c7e798c7-4bc7-44f2-a722-455573937f49/1
118043323,"House for rent in Marina Vallarta, Puerto Vallarta, Jalisco",https://www.properstar.co.uk/listing/118043323,"GBP 2,817","BOCA NEGRA 380, 5, Marina Vallarta, Puerto Vallarta, Mexico",20.66397,-105.253126,4,3,3605.91138,House,INMOHUMANITY,2026-07-05T22:15:32.5,https://files-api.properstar.com/api/v2/files/4dc0a7d9-2398-4f8e-a68e-7bf63f9cd897/1; https://files-api.properstar.com/api/v2/files/c3d34400-1cf8-440b-827b-be2f3631c5a9/1; https://files-api.properstar.com/api/v2/files/38ef9935-d785-47c8-b45b-d3da8fd04e2f/1; https://files-api.properstar.com/api/v2/files/01c6c363-8533-4dc3-9e1e-0acaaf79ae7e/1; https://files-api.properstar.com/api/v2/files/da71aa65-f4da-4956-a49e-3f89f9a53c66/1; https://files-api.properstar.com/api/v2/files/66595ab1-331e-4221-bcd6-4368c8295f0b/1; https://files-api.properstar.com/api/v2/files/3fee599d-befc-47b9-8494-a1d9aa24e896/1; https://files-api.properstar.com/api/v2/files/d1d2562d-2fbb-4452-a458-3cb30bc82df0/1; https://files-api.properstar.com/api/v2/files/a7eeb490-b2f3-44f6-9d25-d46b863d2b9d/1
