id,title,url,price,location,latitude,longitude,bedrooms,bathrooms,size_sqft,property_type,advertiser,date_listed,pictures
115862363,House for sale at Puerta Cortez La Paz Baja California Sur Golf and beachclub included + Marina,https://www.properstar.co.uk/listing/115862363,"GBP 732,351","6P63+HR, La Paz, Mexico",24.211437,-110.295438,4,3,1819.10156,House,Century 21 Legendary Realty,2026-04-18T23:18:35,https://files-api.properstar.com/api/v2/files/def87a8f-5676-4e77-b36d-8877a4d4f8d5/1; https://files-api.properstar.com/api/v2/files/c49bda3d-a54f-4e25-9fb8-f7242f5369e4/1; https://files-api.properstar.com/api/v2/files/62f87496-caf8-4d4b-a368-c532eecbc2ed/1; https://files-api.properstar.com/api/v2/files/b136820b-f523-4844-ba20-266b03f1695b/1; https://files-api.properstar.com/api/v2/files/eeadf430-1078-4222-8451-1e8b6eedbf51/1; https://files-api.properstar.com/api/v2/files/8ff9bd4d-331f-4a65-9f5a-8bf4903c29e2/1; https://files-api.properstar.com/api/v2/files/4d0cfae4-8ccb-4b9a-b5b6-853a6dc7816a/1; https://files-api.properstar.com/api/v2/files/4db16d5a-b36b-43ed-8f77-f4411d038eb1/1; https://files-api.properstar.com/api/v2/files/02634237-ed76-49a2-924c-8c9641537fce/1; https://files-api.properstar.com/api/v2/files/e7054e55-b8f6-478d-a012-b54f1ae6dd68/1; https://files-api.properstar.com/api/v2/files/4dce6ad6-36e5-419c-aaf1-92e59bf09343/1; https://files-api.properstar.com/api/v2/files/3817599a-996c-46e5-8ab4-570230f21a84/1; https://files-api.properstar.com/api/v2/files/c794d91d-3a7a-49d3-96e1-8bf783d985f2/1; https://files-api.properstar.com/api/v2/files/e2e2a13d-fee3-4f93-b96b-17767bb2563b/1; https://files-api.properstar.com/api/v2/files/e8abb938-6330-4b16-a9e2-fe4d5752049b/1; https://files-api.properstar.com/api/v2/files/867104da-bbb2-40db-825b-381a1eb15568/1; https://files-api.properstar.com/api/v2/files/ed4f75ef-71ac-49a1-87d8-76f500bfb027/1; https://files-api.properstar.com/api/v2/files/acb486b0-ddc6-4771-87c8-7431d5a3edf7/1; https://files-api.properstar.com/api/v2/files/696ac0ea-6059-4a17-90d7-1a64126d08a3/1; https://files-api.properstar.com/api/v2/files/507c0fed-e19c-4481-b68d-860479bda022/1
112663484,"3-Bedroom Condo for Sale in Terra Pedregal, La Paz BCS",https://www.properstar.co.uk/listing/112663484,"GBP 612,125","Bahía Pichilingue Km 4.5, Pedregal, 23010 La Paz, B.C.S., Mexico, La Paz, Mexico",24.203487,-110.297359,3,3,1829.86548,Apartment,Century 21 Legendary Realty,2025-12-30T00:20:36,https://files-api.properstar.com/api/v2/files/52d99c4f-09ae-4571-8c08-53ce06f0e219/1; https://files-api.properstar.com/api/v2/files/f44354f8-e00e-4b5e-8e67-38796715e0cc/1; https://files-api.properstar.com/api/v2/files/2347a5b5-8d45-4a81-ac5e-e4811d318693/1; https://files-api.properstar.com/api/v2/files/55fee113-e7d0-4647-bb01-b0be0c5c2f74/1; https://files-api.properstar.com/api/v2/files/c091ac97-f692-47db-9dba-0bd3efe4f618/1; https://files-api.properstar.com/api/v2/files/354dd5f8-86cf-4d21-ac7c-1e20cf363848/1
119587635,"Maison Villa in Caleton, Cap Cana ",https://www.properstar.co.uk/listing/119587635,"GBP 1,099,626","Caleton, Punta Cana, Mexico",24.155968,-110.315988,4,7,,House,Engel & Völkers Punta Cana,2026-08-15T03:09:39.257,https://files-api.properstar.com/api/v2/files/0da1d620-d1a9-4545-8c94-7b841eb13a6d/1; https://files-api.properstar.com/api/v2/files/80bb8fc9-062d-4abf-8643-3b55e6acab1a/1; https://files-api.properstar.com/api/v2/files/5e370862-1af5-455f-a014-2eda0ef542f5/1; https://files-api.properstar.com/api/v2/files/360062f4-44a4-4031-8c03-b60ee5acb3f9/1; https://files-api.properstar.com/api/v2/files/a1378f21-46c8-4ed8-926e-4358765a10f6/1; https://files-api.properstar.com/api/v2/files/11e827f5-aeae-49bd-bbb3-fccf83ea694f/1
119520338,2 Casa Puerta Azul SL26-19971,https://www.properstar.co.uk/listing/119520338,"GBP 384,594","2 Casa Puerta Azul, La Paz, Mexico",24.142641,-110.312753,3,4,2734.03418,House,The Agency | La Paz,2026-08-12T14:08:45.497,https://files-api.properstar.com/api/v2/files/02a4401f-6b8b-40e1-9f73-a9b92f91652c/1; https://files-api.properstar.com/api/v2/files/0132360e-056f-4044-98b6-ef34c81f98fd/1; https://files-api.properstar.com/api/v2/files/38b9e6eb-f587-4e59-ad3a-329b5eef0a99/1; https://files-api.properstar.com/api/v2/files/8e7dc668-d414-4e76-b0d3-e02dcd56d9e3/1; https://files-api.properstar.com/api/v2/files/1d646a64-7b99-4cc0-bf73-960f675bbc72/1; https://files-api.properstar.com/api/v2/files/f2bce106-3be1-4668-955e-708263463961/1; https://files-api.properstar.com/api/v2/files/dcced731-0531-4f7c-880d-e19fcdf9786b/1; https://files-api.properstar.com/api/v2/files/ce959b9d-0cfb-485a-8bab-3164371fcad6/1; https://files-api.properstar.com/api/v2/files/ad3eca7c-e165-444e-ba15-62d428af01b3/1; https://files-api.properstar.com/api/v2/files/3fd1045a-8e81-4ca6-a58c-a38323eab08a/1; https://files-api.properstar.com/api/v2/files/5ada84fb-8e30-4693-b986-32d60959ad02/1; https://files-api.properstar.com/api/v2/files/1c735dbf-d129-465b-928d-e8fe89e786c7/1; https://files-api.properstar.com/api/v2/files/00ee772f-4fd2-4a4a-86fd-9cb0aaea8fd3/1; https://files-api.properstar.com/api/v2/files/b8afdc51-2046-4387-804e-1560b5655cbe/1; https://files-api.properstar.com/api/v2/files/7b2c6b0a-dfbe-49fb-9ce6-02928c6863b8/1; https://files-api.properstar.com/api/v2/files/8d50c4a2-ff7f-4b21-88ef-8160df4ebd4a/1; https://files-api.properstar.com/api/v2/files/32f32170-96a6-497a-93ed-1128a5800e4f/1; https://files-api.properstar.com/api/v2/files/a4abb06e-3c02-4f02-b121-2ce20701b62e/1; https://files-api.properstar.com/api/v2/files/1de0c533-33c7-490c-a7fd-025d05695d7e/1; https://files-api.properstar.com/api/v2/files/1a00ee61-1ac9-4783-9048-c364e8eaed01/1; https://files-api.properstar.com/api/v2/files/11c9609a-3d09-426a-9792-548d1da975db/1; https://files-api.properstar.com/api/v2/files/9e226009-d585-4159-9619-970c25c8c150/1; https://files-api.properstar.com/api/v2/files/de36d2ae-349d-4e43-ae7d-6fd1c997d74b/1; https://files-api.properstar.com/api/v2/files/e4f2724f-cdd7-46f9-a2e7-aa3c81cc693d/1; https://files-api.properstar.com/api/v2/files/81e3ed6c-e5a6-4dda-9310-8560a678b396/1; https://files-api.properstar.com/api/v2/files/b5fee33a-6be8-45e5-8e70-5c67bb07c172/1; https://files-api.properstar.com/api/v2/files/4f50f7d0-f4a6-4327-8445-46626f7e03d8/1; https://files-api.properstar.com/api/v2/files/e32bc5b3-4e1d-4f7d-861e-96dcf6fff3a7/1; https://files-api.properstar.com/api/v2/files/2f0726dd-100d-411e-9b65-2f03a74f54c8/1; https://files-api.properstar.com/api/v2/files/f8a8b6ac-11f8-4162-b0f3-99403f1d1949/1; https://files-api.properstar.com/api/v2/files/e57075f5-6146-4f8e-8396-ddb055b62b12/1; https://files-api.properstar.com/api/v2/files/ee2aad41-cb35-415d-8415-0ad637cefc3a/1; https://files-api.properstar.com/api/v2/files/a72a8e4a-f10c-489f-8382-c57b35e4d65d/1; https://files-api.properstar.com/api/v2/files/9c3057ce-5d10-4b2f-b1d1-4108bf8e8e2d/1; https://files-api.properstar.com/api/v2/files/deeb439c-1dd6-47d6-89f7-3c611adbb8a7/1; https://files-api.properstar.com/api/v2/files/5908f25f-4bb1-4618-a9b5-06e20c08223f/1; https://files-api.properstar.com/api/v2/files/fbbce3dc-1308-44ec-8236-18c5f9e5c61c/1; https://files-api.properstar.com/api/v2/files/64c2ed94-bd70-41ff-94e1-ea98c7249b9b/1; https://files-api.properstar.com/api/v2/files/4e9ed508-9694-485a-801b-cf97f6c970e1/1; https://files-api.properstar.com/api/v2/files/3f4a2bed-b0df-40e2-a525-435cd8a371b4/1; https://files-api.properstar.com/api/v2/files/2eb5857a-6eb5-4049-b9f2-14ba9803650f/1; https://files-api.properstar.com/api/v2/files/05ae666f-988e-4430-aa7e-294c118f339a/1; https://files-api.properstar.com/api/v2/files/08d1be50-9f0c-496b-a064-c9fb6ce37883/1; https://files-api.properstar.com/api/v2/files/059c83d0-032e-4de1-b5fc-f8c4c7c7c981/1; https://files-api.properstar.com/api/v2/files/11d4f307-e5ee-4128-b5e2-359ceacb4bb5/1; https://files-api.properstar.com/api/v2/files/0117abc3-17b6-419e-b341-96bf8b9808eb/1; https://files-api.properstar.com/api/v2/files/86e14dd4-47d6-41b8-a100-80618776517c/1; https://files-api.properstar.com/api/v2/files/d4bcad43-a4bf-4f81-95df-590df11ea350/1; https://files-api.properstar.com/api/v2/files/e87095bb-d7c0-4a01-8731-44f2162460ed/1; https://files-api.properstar.com/api/v2/files/5fb9d347-3b68-41e3-98f4-b2d8859bf1f4/1
112664864,S/N Cochayuyo SL25-30158,https://www.properstar.co.uk/listing/112664864,"GBP 256,579","S/N Cochayuyo, La Paz, Mexico",24.140992,-110.343211,5,4,13444.13,House,The Agency | La Paz,2025-12-30T02:32:42.543,https://files-api.properstar.com/api/v2/files/86199c8b-a8dc-4bfa-8f2e-317c95797697/1; https://files-api.properstar.com/api/v2/files/1e9ed981-f3da-42b3-91ee-2d6628d2748f/1; https://files-api.properstar.com/api/v2/files/5608836e-b899-443b-b408-b2027bd76196/1; https://files-api.properstar.com/api/v2/files/94cdb6b7-8799-4ec2-962f-139f50321837/1; https://files-api.properstar.com/api/v2/files/b699f330-31cf-4c59-83fc-d0f619054a0a/1; https://files-api.properstar.com/api/v2/files/786d100c-6fde-435a-adaa-bb152e192de5/1; https://files-api.properstar.com/api/v2/files/eb0a5118-fb9f-4104-aadb-98f92dc0304d/1; https://files-api.properstar.com/api/v2/files/10814c69-339c-42fc-8843-ca0c4d4ba0d2/1; https://files-api.properstar.com/api/v2/files/911cb6c8-8345-4ca0-8b53-f3e2bf2bc8f3/1; https://files-api.properstar.com/api/v2/files/e7aaf8e0-163e-4109-8644-4dd08d8181a4/1; https://files-api.properstar.com/api/v2/files/6705a966-ebc6-4fd0-b177-28422032f237/1; https://files-api.properstar.com/api/v2/files/afbff203-1717-4ec7-9658-afc35e167bca/1; https://files-api.properstar.com/api/v2/files/0a58e132-10bb-4a51-bf41-af2cd6a16a74/1; https://files-api.properstar.com/api/v2/files/6b3cd64d-33cf-4afe-8f96-3c41a614cb91/1; https://files-api.properstar.com/api/v2/files/892a4ce4-14b8-4941-97e4-6927c36888bd/1; https://files-api.properstar.com/api/v2/files/2eb5c5cf-8a2c-4cf4-9d53-209d05b37205/1; https://files-api.properstar.com/api/v2/files/75f410a1-3ee5-4e02-bafc-5ee92ed3ff23/1
118698113,A Prime Short-Term Rental Investment Opportunity,https://www.properstar.co.uk/listing/118698113,"GBP 267,576","Juanillo Vista Golf, Punta Cana, Mexico",24.155968,-110.315988,2,2,1076.39148,Apartment,Engel & Völkers Punta Cana,2026-07-13T17:07:15.833,https://files-api.properstar.com/api/v2/files/fa8eb096-b853-4264-a44b-15cd80d7e2ec/1; https://files-api.properstar.com/api/v2/files/d2e50a2e-a475-4d9f-ab83-299dcee90f40/1; https://files-api.properstar.com/api/v2/files/6b8a439a-4ee8-43e8-b2e1-183839ad0d89/1; https://files-api.properstar.com/api/v2/files/2f66d170-afe8-4f1f-b40e-ed9a4d01c67a/1; https://files-api.properstar.com/api/v2/files/bb8050a5-b0cf-464a-b7b8-a274dedf313d/1; https://files-api.properstar.com/api/v2/files/c6154c4b-980c-4fd9-9ca8-92c959b6353b/1; https://files-api.properstar.com/api/v2/files/d61240b2-be22-4067-b246-fab7a8598f77/1; https://files-api.properstar.com/api/v2/files/3bfbba65-0b1f-4703-9077-fdbca8b08748/1; https://files-api.properstar.com/api/v2/files/7f2ac010-036b-4c0c-8f85-d89d04bb3400/1; https://files-api.properstar.com/api/v2/files/e4c911a0-3eb4-4561-8917-4c610c4ec465/1; https://files-api.properstar.com/api/v2/files/be6bb492-408b-44ba-a9fb-d353e5a8465c/1
118850308,Private Villas in the Heart of Vistacana,https://www.properstar.co.uk/listing/118850308,"GBP 208,929","Vista Cana, Punta Cana, Mexico",24.155968,-110.315988,3,4,1668.40686,House,Engel & Völkers Punta Cana,2026-07-19T02:59:40.38,https://files-api.properstar.com/api/v2/files/77bb3c06-6c1b-4d0e-964c-d19c2fb94f54/1; https://files-api.properstar.com/api/v2/files/d7801c7f-05d5-46d0-b087-1b1ed28f43e2/1; https://files-api.properstar.com/api/v2/files/4869e53d-d26f-40de-9e66-cb14c69e2647/1; https://files-api.properstar.com/api/v2/files/2805d04e-2db9-42fb-8c9b-ba3425ec4669/1; https://files-api.properstar.com/api/v2/files/b6105eb4-10d2-4d8d-8f80-1908a72d05cf/1; https://files-api.properstar.com/api/v2/files/a9d699a0-0759-4d1d-84eb-30b814383593/1; https://files-api.properstar.com/api/v2/files/823cf764-3b7a-4a58-bbb6-0979c2d59692/1; https://files-api.properstar.com/api/v2/files/9df354c7-e8bc-4018-85b7-04fd0cefcd50/1; https://files-api.properstar.com/api/v2/files/4e4a4ef0-15e0-4215-93ae-42fe9981d6b7/1
119659263,The Summit,https://www.properstar.co.uk/listing/119659263,"GBP 996,662","Jalisco, Zapopan, Fraccionamiento La Cima, Fraccionamiento La Cima, Mexico",24.099817,-110.344659,5,5,,House,White Wolf Real Estate,2026-08-19T04:05:27.047,https://files-api.properstar.com/api/v2/files/5d1d8461-5f41-4bd0-9530-23bb056f22e3/1; https://files-api.properstar.com/api/v2/files/e6f069fb-da6e-436d-96a2-c864e08ffd70/1; https://files-api.properstar.com/api/v2/files/9d97f343-c894-4bf8-8ea9-e3693115bfa1/1; https://files-api.properstar.com/api/v2/files/368eb1af-cec9-464a-a672-4614588188af/1; https://files-api.properstar.com/api/v2/files/937cdda6-4bc0-49f1-9d40-ff23d2a52d79/1; https://files-api.properstar.com/api/v2/files/464a8291-9731-49f3-b10e-2c9259bef9e6/1; https://files-api.properstar.com/api/v2/files/9aed8cf1-9a5c-48eb-b3a7-99514f7e240d/1; https://files-api.properstar.com/api/v2/files/6ff79370-6808-470c-8bae-0ebabd4e3d59/1; https://files-api.properstar.com/api/v2/files/1c4a4734-4653-4552-8d35-f60c5850492e/1; https://files-api.properstar.com/api/v2/files/8b16d2ad-06db-40ee-ad3b-75a8efbd4dd0/1; https://files-api.properstar.com/api/v2/files/769f041b-3778-442e-a929-b3bd392351f5/1; https://files-api.properstar.com/api/v2/files/1163a79b-ec84-4158-a03f-bdb15a5dcc34/1; https://files-api.properstar.com/api/v2/files/f8b40cb6-5e42-4b23-90e4-d20361592dad/1; https://files-api.properstar.com/api/v2/files/ad114872-7fd7-40ad-87ed-73ccbb6aaa9e/1; https://files-api.properstar.com/api/v2/files/dcd677fe-5966-46fc-9f55-a748b8164a49/1; https://files-api.properstar.com/api/v2/files/ffb5729f-ecff-45df-852a-3048639184ae/1; https://files-api.properstar.com/api/v2/files/96bde044-3714-47ab-ac0a-794a6c2680d9/1; https://files-api.properstar.com/api/v2/files/3f696309-02db-4b2c-9cea-ec6dba66439d/1; https://files-api.properstar.com/api/v2/files/c66d9a87-4605-40c1-ba57-ee1e263ff180/1; https://files-api.properstar.com/api/v2/files/22d262e6-95b6-409b-b932-31a5c6637e3a/1; https://files-api.properstar.com/api/v2/files/43c985d9-d3e3-402f-a326-70f2bfaa0bff/1; https://files-api.properstar.com/api/v2/files/d8501db1-514e-4b83-8bb4-75459f1f93b7/1; https://files-api.properstar.com/api/v2/files/ce989565-4b44-44df-97ef-103df42ccb9f/1; https://files-api.properstar.com/api/v2/files/e3d6f8ca-ba5e-41ab-9f8a-0245be286386/1; https://files-api.properstar.com/api/v2/files/5e492b70-6121-4ad1-afcd-6d26b8973e45/1; https://files-api.properstar.com/api/v2/files/4809428f-cc8b-4598-b991-234760be63e7/1; https://files-api.properstar.com/api/v2/files/51950da4-f364-41fc-b67d-4934041f0187/1; https://files-api.properstar.com/api/v2/files/6b1b405f-6072-4d53-9649-41f1c17bbbbe/1; https://files-api.properstar.com/api/v2/files/fe31076c-0bf3-4141-9933-90304b112529/1; https://files-api.properstar.com/api/v2/files/c1f15a54-c55e-4a88-8eb0-41aa19f0f438/1; https://files-api.properstar.com/api/v2/files/8af10e98-429a-4b16-9aaf-03a8b94b2d24/1; https://files-api.properstar.com/api/v2/files/2222c88d-7867-4192-b5f2-e7e7852c9979/1; https://files-api.properstar.com/api/v2/files/97fd7e04-3a4e-4d49-ba26-d10355a5ca73/1; https://files-api.properstar.com/api/v2/files/ba173086-520c-489d-97f3-8b8e0a30903e/1; https://files-api.properstar.com/api/v2/files/55143b3f-a0c8-42fd-88d1-4350f876e062/1; https://files-api.properstar.com/api/v2/files/42135c45-8888-4193-a7ad-6fb010d41d30/1; https://files-api.properstar.com/api/v2/files/13c6905f-5f67-4780-835e-e3253f162220/1; https://files-api.properstar.com/api/v2/files/4416a7b0-e0f3-40e8-bc06-bfd5debe7152/1; https://files-api.properstar.com/api/v2/files/284bbf1a-4738-42f7-9d2f-aa15993958ad/1; https://files-api.properstar.com/api/v2/files/eca80735-5f39-45a9-891d-25e201422134/1; https://files-api.properstar.com/api/v2/files/bbf20380-4a38-4293-b51f-c5b4c3e15cf3/1; https://files-api.properstar.com/api/v2/files/19d39117-bc3b-4ca9-b1fd-5e76ab4119af/1
119652511,"Apartment for Sale in Balaena, La Paz Baja California",https://www.properstar.co.uk/listing/119652511,"GBP 186,332","Baja California Sur, La Paz , La Paz, Mexico",24.142641,-110.312753,1,1,,Apartment,Zizi,2026-08-18T20:01:36.103,https://files-api.properstar.com/api/v2/files/e6e50fc9-9dd7-4925-82a2-08fd26dc72ad/1; https://files-api.properstar.com/api/v2/files/3bd76f07-1157-4a1c-8cb8-0383ff71fdbb/1; https://files-api.properstar.com/api/v2/files/0c920451-11d6-462b-b486-090496752287/1; https://files-api.properstar.com/api/v2/files/4748c16e-f380-49cc-89b0-dd88fddaf914/1; https://files-api.properstar.com/api/v2/files/7d5a52c5-1ea2-4f1e-aa7f-41f307120b38/1; https://files-api.properstar.com/api/v2/files/04a72206-3d84-41fe-8d39-0e5fa825dba2/1; https://files-api.properstar.com/api/v2/files/8f8c41ac-4ace-4a9c-b639-f9869f71f616/1
118971704,"House for sale in Villas de San Lorenzo, La Paz, Baja California Sur",https://www.properstar.co.uk/listing/118971704,"GBP 303,115","desierto de sonora, Villas de San Lorenzo, La Paz, Mexico",24.111009,-110.331633,3,3,1453.12854,House,Baja Real Estate Services,2026-07-24T06:49:00.02,https://files-api.properstar.com/api/v2/files/024212dd-3f37-4275-8e05-6f77d66ca591/1; https://files-api.properstar.com/api/v2/files/87e67165-08f3-4848-93fb-980c6102e32c/1; https://files-api.properstar.com/api/v2/files/d4da81c7-95fb-43a8-acde-064bc6deaa59/1; https://files-api.properstar.com/api/v2/files/e6596869-78f2-4555-aeba-dd5bf5ddb3c7/1; https://files-api.properstar.com/api/v2/files/1ef1b760-b842-42dc-9b69-cfa144f0392b/1; https://files-api.properstar.com/api/v2/files/0cc57c1c-685c-4116-8d49-943f81c79fd6/1; https://files-api.properstar.com/api/v2/files/a601cac3-1587-4d4a-83df-749fedba5cd6/1; https://files-api.properstar.com/api/v2/files/f6e6cb25-6f23-455c-bb96-c20c401131d5/1; https://files-api.properstar.com/api/v2/files/20c6f149-4a89-4b7d-b201-7e757bdeefd1/1; https://files-api.properstar.com/api/v2/files/43b8aa54-ae73-4ef0-ac25-2acabc2c8aae/1; https://files-api.properstar.com/api/v2/files/9bbe51a2-cd22-4b59-b9d4-2b917227919e/1; https://files-api.properstar.com/api/v2/files/1aea45d7-b7df-485d-b837-6d95f0038839/1; https://files-api.properstar.com/api/v2/files/31da8cfb-b3fa-4436-9a70-ce8f730f7f16/1; https://files-api.properstar.com/api/v2/files/df8feb26-23d5-4548-a948-5811320efe8d/1
118570516,House in Fraccionamiento La Cima,https://www.properstar.co.uk/listing/118570516,"GBP 320,665","Jalisco, Zapopan, Fraccionamiento La Cima, Fraccionamiento La Cima, Mexico",24.099817,-110.344659,3,3,,House,Propii Grupo Inmobiliario,2026-07-09T04:16:38.347,https://files-api.properstar.com/api/v2/files/ed015158-0d65-4e88-bd2d-897b154d02bb/1; https://files-api.properstar.com/api/v2/files/fe172494-6202-48bd-9383-2ea0545807ac/1; https://files-api.properstar.com/api/v2/files/2d340839-e344-4876-88a4-1eeca817a95e/1; https://files-api.properstar.com/api/v2/files/7e42929a-b8a1-4395-ad3f-8d2f04f70546/1; https://files-api.properstar.com/api/v2/files/6636d1ca-23d2-4b47-a587-8b9b6e75672b/1; https://files-api.properstar.com/api/v2/files/b30dcca8-72c1-4a96-ad19-18f1ba19f385/1; https://files-api.properstar.com/api/v2/files/14ac67ac-00c8-4663-9d9d-1ed0add84ead/1; https://files-api.properstar.com/api/v2/files/603374f4-fd9c-4b14-a37e-791fb9e66a73/1; https://files-api.properstar.com/api/v2/files/fdd7f6e8-d4d0-48cf-8886-f86c59d4bb05/1; https://files-api.properstar.com/api/v2/files/553fe6e7-f3bb-414a-ba03-975d8dc60f98/1; https://files-api.properstar.com/api/v2/files/b39e4ec1-914f-4614-92a5-1211a284663f/1; https://files-api.properstar.com/api/v2/files/ba75a170-5c86-4a5b-a38d-42a235897496/1; https://files-api.properstar.com/api/v2/files/06138370-eeab-490f-ac5d-3cd8d876bcb9/1; https://files-api.properstar.com/api/v2/files/f0d44b27-d27b-46d2-9339-a4f39d63bc14/1; https://files-api.properstar.com/api/v2/files/1b9e7e53-924f-4a38-a1a9-dec2f54e181b/1; https://files-api.properstar.com/api/v2/files/4a1411f9-d7b4-4623-81eb-9529eb72146c/1; https://files-api.properstar.com/api/v2/files/83f66881-bb11-4e7b-8f1b-5e8a614bceda/1; https://files-api.properstar.com/api/v2/files/972a42e8-34e5-4635-8a4f-6465536386e0/1; https://files-api.properstar.com/api/v2/files/8810a7af-f2d2-40ea-ad58-4a9751b717fb/1; https://files-api.properstar.com/api/v2/files/08fe337a-c9fb-4e19-aa1c-f996ca78bd69/1; https://files-api.properstar.com/api/v2/files/23057699-d872-4b05-be46-924ed460e0c7/1; https://files-api.properstar.com/api/v2/files/0e67ca7b-a69f-47ed-a017-5210f4b4eaa8/1
119474648,"Luxury Ocean View Home in Real de Palmira, La Paz",https://www.properstar.co.uk/listing/119474648,"GBP 1,598,123","sn, La Paz, Mexico",24.176694,-110.299604,3,5,10.7639,House,Century 21  Legendary Realty,2026-08-11T03:14:09.71,https://files-api.properstar.com/api/v2/files/6f65e985-cada-4938-862c-b9d9ee9041f7/1; https://files-api.properstar.com/api/v2/files/211072c5-8bad-4c44-bbb7-4a578e5d5cf1/1; https://files-api.properstar.com/api/v2/files/42697019-7ec1-45e9-b099-93f85703cc9b/1; https://files-api.properstar.com/api/v2/files/9b45285a-93b1-4222-9789-e99345b85d45/1; https://files-api.properstar.com/api/v2/files/83b3dc5a-715c-43ba-8558-11de2d43bfc3/1; https://files-api.properstar.com/api/v2/files/544f81da-e134-4dca-94b1-09957e01a30e/1; https://files-api.properstar.com/api/v2/files/8e7ba212-f8c3-4f46-b2ca-f5c9b1d390cc/1; https://files-api.properstar.com/api/v2/files/392f779f-5189-4ac3-a1ed-44807ccd8668/1; https://files-api.properstar.com/api/v2/files/86dad12d-56b1-40dc-aeaa-e56f3a9a8fbb/1; https://files-api.properstar.com/api/v2/files/dd9ed435-4653-4e4f-a54e-3d6f84660044/1; https://files-api.properstar.com/api/v2/files/9a3807d0-88f5-4788-bea3-21f0a595ac49/1; https://files-api.properstar.com/api/v2/files/a2b032a2-eb0e-4da5-9fdb-346a0185f0cd/1; https://files-api.properstar.com/api/v2/files/ca3a2046-c9b5-4269-8baa-a657c1ee0a85/1; https://files-api.properstar.com/api/v2/files/cf5f72b5-070e-4ef9-98a3-ae00a7154dc3/1; https://files-api.properstar.com/api/v2/files/298e6071-3319-49db-82a1-acf650451a81/1; https://files-api.properstar.com/api/v2/files/31adc6d4-30bc-4eab-9f8e-2f03ff7d7071/1; https://files-api.properstar.com/api/v2/files/bc6fbafa-ed70-48d0-94f2-628c40a3f2cb/1; https://files-api.properstar.com/api/v2/files/e8598b74-34e8-48eb-be87-69d351eba905/1; https://files-api.properstar.com/api/v2/files/131d41c8-be23-43fd-90e1-3787590bd6e3/1; https://files-api.properstar.com/api/v2/files/20f8fa79-5aff-407c-a7d8-80f3805f0db6/1; https://files-api.properstar.com/api/v2/files/d59df2c7-8c2d-4d6d-928c-aa88bc262bc9/1
119394602,"Apartment for sale in Zona Central, La Paz, Baja California Sur",https://www.properstar.co.uk/listing/119394602,"GBP 378,769","Zona Central, La Paz, Mexico",24.155968,-110.315988,3,3,1065.62756,Apartment,Grupo Estrategias y Desarrollos Inmobiliarios,2026-08-07T07:31:30.963,https://files-api.properstar.com/api/v2/files/725f9007-7131-43aa-b5a4-3574dcb6b490/1; https://files-api.properstar.com/api/v2/files/aa1ca995-35fe-4b94-959b-dd331266df5e/1; https://files-api.properstar.com/api/v2/files/00ea556c-c73f-46a3-bd59-523652625e31/1; https://files-api.properstar.com/api/v2/files/11cb3421-bb3b-4ab8-a1db-f7cd4763524d/1; https://files-api.properstar.com/api/v2/files/8a5ffbaa-b73c-4080-b012-74cc52b568fa/1; https://files-api.properstar.com/api/v2/files/deace16d-2760-4685-a630-f666a204e91f/1; https://files-api.properstar.com/api/v2/files/3802040f-162a-4f3d-b52f-da31f70f26c2/1; https://files-api.properstar.com/api/v2/files/18b773a3-d16f-4817-b890-b1f8df09850a/1; https://files-api.properstar.com/api/v2/files/178ef904-6a5f-410a-8f7a-4b23e69d8c68/1; https://files-api.properstar.com/api/v2/files/b810aa86-c474-49cb-b0e2-70c95f6121f9/1; https://files-api.properstar.com/api/v2/files/1200d521-7a1c-45fb-9c44-0ac6c53aac76/1; https://files-api.properstar.com/api/v2/files/36c430b4-bce9-4e38-adc8-aa603cb64094/1; https://files-api.properstar.com/api/v2/files/d1a4f709-09c6-48d0-827b-e1a9aec39fa7/1; https://files-api.properstar.com/api/v2/files/7c88153a-b369-4f27-8158-3b1225ab6e9d/1; https://files-api.properstar.com/api/v2/files/aa23aea7-66fb-48e4-aa67-d1f042a6feaf/1; https://files-api.properstar.com/api/v2/files/88c8bbc6-2a67-40f2-add6-8d968dce0b82/1; https://files-api.properstar.com/api/v2/files/a3ac4dae-c1a4-4f25-acb0-75e861433b2e/1; https://files-api.properstar.com/api/v2/files/818e4eea-a049-4d02-a10f-b3a8db1e2a10/1; https://files-api.properstar.com/api/v2/files/9ed7af22-0e2b-41b6-a0cc-7459ccba9d86/1; https://files-api.properstar.com/api/v2/files/11ab66e2-bf00-4b83-b179-915143d9e370/1; https://files-api.properstar.com/api/v2/files/6e050cc5-e406-4ac8-8280-4d4de4fae98e/1
119332978,"3 SPACIOUS BEDROOMS, WITH FULL BATHROOM IN EACH, ONE OF THE BEDROOMS ON THE GROUND FLOOR.",https://www.properstar.co.uk/listing/119332978,"GBP 214,499","CALLE PLAYA PALMILLA 123, La Paz, Mexico",24.097724,-110.329844,3,3,1840.62939,House,Juan Gilberto,2026-08-05T04:01:07.583,
106202222,HOUSE FOR SALE IN PRIVATE IN LA PAZ BAJA CALIFORNIA SUR,https://www.properstar.co.uk/listing/106202222,"GBP 142,999","Bahía Grande, sn, Baja California Sur, Mexico",24.092244,-110.333337,2,2,947.2245,House,iad Mexico,2025-04-25T03:37:32.823,https://files-api.properstar.com/api/v2/files/adccb248-7fc2-45f5-a0d9-c949af65b121/1; https://files-api.properstar.com/api/v2/files/2438d69d-d749-43fa-ba1f-5e7a7a9fe5d6/1; https://files-api.properstar.com/api/v2/files/05c45640-2399-41fa-9bd8-60e293908e5b/1; https://files-api.properstar.com/api/v2/files/134ae213-200d-41ac-92cb-60cf42c81d33/1; https://files-api.properstar.com/api/v2/files/7af4109c-512f-4011-b3f9-ecc85ae34563/1; https://files-api.properstar.com/api/v2/files/188d6811-fb7d-461f-97da-712c72ba5b27/1; https://files-api.properstar.com/api/v2/files/cb066f86-ab26-4231-aed1-87746dd34860/1; https://files-api.properstar.com/api/v2/files/c277a583-0f9a-4fbb-92e4-0e793a6f5105/1; https://files-api.properstar.com/api/v2/files/1e4820d8-ee79-4047-a996-13b4d4b430eb/1; https://files-api.properstar.com/api/v2/files/3db72a16-576f-4cb3-ace5-2c772da93d0d/1; https://files-api.properstar.com/api/v2/files/a37d9224-9113-47ac-bff3-505ad31503c7/1; https://files-api.properstar.com/api/v2/files/86dca393-49fd-4d0d-9d78-5efe44c3209e/1; https://files-api.properstar.com/api/v2/files/f569762e-c8e0-4907-9d12-767badce83a8/1
119393808,"House for sale in La Fuente, La Paz, Baja California Sur",https://www.properstar.co.uk/listing/119393808,"GBP 129,999","La Fuente, La Paz, Mexico",24.065911,-110.299604,4,4,1999.18176,House,Alianza Real estate,2026-08-07T07:31:30.963,https://files-api.properstar.com/api/v2/files/bad23271-86a9-4ca5-8938-38f74d6fa42a/1; https://files-api.properstar.com/api/v2/files/ffbfaca9-3b27-4f4e-9848-b17a3de95986/1; https://files-api.properstar.com/api/v2/files/b89b4eee-259f-4337-af97-b7a596edea63/1; https://files-api.properstar.com/api/v2/files/5c26a7f5-79a0-4d1a-9d3e-d808ec946106/1; https://files-api.properstar.com/api/v2/files/2420280f-13a9-45a6-89e5-3a979c39413f/1; https://files-api.properstar.com/api/v2/files/6faf2fd4-0c2d-455f-b173-1d773e92abd2/1; https://files-api.properstar.com/api/v2/files/43303e35-8d42-44ba-b2d2-c5adace4dc0f/1; https://files-api.properstar.com/api/v2/files/d2f70725-4a0c-45b8-ab4d-38112ccf0e76/1; https://files-api.properstar.com/api/v2/files/28b050e5-fb00-46cd-b89e-8830e9b5fa69/1; https://files-api.properstar.com/api/v2/files/b26099fc-511f-4c1e-85b2-f03497444790/1; https://files-api.properstar.com/api/v2/files/c383a69f-9c9d-4b22-8f3c-aab33517ee48/1; https://files-api.properstar.com/api/v2/files/6eb2c4bf-abd5-490c-92ad-860aa56ac886/1; https://files-api.properstar.com/api/v2/files/4cc22cfb-818f-429c-80e5-cc72291c3c92/1; https://files-api.properstar.com/api/v2/files/a54cf11c-ba9b-448d-9f46-a3add1df9de3/1; https://files-api.properstar.com/api/v2/files/e0c77dca-47ec-4151-a62e-aa5050178a9a/1; https://files-api.properstar.com/api/v2/files/dd95efcb-d4ab-4012-b2c9-fcbee45630ed/1; https://files-api.properstar.com/api/v2/files/e277dc67-7422-4df8-9ef0-17792d74221f/1; https://files-api.properstar.com/api/v2/files/b8cb885b-3697-42be-93d8-eb69a08eb23c/1
119393823,"House for sale in Indeco, La Paz, Baja California Sur",https://www.properstar.co.uk/listing/119393823,"GBP 272,999","PISTACHE, Indeco, La Paz, Mexico",24.120092,-110.321038,3,2,3971.88452,House,Alianza Real estate,2026-08-07T07:31:30.963,https://files-api.properstar.com/api/v2/files/b06d10ed-d32b-4762-927f-4f093de8b611/1; https://files-api.properstar.com/api/v2/files/e99274bb-61cf-4ddf-af5a-53eb662902a9/1; https://files-api.properstar.com/api/v2/files/0175fba0-bba6-451f-97f7-d0b5442a18c1/1; https://files-api.properstar.com/api/v2/files/d39e138c-ae7b-4bf3-9b15-327327725881/1; https://files-api.properstar.com/api/v2/files/583fb111-619f-4c61-9ae0-2388055e543c/1; https://files-api.properstar.com/api/v2/files/375b7c09-47fe-4e3e-a387-52150ded4d17/1; https://files-api.properstar.com/api/v2/files/00d7e896-15d3-4413-89e0-6d0f614e3b8d/1; https://files-api.properstar.com/api/v2/files/ffbd02ff-22c6-4ce3-a5b8-53ffef92e5ab/1; https://files-api.properstar.com/api/v2/files/58b7591c-7e0d-4286-a0ac-7894d1ed10f0/1; https://files-api.properstar.com/api/v2/files/6a97fdb4-0d4a-403b-be54-b643547a851f/1; https://files-api.properstar.com/api/v2/files/d97a7902-d487-44e8-8305-e545519092c9/1; https://files-api.properstar.com/api/v2/files/6b45d977-bd0e-434a-9e7f-6611589b54be/1; https://files-api.properstar.com/api/v2/files/dfdd8dc1-555d-4db6-b3fd-2fcef63078ac/1; https://files-api.properstar.com/api/v2/files/04d97819-79f7-4e80-b338-2fbbc9ed8520/1; https://files-api.properstar.com/api/v2/files/2da90bf0-a518-4dbf-bbfe-3b1802371a24/1; https://files-api.properstar.com/api/v2/files/9f094e19-1e6f-474a-9913-56b90210d330/1; https://files-api.properstar.com/api/v2/files/053ee93b-adfd-4e9c-b5b1-0db6a09818b5/1; https://files-api.properstar.com/api/v2/files/5b172d70-6a2b-4b9c-ba16-eff5d86a14bd/1; https://files-api.properstar.com/api/v2/files/cae476f2-11a4-4f41-b8bf-f3c963b05c04/1; https://files-api.properstar.com/api/v2/files/45411848-9605-49ec-bc5a-efe91f6b50ff/1; https://files-api.properstar.com/api/v2/files/724a67f8-513d-4bd2-be2a-e9628b188574/1; https://files-api.properstar.com/api/v2/files/ddf53643-8889-45a4-b6a6-422fbe07b41f/1; https://files-api.properstar.com/api/v2/files/2349308f-168f-49e2-bb98-962f587354d6/1
119394583,"Apartment for sale in Zona Central, La Paz, Baja California Sur",https://www.properstar.co.uk/listing/119394583,"GBP 282,641","Zona Central, La Paz, Mexico",24.155968,-110.315988,2,2,828.8214,Apartment,Grupo Estrategias y Desarrollos Inmobiliarios,2026-08-07T07:31:30.963,https://files-api.properstar.com/api/v2/files/2c9c0946-26a9-4bce-b092-36e0dabe4ef2/1; https://files-api.properstar.com/api/v2/files/98c7d615-6a7c-4210-b7de-6379076c4c65/1; https://files-api.properstar.com/api/v2/files/590f918e-ac3a-4fea-ab26-79b7cd5662bc/1; https://files-api.properstar.com/api/v2/files/d108c8bc-9873-4d99-bf1a-1ee24c69d587/1; https://files-api.properstar.com/api/v2/files/9762fb21-8edc-4c75-bdb3-c3f1078b5566/1; https://files-api.properstar.com/api/v2/files/70c86349-061c-4a8d-82f0-8fac24e6749d/1; https://files-api.properstar.com/api/v2/files/ef2cb493-14c0-4756-9f9b-278e6697af75/1; https://files-api.properstar.com/api/v2/files/1dd440b8-87a8-4d77-879c-97abadd97e3d/1; https://files-api.properstar.com/api/v2/files/9cf8ca91-a630-4548-a4b0-41352a74dcbe/1; https://files-api.properstar.com/api/v2/files/1e4c5cfb-8923-4351-951a-89df141fea1b/1; https://files-api.properstar.com/api/v2/files/2a30c967-3109-4896-b35f-9aa38f9d364a/1; https://files-api.properstar.com/api/v2/files/a84be99e-8360-4a2c-b2f4-7014b2669531/1; https://files-api.properstar.com/api/v2/files/3db9d0cb-e971-464e-97d6-b4a323cf6594/1; https://files-api.properstar.com/api/v2/files/194a4d20-4a10-4286-aee0-5f905c0c6bcd/1; https://files-api.properstar.com/api/v2/files/076d7137-091c-40f0-87a5-a87295e4ce18/1; https://files-api.properstar.com/api/v2/files/6fd8ec58-cd53-4d94-b4cb-339aa85942fc/1; https://files-api.properstar.com/api/v2/files/e192ca2d-ed90-46bf-82fb-26c904f86250/1; https://files-api.properstar.com/api/v2/files/5a14ad44-0dc9-4349-90bb-b2a8aaea7ac0/1; https://files-api.properstar.com/api/v2/files/0eb57c95-cc81-43b9-8fc0-73a4c5020b01/1
119394596,"Apartment for sale in Zona Central, La Paz, Baja California Sur",https://www.properstar.co.uk/listing/119394596,"GBP 275,742","Zona Central, La Paz, Mexico",24.155968,-110.315988,2,2,828.8214,Apartment,Grupo Estrategias y Desarrollos Inmobiliarios,2026-08-07T07:31:30.963,https://files-api.properstar.com/api/v2/files/887dcb1a-9fa8-4b93-b208-b5a90523b4b3/1; https://files-api.properstar.com/api/v2/files/dc489ec2-e9de-4da3-94ce-52721b18d906/1; https://files-api.properstar.com/api/v2/files/411ebcb1-da65-4303-a6d7-55756692f716/1; https://files-api.properstar.com/api/v2/files/5fe71b55-c3bd-4a1d-a54c-3d077632ec08/1; https://files-api.properstar.com/api/v2/files/06982947-c52e-4002-8edb-59853b9828cf/1; https://files-api.properstar.com/api/v2/files/e50e8c38-5b1c-47e0-a18d-89e79f6e9e3a/1; https://files-api.properstar.com/api/v2/files/d5496f0a-3f9c-4944-b220-fd2a58b31235/1; https://files-api.properstar.com/api/v2/files/e766575c-4a57-48ea-97db-311f11b558c1/1; https://files-api.properstar.com/api/v2/files/81e131e1-fffb-43ab-8180-4a238d8d0624/1; https://files-api.properstar.com/api/v2/files/a9890bff-8e18-4837-9bb4-8e93d70de76e/1; https://files-api.properstar.com/api/v2/files/d04cfada-99bc-4798-ac1b-a5a8700d378a/1; https://files-api.properstar.com/api/v2/files/c6e60dc6-5a83-47fb-b8ab-99a3fee93015/1; https://files-api.properstar.com/api/v2/files/8f80b34a-2082-4e84-b287-be46fd40b0b9/1; https://files-api.properstar.com/api/v2/files/b7b97f1a-8712-45b7-8d42-5748dc50530c/1; https://files-api.properstar.com/api/v2/files/ec3036a4-eefd-416a-bcd6-75124b625cb6/1; https://files-api.properstar.com/api/v2/files/716cdffb-3517-4306-ad19-39656d8ca444/1; https://files-api.properstar.com/api/v2/files/e0017b26-f70d-4135-9334-2409f7a83445/1; https://files-api.properstar.com/api/v2/files/81c2904b-6aa3-4361-8ece-e6279bfb8581/1; https://files-api.properstar.com/api/v2/files/e5c75eb5-a630-4e63-b8ad-4c8bc2870e27/1
114358705,HOUSE FOR SALE IN PRIVATE WITH CLUBHOUSE IN LA PAZ BAJA CALIFORNIA SUR,https://www.properstar.co.uk/listing/114358705,"GBP 168,003","SANTA JULIA, SN, Baja California Sur, Mexico",24.086045,-110.334405,3,2,1496.18408,House,iad Mexico,2026-02-27T03:38:44.667,https://files-api.properstar.com/api/v2/files/31bc5db9-b469-4ee8-ba7b-0c7c3bf71985/1; https://files-api.properstar.com/api/v2/files/4f83dace-7ad0-40fc-bf45-e3cdfbb5832b/1; https://files-api.properstar.com/api/v2/files/7d277965-2a91-4170-863e-c3d92b722ccd/1; https://files-api.properstar.com/api/v2/files/6ad34756-85df-4c13-bdd7-2afb470c78c1/1; https://files-api.properstar.com/api/v2/files/a77f932a-2494-4818-b5ef-794906630c61/1; https://files-api.properstar.com/api/v2/files/0dad5dba-5807-4fac-8e64-f1401e366236/1; https://files-api.properstar.com/api/v2/files/c9c4b86c-8f69-47aa-b568-cf1c466ad476/1; https://files-api.properstar.com/api/v2/files/0de86d39-74e1-4e88-925b-ad3f7a9c4bc7/1; https://files-api.properstar.com/api/v2/files/5a8e784a-e1e9-419b-ade8-15b3298838c5/1; https://files-api.properstar.com/api/v2/files/60dc3d88-c516-454f-8248-c88ae19f82d8/1; https://files-api.properstar.com/api/v2/files/84e46a08-f94c-496c-947d-bf9db86c5efd/1; https://files-api.properstar.com/api/v2/files/60b1c144-4286-42f0-a159-56981bfe78ba/1; https://files-api.properstar.com/api/v2/files/8db412a7-7ce5-44a4-8ab6-0b8e5d5ca17a/1; https://files-api.properstar.com/api/v2/files/f13a5cb7-bf7c-4171-a64b-bc6c81884c9f/1; https://files-api.properstar.com/api/v2/files/24b0326f-3d0c-4de7-b211-71ee4c5157c5/1; https://files-api.properstar.com/api/v2/files/619eec17-bcad-4719-8031-b988797db4c1/1; https://files-api.properstar.com/api/v2/files/7943bda9-7c7a-4b40-b79a-365490075451/1; https://files-api.properstar.com/api/v2/files/4ac15c5a-5708-4538-b981-9b306bd0c8e9/1; https://files-api.properstar.com/api/v2/files/bb4ff7e4-2e39-42fd-b71b-e5f78836e887/1; https://files-api.properstar.com/api/v2/files/37625641-958c-44ad-83b7-7b167a9142a3/1
119394571,"House for sale in San Rafael, La Paz, Baja California Sur",https://www.properstar.co.uk/listing/119394571,"GBP 35,478","Roble, San Rafael, La Paz, Mexico",24.088096,-110.339456,2,1,710.4184,House,REMATES BANCARIOS CONFIABLES,2026-08-07T07:31:30.963,https://files-api.properstar.com/api/v2/files/b164dc28-4ec1-4e52-a5ca-5eb6da187d6c/1; https://files-api.properstar.com/api/v2/files/68712b5a-aa85-489d-957a-60436c4ac1eb/1; https://files-api.properstar.com/api/v2/files/e52d1af6-3200-4988-a5ce-4fa19307f72d/1
119394584,"Apartment for sale in Zona Central, La Paz, Baja California Sur",https://www.properstar.co.uk/listing/119394584,"GBP 239,160","Zona Central, La Paz, Mexico",24.155968,-110.315988,2,2,828.8214,Apartment,Grupo Estrategias y Desarrollos Inmobiliarios,2026-08-07T07:31:30.963,https://files-api.properstar.com/api/v2/files/4656bcef-ff95-48fa-8ca7-128c1cbe033b/1; https://files-api.properstar.com/api/v2/files/6babb372-372d-4f48-bb07-d34f5b98a140/1; https://files-api.properstar.com/api/v2/files/b0c5d491-b75a-4f89-ad7a-f9c68f15af20/1; https://files-api.properstar.com/api/v2/files/401f72e1-cc5e-4bc3-888f-dcd303a39ad9/1; https://files-api.properstar.com/api/v2/files/b02fd3bc-c413-4857-b02c-21f4c9b1344e/1; https://files-api.properstar.com/api/v2/files/14d16ae9-839a-4ac1-975c-3b75671fd6bc/1; https://files-api.properstar.com/api/v2/files/c88c7ff0-60df-41f4-9a30-27a180b2a92e/1; https://files-api.properstar.com/api/v2/files/0d385666-40c3-4146-9004-ee1740ad081a/1; https://files-api.properstar.com/api/v2/files/b2f9f169-2160-49a2-85bd-4e0582eec849/1; https://files-api.properstar.com/api/v2/files/58e0777d-2aa3-4704-9e9b-c78c56bb6e8b/1; https://files-api.properstar.com/api/v2/files/7e5ae112-7b97-4a79-89f3-7ae77d515c61/1; https://files-api.properstar.com/api/v2/files/8070b44b-d258-42a4-99ad-49d0d7ba88d3/1; https://files-api.properstar.com/api/v2/files/2c8b2645-780a-4cb1-8240-bd92c0327a2d/1; https://files-api.properstar.com/api/v2/files/4e3625f1-74e8-4cbd-8579-01f31ffa9b35/1; https://files-api.properstar.com/api/v2/files/a0331a8a-03f8-490f-88ad-a4e7ae61569f/1; https://files-api.properstar.com/api/v2/files/523b4a71-a393-4ea0-8cd3-8f7dae4208a0/1; https://files-api.properstar.com/api/v2/files/894fedcc-7b4e-443d-aafe-253964fc19eb/1; https://files-api.properstar.com/api/v2/files/4cb9c629-84a2-40db-8334-31e9a819ceda/1; https://files-api.properstar.com/api/v2/files/88653beb-5e8d-4fef-8036-01e83c08818d/1
119394971,"House for sale in Angel Cesar Mendoza Aramburo, La Paz, Baja California Sur",https://www.properstar.co.uk/listing/119394971,"GBP 164,666","1 de mayo, 156, Ángel Cesar Mendoza Aramburo, La Paz, Mexico",24.115395,-110.314126,4,4,1808.33765,House,Baja Real Estate Services,2026-08-07T07:31:30.963,https://files-api.properstar.com/api/v2/files/28074ab0-bebb-4185-93e0-4fb47376e35d/1; https://files-api.properstar.com/api/v2/files/9b0f54b5-9190-48be-af61-8b842f26f4a5/1; https://files-api.properstar.com/api/v2/files/ac2bd7a1-1fff-4ab3-ba57-410beaa1181e/1; https://files-api.properstar.com/api/v2/files/c7fdbcdd-fd99-4d28-9b03-9d961313623e/1; https://files-api.properstar.com/api/v2/files/79774f94-9ba1-4394-9c8a-9d0c03ad9007/1; https://files-api.properstar.com/api/v2/files/d6309429-6e93-4c32-9788-7b0ee7c76727/1; https://files-api.properstar.com/api/v2/files/1e03037d-3e1c-4101-969e-d07be7922a67/1; https://files-api.properstar.com/api/v2/files/22ffdf86-bbce-4068-a1d4-51f48fd7a6be/1; https://files-api.properstar.com/api/v2/files/c3b6528f-ce17-43f2-927b-626b556d32d8/1; https://files-api.properstar.com/api/v2/files/c3943d75-a51f-4f43-8abc-e08a25e2daa3/1; https://files-api.properstar.com/api/v2/files/9539784f-6db4-4f2f-b022-22fdb99e6c3c/1; https://files-api.properstar.com/api/v2/files/f4a52be3-18b1-4d03-9a83-f5ccf723f6b9/1; https://files-api.properstar.com/api/v2/files/705f7782-1c05-47dc-ac72-675523d96d87/1; https://files-api.properstar.com/api/v2/files/0c7c5fbe-5901-4830-addb-915ee4f22194/1; https://files-api.properstar.com/api/v2/files/f9d119e2-7ee2-4891-a8af-165470c7542b/1; https://files-api.properstar.com/api/v2/files/79b8f1dd-5c4f-4ea4-b70a-8486a19ee754/1; https://files-api.properstar.com/api/v2/files/2fe1eef0-da91-41ad-ad9b-e1ab19c15588/1
106202226,HOUSE FOR SALE IN LA PAZ BAJA CALIFORNIA SUR,https://www.properstar.co.uk/listing/106202226,"GBP 135,633","Bahía Grande, sn, Baja California Sur, Mexico",24.092244,-110.333337,3,2,1237.85022,House,iad Mexico,2025-04-25T03:37:32.823,https://files-api.properstar.com/api/v2/files/dce3b864-a5a7-4e3e-b141-c5d05d7df57c/1; https://files-api.properstar.com/api/v2/files/788fe80f-e68e-4030-a5d3-4c7e6bd4c06f/1; https://files-api.properstar.com/api/v2/files/2128ec92-b973-403a-bfc0-f7e2dbca5f66/1; https://files-api.properstar.com/api/v2/files/fd524fa3-e1bf-40b7-a7ba-add83b8d5cec/1; https://files-api.properstar.com/api/v2/files/6bf556d3-187b-4cb4-b046-b6c99348cb8c/1; https://files-api.properstar.com/api/v2/files/6886d24a-809a-4ecf-b941-ce20d17d5fd4/1; https://files-api.properstar.com/api/v2/files/ebeaab94-a236-411c-a12b-2dfa0757add3/1; https://files-api.properstar.com/api/v2/files/a47ac5e0-415f-48bf-9652-4fbce89e6573/1; https://files-api.properstar.com/api/v2/files/6ab26b07-dec2-4127-a6d4-8be2e0cc4253/1; https://files-api.properstar.com/api/v2/files/97b61783-f8ba-44b9-a921-3124d5b3eb21/1; https://files-api.properstar.com/api/v2/files/df11580c-9b05-47bb-a873-85b97d3e7f65/1; https://files-api.properstar.com/api/v2/files/5b6ad428-feb8-4f83-a3e3-2e3513c7016c/1; https://files-api.properstar.com/api/v2/files/2abcc94a-24be-4a78-8ba4-4d905d355607/1; https://files-api.properstar.com/api/v2/files/95a3a292-dd5d-4cd4-9ce9-a2ad04f83330/1; https://files-api.properstar.com/api/v2/files/3a63d6ba-495d-443b-8e47-6137f6d4f68a/1; https://files-api.properstar.com/api/v2/files/c205bff7-33aa-4eb1-9b7d-a986f0d523f4/1
119394598,"Apartment for sale in Zona Central, La Paz, Baja California Sur",https://www.properstar.co.uk/listing/119394598,"GBP 280,799","Zona Central, La Paz, Mexico",24.155968,-110.315988,2,2,828.8214,Apartment,Grupo Estrategias y Desarrollos Inmobiliarios,2026-08-07T07:31:30.963,https://files-api.properstar.com/api/v2/files/11b0d7c1-963d-4447-aa87-603c5db8ee7d/1; https://files-api.properstar.com/api/v2/files/dbfa4edf-2124-46ef-a49f-95adc7e06632/1; https://files-api.properstar.com/api/v2/files/6cc40590-4258-4641-8129-716439bdb784/1; https://files-api.properstar.com/api/v2/files/b871fc57-373a-494e-8442-09eb4e6ba842/1; https://files-api.properstar.com/api/v2/files/a25f7379-86f3-41d5-a781-f304825e6338/1; https://files-api.properstar.com/api/v2/files/6b20a104-5c34-4198-a3ef-0d768d674daf/1; https://files-api.properstar.com/api/v2/files/3a43a6c8-3372-448f-9bc7-f2ad29c09fe8/1; https://files-api.properstar.com/api/v2/files/62149690-1a09-4258-918b-10cfe8acacc2/1; https://files-api.properstar.com/api/v2/files/f21e8832-3e89-460a-8b67-a0f3514d2baa/1; https://files-api.properstar.com/api/v2/files/5a58c71d-8619-4233-ad74-24393b863e85/1; https://files-api.properstar.com/api/v2/files/f775e132-2bb3-4a21-907b-b106d16c812d/1; https://files-api.properstar.com/api/v2/files/df20ca07-eabb-4851-a78f-bb85407bfff8/1; https://files-api.properstar.com/api/v2/files/4bb3f0f2-e736-49e3-8f40-6905ad16eec5/1; https://files-api.properstar.com/api/v2/files/25908c07-d11d-410d-8a38-2a0e0684623a/1; https://files-api.properstar.com/api/v2/files/e28daec3-7695-42e9-b598-d13ca0deb238/1; https://files-api.properstar.com/api/v2/files/af1bfce2-191e-45ad-a40c-353cd9012455/1; https://files-api.properstar.com/api/v2/files/dfc303db-6292-473e-a92c-07f0eac799b6/1; https://files-api.properstar.com/api/v2/files/461d057d-bb2c-4eb7-af79-405fea6144b3/1; https://files-api.properstar.com/api/v2/files/c531980c-5474-4f2a-801f-5a0ac2f1c8f8/1
119394608,"Apartment for sale in Zona Central, La Paz, Baja California Sur",https://www.properstar.co.uk/listing/119394608,"GBP 287,699","Zona Central, La Paz, Mexico",24.155968,-110.315988,2,2,828.8214,Apartment,Grupo Estrategias y Desarrollos Inmobiliarios,2026-08-07T07:31:30.963,https://files-api.properstar.com/api/v2/files/75e5dc48-af58-43f2-86b8-b56dce1b8b02/1; https://files-api.properstar.com/api/v2/files/be814e95-4c66-46ca-9565-70461a7ec694/1; https://files-api.properstar.com/api/v2/files/8d75110a-a349-4bdb-844d-cb652ede62e1/1; https://files-api.properstar.com/api/v2/files/7202562c-3e6b-42c9-b54f-341aaa7a28b7/1; https://files-api.properstar.com/api/v2/files/c2151dcf-b687-4850-a7ea-3d417661dce0/1; https://files-api.properstar.com/api/v2/files/3287f567-6b8b-415d-a0b1-40386414f60a/1; https://files-api.properstar.com/api/v2/files/42d8e7cc-7081-4bd5-8564-ee8a2d1a6b72/1; https://files-api.properstar.com/api/v2/files/8659676c-f341-44c7-9a46-83ed4abcec10/1; https://files-api.properstar.com/api/v2/files/d9e56a28-7f4a-49ff-b955-3dd213910d55/1; https://files-api.properstar.com/api/v2/files/e198fa1d-a8ae-4d65-92f1-3de5ac91dbe1/1; https://files-api.properstar.com/api/v2/files/d2583188-7bab-48bc-b9a6-b183f8a59c1f/1; https://files-api.properstar.com/api/v2/files/be23b106-ae2d-43e7-ac5f-d061458c965e/1; https://files-api.properstar.com/api/v2/files/9e7ef6b8-260d-491d-aa91-da86f4b36c9e/1; https://files-api.properstar.com/api/v2/files/c39024ea-3f3a-4f77-8c9e-9edd2c6ff3b6/1; https://files-api.properstar.com/api/v2/files/74716e90-8a3f-4db5-b01c-8dd12f40924d/1; https://files-api.properstar.com/api/v2/files/44cf4984-4b03-4f58-bd25-64b46f89978b/1; https://files-api.properstar.com/api/v2/files/ff3b3689-84e2-41c1-b17d-fc44170d04e9/1; https://files-api.properstar.com/api/v2/files/f8abb7cd-5ae1-4176-9567-f8f530d5ad38/1; https://files-api.properstar.com/api/v2/files/9209ba7e-2d70-495d-a824-ecffa4c200bf/1
119393813,"House for sale in Guerrero, La Paz, Baja California Sur",https://www.properstar.co.uk/listing/119393813,"GBP 199,332","MELITON ALBAÑES, Guerrero, La Paz, Mexico",24.154227,-110.301739,3,2,1851.39331,House,Alianza Real estate,2026-08-07T07:31:30.963,https://files-api.properstar.com/api/v2/files/fa80dacc-0f3f-44db-abf4-58f6d26a7c83/1; https://files-api.properstar.com/api/v2/files/3fc01ea3-6740-46ce-af6f-dc121591a676/1; https://files-api.properstar.com/api/v2/files/b6997f9b-d6a0-460d-879d-78ea24645202/1; https://files-api.properstar.com/api/v2/files/9c638044-2f07-4a9b-9adc-dd2f427aa2d3/1; https://files-api.properstar.com/api/v2/files/2b488358-3295-4520-9522-537509d94e4c/1; https://files-api.properstar.com/api/v2/files/7aafd8f2-0871-4023-a7f0-0c96acdfdfcd/1
119394573,"Apartment for sale in Perla, La Paz, Baja California Sur",https://www.properstar.co.uk/listing/119394573,"GBP 335,541","Perla, La Paz, Mexico",24.142641,-110.312753,3,3,1065.62756,Apartment,Grupo Estrategias y Desarrollos Inmobiliarios,2026-08-07T07:31:30.963,https://files-api.properstar.com/api/v2/files/b1f5ee10-9ea0-4234-b472-4cbe443a11e4/1; https://files-api.properstar.com/api/v2/files/761f730e-b6f7-405d-9feb-b671eafbdfea/1; https://files-api.properstar.com/api/v2/files/223ddb79-3891-4fae-b62d-af0b9d39118c/1; https://files-api.properstar.com/api/v2/files/1b4ff7d0-6ce2-4fb7-880b-9aec6b64386c/1; https://files-api.properstar.com/api/v2/files/1fa9474c-e52b-4a34-bb26-3b54ffc8ad3e/1; https://files-api.properstar.com/api/v2/files/749693f7-dfe5-43d7-ac09-ce73f5ad99cf/1; https://files-api.properstar.com/api/v2/files/7de8a7aa-1c48-4d40-a7cd-b2a50bd1dbf0/1; https://files-api.properstar.com/api/v2/files/a7ebdb73-16ca-49f4-aa70-e60623db59a5/1; https://files-api.properstar.com/api/v2/files/16c8f421-893f-420a-b2c4-6e8e654a80bc/1; https://files-api.properstar.com/api/v2/files/a00a54d4-3a97-48f2-bc54-e02c71014125/1; https://files-api.properstar.com/api/v2/files/c4c3fd50-aebe-4141-a8b1-efc40bbe668b/1; https://files-api.properstar.com/api/v2/files/d0c26d75-3aa9-46bb-bb8c-8ab8659b3e6c/1; https://files-api.properstar.com/api/v2/files/91521b6e-e12e-4c50-a905-bd76bad800dd/1; https://files-api.properstar.com/api/v2/files/9a800090-f342-47ff-8067-43d2f7f0c588/1; https://files-api.properstar.com/api/v2/files/0e0a38ec-c17a-499d-9849-474141983015/1; https://files-api.properstar.com/api/v2/files/357fae0f-3229-4fa2-a3f0-b8645892fa73/1; https://files-api.properstar.com/api/v2/files/2c6c6649-2282-48ff-bb93-ee96fa695b96/1; https://files-api.properstar.com/api/v2/files/9504e7a4-06ac-411c-bac6-e996bbae09d9/1; https://files-api.properstar.com/api/v2/files/290423fa-e6ae-4044-96ed-db19aab7c42d/1
119394575,"Apartment for sale in Perla, La Paz, Baja California Sur",https://www.properstar.co.uk/listing/119394575,"GBP 378,769","Perla, La Paz, Mexico",24.142641,-110.312753,3,3,1065.62756,Apartment,Grupo Estrategias y Desarrollos Inmobiliarios,2026-08-07T07:31:30.963,https://files-api.properstar.com/api/v2/files/8a4f310e-ea02-4c08-8980-b6aa9a2b496f/1; https://files-api.properstar.com/api/v2/files/72cc6391-0b4f-46b7-bb73-d40804a512de/1; https://files-api.properstar.com/api/v2/files/d4d72727-e29a-4b17-9057-c7a76357ca01/1; https://files-api.properstar.com/api/v2/files/f42f506d-3daa-4172-8831-6fe202d019a6/1; https://files-api.properstar.com/api/v2/files/644abffa-79a8-45a5-8864-90ca0cf62c3c/1; https://files-api.properstar.com/api/v2/files/ef169fec-c832-45e6-9a8a-916c87244ddd/1; https://files-api.properstar.com/api/v2/files/f020a0c9-ae57-4654-a365-d9c141c9e6ff/1; https://files-api.properstar.com/api/v2/files/417b171b-e2e2-410a-aed0-ebcd549d39e5/1; https://files-api.properstar.com/api/v2/files/12c89be8-5bbe-4ace-bcd7-7fc146ad935d/1; https://files-api.properstar.com/api/v2/files/a793a95e-ea78-4265-8e5b-93a94ff7535d/1; https://files-api.properstar.com/api/v2/files/03d2b6be-abd7-4654-a675-a8cb424f58de/1; https://files-api.properstar.com/api/v2/files/78a8d416-7506-44b7-8917-b4bad1f2cd58/1; https://files-api.properstar.com/api/v2/files/b87e5c04-3d19-4844-b2c2-7c54961a7df2/1; https://files-api.properstar.com/api/v2/files/c7049286-5e71-497c-8deb-3a3ecdd1a39f/1; https://files-api.properstar.com/api/v2/files/4f05a9e5-c37d-4c83-ba67-1c00b0c62bf8/1; https://files-api.properstar.com/api/v2/files/6887f5e0-a4dd-4952-9085-71174ac8a5dd/1; https://files-api.properstar.com/api/v2/files/7887143c-1243-4442-8baf-39dbe79d99de/1; https://files-api.properstar.com/api/v2/files/377d7735-beb8-4fb8-9941-abd39e639289/1; https://files-api.properstar.com/api/v2/files/dd1857ce-5342-4bf4-99d8-f4e098e1476f/1
119394588,"Apartment for sale in Puerta de Hierro, La Paz, Baja California Sur",https://www.properstar.co.uk/listing/119394588,"GBP 335,541","Puerta de Hierro, La Paz, Mexico",24.155968,-110.315988,3,3,1065.62756,Apartment,Grupo Estrategias y Desarrollos Inmobiliarios,2026-08-07T07:31:30.963,https://files-api.properstar.com/api/v2/files/64f73bd1-d0ea-44db-a10e-92bf4700c1ff/1; https://files-api.properstar.com/api/v2/files/c616c838-a2d9-4e39-9900-3ab29d848819/1; https://files-api.properstar.com/api/v2/files/edce4d25-656c-4722-81e8-1928903e874c/1; https://files-api.properstar.com/api/v2/files/33374dab-0993-4d6b-a9a0-a87714dc3a95/1; https://files-api.properstar.com/api/v2/files/1f7660c6-b7b4-4dc5-8279-136c8388e5e7/1; https://files-api.properstar.com/api/v2/files/e68ac852-b203-46ba-a63e-58ac6213874b/1; https://files-api.properstar.com/api/v2/files/7e4db3b6-49d6-46ca-b1dc-2bd0e6c048d2/1; https://files-api.properstar.com/api/v2/files/a7cc3748-235b-4288-8a7a-917c26c4e2c4/1; https://files-api.properstar.com/api/v2/files/4bf389d8-4364-4fc2-b6af-a6884117ea46/1; https://files-api.properstar.com/api/v2/files/b4282df0-5a34-4dd7-9a4f-8266f276d842/1; https://files-api.properstar.com/api/v2/files/98e11ebb-a5cd-4f42-95d4-ffb8e0539662/1; https://files-api.properstar.com/api/v2/files/ebd9e21d-f722-4a30-ae14-a34dcea8b6a8/1; https://files-api.properstar.com/api/v2/files/98f73240-6a45-48c9-9efc-8569bd3d0009/1; https://files-api.properstar.com/api/v2/files/9db9ba82-b692-445d-8b67-8612d76b5006/1; https://files-api.properstar.com/api/v2/files/513be0e1-8074-494e-be0a-77370b1daddf/1; https://files-api.properstar.com/api/v2/files/b2d72020-df1c-4fad-bc50-aeff3cdc9b90/1; https://files-api.properstar.com/api/v2/files/8a75e957-720d-43f8-871e-0426631240d7/1; https://files-api.properstar.com/api/v2/files/11509692-8896-4595-86c5-740a1424b195/1; https://files-api.properstar.com/api/v2/files/f91a1116-f851-44f4-aef1-8ae5320d2e00/1; https://files-api.properstar.com/api/v2/files/30ce0a8d-c8d4-49a9-af77-8ac44a0d0fba/1; https://files-api.properstar.com/api/v2/files/f5ad7dd8-4fc0-4931-b8e2-3d2dec6f4f79/1
119393803,"Apartment for sale in Pedregal del Cortes, La Paz, Baja California Sur",https://www.properstar.co.uk/listing/119393803,"GBP 30,333","manuel ibarra galvan, Pedregal del Cortes, La Paz, Mexico",24.172664,-110.288731,2,1,645.8349,Apartment,Alianza Real estate,2026-08-07T07:31:30.963,https://files-api.properstar.com/api/v2/files/44cffadc-ce77-487a-9db5-252f1fa5ac66/1; https://files-api.properstar.com/api/v2/files/b27dd026-3986-4a3f-aa34-b0558339a63f/1; https://files-api.properstar.com/api/v2/files/61b15b66-6988-40d9-8e17-eec9faefbc06/1; https://files-api.properstar.com/api/v2/files/28f45e2b-750d-4ed4-8f6f-cdfcdb8814fd/1; https://files-api.properstar.com/api/v2/files/1c7fd771-3b40-4bd0-9a25-187df0765600/1; https://files-api.properstar.com/api/v2/files/bff1c265-6919-455b-8f37-7d34cf6f34bb/1; https://files-api.properstar.com/api/v2/files/f3be64b6-e442-46d0-b784-d2b82c9ff4d9/1; https://files-api.properstar.com/api/v2/files/e5b7faad-d663-48fb-abd5-68fbfacf5b10/1; https://files-api.properstar.com/api/v2/files/957bb5cb-3f15-47f7-87e0-22b409a27c1f/1; https://files-api.properstar.com/api/v2/files/172431e4-fe1a-46e3-a13b-306bd6725cbe/1
117119694,Casa Marea 107 Medellin,https://www.properstar.co.uk/listing/117119694,"GBP 184,166","Medellin, Casa Marea 107, La Paz, Mexico",24.112148,-110.314498,3,2,1377.78113,House,RONIVAL Real Estate,2026-05-30T03:35:21.21,https://files-api.properstar.com/api/v2/files/d4c5474b-230c-4b95-9f3f-770b073fe53c/1; https://files-api.properstar.com/api/v2/files/6e7a9ebe-12cc-4678-89d8-7c9de8ce4234/1; https://files-api.properstar.com/api/v2/files/520d5f9a-a962-434e-afc3-d25eee414e06/1; https://files-api.properstar.com/api/v2/files/290573b7-d8c6-4fc3-9011-ffcaf0589dc5/1; https://files-api.properstar.com/api/v2/files/9705be46-c511-4e17-b55e-3556026c8a13/1; https://files-api.properstar.com/api/v2/files/85ed3720-af49-4bfd-be71-dc7cda2bf57d/1; https://files-api.properstar.com/api/v2/files/c1cfe4ef-cef1-4f77-bb6d-a6b95cfdefaa/1; https://files-api.properstar.com/api/v2/files/9eac882e-fc4e-4749-98ee-976aed44a5ca/1; https://files-api.properstar.com/api/v2/files/cfcf2c9e-6427-426b-9c15-2a6c82f61ecd/1; https://files-api.properstar.com/api/v2/files/1e033578-904e-4833-ac32-0f75910a5821/1; https://files-api.properstar.com/api/v2/files/0464c726-1b09-4d0a-85f0-727584085d8c/1; https://files-api.properstar.com/api/v2/files/22f11e31-befc-4765-9609-feccfb4e6960/1; https://files-api.properstar.com/api/v2/files/4590066f-a150-4fd9-a8bc-bee22acaf525/1; https://files-api.properstar.com/api/v2/files/a509b09b-0ff7-4f82-bfe3-81b0a971c9e7/1; https://files-api.properstar.com/api/v2/files/da606c75-7f67-4bc2-83b8-112b8a9be691/1; https://files-api.properstar.com/api/v2/files/b1a04811-c6a1-493d-8a16-471d75afe144/1; https://files-api.properstar.com/api/v2/files/7c253318-64a6-49dc-9d94-2d081fdc8850/1; https://files-api.properstar.com/api/v2/files/eca334f7-ac09-4385-a742-681319135fd7/1; https://files-api.properstar.com/api/v2/files/b6152d57-58ae-48c7-8ea7-597fcad17c39/1; https://files-api.properstar.com/api/v2/files/2796225e-e2c5-4d04-b88a-1841e0663cfe/1; https://files-api.properstar.com/api/v2/files/5bce5c8a-656c-43cb-af5a-2b480ece6a66/1; https://files-api.properstar.com/api/v2/files/7e424261-a38f-497a-8c40-04ab70ff99a2/1; https://files-api.properstar.com/api/v2/files/931c95ee-22eb-4260-8392-0f2e42783785/1; https://files-api.properstar.com/api/v2/files/976c9727-4c7b-44ae-8033-28b60f9205da/1; https://files-api.properstar.com/api/v2/files/56d163b6-0e57-4d31-a288-f98dae68f59d/1; https://files-api.properstar.com/api/v2/files/cb4aa65b-86d5-4926-8928-57e2338fc7fa/1; https://files-api.properstar.com/api/v2/files/57d0c73a-0ea9-43f5-a1ed-e1e39038833b/1; https://files-api.properstar.com/api/v2/files/c355ec2d-4167-4dbf-ad8a-5343af6de817/1; https://files-api.properstar.com/api/v2/files/3c04761f-4ca5-4ec7-9498-3456617b5c97/1; https://files-api.properstar.com/api/v2/files/3578b74c-b24c-4d00-b23f-306756c7b107/1; https://files-api.properstar.com/api/v2/files/0b2d6446-dd46-488d-b9b2-533863ed5600/1; https://files-api.properstar.com/api/v2/files/5ce0eb66-d5b7-41e7-8722-7861bc107ba8/1; https://files-api.properstar.com/api/v2/files/81e504dc-d18b-45f7-8f71-69ab48c4c18b/1; https://files-api.properstar.com/api/v2/files/48073d08-d308-4f26-8807-4b1f989f1130/1; https://files-api.properstar.com/api/v2/files/e014951c-e212-4052-a3c8-9c0fa773df6e/1; https://files-api.properstar.com/api/v2/files/59da3c1c-fb49-49a8-b8a0-a36d7c437487/1
119250099,"House for sale in Quinta Esmeralda, La Paz, Baja California Sur",https://www.properstar.co.uk/listing/119250099,"GBP 337,998","Calle delfines, Quinta Esmeralda, La Paz, Mexico",24.144586,-110.326413,3,4,2777.09,House,Alianza Real estate,2026-08-01T07:02:27.18,https://files-api.properstar.com/api/v2/files/c1d473b8-d8eb-49ea-9037-361ab319ced2/1; https://files-api.properstar.com/api/v2/files/a9b627fd-aee5-430f-911a-7868b370c3ad/1; https://files-api.properstar.com/api/v2/files/69eb0a64-39fa-442a-b737-f43dceea1c40/1; https://files-api.properstar.com/api/v2/files/daee2415-72c9-42ef-84f9-2892aea7b32e/1; https://files-api.properstar.com/api/v2/files/3a523941-b338-474c-8d79-2a39e509cefb/1; https://files-api.properstar.com/api/v2/files/f36039ab-fd2d-4030-bd23-f2fb300d45a6/1; https://files-api.properstar.com/api/v2/files/9613d19e-a1bf-4977-a54f-580457c3e6e8/1; https://files-api.properstar.com/api/v2/files/796275b5-4e4e-4791-8784-9707c5161ac4/1; https://files-api.properstar.com/api/v2/files/86ecae66-84d8-4fc8-91d9-b964d2ebf27f/1; https://files-api.properstar.com/api/v2/files/82f80835-df9a-4635-8688-af8958bf3be9/1; https://files-api.properstar.com/api/v2/files/8c16dfd2-59fd-45f7-91e1-c8897cf44fe7/1; https://files-api.properstar.com/api/v2/files/c0ea93bf-b5dd-41c4-9ed9-8c425298a7a7/1
118601117,"House in Col. Indeco, La Paz B.C.S.",https://www.properstar.co.uk/listing/118601117,"GBP 183,083","Calle Garambullo 106, La Paz, Mexico",24.125378,-110.32529,3,2,1108.68323,House,Leal Servicios Inmobiliarios,2026-07-10T03:26:28.807,https://files-api.properstar.com/api/v2/files/a25c81ee-b4c2-4d6e-baf2-c117ccf39235/1; https://files-api.properstar.com/api/v2/files/a8abcebb-7089-410e-8587-5733efbf08e1/1; https://files-api.properstar.com/api/v2/files/183ef1a7-4781-4614-8228-d56d0cdbd725/1; https://files-api.properstar.com/api/v2/files/2fa4f79d-3add-41f9-8193-0a81a6072a5e/1; https://files-api.properstar.com/api/v2/files/81acc24b-077b-4674-8405-c923fcc67893/1; https://files-api.properstar.com/api/v2/files/d400d96b-1622-4aa7-870d-eceb21299c96/1; https://files-api.properstar.com/api/v2/files/9fd652ca-d1fd-4eef-aaa0-f132719ec2a0/1; https://files-api.properstar.com/api/v2/files/59b90dc0-5cf4-4ecf-99b6-bb896a9e7ef8/1; https://files-api.properstar.com/api/v2/files/191f4813-a473-40fe-8389-00b1201380ed/1; https://files-api.properstar.com/api/v2/files/27782af1-639a-4008-9166-2e8f5998fafa/1; https://files-api.properstar.com/api/v2/files/61fc88f7-631b-4530-878a-03b0c8ea4052/1; https://files-api.properstar.com/api/v2/files/70653a50-6ad6-46c5-a8de-c3ff4372511f/1; https://files-api.properstar.com/api/v2/files/92bf7434-9f82-457e-8515-1d035f947bb8/1; https://files-api.properstar.com/api/v2/files/75c6e1f9-55fa-4d4e-916c-21e471a6ca18/1; https://files-api.properstar.com/api/v2/files/e04c5643-fc72-4a15-a191-cdf605071610/1; https://files-api.properstar.com/api/v2/files/73330cad-08b5-4309-bd45-64f558883471/1; https://files-api.properstar.com/api/v2/files/7a999732-186a-4a0e-926a-2f30bd46da67/1; https://files-api.properstar.com/api/v2/files/90ee4200-44ec-45d6-bbf9-f21ad15b8e80/1; https://files-api.properstar.com/api/v2/files/0add377e-c90d-4057-998f-6ba6ba4c7061/1; https://files-api.properstar.com/api/v2/files/a1a76ad2-5122-4d5e-a26b-54902b95f200/1; https://files-api.properstar.com/api/v2/files/0d570dd5-9bbc-472d-80c1-837696249153/1; https://files-api.properstar.com/api/v2/files/46ec120e-bbad-4980-8b44-0c696d5d0dc6/1; https://files-api.properstar.com/api/v2/files/b187ed5e-bc81-4b73-8872-e0da94c66376/1; https://files-api.properstar.com/api/v2/files/8dabeea4-7c64-4063-af2f-af3fd95f5db7/1; https://files-api.properstar.com/api/v2/files/de6f48bc-0f5c-43fb-9dc2-dc71a6f270df/1; https://files-api.properstar.com/api/v2/files/8c99e66f-8c96-4f5c-b203-a4f58357ac73/1; https://files-api.properstar.com/api/v2/files/30acbf41-ecb0-42c4-8b8b-e5e8238c69d3/1; https://files-api.properstar.com/api/v2/files/df9812aa-1205-4afc-a1e6-40029a5d6485/1; https://files-api.properstar.com/api/v2/files/2f38af93-ffcf-4f11-9090-29ff496646dc/1; https://files-api.properstar.com/api/v2/files/8f1378f8-3568-4521-91b2-fd51e431aba0/1; https://files-api.properstar.com/api/v2/files/7b3fa30d-aebf-4180-9ee2-37b3c226d8c9/1; https://files-api.properstar.com/api/v2/files/87f4c462-ae4a-4f0d-877f-93401e02dad3/1; https://files-api.properstar.com/api/v2/files/2ef190bd-b69c-46ae-ac13-7c20163bed0e/1; https://files-api.properstar.com/api/v2/files/492db848-3b74-48e3-93e6-62069d470dc3/1; https://files-api.properstar.com/api/v2/files/4b56996e-d0d7-4142-bef1-f1aa00e30c65/1
119220466,"House for sale with pool in Diana Laura, La Paz, B.C.S.",https://www.properstar.co.uk/listing/119220466,"GBP 242,666","Educacion Democratica, sn, Baja California Sur, Mexico",24.083727,-110.311673,3,3,2583.3396,House,iad Mexico,2026-07-31T03:51:37.25,https://files-api.properstar.com/api/v2/files/24c1895d-9d8c-4852-a0a0-329a15062851/1; https://files-api.properstar.com/api/v2/files/d806a49f-b06f-4804-9ca5-48f96e789f49/1; https://files-api.properstar.com/api/v2/files/a0afda64-6c58-4b42-b375-9e150ca882d9/1; https://files-api.properstar.com/api/v2/files/3b983b95-a38f-4980-a829-5bb6026f861f/1; https://files-api.properstar.com/api/v2/files/a17911d9-b510-4233-ac48-1c12143a103d/1; https://files-api.properstar.com/api/v2/files/8f5513b8-86f9-4ebd-bb75-98ab80c8f1a9/1; https://files-api.properstar.com/api/v2/files/0624aeaa-64f6-4935-a8f8-e4a29f32d3d2/1; https://files-api.properstar.com/api/v2/files/841d7a84-ec33-4205-8b28-92cbdec8d4c6/1; https://files-api.properstar.com/api/v2/files/d0df6644-0b97-48cf-9f32-2b657156b6a1/1; https://files-api.properstar.com/api/v2/files/3f2d0a9b-e059-4015-9dcb-2847ed1f2103/1; https://files-api.properstar.com/api/v2/files/97b013d2-d690-44f3-8122-ea410c93d1f5/1; https://files-api.properstar.com/api/v2/files/8194f3bd-8291-4ef4-9b79-93ff4fab7d4a/1; https://files-api.properstar.com/api/v2/files/3f67f9b2-61e0-4937-a7eb-6d4cec3b4bfd/1; https://files-api.properstar.com/api/v2/files/7c18d2e5-c52d-4f89-8c08-8a88430cb6d6/1; https://files-api.properstar.com/api/v2/files/716aa389-cbe2-4f4b-8c17-de3b028e6987/1; https://files-api.properstar.com/api/v2/files/ef9d91d4-9327-47e0-8cbe-33fc05107f22/1; https://files-api.properstar.com/api/v2/files/477d9e83-a035-415a-a223-a43b77f62fc0/1; https://files-api.properstar.com/api/v2/files/4d218a53-9442-4404-b4b4-fce105c7c658/1; https://files-api.properstar.com/api/v2/files/777339b1-658d-425f-859f-f263ecb4d544/1; https://files-api.properstar.com/api/v2/files/e10b9ef5-836f-46d2-b616-a06eda2de042/1; https://files-api.properstar.com/api/v2/files/005990d2-7780-4fbc-a635-ac1d0723dc7f/1
119050831,"House for sale in Las Garzas, La Paz, Baja California Sur",https://www.properstar.co.uk/listing/119050831,"GBP 76,693","PRIV. LAS GARZAS, Las Garzas, La Paz, Mexico",24.134871,-110.314498,3,2,2131.25513,House,INMUEBLES HAHN,2026-07-27T06:58:40.873,https://files-api.properstar.com/api/v2/files/5e85635c-28ea-4c28-b3bc-901875def388/1; https://files-api.properstar.com/api/v2/files/660636aa-e5d1-42d9-a581-1a730f3fe865/1; https://files-api.properstar.com/api/v2/files/f048d83e-2664-4942-a698-de3010fe0345/1; https://files-api.properstar.com/api/v2/files/be09165e-a4b0-4104-9d52-79220e4bd1ec/1
119051177,"House for sale in Centro, La Paz, Baja California Sur",https://www.properstar.co.uk/listing/119051177,"GBP 78,000","independencia, 1209, Centro, La Paz, Mexico",24.15768,-110.307758,3,2,2249.6582,House,INMUEBLES HAHN,2026-07-27T06:58:40.873,https://files-api.properstar.com/api/v2/files/56ea4e06-562b-4b71-85d3-3d655036796d/1; https://files-api.properstar.com/api/v2/files/00a5f764-298a-4f41-bb0a-19f6eae03bab/1; https://files-api.properstar.com/api/v2/files/89c74a35-0b62-4d59-ab39-e1be807ec931/1; https://files-api.properstar.com/api/v2/files/1dd78861-25ee-4375-b198-4cc9201d2d09/1; https://files-api.properstar.com/api/v2/files/7f3606cf-f00e-4a2b-af6f-ba73b8ffb6a4/1; https://files-api.properstar.com/api/v2/files/8e23aba1-046e-4581-ac7a-7f6d51ce67da/1; https://files-api.properstar.com/api/v2/files/e354cc35-20c9-481f-9b98-95c19f8f9c2d/1; https://files-api.properstar.com/api/v2/files/0f088f32-d88b-4ffc-94f5-075acfedde18/1; https://files-api.properstar.com/api/v2/files/c1f0d1df-03bc-4245-90cb-0bf51ab03653/1; https://files-api.properstar.com/api/v2/files/02ade70c-89e4-4d62-b0df-e50f2da7223d/1; https://files-api.properstar.com/api/v2/files/fe737930-194f-4df6-a3da-150451ea9230/1; https://files-api.properstar.com/api/v2/files/93a1611b-1cfb-46a9-9c94-10dcc3e4ed47/1; https://files-api.properstar.com/api/v2/files/750fe01c-f294-4daf-80ee-d25900d2caa4/1; https://files-api.properstar.com/api/v2/files/b498c6ac-5f78-4994-b961-5c32aee41fb6/1; https://files-api.properstar.com/api/v2/files/2a9f8a5a-6f31-4665-9cb2-4f1bd79e54e4/1; https://files-api.properstar.com/api/v2/files/8f0419cf-6f45-4ff0-8a49-e072e41b49c9/1
119250094,"House for sale in Ayuntamiento, La Paz, Baja California Sur",https://www.properstar.co.uk/listing/119250094,"GBP 98,800","Ayuntamiento, La Paz, Mexico",24.142641,-110.312753,4,2,1480.03833,House,Alianza Real estate,2026-08-01T07:02:27.18,https://files-api.properstar.com/api/v2/files/767b99c6-a1dc-43a0-a43f-090df29b507a/1; https://files-api.properstar.com/api/v2/files/ffd44a44-85c5-4609-af9b-19e26b551c37/1; https://files-api.properstar.com/api/v2/files/68ad054d-0ab4-4df4-bd78-de044d16ac33/1; https://files-api.properstar.com/api/v2/files/54fa7be1-27ee-4652-877c-21a7f3835cb1/1; https://files-api.properstar.com/api/v2/files/3a39e736-318b-4932-afd9-9b987be794db/1; https://files-api.properstar.com/api/v2/files/11861ece-2bb4-41a9-9afc-35748a11b85a/1; https://files-api.properstar.com/api/v2/files/3f426c13-b582-444d-954f-82ff379e5378/1; https://files-api.properstar.com/api/v2/files/2081df8c-0e98-49ea-8f48-0d0c56d3c850/1; https://files-api.properstar.com/api/v2/files/469b6826-eb7b-4360-9be3-716ae90f0c4d/1; https://files-api.properstar.com/api/v2/files/3b444a0a-8167-450b-a102-988a5abd9c36/1; https://files-api.properstar.com/api/v2/files/751b707a-e060-43dc-8d2a-e191dcabbf7b/1; https://files-api.properstar.com/api/v2/files/8c7631c0-8cbc-4300-8a92-2d0a89040afc/1; https://files-api.properstar.com/api/v2/files/25613d49-9a90-48e1-8bcd-8ab6581e75d0/1; https://files-api.properstar.com/api/v2/files/0013c21c-1b9f-4f26-a195-2b75aa2f019b/1; https://files-api.properstar.com/api/v2/files/6a60c9e6-4d7f-4823-8f7c-a76a243ff557/1; https://files-api.properstar.com/api/v2/files/1136367e-b46b-4ce1-aad5-4e2cceed073b/1; https://files-api.properstar.com/api/v2/files/dd2298b1-c836-4aea-9534-084d86d6bf59/1
119219948,"3 bedroom house for sale in Puesta del Sol, La Paz, B.C.S.",https://www.properstar.co.uk/listing/119219948,"GBP 124,799","Aztecas 528, La Paz, Mexico",24.12916,-110.330137,3,1,1496.18408,House,Joan Cota,2026-07-31T03:46:53.57,https://files-api.properstar.com/api/v2/files/9b048bb9-d11a-4298-84cf-d1585513e261/1; https://files-api.properstar.com/api/v2/files/f7016e07-8b49-4166-b67d-d56526c6b026/1; https://files-api.properstar.com/api/v2/files/e7e841e3-4320-4be3-8a31-f251559de86b/1; https://files-api.properstar.com/api/v2/files/9f889929-d091-4a0e-bd8b-68ef92dfcfb1/1; https://files-api.properstar.com/api/v2/files/071c1b75-9432-4e9c-afd5-57d380c41b39/1; https://files-api.properstar.com/api/v2/files/4b6330ba-b13c-4312-9acf-4be85f1a92cd/1; https://files-api.properstar.com/api/v2/files/9e95a10d-88fb-4acc-8939-254ff9663c63/1; https://files-api.properstar.com/api/v2/files/5cce47a0-cc5c-4306-bcf1-edcd5a7022e0/1; https://files-api.properstar.com/api/v2/files/b7aff1ee-e310-42ec-96da-95cd17273cb8/1; https://files-api.properstar.com/api/v2/files/7ff85fba-21d6-4ed4-8190-a2091dbd5344/1; https://files-api.properstar.com/api/v2/files/603f708c-bf5d-4a2e-9b20-2704f449c040/1; https://files-api.properstar.com/api/v2/files/4ffce85f-8c26-428a-934a-1b0345339c11/1; https://files-api.properstar.com/api/v2/files/8ea3cb49-4dc3-45dc-abea-434312132bca/1; https://files-api.properstar.com/api/v2/files/20ada13b-23ca-4c0b-8ccc-725340865e9a/1; https://files-api.properstar.com/api/v2/files/bc04da43-ae5b-4e20-a336-d8440792bc8a/1; https://files-api.properstar.com/api/v2/files/46e5e0d2-18ac-4d53-a9cb-22bd07990dae/1; https://files-api.properstar.com/api/v2/files/4c928244-f9e6-489e-a0fd-16a10289e18d/1
119061340,"Property for SALE - Calle Ignacio Manuel Altamirano 50, La Paz Centro, 23000 La Paz, BCS, Mexico",https://www.properstar.co.uk/listing/119061340,"GBP 287,699","Calle Ignacio Manuel Altamirano 50, La Paz Centro, 23000 La Paz, BCS, México, La Paz, Mexico",24.155968,-110.315988,2,2,764.2379,Apartment,KW Baja,2026-07-28T02:49:48.857,https://files-api.properstar.com/api/v2/files/f41e4f2c-1815-4d78-bdeb-5806eb6964bf/1; https://files-api.properstar.com/api/v2/files/b9dcc5ca-1345-4417-aeaf-8498f91f1734/1; https://files-api.properstar.com/api/v2/files/a30b3f7d-58e0-4cc0-89f5-9c2bc60442a0/1; https://files-api.properstar.com/api/v2/files/31fbfed0-0473-4e6b-a9af-cc1ce7e16eaa/1; https://files-api.properstar.com/api/v2/files/58003d39-fc51-4b8a-b86a-2dd96d2ca305/1; https://files-api.properstar.com/api/v2/files/63fc9d3f-22b0-4b78-9e02-cf1551efffd7/1; https://files-api.properstar.com/api/v2/files/274cccf6-e0e1-47e7-86aa-3239c2d41a01/1
117739932,For Sale: Fully Upgraded Beachfront Community Home | Paraíso del Mar | Resort Amenities,https://www.properstar.co.uk/listing/117739932,"GBP 582,802","5MF4+9R, La Paz, Mexico",24.173437,-110.342938,4,3,2895.49316,House,Outliance Real Estate,2026-06-18T18:09:17,https://files-api.properstar.com/api/v2/files/5663693a-fa34-4d34-99d3-496391117496/1; https://files-api.properstar.com/api/v2/files/f9ae5b69-4bd2-4c62-b58a-33ea5fd6e0cb/1; https://files-api.properstar.com/api/v2/files/31c83e77-12f0-4493-91cb-0a5cc5c4290e/1; https://files-api.properstar.com/api/v2/files/fc9d7805-ec17-46db-a9a9-6e4de5d1446e/1; https://files-api.properstar.com/api/v2/files/035d22b7-da16-4480-945a-f77d353dcafa/1; https://files-api.properstar.com/api/v2/files/cc63e03c-21d2-4e8a-9e75-304dcbe6d8bd/1; https://files-api.properstar.com/api/v2/files/65de64f3-7c1c-44a8-8edd-eb9fc18745e6/1; https://files-api.properstar.com/api/v2/files/d994853c-736f-4b86-8b5a-70a1ec3854fa/1; https://files-api.properstar.com/api/v2/files/1cbb47b1-842d-4956-9954-8c7901a09023/1; https://files-api.properstar.com/api/v2/files/19e57af0-2a2e-4f87-b147-e47d3ddd7ec2/1; https://files-api.properstar.com/api/v2/files/39618fa7-0dc9-4d23-b75b-c06f88badd08/1; https://files-api.properstar.com/api/v2/files/1c2b964e-c745-4856-a153-cf6229b77844/1; https://files-api.properstar.com/api/v2/files/568cc677-80a1-43b7-bc02-ccd040381b9d/1; https://files-api.properstar.com/api/v2/files/bd4c37b9-95a7-433f-8bac-f583f881f7f5/1; https://files-api.properstar.com/api/v2/files/be6d1a4b-5515-4d59-9671-d74129c62ed0/1; https://files-api.properstar.com/api/v2/files/40a77b62-213f-47fa-80a1-1d698938cdc8/1; https://files-api.properstar.com/api/v2/files/3d99ee6c-bcc5-4ebb-b7ed-0ad37ff899dc/1; https://files-api.properstar.com/api/v2/files/8a9cac52-1307-4c9a-98f1-eaa7509dfe2c/1; https://files-api.properstar.com/api/v2/files/516b3174-03d1-483b-8a7c-333ef72d0c26/1; https://files-api.properstar.com/api/v2/files/0a5630cf-8bc2-421b-828f-ad118ebb730b/1; https://files-api.properstar.com/api/v2/files/aa8f8677-82c1-4bb9-a7a7-1772d3608f98/1; https://files-api.properstar.com/api/v2/files/9d927d87-77e6-436e-bf30-ee45a84d0721/1; https://files-api.properstar.com/api/v2/files/e92fcb90-787d-4dcf-b564-03ecaacfcbf9/1; https://files-api.properstar.com/api/v2/files/ec1df339-9de6-4343-914e-fa6fd49c0d89/1
118939946,Apartment for sale in cabo san lucas,https://www.properstar.co.uk/listing/118939946,"GBP 307,665","Calle Cabo San Lucas 430, Bella Vista, 23050 La Paz, BCS, México, La Paz, Mexico",24.124251,-110.30855,3,2,1665.393,Apartment,KW Grand,2026-07-23T02:47:28.02,https://files-api.properstar.com/api/v2/files/f74937c4-852d-48fd-9a93-a98efca8c3dc/1; https://files-api.properstar.com/api/v2/files/7a5577fe-214d-4ab3-a61a-8fb22050cef4/1; https://files-api.properstar.com/api/v2/files/7c0c6556-2fe5-4b9a-9f80-d53ddb1c0413/1; https://files-api.properstar.com/api/v2/files/3d54e615-d64b-4f74-9d25-8aa0614535a2/1; https://files-api.properstar.com/api/v2/files/84685ac6-adc2-4a21-92b5-9706caf1b2dd/1; https://files-api.properstar.com/api/v2/files/8c188d7d-8467-4b76-a233-3482ab84139e/1; https://files-api.properstar.com/api/v2/files/574722bf-cbc8-43a3-8f20-2bd15de40365/1; https://files-api.properstar.com/api/v2/files/dc793b00-1331-49f1-9826-79caed5a56dd/1; https://files-api.properstar.com/api/v2/files/95dfc304-7a0a-49c3-8639-a41a286f6e97/1; https://files-api.properstar.com/api/v2/files/62d19ac8-a384-41cb-bbd4-b550ed9c7a99/1; https://files-api.properstar.com/api/v2/files/55f136d1-50e1-4dec-a12a-06d55536067e/1; https://files-api.properstar.com/api/v2/files/1ae578fa-d95b-49cc-a50b-810b8b96f944/1; https://files-api.properstar.com/api/v2/files/3ee64849-c40f-488c-b134-866a156bedb5/1
117515385,"Luxury penthouse for sale with ocean view, in La Paz",https://www.properstar.co.uk/listing/117515385,"GBP 714,757","5M87+HX, La Paz, Mexico",24.166438,-110.335063,,3,2572.57568,Penthouse,Paola Cristina Pliego Bañuelos,2026-06-12T01:34:58,https://files-api.properstar.com/api/v2/files/b44e1a98-09d0-4fd0-9311-e11e7e2e9398/1; https://files-api.properstar.com/api/v2/files/b5636b86-afd1-4832-89b3-7862c3c20fca/1; https://files-api.properstar.com/api/v2/files/95b71b45-c7ab-4ab4-8d8a-a66e4a7af658/1; https://files-api.properstar.com/api/v2/files/9f14a897-c56d-446d-a6bf-81d539a81776/1; https://files-api.properstar.com/api/v2/files/1b85c2e1-c384-44cb-9bdd-c10502264731/1; https://files-api.properstar.com/api/v2/files/b5370278-7585-4d11-b97a-190982f59c97/1; https://files-api.properstar.com/api/v2/files/5a8ef60c-15ac-46cf-9b4f-1b15c98e234d/1; https://files-api.properstar.com/api/v2/files/333e7295-93a1-4dc6-87b5-cba9cf7ec5a2/1; https://files-api.properstar.com/api/v2/files/428e8f0e-e1d6-4532-a3f9-de5e21e6c13d/1; https://files-api.properstar.com/api/v2/files/374e2540-2d89-4f64-9970-fd9f9b21c53d/1; https://files-api.properstar.com/api/v2/files/49ec1ac3-5362-411c-ac16-44d22c5bd5e7/1; https://files-api.properstar.com/api/v2/files/51faffe4-d075-42af-8650-48475147e697/1; https://files-api.properstar.com/api/v2/files/a7883d78-4187-4387-8535-d1499346f9bc/1; https://files-api.properstar.com/api/v2/files/43fe271b-47d5-4ae8-97ed-9862c7094502/1; https://files-api.properstar.com/api/v2/files/eb206bc6-8bc6-4cc0-b4cf-9235c8b57eed/1
117481290,ARKO Golf & Residences  1 Bedroom Apartment with Balcony,https://www.properstar.co.uk/listing/117481290,"GBP 95,301","Vista Cana , Arko Golf & Residences A-207, Punta Cana, Mexico",24.155968,-110.315988,1,1,,Apartment,Engel & Völkers Punta Cana,2026-06-11T02:57:12.137,https://files-api.properstar.com/api/v2/files/f81308c1-df50-4387-bba8-303d1c30387f/1; https://files-api.properstar.com/api/v2/files/af1c201b-8dc8-45a8-a398-f2ab2137df7b/1; https://files-api.properstar.com/api/v2/files/860188fe-d3b5-4fc7-a921-f996eb3af9a6/1; https://files-api.properstar.com/api/v2/files/dbd87e87-01d8-47d9-924e-68a2822e8d73/1; https://files-api.properstar.com/api/v2/files/63897b74-88ae-404e-ad5f-706a32dbc19b/1; https://files-api.properstar.com/api/v2/files/f376ab50-2c54-4965-b6cc-b5eb2ed48fa7/1; https://files-api.properstar.com/api/v2/files/a5cd326d-b6ff-4769-806b-832d6a643951/1; https://files-api.properstar.com/api/v2/files/33d4d3c3-218f-4d4e-8039-6442e84f3453/1; https://files-api.properstar.com/api/v2/files/06584dae-29c5-41ca-ba7b-b9db59008344/1
117403788,"Residence for sale in Puerta Cortés, La Paz, 3 Bedrooms",https://www.properstar.co.uk/listing/117403788,"GBP 733,083","6P73+M2, La Paz, Mexico",24.214188,-110.297438,3,2,2131.25513,Furnished house,Paola Cristina Pliego Bañuelos,2026-06-08T18:38:46,https://files-api.properstar.com/api/v2/files/075231d5-7fd2-44a8-a694-d83d09b3bfc9/1; https://files-api.properstar.com/api/v2/files/8d51ca48-b7bd-4b00-8c72-0c4adfe38fd4/1; https://files-api.properstar.com/api/v2/files/e3fc04e1-7ce4-4e1c-add3-426ee2e5416a/1; https://files-api.properstar.com/api/v2/files/f0a3ffec-829f-4d81-bd48-3b45382dc500/1; https://files-api.properstar.com/api/v2/files/a98dfb2b-a047-44b9-be1c-8ff219b21ff7/1; https://files-api.properstar.com/api/v2/files/d7cae24a-d67c-415c-83e6-ae068efd7f69/1; https://files-api.properstar.com/api/v2/files/021ba83f-b75a-482a-bace-623a1dfede00/1; https://files-api.properstar.com/api/v2/files/33faf35a-37ea-49ee-aa2f-adf12842cb99/1; https://files-api.properstar.com/api/v2/files/854592ac-4805-4a7b-9e3a-7a6cca331c07/1; https://files-api.properstar.com/api/v2/files/17f8d214-8115-44e1-9b40-7d5c78f25e3b/1; https://files-api.properstar.com/api/v2/files/3f5eeb06-0dfa-45ae-9c4a-c2ef6c358328/1; https://files-api.properstar.com/api/v2/files/6b8c680a-ca0a-40b5-bab0-aa048001f22f/1; https://files-api.properstar.com/api/v2/files/a9d599c5-d069-4bf3-8e21-f0244c361d02/1
117481101,"Apartment for sale, Downtown Punta Cana , Kasa Residences 3-201 A (La Paz, Mexico)",https://www.properstar.co.uk/listing/117481101,"GBP 164,944","Downtown Punta Cana , Kasa Residences 3-201 A, Punta Cana, Mexico",24.155968,-110.315988,2,2,882.641,Apartment,Engel & Völkers Punta Cana,2026-06-11T02:57:12.137,https://files-api.properstar.com/api/v2/files/b3b569d0-948f-470d-8a85-0b9aa3885167/1; https://files-api.properstar.com/api/v2/files/8dbf4fec-9e45-4d21-8eb3-4dcebbc61594/1; https://files-api.properstar.com/api/v2/files/b3b9fb93-7683-4918-a1d1-e2321ea8f139/1; https://files-api.properstar.com/api/v2/files/09b4873b-381c-4eaf-8ad3-2312295cb943/1; https://files-api.properstar.com/api/v2/files/6825fbff-8572-4135-9177-d784d8051c80/1; https://files-api.properstar.com/api/v2/files/61b06e3a-b0d0-4cb9-8827-c63f001355ce/1; https://files-api.properstar.com/api/v2/files/58e7d754-f6b9-4494-9262-6ef8f676355e/1; https://files-api.properstar.com/api/v2/files/a532bc28-f1f3-458e-bb7c-7c33b368fe40/1; https://files-api.properstar.com/api/v2/files/259160b0-def1-4b04-8792-60daaf5b9b3f/1; https://files-api.properstar.com/api/v2/files/43f11278-19c6-4b48-8bb2-171e416f22d5/1; https://files-api.properstar.com/api/v2/files/86632971-3a5c-468c-b5de-090dbe360438/1
117601583,Hacienda C10 | Luxury Villa Punta Cana Resort ,https://www.properstar.co.uk/listing/117601583,"GBP 3,298,878","Hacienda, Punta Cana, Mexico",24.155968,-110.315988,6,9,14477.4648,House,Engel & Völkers Punta Cana,2026-06-14T02:57:09.087,https://files-api.properstar.com/api/v2/files/fda0712c-9057-4257-81a4-f578236d62bf/2; https://files-api.properstar.com/api/v2/files/40ca83ca-8fbf-4695-afc3-2f18ce9a7cef/2; https://files-api.properstar.com/api/v2/files/7057afa6-8d44-4478-b35e-664bce5b12e3/2; https://files-api.properstar.com/api/v2/files/02b70620-33e4-40a2-ab54-f9f81c412cbe/2; https://files-api.properstar.com/api/v2/files/73b48857-f092-4a68-9118-6da6b7a3f0dc/2; https://files-api.properstar.com/api/v2/files/972ed351-1f64-4233-9de6-a947024f9828/2; https://files-api.properstar.com/api/v2/files/c0e1a566-87fa-402d-8039-310658dcbdf5/2; https://files-api.properstar.com/api/v2/files/e78f5e8d-3f6e-488d-bafa-63c79f8ab08b/2; https://files-api.properstar.com/api/v2/files/ab0033ae-6bab-400d-a37a-b33cd6985484/2; https://files-api.properstar.com/api/v2/files/ddedae2f-2875-462c-b516-aa69babf189f/2
118818667,"House for sale, Avenida Tiburon Baja California Sur (La Paz, Mexico)",https://www.properstar.co.uk/listing/118818667,"GBP 259,999","Avenida Tiburon, La Paz, Mexico",24.122642,-110.338014,4,2,3767.047,Detached house,Coldwell Banker Riveras,2026-07-19T02:53:55.507,https://files-api.properstar.com/api/v2/files/2b7fa1d3-d9f0-4622-8ae5-b355f5ed3dc4/1; https://files-api.properstar.com/api/v2/files/ae7f7c75-e743-4395-9cd7-60dd179e6617/1; https://files-api.properstar.com/api/v2/files/fb718da2-d2e0-4a81-8b51-8ea119c5d925/1; https://files-api.properstar.com/api/v2/files/fdc3eac1-fec6-49f9-91eb-1de5d54dce26/1; https://files-api.properstar.com/api/v2/files/7f9c2156-a036-46e6-ace7-16cdac7108ca/1; https://files-api.properstar.com/api/v2/files/03b0f686-417f-4281-a7af-3c8223b8c4be/1; https://files-api.properstar.com/api/v2/files/1e135425-5c60-4d37-8fef-5c681aeb1534/1; https://files-api.properstar.com/api/v2/files/b8660d81-58e6-42ac-a7e6-a597239fd5fc/1; https://files-api.properstar.com/api/v2/files/0f2d3458-3b4a-419d-a9eb-73c4e02e5046/1; https://files-api.properstar.com/api/v2/files/5a20dda6-dc7a-42d4-a1f6-46e876608594/1; https://files-api.properstar.com/api/v2/files/0859dc27-2421-44ba-8fba-a4a7a3e6bbe3/1; https://files-api.properstar.com/api/v2/files/51912566-c4fd-478a-b7d5-aa2ddb6d6be8/1; https://files-api.properstar.com/api/v2/files/6b6b78ef-2362-4055-9d40-cdc716d38e0f/1
118742158,"House for sale in Villas del Encanto, La Paz, Baja California Sur",https://www.properstar.co.uk/listing/118742158,"GBP 30,767","VILLA FLORES, 305, Villas del Encanto, La Paz, Mexico",24.10327,-110.331988,3,2,2604.86743,House,Gareva Zenith,2026-07-15T06:34:50.11,https://files-api.properstar.com/api/v2/files/f3130efd-3b6c-42b3-ac8b-b77357ba4610/1; https://files-api.properstar.com/api/v2/files/0ed31a7c-c841-4e75-bd50-006c9202d8b1/1; https://files-api.properstar.com/api/v2/files/c361aee3-8b34-4072-b8ee-10c061033167/1; https://files-api.properstar.com/api/v2/files/b39aa9cd-fe51-41ec-b1e8-6204aefd1dd0/1; https://files-api.properstar.com/api/v2/files/efaaceb0-9507-414e-8ab7-f5378fe365b3/1; https://files-api.properstar.com/api/v2/files/5f07ba8c-907a-4542-9e86-10e7d2dd88f2/1; https://files-api.properstar.com/api/v2/files/fc5fdb2a-aeab-4bc1-b0c8-80f9ddc3af69/1; https://files-api.properstar.com/api/v2/files/d2282fb7-7cc4-46bb-8696-560a7ac38e38/1; https://files-api.properstar.com/api/v2/files/c4099468-1a00-4412-a646-ab7edf098a47/1; https://files-api.properstar.com/api/v2/files/fe665520-e1f7-492f-8a23-909de5878fce/1
118824403,"Apartment for sale in Lomas de Palmira, La Paz, Baja California Sur",https://www.properstar.co.uk/listing/118824403,"GBP 177,666","palmira, 130, Lomas de Palmira, La Paz, Mexico",24.178784,-110.300891,1,1,807.2936,Apartment,Baja Real Estate Services,2026-07-18T06:46:00.037,https://files-api.properstar.com/api/v2/files/d2762fbb-19a8-4284-a737-80401e91351c/1; https://files-api.properstar.com/api/v2/files/072755af-fca5-4d6a-8915-21f8146f0065/1; https://files-api.properstar.com/api/v2/files/299154d3-c2aa-4fd4-8b5c-2acdedb26ff5/1; https://files-api.properstar.com/api/v2/files/bd9a5b56-d67d-4df4-8244-cbb599afa7b7/1; https://files-api.properstar.com/api/v2/files/c5de3223-5070-4414-b245-6a551ba152d6/1; https://files-api.properstar.com/api/v2/files/cc6d2ad0-6105-4bd9-a889-cc6f0772908d/1; https://files-api.properstar.com/api/v2/files/8b20920a-5005-45c0-98db-395d3377b86d/1; https://files-api.properstar.com/api/v2/files/00f48007-2102-4dc3-90b3-f5e7f6d61518/1; https://files-api.properstar.com/api/v2/files/0a9f2da9-a954-4649-ad8c-f1a4a17e869f/1; https://files-api.properstar.com/api/v2/files/1fae1646-36d7-4340-b815-1e7fa5f17ae6/1; https://files-api.properstar.com/api/v2/files/b809c121-00f8-4b2a-8edd-f11520261985/1; https://files-api.properstar.com/api/v2/files/48e2a976-da1b-4a24-a173-e938719dde91/1; https://files-api.properstar.com/api/v2/files/e336ffae-7020-4ef8-b527-fd93f76fe08a/1; https://files-api.properstar.com/api/v2/files/87ff058f-4dc8-468c-b872-dc32885cb32d/1
117882215,"House for sale in Pedregal de la Paz, La Paz, Baja California Sur",https://www.properstar.co.uk/listing/117882215,"GBP 549,813","CALLE LA JOYA, Pedregal de la Paz, La Paz, Mexico",24.203435,-110.297391,4,3,2766.32617,House,Patricia Calderon,2026-07-07T15:17:09.803,https://files-api.properstar.com/api/v2/files/ddc13994-1c9f-43de-8393-c4cc38697527/1; https://files-api.properstar.com/api/v2/files/fc1e1d38-df74-4ea4-8e65-cec8b0995786/1; https://files-api.properstar.com/api/v2/files/c4378c71-7923-4f8b-9f38-bc8f1b1913c7/1; https://files-api.properstar.com/api/v2/files/b733803b-6126-4317-88b8-08ffa46ddea1/1; https://files-api.properstar.com/api/v2/files/e293cacf-1227-4f4b-9bbf-3b1dc645d879/1; https://files-api.properstar.com/api/v2/files/7f785ebb-9786-4111-a718-07f8fcb5ca27/1; https://files-api.properstar.com/api/v2/files/cf9fa889-79a8-460e-a005-3771e5b11e34/1; https://files-api.properstar.com/api/v2/files/7106f7ab-e0ba-4faa-ba7c-ef253a1331cb/1; https://files-api.properstar.com/api/v2/files/12dc8e2f-9e7a-4097-afc0-e8e8f1fa59f3/1; https://files-api.properstar.com/api/v2/files/e2766ff0-337a-4bf3-8f1f-0e5f8f3d7a16/1; https://files-api.properstar.com/api/v2/files/57f3f846-e655-4d67-9530-90437c6bc066/1; https://files-api.properstar.com/api/v2/files/bf8a4c5c-e7fa-4c72-aea1-edcbfefa864a/1; https://files-api.properstar.com/api/v2/files/929bbd19-c05a-47d9-bf65-aafa487ab008/1; https://files-api.properstar.com/api/v2/files/c3743db1-0a32-4ff2-a5ec-ce48530a5c36/1; https://files-api.properstar.com/api/v2/files/96375af5-cf04-4b59-b1d0-55531129fc80/1; https://files-api.properstar.com/api/v2/files/f4bd867a-73d5-4886-a062-549febb9b965/1; https://files-api.properstar.com/api/v2/files/856747fa-f392-4c05-b149-24362890db51/1; https://files-api.properstar.com/api/v2/files/4531711d-9f83-47cf-a43c-6a455b29a638/1; https://files-api.properstar.com/api/v2/files/32808b91-86e4-4a35-8a64-ef2d431eed39/1; https://files-api.properstar.com/api/v2/files/0729a17e-aa43-4be9-aade-ef139a0d03a4/1; https://files-api.properstar.com/api/v2/files/ffa6e4fc-266f-4100-a97f-82efb0a73978/1
117947662,"House for sale in Los Tabachines, La Paz, Baja California Sur",https://www.properstar.co.uk/listing/117947662,"GBP 25,133","espiritu santo , 242, Los Tabachines, La Paz, Mexico",24.074023,-110.302583,2,1,861.1132,House,Nataly Rosas Plascencia,2026-07-07T15:17:09.803,https://files-api.properstar.com/api/v2/files/36460beb-3d6d-45f1-8e1b-f24c6c8ebb80/1; https://files-api.properstar.com/api/v2/files/e4d7f18c-159a-4e1a-9bec-3d7d06371618/1; https://files-api.properstar.com/api/v2/files/d5c35649-b6d5-4ad0-a097-38a456fb4fd9/1; https://files-api.properstar.com/api/v2/files/3e24ce72-d341-4a70-82bd-25e00ae71ab4/1; https://files-api.properstar.com/api/v2/files/d11d219a-129c-4623-ba62-031def63208c/1; https://files-api.properstar.com/api/v2/files/94334f3e-3456-4ab7-80b6-636d404e2e03/1; https://files-api.properstar.com/api/v2/files/33e691d7-f26f-47e4-bf79-ec3e05e6ee8a/1; https://files-api.properstar.com/api/v2/files/3af3d68f-5486-4e61-baab-f0ed4ccc56f4/1; https://files-api.properstar.com/api/v2/files/874f8634-3f1f-4d4a-9c38-918f3309cac3/1; https://files-api.properstar.com/api/v2/files/4df70cef-cd9a-41c3-a33f-1ceeec826a1c/1
117995915,"House for sale in Los Tabachines, La Paz, Baja California Sur",https://www.properstar.co.uk/listing/117995915,"GBP 22,317","ISLA ESPIRITU SANTO , 242, Los Tabachines, La Paz, Mexico",24.079581,-110.304553,3,1,3013.896,House,Mariana Arzate Elizarde,2026-07-07T15:17:09.803,https://files-api.properstar.com/api/v2/files/90d3b123-6d56-4e82-90e8-5304bb8dfd1b/1; https://files-api.properstar.com/api/v2/files/b7a85d10-cd3c-49f8-811a-dc297f682b3b/1; https://files-api.properstar.com/api/v2/files/8cec1a96-900b-4043-8c22-4b1b413d4f47/1; https://files-api.properstar.com/api/v2/files/449bc0d8-1c88-45c0-a6a6-7d50f0e21121/1; https://files-api.properstar.com/api/v2/files/15ab3625-8e95-41a0-b2cb-c36dbb94c5f8/1; https://files-api.properstar.com/api/v2/files/c55a5cee-4200-4492-aca2-c259b388739a/1; https://files-api.properstar.com/api/v2/files/4f6bca71-6f95-4bbe-9bed-cb8483161ebe/1; https://files-api.properstar.com/api/v2/files/1ff88cd3-0dbd-45f4-83d4-cbef4fd1a158/1; https://files-api.properstar.com/api/v2/files/920f2fb5-fe27-45c1-a363-bebb4ecea3bb/1; https://files-api.properstar.com/api/v2/files/94a0ba3a-e12b-472e-a1c6-1656fe994f7f/1
117986038,"House for sale in Villas del Encanto, La Paz, Baja California Sur",https://www.properstar.co.uk/listing/117986038,"GBP 80,513","Villas del Sahuaro, Villas del Encanto, La Paz, Mexico",24.101652,-110.327194,4,4,1022.5719,House,ana maria almazan,2026-07-07T15:17:09.803,https://files-api.properstar.com/api/v2/files/384d9d19-6ae4-4713-a2cf-d7e9ef0a59cb/1; https://files-api.properstar.com/api/v2/files/e0b30bd8-83e7-41a8-adc3-6ffa4a683fc5/1; https://files-api.properstar.com/api/v2/files/bd2cf083-44e3-4763-8e04-dd64662115e1/1; https://files-api.properstar.com/api/v2/files/e79d1937-eead-4753-bd1c-265a5d537c7b/1; https://files-api.properstar.com/api/v2/files/06945821-1c6c-485d-8afb-117fecf82c95/1
117984405,"House for sale in San Rafael, La Paz, Baja California Sur",https://www.properstar.co.uk/listing/117984405,"GBP 74,281","ROBLE, San Rafael, La Paz, Mexico",24.088096,-110.339456,3,2,1291.6698,House,MARCO RAMIREZ,2026-07-07T15:17:09.803,https://files-api.properstar.com/api/v2/files/c3cb9ffa-8388-4604-bb00-79a9701614dc/1; https://files-api.properstar.com/api/v2/files/8fbb4e02-5468-469b-8e49-11141adc63d0/1; https://files-api.properstar.com/api/v2/files/cd06b327-4f78-498f-96cc-809dc4b2a0a2/1; https://files-api.properstar.com/api/v2/files/e1f006fd-129e-4354-bd65-3473de4d4d0d/1; https://files-api.properstar.com/api/v2/files/bdca83ae-e48e-4ea5-b0dc-8e1aa19cd29b/1; https://files-api.properstar.com/api/v2/files/72e61224-fea7-45de-b980-a942b7757c37/1; https://files-api.properstar.com/api/v2/files/43de6610-c7c5-4399-8601-133ea7c70166/1
117984458,"House for sale in Sudcalifornia, La Paz, Baja California Sur",https://www.properstar.co.uk/listing/117984458,"GBP 45,673","Bahía de la Paz, Sudcalifornia, La Paz, Mexico",24.118436,-110.313367,2,1,1463.89246,House,Luis Enrique Carrillo Tovar ,2026-07-07T15:17:09.803,https://files-api.properstar.com/api/v2/files/8e523e94-0c54-45ba-8827-7482265db5b0/1; https://files-api.properstar.com/api/v2/files/fbbb9ebc-7cd4-453c-bc98-bc3b200435bf/1; https://files-api.properstar.com/api/v2/files/82fc2ea6-bce3-44ee-b6e3-f20a8ed53b13/1; https://files-api.properstar.com/api/v2/files/55289802-fc37-4fa1-9a60-f94a79a9094a/1; https://files-api.properstar.com/api/v2/files/cfddc678-4438-4208-85fd-fc98bb104259/1; https://files-api.properstar.com/api/v2/files/816d2f8b-b4ac-450f-8f71-fa6257684c35/1; https://files-api.properstar.com/api/v2/files/dfc969a8-49ec-46d3-92ef-c7d2b66799ad/1; https://files-api.properstar.com/api/v2/files/53b09977-1c9d-4cec-9fcd-b6918f6ec05c/1; https://files-api.properstar.com/api/v2/files/ca0d5a4f-7433-498b-933d-498fd7702e9e/1; https://files-api.properstar.com/api/v2/files/23203839-cda6-4a00-a7f7-a1e5fe6ca158/1
117865605,"House for sale in 8 de Octubre 2a Seccion, La Paz, Baja California Sur",https://www.properstar.co.uk/listing/117865605,"GBP 78,000","Sierra de San Javier, 33, 8 de Octubre 2a Sección, La Paz, Mexico",24.112148,-110.314498,2,2,1001.04413,House,Eureka Realty,2026-07-07T15:17:09.803,https://files-api.properstar.com/api/v2/files/46408f42-a198-47ce-9d86-b4130e6840fd/1; https://files-api.properstar.com/api/v2/files/2090189a-028b-4476-9bee-7964ce35c6ac/1; https://files-api.properstar.com/api/v2/files/5ec2364e-6332-4a7f-8ba7-c766d0755292/1; https://files-api.properstar.com/api/v2/files/00d27287-68aa-4e71-b29d-fec2e35120a0/1; https://files-api.properstar.com/api/v2/files/5174ff53-7cfc-49ad-a984-8d9252b03950/1; https://files-api.properstar.com/api/v2/files/050c59b0-a702-4be2-9afe-65d1e6fbeb05/1; https://files-api.properstar.com/api/v2/files/0cac225f-2231-4646-a970-0ee660093281/1; https://files-api.properstar.com/api/v2/files/b2a30024-a068-4359-99b7-07300e16eeac/1; https://files-api.properstar.com/api/v2/files/c4906b80-ce95-49f7-844e-d2535b4bede6/1; https://files-api.properstar.com/api/v2/files/131189c6-fe40-4797-b69a-40ceb9ee5d8d/1; https://files-api.properstar.com/api/v2/files/581799ee-7acf-44aa-b04c-20b1b5657d82/1; https://files-api.properstar.com/api/v2/files/e4eb1ac1-b3f7-4267-a1fd-26bc7190156f/1; https://files-api.properstar.com/api/v2/files/4aba7449-a548-40cb-9db8-ae8513fad568/1; https://files-api.properstar.com/api/v2/files/36519170-a8a4-42ba-be17-ececa962f0eb/1; https://files-api.properstar.com/api/v2/files/01c3b7ce-b03a-47f0-9305-dd784225577e/1; https://files-api.properstar.com/api/v2/files/682ad7d3-3c27-4cf4-8fa9-d840c0dd8105/1
117938248,"House for sale in Benito Juarez, La Paz, Baja California Sur",https://www.properstar.co.uk/listing/117938248,"GBP 30,117","AGUA DULCE, Benito Juarez, La Paz, Mexico",24.140858,-110.337658,3,3,1883.685,House,Grupo de Inversiones México ,2026-07-07T15:17:09.803,https://files-api.properstar.com/api/v2/files/908edde1-e9c4-49c6-a1e0-d754881e0339/1; https://files-api.properstar.com/api/v2/files/6c7894cb-9202-4029-bf4b-c57fbe590692/1; https://files-api.properstar.com/api/v2/files/e3b6e0fb-6373-4752-85b2-b2501394f48e/1; https://files-api.properstar.com/api/v2/files/32e17f9c-7193-4334-8aa1-78e1362bbfad/1; https://files-api.properstar.com/api/v2/files/ea800eec-ccad-4a8d-889d-00b15d47291b/1; https://files-api.properstar.com/api/v2/files/8f95356e-62c8-4714-aaee-5db90d38a563/1; https://files-api.properstar.com/api/v2/files/3d11a348-c73e-40dc-a360-22818a1c4fc3/1; https://files-api.properstar.com/api/v2/files/8d7dee76-3a0f-45f8-b821-a55916134a00/1; https://files-api.properstar.com/api/v2/files/741ad616-4f69-4354-88af-89aac847c791/1
117933092,"House at auction in Ayuntamiento, La Paz, Baja California Sur",https://www.properstar.co.uk/listing/117933092,"GBP 12,771","ANTONIO F DELGADO, Ayuntamiento, La Paz, Mexico",24.047921,-110.296138,2,1,645.8349,House,Servicios Profesionales de Enlaces Jurídicos,2026-07-07T15:17:09.803,https://files-api.properstar.com/api/v2/files/2d3a0132-d956-453a-9aa2-e3e31bdaf174/1; https://files-api.properstar.com/api/v2/files/12518807-0ef1-4837-bb47-72599dc3b8fd/1; https://files-api.properstar.com/api/v2/files/27a7f54a-dee9-47e8-a870-b50f0658727e/1; https://files-api.properstar.com/api/v2/files/e39058b8-19de-467a-a151-cb9a9094de53/1
117933218,"House at auction in Sudcalifornia, La Paz, Baja California Sur",https://www.properstar.co.uk/listing/117933218,"GBP 26,824","BAHIA DE LA PAZ, Sudcalifornia, La Paz, Mexico",24.118436,-110.313367,2,1,645.8349,House,Servicios Profesionales de Enlaces Jurídicos,2026-07-07T15:17:09.803,https://files-api.properstar.com/api/v2/files/9aea1a7c-3591-4dc1-bad2-6c5e14c14633/1; https://files-api.properstar.com/api/v2/files/d28f46a2-e1ef-4c1d-9d02-d792d1627cf4/1; https://files-api.properstar.com/api/v2/files/5dbf76c0-9e5a-48ae-ab48-7c09b8525979/1; https://files-api.properstar.com/api/v2/files/8969ad8a-bd8f-49f7-b604-d7d3e6da2b1d/1
117980175,"House at auction in San Isidro (Casas Verdes), La Paz, Mexico",https://www.properstar.co.uk/listing/117980175,"GBP 33,800","AV CANAL DE LA COMPAÑIA , 808, San Isidro (Casas Verdes), La Paz, Mexico",24.142641,-110.312753,2,1,699.6545,House,Karem Rosas,2026-07-07T15:17:09.803,https://files-api.properstar.com/api/v2/files/8ac685cb-1770-4174-9da5-eb45b13ffb18/1; https://files-api.properstar.com/api/v2/files/fb429967-f363-49f2-8a8d-87a7379408b9/1; https://files-api.properstar.com/api/v2/files/2feebed3-ad8b-4d7c-8b65-5c30384945e4/1; https://files-api.properstar.com/api/v2/files/dd3baaea-a5cc-4627-8e21-e086cf7bdc2e/1; https://files-api.properstar.com/api/v2/files/51de154e-697f-430f-bdbf-33a04cd28ab8/1; https://files-api.properstar.com/api/v2/files/9afabd1a-62e5-41a9-b97c-ffea8d1c9445/1; https://files-api.properstar.com/api/v2/files/e4b316cd-2dc3-402a-a75f-b6442a66f08a/1; https://files-api.properstar.com/api/v2/files/f0fa5be3-d13b-40b7-8890-a57110e7bfa6/1; https://files-api.properstar.com/api/v2/files/d97f9184-ea94-4180-924a-c359302adff5/1; https://files-api.properstar.com/api/v2/files/d489b80a-28cb-4415-9dce-f4a0a69787c1/1; https://files-api.properstar.com/api/v2/files/7cd6c8eb-4c5e-47e7-b485-ca97576990e0/1
117967938,"House at auction in Sector La Selva Fidepaz, La Paz, Baja California Sur",https://www.properstar.co.uk/listing/117967938,"GBP 23,833","De la Mantarraya, 135, Sector La Selva Fidepaz, La Paz, Mexico",24.12842,-110.337795,5,3,3648.967,House,Areli Sanchez,2026-07-07T15:17:09.803,https://files-api.properstar.com/api/v2/files/0cada0af-8e72-41df-9741-5675e4b9edbf/1; https://files-api.properstar.com/api/v2/files/fcad5fca-2b55-41cd-8ce9-2a5dce3048c2/1; https://files-api.properstar.com/api/v2/files/fd4393b8-6a30-43b3-9bd2-cf1e4427e510/1; https://files-api.properstar.com/api/v2/files/b903f120-bd2b-4e26-80ce-817bc21aeb9b/1; https://files-api.properstar.com/api/v2/files/b4d6894c-39ae-4f49-a2cc-785d65b422a0/1; https://files-api.properstar.com/api/v2/files/7d137c40-3ac0-406c-bf60-825bdd5580dd/1; https://files-api.properstar.com/api/v2/files/47725592-a4ce-4838-8de8-4f29562c5fc2/1; https://files-api.properstar.com/api/v2/files/4a23a441-9af0-42e5-b0f9-7883e96c5829/1; https://files-api.properstar.com/api/v2/files/61a972b9-1f02-4adb-9f28-4983e28cd211/1
117964374,"House at auction in Paraiso del Sol, La Paz, Baja California Sur",https://www.properstar.co.uk/listing/117964374,"GBP 28,967","Circuito Bahia de Santa Elena, Paraíso del Sol, La Paz, Mexico",24.090112,-110.33208,3,3,1291.6698,House,Mayra Corona Ruiz Cabañas,2026-07-07T15:17:09.803,https://files-api.properstar.com/api/v2/files/978ec058-303c-4dfb-9454-24db42bd178f/1; https://files-api.properstar.com/api/v2/files/05d1e653-09e9-4a5d-afa4-558b119b5c3f/1; https://files-api.properstar.com/api/v2/files/dc1ac153-abb3-449d-afdf-a9e00484a2c6/1; https://files-api.properstar.com/api/v2/files/b4704b69-0797-4a8b-8417-6a97a38c39b5/1; https://files-api.properstar.com/api/v2/files/44b2bb5b-7097-473c-b276-1abeb674533a/1; https://files-api.properstar.com/api/v2/files/7764a752-1885-477a-8fbb-6551ef4459a7/1; https://files-api.properstar.com/api/v2/files/84f0a46e-9785-4ac6-8bcf-48ccb1e1ba64/1; https://files-api.properstar.com/api/v2/files/24a6a361-a31d-4504-bbd8-70c8d2426caa/1; https://files-api.properstar.com/api/v2/files/6a4cc542-40fa-4506-8bbf-fddd0f0b4c9b/1; https://files-api.properstar.com/api/v2/files/b0aac510-8702-4a87-bd30-b1ebb67f516b/1; https://files-api.properstar.com/api/v2/files/3dfffa18-0fa1-4a8d-b158-a592f2a4f3dc/1
117917071,"House at auction in Sudcalifornia, La Paz, Baja California Sur",https://www.properstar.co.uk/listing/117917071,"GBP 40,516","BAHIA DE LA PAZ, Sudcalifornia, La Paz, Mexico",24.118436,-110.313367,3,2,1722.22644,House,Renovación Patrimonial Monthein,2026-07-07T15:17:09.803,https://files-api.properstar.com/api/v2/files/d3326a98-5081-4509-86a5-077f9a9580ab/1; https://files-api.properstar.com/api/v2/files/4e0af6e5-c6a5-48a0-b8de-333ab3891c11/1; https://files-api.properstar.com/api/v2/files/801499e5-dfc0-468c-9027-5ac7b8d5292d/1; https://files-api.properstar.com/api/v2/files/2602072a-6b4d-4fbe-a129-7c7762ae4738/1; https://files-api.properstar.com/api/v2/files/29460fa1-b630-4044-9cd9-b74a8ea3ec87/1; https://files-api.properstar.com/api/v2/files/e39a7ced-9aab-4c10-8a41-a520770320cb/1; https://files-api.properstar.com/api/v2/files/102cef46-956c-43e9-a750-68aafa82904d/1; https://files-api.properstar.com/api/v2/files/74a7b7c6-3e4c-4bcf-9ae1-f6daa3118dac/1; https://files-api.properstar.com/api/v2/files/faf434a0-1b98-4245-8085-10d4ef641177/1; https://files-api.properstar.com/api/v2/files/ca04c8c5-fec9-48a6-af57-93e47a03060d/1; https://files-api.properstar.com/api/v2/files/31ffcc5a-0f49-45cb-9328-da4c90afdfc5/1; https://files-api.properstar.com/api/v2/files/cac352cb-8e58-4265-9557-7c56c0d6f9e7/1
117939794,"Villa for sale in La Cima Residencial, La Paz, Baja California Sur",https://www.properstar.co.uk/listing/117939794,"GBP 27,300","AV LA CIMA , 303, La Cima Residencial, La Paz, Mexico",24.099586,-110.345234,3,3,1722.22644,House,INMOBILIARIA CRUMEN,2026-07-07T15:17:09.803,https://files-api.properstar.com/api/v2/files/baecc378-1c0f-4fec-a983-5377c56efa8f/1; https://files-api.properstar.com/api/v2/files/2ac7010d-3e80-4ce8-be8a-13edabf80770/1; https://files-api.properstar.com/api/v2/files/1e79616e-85d4-4bb6-bb91-6484b665c8fd/1; https://files-api.properstar.com/api/v2/files/29498739-a881-4ea3-b29c-caa678319593/1; https://files-api.properstar.com/api/v2/files/c935732f-857b-4b03-8858-e292a85bb86f/1; https://files-api.properstar.com/api/v2/files/6252f3f9-7658-4530-92e1-806cda73d61c/1; https://files-api.properstar.com/api/v2/files/20e76745-a0d1-44a5-99fa-6935fba7638f/1; https://files-api.properstar.com/api/v2/files/f1c5464b-7599-4fc7-84d8-203f0486e14d/1; https://files-api.properstar.com/api/v2/files/139f4704-2ace-4db1-81ac-af496ebfb578/1; https://files-api.properstar.com/api/v2/files/96325070-defc-4ded-af5a-e38edb33b755/1; https://files-api.properstar.com/api/v2/files/4e6c96cd-9308-41bf-afa6-bffbcff54e43/1; https://files-api.properstar.com/api/v2/files/739b143c-3103-44fc-868c-dfde03c666e3/1; https://files-api.properstar.com/api/v2/files/da5def52-4114-412b-b30a-73e675ae9332/1; https://files-api.properstar.com/api/v2/files/0594e2b2-8b64-4125-a3e3-cb0b3e532442/1; https://files-api.properstar.com/api/v2/files/4e199fe6-8373-489e-bb2f-1092048cfbee/1
117939844,"House for sale in Bella Vista, La Paz, Baja California Sur",https://www.properstar.co.uk/listing/117939844,"GBP 54,154","SAN JOSE DEL CABO, Bella Vista, La Paz, Mexico",24.124645,-110.309903,4,3,1829.86548,House,Francisco Álvarez,2026-07-07T15:17:09.803,https://files-api.properstar.com/api/v2/files/030f5852-0343-4862-bfa3-451b4453449b/1; https://files-api.properstar.com/api/v2/files/07d02b99-680d-4d6c-b148-d7119d456d8e/1; https://files-api.properstar.com/api/v2/files/1d1f7660-5cab-4057-96b4-f421c897e1f2/1; https://files-api.properstar.com/api/v2/files/cd3d979c-d915-4f27-b876-51d695ca3f2f/1; https://files-api.properstar.com/api/v2/files/32da957c-63d4-4dec-8c7f-3ad1abf88ac1/1; https://files-api.properstar.com/api/v2/files/e13b3d43-a3ea-4138-a14e-5b92f9c05cd3/1; https://files-api.properstar.com/api/v2/files/da57ffe1-18d4-446d-8480-405d169f0943/1; https://files-api.properstar.com/api/v2/files/7f84967a-7da4-457a-b6b3-b35266d94223/1; https://files-api.properstar.com/api/v2/files/24e9fe47-5411-4829-bfd0-8219e9adfa76/1; https://files-api.properstar.com/api/v2/files/67f867a0-b130-473d-b495-72cd58665670/1
117944987,"House for sale in Bahia de la Paz, La Paz, Baja California Sur",https://www.properstar.co.uk/listing/117944987,"GBP 27,387","Calle del Circuito Bahía de Samana No. 164, 164, Bahia de la Paz, La Paz, Mexico",24.139279,-110.34168,2,1,753.474,House,MIGUEL HERNANDEZ ,2026-07-07T15:17:09.803,https://files-api.properstar.com/api/v2/files/0f2776ff-4380-4ab1-ae79-216a9002f2e9/1; https://files-api.properstar.com/api/v2/files/61042f75-5e74-4824-8f47-8df6566d45f6/1; https://files-api.properstar.com/api/v2/files/34670d25-fc4c-42b5-b7c5-bdd6d1312c37/1; https://files-api.properstar.com/api/v2/files/7398b33f-12db-4eaa-82ea-19a76f032c8b/1; https://files-api.properstar.com/api/v2/files/0f2e8128-07c7-4ee9-a902-0c9b94e130bb/1; https://files-api.properstar.com/api/v2/files/136ae6a9-f278-4ec3-a203-cf97b5efa448/1; https://files-api.properstar.com/api/v2/files/51d5b472-fad5-4435-9cf5-5c956ba2b99e/1; https://files-api.properstar.com/api/v2/files/44131bfb-860c-4aad-bbfa-6d0116a3bb28/1; https://files-api.properstar.com/api/v2/files/5dd6e81b-2006-4c0b-852f-751b5819c674/1
117945021,"House for sale in Ciudad del Cielo, La Paz, Baja California Sur",https://www.properstar.co.uk/listing/117945021,"GBP 41,166","MARCELO RUBIO RUIZ , 122, Ciudad del Cielo, La Paz, Mexico",24.16888,-110.293863,3,3,3024.66,House,ELIZA CRUZ,2026-07-07T15:17:09.803,https://files-api.properstar.com/api/v2/files/4dafedfb-787e-4948-bc44-341548e197cb/1; https://files-api.properstar.com/api/v2/files/5509ccab-db5a-4ad4-8608-6b8c4bbc04d4/1; https://files-api.properstar.com/api/v2/files/d6e23ab9-fc1a-4cd3-802d-37c14d591895/1; https://files-api.properstar.com/api/v2/files/df582f73-5036-4360-a51d-66ca265ba9bd/1; https://files-api.properstar.com/api/v2/files/f8a9de14-8f8a-4e6d-8919-63986bf4eb48/1; https://files-api.properstar.com/api/v2/files/9178f0a4-530b-4f90-9385-f21f88868b75/1; https://files-api.properstar.com/api/v2/files/eede8344-1182-4010-8e42-ddcb32a04a91/1; https://files-api.properstar.com/api/v2/files/14b9f749-776f-4234-ac8e-236281f57888/1; https://files-api.properstar.com/api/v2/files/4d10d0ff-be1e-4859-abef-f372f35956bd/1; https://files-api.properstar.com/api/v2/files/b13ace6e-c629-46fe-ba28-db57542a7ae7/1; https://files-api.properstar.com/api/v2/files/0e0235f3-1602-4641-8cf2-8b8c8dbd5c87/1
117935237,"House at auction in El Camino Real, La Paz, Baja California Sur",https://www.properstar.co.uk/listing/117935237,"GBP 23,863","Camino del Norte, 416, El Camino Real, La Paz, Mexico",24.061074,-110.294752,3,1,753.474,House,Servicios Profesionales de Enlaces Jurídicos,2026-07-07T15:17:09.803,https://files-api.properstar.com/api/v2/files/c7bc186d-21e6-4df7-b693-5b47b72b157c/1; https://files-api.properstar.com/api/v2/files/0586036d-ac88-4481-9dcb-92af7d159141/1; https://files-api.properstar.com/api/v2/files/f7d8fb93-83f4-4f5f-ac05-3d783ac6a791/1; https://files-api.properstar.com/api/v2/files/59e78e4c-a9d2-42ba-8bc1-087516071929/1; https://files-api.properstar.com/api/v2/files/02b083a5-bfb0-4790-bf2c-063aaf8bb2eb/1
117931884,"House at auction in Ampliación Ayuntamiento, La Paz, Baja California Sur",https://www.properstar.co.uk/listing/117931884,"GBP 19,413","ANTONIO DELGADO, Ampliación Ayuntamiento, La Paz, Mexico",24.047921,-110.296138,2,1,538.1957,House,Servicios Profesionales de Enlaces Jurídicos,2026-07-07T15:17:09.803,https://files-api.properstar.com/api/v2/files/c7d708c9-7b72-4224-a10f-77348724279f/1; https://files-api.properstar.com/api/v2/files/14310d12-3554-4484-bb14-31ce1e451aed/1; https://files-api.properstar.com/api/v2/files/cd27c1b3-9220-4ab4-9a84-94b3f26224d6/1; https://files-api.properstar.com/api/v2/files/8a9c00e8-efd1-49e5-86f8-c9c3907c29cd/1
117932047,"House at auction in El Progreso, La Paz, Baja California Sur",https://www.properstar.co.uk/listing/117932047,"GBP 26,953","Rubi, El Progreso, La Paz, Mexico",24.082847,-110.302626,2,1,645.8349,House,Servicios Profesionales de Enlaces Jurídicos,2026-07-07T15:17:09.803,https://files-api.properstar.com/api/v2/files/2173a578-2a1c-43d2-9347-6a864ce6a356/1; https://files-api.properstar.com/api/v2/files/9be09c16-6f97-453d-af83-603463728596/1; https://files-api.properstar.com/api/v2/files/f7628d4e-5e1c-4959-aef5-e6c19bb45500/1
117932911,"House at auction in Ayuntamiento, La Paz, Baja California Sur",https://www.properstar.co.uk/listing/117932911,"GBP 19,977","ANTONIO MA RUIZ, Ayuntamiento, La Paz, Mexico",24.048907,-110.296358,2,1,645.8349,House,Servicios Profesionales de Enlaces Jurídicos,2026-07-07T15:17:09.803,https://files-api.properstar.com/api/v2/files/4e7d08c5-0736-47bd-bc71-cea600b3067d/1; https://files-api.properstar.com/api/v2/files/5efd9699-df79-4e29-9f33-69d5a8d490ae/1; https://files-api.properstar.com/api/v2/files/f2f8eb5c-1609-4789-af7f-dd1cd1039410/1; https://files-api.properstar.com/api/v2/files/8838d1ad-1b20-4fce-8d6b-fdb4a846f2c0/1; https://files-api.properstar.com/api/v2/files/712fb9f3-39ad-43a7-93e3-d21cc2a10530/1
117994434,"House at auction in Paseos del Sol, La Paz, Baja California Sur",https://www.properstar.co.uk/listing/117994434,"GBP 21,233","andromeda, 120, Paseos del Sol, La Paz, Mexico",24.106366,-110.31449,3,3,1076.39148,House,inversiones.inteligentes.mas@gmail.com,2026-07-07T15:17:09.803,https://files-api.properstar.com/api/v2/files/9f0875bd-fb1c-4fac-b8e8-19119f333d33/1; https://files-api.properstar.com/api/v2/files/84a75f54-9238-4499-8462-9c87c7098638/1; https://files-api.properstar.com/api/v2/files/d0a85324-cae4-44e2-9fc6-cfd63c1a0fcf/1; https://files-api.properstar.com/api/v2/files/dcbef1ac-103a-49bb-b7c5-b2a7e2d6c154/1; https://files-api.properstar.com/api/v2/files/df357ccd-2a42-4f2f-863d-46a4cc0a3913/1; https://files-api.properstar.com/api/v2/files/c9bc02d8-079c-4d63-92e8-b1e844d7f75f/1; https://files-api.properstar.com/api/v2/files/1a6701e6-00e3-4495-9781-c750371b5895/1
117922754,"House at auction in El Palmar I, La Paz, Baja California Sur",https://www.properstar.co.uk/listing/117922754,"GBP 28,617","PALMA DATILERA, El Palmar I, La Paz, Mexico",24.045052,-110.303227,2,1,968.7523,House,BLANCA ESPINOSA,2026-07-07T15:17:09.803,https://files-api.properstar.com/api/v2/files/0888bf5f-5541-46cd-a334-13c5e76c0fd7/1; https://files-api.properstar.com/api/v2/files/6d64231c-af7e-443b-a163-33828604e041/1; https://files-api.properstar.com/api/v2/files/e06161d4-ee13-496e-bb7e-b26785f4f86b/1; https://files-api.properstar.com/api/v2/files/08343299-637e-4530-b4b2-f27b1bfeeb67/1; https://files-api.properstar.com/api/v2/files/6d673e7b-1571-4b31-8b88-50a8a770871b/1; https://files-api.properstar.com/api/v2/files/f263195c-2e4c-4c25-b701-b8d0b917e60a/1; https://files-api.properstar.com/api/v2/files/2c1dba4d-4fdc-4096-a8b8-91224e2a4d4d/1; https://files-api.properstar.com/api/v2/files/c107d5e9-6cbb-4f1c-80b0-d3be4434a679/1; https://files-api.properstar.com/api/v2/files/66246e6c-ce00-479a-b84b-12b36b948165/1; https://files-api.properstar.com/api/v2/files/29e4c225-38db-4551-9877-cb3a7c0fe05f/1; https://files-api.properstar.com/api/v2/files/273461d7-2f21-4d10-ba79-59570b2441a8/1
117951194,"House for sale in Guerrero, La Paz, Baja California Sur",https://www.properstar.co.uk/listing/117951194,"GBP 173,333","Juan Domínguez Cota, 1753, Guerrero, La Paz, Mexico",24.143629,-110.294348,2,2,1991.32422,House,Nido encuentra tu hogar ,2026-07-07T15:17:09.803,https://files-api.properstar.com/api/v2/files/70de663b-d26e-406b-99fc-3ff1f4d53438/1; https://files-api.properstar.com/api/v2/files/2de5d41b-03c3-485b-af21-e3e63343e172/1; https://files-api.properstar.com/api/v2/files/7417c0b5-e750-4465-afef-77a8e96663f4/1; https://files-api.properstar.com/api/v2/files/31e6fb91-6883-41d3-8019-5e6b33514e66/1; https://files-api.properstar.com/api/v2/files/6f14cece-5799-4898-9587-41fb38faed32/1; https://files-api.properstar.com/api/v2/files/9cada44c-91c9-4efb-ab15-07500f582d12/1; https://files-api.properstar.com/api/v2/files/81e6c300-c7f7-47c1-a518-661e68a91964/1; https://files-api.properstar.com/api/v2/files/e7143962-4469-4748-90b2-7ee6b54ef18d/1; https://files-api.properstar.com/api/v2/files/d496bf37-b823-4298-84a5-1a88de3fe053/1; https://files-api.properstar.com/api/v2/files/a0e0773e-72e4-4d7c-8f34-2b9827c78332/1
117950267,"House at auction in Villas del Encanto, La Paz, Baja California Sur",https://www.properstar.co.uk/listing/117950267,"GBP 30,767","Villas del Encanto, La Paz, Mexico",24.112148,-110.314498,3,1,1237.85022,House,Christian Pancoatl Acosta,2026-07-07T15:17:09.803,https://files-api.properstar.com/api/v2/files/2c4f9710-e928-45a3-9b38-f5f367d93b9b/1
117950704,"House at auction in Villas del Encanto, La Paz, Baja California Sur",https://www.properstar.co.uk/listing/117950704,"GBP 23,833","Villas del Encanto, La Paz, Mexico",24.112148,-110.314498,3,1,818.0575,House,Christian Pancoatl Acosta,2026-07-07T15:17:09.803,https://files-api.properstar.com/api/v2/files/779265c3-31e3-4cab-bcaf-598ae51e088b/1
117950861,"House for sale in Benito Juarez, La Paz, Baja California Sur",https://www.properstar.co.uk/listing/117950861,"GBP 55,466","BRECHA  CALIFORNIA , 201, Benito Juarez, La Paz, Mexico",24.14481,-110.342171,2,2,1227.0863,House,Eduardo Cortes,2026-07-07T15:17:09.803,https://files-api.properstar.com/api/v2/files/03d6c4f4-a785-4beb-b504-125477141895/1; https://files-api.properstar.com/api/v2/files/2a88e47a-f05d-44e7-b113-712cd0028dae/1; https://files-api.properstar.com/api/v2/files/5c688c79-c5f9-4a04-972a-3963a6fe7aaa/1; https://files-api.properstar.com/api/v2/files/194f5459-8f70-45fc-af61-5a8e42d99609/1; https://files-api.properstar.com/api/v2/files/71bcaf3d-7eec-4631-9e78-b01535d6d9ed/1; https://files-api.properstar.com/api/v2/files/d8bbd466-144a-4a5d-806b-38ca0f899332/1; https://files-api.properstar.com/api/v2/files/17683a3c-a124-4d2b-a4fd-cbf8ba7804cb/1; https://files-api.properstar.com/api/v2/files/c372f95d-79a3-4a57-b553-0ff337d4c3d4/1; https://files-api.properstar.com/api/v2/files/6397a3c3-600b-44ca-bc7f-520ad5f8447f/1; https://files-api.properstar.com/api/v2/files/5b2e74cf-6e99-4fc2-bba0-42e7f4a424e7/1; https://files-api.properstar.com/api/v2/files/20a6a51e-2eea-4be1-b2d5-bfc8de64c0c1/1; https://files-api.properstar.com/api/v2/files/662ff4e0-e9dc-40e4-ae32-3743df7119e8/1; https://files-api.properstar.com/api/v2/files/b480ab95-496b-4948-a7c4-ff3afa9956c5/1; https://files-api.properstar.com/api/v2/files/de75fe3c-9a94-4272-8270-4236efb5ea5a/1; https://files-api.properstar.com/api/v2/files/8181e222-0a0d-4710-ac4f-3f06cb10a5dd/1
117955967,"House for sale in Arcoiris III, La Paz, Baja California Sur",https://www.properstar.co.uk/listing/117955967,"GBP 36,833","Arcoiris III, La Paz, Mexico",24.142641,-110.312753,2,1,538.1957,House,Dario Noé Leyva Estrada,2026-07-07T15:17:09.803,https://files-api.properstar.com/api/v2/files/30c297dd-c058-4f93-8a74-594daff13426/1; https://files-api.properstar.com/api/v2/files/ee76f7bb-e906-406d-be4c-1a10b3dfed3a/1; https://files-api.properstar.com/api/v2/files/fff71d7e-f5d8-4b95-a8f3-b90872eb9dd1/1; https://files-api.properstar.com/api/v2/files/d66fea97-4a3f-4f4b-934a-0b483360f321/1
117947607,"House for sale in VIVAH El Progreso, La Paz, Baja California Sur",https://www.properstar.co.uk/listing/117947607,"GBP 26,433","KOTAJUA, 182, VIVAH El Progreso, La Paz, Mexico",24.084167,-110.3037,3,2,1291.6698,House,CRISTIAN FLORES,2026-07-09T06:55:06.83,https://files-api.properstar.com/api/v2/files/eb2ccc12-6aa7-4250-8ed7-927bd584e794/1; https://files-api.properstar.com/api/v2/files/d3838994-d8c2-4a7c-a36d-e266000c4072/1; https://files-api.properstar.com/api/v2/files/5796c79d-731f-4eb5-967c-882953555d71/1; https://files-api.properstar.com/api/v2/files/e81adad0-3336-4d47-8604-c96d008d71cd/1; https://files-api.properstar.com/api/v2/files/4a483fa9-d80a-47d8-a157-03f29e9228c6/1; https://files-api.properstar.com/api/v2/files/f344104b-eca8-4d4b-9006-027067cb7ad0/1; https://files-api.properstar.com/api/v2/files/c94301e8-b193-415e-8caf-29c6add55eea/1
117955554,"House for sale in San Rafael, La Paz, Baja California Sur",https://www.properstar.co.uk/listing/117955554,"GBP 74,281","ROBLE, San Rafael, La Paz, Mexico",24.088096,-110.339456,3,2,968.7523,House,Carlos ulises  Camara Morales,2026-07-07T15:17:09.803,https://files-api.properstar.com/api/v2/files/cc06292f-b694-4e33-995a-cd5509369940/1; https://files-api.properstar.com/api/v2/files/588c6ba8-0c9c-47e3-8daa-5545f4fa502f/1; https://files-api.properstar.com/api/v2/files/482ba35b-adcf-477e-a4b7-83beebe2f0fb/1; https://files-api.properstar.com/api/v2/files/0c448299-e999-47c8-8347-51423a94ee7d/1; https://files-api.properstar.com/api/v2/files/7905a046-e6cc-4455-867b-659b3cdf6851/1
117953871,"House at auction in El Progreso, La Paz, Baja California Sur",https://www.properstar.co.uk/listing/117953871,"GBP 26,953","rubi, El Progreso, La Paz, Mexico",24.082847,-110.302626,2,2,968.7523,House,Carlos ulises  Camara Morales,2026-07-07T15:17:09.803,https://files-api.properstar.com/api/v2/files/f60b14af-1acc-45ce-add7-16e11ca8d5ed/1; https://files-api.properstar.com/api/v2/files/4c3a9804-3c5b-443a-bc85-447c517c38e9/1; https://files-api.properstar.com/api/v2/files/d198357c-86c7-47b9-a334-62e2cc242adf/1; https://files-api.properstar.com/api/v2/files/4fdec1f4-cc19-46f6-98a3-1bc168ea3236/1; https://files-api.properstar.com/api/v2/files/6bf78c9f-5cc2-486a-9877-1000cb7bb293/1; https://files-api.properstar.com/api/v2/files/cfb7f943-2b11-43d6-99d0-a567135a0abe/1; https://files-api.properstar.com/api/v2/files/fac39590-e96f-4ca3-962e-ebd4a7535f89/1
117969197,"Apartment for sale in Esterito, La Paz, Baja California Sur",https://www.properstar.co.uk/listing/117969197,"GBP 268,665","revolución, Esterito, La Paz, Mexico",24.168133,-110.307989,2,2,1291.6698,Apartment,Josefina Salazar,2026-07-07T15:17:09.803,https://files-api.properstar.com/api/v2/files/619701b6-7c6d-477a-a5b6-b9db1404897e/1; https://files-api.properstar.com/api/v2/files/e2398f9d-3d3b-473c-81ad-8ad1dc5fe82a/1; https://files-api.properstar.com/api/v2/files/49c72805-59db-4153-bc43-c412b180c3e3/1; https://files-api.properstar.com/api/v2/files/fd0290fb-689e-4b86-95f9-54208d429dcd/1; https://files-api.properstar.com/api/v2/files/f16e71dd-6dfa-409a-a2db-ea4618bdcc86/1
117969414,"House at auction in El Progreso, La Paz, Baja California Sur",https://www.properstar.co.uk/listing/117969414,"GBP 24,677","PERLA, El Progreso, La Paz, Mexico",24.083174,-110.302996,2,1,753.474,House,Brenda Ramirez,2026-07-07T15:17:09.803,https://files-api.properstar.com/api/v2/files/f60d51ef-cf51-4c32-8f9a-fc40a6c15391/1; https://files-api.properstar.com/api/v2/files/2dc1df5a-98cc-4a5a-b1ec-22d7dcdce951/1; https://files-api.properstar.com/api/v2/files/5b9aae4a-0a39-4a0d-90fe-9d295b769621/1; https://files-api.properstar.com/api/v2/files/e6d2e51b-7702-4488-83ea-465c6f8c8559/1; https://files-api.properstar.com/api/v2/files/d5181deb-f022-43b0-b78a-0477df8841bf/1; https://files-api.properstar.com/api/v2/files/f37d2069-d0b1-4d62-b33a-bbc1f481d0b5/1; https://files-api.properstar.com/api/v2/files/43a36167-732f-471e-82f5-16fd04f1633c/1; https://files-api.properstar.com/api/v2/files/043e6765-c4a6-4d2b-99fe-5c7e22b893bb/1; https://files-api.properstar.com/api/v2/files/33aaac39-99ca-4385-bf22-9879c43bc0ac/1; https://files-api.properstar.com/api/v2/files/fb86e275-1e24-46dc-a5c4-983c6efd581c/1; https://files-api.properstar.com/api/v2/files/8ecae5a9-3383-42cf-b77d-e1ef684d1c53/1
117974144,"House at auction in San José, La Paz, Baja California Sur",https://www.properstar.co.uk/listing/117974144,"GBP 36,833","BIZNAGA , 15, San José, La Paz, Mexico",24.138594,-110.329951,3,2,1291.6698,House,Fernanda Torres,2026-07-07T15:17:09.803,https://files-api.properstar.com/api/v2/files/2359e533-968d-40d7-9612-bbe9bcf9bd1b/1; https://files-api.properstar.com/api/v2/files/4cd078ae-3563-4714-a881-17c78802a418/1; https://files-api.properstar.com/api/v2/files/79fedcae-7765-4482-a8e5-c160e2b06332/1; https://files-api.properstar.com/api/v2/files/3d3aeab2-5baf-48d0-a437-21f2484056e9/1; https://files-api.properstar.com/api/v2/files/221002c3-0849-44e9-ba05-b4b4f54d280d/1; https://files-api.properstar.com/api/v2/files/4d3b73ff-32de-4e16-a136-de14e260a659/1; https://files-api.properstar.com/api/v2/files/b5ee24c5-4a0f-49d3-8468-0eea1b01ec95/1; https://files-api.properstar.com/api/v2/files/ec0b320d-d4a3-46db-8acd-36d3cc7b4b43/1; https://files-api.properstar.com/api/v2/files/aa7a9031-3c07-476d-a37d-263fb42a5d30/1
117968787,"House at auction in Bella Vista, La Paz, Baja California Sur",https://www.properstar.co.uk/listing/117968787,"GBP 19,635","La Purísima, Bella Vista, La Paz, Mexico",24.130486,-110.308138,4,3,1485.42017,House,Luis David Dicafhe,2026-07-07T15:17:09.803,https://files-api.properstar.com/api/v2/files/cbcaa6cb-a608-4d48-86a9-96fe72c018a4/1; https://files-api.properstar.com/api/v2/files/07e0548a-af0f-430c-9c00-8ca93c46462a/1; https://files-api.properstar.com/api/v2/files/eeb41041-d5d5-4d9a-b925-6832736818cf/1
117883284,"House for sale in Pedregal de la Paz, La Paz, Baja California Sur",https://www.properstar.co.uk/listing/117883284,"GBP 1,429,514","CAMINO DEL MARMOL, Pedregal de la Paz, La Paz, Mexico",24.203435,-110.297391,4,5,4413.205,House,Patricia Calderon,2026-07-07T15:17:09.803,https://files-api.properstar.com/api/v2/files/bc1ae5e5-f435-4685-b028-cc748389b657/1; https://files-api.properstar.com/api/v2/files/b9eb6a54-9c94-4ebc-b394-788afd1377b4/1; https://files-api.properstar.com/api/v2/files/4bffe6df-c502-465c-af79-d0109fbe5876/1; https://files-api.properstar.com/api/v2/files/7ea36b24-73e5-4099-8518-8818c40e2d36/1; https://files-api.properstar.com/api/v2/files/70f84dcf-e881-4bd8-b6d1-3de8aac2a8d2/1; https://files-api.properstar.com/api/v2/files/88f467d2-4592-4187-8cc0-258e1cf32b21/1; https://files-api.properstar.com/api/v2/files/05a595cc-6a47-4563-af36-861611021a2b/1; https://files-api.properstar.com/api/v2/files/46385f94-0fde-47f8-8124-f9c93a6da60a/1; https://files-api.properstar.com/api/v2/files/64c5364e-4ded-4e94-8cb7-0cf52034569e/1
117969569,"House for sale in Bella Vista, La Paz, Baja California Sur",https://www.properstar.co.uk/listing/117969569,"GBP 21,667","San Antonio, 123, Bella Vista, La Paz, Mexico",24.126762,-110.311519,4,3,2497.22827,House,Yaxunuh,2026-07-07T15:17:09.803,https://files-api.properstar.com/api/v2/files/04be6286-5aee-4af2-bd7c-eae753e6de8a/1; https://files-api.properstar.com/api/v2/files/2e7740aa-2445-4b17-984a-adf3fabe29c8/1; https://files-api.properstar.com/api/v2/files/d6fd8afc-ad8c-4d10-98f2-5ec5b075beb9/1; https://files-api.properstar.com/api/v2/files/40cbde9c-ec97-49dc-a0a0-02ad9ae82829/1; https://files-api.properstar.com/api/v2/files/c5f9922f-cd26-40ea-91fa-d6d15412ce87/1; https://files-api.properstar.com/api/v2/files/39c2ae08-3d80-4fda-a77b-8b39b072ee69/1; https://files-api.properstar.com/api/v2/files/a4acb266-3614-4cbf-addd-4807b998a49f/1; https://files-api.properstar.com/api/v2/files/3beb19db-8740-4112-aa7d-3c442f796811/1
117972730,"House at auction in La Estancia, La Paz, Baja California Sur",https://www.properstar.co.uk/listing/117972730,"GBP 28,947","KOTAJUA, La Estancia, La Paz, Mexico",24.082601,-110.300074,2,1,1291.6698,House,RUTH DE LA ROSA SOLIS,2026-07-07T15:17:09.803,https://files-api.properstar.com/api/v2/files/ee6e1ac8-ae33-4668-94da-2f3b3269f68e/1; https://files-api.properstar.com/api/v2/files/6a84420a-b405-4edf-b994-1ed15b685415/1; https://files-api.properstar.com/api/v2/files/8b036397-4eb2-485a-995d-e6a8e3aba9bf/1; https://files-api.properstar.com/api/v2/files/3ce2a3c3-042b-4ba4-8d7d-b8f877256858/1; https://files-api.properstar.com/api/v2/files/96be1aa1-a4a3-4d90-9179-1bcfb0853830/1
117970619,"House at auction in Nueva Puesta del Sol, La Paz, Baja California Sur",https://www.properstar.co.uk/listing/117970619,"GBP 13,867","Chichenitza, 528, Nueva Puesta del Sol, La Paz, Mexico",24.127775,-110.335891,3,1,1162.50281,House,Areli Sanchez,2026-07-07T15:17:09.803,https://files-api.properstar.com/api/v2/files/963dd592-f8e3-49b3-946c-8f09cd4e246a/1; https://files-api.properstar.com/api/v2/files/a1467824-616e-4143-baed-e5dac5e08886/1; https://files-api.properstar.com/api/v2/files/944f407e-2a7e-40a7-96e4-8ad723c73ffd/1; https://files-api.properstar.com/api/v2/files/18ac1d01-87ad-4d34-9bcc-b908b60c5a92/1; https://files-api.properstar.com/api/v2/files/7cba2ed5-79a1-4152-9090-2bf0c869130e/1; https://files-api.properstar.com/api/v2/files/33c5d6df-3bba-45d6-90bf-e2bd337c7784/1; https://files-api.properstar.com/api/v2/files/10e46d41-0a12-4908-bcd4-b0691145aefd/1; https://files-api.properstar.com/api/v2/files/524b5a1b-600c-4d78-9c92-648b7aafeca9/1
117961273,"House at auction in San Pedro, La Paz, Baja California Sur",https://www.properstar.co.uk/listing/117961273,"GBP 44,884","CARR. LA PAZ-SAN PEDRO, km 17, San Pedro, La Paz, Mexico",24.126239,-110.3069,3,2,1528.476,House,ANTONIO MARTINEZ,2026-07-07T15:17:09.803,https://files-api.properstar.com/api/v2/files/21498a0c-2f76-4b0e-ae60-380d459caddf/1; https://files-api.properstar.com/api/v2/files/3d51271c-d48f-4ae9-9e47-35f3b6fb3306/1; https://files-api.properstar.com/api/v2/files/639ded59-adb5-4739-a593-05f266b35d2a/1; https://files-api.properstar.com/api/v2/files/fe6a505b-999b-4088-b91b-bfde761a96af/1; https://files-api.properstar.com/api/v2/files/e5e0a69b-1a4d-4cc6-8194-a7a0d663f220/1; https://files-api.properstar.com/api/v2/files/29c39ad4-8989-4eb6-a48e-dcd9c251883b/1
117964799,"House at auction in Sector La Selva Fidepaz, La Paz, Baja California Sur",https://www.properstar.co.uk/listing/117964799,"GBP 126,112","DE LA MANTA RAYA, Sector La Selva Fidepaz, La Paz, Mexico",24.141701,-110.347265,3,3,1291.6698,House,Mayra Corona Ruiz Cabañas,2026-07-07T15:17:09.803,https://files-api.properstar.com/api/v2/files/e44ef751-0a92-4bab-995b-4904f397cefa/1; https://files-api.properstar.com/api/v2/files/92f11e6f-9ba0-4aeb-89f6-3b1e80b46145/1; https://files-api.properstar.com/api/v2/files/27f496e2-89fa-4671-be38-181b83f3dacd/1; https://files-api.properstar.com/api/v2/files/ce701848-8304-42ba-9bc3-6d371b76d76b/1; https://files-api.properstar.com/api/v2/files/46125a77-f115-47ed-b203-0602511546cc/1; https://files-api.properstar.com/api/v2/files/9321953c-91d8-4c13-acb8-1a191ad8904b/1; https://files-api.properstar.com/api/v2/files/1ee9f776-5b89-478e-b036-31c08058977b/1; https://files-api.properstar.com/api/v2/files/815f9982-d4ae-458b-abcd-7394b6f981a0/1; https://files-api.properstar.com/api/v2/files/511c8fa2-a4a3-460c-a1c2-dcf3ce708472/1; https://files-api.properstar.com/api/v2/files/35401f83-5774-4f44-8d92-cbefc6f095b7/1; https://files-api.properstar.com/api/v2/files/cc2834c2-67bf-4359-92bd-27392efedd6f/1; https://files-api.properstar.com/api/v2/files/78611fce-1842-4b9e-89c8-e86587c62851/1
117964179,"House for sale in El Progreso, La Paz, Baja California Sur",https://www.properstar.co.uk/listing/117964179,"GBP 30,290","Rio mayor, El Progreso, La Paz, Mexico",24.084167,-110.3037,3,2,2841.67358,House,Karina Serrano,2026-07-07T15:17:09.803,https://files-api.properstar.com/api/v2/files/476862a8-144b-4821-9557-6c7155f6669e/1; https://files-api.properstar.com/api/v2/files/7cf91469-9a2f-4843-abbd-95ebd56eec44/1; https://files-api.properstar.com/api/v2/files/22358315-101e-41d4-93c8-37389bb94c8c/1; https://files-api.properstar.com/api/v2/files/fd6349f2-b752-4d37-9fe5-0f5d2c13d7b2/1; https://files-api.properstar.com/api/v2/files/8e010818-e7f7-42a7-9d38-cb55be00c977/1; https://files-api.properstar.com/api/v2/files/d410ccd6-718d-4bf0-87d4-ac9a18ae357b/1; https://files-api.properstar.com/api/v2/files/c3fc8101-449f-445c-a363-d8a099da7496/1
117962649,"House for sale in Jardines de la Paz, La Paz, Baja California Sur",https://www.properstar.co.uk/listing/117962649,"GBP 27,300","Av La Cima, Fracc La Clima, 303, Jardines de la Paz, La Paz, Mexico",24.131923,-110.317849,3,3,2152.783,House,"GRUPO YAXUNUH S.A DE C.V,",2026-07-07T15:17:09.803,https://files-api.properstar.com/api/v2/files/4125bc9c-bdba-4d5f-9f3c-d0afedfd855a/1; https://files-api.properstar.com/api/v2/files/cfc1a7bc-c709-4236-92d8-278ec073a4eb/1; https://files-api.properstar.com/api/v2/files/0230d572-58f0-43a5-9d45-58e92c62ce85/1; https://files-api.properstar.com/api/v2/files/64b23e72-ec06-48fb-8475-2218c9cf5e10/1; https://files-api.properstar.com/api/v2/files/05ce9340-7a81-43be-8677-1b95458cef02/1; https://files-api.properstar.com/api/v2/files/512d74bd-20d4-4261-8dd1-559dbb8af782/1; https://files-api.properstar.com/api/v2/files/742841f1-5ce0-4de4-8cab-6e752f13efca/1; https://files-api.properstar.com/api/v2/files/7ba8484a-3be6-43be-9f59-c1c8d1ad7c6e/1; https://files-api.properstar.com/api/v2/files/55dea44b-a792-48eb-9062-6dc0975c0444/1
117962869,"House at auction in El Camino Real, La Paz, Baja California Sur",https://www.properstar.co.uk/listing/117962869,"GBP 37,266","PRIV.DE LA REDONDA, 286, El Camino Real, La Paz, Mexico",24.056885,-110.298093,3,3,1829.86548,House,Grupo Yaxunuh ,2026-07-07T15:17:09.803,https://files-api.properstar.com/api/v2/files/5851ba59-9ac1-49a0-8f72-95c5a4d9563e/1; https://files-api.properstar.com/api/v2/files/b85d9fc5-8a1e-4903-9525-528fd5ddba9c/1; https://files-api.properstar.com/api/v2/files/8e6232ca-2f28-4500-b1a7-5a4ebf2da8ea/1; https://files-api.properstar.com/api/v2/files/effc6907-208e-41f3-830d-d59909473c02/1; https://files-api.properstar.com/api/v2/files/434b0d71-ef17-4ac5-94b1-6372a22c4b87/1; https://files-api.properstar.com/api/v2/files/03a710a5-1468-49e8-854b-e24ae526c94e/1; https://files-api.properstar.com/api/v2/files/d485d7d8-2426-4e88-9521-500a1aae9de8/1; https://files-api.properstar.com/api/v2/files/304eddbb-8118-4349-80ed-ed9ad05d48d0/1
117963253,"House at auction in El Camino Real, La Paz, Baja California Sur",https://www.properstar.co.uk/listing/117963253,"GBP 36,833","DE LA REDONDA 259, El Camino Real, La Paz, Mexico",24.057085,-110.298657,3,3,3875.00928,House,Luis Saavedra,2026-07-07T15:17:09.803,https://files-api.properstar.com/api/v2/files/31c4c22f-45a9-4c0b-a2f5-d16b532cdae1/1; https://files-api.properstar.com/api/v2/files/4f4b4f7f-f956-444d-bc84-dbb355d21315/1; https://files-api.properstar.com/api/v2/files/796bdad5-13d6-456d-8b71-26b2c90ebc62/1; https://files-api.properstar.com/api/v2/files/5b8295c7-bd71-4ca6-9483-70bb2a4429d2/1; https://files-api.properstar.com/api/v2/files/0490eee8-890d-417c-ac1c-6fcbb3943331/1; https://files-api.properstar.com/api/v2/files/ef6fed46-253a-4342-9699-0366823d3967/1; https://files-api.properstar.com/api/v2/files/da0155ac-5b0a-4eda-8692-2eafa13a569a/1; https://files-api.properstar.com/api/v2/files/1efeca66-33ad-49e2-b702-cb2037586bc9/1; https://files-api.properstar.com/api/v2/files/c31c3d96-65b7-4205-bba8-62693cd736c7/1; https://files-api.properstar.com/api/v2/files/60825782-81e5-4c4d-910f-2f435a0e78c6/1; https://files-api.properstar.com/api/v2/files/fffac920-5606-44cc-8cd4-fc254d0a8bec/1
117966416,"House for sale in Villas del Encanto, La Paz, Baja California Sur",https://www.properstar.co.uk/listing/117966416,"GBP 19,500","Villa Flores, 305, Villas del Encanto, La Paz, Mexico",24.10327,-110.331988,3,2,2583.3396,House,"GRUPO YAXUNUH S.A DE C.V,",2026-07-07T15:17:09.803,https://files-api.properstar.com/api/v2/files/95feccac-f745-4c0c-8d3e-bf89834e156b/1; https://files-api.properstar.com/api/v2/files/327aac69-a5ab-41f1-b5fc-d912183cb47a/1; https://files-api.properstar.com/api/v2/files/b644d623-8339-472d-8ff9-ed813414d6e6/1; https://files-api.properstar.com/api/v2/files/c9b7982f-764f-47dc-b444-4a085a44edf7/1; https://files-api.properstar.com/api/v2/files/97e60682-cea7-4b9a-bf72-d85baa8bb9bc/1; https://files-api.properstar.com/api/v2/files/5d939712-2e8f-47f3-bbc5-df5456466a4a/1; https://files-api.properstar.com/api/v2/files/f5c1c1a3-3728-4eeb-8492-6482a7378f14/1; https://files-api.properstar.com/api/v2/files/c6ca896a-bde1-45c3-87fc-2e723d9f5bba/1
117960980,"House at auction in El Camino Real, La Paz, Baja California Sur",https://www.properstar.co.uk/listing/117960980,"GBP 36,833","De la Redonda , 259, El Camino Real, La Paz, Mexico",24.057085,-110.298657,3,3,1442.36462,House,Valeria Flores,2026-07-07T15:17:09.803,https://files-api.properstar.com/api/v2/files/1edbe6ef-f033-47e6-b374-f7bbf6e0f291/1; https://files-api.properstar.com/api/v2/files/962a8e99-f1f1-4df4-9e80-bf6898109273/1; https://files-api.properstar.com/api/v2/files/392c82f2-42dd-41ad-8aa7-4fba7ba3fc48/1; https://files-api.properstar.com/api/v2/files/dc7cac62-526d-4369-8db2-2a730e2d2fa2/1; https://files-api.properstar.com/api/v2/files/f4f05147-a09d-4ebd-ad8c-c411a708b786/1; https://files-api.properstar.com/api/v2/files/56e84b8c-feb5-4d6f-b305-74b8153e7118/1; https://files-api.properstar.com/api/v2/files/df4d90ca-3f14-46c3-82de-084e1dd331bc/1; https://files-api.properstar.com/api/v2/files/352ffcd2-927e-42a0-b04b-9a320ec06767/1; https://files-api.properstar.com/api/v2/files/de314010-02f4-47c3-a901-8486480c4c99/1; https://files-api.properstar.com/api/v2/files/ba0f4be0-ad5e-4ae9-ab24-31e42072d858/1
117955799,"House at auction in Bella Vista, La Paz, Baja California Sur",https://www.properstar.co.uk/listing/117955799,"GBP 128,266","San Antonio 00, Bella Vista, La Paz, Mexico",24.126762,-110.311519,2,2,5381.95752,House,CONSULTORES EN RECUPERACION INMOBILIARIA ,2026-07-07T15:17:09.803,https://files-api.properstar.com/api/v2/files/ea35d7cb-e0c3-4ab0-b444-17a6e88794ac/1; https://files-api.properstar.com/api/v2/files/0b07dd05-1cd3-43a2-966a-cf0016735fca/1; https://files-api.properstar.com/api/v2/files/352bc732-4dfd-4965-a298-f4a6e36d6c8e/1; https://files-api.properstar.com/api/v2/files/5093ef18-fb2e-4bd0-9a5b-a799bd1607c8/1; https://files-api.properstar.com/api/v2/files/c0925576-d7ff-470c-abb9-d3f3ffb0614b/1; https://files-api.properstar.com/api/v2/files/77b96d5d-15ff-4f6f-9d0d-1b6fa1ad9c84/1; https://files-api.properstar.com/api/v2/files/ddb559ef-ebd1-4cbe-a270-6e4c51631248/1; https://files-api.properstar.com/api/v2/files/27212300-96a9-4950-bedd-7adb759229d7/1; https://files-api.properstar.com/api/v2/files/7713fb5e-2804-49f9-bb1f-683b58205ace/1; https://files-api.properstar.com/api/v2/files/a0b0430a-c77d-4e38-a3d1-3d325de75c1b/1
117953353,"House for sale in Sudcalifornia, La Paz, Baja California Sur",https://www.properstar.co.uk/listing/117953353,"GBP 26,824","BAHIA DELA PAZ, Sudcalifornia, La Paz, Mexico",24.118436,-110.313367,2,2,1291.6698,House,ARSIM,2026-07-07T15:17:09.803,https://files-api.properstar.com/api/v2/files/02128ad2-95e4-48f3-b945-8a3437f115fd/1; https://files-api.properstar.com/api/v2/files/31120736-b617-460c-9441-2144c3001ef3/1; https://files-api.properstar.com/api/v2/files/383dd274-dab2-4ed7-9ca3-74f4a11597ec/1; https://files-api.properstar.com/api/v2/files/7a4718dd-5d8b-4b1d-ae36-dbedf6352de1/1; https://files-api.properstar.com/api/v2/files/c6b8a841-733c-432b-9557-2761a5638a03/1; https://files-api.properstar.com/api/v2/files/cc9e7f2d-2329-45c6-b4ec-dadbe3e318ff/1; https://files-api.properstar.com/api/v2/files/7d61b2a2-df2d-476f-8428-ce845b83f46c/1; https://files-api.properstar.com/api/v2/files/da9685d4-4229-4d2d-a950-896239a38968/1; https://files-api.properstar.com/api/v2/files/cdce9711-3997-43db-8af8-5b44c55817c7/1; https://files-api.properstar.com/api/v2/files/b3397b9f-91dc-47ad-9745-4bcec2718fb5/1; https://files-api.properstar.com/api/v2/files/e56ecf45-ae07-4bc8-bb7d-0b610fed96e8/1; https://files-api.properstar.com/api/v2/files/1cb9078d-a529-4162-9d11-2d17d6bdcccd/1; https://files-api.properstar.com/api/v2/files/01f7ad00-cd15-423b-9ea5-f9b6c58baf02/1
117955566,"Apartment at auction in 1 de Mayo, La Paz, Baja California Sur",https://www.properstar.co.uk/listing/117955566,"GBP 15,687","SERAPIO DOMINGUEZ OJEDA, 1 de Mayo, La Paz, Mexico",24.105262,-110.307796,2,2,1076.39148,Apartment,Carlos ulises  Camara Morales,2026-07-07T15:17:09.803,https://files-api.properstar.com/api/v2/files/2fa0ba28-023c-48e6-aa32-be5a683f261f/1; https://files-api.properstar.com/api/v2/files/a48277ae-b802-4a61-9ff0-0652cf2d7d01/1; https://files-api.properstar.com/api/v2/files/15a35c5f-f69f-46a3-9eec-8e58c6e3f5d0/1; https://files-api.properstar.com/api/v2/files/fa2dda8b-6c0c-42a8-970a-ac5b2825b26e/1; https://files-api.properstar.com/api/v2/files/bc520637-c323-4506-9d48-91832c9aa3f8/1; https://files-api.properstar.com/api/v2/files/ffed3214-929a-4bf6-b7db-47dec06ffc5e/1; https://files-api.properstar.com/api/v2/files/cc6667a7-3f94-4f5e-97a1-3502fb7d375a/1
117953726,"House at auction in Terranova, La Paz, Baja California Sur",https://www.properstar.co.uk/listing/117953726,"GBP 32,305","Terranova Sur, Terranova, La Paz, Mexico",24.079086,-110.312511,2,1,861.1132,House,Carlos ulises  Camara Morales,2026-07-07T15:17:09.803,https://files-api.properstar.com/api/v2/files/cdd6e54f-3884-4687-9f2b-7ffb08e7e2e9/1; https://files-api.properstar.com/api/v2/files/0926c530-dd34-4d95-b9d2-94787453b3aa/1; https://files-api.properstar.com/api/v2/files/4e9b6029-981b-497e-a890-10ea57997f56/1; https://files-api.properstar.com/api/v2/files/bfd8a618-d6c6-4194-8f53-1537f60ad298/1; https://files-api.properstar.com/api/v2/files/85bf2cf3-4868-4f88-861f-3242d4f6ddff/1; https://files-api.properstar.com/api/v2/files/ff3a0290-2df6-4a31-99a9-5d1b79a678e7/1; https://files-api.properstar.com/api/v2/files/009df3db-5955-47e2-bec2-496e7d962cbb/1; https://files-api.properstar.com/api/v2/files/6e94bf5c-8b7d-490f-bd65-56f16eed2b1a/1; https://files-api.properstar.com/api/v2/files/307e2cc1-1777-4ff7-b7ba-a134040298fe/1; https://files-api.properstar.com/api/v2/files/6134fb35-a132-4689-9546-049aa47b4467/1; https://files-api.properstar.com/api/v2/files/97cea629-e50f-4742-acfd-27916112b2c5/1
117954060,"House for sale in Rinconada las Californias, La Paz, Baja California Sur",https://www.properstar.co.uk/listing/117954060,"GBP 54,166","Rinconada las Californias, La Paz, Mexico",24.087149,-110.338701,2,1,581.2514,House,Dario Noé Leyva Estrada,2026-07-07T15:17:09.803,https://files-api.properstar.com/api/v2/files/021a3de6-8a58-40b1-87b4-ba6f5091bd42/1; https://files-api.properstar.com/api/v2/files/0107b37d-ad23-4b68-b371-0cc2f1fb4d6e/1; https://files-api.properstar.com/api/v2/files/8c9144dc-ea8e-4c73-8c27-4d56e9dc1c95/1
117956839,"House at auction in Ayuntamiento, La Paz, Baja California Sur",https://www.properstar.co.uk/listing/117956839,"GBP 19,327","JUAN ENCINAS, Ayuntamiento, La Paz, Mexico",24.0484,-110.296245,2,2,484.3762,House,Carlos ulises  Camara Morales,2026-07-07T15:17:09.803,https://files-api.properstar.com/api/v2/files/e0478924-80a1-4add-935d-048a8ed7ca2c/1; https://files-api.properstar.com/api/v2/files/31f55177-401c-4b2e-a57e-294201ff8e57/1; https://files-api.properstar.com/api/v2/files/8cad2020-12c1-49ec-8965-1102b7f146ad/1; https://files-api.properstar.com/api/v2/files/c485d998-c89f-4525-83d9-916e389a9563/1; https://files-api.properstar.com/api/v2/files/770c48c8-02b4-443f-908f-417ab2911c59/1; https://files-api.properstar.com/api/v2/files/77ab5662-caa4-4b73-99a2-898c72bb7825/1; https://files-api.properstar.com/api/v2/files/307acd2d-790e-4f82-b7b0-d65d9af84f10/1
117934079,"House at auction in Bella Vista, La Paz, Baja California Sur",https://www.properstar.co.uk/listing/117934079,"GBP 54,154","SAN JOSE DEL CABO, Bella Vista, La Paz, Mexico",24.124645,-110.309903,3,1,861.1132,House,Servicios Profesionales de Enlaces Jurídicos,2026-07-07T15:17:09.803,https://files-api.properstar.com/api/v2/files/88ceb4a2-38c4-4c92-a2d0-35078d55f7fc/1; https://files-api.properstar.com/api/v2/files/c228bfeb-22bd-44d1-9d72-a2aec4fa1ad7/1; https://files-api.properstar.com/api/v2/files/e9397b2c-54cb-48f5-9861-c039b931078e/1; https://files-api.properstar.com/api/v2/files/b73da506-9005-4a87-bfff-6cad99841ffb/1
117934466,"House at auction in Ayuntamiento, La Paz, Baja California Sur",https://www.properstar.co.uk/listing/117934466,"GBP 19,977","Ayuntamiento de Mulege, Ayuntamiento, La Paz, Mexico",24.050248,-110.299828,3,1,645.8349,House,Servicios Profesionales de Enlaces Jurídicos,2026-07-07T15:17:09.803,https://files-api.properstar.com/api/v2/files/f00e7ff5-e071-480a-8f27-1c8ce96d0ec6/1; https://files-api.properstar.com/api/v2/files/712f27b8-517d-4e1b-a9e2-499caa054443/1; https://files-api.properstar.com/api/v2/files/5a193f29-3a9b-4dff-a807-cd6a22d8e8fd/1; https://files-api.properstar.com/api/v2/files/e2c87b00-5987-41d9-8154-564dbd95b715/1; https://files-api.properstar.com/api/v2/files/d116588f-5934-4b0d-9dad-b674c447cd0f/1; https://files-api.properstar.com/api/v2/files/5afc850a-0e63-4554-9289-af04818dbbf2/1; https://files-api.properstar.com/api/v2/files/61991c30-e083-4996-bbac-a77335987b52/1; https://files-api.properstar.com/api/v2/files/3bce41f7-3ba5-4d29-a265-797ba89b2ca2/1; https://files-api.properstar.com/api/v2/files/5ce0e11e-2d01-4ea1-8d89-e1d04968b441/1; https://files-api.properstar.com/api/v2/files/cd1f6510-86be-43fe-a413-ae1f353a341d/1; https://files-api.properstar.com/api/v2/files/96ac649c-0780-4aba-a830-5fdb8972a405/1
117935276,"House at auction in Los Cactus, La Paz, Baja California Sur",https://www.properstar.co.uk/listing/117935276,"GBP 30,127","Papaya, 135, Los Cactus, La Paz, Mexico",24.12486,-110.32378,3,2,807.2936,House,Servicios Profesionales de Enlaces Jurídicos,2026-07-07T15:17:09.803,https://files-api.properstar.com/api/v2/files/e4819be2-f4bf-4f44-8aeb-2ec7c5801bf1/1; https://files-api.properstar.com/api/v2/files/24088395-1c5f-4933-83e2-b3734f8770a7/1; https://files-api.properstar.com/api/v2/files/38971013-c510-472d-89a9-7697488080e4/1; https://files-api.properstar.com/api/v2/files/97a5c1d2-9e33-4db5-a0c3-7fc7b017a377/1; https://files-api.properstar.com/api/v2/files/a132742f-311f-4205-803e-6c14ad375318/1; https://files-api.properstar.com/api/v2/files/b9a67456-798c-476c-abc5-34eaaff75385/1
117935353,"House at auction in Diana Laura, La Paz, Baja California Sur",https://www.properstar.co.uk/listing/117935353,"GBP 25,274","MAR, Diana Laura, La Paz, Mexico",24.079588,-110.316691,2,1,699.6545,House,Servicios Profesionales de Enlaces Jurídicos,2026-07-07T15:17:09.803,https://files-api.properstar.com/api/v2/files/88fa0081-d3eb-4abd-9e82-033cf3791f63/1; https://files-api.properstar.com/api/v2/files/07d55c00-5f9c-4d6a-bb11-4eef0a0315b9/1; https://files-api.properstar.com/api/v2/files/17ef12b5-298a-4f92-9024-01057f2bae0d/1; https://files-api.properstar.com/api/v2/files/f957bbe5-6fbd-4b50-9487-2cf8f48a6aa5/1; https://files-api.properstar.com/api/v2/files/9bb55e34-6f05-440a-9ac1-64a535314f15/1
117990293,"Apartment for sale in Bella Vista, La Paz, Baja California Sur",https://www.properstar.co.uk/listing/117990293,"GBP 21,667","C. San Antonio, 123, Bella Vista, La Paz, Mexico",24.127302,-110.309117,4,3,2497.22827,Apartment,Natan Mendoza,2026-07-07T15:17:09.803,https://files-api.properstar.com/api/v2/files/4691780b-dfb4-45c0-be8c-79663869eb56/1; https://files-api.properstar.com/api/v2/files/76f84570-98e9-4ca1-a4b8-835eb17baa01/1; https://files-api.properstar.com/api/v2/files/407323a3-d38b-4b59-bcb7-953eb227c261/1; https://files-api.properstar.com/api/v2/files/01dfb8fb-6fe1-4f5b-a8b5-68e78720406a/1; https://files-api.properstar.com/api/v2/files/2feab507-19aa-4ce3-a7bc-4bf2cecc0330/1; https://files-api.properstar.com/api/v2/files/59f27cb8-f668-41e6-89a1-120e964129e5/1; https://files-api.properstar.com/api/v2/files/262f7795-da33-4171-b760-af4ece33428f/1; https://files-api.properstar.com/api/v2/files/ee435805-6a0d-4aa1-a946-112e1132c711/1
117924463,"House at auction in La Fuente, La Paz, Baja California Sur",https://www.properstar.co.uk/listing/117924463,"GBP 50,553","DEL AGUA, 220, La Fuente, La Paz, Mexico",24.061862,-110.303704,2,1,645.8349,House,BLANCA ESPINOSA,2026-07-07T15:17:09.803,https://files-api.properstar.com/api/v2/files/0f05c81b-4cec-4a9f-ade0-b66fd2983f2d/1; https://files-api.properstar.com/api/v2/files/575d2f69-935d-442b-87c6-dca3b22832d4/1; https://files-api.properstar.com/api/v2/files/50e32944-15e0-459b-8460-e29e1f96c1d3/1; https://files-api.properstar.com/api/v2/files/494919bb-6f21-46f9-99b9-dd25b2a02ee0/1; https://files-api.properstar.com/api/v2/files/126e43b8-dc5e-4a81-8389-5b6e740e6bce/1; https://files-api.properstar.com/api/v2/files/d35c4ada-673a-4a71-9a51-9bc2e668f6a9/1
117922573,"House at auction in Terranova, La Paz, Baja California Sur",https://www.properstar.co.uk/listing/117922573,"GBP 32,305","TERRANOVA SUR, Terranova, La Paz, Mexico",24.079086,-110.312511,2,1,1184.03064,House,BLANCA ESPINOSA,2026-07-07T15:17:09.803,https://files-api.properstar.com/api/v2/files/93843410-7201-49fd-9588-4736a104c960/1; https://files-api.properstar.com/api/v2/files/03d179f2-ed91-4bf4-accd-f2f0c03908ee/1; https://files-api.properstar.com/api/v2/files/3fd59218-e8d0-4d85-8c82-03aacc61c294/1; https://files-api.properstar.com/api/v2/files/ca21aacb-2519-49c2-865c-5840236938ff/1; https://files-api.properstar.com/api/v2/files/0cc5405c-3332-4b49-94a3-6fac877b4d60/1; https://files-api.properstar.com/api/v2/files/e8eaed6d-5c00-48b1-b5de-3882cbee76af/1; https://files-api.properstar.com/api/v2/files/dacf2151-b292-4b1b-8f3e-ed64257a559a/1; https://files-api.properstar.com/api/v2/files/313aeccd-625a-4884-8808-6724fcabd651/1
117984676,"House for sale in Bella Vista, La Paz, Baja California Sur",https://www.properstar.co.uk/listing/117984676,"GBP 21,667","C. SAN ANTONIO , 123, Bella Vista, La Paz, Mexico",24.127302,-110.309117,4,3,2475.70044,House,Cristian Salvador,2026-07-07T15:17:09.803,https://files-api.properstar.com/api/v2/files/465ba6f3-f15b-40eb-bbab-41a3aade4552/1; https://files-api.properstar.com/api/v2/files/3b788982-76ca-4756-9772-9bec3c45e73d/1; https://files-api.properstar.com/api/v2/files/2840e906-bcb9-4c83-97fd-0e0fd40feeef/1; https://files-api.properstar.com/api/v2/files/654fcef8-ee3b-464e-b7b7-acd560d51a6e/1; https://files-api.properstar.com/api/v2/files/e1da474c-da7e-439d-8da5-c5dab902c64f/1; https://files-api.properstar.com/api/v2/files/b8234f25-2e10-4bd9-8d8b-1a92b8090af5/1; https://files-api.properstar.com/api/v2/files/243c9166-aaef-44be-a75c-ba9d7e21d927/1; https://files-api.properstar.com/api/v2/files/458c1aca-2c94-4744-a977-677bf0bc24d6/1
117981110,"House for sale in Paraiso del Sol, La Paz, Baja California Sur",https://www.properstar.co.uk/listing/117981110,"GBP 30,250","CIRCUITO BAHIA DE SANTA ELENA, Paraíso del Sol, La Paz, Mexico",24.090112,-110.33208,3,2,1291.6698,House,Ernesto Gervacio,2026-07-07T15:17:09.803,https://files-api.properstar.com/api/v2/files/a4bcbfd3-cf51-41f3-8501-3d7abb5780ee/1; https://files-api.properstar.com/api/v2/files/d414535b-ec85-49a5-ae6f-bfdfc1fd21f3/1; https://files-api.properstar.com/api/v2/files/a334dc95-6e65-4465-ae44-f86d0bbff865/1; https://files-api.properstar.com/api/v2/files/0db5b686-cb41-49a4-91df-531ef17254fa/1; https://files-api.properstar.com/api/v2/files/2a402ab8-2773-4c6f-8d3d-3d301204151f/1; https://files-api.properstar.com/api/v2/files/8a357ac2-9138-40e7-be51-a4310916e00f/1; https://files-api.properstar.com/api/v2/files/7b7a8a51-1f49-4edd-91b2-4412d5f5508a/1; https://files-api.properstar.com/api/v2/files/b1339752-8758-4702-9464-f938c6f9f602/1; https://files-api.properstar.com/api/v2/files/d068132a-9b03-43e7-96fa-a46983c73586/1; https://files-api.properstar.com/api/v2/files/6a81f763-da91-421b-8d06-ee873d8b189e/1; https://files-api.properstar.com/api/v2/files/d35ad366-ddd7-44ab-9882-890a0975127f/1
117978543,"House for sale in Bella Vista, La Paz, Baja California Sur",https://www.properstar.co.uk/listing/117978543,"GBP 33,583","Todos Santos , 113, Bella Vista, La Paz, Mexico",24.122396,-110.311547,3,2,2368.06128,House,Karem Rosas,2026-07-07T15:17:09.803,https://files-api.properstar.com/api/v2/files/05b13081-87f6-4ed0-95d2-805e55be8458/1; https://files-api.properstar.com/api/v2/files/72408156-4647-4b36-9333-85b3efe16774/1; https://files-api.properstar.com/api/v2/files/c71d83ec-1627-4db9-9ade-4735510bb5de/1; https://files-api.properstar.com/api/v2/files/c76327d4-7de6-4344-b342-549bcbf99acc/1; https://files-api.properstar.com/api/v2/files/bcd7d445-dea9-470f-8413-95f2585619b1/1; https://files-api.properstar.com/api/v2/files/43229ad4-6ee3-48bc-b4e1-c41a692774fa/1; https://files-api.properstar.com/api/v2/files/eaac3995-d60d-468f-a7dc-97198ff64639/1; https://files-api.properstar.com/api/v2/files/d3bf7f08-8ebd-4c75-91b5-aa0c529c00c8/1; https://files-api.properstar.com/api/v2/files/f00f05cf-8288-48f1-a1e9-43dbd8de600b/1; https://files-api.properstar.com/api/v2/files/e7ef4ca2-554f-4579-947d-d8ee4e12dfcb/1; https://files-api.properstar.com/api/v2/files/fd7f1ff2-069d-4159-9f5a-5facff17b9b5/1; https://files-api.properstar.com/api/v2/files/b9d379b4-34f3-4633-a932-7e18c6662a1b/1; https://files-api.properstar.com/api/v2/files/a1595586-dc92-4678-9611-9d9cc020e463/1; https://files-api.properstar.com/api/v2/files/5bc6cb55-e82f-4081-aa5f-52b051b5e0dd/1; https://files-api.properstar.com/api/v2/files/b1f2ad69-9db7-46d7-9f00-ae417bc607da/1; https://files-api.properstar.com/api/v2/files/fe623374-0070-49db-952a-a23f2b6eb6f7/1; https://files-api.properstar.com/api/v2/files/553dc37f-f9fe-42b5-b492-ca3764705a2b/1; https://files-api.properstar.com/api/v2/files/373b449a-05e3-465f-8a9f-1a6e2e59d369/1; https://files-api.properstar.com/api/v2/files/dac6a825-efc6-4263-be37-e20ab8b748d8/1; https://files-api.properstar.com/api/v2/files/38f812a6-05c9-469a-92d3-ca565f0d6e6a/1; https://files-api.properstar.com/api/v2/files/faa26d2b-205a-4ea6-a4c3-01ea78e8d2b2/1; https://files-api.properstar.com/api/v2/files/49515120-3721-4e4d-8b05-2f1164679de1/1; https://files-api.properstar.com/api/v2/files/dd277f31-bebe-4b5d-b496-592a487eec34/1; https://files-api.properstar.com/api/v2/files/9cc6e7a3-0352-4117-ba22-81b81dd1d1fc/1; https://files-api.properstar.com/api/v2/files/ac4464c3-43fe-471c-82c3-437138705498/1; https://files-api.properstar.com/api/v2/files/954b1282-437e-491e-9bfd-1c38c1a80288/1; https://files-api.properstar.com/api/v2/files/35529d1a-65ea-4932-80a3-4bdb77b88dee/1; https://files-api.properstar.com/api/v2/files/aa858ef1-9d77-4ce8-9424-c8990638d9d1/1; https://files-api.properstar.com/api/v2/files/bbaaa90a-b42e-495a-b472-51db1e0f5101/1; https://files-api.properstar.com/api/v2/files/93969a0c-a333-4cb1-b73d-398bbffe279b/1
117979470,"House for sale in San Pablo Guelatao, La Paz, Baja California Sur",https://www.properstar.co.uk/listing/117979470,"GBP 47,666","Concejales , 950, San Pablo Guelatao, La Paz, Mexico",24.143934,-110.279713,2,1,1237.85022,House,Karem Rosas,2026-07-07T15:17:09.803,https://files-api.properstar.com/api/v2/files/9df5d399-992a-4096-9715-770d3e6c73e5/1; https://files-api.properstar.com/api/v2/files/6c7a04b6-6ab0-4507-a07a-b3ac3366cd0f/1; https://files-api.properstar.com/api/v2/files/1ed5efab-4d86-4ca2-891e-42db030b6c53/1; https://files-api.properstar.com/api/v2/files/b2d97826-9c9b-492c-b6a8-452c649bc4ac/1; https://files-api.properstar.com/api/v2/files/7422783a-1a06-4bf1-a9b9-73d3167c97ef/1; https://files-api.properstar.com/api/v2/files/45da2ad0-1040-4db5-9448-2aae9e17a6cc/1; https://files-api.properstar.com/api/v2/files/d969ef30-0d7e-46a3-bb42-98901d123869/1; https://files-api.properstar.com/api/v2/files/706753c1-fea0-44a4-8e23-7b60898e062d/1; https://files-api.properstar.com/api/v2/files/3d842e43-bdc5-49f6-a2b6-5adf5f3be467/1; https://files-api.properstar.com/api/v2/files/e05a22f0-e250-482b-9e61-e2e8f94c396f/1; https://files-api.properstar.com/api/v2/files/5e76c8ff-1e11-4bc7-83e6-f8f3556a6ca6/1; https://files-api.properstar.com/api/v2/files/5b947406-0e8d-4f63-aa83-a9271de4085b/1; https://files-api.properstar.com/api/v2/files/8e1b9cfa-631e-4e5a-a152-3f89299e3894/1; https://files-api.properstar.com/api/v2/files/c2a4387c-9e30-4d7f-bfea-5e074f3bace3/1; https://files-api.properstar.com/api/v2/files/fd29a418-4d56-49d3-b855-061c48e21a88/1; https://files-api.properstar.com/api/v2/files/711c6bc7-72c9-4c2a-bcb8-19e011f411ef/1; https://files-api.properstar.com/api/v2/files/dcef24dc-af46-4ab6-a0e5-a059bdb824c4/1; https://files-api.properstar.com/api/v2/files/c5cca6c5-d60d-46f1-9017-8372e49dae7b/1; https://files-api.properstar.com/api/v2/files/80289f4e-03aa-422a-ad1e-87ae8e473514/1; https://files-api.properstar.com/api/v2/files/44c6f732-c174-47f1-93ef-eb5350a1ecbf/1; https://files-api.properstar.com/api/v2/files/8e2d6308-6eec-4be0-b3b0-d1bf71611bad/1; https://files-api.properstar.com/api/v2/files/27a8ce30-ea98-4b06-8643-050f971dc4d8/1; https://files-api.properstar.com/api/v2/files/b5ad5dcb-d2d1-49cc-8c01-4b206d4da904/1; https://files-api.properstar.com/api/v2/files/87c30d91-9136-4216-8864-7abecf7a6167/1; https://files-api.properstar.com/api/v2/files/6d63c8b3-4885-4702-8747-2e323785b105/1; https://files-api.properstar.com/api/v2/files/a9747e5d-861b-42b2-a2a8-5b7eb012ee5e/1; https://files-api.properstar.com/api/v2/files/85e63b68-4cd5-4e43-b4e8-3d8924554b57/1; https://files-api.properstar.com/api/v2/files/a1124a23-2bee-42ea-9f06-1f4e9a89e034/1
118452053,"CONDOMINIUM FOR SALE LA PAZ, BCS, EL CENTENARIO",https://www.properstar.co.uk/listing/118452053,"GBP 377,538","Carretera transpeninsular 244, La Paz, Mexico",24.152756,-110.298115,2,2,1550.00366,Apartment,SUNSHINE REALTY,2026-07-07T03:27:30.72,https://files-api.properstar.com/api/v2/files/3591d81d-6757-47da-a0da-f9b4b00dd276/1; https://files-api.properstar.com/api/v2/files/6bcdcf85-aaa6-4a5e-9591-b1ab2dea3de8/1; https://files-api.properstar.com/api/v2/files/0a16dcb4-2c1d-4588-9127-1c61e59082ff/1; https://files-api.properstar.com/api/v2/files/fb6509b9-69f2-4389-b414-246e5f6d0692/1; https://files-api.properstar.com/api/v2/files/b954896d-9fac-41e4-b371-fa4d3684e5a4/1; https://files-api.properstar.com/api/v2/files/d79ecae3-d448-4473-80b0-fa85b153971c/1; https://files-api.properstar.com/api/v2/files/99b627c1-4a1a-4ca2-88a9-e802a412e79e/1; https://files-api.properstar.com/api/v2/files/d1410f31-0ffb-495e-9b37-1785391f4600/1; https://files-api.properstar.com/api/v2/files/12e4f516-4505-4057-a1d6-efba25de35cd/1; https://files-api.properstar.com/api/v2/files/4c74b1cf-9b12-47e2-9a61-b64d7b081afb/1; https://files-api.properstar.com/api/v2/files/585f8a09-d6c0-47da-afc7-1a90dee244d5/1; https://files-api.properstar.com/api/v2/files/c0e93b7a-6011-4796-84c8-c7102830cbd8/1; https://files-api.properstar.com/api/v2/files/6bbc8159-1a08-4d38-9047-f046f7c304ae/1; https://files-api.properstar.com/api/v2/files/384c64d8-4f03-4253-a8bd-0dc8b3eef45a/1; https://files-api.properstar.com/api/v2/files/bdcbcfce-df56-46ba-a336-6a857ea8aeb4/1; https://files-api.properstar.com/api/v2/files/b816e000-8eec-4d76-b5de-724bc19debd7/1; https://files-api.properstar.com/api/v2/files/d15370d4-4dc0-4dd3-8bac-dab9ccac3979/1; https://files-api.properstar.com/api/v2/files/20a4a1dd-adf6-4775-824a-7903de53ef20/1; https://files-api.properstar.com/api/v2/files/f2b55a23-a729-4cfc-a5eb-42f557bbc696/1; https://files-api.properstar.com/api/v2/files/f4d0c6c4-ab10-474e-8740-b24c8bf2ee04/1; https://files-api.properstar.com/api/v2/files/2182a394-0ee7-4e0c-bec8-1b837b841859/1; https://files-api.properstar.com/api/v2/files/62d346cd-1d16-48b3-b7b7-40e6262eabf4/1; https://files-api.properstar.com/api/v2/files/e67bd054-ab5f-4736-891f-62dd4eab31d9/1; https://files-api.properstar.com/api/v2/files/d2190858-3ea0-4ea8-9154-8908881bb6bc/1
118003880,"House for sale in Quintas San Patricio, La Paz, Baja California Sur",https://www.properstar.co.uk/listing/118003880,"GBP 19,500","Villa De Las Flores, Quintas San Patricio, La Paz, Mexico",24.104071,-110.324745,3,2,1614.58716,House,Ernesto Olmos Robles,2026-07-07T15:17:09.803,https://files-api.properstar.com/api/v2/files/5e49d02a-02c0-40c8-a09b-f92af6f99559/1; https://files-api.properstar.com/api/v2/files/ff25487b-5c90-479a-89c1-76dc0a6be04f/1; https://files-api.properstar.com/api/v2/files/043f72fb-227e-42d4-b381-a3a24971dc18/1; https://files-api.properstar.com/api/v2/files/712c6079-12ec-4caf-b80f-36a76a1f9cfc/1; https://files-api.properstar.com/api/v2/files/b0d77e3d-7ec1-4a09-85c6-2cc7447ddc6b/1; https://files-api.properstar.com/api/v2/files/7ce5d39d-7fe5-4939-b2c4-069cce29af04/1; https://files-api.properstar.com/api/v2/files/38bf1a64-234e-4858-adf6-c7fddaf5364c/1; https://files-api.properstar.com/api/v2/files/d52b7ab6-c90d-4ca9-98f7-f036cac8412e/1
117906215,"House at auction in Terranova, La Paz, Baja California Sur",https://www.properstar.co.uk/listing/117906215,"GBP 32,305","TERRANOVA SUR, Terranova, La Paz, Mexico",24.079086,-110.312511,3,2,1076.39148,House,FLOR DIAZ,2026-07-07T15:17:09.803,https://files-api.properstar.com/api/v2/files/b23ccb5b-2de1-46c9-9fd8-69e03968c194/1; https://files-api.properstar.com/api/v2/files/fb0daca5-8367-4f95-8178-59049ce05544/1; https://files-api.properstar.com/api/v2/files/62c005d6-2586-4ffb-a6b6-d3332922aaba/1; https://files-api.properstar.com/api/v2/files/8fe7502f-6e31-4e5a-b7fa-2d86820ba7dd/1; https://files-api.properstar.com/api/v2/files/a9363dbe-d8b6-45ab-8b64-4204a5028bcd/1; https://files-api.properstar.com/api/v2/files/cc59ac08-adcf-4810-a035-928494f8ba75/1; https://files-api.properstar.com/api/v2/files/850cffb4-370b-4008-aa4f-6408bd8c6284/1; https://files-api.properstar.com/api/v2/files/bb135f4e-1cf6-4daf-93f5-180ef6b3f1e6/1
117910472,"House at auction in Los Tabachines, La Paz, Baja California Sur",https://www.properstar.co.uk/listing/117910472,"GBP 22,100","ISALA ESPIRITU SANTO, 242, Los Tabachines, La Paz, Mexico",24.079581,-110.304553,3,1,2798.618,House,FRANCISCO MARIN,2026-07-07T15:17:09.803,https://files-api.properstar.com/api/v2/files/c288edff-851e-458c-b0d7-d3bce49da012/1; https://files-api.properstar.com/api/v2/files/b30000d9-3120-4081-a12e-27568dc19bb6/1; https://files-api.properstar.com/api/v2/files/83501cab-9686-48bc-a882-c56fa6601ebe/1; https://files-api.properstar.com/api/v2/files/47f281a9-a0c4-457f-92cf-d454526d5b54/1; https://files-api.properstar.com/api/v2/files/ce98f25c-318a-4634-899f-99e2a5a9c5b2/1
117915138,"House at auction in Paraiso del Sol, La Paz, Baja California Sur",https://www.properstar.co.uk/listing/117915138,"GBP 21,667","CIRCUITO DE LA BAHIA , 178, Paraíso del Sol, La Paz, Mexico",24.090295,-110.334909,2,1,1571.53149,House,FRANCISCO MARIN,2026-07-07T15:17:09.803,https://files-api.properstar.com/api/v2/files/cb89714e-069a-444f-ae1e-194840dd6eff/1; https://files-api.properstar.com/api/v2/files/658bd452-f0f1-4861-92e7-89f3a5cb938d/1; https://files-api.properstar.com/api/v2/files/23c13830-cc95-4447-b731-ac52046f846c/1; https://files-api.properstar.com/api/v2/files/c8353531-dbef-4155-9e46-c05339cea27a/1; https://files-api.properstar.com/api/v2/files/f9ef1bdb-9618-4db1-a5e6-b3151f893e89/1; https://files-api.properstar.com/api/v2/files/2e2b049e-c77a-41f5-9abc-099ebbd05863/1
117931325,"House at auction in Ayuntamiento, La Paz, Baja California Sur",https://www.properstar.co.uk/listing/117931325,"GBP 29,467","REGIDOR, Ayuntamiento, La Paz, Mexico",24.051313,-110.296595,3,1,753.474,House,Servicios Profesionales de Enlaces Jurídicos,2026-07-07T15:17:09.803,https://files-api.properstar.com/api/v2/files/3b0f55ba-0d6b-4c04-b246-bb6eedf9cd25/1; https://files-api.properstar.com/api/v2/files/19066740-e672-4d32-9ee4-00c3be34eb45/1; https://files-api.properstar.com/api/v2/files/3c2d7ce0-4374-4506-ab9c-f9d4846ee1e5/1; https://files-api.properstar.com/api/v2/files/b183ba3d-e566-45e8-bd06-59ec6398e39c/1; https://files-api.properstar.com/api/v2/files/6fd43b7b-b1b5-4082-9520-4e16ee0647db/1
117932278,"House at auction in La Estancia, La Paz, Baja California Sur",https://www.properstar.co.uk/listing/117932278,"GBP 20,437","KOTAJUA, La Estancia, La Paz, Mexico",24.082601,-110.300074,2,1,592.0153,House,Servicios Profesionales de Enlaces Jurídicos,2026-07-07T15:17:09.803,https://files-api.properstar.com/api/v2/files/f3a64dd7-d66d-4497-8aff-3cc5ccc120ba/1; https://files-api.properstar.com/api/v2/files/fafc80cd-b535-49ec-80f1-2ed2e81dd4d9/1; https://files-api.properstar.com/api/v2/files/b3f99a23-76bf-4a8e-852e-f12ce762a1d5/1; https://files-api.properstar.com/api/v2/files/b159d3ac-f1da-47a2-9107-83666cac4c27/1
117934478,"House at auction in Sector La Selva Fidepaz, La Paz, Baja California Sur",https://www.properstar.co.uk/listing/117934478,"GBP 157,949","LANGOSTA, Sector La Selva Fidepaz, La Paz, Mexico",24.12553,-110.340887,3,2,2690.97876,House,Servicios Profesionales de Enlaces Jurídicos,2026-07-07T15:17:09.803,https://files-api.properstar.com/api/v2/files/4a64d81f-7ef8-409d-bd14-d4dd7eb14915/1; https://files-api.properstar.com/api/v2/files/ab38af4b-a284-4f63-bce1-81dec2880ed2/1; https://files-api.properstar.com/api/v2/files/90f51802-dfc2-402f-baca-03ce944aff53/1; https://files-api.properstar.com/api/v2/files/25294aa2-46d7-464d-b64b-88bc80831e57/1; https://files-api.properstar.com/api/v2/files/6e27fe58-6950-439b-be4b-1c9fe55b438d/1
117936908,"House for sale in Los Tabachines, La Paz, Baja California Sur",https://www.properstar.co.uk/listing/117936908,"GBP 17,117","ISLA ESPIRITU SANTO , 242, Los Tabachines, La Paz, Mexico",24.079581,-110.304553,3,1,1108.68323,House,Dulce Torres,2026-07-07T15:17:09.803,https://files-api.properstar.com/api/v2/files/fb4948f0-52bc-46b3-bc36-bcd5af66e613/1; https://files-api.properstar.com/api/v2/files/3867bdb2-105f-4cb9-9068-4381f50080a3/1; https://files-api.properstar.com/api/v2/files/58356d52-44b9-4ede-b90f-b9ecb25393f6/1; https://files-api.properstar.com/api/v2/files/dfd7fec1-9e3f-442b-98aa-4f8f204692b5/1; https://files-api.properstar.com/api/v2/files/49d9c4a9-8007-442a-a971-1c952344583a/1; https://files-api.properstar.com/api/v2/files/12a0657b-0a6e-4002-8f27-ba44e9cb4cff/1; https://files-api.properstar.com/api/v2/files/3a4ea1c3-cec6-4823-847e-6d9eaee2da5c/1; https://files-api.properstar.com/api/v2/files/f903bca9-b2df-4240-876d-0df62464a204/1; https://files-api.properstar.com/api/v2/files/be2bac3f-a694-4284-9256-644cdaad2891/1
117933565,"House at auction in Los Olivos, La Paz, Baja California Sur",https://www.properstar.co.uk/listing/117933565,"GBP 110,283","IGNACIO ALLENDE, Los Olivos, La Paz, Mexico",24.143623,-110.301218,3,2,2152.783,House,Servicios Profesionales de Enlaces Jurídicos,2026-07-07T15:17:09.803,https://files-api.properstar.com/api/v2/files/9188c849-244a-4406-943f-db167f3ee875/1; https://files-api.properstar.com/api/v2/files/c9cf9558-dd4d-4300-b74f-64ed895d9de2/1; https://files-api.properstar.com/api/v2/files/7b6c8471-71c2-41e7-8cc9-c612488a1bcb/1; https://files-api.properstar.com/api/v2/files/e2515aa5-dc56-47d8-8c61-8263c1c21c0d/1
117975882,"House at auction in Ayuntamiento, La Paz, Baja California Sur",https://www.properstar.co.uk/listing/117975882,"GBP 20,757","EDUARDO LABASTIDA, Ayuntamiento, La Paz, Mexico",24.049283,-110.299628,2,1,1184.03064,House,RUTH DE LA ROSA SOLIS,2026-07-07T15:17:09.803,https://files-api.properstar.com/api/v2/files/9f56702d-2960-4d23-a803-158092649a65/1; https://files-api.properstar.com/api/v2/files/1e874eff-2d2c-4e7f-84bb-8f13da40c991/1; https://files-api.properstar.com/api/v2/files/167d4c00-8e3a-4ef2-a95c-8a28fc1839e5/1; https://files-api.properstar.com/api/v2/files/3385797d-e6dd-4a10-bd75-9441d821d191/1; https://files-api.properstar.com/api/v2/files/88f97aeb-c495-434f-8f8c-27987f545d83/1; https://files-api.properstar.com/api/v2/files/7b3668cb-a251-4b78-9df8-f29ba5dee0f8/1; https://files-api.properstar.com/api/v2/files/a1f50e1e-e29a-43a9-8ff0-edc540412291/1; https://files-api.properstar.com/api/v2/files/e7c19dd5-3e73-4ae1-b2a3-9f636636bdc2/1; https://files-api.properstar.com/api/v2/files/edfb1c53-25c2-4fe5-9e4d-fa9e98706aea/1; https://files-api.properstar.com/api/v2/files/2391e4a2-fdeb-4db1-8dc5-9de1b18a4528/1
117968138,"House for sale in Bella Vista, La Paz, Baja California Sur",https://www.properstar.co.uk/listing/117968138,"GBP 24,700","Miraflores, 230, Bella Vista, La Paz, Mexico",24.128002,-110.308818,3,3,1829.86548,House,Samantha Batalla,2026-07-07T15:17:09.803,https://files-api.properstar.com/api/v2/files/72769ba3-5e1c-49b4-bc0a-e7495f749414/1; https://files-api.properstar.com/api/v2/files/ffddbd7d-dbb9-4e6e-9f87-3dcc0bedf8c6/1; https://files-api.properstar.com/api/v2/files/d1fd995e-c0e9-40bd-9ffd-0796e5c70ce6/1; https://files-api.properstar.com/api/v2/files/c7c1ff34-e083-42f1-8606-833a55a86133/1; https://files-api.properstar.com/api/v2/files/77880332-9a76-44f3-b734-9d384240c5b0/1; https://files-api.properstar.com/api/v2/files/af80e792-d3a6-46e5-b731-8b75ee79c377/1; https://files-api.properstar.com/api/v2/files/b7ce7945-a4db-4724-87ea-91a75709cf48/1; https://files-api.properstar.com/api/v2/files/9d25068c-a7a3-45b0-82d4-21fe1b151eea/1
117972522,"House for sale in Villas del Encanto, La Paz, Baja California Sur",https://www.properstar.co.uk/listing/117972522,"GBP 19,500","villa de flores , 305, Villas del Encanto, La Paz, Mexico",24.104,-110.332371,3,2,2583.3396,House,Jesús Silva,2026-07-07T15:17:09.803,https://files-api.properstar.com/api/v2/files/41515f95-ffc1-4e38-8d90-aeb58090c7bb/1; https://files-api.properstar.com/api/v2/files/aa52c579-f89d-4361-b50c-ceae66a1af1c/1; https://files-api.properstar.com/api/v2/files/9dcb3c25-e2e4-407c-a9e8-c0d5c755782a/1; https://files-api.properstar.com/api/v2/files/776487bf-e23c-4251-a56f-a90a66f76884/1; https://files-api.properstar.com/api/v2/files/cebb3e8d-7deb-42ee-bd3a-5fec18f59ca7/1; https://files-api.properstar.com/api/v2/files/5fb6b098-657d-4ac8-9eb2-71c7ffbe0d1c/1; https://files-api.properstar.com/api/v2/files/5eedb27d-f9bd-4f5a-a58c-f097da7523fc/1; https://files-api.properstar.com/api/v2/files/19d05282-4472-4338-b06e-61c5efb9cd7f/1; https://files-api.properstar.com/api/v2/files/31ae3cf7-49e4-4a2a-a973-ed4fc6323be8/1
117977808,"House at auction in Bella Vista, La Paz, Baja California Sur",https://www.properstar.co.uk/listing/117977808,"GBP 19,635","La purísima , 227, Bella Vista, La Paz, Mexico",24.13031,-110.309099,4,4,3229.17432,House,Saúl Noyola ,2026-07-07T15:17:09.803,https://files-api.properstar.com/api/v2/files/36cf7f23-c434-4da4-a2ed-16cdcc4fe3ae/1; https://files-api.properstar.com/api/v2/files/0c9965ea-8003-4cc4-aeb9-b09988f33892/1; https://files-api.properstar.com/api/v2/files/29c26767-c77d-4e9b-84f6-32c69d3a737e/1; https://files-api.properstar.com/api/v2/files/0732354e-8dff-4647-beef-f3674baabdbf/1; https://files-api.properstar.com/api/v2/files/49c3fb5e-14ee-4d22-8e47-2093694ed735/1; https://files-api.properstar.com/api/v2/files/aa2a01f8-8d5f-4f56-9c9c-add04770f610/1; https://files-api.properstar.com/api/v2/files/bb954738-9095-421f-bf67-4944a6d490de/1; https://files-api.properstar.com/api/v2/files/74767f47-eb1d-4d03-a14c-73d7f2d5d0de/1
117917082,"House at auction in Paraiso del Sol, La Paz, Baja California Sur",https://www.properstar.co.uk/listing/117917082,"GBP 30,814","CTO BAHIA DE SANTA ELENA, Paraíso del Sol, La Paz, Mexico",24.090112,-110.33208,2,2,1076.39148,House,Renovación Patrimonial Monthein,2026-07-07T15:17:09.803,https://files-api.properstar.com/api/v2/files/c2c84bff-ff30-48a5-bf1c-9b71c6c6dbf4/1; https://files-api.properstar.com/api/v2/files/221a758f-68e9-48c2-be0a-33ac5e0f3b3b/1; https://files-api.properstar.com/api/v2/files/e3686b2d-a3ec-4df1-a118-77812b8aaa81/1; https://files-api.properstar.com/api/v2/files/037c06d4-f103-48df-b8a6-15f8c583eab8/1; https://files-api.properstar.com/api/v2/files/7c25060d-190d-472c-8caa-9f44c4ba1c3f/1; https://files-api.properstar.com/api/v2/files/cb478fbb-c700-4188-aa11-5a1c5f58e58d/1; https://files-api.properstar.com/api/v2/files/e12f1c78-d861-448d-adb0-3c0de7f3fc1f/1; https://files-api.properstar.com/api/v2/files/4d17a123-a3bb-4ab8-8486-96df50300d6c/1; https://files-api.properstar.com/api/v2/files/7aba648d-1dc2-411f-8e9f-06721b4dfe47/1; https://files-api.properstar.com/api/v2/files/7a760e0c-76e9-4909-9778-7bb1c3db1c77/1
117988945,"House for sale in Villas del Encanto, La Paz, Baja California Sur",https://www.properstar.co.uk/listing/117988945,"GBP 19,500","VILLA LORES , 305, Villas del Encanto, La Paz, Mexico",24.10327,-110.331988,3,2,2583.3396,House,Nataly Fermonzel,2026-07-07T15:17:09.803,https://files-api.properstar.com/api/v2/files/19573fc7-77b0-4e8b-9fde-6d91c2759f60/1; https://files-api.properstar.com/api/v2/files/4ac22067-7d31-4d19-8d6c-f3fa3a51c182/1; https://files-api.properstar.com/api/v2/files/58d34f75-1535-486e-8981-5009f1bbc45e/1; https://files-api.properstar.com/api/v2/files/4366cb08-2ab5-418d-8d21-cb68ce67752d/1; https://files-api.properstar.com/api/v2/files/b3c16c2e-30cf-40c9-8b8d-8c129e28a50b/1; https://files-api.properstar.com/api/v2/files/c73767ca-d41d-41bc-8d53-a7772232277b/1; https://files-api.properstar.com/api/v2/files/0b2ad601-f14c-475d-9f86-0218ee5da068/1; https://files-api.properstar.com/api/v2/files/a25ff007-199a-418e-af90-819f21caf025/1
117941832,"House for sale in Valle del Mezquite, La Paz, Baja California Sur",https://www.properstar.co.uk/listing/117941832,"GBP 42,120","DEL ESTRIBO , 396, Valle del Mezquite, La Paz, Mexico",24.058923,-110.292745,3,2,904.1688,House,ELIZA CRUZ,2026-07-07T15:17:09.803,https://files-api.properstar.com/api/v2/files/a4e9fdf7-026c-41fb-8bd9-926e42b7001c/1; https://files-api.properstar.com/api/v2/files/c1f3e86e-f4ee-4088-bd3c-3a22a81ead1e/1; https://files-api.properstar.com/api/v2/files/60d9ba94-0ec9-4c2d-8c05-a13cf8f1ee51/1; https://files-api.properstar.com/api/v2/files/d151d655-58d5-4fd1-826e-dc4ea701cea1/1; https://files-api.properstar.com/api/v2/files/210233f3-5aac-44b8-b576-dd5a03fd525f/1; https://files-api.properstar.com/api/v2/files/1f4de907-5792-4598-8f1b-f06864378c2b/1; https://files-api.properstar.com/api/v2/files/adfdb3b0-52a5-4117-b1dd-d45a7423f3bf/1; https://files-api.properstar.com/api/v2/files/4d98cfec-4d5f-435a-9ece-12a6c158f954/1; https://files-api.properstar.com/api/v2/files/c475bd2d-33a4-48e3-b5e7-f229a260d07d/1; https://files-api.properstar.com/api/v2/files/70ed522f-d0c0-4961-a7c6-e570da352d6e/1
117946408,"House for sale in Miramar, La Paz, Baja California Sur",https://www.properstar.co.uk/listing/117946408,"GBP 27,547","Mar Tropical, 315, Miramar, La Paz, Mexico",24.086776,-110.326958,3,2,1022.5719,House,BRUNO GONZALEZ,2026-07-07T15:17:09.803,https://files-api.properstar.com/api/v2/files/cb1571c3-f7e5-4142-a575-49075727f879/1; https://files-api.properstar.com/api/v2/files/35ab1111-8c6d-4550-8748-544ca6ba3cf9/1; https://files-api.properstar.com/api/v2/files/3c7cd121-73fc-4629-9ae3-159f5608e782/1; https://files-api.properstar.com/api/v2/files/7f5ffcb2-bab1-4d2f-80fb-36b952490206/1; https://files-api.properstar.com/api/v2/files/0c0bce6f-8d94-48d5-8aff-bf2a2f715886/1; https://files-api.properstar.com/api/v2/files/e299ddb7-e523-48b7-8a8c-618b461b1f1b/1; https://files-api.properstar.com/api/v2/files/02a3c602-f049-4047-93ac-65fcdcf3f442/1; https://files-api.properstar.com/api/v2/files/6a07954f-c9e8-49e1-98d8-0e8eed4af822/1; https://files-api.properstar.com/api/v2/files/4f124ce5-b26b-410f-a2a9-d816553331e5/1; https://files-api.properstar.com/api/v2/files/a6129555-0a7b-4114-ae79-e967a99ba772/1; https://files-api.properstar.com/api/v2/files/4a7ba549-ca93-45e3-ac2f-c170b322130b/1
117946475,"House for sale in Miramar, La Paz, Baja California Sur",https://www.properstar.co.uk/listing/117946475,"GBP 40,547","C. Mar Tropical 315, Miramar, 23085 La Paz, B.C.S., 315, Miramar, La Paz, Mexico",24.086776,-110.326958,4,2,1022.5719,House,Patricia Ayala,2026-07-07T15:17:09.803,https://files-api.properstar.com/api/v2/files/154fc96a-6ad0-4813-b8c4-62c6e8b4de22/1; https://files-api.properstar.com/api/v2/files/7cfd2a66-c207-48ea-b9a3-26605d726f63/1; https://files-api.properstar.com/api/v2/files/11b961e1-7d8a-4f11-a5b1-01d45139be04/1; https://files-api.properstar.com/api/v2/files/30a55b26-486c-4996-8e5f-32a211c187c1/1; https://files-api.properstar.com/api/v2/files/3932a9c9-25f4-4024-88ad-f9ee24a806d4/1; https://files-api.properstar.com/api/v2/files/1c02a96a-308f-4f8b-b47c-722a3b03027e/1; https://files-api.properstar.com/api/v2/files/de2d7404-c587-463c-9c98-aa9eb38db4a8/1
117946705,"House for sale in Villas del Encanto, La Paz, Baja California Sur",https://www.properstar.co.uk/listing/117946705,"GBP 25,913","VILLA DE LAS FLORES, 305, Villas del Encanto, La Paz, Mexico",24.104,-110.332371,3,2,1463.89246,House,CRISTIAN FLORES,2026-07-09T06:55:06.83,https://files-api.properstar.com/api/v2/files/472684e0-2203-4eac-b10e-e4df15287070/1; https://files-api.properstar.com/api/v2/files/3dababbc-c172-4f90-950b-dfe2a4f91b19/1; https://files-api.properstar.com/api/v2/files/eb28a535-2490-43b2-b792-0af234dcd88e/1; https://files-api.properstar.com/api/v2/files/bb3c1400-efb3-4903-bfff-eaa5976137a1/1; https://files-api.properstar.com/api/v2/files/268bc660-1d97-441f-b22f-986527193c07/1; https://files-api.properstar.com/api/v2/files/d9a156f4-6852-46de-816d-b72400c6b8ed/1; https://files-api.properstar.com/api/v2/files/1045ed17-f21e-486f-9dd7-62d6706733df/1; https://files-api.properstar.com/api/v2/files/9c29d6a3-1c81-4dae-9278-80f83e923354/1; https://files-api.properstar.com/api/v2/files/28f195cb-d59c-41bb-8552-2195a3e8c4dd/1
117982385,"House for sale in Sudcalifornia, La Paz, Baja California Sur",https://www.properstar.co.uk/listing/117982385,"GBP 45,673","BAHIA DE LA PAZ, Sudcalifornia, La Paz, Mexico",24.118436,-110.313367,2,1,1463.89246,House,Alma Janet Guerrero,2026-07-07T15:17:09.803,https://files-api.properstar.com/api/v2/files/78ff02ce-7491-4e59-b85d-c4b415d58c9c/1; https://files-api.properstar.com/api/v2/files/45f41fbb-6ed2-449c-a749-c1cd0e5a5e28/1; https://files-api.properstar.com/api/v2/files/d7a34cf2-408b-4316-b652-b5c04d5c69c7/1; https://files-api.properstar.com/api/v2/files/e22a3ead-1d0c-4343-988d-3a9d50f168b7/1; https://files-api.properstar.com/api/v2/files/ebeb3722-d2da-44cb-9cbc-27159720d369/1; https://files-api.properstar.com/api/v2/files/26990fe4-c755-421e-a619-bcd663e44310/1; https://files-api.properstar.com/api/v2/files/5503580e-c48e-4726-971e-b56ad28819a2/1; https://files-api.properstar.com/api/v2/files/d5c1bb96-3e61-4a24-a598-3608c8bb57a0/1; https://files-api.properstar.com/api/v2/files/b6af6ff0-a090-429b-bf99-fde25994002e/1
117985212,"House for sale in Villas del Encanto, La Paz, Baja California Sur",https://www.properstar.co.uk/listing/117985212,"GBP 31,097","VILLA TORTUGAS, Villas del Encanto, La Paz, Mexico",24.102851,-110.329248,3,3,1614.58716,House,Isabel Rivera,2026-07-07T15:17:09.803,https://files-api.properstar.com/api/v2/files/c5635b45-7b93-4e9c-bfc8-c599f0318862/1; https://files-api.properstar.com/api/v2/files/725b4f91-1038-4c0f-8e7a-19332516dda0/1; https://files-api.properstar.com/api/v2/files/4e72eae0-59ac-4149-bad8-39460dc57d44/1; https://files-api.properstar.com/api/v2/files/3b09dddc-0bc3-465f-a48c-a291a3faa630/1; https://files-api.properstar.com/api/v2/files/8015588f-a033-4f0f-9346-60b9f8fda2d3/1; https://files-api.properstar.com/api/v2/files/79891c8a-7ec9-4cfe-be61-a48ece128b01/1
117985315,"House for sale in Privada del Sol, La Paz, Baja California Sur",https://www.properstar.co.uk/listing/117985315,"GBP 77,740","Circuito Poniente, Privadas del Sol, La Paz, Mexico",24.131934,-110.339514,5,6,1291.6698,House,ana maria almazan,2026-07-07T15:17:09.803,https://files-api.properstar.com/api/v2/files/43975fc2-1d95-48fa-a87e-6c224558240c/1; https://files-api.properstar.com/api/v2/files/24274ea0-f35b-4710-8245-7e7c5189ab8a/1; https://files-api.properstar.com/api/v2/files/132de18c-7ded-46e8-89cc-2a120fdcbe61/1; https://files-api.properstar.com/api/v2/files/4d057ff2-c6f6-46c9-9f2f-eb674a8488da/1; https://files-api.properstar.com/api/v2/files/404e4f24-b2b2-4f3a-b039-b54046deed34/1; https://files-api.properstar.com/api/v2/files/71193793-2c40-4f0e-afa5-8a4aeec7c19a/1
117980082,"House for sale in Paraiso del Sol, La Paz, Baja California Sur",https://www.properstar.co.uk/listing/117980082,"GBP 30,250","Circuito Bahia de santa Elena, Paraíso del Sol, La Paz, Mexico",24.090112,-110.33208,2,1,1722.22644,House,Guadalupe Ruiz,2026-07-07T15:17:09.803,https://files-api.properstar.com/api/v2/files/b9d62bf1-f91d-462f-bb76-0a057a426b09/1; https://files-api.properstar.com/api/v2/files/2ea05fdf-289f-43ec-b993-cbbecebc70f6/1; https://files-api.properstar.com/api/v2/files/c27856c2-f670-4ffa-937f-ff3c4b6619ee/1; https://files-api.properstar.com/api/v2/files/380ed627-a4de-4ebd-bb68-8a18bfe87ebb/1; https://files-api.properstar.com/api/v2/files/9b0ae9cb-1353-4a88-90ee-e0c776dd29dc/1; https://files-api.properstar.com/api/v2/files/673fcba2-368c-4219-861b-f9a41832a19c/1; https://files-api.properstar.com/api/v2/files/30aa82a6-f4c6-4c2a-a9c2-fcff313b6b13/1; https://files-api.properstar.com/api/v2/files/f58f4f29-fbd9-4470-9fcb-337cce5e6e0f/1; https://files-api.properstar.com/api/v2/files/09d74a7e-e028-49b3-b0ad-b9a8cbf7f59a/1; https://files-api.properstar.com/api/v2/files/51b196db-17d1-4161-a5c6-bd4bd54dddb4/1; https://files-api.properstar.com/api/v2/files/ea2d2f30-8652-4a76-bea7-10385a0581a2/1
117978852,"House for sale in Sudcalifornia, La Paz, Baja California Sur",https://www.properstar.co.uk/listing/117978852,"GBP 26,824","BAHIA DE LA PAZ, Sudcalifornia, La Paz, Mexico",24.118436,-110.313367,3,2,1237.85022,House,ARSIM,2026-07-07T15:17:09.803,https://files-api.properstar.com/api/v2/files/0833425b-11c4-483e-a1e5-61f628220424/1; https://files-api.properstar.com/api/v2/files/449ac298-6c0c-473e-86fc-1833546c1a6b/1; https://files-api.properstar.com/api/v2/files/56cebdec-fe24-4da2-86eb-f1c77c17b6cb/1; https://files-api.properstar.com/api/v2/files/5537336e-4c14-477a-a483-53ad127cddd5/1; https://files-api.properstar.com/api/v2/files/5cb20af5-0212-4553-9c8d-7f7bc7f13c0f/1; https://files-api.properstar.com/api/v2/files/19a080ea-fc4c-4576-a101-b81f015c5bcf/1; https://files-api.properstar.com/api/v2/files/1474b422-7129-4a1e-a26d-dd6efa0aede7/1; https://files-api.properstar.com/api/v2/files/5a9f8691-1f97-4611-8c96-d0dcd74aa025/1
117964577,"House at auction in Arcoiris, La Paz, Baja California Sur",https://www.properstar.co.uk/listing/117964577,"GBP 24,404","CALLE DEL NORTE, Arcoiris, La Paz, Mexico",24.061529,-110.293931,2,1,1506.94812,House,OMAR REYES,2026-07-07T15:17:09.803,https://files-api.properstar.com/api/v2/files/4e3b364b-19f3-41b1-a3c2-cd59099b9664/1; https://files-api.properstar.com/api/v2/files/67877f97-632b-4e6d-a86c-7b4b6a746583/1; https://files-api.properstar.com/api/v2/files/d49a990f-dc78-4823-9a61-dc9ad51c17f5/1; https://files-api.properstar.com/api/v2/files/c79af7c0-8bcd-4caf-b647-0fda3136910d/1; https://files-api.properstar.com/api/v2/files/250f3506-f5d9-41dc-8092-613b4b7d58b7/1; https://files-api.properstar.com/api/v2/files/48a93c9c-664c-40d1-97a9-7c34a0f196e8/1; https://files-api.properstar.com/api/v2/files/1e994df6-cba8-4d6c-83e7-751a13ca7bad/1; https://files-api.properstar.com/api/v2/files/aac556f8-11ba-412e-b368-7250406da896/1; https://files-api.properstar.com/api/v2/files/03529550-0a55-4abc-b30a-632aa2f950a6/1; https://files-api.properstar.com/api/v2/files/b009f647-281e-44f4-9956-d5cfc65d2a8e/1; https://files-api.properstar.com/api/v2/files/237145b5-1147-493c-8f4c-c5d09ee65570/1; https://files-api.properstar.com/api/v2/files/713a5c65-4e8d-4552-885b-7c1089287a12/1
117964951,"House at auction in Arcoiris, La Paz, Baja California Sur",https://www.properstar.co.uk/listing/117964951,"GBP 17,205","rojo, Arcoiris, La Paz, Mexico",24.04812,-110.300453,2,1,1506.94812,House,OMAR REYES,2026-07-07T15:17:09.803,https://files-api.properstar.com/api/v2/files/90ba35be-0a37-47ab-ae9e-5e8e95391b9b/1; https://files-api.properstar.com/api/v2/files/903722a0-7f1d-4dfa-b1dd-b127f69ad3df/1; https://files-api.properstar.com/api/v2/files/76c41506-6765-45e0-b533-961a0a2f1563/1; https://files-api.properstar.com/api/v2/files/60604694-5c98-44c0-a755-164bed54ab34/1; https://files-api.properstar.com/api/v2/files/e4843926-de84-4297-a397-41255cb423f8/1; https://files-api.properstar.com/api/v2/files/3065183a-32b4-40e6-8c05-c4352a5c35ba/1; https://files-api.properstar.com/api/v2/files/6929ae4b-5d35-4266-a0e5-2296c69892ee/1; https://files-api.properstar.com/api/v2/files/dd79bedb-a005-4e0c-9b2d-426b90fa2521/1; https://files-api.properstar.com/api/v2/files/2ed24459-d538-41eb-a76d-1cf4db4570c9/1; https://files-api.properstar.com/api/v2/files/ad4eef42-86b8-429d-96c4-de859cf355d7/1; https://files-api.properstar.com/api/v2/files/df1f5433-4ee4-4216-a9b8-42cd30333234/1
118510021,Equinox,https://www.properstar.co.uk/listing/118510021,"GBP 4,757,935","Baja California Sur, La Paz , La Paz, Mexico",24.142641,-110.312753,5,6,,House,Engel Voelkers Snell Real Estate,2026-07-08T04:13:43.523,https://files-api.properstar.com/api/v2/files/1f64c63d-00b7-4a53-b77e-9597a3a2a62b/1; https://files-api.properstar.com/api/v2/files/cdd7f5ea-62e8-4500-bc98-82487cec3497/1; https://files-api.properstar.com/api/v2/files/408f4877-32ff-4e99-92aa-d0203447cbc0/1; https://files-api.properstar.com/api/v2/files/ec29ece2-a0bd-4804-a07b-6872cb422d14/1; https://files-api.properstar.com/api/v2/files/a91d7a48-c6c0-4284-b757-c3b7d8a40f76/1; https://files-api.properstar.com/api/v2/files/bab59c27-a961-487b-a4f7-3e4f2e62d512/1; https://files-api.properstar.com/api/v2/files/1f260546-52d4-4101-ad37-0e167e2db5e3/1; https://files-api.properstar.com/api/v2/files/245e946c-ae7d-42ac-872f-d235406adab2/1; https://files-api.properstar.com/api/v2/files/71e266bd-f5f1-48d2-8bc2-65af01882466/1; https://files-api.properstar.com/api/v2/files/9bd841e9-9d45-4a29-a05e-75b86125e421/1; https://files-api.properstar.com/api/v2/files/dca5bbb7-00b9-47b2-8a3b-37c304902d3f/1; https://files-api.properstar.com/api/v2/files/b97f64cd-b861-40b0-9139-4c6429779a5e/1; https://files-api.properstar.com/api/v2/files/bd13d713-ebf0-48d1-adc7-3c421a7707ef/1; https://files-api.properstar.com/api/v2/files/e7099cfc-84ad-4975-9e86-e54a482b0bf3/1; https://files-api.properstar.com/api/v2/files/12cefa24-f03c-4fa4-9253-cd3fa1f843e8/1; https://files-api.properstar.com/api/v2/files/6e721174-ac55-4fa7-880b-6cb37f2329c0/1; https://files-api.properstar.com/api/v2/files/b9f246ea-68e0-4263-a557-74a8bc3ba62e/1; https://files-api.properstar.com/api/v2/files/af4cac03-9553-4bf6-8035-82a46937deaf/1; https://files-api.properstar.com/api/v2/files/87e7dfc2-4251-4ec4-b999-ae620d426fda/1; https://files-api.properstar.com/api/v2/files/1125c73d-5afa-4d34-b34e-c52d6b6b0094/1; https://files-api.properstar.com/api/v2/files/1f5828a4-9bb0-453c-9480-39133cddc56e/1; https://files-api.properstar.com/api/v2/files/4c9a566b-5bb3-491f-b811-9aaf4ba61146/1; https://files-api.properstar.com/api/v2/files/8b0bd238-d14d-48b2-8b82-24696d40e75e/1; https://files-api.properstar.com/api/v2/files/fba7bdd5-5c98-4558-9903-68e614f90974/1; https://files-api.properstar.com/api/v2/files/1f9c5171-f76e-4436-985f-a5c22f3822eb/1; https://files-api.properstar.com/api/v2/files/8f684ae1-effb-4d73-a937-b28bc1360012/1; https://files-api.properstar.com/api/v2/files/eec42cad-766c-40d5-807b-d830a430b5bc/1
117906241,"House at auction in Paseos del Sol, La Paz, Baja California Sur",https://www.properstar.co.uk/listing/117906241,"GBP 30,648","ANDROMEDA, Paseos del Sol, La Paz, Mexico",24.106366,-110.31449,3,1,968.7523,House,FLOR DIAZ,2026-07-07T15:17:09.803,https://files-api.properstar.com/api/v2/files/3e4e4c45-b404-447c-b428-1a43b2587300/1; https://files-api.properstar.com/api/v2/files/4d46ef81-8116-4377-a925-20f2eb4fd31c/1; https://files-api.properstar.com/api/v2/files/22807de1-09ad-46a0-9869-d226db58765f/1; https://files-api.properstar.com/api/v2/files/157a0c4a-e3c3-4ed6-9c5b-228bfd0da1a5/1; https://files-api.properstar.com/api/v2/files/18c43236-2220-4f49-8ba6-eefa1104f991/1; https://files-api.properstar.com/api/v2/files/7f467b61-9ee7-4c6d-9959-e955f51bddeb/1; https://files-api.properstar.com/api/v2/files/9bf6f6fa-d507-45d5-901f-43fd550f3bdd/1
117922144,"House for sale in El Camino Real, La Paz, Baja California Sur",https://www.properstar.co.uk/listing/117922144,"GBP 34,760","Camino del Norte, El Camino Real, La Paz, Mexico",24.058424,-110.298753,2,1,1184.03064,House,Claudia Salinas,2026-07-07T15:17:09.803,https://files-api.properstar.com/api/v2/files/ee458e3c-b2d7-4179-8299-2fcdbd4d21c1/1; https://files-api.properstar.com/api/v2/files/561bf5e9-79c2-4e01-878a-dbf20c64342e/1; https://files-api.properstar.com/api/v2/files/3f6448a9-4c3e-4e6f-9230-1e36adda8433/1; https://files-api.properstar.com/api/v2/files/94665188-3a0c-40b9-b0cb-f8d743b95ebd/1; https://files-api.properstar.com/api/v2/files/f473e373-5807-4f67-9d40-5fc059633235/1; https://files-api.properstar.com/api/v2/files/577fd521-09c4-45cf-83f1-ea058ad67c1a/1; https://files-api.properstar.com/api/v2/files/42c5539c-4afb-41f2-b77b-678b1eaa4f78/1
117907114,"House for sale in Pueblo Nuevo, La Paz, Baja California Sur",https://www.properstar.co.uk/listing/117907114,"GBP 251,332","Colima, Pueblo Nuevo, La Paz, Mexico",24.139907,-110.327506,3,3,2378.8252,House,Pacifico Real Estate ,2026-07-07T15:17:09.803,https://files-api.properstar.com/api/v2/files/c75b5d2a-7792-4e7e-81e4-3fc22e642fe9/1; https://files-api.properstar.com/api/v2/files/44ce3f40-36b1-4d91-8537-aa56901884e0/1; https://files-api.properstar.com/api/v2/files/4d6a39f7-ae09-4eb9-a201-54a7f997f7db/1; https://files-api.properstar.com/api/v2/files/f3fc3ed8-99ef-4823-a5d7-6b2cbae6f884/1; https://files-api.properstar.com/api/v2/files/cb3f4a5c-1e18-49dc-b695-ecbd5ecfe038/1; https://files-api.properstar.com/api/v2/files/35caa97b-d4a9-45b0-bed7-3c858ff92626/1; https://files-api.properstar.com/api/v2/files/0da1a7b1-8698-415b-abff-640ed45fbc1a/1; https://files-api.properstar.com/api/v2/files/d30a666e-e5ea-4738-877d-2df0364da80a/1; https://files-api.properstar.com/api/v2/files/ac5a27be-32ee-493c-aa30-fe44d4672e03/1; https://files-api.properstar.com/api/v2/files/ae865d17-7678-4e2b-b030-fca3d65c209b/1; https://files-api.properstar.com/api/v2/files/bc1d120b-5b65-45b5-abc4-6fda0e3fa9ca/1; https://files-api.properstar.com/api/v2/files/35f1b0bf-2e78-45b6-99ef-831ef64a3a5f/1; https://files-api.properstar.com/api/v2/files/5871f440-f362-42a8-9ab4-5cef514a3296/1; https://files-api.properstar.com/api/v2/files/79d44eb0-6e69-438f-a3e8-15a0243e9c51/1; https://files-api.properstar.com/api/v2/files/faf2953d-8346-4324-9795-ab505c7781d9/1; https://files-api.properstar.com/api/v2/files/974fbe8c-2ffa-4839-b4d4-8c1e2517aa8c/1; https://files-api.properstar.com/api/v2/files/d1bc30b5-faec-4322-97ab-0541ccfae633/1; https://files-api.properstar.com/api/v2/files/063172d6-617a-4a46-9c0f-65ed40b1950a/1; https://files-api.properstar.com/api/v2/files/d254f5e3-0393-4813-9106-57e97a7dc25e/1
117914431,"House at auction in El Camino Real, La Paz, Baja California Sur",https://www.properstar.co.uk/listing/117914431,"GBP 21,233","Cam. del Nte., 208, El Camino Real, La Paz, Mexico",24.056488,-110.30212,2,1,645.8349,House,SINGTA,2026-07-07T15:17:09.803,https://files-api.properstar.com/api/v2/files/f80cd236-4563-4881-a552-0481c2733269/1; https://files-api.properstar.com/api/v2/files/cba38f6d-8f0e-480f-a206-2febb1800c2e/1; https://files-api.properstar.com/api/v2/files/c5c674ff-46ac-4665-9009-aca7f257456d/1; https://files-api.properstar.com/api/v2/files/416f5961-b89d-488d-b45e-1eab443051da/1; https://files-api.properstar.com/api/v2/files/5569cf2f-5280-42f8-8fe2-376173efba33/1; https://files-api.properstar.com/api/v2/files/81e07a67-c0c8-45fd-880c-5a1ff9078ad1/1; https://files-api.properstar.com/api/v2/files/77bcb8a2-646d-4bf6-83cf-0db5cff92cd0/1; https://files-api.properstar.com/api/v2/files/cb79bb0d-04f8-4480-bf83-7b38faf6fb8a/1; https://files-api.properstar.com/api/v2/files/aa3b0460-e5d0-4025-9925-836f7c29035d/1; https://files-api.properstar.com/api/v2/files/126dd313-34c4-4dcb-8d52-8dc0a42f7e65/1; https://files-api.properstar.com/api/v2/files/6e9d832a-1ad9-40a0-bc04-d5a51346b234/1; https://files-api.properstar.com/api/v2/files/b4f5d4e5-bfbc-4542-8b8f-2c144ee324c5/1; https://files-api.properstar.com/api/v2/files/d61f093c-7540-4154-9462-7a60d23e4755/1; https://files-api.properstar.com/api/v2/files/8f9d5d06-94b9-4bbe-9937-b2238e241b0b/1; https://files-api.properstar.com/api/v2/files/96fa7d6a-f12a-4758-918a-2dbb65374c44/1
117914974,"House at auction in El Camino Real, La Paz, Baja California Sur",https://www.properstar.co.uk/listing/117914974,"GBP 21,233","Del Mesón , 301, El Camino Real, La Paz, Mexico",24.054895,-110.295417,2,1,914.9327,House,SINGTA,2026-07-07T15:17:09.803,https://files-api.properstar.com/api/v2/files/4a802887-bc0f-4a36-96d8-a3afde48e4f2/1; https://files-api.properstar.com/api/v2/files/e67d762c-f27a-448b-841f-9b4ae199c935/1; https://files-api.properstar.com/api/v2/files/c621c584-79f9-402d-bd99-7d3dd4514955/1; https://files-api.properstar.com/api/v2/files/52dc967f-50af-48a9-84d6-f5a184e118dc/1; https://files-api.properstar.com/api/v2/files/69b0055e-b939-48e1-abb6-d33f6b3c935e/1; https://files-api.properstar.com/api/v2/files/4660a557-ef64-495f-840d-285995eeff6d/1; https://files-api.properstar.com/api/v2/files/3210c0f4-8c35-4d1b-8558-ebc4b8e9762c/1; https://files-api.properstar.com/api/v2/files/c0e2ea6c-d223-481b-b776-74960da16287/1; https://files-api.properstar.com/api/v2/files/679503b2-c205-4927-ad7a-690d0d6490cd/1; https://files-api.properstar.com/api/v2/files/a5a557e7-fb2d-44ca-957a-01b6a1cac683/1; https://files-api.properstar.com/api/v2/files/a821084f-d649-4114-a3fc-f74ed54ee42c/1; https://files-api.properstar.com/api/v2/files/e0f464f1-b6db-4b99-b94e-1df12021f81e/1; https://files-api.properstar.com/api/v2/files/11955bf3-228f-49be-8a64-3a9616b16610/1; https://files-api.properstar.com/api/v2/files/aa99f017-23af-4499-a8e3-7a58398011d5/1; https://files-api.properstar.com/api/v2/files/acaebb41-6ee5-47bf-a285-bcd2b433770f/1
117951667,"House for sale in Los Tabachines, La Paz, Baja California Sur",https://www.properstar.co.uk/listing/117951667,"GBP 17,117","Isla Espíritu Santo N.242, Los Tabachines, La Paz, B.C.S., 242, Los Tabachines, La Paz, Mexico",24.079581,-110.304553,3,1,3013.896,House,Mónica Craviotto Chirino,2026-07-07T15:17:09.803,https://files-api.properstar.com/api/v2/files/288ead24-09cb-4bc7-b34d-f78fe2b292fc/1; https://files-api.properstar.com/api/v2/files/d7519cd8-3700-459d-adbd-3448f22c33e3/1; https://files-api.properstar.com/api/v2/files/80923f6f-bd85-4e78-8c03-e2bc689ff92c/1; https://files-api.properstar.com/api/v2/files/a881f4ea-63f5-4df6-b7df-9bcc1f421b5d/1; https://files-api.properstar.com/api/v2/files/6cbb3671-c244-4deb-9df1-7e11d2a95fe7/1; https://files-api.properstar.com/api/v2/files/4ae841a7-543e-4031-b4f0-11431b296dde/1; https://files-api.properstar.com/api/v2/files/6b1bc81d-10bf-404a-af52-ffd08a017685/1; https://files-api.properstar.com/api/v2/files/a665f8bd-a0ee-483a-b1b9-f3037139600a/1; https://files-api.properstar.com/api/v2/files/a199c2a1-19ea-4f06-9567-8733e0811449/1
117939287,"House for sale in Miramar, La Paz, Baja California Sur",https://www.properstar.co.uk/listing/117939287,"GBP 27,709","MAR QUIETO, Miramar, La Paz, Mexico",24.086828,-110.328102,2,1,538.1957,House,Francisco Álvarez,2026-07-07T15:17:09.803,https://files-api.properstar.com/api/v2/files/c270fa01-3651-482c-bd6f-8ab311bac68e/1; https://files-api.properstar.com/api/v2/files/446c6c4a-6470-4cce-bea6-01a601bdcd0f/1; https://files-api.properstar.com/api/v2/files/03eb8d3e-2d95-49d7-94e4-7027edba9b20/1; https://files-api.properstar.com/api/v2/files/fdef5a39-2fd6-41be-bacd-e0048d97cc7b/1; https://files-api.properstar.com/api/v2/files/603adcd0-426b-44cc-a795-144a5aed24d7/1; https://files-api.properstar.com/api/v2/files/f03d158f-7903-42d8-b0b5-e1db956c320c/1; https://files-api.properstar.com/api/v2/files/acefd425-8486-4f56-83be-c0cea23417b2/1; https://files-api.properstar.com/api/v2/files/8df0855d-b7e7-4d1f-81d5-babb33b7ec26/1; https://files-api.properstar.com/api/v2/files/5b089d9d-313b-4432-9b1d-e337cb580f3a/1; https://files-api.properstar.com/api/v2/files/afe97021-e9c9-4b0a-902b-1b21323937b4/1
117947901,"House for sale in Bella Vista, La Paz, Baja California Sur",https://www.properstar.co.uk/listing/117947901,"GBP 30,333","MIRAFLORES, 229, Bella Vista, La Paz, Mexico",24.127806,-110.308776,3,2,1614.58716,House,Harold Rogelio Moreno Huerta,2026-07-07T15:17:09.803,https://files-api.properstar.com/api/v2/files/32f155f3-a82d-4a5a-a28e-2582ec926990/1
117946717,"House for sale in Los Tabachines, La Paz, Baja California Sur",https://www.properstar.co.uk/listing/117946717,"GBP 21,190","ISLA ESPIRITU SANTO , 242, Los Tabachines, La Paz, Mexico",24.079581,-110.304553,4,2,3013.896,House,Eduardo Cortes,2026-07-07T15:17:09.803,https://files-api.properstar.com/api/v2/files/a1a5df31-aea5-4184-98ce-33346e62ea8f/1; https://files-api.properstar.com/api/v2/files/7781318d-a3a3-4791-9224-9c5251de66a3/1; https://files-api.properstar.com/api/v2/files/3efc4c0b-d463-4fbd-b188-c31430950269/1; https://files-api.properstar.com/api/v2/files/8f7ce59e-11c2-4033-a5a9-7e5d1a16d0e9/1; https://files-api.properstar.com/api/v2/files/cd7211aa-b84c-4024-939d-2ed4930980a6/1; https://files-api.properstar.com/api/v2/files/820e3232-ceee-4902-97f3-50a59ba636cf/1; https://files-api.properstar.com/api/v2/files/0503665e-cbca-494a-91a4-adb78e49ef79/1; https://files-api.properstar.com/api/v2/files/cf2219c5-70db-4164-afe4-74bbb0d9f0ed/1; https://files-api.properstar.com/api/v2/files/a2c1edd6-d054-41c4-938f-c6020a82ab19/1; https://files-api.properstar.com/api/v2/files/b53ba3a0-370c-4ac6-8fe3-292961475e8b/1; https://files-api.properstar.com/api/v2/files/a6b544d4-335a-4908-ba01-9b86708bd54c/1; https://files-api.properstar.com/api/v2/files/9e992ee5-5c35-4611-a0e7-6e213d9fe4f4/1; https://files-api.properstar.com/api/v2/files/420558ce-1322-4a16-abd5-125c58337a6a/1
117988957,"House for sale in Sudcalifornia, La Paz, Baja California Sur",https://www.properstar.co.uk/listing/117988957,"GBP 18,027","BAHIA DE LA PAZ , 170, Sudcalifornia, La Paz, Mexico",24.118547,-110.315474,3,2,2152.783,House,Nataly Fermonzel,2026-07-07T15:17:09.803,https://files-api.properstar.com/api/v2/files/68759720-305d-4114-8ceb-9221944ff5ae/1; https://files-api.properstar.com/api/v2/files/5b8e46e4-3a2a-4e54-97c5-9aaa2e7fbce4/1; https://files-api.properstar.com/api/v2/files/21b75c5e-1a94-4f41-904a-d348d3848b38/1; https://files-api.properstar.com/api/v2/files/5f58b71b-55b7-4128-8b82-daccbbe57b2a/1; https://files-api.properstar.com/api/v2/files/a2ed3123-fcb8-47e6-af53-b7c297a1e23b/1; https://files-api.properstar.com/api/v2/files/5a0d46e8-c511-474b-9a5c-3b9ec651ac76/1; https://files-api.properstar.com/api/v2/files/77492d1e-efb6-4d63-9f42-383b343076ab/1
117991641,"Apartment for sale in Vista Real, La Paz, Baja California Sur",https://www.properstar.co.uk/listing/117991641,"GBP 37,266","PRIV. DE LA REDONDA, 286, Vista Real, La Paz, Mexico",24.056885,-110.298093,3,3,1829.86548,Apartment,Natan Mendoza,2026-07-07T15:17:09.803,https://files-api.properstar.com/api/v2/files/57ee52de-8c8c-4d46-b312-64583d686a57/1; https://files-api.properstar.com/api/v2/files/73440fa1-c27f-4071-8937-6b233a8160d3/1; https://files-api.properstar.com/api/v2/files/03742707-3c1b-4334-b93a-1c56701f8720/1; https://files-api.properstar.com/api/v2/files/4bb3de85-8093-4d55-9c66-10725e88bd26/1; https://files-api.properstar.com/api/v2/files/34982c44-aee6-4c5a-810c-8a34813bb964/1; https://files-api.properstar.com/api/v2/files/64300dfb-4275-400e-b846-3c8af3003dc5/1; https://files-api.properstar.com/api/v2/files/3e9a5949-d3cb-42a9-a653-f6bb92b69435/1; https://files-api.properstar.com/api/v2/files/30c29463-7891-435d-a736-4e3761b768a8/1
117974617,"House at auction in San Miguel, La Paz, Baja California Sur",https://www.properstar.co.uk/listing/117974617,"GBP 65,000","Privada Isla Magdalenas , 112, San Miguel, La Paz, Mexico",24.093979,-110.324259,3,3,1377.78113,House,Carolina Sepúlveda,2026-07-07T15:17:09.803,https://files-api.properstar.com/api/v2/files/59e01a88-1fa0-46cc-b04c-e8f947e9a07e/1
117985404,"House for sale in Sudcalifornia, La Paz, Baja California Sur",https://www.properstar.co.uk/listing/117985404,"GBP 45,673","Bahía de la Paz, Sudcalifornia, La Paz, Mexico",24.118436,-110.313367,2,1,1463.89246,House,Laura Sayuri Rivera Gonzalez ,2026-07-07T15:17:09.803,https://files-api.properstar.com/api/v2/files/3aef8371-4410-468e-a9da-96156f5422c3/1; https://files-api.properstar.com/api/v2/files/39563400-3207-4c29-8867-c563236ef231/1; https://files-api.properstar.com/api/v2/files/e76ddd47-785f-4212-bbe7-7291b5b2e5ea/1; https://files-api.properstar.com/api/v2/files/7b553344-5c36-4607-90bc-50a68bce8728/1; https://files-api.properstar.com/api/v2/files/6c5be1b8-34ff-44ef-9ba4-c69016df9f34/1; https://files-api.properstar.com/api/v2/files/084781ea-5df0-4fe1-9f40-e423aad7f39e/1; https://files-api.properstar.com/api/v2/files/60647204-c2e7-4298-a0f5-948e9e4fee1b/1; https://files-api.properstar.com/api/v2/files/c00108a3-e34a-4a81-a239-a0cc4747b61b/1; https://files-api.properstar.com/api/v2/files/8fa9f867-c9ab-4ef4-b6ce-6cc2094fcc06/1; https://files-api.properstar.com/api/v2/files/04d811df-21de-42ba-9b96-aa4d99d3b765/1
117985767,"House for sale in Arcoiris III, La Paz, Baja California Sur",https://www.properstar.co.uk/listing/117985767,"GBP 31,547","Rojo, Arcoiris III, La Paz, Mexico",24.04812,-110.300453,2,1,678.1266,House,ana maria almazan,2026-07-07T15:17:09.803,https://files-api.properstar.com/api/v2/files/d4544c5d-a395-4634-8033-20eb7f5d591c/1; https://files-api.properstar.com/api/v2/files/0da79671-c7fb-4443-ab06-562107bb85a2/1; https://files-api.properstar.com/api/v2/files/23795657-6291-4c80-9e0c-2403fe38fbcd/1; https://files-api.properstar.com/api/v2/files/2114a086-7874-4a19-8c7d-410a55e71113/1; https://files-api.properstar.com/api/v2/files/1edb32bc-13c8-40e7-947f-1bc52c03a541/1
117976611,"House at auction in Villas del Encanto, La Paz, Baja California Sur",https://www.properstar.co.uk/listing/117976611,"GBP 19,500","Villa Flores , 305, Villas del Encanto, La Paz, Mexico",24.10327,-110.331988,3,2,1291.6698,House,Carlos Tobar,2026-07-07T15:17:09.803,https://files-api.properstar.com/api/v2/files/0c54ca7c-9044-44b3-b1ce-a8c177081a12/1; https://files-api.properstar.com/api/v2/files/24806af7-a8d7-4c05-ba4c-c0b939f4c340/1; https://files-api.properstar.com/api/v2/files/fa0cb08f-cc0a-4c05-b041-ab032d2d29ec/1; https://files-api.properstar.com/api/v2/files/e43545c7-c51d-4142-9aa4-97501218be87/1; https://files-api.properstar.com/api/v2/files/7295a663-e9af-4bfe-9417-63fbdd01251c/1; https://files-api.properstar.com/api/v2/files/7aad8e23-017e-463e-95e2-80cde7c75e6f/1; https://files-api.properstar.com/api/v2/files/ea16468d-c4cd-480f-b093-fb56ca5687e9/1; https://files-api.properstar.com/api/v2/files/628de059-0203-413a-b8be-57ce866ab9df/1; https://files-api.properstar.com/api/v2/files/77127da7-55e5-4bd3-9542-82ac5e65d229/1; https://files-api.properstar.com/api/v2/files/1370e919-4e8b-4e6e-aa8b-00010717eb21/1; https://files-api.properstar.com/api/v2/files/4c7e1f06-c53a-48d4-b8b2-adf399258e85/1
117973074,"House at auction in Colina del Sol, La Paz, Baja California Sur",https://www.properstar.co.uk/listing/117973074,"GBP 184,135","Blvd. colinas del sol, 2, Colina del Sol, La Paz, Mexico",24.170835,-110.298257,3,3,1937.50464,House,Carlos Rincón,2026-07-07T15:17:09.803,https://files-api.properstar.com/api/v2/files/54b81f14-4332-4b2e-8520-445055355b14/1; https://files-api.properstar.com/api/v2/files/adda029e-9310-46ce-a048-e71747aeef26/1; https://files-api.properstar.com/api/v2/files/d7498fcf-f4d4-4497-a13d-919f963363ff/1; https://files-api.properstar.com/api/v2/files/61a2b9dd-ba38-45c4-a4e2-da517d39f16f/1; https://files-api.properstar.com/api/v2/files/4f021091-a13e-404f-8791-77e0870fbc80/1; https://files-api.properstar.com/api/v2/files/8a11395a-3c23-4f98-b7f9-dff413a83d3a/1; https://files-api.properstar.com/api/v2/files/db834a01-ea55-4a96-88ec-524535361b2e/1; https://files-api.properstar.com/api/v2/files/89deaaec-8c56-4a2d-b3e9-ebd486b38554/1; https://files-api.properstar.com/api/v2/files/ea110d58-d98b-418f-90cd-a9e5bb8882dd/1; https://files-api.properstar.com/api/v2/files/7e5b25ad-9f03-44ef-be0a-ec41d962d97d/1; https://files-api.properstar.com/api/v2/files/55a64fe7-41d5-4936-856b-cc37c4180969/1; https://files-api.properstar.com/api/v2/files/6d4c703e-2572-4039-ae50-190537aa19fb/1
117931957,"House at auction in Arcoiris II, La Paz, Baja California Sur",https://www.properstar.co.uk/listing/117931957,"GBP 21,043","BERMELLON Y VIOLETA, Arcoiris II, La Paz, Mexico",24.049269,-110.289082,2,1,699.6545,House,Servicios Profesionales de Enlaces Jurídicos,2026-07-07T15:17:09.803,https://files-api.properstar.com/api/v2/files/c5492fd5-a964-45dc-b160-c8bcae27ec1b/1; https://files-api.properstar.com/api/v2/files/e94dbd6d-1b5c-47c1-a6ef-601d76e86c90/1; https://files-api.properstar.com/api/v2/files/45c4adc1-d9d9-4b94-a5c5-229d860af1ab/1; https://files-api.properstar.com/api/v2/files/d8aac5b2-7b72-46cd-845f-a7b4788bf2e1/1
117932174,"House at auction in Bella Vista, La Paz, Baja California Sur",https://www.properstar.co.uk/listing/117932174,"GBP 126,316","SAN ANTONIO, Bella Vista, La Paz, Mexico",24.127408,-110.308813,3,1,1506.94812,House,Servicios Profesionales de Enlaces Jurídicos,2026-07-07T15:17:09.803,https://files-api.properstar.com/api/v2/files/62b56ea4-9dff-4cb2-8aee-ee0a43c308f2/1; https://files-api.properstar.com/api/v2/files/ef78571a-ee62-4139-ae0a-c8a7adb3e0b4/1; https://files-api.properstar.com/api/v2/files/6bf4c617-4799-4327-ab8d-42b6309a37eb/1; https://files-api.properstar.com/api/v2/files/52da0356-fba0-49ab-a0ec-5d703d5564b7/1; https://files-api.properstar.com/api/v2/files/cfd3238d-03fb-4f6f-86c8-7411dc83ecce/1
117932574,"House at auction in Villas del Cortes, La Paz, Baja California Sur",https://www.properstar.co.uk/listing/117932574,"GBP 25,429","AGUILA, Villas del Cortes, La Paz, Mexico",24.05532,-110.324924,3,1,861.1132,House,Servicios Profesionales de Enlaces Jurídicos,2026-07-07T15:17:09.803,https://files-api.properstar.com/api/v2/files/359a9e0c-006c-432d-93e2-8c0f55ea9af2/1; https://files-api.properstar.com/api/v2/files/0b719faa-ddf8-4339-9736-3f0db1ff89fd/1; https://files-api.properstar.com/api/v2/files/fb515590-a536-4ecb-8f6e-f946e4e109a7/1; https://files-api.properstar.com/api/v2/files/3adf2082-98ea-47f5-91f5-a0fb2b5bdba8/1
117934567,"House at auction in Santa Fe, La Paz, Baja California Sur",https://www.properstar.co.uk/listing/117934567,"GBP 39,900","NEVADO DE TOLUCA, Santa Fe, La Paz, Mexico",24.094682,-110.325014,2,1,538.1957,House,Servicios Profesionales de Enlaces Jurídicos,2026-07-07T15:17:09.803,https://files-api.properstar.com/api/v2/files/c9860daf-d91c-44e6-b880-a271d604f9cf/1; https://files-api.properstar.com/api/v2/files/c861410e-d1b7-488f-a723-42a891087eae/1; https://files-api.properstar.com/api/v2/files/f8ed159b-7e37-4b07-9117-6d0af4abf90f/1; https://files-api.properstar.com/api/v2/files/cd454dfc-34b8-4051-94fe-cab59dea209c/1; https://files-api.properstar.com/api/v2/files/bfb9afb9-ce95-4259-a01c-1eec7800fc9a/1
118674031,"House for sale in Pedregal del Cortes, La Paz, Baja California Sur",https://www.properstar.co.uk/listing/118674031,"GBP 1,462,503","Pedregal del Cortes, La Paz, Mexico",24.17164,-110.289924,4,6,5489.59668,House,Baja Real Estate Services,2026-07-12T06:35:47.387,https://files-api.properstar.com/api/v2/files/0476098d-4907-4d5a-b729-c2b42de80538/1; https://files-api.properstar.com/api/v2/files/d606b7f1-fa40-4f7b-9021-10ed9f0b52b1/1; https://files-api.properstar.com/api/v2/files/9e13670e-2adc-48c6-ace8-c52173ab65c2/1; https://files-api.properstar.com/api/v2/files/def35429-1c66-480a-8998-2a7ac9c3c063/1; https://files-api.properstar.com/api/v2/files/20a8f354-ec0d-4e34-a1ed-ac67a107f936/1; https://files-api.properstar.com/api/v2/files/26035f57-8bb2-4bc2-b04e-39417fee57b0/1; https://files-api.properstar.com/api/v2/files/adb8529d-a80a-44dc-80be-402f8b9224c5/1; https://files-api.properstar.com/api/v2/files/9fa3bd10-8e0f-4878-ba0f-db36b3bb7d39/1; https://files-api.properstar.com/api/v2/files/5e71c79e-b814-4e89-8cb4-9d2eee50bb36/1; https://files-api.properstar.com/api/v2/files/ea9a99d9-3e1d-4177-aeac-429e9c498469/1; https://files-api.properstar.com/api/v2/files/70461cab-1100-463d-a179-546d53ff78b0/1; https://files-api.properstar.com/api/v2/files/15b883e7-7b79-418e-8c8b-88c70e8bb834/1; https://files-api.properstar.com/api/v2/files/8954142d-b077-483b-95f1-05f9d7ed7108/1; https://files-api.properstar.com/api/v2/files/ab2983da-ab8f-466e-9f8b-8e0dcd8d8451/1; https://files-api.properstar.com/api/v2/files/15adcccf-a9a2-47ed-a455-505d8709d912/1; https://files-api.properstar.com/api/v2/files/0bffa634-a741-4a58-b29f-6ba5d73bb049/1; https://files-api.properstar.com/api/v2/files/525cd597-78bb-4a88-820f-5d1317e08a79/1; https://files-api.properstar.com/api/v2/files/88db5bd6-6d27-4725-934e-747701e3357a/1; https://files-api.properstar.com/api/v2/files/16454dbc-da0a-4397-be39-272df8702db9/1; https://files-api.properstar.com/api/v2/files/a413af79-0536-4128-9ee2-f33e195c6798/1; https://files-api.properstar.com/api/v2/files/8c9b70cf-5d56-41f8-a3ed-2e729242a8e7/1
117916036,"House for sale in Nueva Puesta del Sol, La Paz, Baja California Sur",https://www.properstar.co.uk/listing/117916036,"GBP 14,213","chichenitza, Nueva Puesta del Sol, La Paz, Mexico",24.127672,-110.335951,2,2,1291.6698,House,jessica rodriguez,2026-07-07T15:17:09.803,https://files-api.properstar.com/api/v2/files/b83f7aa4-7c61-477e-ab8a-67e92f1d204a/1; https://files-api.properstar.com/api/v2/files/837a9f82-9972-49c3-8315-266d4a8cc9ff/1; https://files-api.properstar.com/api/v2/files/f6a6468c-1761-4688-8634-3e24942405b5/1; https://files-api.properstar.com/api/v2/files/212641d3-7525-481a-b561-d946962a9f80/1; https://files-api.properstar.com/api/v2/files/e5e30755-f387-44fc-a8b9-09ba52bd50b2/1; https://files-api.properstar.com/api/v2/files/5b6c0db7-2932-46e6-b289-bbed16e96bef/1; https://files-api.properstar.com/api/v2/files/3f3c1fd4-c3da-46ff-b6a0-af661f77f227/1; https://files-api.properstar.com/api/v2/files/6f6c2bde-750a-430c-909d-5e64a6d23625/1; https://files-api.properstar.com/api/v2/files/efd7dc7d-5a69-4976-9c83-13d80f52ca8a/1; https://files-api.properstar.com/api/v2/files/d0e50c51-628d-498d-a1b6-75a42f0a39fa/1
117916306,"House for sale in Sudcalifornia, La Paz, Baja California Sur",https://www.properstar.co.uk/listing/117916306,"GBP 26,824","BAHIA DE LA PAZ, Sudcalifornia, La Paz, Mexico",24.118436,-110.313367,3,2,2152.783,House,Brenda Portillo,2026-07-07T15:17:09.803,https://files-api.properstar.com/api/v2/files/c445f329-f0e6-4bd1-b730-51f192085647/1; https://files-api.properstar.com/api/v2/files/28783a6a-1f50-4c32-a474-322ead622f35/1; https://files-api.properstar.com/api/v2/files/57948107-4cc9-4299-a9e3-1830d799e43d/1; https://files-api.properstar.com/api/v2/files/74b279de-8fc4-465e-a446-c0f679eaa468/1; https://files-api.properstar.com/api/v2/files/d9ec89fd-e75f-47c7-8b47-2c610fbabb45/1; https://files-api.properstar.com/api/v2/files/49857066-fcd5-4183-8583-dba8236bd6d1/1; https://files-api.properstar.com/api/v2/files/779f1fb9-b3ec-446d-978b-a3e8ae612977/1
117923199,"House for sale in Paraiso del Sol, La Paz, Baja California Sur",https://www.properstar.co.uk/listing/117923199,"GBP 30,250","Circuito bahia de santa elena, Paraíso del Sol, La Paz, Mexico",24.090112,-110.33208,2,1,1506.94812,House,Claudia Salinas,2026-07-07T15:17:09.803,https://files-api.properstar.com/api/v2/files/ae49a4bc-4813-458f-9283-98ac84375c37/1; https://files-api.properstar.com/api/v2/files/c9c0fb42-d2ed-49dd-b968-e0b17549d8bd/1; https://files-api.properstar.com/api/v2/files/ccd66cda-90cd-432b-8501-e5ebe92d8d92/1; https://files-api.properstar.com/api/v2/files/29c22dc0-1087-43bb-8ce4-514283e87f51/1; https://files-api.properstar.com/api/v2/files/8b24f3cf-40a7-4c08-8e9e-51c0b0bd6bb0/1; https://files-api.properstar.com/api/v2/files/d10f3a99-1920-40e6-bec5-cbd304e36110/1; https://files-api.properstar.com/api/v2/files/c94635da-5346-4195-81eb-b69230c4b955/1; https://files-api.properstar.com/api/v2/files/1079a4fc-26cc-4998-b484-c8e30b655aab/1; https://files-api.properstar.com/api/v2/files/2deea914-cba6-494c-a07e-90d5816afa3c/1; https://files-api.properstar.com/api/v2/files/9c8d8686-2254-49ad-aa8b-186104c33ca6/1; https://files-api.properstar.com/api/v2/files/2a13998e-0a7a-4a38-b207-b4f424a3b194/1
117933176,"House at auction in Arcoiris III, La Paz, Baja California Sur",https://www.properstar.co.uk/listing/117933176,"GBP 17,513","SALMON, Arcoiris III, La Paz, Mexico",24.04812,-110.300453,2,1,645.8349,House,Servicios Profesionales de Enlaces Jurídicos,2026-07-07T15:17:09.803,https://files-api.properstar.com/api/v2/files/e3dcf148-5803-49ac-9bad-3bb354a9c23d/1; https://files-api.properstar.com/api/v2/files/a7d2da6d-f507-4c00-be31-30d3d0fad7a3/1; https://files-api.properstar.com/api/v2/files/d410fb8e-e481-4455-a045-7a0f340bd1c2/1; https://files-api.properstar.com/api/v2/files/a46e9282-4e8e-4523-8f0c-807a6cf5e542/1; https://files-api.properstar.com/api/v2/files/3e212136-aede-4bea-a280-399f74f73133/1
117934049,"House at auction in Paraiso del Sol, La Paz, Baja California Sur",https://www.properstar.co.uk/listing/117934049,"GBP 18,477","BAHIA DE CAMPECHE, Paraíso del Sol, La Paz, Mexico",24.092774,-110.337513,2,1,538.1957,House,Servicios Profesionales de Enlaces Jurídicos,2026-07-07T15:17:09.803,https://files-api.properstar.com/api/v2/files/85052ded-e787-4a53-bbe7-b952a5ee69b8/1; https://files-api.properstar.com/api/v2/files/2d5eb53b-b686-4928-8b15-f683af882a10/1; https://files-api.properstar.com/api/v2/files/d8b65a6a-d38a-4ad9-a912-cab5cc208686/1; https://files-api.properstar.com/api/v2/files/858b3c6b-caa6-4844-b96a-1fbb99ea27ec/1; https://files-api.properstar.com/api/v2/files/9bec8780-ab10-44f5-b922-37fd0671921c/1
117938166,"House for sale in El Camino Real, La Paz, Baja California Sur",https://www.properstar.co.uk/listing/117938166,"GBP 42,683","DEL CARRUAJE, El Camino Real, La Paz, Mexico",24.057222,-110.298765,4,3,2098.96338,House,Francisco Álvarez,2026-07-07T15:17:09.803,https://files-api.properstar.com/api/v2/files/d455868d-6308-488d-aa7b-3f3f8adc0434/1; https://files-api.properstar.com/api/v2/files/f377ef1e-92a3-456e-a8f8-3db778fc239d/1; https://files-api.properstar.com/api/v2/files/3c89ce1d-dd78-4c42-8017-b33004c72804/1; https://files-api.properstar.com/api/v2/files/461af307-fc80-4606-bc75-dbc8add3e1e3/1; https://files-api.properstar.com/api/v2/files/70c7b739-b094-4294-89f7-0b9f0c5ef903/1; https://files-api.properstar.com/api/v2/files/2d80d0ba-70f4-4217-90ed-7d67283d5fb2/1; https://files-api.properstar.com/api/v2/files/639184ff-b63e-4df2-a87e-25061b289c6f/1; https://files-api.properstar.com/api/v2/files/6b10e415-1e4f-4d37-a3a0-e444d378e7af/1; https://files-api.properstar.com/api/v2/files/c1684175-8feb-4842-acfe-37720ec0786e/1; https://files-api.properstar.com/api/v2/files/3623ec59-5d8b-4489-b12a-3d5b40cb6409/1; https://files-api.properstar.com/api/v2/files/cd957951-f9e4-4392-b7e0-5279b4555624/1
117935206,"House at auction in Ayuntamiento, La Paz, Baja California Sur",https://www.properstar.co.uk/listing/117935206,"GBP 20,757","EDUARDO LABASTIDA, Ayuntamiento, La Paz, Mexico",24.049283,-110.299628,2,1,538.1957,House,Servicios Profesionales de Enlaces Jurídicos,2026-07-07T15:17:09.803,https://files-api.properstar.com/api/v2/files/6cbf514f-df1b-435b-b09b-4c3c3a784a1f/1; https://files-api.properstar.com/api/v2/files/8b4a9307-4697-48e7-85b9-86b08f18734a/1; https://files-api.properstar.com/api/v2/files/eec4f8e8-1799-416e-a5ad-d71200805c76/1; https://files-api.properstar.com/api/v2/files/23f001b3-214d-458f-b1fa-55a4e881ea70/1; https://files-api.properstar.com/api/v2/files/3ece7053-ec5c-457e-9ede-426e98c881d0/1
117936960,"House for sale in Zona Central, La Paz, Baja California Sur",https://www.properstar.co.uk/listing/117936960,"GBP 52,000","GRAL. FELIX ORTEGA AGUILAR , 525, Zona Central, La Paz, Mexico",24.148842,-110.309262,3,3,1420.83667,House,Dulce Torres,2026-07-07T15:17:09.803,https://files-api.properstar.com/api/v2/files/814cc257-4c8f-451e-a752-b635e18957ee/1; https://files-api.properstar.com/api/v2/files/fff9ae54-f3bd-47f4-aeac-e0022cc41454/1; https://files-api.properstar.com/api/v2/files/58755dc7-56e1-4790-977d-ef553996df47/1; https://files-api.properstar.com/api/v2/files/f8c88bfb-a404-4b57-bcfc-feb3adc19f47/1; https://files-api.properstar.com/api/v2/files/74477a4b-9bf9-4756-9001-2c2188f683ac/1; https://files-api.properstar.com/api/v2/files/06a07af5-e8e7-4d3a-b9b6-6777e58c3872/1; https://files-api.properstar.com/api/v2/files/9963b101-c926-4e63-be8a-a9403dc726da/1; https://files-api.properstar.com/api/v2/files/f602cc8a-4c97-4f01-9f49-ec8a45fdc31f/1; https://files-api.properstar.com/api/v2/files/ad0a400e-9ba9-491c-bdbd-aa8dd47cf342/1; https://files-api.properstar.com/api/v2/files/edef18be-427c-41b5-9a3e-df77846a28c5/1; https://files-api.properstar.com/api/v2/files/0e99cc0e-450b-44db-935f-64cf99990b2c/1; https://files-api.properstar.com/api/v2/files/b6c013f1-2b35-4a8d-acc0-381c557025fb/1
117943036,"House at auction in El Camino Real, La Paz, Baja California Sur",https://www.properstar.co.uk/listing/117943036,"GBP 34,760","CAMINO DEL NORTE, El Camino Real, La Paz, Mexico",24.058424,-110.298753,2,1,914.9327,House,Informacion ARSIM,2026-07-07T15:17:09.803,https://files-api.properstar.com/api/v2/files/155c3045-e527-470d-9949-526240f074bc/1; https://files-api.properstar.com/api/v2/files/d6d9382f-129f-4135-b829-ea2a7908254a/1; https://files-api.properstar.com/api/v2/files/99da3270-0dd0-4042-9f06-c3511f32aa6a/1; https://files-api.properstar.com/api/v2/files/2f7636de-a175-4d37-a9a6-8f9968eaa9e3/1; https://files-api.properstar.com/api/v2/files/9c4e1f15-e050-4cc1-9098-21d31678ddc6/1
117952023,"House at auction in Ayuntamiento, La Paz, Baja California Sur",https://www.properstar.co.uk/listing/117952023,"GBP 19,977","ANTONIO MARIA RUIZ, Ayuntamiento, La Paz, Mexico",24.048907,-110.296358,3,2,968.7523,House,Carlos ulises  Camara Morales,2026-07-07T15:17:09.803,https://files-api.properstar.com/api/v2/files/75ce5281-267f-431a-8ab7-a0d449195e6d/1; https://files-api.properstar.com/api/v2/files/152f5f51-38b7-4f3d-a971-aa03accc1216/1; https://files-api.properstar.com/api/v2/files/fab6120b-fb0f-4ccb-ba67-ce8a8a4cf243/1; https://files-api.properstar.com/api/v2/files/cf0669e9-058c-4cd9-8d30-824b293d6483/1; https://files-api.properstar.com/api/v2/files/128dd1ce-40f4-4760-a8ac-d02c6eb7703a/1; https://files-api.properstar.com/api/v2/files/df709d60-f382-4e2b-b623-9fec807ca9bf/1; https://files-api.properstar.com/api/v2/files/1d04585c-85ed-4c79-8c17-cda606143b28/1
117956230,"House at auction in Terranova, La Paz, Baja California Sur",https://www.properstar.co.uk/listing/117956230,"GBP 32,305","Terranova sur, Terranova, La Paz, Mexico",24.079086,-110.312511,2,1,861.1132,House,Carlos ulises  Camara Morales,2026-07-07T15:17:09.803,https://files-api.properstar.com/api/v2/files/dc74dfec-f556-4b76-8684-12c15c601d4a/1; https://files-api.properstar.com/api/v2/files/92d13a25-5a0c-476c-8001-da0a4794a54c/1; https://files-api.properstar.com/api/v2/files/b2061366-de4e-4b3f-8f88-09b4bc908e9c/1; https://files-api.properstar.com/api/v2/files/0438ac40-d9ba-4b16-b77d-811f241b0cda/1; https://files-api.properstar.com/api/v2/files/d21bfe6a-c439-4969-85cc-0ef652060a7b/1; https://files-api.properstar.com/api/v2/files/2703d45d-3892-4832-93a2-f172996563b4/1; https://files-api.properstar.com/api/v2/files/bcb01b0a-f54c-4587-96ba-c670591fa65f/1; https://files-api.properstar.com/api/v2/files/8697939c-a391-49a0-bbc1-91a04c38f0d6/1; https://files-api.properstar.com/api/v2/files/e607787e-2013-4978-95e6-35f7d91846ce/1; https://files-api.properstar.com/api/v2/files/8569a4dc-fe86-488b-aa09-d30afb688443/1; https://files-api.properstar.com/api/v2/files/eb92bec3-3daa-4ee5-b6a9-a6126391ec7e/1
117983553,"Villa for sale in La Cima Residencial, La Paz, Baja California Sur",https://www.properstar.co.uk/listing/117983553,"GBP 32,500","ESTRELLA DE MAR, La Cima Residencial, La Paz, Mexico",24.099817,-110.344659,3,2,1506.94812,House,María Carmona,2026-07-07T15:17:09.803,https://files-api.properstar.com/api/v2/files/36e79f29-6953-4315-8f45-5ccc04ffce4e/1; https://files-api.properstar.com/api/v2/files/f14978a8-feca-43af-a7d7-067bb33664cf/1; https://files-api.properstar.com/api/v2/files/cb8594d4-a521-412f-ada1-6b8c9e2fdb2f/1; https://files-api.properstar.com/api/v2/files/33619f46-80c5-4a61-b5ab-08733613fdd8/1; https://files-api.properstar.com/api/v2/files/639618d7-6105-4997-a116-a0b1fbc758a9/1; https://files-api.properstar.com/api/v2/files/1e73b0a1-7214-4458-ac92-6c370d3c431b/1; https://files-api.properstar.com/api/v2/files/f100cbaf-332d-4e8a-8057-2f142d7c8ebf/1; https://files-api.properstar.com/api/v2/files/87b8ba13-0ca6-45a2-b3e3-62fd7dfdba62/1; https://files-api.properstar.com/api/v2/files/06bf1fb1-ad48-4c58-92bb-3862f1c82bdf/1; https://files-api.properstar.com/api/v2/files/73cc7536-3d97-4407-8384-8817a143c86b/1; https://files-api.properstar.com/api/v2/files/79fbe24c-dfbd-4b16-8ddb-6784029b950d/1; https://files-api.properstar.com/api/v2/files/d188ac55-26f2-4222-b9a1-d3e0176edeb7/1; https://files-api.properstar.com/api/v2/files/3acafbc8-a2b6-4769-b04b-e65bacf3a5b9/1; https://files-api.properstar.com/api/v2/files/1b095586-aa9b-427e-9fc0-62f4f9f6cf81/1; https://files-api.properstar.com/api/v2/files/308065f0-da72-40bf-9c9f-4219376193f2/1; https://files-api.properstar.com/api/v2/files/d1a11ae8-ad18-4f69-9a52-f2cb2bbce1aa/1; https://files-api.properstar.com/api/v2/files/4949a70e-7e57-4e03-8fe4-fdebec2f8974/1; https://files-api.properstar.com/api/v2/files/0e558a71-d278-496d-8497-1ff4bec2a9d6/1; https://files-api.properstar.com/api/v2/files/76761a48-3c15-4b22-a968-0383125a6071/1
117979350,"House at auction in Diana Laura, La Paz, Baja California Sur",https://www.properstar.co.uk/listing/117979350,"GBP 26,000","Terranova, 296, Diana Laura, La Paz, Mexico",24.078218,-110.313647,3,2,1560.76758,House,Alejandro Zavalza,2026-07-07T15:17:09.803,https://files-api.properstar.com/api/v2/files/aeaee49c-366a-4a92-8606-8224cc533566/1; https://files-api.properstar.com/api/v2/files/04ac21b4-9416-4cf0-b419-411f4faab902/1; https://files-api.properstar.com/api/v2/files/f088bcfb-cf1f-41f5-85a6-f8556c3a3369/1; https://files-api.properstar.com/api/v2/files/476f0b1c-fba6-4bfe-bf9a-7229d789b609/1; https://files-api.properstar.com/api/v2/files/e7701762-b3a4-4728-aa42-cf9d98e9cffa/1; https://files-api.properstar.com/api/v2/files/a244db5a-dc6f-4d7d-9a84-f54f6fa802c4/1; https://files-api.properstar.com/api/v2/files/19a0f664-5b6e-4b03-9c6d-02c744ef5285/1; https://files-api.properstar.com/api/v2/files/31c01501-7102-46d2-9b2c-40de007f71a5/1; https://files-api.properstar.com/api/v2/files/b17a7679-323b-425a-8b53-5ef799e07b81/1; https://files-api.properstar.com/api/v2/files/3e788b5a-6af3-4187-af64-4bf72640d141/1; https://files-api.properstar.com/api/v2/files/8f805743-a842-46a3-9a42-14673eebac9a/1; https://files-api.properstar.com/api/v2/files/ed1fd30f-45e2-4fda-accb-828e1367b7a6/1; https://files-api.properstar.com/api/v2/files/27e4b97e-8f71-4a70-a431-190c836d385b/1; https://files-api.properstar.com/api/v2/files/73cef18a-86b2-4ede-8fc4-51a9082b6d4e/1
117988969,"House for sale in Bella Vista, La Paz, Baja California Sur",https://www.properstar.co.uk/listing/117988969,"GBP 24,700","MIRAFLORES, 230, Bella Vista, La Paz, Mexico",24.128002,-110.308818,3,3,1959.03247,House,Nataly Fermonzel,2026-07-07T15:17:09.803,https://files-api.properstar.com/api/v2/files/5f34cd6d-833e-4ee4-86c4-ca60f011d7a9/1; https://files-api.properstar.com/api/v2/files/2176f347-22d8-48ba-96bd-4dbd5b880754/1; https://files-api.properstar.com/api/v2/files/e41c1347-15b5-4d99-8507-29573f02f237/1; https://files-api.properstar.com/api/v2/files/cf6a62d5-2556-4939-bd7f-b02794184a19/1; https://files-api.properstar.com/api/v2/files/9b6a15fc-f9f1-4aa7-bee9-d06d3e38f18d/1; https://files-api.properstar.com/api/v2/files/6666a577-2885-42f5-bc7c-48a0db1b1672/1; https://files-api.properstar.com/api/v2/files/e4682b4a-ee9f-4c0d-9183-f44630b79857/1
117989946,"House for sale in El Camino Real, La Paz, Baja California Sur",https://www.properstar.co.uk/listing/117989946,"GBP 37,266","Priv. De La Redonda, 286, El Camino Real, La Paz, Mexico",24.056885,-110.298093,3,3,1829.86548,House,Edna Mendez Ortega ,2026-07-07T15:17:09.803,https://files-api.properstar.com/api/v2/files/acb8d7f5-1473-4b8c-8ec1-c39dc36f7f6c/1; https://files-api.properstar.com/api/v2/files/6b8693ce-98f4-4381-b264-18b55c0ce1eb/1; https://files-api.properstar.com/api/v2/files/3bc47c5d-19a7-47d4-a419-93e9b6fd5e31/1; https://files-api.properstar.com/api/v2/files/1cac4614-fc67-4fe0-901b-f4bbfd757e71/1; https://files-api.properstar.com/api/v2/files/cd131057-d16f-48f5-8b51-8fbaa8684482/1; https://files-api.properstar.com/api/v2/files/bf7af0ce-9629-4b4a-b199-1624215094d5/1; https://files-api.properstar.com/api/v2/files/d4fed2b8-80b3-4b85-9bcd-77307b0f6c02/1
117990456,"House for sale in Bella Vista, La Paz, Baja California Sur",https://www.properstar.co.uk/listing/117990456,"GBP 21,667","San Antonio , 123, Bella Vista, La Paz, Mexico",24.126762,-110.311519,4,3,2497.22827,House,Edna Mendez Ortega ,2026-07-07T15:17:09.803,https://files-api.properstar.com/api/v2/files/b2f18983-df9f-4705-8569-527688df854f/1; https://files-api.properstar.com/api/v2/files/971467be-9365-4fd3-963a-e83ff677162e/1; https://files-api.properstar.com/api/v2/files/a0253c5c-adc8-4fcb-9caa-41efa739d210/1; https://files-api.properstar.com/api/v2/files/371441fd-9c03-4fa2-90ba-308bf5f7bf17/1; https://files-api.properstar.com/api/v2/files/b1ee6a7b-a857-4343-9569-90a2402b25d5/1; https://files-api.properstar.com/api/v2/files/51f62134-9ecc-4e7c-9f2e-6cb2de4dbcce/1; https://files-api.properstar.com/api/v2/files/5973a9e7-5a08-48f7-97b9-6d51700c9665/1
118510149,Hotel Aquamarina,https://www.properstar.co.uk/listing/118510149,"GBP 1,189,484","Baja California Sur, La Paz , La Paz, Mexico",24.142641,-110.312753,10,10,,House,Engel Voelkers Snell Real Estate,2026-07-08T04:13:43.523,https://files-api.properstar.com/api/v2/files/4ebaecfd-2c4e-4fc1-a64b-2e0b8b05d81a/1; https://files-api.properstar.com/api/v2/files/d5a18180-4472-49d6-be3c-52723d2e54ea/1; https://files-api.properstar.com/api/v2/files/d35af45b-79d3-4562-811f-925eb5e7aa79/1; https://files-api.properstar.com/api/v2/files/dcd1e46a-2bca-4777-8960-a3fcfd26137b/1; https://files-api.properstar.com/api/v2/files/9ef80585-ba33-47f3-ac74-7115f0e65c5c/1; https://files-api.properstar.com/api/v2/files/fbc2976c-196a-4d67-ae72-24c2a876bb5f/1; https://files-api.properstar.com/api/v2/files/e8f0a065-465e-4a11-a46b-27252b952a1b/1; https://files-api.properstar.com/api/v2/files/4a8948cc-0705-4a1b-bd79-5856931c78bc/1; https://files-api.properstar.com/api/v2/files/0a07caf4-c56e-41cd-865d-7a7a4c25c4a7/1; https://files-api.properstar.com/api/v2/files/100bc41a-8b3a-43d3-aed6-6af041ebf627/1; https://files-api.properstar.com/api/v2/files/0ca2ebda-1a95-4e59-bf6d-a2b27e99d630/1; https://files-api.properstar.com/api/v2/files/cae2f0f1-9af7-4167-a21c-12402705de0d/1; https://files-api.properstar.com/api/v2/files/4600e790-3506-4f46-bb5c-77efdf7a1f37/1; https://files-api.properstar.com/api/v2/files/b71433aa-2e3d-4df8-9118-e1bf6486280e/1; https://files-api.properstar.com/api/v2/files/8ec0ceaa-1f11-45f2-b41f-6ddcb82727b2/1; https://files-api.properstar.com/api/v2/files/2eec3d0f-0559-42f6-9f72-2763c468b603/1; https://files-api.properstar.com/api/v2/files/8694854f-ded0-4f22-b31e-48e930ffae27/1; https://files-api.properstar.com/api/v2/files/766d02fa-8841-426f-ae09-e5dfe1376178/1; https://files-api.properstar.com/api/v2/files/c98c251a-be50-4e2e-a40e-2840e2add3f1/1; https://files-api.properstar.com/api/v2/files/9bffe1ff-42b9-49f9-a580-512dc0644d4d/1; https://files-api.properstar.com/api/v2/files/19fc61b4-fbd3-476b-b5eb-aa4a5ea76890/1; https://files-api.properstar.com/api/v2/files/1ae318fa-84ac-4fac-8acd-aec4aba673a0/1; https://files-api.properstar.com/api/v2/files/7f043f01-7229-4bf7-b67e-2e4297db9b5d/1; https://files-api.properstar.com/api/v2/files/12cd7c64-6406-428f-8da0-5d4f94c028c7/1; https://files-api.properstar.com/api/v2/files/0e10a6bb-c2c1-4a68-8510-e7fabf69e04b/1; https://files-api.properstar.com/api/v2/files/bcf6b50c-eddf-4f95-8caf-678e9a861bef/1; https://files-api.properstar.com/api/v2/files/294ac22d-561c-4407-ad08-5babe5d13fcc/1; https://files-api.properstar.com/api/v2/files/1509d7cf-83c9-4d88-a612-f43e3228f14b/1
117974980,"House for sale in Las Americas, La Paz, Baja California Sur",https://www.properstar.co.uk/listing/117974980,"GBP 125,666","nt, Las Américas, La Paz, Mexico",24.104529,-110.320828,3,3,1280.90576,House,INMOBILIARIA SIMAYA,2026-07-07T15:17:09.803,https://files-api.properstar.com/api/v2/files/18b8febc-843d-4978-ba05-d06d9dea145b/1; https://files-api.properstar.com/api/v2/files/df0c3c61-6b73-42de-86bf-8497683f0379/1; https://files-api.properstar.com/api/v2/files/d7d4781e-c3db-439a-aebe-f5e1d2b718f9/1; https://files-api.properstar.com/api/v2/files/ba5bcadf-c243-4702-ae04-0681c3c1e682/1; https://files-api.properstar.com/api/v2/files/98face0b-8a88-46f7-9fe3-e41323183ec2/1; https://files-api.properstar.com/api/v2/files/745892c6-4f17-4d30-baca-8aac4c9f6ca0/1; https://files-api.properstar.com/api/v2/files/5284c5cd-d7aa-4119-a14d-d2555c547e39/1; https://files-api.properstar.com/api/v2/files/fa559393-adfd-4b70-9aa1-39a5f404460a/1; https://files-api.properstar.com/api/v2/files/83eb9e55-9901-4110-ac00-a6c311018171/1; https://files-api.properstar.com/api/v2/files/e0c3eee8-730a-4c18-85f8-1477992bcecf/1; https://files-api.properstar.com/api/v2/files/346ef5bc-5f70-4bc5-9662-22b6b785fcb3/1; https://files-api.properstar.com/api/v2/files/8b41672f-38da-476b-bd4e-2efc37aac464/1; https://files-api.properstar.com/api/v2/files/dc3ebb74-e0e9-465e-a1af-125ec4ac99ea/1; https://files-api.properstar.com/api/v2/files/c43faf32-e558-4849-b5d7-fc35490451d1/1; https://files-api.properstar.com/api/v2/files/c0688418-6294-42ea-a6eb-89a023fa4b8b/1; https://files-api.properstar.com/api/v2/files/0e087b0d-ea4b-496d-967c-7f6117c6a379/1; https://files-api.properstar.com/api/v2/files/8f0ae450-01ab-40e4-bb61-1aae321183dd/1; https://files-api.properstar.com/api/v2/files/3a751d48-fb59-4302-86dc-00f727ed8baf/1
117968950,"House at auction in Bella Vista, La Paz, Baja California Sur",https://www.properstar.co.uk/listing/117968950,"GBP 21,667","C. San Antonio, 123, Bella Vista, La Paz, Mexico",24.127302,-110.309117,4,3,2497.22827,House,Areli Sanchez,2026-07-07T15:17:09.803,https://files-api.properstar.com/api/v2/files/6f618e0a-5216-47d8-a587-d9cd659b7d7d/1; https://files-api.properstar.com/api/v2/files/0e1a6c2b-1d83-47ff-91ba-d4d929c512a3/1; https://files-api.properstar.com/api/v2/files/8a09e345-b238-430b-9148-b66f5dca037e/1; https://files-api.properstar.com/api/v2/files/28712512-47a2-48bd-8f72-aa4ea29d86a2/1; https://files-api.properstar.com/api/v2/files/562b02cb-881d-484a-ab77-bfd609fc4e43/1; https://files-api.properstar.com/api/v2/files/0369dfea-1933-4532-add1-b2ae4efa554f/1; https://files-api.properstar.com/api/v2/files/508fae48-9d8e-40f6-b837-4b14467e2bf1/1
117971206,"House for sale in Benito Juarez, La Paz, Baja California Sur",https://www.properstar.co.uk/listing/117971206,"GBP 29,467","Agua Dulce, 680, Benito Juarez, La Paz, Mexico",24.139878,-110.337288,4,3,2217.36646,House,Samantha Batalla,2026-07-07T15:17:09.803,https://files-api.properstar.com/api/v2/files/c0a92d3d-44a3-42fd-bb20-2f6e79d416df/1; https://files-api.properstar.com/api/v2/files/34b54915-35bb-4776-afa8-06e32c23aea2/1; https://files-api.properstar.com/api/v2/files/6b97d43f-a48f-4b60-9409-3310e52c3940/1; https://files-api.properstar.com/api/v2/files/fad212a2-c51e-4587-ac39-06bf1afde7e7/1; https://files-api.properstar.com/api/v2/files/50db0f60-f88c-41e4-99e7-184fceebe7a5/1; https://files-api.properstar.com/api/v2/files/3965a2d4-eb51-4d42-b28f-df90b066d4e1/1; https://files-api.properstar.com/api/v2/files/b922d16a-1dcf-489e-b90b-38f864385a9d/1; https://files-api.properstar.com/api/v2/files/fdee7702-ca23-457a-8e0d-556a866ff3b9/1
117998326,"House at auction in Pueblo Nuevo, La Paz, Baja California Sur",https://www.properstar.co.uk/listing/117998326,"GBP 40,733","DEL ERIZO, Pueblo Nuevo, La Paz, Mexico",24.125486,-110.341307,4,4,4305.566,House,MARIANA AGUILAR,2026-07-07T15:17:09.803,https://files-api.properstar.com/api/v2/files/a3a805b2-79bf-4de7-aaad-6723109b7938/1; https://files-api.properstar.com/api/v2/files/e3ff00db-ee39-41f0-86af-b9390e8fc3d9/1; https://files-api.properstar.com/api/v2/files/19f3be14-0341-4fc7-91cc-0f74afefa598/1; https://files-api.properstar.com/api/v2/files/5a963d1b-fb36-47cc-b7fd-cd88e198a200/1; https://files-api.properstar.com/api/v2/files/d761e262-890b-4dd9-8cd5-8c4b68a547a9/1; https://files-api.properstar.com/api/v2/files/42514d8f-f64f-4d95-9cc2-569485369bd4/1; https://files-api.properstar.com/api/v2/files/917d6659-3d40-450b-9720-51556dbb3c3a/1
118000116,"House for sale in Sudcalifornia, La Paz, Baja California Sur",https://www.properstar.co.uk/listing/118000116,"GBP 18,027","BAHIA DE LA PAZ, Sudcalifornia, La Paz, Mexico",24.118436,-110.313367,2,1,1463.89246,House,ADELISA DELGADO ALVAREZ,2026-07-07T15:17:09.803,https://files-api.properstar.com/api/v2/files/86e380ac-23f8-470d-b27b-91ae8335f2d0/1; https://files-api.properstar.com/api/v2/files/5a4ca1f5-0e26-462f-94ed-de91dc389d43/1; https://files-api.properstar.com/api/v2/files/a831ea45-edeb-4a78-b829-ffdf178c2452/1; https://files-api.properstar.com/api/v2/files/3856ce94-5562-4ca7-8947-7367b68272f4/1; https://files-api.properstar.com/api/v2/files/4737439f-7244-41de-aee2-cfb9778a5c77/1; https://files-api.properstar.com/api/v2/files/55f41d59-0d22-430c-8d59-51550f098b73/1; https://files-api.properstar.com/api/v2/files/66872e6b-8dd6-441d-a73f-0975900cd891/1; https://files-api.properstar.com/api/v2/files/b82546ef-fb5d-4b19-a28f-1fdac1a2ab1e/1; https://files-api.properstar.com/api/v2/files/423c7076-c647-4594-8f9a-995c3901f1ea/1; https://files-api.properstar.com/api/v2/files/43a78591-f46e-4a10-a6cf-ebf8ab367a42/1
118601166,CONDO FOR SALE IN CLUB CERRALVO IN LA VENTANA BCS,https://www.properstar.co.uk/listing/118601166,"GBP 219,192","Corrdeor isla cerralvo, La Paz, Mexico",24.077531,-110.302102,2,2,968.7523,Apartment,SUNSHINE REALTY,2026-07-10T03:26:28.807,https://files-api.properstar.com/api/v2/files/bfba6771-d690-469c-b4f8-28f267af386a/1; https://files-api.properstar.com/api/v2/files/90dbc6aa-355f-49d7-945c-13c5c0524fe6/1; https://files-api.properstar.com/api/v2/files/fc3b2d33-b25c-43c3-b805-c3e3b598f22e/1; https://files-api.properstar.com/api/v2/files/f95fdc30-b099-4e81-a800-1c68feb7549b/1; https://files-api.properstar.com/api/v2/files/05f356f9-4caf-46b8-a1a5-192e5d5887ed/1; https://files-api.properstar.com/api/v2/files/0c90d592-9bdf-4983-b514-b6d70a395ccd/1; https://files-api.properstar.com/api/v2/files/53cbb8b6-0452-4f3d-b501-c3e40b883efe/1; https://files-api.properstar.com/api/v2/files/18f404c9-3abc-48ea-a6d9-3546761042c7/1; https://files-api.properstar.com/api/v2/files/e9dc03e6-e374-4d62-a566-ea2ee8d0b04a/1; https://files-api.properstar.com/api/v2/files/546d02fe-42d5-4396-8571-8b5fb70e0ae3/1; https://files-api.properstar.com/api/v2/files/06aef7a1-3cf1-48e7-9200-029b6f6c7aac/1; https://files-api.properstar.com/api/v2/files/06fe6de1-f799-4c70-acc4-0dbd0da59d4d/1; https://files-api.properstar.com/api/v2/files/7b85de76-af22-47bc-8f06-d9dc20933b1f/1; https://files-api.properstar.com/api/v2/files/49299fcf-3dcc-4060-a624-017b4253d939/1; https://files-api.properstar.com/api/v2/files/56d20cd8-aadb-4e57-8dea-95563fac1960/1; https://files-api.properstar.com/api/v2/files/d6fa5410-d20b-4283-88ad-c0f5cbaccc59/1; https://files-api.properstar.com/api/v2/files/5c7df9be-4bef-4b04-80f4-88c1f335908e/1; https://files-api.properstar.com/api/v2/files/717e971e-1ce9-4747-ae51-48f0be4b5541/1; https://files-api.properstar.com/api/v2/files/3abf88fc-c717-4656-9bd9-4c9e22c5d168/1; https://files-api.properstar.com/api/v2/files/c394e13c-16f1-4c74-8fc8-84fc48b5f6a7/1; https://files-api.properstar.com/api/v2/files/0d770e00-cdfc-48ff-a499-c979a5c88097/1; https://files-api.properstar.com/api/v2/files/942fb5c2-2d16-49bd-9208-729580f9493c/1; https://files-api.properstar.com/api/v2/files/d271f8ee-d21b-4216-a33c-328b54fe3e75/1; https://files-api.properstar.com/api/v2/files/5086e2d5-53ad-4de0-a821-af8ce472c40f/1; https://files-api.properstar.com/api/v2/files/928a15cc-7d0b-41cc-9bb4-6e049533bb56/1; https://files-api.properstar.com/api/v2/files/e94dbe39-2f08-4170-8e50-8e4eecd44edc/1; https://files-api.properstar.com/api/v2/files/a53981ce-dedc-40bb-b231-a51a1ae8d622/1; https://files-api.properstar.com/api/v2/files/a4060cd3-f3f0-4123-a753-c8644c36f9fa/1; https://files-api.properstar.com/api/v2/files/6c90e10d-19cc-4f30-b238-2619e57870f7/1; https://files-api.properstar.com/api/v2/files/1f0ebc5f-99b7-4f9e-be0c-2eacb79dc85b/1; https://files-api.properstar.com/api/v2/files/f3ff4f90-0bdc-457d-a479-5192885c0b62/1; https://files-api.properstar.com/api/v2/files/38b77b89-a73e-4459-8168-0c665ae6460d/1; https://files-api.properstar.com/api/v2/files/bbc00f63-9ec1-424d-bea3-ea3db8ed1b6a/1
117945275,"House for sale in Lomas de Cataviña, La Paz, Baja California Sur",https://www.properstar.co.uk/listing/117945275,"GBP 34,883","CATAVIÑA SUR , 1638, Lomas de Cataviña, La Paz, Mexico",24.14503,-110.332185,5,4,4305.566,House,ASESORA BECERRIL,2026-07-07T15:17:09.803,https://files-api.properstar.com/api/v2/files/1665abee-2722-459d-9ea1-bba391056043/1; https://files-api.properstar.com/api/v2/files/df96f818-35e4-4f3f-81bd-dbd28e50769e/1; https://files-api.properstar.com/api/v2/files/b577bb09-eabf-409d-9449-74f0116fc027/1; https://files-api.properstar.com/api/v2/files/0cf25704-0508-496f-99ff-ae0ac9b544e8/1; https://files-api.properstar.com/api/v2/files/b4fa7503-00c8-46f2-8501-80d6d3ca3df7/1; https://files-api.properstar.com/api/v2/files/f5fb3238-6f86-48d4-9319-065bc93feb28/1; https://files-api.properstar.com/api/v2/files/efe22d9f-7bea-40e6-9696-0e07b031d5bd/1; https://files-api.properstar.com/api/v2/files/79bc4085-218e-46a6-91b1-1ac6e5322fd6/1; https://files-api.properstar.com/api/v2/files/cbb27bcd-5efe-47d3-a702-3405bf4e8c95/1; https://files-api.properstar.com/api/v2/files/b1f9a4be-b9a3-43a8-87e2-ffd65c9bd5b8/1; https://files-api.properstar.com/api/v2/files/f32d8fa7-bd69-4149-87c2-21a471a983de/1; https://files-api.properstar.com/api/v2/files/031a8365-1da4-4a89-82c4-cba6e3f6a916/1; https://files-api.properstar.com/api/v2/files/4380d02b-774d-4c2b-907d-b14a2e1dfa96/1; https://files-api.properstar.com/api/v2/files/7acd6aec-6b11-454c-aae0-e1001f452f2f/1
117953942,"House for sale in Las Tunas, La Paz, Baja California Sur",https://www.properstar.co.uk/listing/117953942,"GBP 45,318","ARROYO HONDO, Las Tunas, La Paz, Mexico",24.123073,-110.330509,3,2,968.7523,House,Carlos ulises  Camara Morales,2026-07-07T15:17:09.803,https://files-api.properstar.com/api/v2/files/bdbe0a9f-d3c8-4a6f-8ffd-a07d56ea9623/1; https://files-api.properstar.com/api/v2/files/1add36e4-1231-40c5-9925-ea5ad1555d4f/1; https://files-api.properstar.com/api/v2/files/e1a322e8-fafc-4970-b16e-55c8684a327a/1; https://files-api.properstar.com/api/v2/files/dc8ac8c1-6b52-4995-a708-712e3f5ef364/1; https://files-api.properstar.com/api/v2/files/a06f8542-9144-42bb-965a-b6e6c405e8a6/1; https://files-api.properstar.com/api/v2/files/aa6fff1a-4709-47dc-ab56-e91d3ba92947/1
117946508,"House at auction in Ciudad del Cielo, La Paz, Baja California Sur",https://www.properstar.co.uk/listing/117946508,"GBP 69,853","PROF. MARCELO RUBIO RUIZ, 122, Ciudad del Cielo, La Paz, Mexico",24.16888,-110.293863,3,3,2637.15918,House,ISRAEL DOMINGUEZ,2026-07-07T15:17:09.803,https://files-api.properstar.com/api/v2/files/a847fd90-a19d-489d-bcf1-acbb7d310ab9/1; https://files-api.properstar.com/api/v2/files/eb30c81d-54d4-4767-acbc-5131a4f22f5c/1; https://files-api.properstar.com/api/v2/files/f7ae0c47-e183-487f-8cda-685688f58b67/1; https://files-api.properstar.com/api/v2/files/e5f23274-003f-425c-b992-10a5071f2bb2/1; https://files-api.properstar.com/api/v2/files/f7c6654b-632a-44f2-bcf2-f80b6d363efd/1; https://files-api.properstar.com/api/v2/files/bab9e4b0-229d-41ba-851d-ac349d77b453/1; https://files-api.properstar.com/api/v2/files/f08a0ec4-7d0e-4252-ab72-fe229394099d/1; https://files-api.properstar.com/api/v2/files/116b9592-5bed-4e46-a0bd-ed748f868035/1; https://files-api.properstar.com/api/v2/files/295da297-562d-4cfd-bf7d-49544b0f5913/1; https://files-api.properstar.com/api/v2/files/4858e5cb-f108-4c80-b941-9002818fc52c/1; https://files-api.properstar.com/api/v2/files/9ea63204-7868-46d0-ba7e-2cb5266bff36/1; https://files-api.properstar.com/api/v2/files/2ce5684b-78e5-4865-8175-b938dd71813e/1
117944735,"House for sale in Miramar, La Paz, Baja California Sur",https://www.properstar.co.uk/listing/117944735,"GBP 40,547","MAR TROPIC, 315, Miramar, La Paz, Mexico",24.086762,-110.328647,4,2,1022.5719,House,ELIZA CRUZ,2026-07-07T15:17:09.803,https://files-api.properstar.com/api/v2/files/da5d3e0e-220a-4fc7-b26d-9135617f78b3/1; https://files-api.properstar.com/api/v2/files/733c2c93-8bd8-4938-8258-6e40e47c4c78/1; https://files-api.properstar.com/api/v2/files/966c9fb0-3d89-4e21-8760-bdf32e6c8b0a/1; https://files-api.properstar.com/api/v2/files/a5e3f788-b4ee-42b5-8ffa-02bd53b4bd55/1; https://files-api.properstar.com/api/v2/files/a56191f2-2692-4ed9-a17f-40961bcd346a/1; https://files-api.properstar.com/api/v2/files/ae160b17-1ca4-473f-9cfc-b0e8d40c0f3d/1; https://files-api.properstar.com/api/v2/files/4f5fd2db-9c3d-4516-9265-a93923818214/1; https://files-api.properstar.com/api/v2/files/3448eab9-d0cf-4ddc-af9e-9118728cefcf/1; https://files-api.properstar.com/api/v2/files/8bdc2cfd-60fb-4f7d-9284-1fbfe56d1b55/1; https://files-api.properstar.com/api/v2/files/ba98a709-7320-4d8d-8189-73a10adcf2c8/1; https://files-api.properstar.com/api/v2/files/54eff3fa-ae01-47a2-8355-75af99f5dc89/1
117922258,"House at auction in La Rinconada, La Paz, Baja California Sur",https://www.properstar.co.uk/listing/117922258,"GBP 51,272","MIGUEL L. DE LEGASPY, 2730, La Rinconada, La Paz, Mexico",24.135102,-110.296996,4,2,3229.17432,House,Claudia Salinas,2026-07-07T15:17:09.803,https://files-api.properstar.com/api/v2/files/836227cf-0d10-40f4-8977-5395b3f15d6e/1; https://files-api.properstar.com/api/v2/files/c4044995-e3a2-43dd-8836-954a6a31ae24/1; https://files-api.properstar.com/api/v2/files/bc7b13af-26e2-40cb-8875-5608fc76f133/1; https://files-api.properstar.com/api/v2/files/7a6a794a-b4a8-41e8-9715-0ff21f290ca7/1
117993168,"House for sale in Sector La Selva Fidepaz, La Paz, Baja California Sur",https://www.properstar.co.uk/listing/117993168,"GBP 23,833","DE LA MANTARRAYA, 135, Sector La Selva Fidepaz, La Paz, Mexico",24.12842,-110.337795,3,2,2152.783,House,Jhoanna Ortega Cruz,2026-07-07T15:17:09.803,https://files-api.properstar.com/api/v2/files/cb77ace3-ca96-44f1-838a-e484e6e0aba7/1; https://files-api.properstar.com/api/v2/files/dc916413-419b-4892-a8cf-5b6a2463323e/1; https://files-api.properstar.com/api/v2/files/e3a6bc45-4f95-4da1-adb7-09ae4827cacf/1; https://files-api.properstar.com/api/v2/files/43891d6a-9e04-443b-8b72-feefcf465de5/1; https://files-api.properstar.com/api/v2/files/f2165480-f7ce-42c1-a91a-2e55ba09655d/1; https://files-api.properstar.com/api/v2/files/630fc979-d711-40bb-bf36-d18c5b74c003/1; https://files-api.properstar.com/api/v2/files/ad035747-cf2b-462c-ba82-c7ed78f294f4/1; https://files-api.properstar.com/api/v2/files/18ec7dc0-4a95-41f8-b204-aabcd5d43482/1; https://files-api.properstar.com/api/v2/files/9859710d-8f88-48bd-a89a-9b4f4b8baab1/1; https://files-api.properstar.com/api/v2/files/bab26007-4c2c-41ce-8ecb-d0e54607011c/1
117993375,"House for sale in Benito Juarez, La Paz, Baja California Sur",https://www.properstar.co.uk/listing/117993375,"GBP 31,200","AGUA DULCE, 632, Benito Juarez, La Paz, Mexico",24.140552,-110.337529,4,5,2690.97876,House,CARLOS SANCHEZ BAES,2026-07-07T15:17:09.803,https://files-api.properstar.com/api/v2/files/c56e1076-1ff0-4e1a-925b-d9d069956edf/1; https://files-api.properstar.com/api/v2/files/091154ab-d211-4907-84f5-743bd5f5c3a4/1; https://files-api.properstar.com/api/v2/files/1b316ee8-abe5-4c27-911e-d802a76e006b/1; https://files-api.properstar.com/api/v2/files/2570c994-562d-4e36-83e7-d1fa01a56b35/1; https://files-api.properstar.com/api/v2/files/3e732531-1ad7-47f9-94dc-800d570168bb/1; https://files-api.properstar.com/api/v2/files/e35fc141-e11c-42c5-85d6-379294670d7e/1; https://files-api.properstar.com/api/v2/files/320e796d-4a99-483a-a80c-0bf3fb81aeaa/1; https://files-api.properstar.com/api/v2/files/c56f2418-2c30-457c-ac6a-97d80a4f168e/1; https://files-api.properstar.com/api/v2/files/571a5f14-b048-460d-a78d-63965e2c24b5/1; https://files-api.properstar.com/api/v2/files/e8d8f090-6fd9-4ebb-93aa-cdd32c096818/1
117993478,"House for sale in Sector La Selva Fidepaz, La Paz, Baja California Sur",https://www.properstar.co.uk/listing/117993478,"GBP 23,833","Sector La Selva Fidepaz, La Paz, Mexico",24.141701,-110.347265,4,3,4929.873,House,Renata Guzmán ,2026-07-07T15:17:09.803,https://files-api.properstar.com/api/v2/files/b5ec56bf-03e6-4608-abdf-8dfd5029794e/1; https://files-api.properstar.com/api/v2/files/6db36f4d-0ab9-4bcb-92a4-fe1d9b0a4f41/1; https://files-api.properstar.com/api/v2/files/0e3fcc74-af7b-4f2d-bfcc-f5681b20e6d3/1; https://files-api.properstar.com/api/v2/files/920c99e5-2f31-49d5-9a95-28b5db68c113/1; https://files-api.properstar.com/api/v2/files/8faa5126-51f9-4f0c-b9e0-5b6a7b6ee57e/1; https://files-api.properstar.com/api/v2/files/7a2e4142-e7d1-4ebb-9821-580c07760880/1; https://files-api.properstar.com/api/v2/files/a9470044-5ff6-4fb0-8b49-7c23658fadd0/1
117992022,"Villa for sale in Bella Vista Plus, La Paz, Baja California Sur",https://www.properstar.co.uk/listing/117992022,"GBP 24,700","c. miraflores , 23, Bella Vista Plus, La Paz, Mexico",24.128187,-110.303243,3,3,1959.03247,House,ariel rodriguez,2026-07-07T15:17:09.803,https://files-api.properstar.com/api/v2/files/a0d2f0ef-012c-4c34-85a1-97b0250a6643/1; https://files-api.properstar.com/api/v2/files/82b53bec-7f09-4c28-9b13-f422414aa707/1; https://files-api.properstar.com/api/v2/files/e2ed2526-3865-4d78-9de9-8d51b728b033/1; https://files-api.properstar.com/api/v2/files/741903a0-2aa1-403c-b4a2-dcc36a29ae1e/1; https://files-api.properstar.com/api/v2/files/866ed444-5d7f-4801-b8b0-67a5fbf51ac7/1; https://files-api.properstar.com/api/v2/files/19e66495-0eea-41b7-a805-078c065d2145/1; https://files-api.properstar.com/api/v2/files/15ae8cd5-9579-4545-b987-c376b5861600/1; https://files-api.properstar.com/api/v2/files/95959463-85e3-40d6-8aac-ef2104810c62/1; https://files-api.properstar.com/api/v2/files/c6d5318a-00ac-45ca-b5ea-bd46bb8fbb42/1; https://files-api.properstar.com/api/v2/files/5f1f40e0-4892-44ed-8e95-052e0a98dc3f/1; https://files-api.properstar.com/api/v2/files/e1d1d740-5183-4865-bf1e-30f21ee59bc6/1; https://files-api.properstar.com/api/v2/files/6454c33e-c8f1-4f95-817f-6f0ff6995b7d/1; https://files-api.properstar.com/api/v2/files/7c01be11-41ce-4460-92fa-24720089a1e5/1; https://files-api.properstar.com/api/v2/files/10951f65-7fdc-438d-8fc9-756428b93fff/1
117907112,"House for sale in Pueblo Nuevo, La Paz, Baja California Sur",https://www.properstar.co.uk/listing/117907112,"GBP 190,232","Guillermo Prieto, 4830, Pueblo Nuevo, La Paz, Mexico",24.144586,-110.326413,2,1,1711.4624,House,Pacifico Real Estate ,2026-07-07T15:17:09.803,https://files-api.properstar.com/api/v2/files/c384b202-a58d-473f-8587-81b2433897e2/1; https://files-api.properstar.com/api/v2/files/b91de9e3-ce0c-466f-a0d7-c9c4f919c00b/1; https://files-api.properstar.com/api/v2/files/dda2108d-30f3-476a-a9bf-184174d89875/1; https://files-api.properstar.com/api/v2/files/84b0a6f9-6c75-45fe-8248-86a27618b199/1; https://files-api.properstar.com/api/v2/files/d84dbfe3-0a04-48f3-8904-7e5cb7d3f969/1; https://files-api.properstar.com/api/v2/files/3d80184e-d8f3-4adc-b90b-ea72b135ec03/1; https://files-api.properstar.com/api/v2/files/65af6b3a-e357-4590-8eb8-d0c2c6ea626e/1; https://files-api.properstar.com/api/v2/files/4f9968ca-737b-46d8-92ae-00254f1c4409/1; https://files-api.properstar.com/api/v2/files/aa7d116e-f3c7-4cc5-aaa5-1787b51f8abe/1; https://files-api.properstar.com/api/v2/files/2ccfce48-4e8a-45a1-88b0-15963f21102c/1; https://files-api.properstar.com/api/v2/files/b6f51e1f-e79c-4cba-a412-7efdb75212f9/1; https://files-api.properstar.com/api/v2/files/4e00ea16-a1be-40da-ac22-b94b955fb17d/1
117985002,"House for sale in Bella Vista, La Paz, Baja California Sur",https://www.properstar.co.uk/listing/117985002,"GBP 110,066","SAN ANTONIO, Bella Vista, La Paz, Mexico",24.127408,-110.308813,4,3,3444.45264,House,INVERSIONES INMOBILIARIAS,2026-07-07T15:17:09.803,https://files-api.properstar.com/api/v2/files/d6ae01cc-8f50-4f17-b84a-f5eef7ec7cda/1; https://files-api.properstar.com/api/v2/files/4b70b1ba-9c68-4f00-a805-7518c4d58082/1; https://files-api.properstar.com/api/v2/files/1261f958-85c0-4989-b8b1-8f7f20988f17/1; https://files-api.properstar.com/api/v2/files/dc117753-ba6c-4d7d-b309-ed357df749d6/1; https://files-api.properstar.com/api/v2/files/bd6dfc3a-6908-4d3a-826e-f80558f807c4/1; https://files-api.properstar.com/api/v2/files/852bb945-21f8-4d69-b621-0edb8291a985/1; https://files-api.properstar.com/api/v2/files/9cddc98d-5247-43c0-b3f7-230b1bce2250/1; https://files-api.properstar.com/api/v2/files/daa318fc-ec60-46d2-a0c7-d5e88c4e83a1/1; https://files-api.properstar.com/api/v2/files/161984fd-a346-4734-80ac-d4a936b560ed/1; https://files-api.properstar.com/api/v2/files/ab197976-5f53-4650-b412-04ccea2acbf2/1; https://files-api.properstar.com/api/v2/files/72c76f8b-4075-4c6d-b512-1b1d04b8637f/1; https://files-api.properstar.com/api/v2/files/ba259c06-11eb-41a4-833e-a54e30c19d5a/1
117977445,"Apartment for auction in San Isidro (Casas Verdes), La Paz, Mexico",https://www.properstar.co.uk/listing/117977445,"GBP 32,067","AVENIDA CANAL DE LA COMPAÑIA, 705, San Isidro (Casas Verdes), La Paz, Mexico",24.142641,-110.312753,2,1,635.071,Apartment,Karem Rosas,2026-07-07T15:17:09.803,https://files-api.properstar.com/api/v2/files/ea8abb84-24f4-4eb0-9d5d-f162d92d9b88/1; https://files-api.properstar.com/api/v2/files/d45476a9-dc35-474d-a4cc-9b73510b6681/1; https://files-api.properstar.com/api/v2/files/f0db5be9-df45-4ac7-9f2e-9f84906a3498/1; https://files-api.properstar.com/api/v2/files/088f181f-ff34-4db8-9a74-413382c04d1b/1; https://files-api.properstar.com/api/v2/files/34260fe0-80dd-4063-ad5e-3093a6b41e3c/1; https://files-api.properstar.com/api/v2/files/6387bd04-5b4f-4d48-9ea8-f540351b8bdd/1; https://files-api.properstar.com/api/v2/files/45776e19-9205-4cbb-84a2-db827f835fff/1; https://files-api.properstar.com/api/v2/files/9daaef5b-f581-4525-82c0-e1f415e5ce98/1; https://files-api.properstar.com/api/v2/files/baeecfd7-61f5-4ae7-9145-be5ef057da1c/1; https://files-api.properstar.com/api/v2/files/0d311dba-1e85-42f7-9297-1befc751111b/1; https://files-api.properstar.com/api/v2/files/116f48d4-7812-480a-96ba-525c206590fe/1
117984115,"House for sale in Misiones, La Paz, Baja California Sur",https://www.properstar.co.uk/listing/117984115,"GBP 45,318","ARROYO HONDO, Misiones, La Paz, Mexico",24.090983,-110.315431,3,2,1614.58716,House,MARIA DE LA LUZ CISNEROS SALDIVAR,2026-07-07T15:17:09.803,https://files-api.properstar.com/api/v2/files/b76e634a-6bb2-4db6-a4d0-a7cbad612354/1; https://files-api.properstar.com/api/v2/files/0df03b7e-aad1-4673-ab6c-292687927e0f/1; https://files-api.properstar.com/api/v2/files/657d8947-532c-4375-bb7a-c560a986a97f/1; https://files-api.properstar.com/api/v2/files/2e7355fc-b3e6-4cc1-a39f-8c6116344b19/1; https://files-api.properstar.com/api/v2/files/f3e75f82-a8d6-4a14-9a35-a288c5d57cb1/1; https://files-api.properstar.com/api/v2/files/8f397e52-9d5b-4281-810e-0a6417317d4f/1; https://files-api.properstar.com/api/v2/files/89314d09-f50e-4113-a9b9-12a8a2be637b/1
117962012,"House at auction in Casa Blanca, La Paz, Baja California Sur",https://www.properstar.co.uk/listing/117962012,"GBP 21,667","GUILLERMO PRIETO, 3914, Casa Blanca, La Paz, Mexico",24.139285,-110.328546,2,1,1323.96155,House,Grupo Yaxunuh ,2026-07-07T15:17:09.803,https://files-api.properstar.com/api/v2/files/44547e2b-163c-4a44-9df8-fe58edef1bb9/1; https://files-api.properstar.com/api/v2/files/7431c9c7-81fa-440d-8526-53a23f98c23d/1; https://files-api.properstar.com/api/v2/files/4928c476-fcc9-4528-ae98-df98cdea6e31/1; https://files-api.properstar.com/api/v2/files/098829e0-efcb-4f57-956a-01525cd69684/1; https://files-api.properstar.com/api/v2/files/1b344354-5586-441e-be92-50abc19b3a2d/1; https://files-api.properstar.com/api/v2/files/b197176b-06bd-4054-9064-2fa07b83b733/1; https://files-api.properstar.com/api/v2/files/5fce969d-4c03-43fc-8dbb-ce50bfaa5760/1; https://files-api.properstar.com/api/v2/files/c9bdc562-dc3e-4b0f-9f54-f87b81cc1491/1; https://files-api.properstar.com/api/v2/files/dde76861-6ec4-409f-9608-5979ef05999f/1
117962852,"Villa for sale in La Cima Residencial, La Paz, Baja California Sur",https://www.properstar.co.uk/listing/117962852,"GBP 27,300","AV LA CIMA, 303, La Cima Residencial, La Paz, Mexico",24.099586,-110.345234,3,3,2152.783,House,Grupo Yaxunuh ,2026-07-07T15:17:09.803,https://files-api.properstar.com/api/v2/files/14f3adfd-3fc1-407d-b013-a159d7bdf72a/1; https://files-api.properstar.com/api/v2/files/41af79c8-e986-4d33-95da-fa27c09909bd/1; https://files-api.properstar.com/api/v2/files/210ff4c7-f799-455a-9a11-4247bf853094/1; https://files-api.properstar.com/api/v2/files/8a767593-401b-497f-a69b-09c50f857b67/1; https://files-api.properstar.com/api/v2/files/2c5af12e-619e-48fa-9077-20dea3b0bf1a/1; https://files-api.properstar.com/api/v2/files/33bc419f-4d83-429b-b68c-55dea2d7af43/1; https://files-api.properstar.com/api/v2/files/3be20a1a-cb90-45c2-ab9d-2639e3fe8274/1; https://files-api.properstar.com/api/v2/files/5a50eac1-0662-494a-b24f-e12e80c0748c/1; https://files-api.properstar.com/api/v2/files/6e53e574-3881-4fb6-a9bb-257138337e5e/1
117963158,"Villa for sale in La Cima Residencial, La Paz, Baja California Sur",https://www.properstar.co.uk/listing/117963158,"GBP 27,300","Av. La Cima, 303, La Cima Residencial, La Paz, Mexico",24.099586,-110.345234,3,3,2152.783,House,GRUPO YAXUNUH S.A. DE C.V.,2026-07-07T15:17:09.803,https://files-api.properstar.com/api/v2/files/f162d303-1f92-419c-8e3a-0047f89932d8/1; https://files-api.properstar.com/api/v2/files/fb26087a-41f8-44ae-9d87-bdb257f2d654/1; https://files-api.properstar.com/api/v2/files/7351c62b-d49a-4d6f-bf0e-12ecbfaf436b/1; https://files-api.properstar.com/api/v2/files/3fd21244-b7ee-461d-a3d5-8a9fa30f0fb1/1; https://files-api.properstar.com/api/v2/files/d31fb0e9-8721-46f8-b43a-01d084eb982d/1; https://files-api.properstar.com/api/v2/files/2a5f8e07-5c87-4c47-b2e8-d40564bb2d1f/1; https://files-api.properstar.com/api/v2/files/ff040bbb-5513-4af2-9fc3-862d1f84b764/1; https://files-api.properstar.com/api/v2/files/655c93b8-dfef-4ea8-a4bb-a97a65617122/1; https://files-api.properstar.com/api/v2/files/513fc615-a14d-4cb0-91dc-aabeb18c79ba/1
117960818,"House at auction in El Camino Real, La Paz, Baja California Sur",https://www.properstar.co.uk/listing/117960818,"GBP 14,321","CAMINO DEL NORTE, 416, El Camino Real, La Paz, Mexico",24.061074,-110.294752,2,1,602.7792,House,ANTONIO MARTINEZ,2026-07-07T15:17:09.803,https://files-api.properstar.com/api/v2/files/0ec51e53-a323-47b7-a96e-b322fc28207e/1; https://files-api.properstar.com/api/v2/files/b4f447c8-5aa0-4c60-91fc-a7c477a1f930/1; https://files-api.properstar.com/api/v2/files/13a11a0d-c68a-42fa-9136-259903c24aa6/1; https://files-api.properstar.com/api/v2/files/02d2adf5-2f11-4845-8ecd-3abe7aecb056/1; https://files-api.properstar.com/api/v2/files/fc37dc9f-836c-4010-a97b-3bcf06843d69/1; https://files-api.properstar.com/api/v2/files/76ea2d84-cdf4-4228-9c56-27f7c1878bee/1
117956808,"Apartment at auction in 1 de Mayo, La Paz, Baja California Sur",https://www.properstar.co.uk/listing/117956808,"GBP 15,687","DAVID PERALTA OSUNA, 1 de Mayo, La Paz, Mexico",24.105262,-110.307796,3,2,1076.39148,Apartment,Carlos ulises  Camara Morales,2026-07-07T15:17:09.803,https://files-api.properstar.com/api/v2/files/f9fd193f-5780-4d01-9a89-689dda259f40/1; https://files-api.properstar.com/api/v2/files/15d985f5-cbc8-455c-b7c0-ccad3ca25641/1; https://files-api.properstar.com/api/v2/files/c7d8a110-7c4a-4567-bcb2-c719fb4f9c5e/1; https://files-api.properstar.com/api/v2/files/a78580c3-981c-447a-99ea-715f46880ad2/1; https://files-api.properstar.com/api/v2/files/4dad3d42-79de-4a96-9e80-54963c459bb6/1; https://files-api.properstar.com/api/v2/files/9b78a400-cd6e-4e68-af92-e2592b032532/1; https://files-api.properstar.com/api/v2/files/044fae47-1aff-46ec-8c3a-8aaa4c7d3908/1
117975892,"House at auction in La Fuente, La Paz, Baja California Sur",https://www.properstar.co.uk/listing/117975892,"GBP 35,187","CIRCUITO LOS BLEDALES, 001, La Fuente, La Paz, Mexico",24.06621,-110.304834,3,1,1291.6698,House,RUTH DE LA ROSA SOLIS,2026-07-07T15:17:09.803,https://files-api.properstar.com/api/v2/files/cde163e5-e6d5-4ea0-acba-c2cbdbb7a42b/1; https://files-api.properstar.com/api/v2/files/03570dfb-26be-49ee-9ff6-fdbdf2f474cb/1; https://files-api.properstar.com/api/v2/files/d002ddc8-5f93-4c53-a301-6b43623ae20f/1; https://files-api.properstar.com/api/v2/files/ce31d012-352c-411a-9e46-851ebcf07087/1; https://files-api.properstar.com/api/v2/files/09db3b6f-7754-43a0-a2ad-2431fae35a7a/1
117976015,"House for sale in Bella Vista, La Paz, Baja California Sur",https://www.properstar.co.uk/listing/117976015,"GBP 19,635","LA PURISIMA, 227, Bella Vista, La Paz, Mexico",24.13031,-110.309099,4,4,2798.618,House,Jesús Silva,2026-07-07T15:17:09.803,https://files-api.properstar.com/api/v2/files/67ae7449-2a14-43eb-acb2-70be2b78ed62/1; https://files-api.properstar.com/api/v2/files/2bbc7d0a-959a-4343-a4c5-2fdb744b0139/1; https://files-api.properstar.com/api/v2/files/81089768-da3b-4eef-b44e-7d708420be17/1; https://files-api.properstar.com/api/v2/files/d668734a-ac24-42a8-989a-ba0fa021880d/1; https://files-api.properstar.com/api/v2/files/ee2d5c31-90da-4c37-9fb4-1111daeee542/1; https://files-api.properstar.com/api/v2/files/fcbcf207-d76d-42b1-9c14-d3ee63fe6407/1; https://files-api.properstar.com/api/v2/files/16ff8344-ec8e-4317-b783-fbee94d75398/1; https://files-api.properstar.com/api/v2/files/9b11eb10-574f-4b13-a325-2c8cd45fc2d4/1
117971142,"House at auction in Villas del Encanto, La Paz, Baja California Sur",https://www.properstar.co.uk/listing/117971142,"GBP 19,500","Villa Flores, 305, Villas del Encanto, La Paz, Mexico",24.10327,-110.331988,3,2,2583.3396,House,Areli Sanchez,2026-07-07T15:17:09.803,https://files-api.properstar.com/api/v2/files/ff96680a-f4ea-4cbf-a5cd-5e1b6d94d456/1; https://files-api.properstar.com/api/v2/files/214f71ac-2f1f-4e4f-949c-39d09ea956d2/1; https://files-api.properstar.com/api/v2/files/abe69d2c-d830-4fa7-94e6-c76f130fb79f/1; https://files-api.properstar.com/api/v2/files/29379fa8-c75b-412d-9039-7b377322c675/1; https://files-api.properstar.com/api/v2/files/bb6bd631-b8df-424f-9759-f419eb11a927/1; https://files-api.properstar.com/api/v2/files/34ef59df-20c7-4fc6-82b1-6a7620881373/1; https://files-api.properstar.com/api/v2/files/33aac293-51b4-423d-97fb-7fc6ffcd9804/1; https://files-api.properstar.com/api/v2/files/756410de-3db3-45c8-8da3-7b032624b711/1; https://files-api.properstar.com/api/v2/files/1bc72506-b671-4ab7-9ae8-70354a7f0758/1
118452007,"HOUSE FOR SALE IN LA PAZ, COL. FIDEPAZ",https://www.properstar.co.uk/listing/118452007,"GBP 420,331","Medusa 036, La Paz, Mexico",24.124355,-110.341594,4,2,3465.98047,House,SUNSHINE REALTY,2026-07-07T03:27:30.72,https://files-api.properstar.com/api/v2/files/f18f72bd-8af3-4385-8e45-f68a671ada39/1; https://files-api.properstar.com/api/v2/files/150140ea-ac12-4c5a-939f-c263aa542bbf/1; https://files-api.properstar.com/api/v2/files/e4f47240-f6a8-4415-abb1-2f12df5df843/1; https://files-api.properstar.com/api/v2/files/96b769a5-077b-4657-bd8d-ab7a5f56efa5/1; https://files-api.properstar.com/api/v2/files/5d794f38-475d-4fae-8b4f-8665add6d391/1; https://files-api.properstar.com/api/v2/files/1422d464-6556-4e82-b7d7-448fd90a39af/1; https://files-api.properstar.com/api/v2/files/dacd7292-55cb-4cc5-a4c6-5edc5cb47e2a/1; https://files-api.properstar.com/api/v2/files/2037f062-e779-4e89-8d76-90932ac7f0b5/1; https://files-api.properstar.com/api/v2/files/6f1ad4a2-e16f-4989-8b6e-f0ba3f28a5c8/1; https://files-api.properstar.com/api/v2/files/d0f0d4e1-9e60-4d8c-9a6d-c36f3f1bc18d/1; https://files-api.properstar.com/api/v2/files/aa90e357-5bc4-48c8-85db-84d4c63c827e/1; https://files-api.properstar.com/api/v2/files/a9366c99-69c7-40af-bc64-14a8497fb245/1; https://files-api.properstar.com/api/v2/files/106e3e3a-6b5f-4395-9a14-32558d879483/1; https://files-api.properstar.com/api/v2/files/0f93c938-59cd-4f23-8e12-47633d534722/1; https://files-api.properstar.com/api/v2/files/74c09e4f-8263-42c9-8439-9999662577e3/1; https://files-api.properstar.com/api/v2/files/01ccdffa-065e-4e57-87ce-351c03778595/1; https://files-api.properstar.com/api/v2/files/57c6facf-5e05-46ba-b79d-e47a682d32af/1
117994207,"House for sale in Los Tabachines, La Paz, Baja California Sur",https://www.properstar.co.uk/listing/117994207,"GBP 22,317","ISLA ESPIRITU SANTO , 242, Los Tabachines, La Paz, Mexico",24.079581,-110.304553,2,2,3013.896,House,JAZMIN MONTOYA,2026-07-07T15:17:09.803,https://files-api.properstar.com/api/v2/files/47d3773d-b43d-4f55-beaf-9d6505bfc90f/1; https://files-api.properstar.com/api/v2/files/25d4cd1c-b913-4de9-91c7-f3f57fe1733e/1; https://files-api.properstar.com/api/v2/files/0e78d8d6-1cd1-4b11-922e-4d4208b2c138/1; https://files-api.properstar.com/api/v2/files/8a85f538-47d0-4b59-a2cd-c09db91becf7/1; https://files-api.properstar.com/api/v2/files/ae6749d2-170f-4b22-bf31-060455c0ca36/1; https://files-api.properstar.com/api/v2/files/12d284c6-198f-4c71-9905-dcaff95dddea/1; https://files-api.properstar.com/api/v2/files/62c019b6-d22d-4af4-aaa1-84093595ec33/1; https://files-api.properstar.com/api/v2/files/4f0076ef-c8e1-4dd7-b772-d0ab58566a9b/1
117990984,"House for sale in Bella Vista, La Paz, Baja California Sur",https://www.properstar.co.uk/listing/117990984,"GBP 24,700","C. Miraflores , 230, Bella Vista, La Paz, Mexico",24.128002,-110.308818,3,3,1959.03247,House,Edna Mendez Ortega ,2026-07-07T15:17:09.803,https://files-api.properstar.com/api/v2/files/fdbd3c37-3211-4ea9-bb0a-5f5a435f90dd/1; https://files-api.properstar.com/api/v2/files/9eb1d098-1c89-4b92-9c34-5cc0a40b3744/1; https://files-api.properstar.com/api/v2/files/b524a589-3a1b-4de2-9fe3-b942fa71087f/1; https://files-api.properstar.com/api/v2/files/9079790e-5fd4-46dc-8e72-bff040e5b3cd/1; https://files-api.properstar.com/api/v2/files/07add29d-efa5-47bb-9cb9-b63abd79ab5d/1; https://files-api.properstar.com/api/v2/files/e22424bd-4de6-4c3a-8ecb-d22c41dca6ca/1; https://files-api.properstar.com/api/v2/files/ab544aaf-0e6c-4222-a309-16a2c4489214/1
117991071,"House at auction in Villas del Encanto, La Paz, Baja California Sur",https://www.properstar.co.uk/listing/117991071,"GBP 29,136","Villa Daniela, 320, Villas del Encanto, La Paz, Mexico",24.104126,-110.333304,2,1,925.6967,House,Alejandro Aranda Torres,2026-07-07T15:17:09.803,https://files-api.properstar.com/api/v2/files/f99a8c34-da93-4d6b-9696-2eb42a3a83a0/1; https://files-api.properstar.com/api/v2/files/9688cce2-087b-4754-87b7-b49ad50320f9/1; https://files-api.properstar.com/api/v2/files/62560161-a937-43f2-804b-95f447294bea/1; https://files-api.properstar.com/api/v2/files/86c6efcf-0631-447a-91e8-385449d74808/1; https://files-api.properstar.com/api/v2/files/759c219e-dcce-4712-92a1-10a6b56af0bf/1; https://files-api.properstar.com/api/v2/files/b54ba3c3-f443-433b-b0b3-77e58735d6ba/1; https://files-api.properstar.com/api/v2/files/1c8e58bc-5b1f-418a-abe1-21f388a6807f/1; https://files-api.properstar.com/api/v2/files/a16df28b-7fff-4124-aa85-688c62e33c0e/1; https://files-api.properstar.com/api/v2/files/441a3492-f1d3-4111-b447-696edca09586/1; https://files-api.properstar.com/api/v2/files/6fc97f8a-0791-4b05-9673-02cb5eb19efc/1; https://files-api.properstar.com/api/v2/files/dfdfb347-e5a4-4bb7-9633-4b5d48358f19/1
117988114,"House for sale in Bella Vista, La Paz, Baja California Sur",https://www.properstar.co.uk/listing/117988114,"GBP 19,630","LA PURISIMA, 227, Bella Vista, La Paz, Mexico",24.13031,-110.309099,4,3,3767.37,House,HELENA HERNÁNDEZ ,2026-07-07T15:17:09.803,https://files-api.properstar.com/api/v2/files/116c6065-c1e5-4ec8-9786-008635c4a36e/1; https://files-api.properstar.com/api/v2/files/4a2a0786-bd0d-46b2-96c1-d9382ff80bcc/1; https://files-api.properstar.com/api/v2/files/69710369-7635-4955-8115-3fcd83857217/1; https://files-api.properstar.com/api/v2/files/c84a61b0-ca59-4309-aa94-a7dcd8508cee/1; https://files-api.properstar.com/api/v2/files/669c1abe-2105-4bf6-a71d-3a92452af911/1; https://files-api.properstar.com/api/v2/files/2e059c0d-1b98-4354-9e9b-72e276582842/1; https://files-api.properstar.com/api/v2/files/bc8f2442-65c0-4cb1-978e-9212362dc330/1; https://files-api.properstar.com/api/v2/files/60f3ba3a-bdb6-4883-8341-8d656eaf803e/1; https://files-api.properstar.com/api/v2/files/04242615-de05-4722-8b3d-f3b8cc3c85fb/1; https://files-api.properstar.com/api/v2/files/50d50f41-6d72-4609-8e72-8df7150a4e1d/1
117997594,"House for sale in La Paz (General Manuel Márquez de León), La Paz, Baja California Sur",https://www.properstar.co.uk/listing/117997594,"GBP 36,833","AGUA DULCE, La Paz (General Manuel Márquez de León), La Paz, Mexico",24.052392,-110.363488,4,4,4413.205,House,ADELISA DELGADO ALVAREZ,2026-07-07T15:17:09.803,https://files-api.properstar.com/api/v2/files/54223605-972d-4963-8a20-ffb00530cccb/1; https://files-api.properstar.com/api/v2/files/bc60cef5-7f74-4a8e-9cab-ec68c24f7092/1; https://files-api.properstar.com/api/v2/files/ff4dcc2b-ad9d-4cde-a4dc-2ba8e804c339/1; https://files-api.properstar.com/api/v2/files/9c87176b-2dab-46f2-be97-6b5d466fb1c2/1; https://files-api.properstar.com/api/v2/files/dd83c873-68ef-4a1d-98b1-5bfba6e44533/1; https://files-api.properstar.com/api/v2/files/246f52d9-695c-4a11-993d-c7fada8835dd/1; https://files-api.properstar.com/api/v2/files/f5ee412f-893a-48f8-b9a6-e264f3260dbd/1; https://files-api.properstar.com/api/v2/files/1d932124-f405-46a5-af1f-2b35a84c6d6f/1; https://files-api.properstar.com/api/v2/files/200e2914-30ea-4e85-b7a1-33b8896013d4/1; https://files-api.properstar.com/api/v2/files/ffa83b94-cdc4-4710-970e-fa92d30342e8/1; https://files-api.properstar.com/api/v2/files/e86b431b-38e1-4261-8728-73a08341d1b5/1; https://files-api.properstar.com/api/v2/files/75d3f833-39e0-44f2-b9b5-a88624e84f04/1; https://files-api.properstar.com/api/v2/files/aeadb1e4-8520-4d42-88c8-cd1d257a2e4f/1
117999521,"House for sale in Bella Vista, La Paz, Baja California Sur",https://www.properstar.co.uk/listing/117999521,"GBP 23,703","SAN ANTONIO, Bella Vista, La Paz, Mexico",24.127408,-110.308813,4,3,5758.69434,House,ADELISA DELGADO ALVAREZ,2026-07-07T15:17:09.803,https://files-api.properstar.com/api/v2/files/12ec316d-7a4d-46f1-b197-d260a2a5b60e/1; https://files-api.properstar.com/api/v2/files/1935f983-3792-42c7-b904-9c11319ad2f6/1; https://files-api.properstar.com/api/v2/files/27fd6e3f-99e5-46da-970b-4776217e6d5d/1; https://files-api.properstar.com/api/v2/files/bae6df3b-ddf1-462a-ac57-7177760e11c1/1; https://files-api.properstar.com/api/v2/files/95eb6ba7-d1a2-40e8-b5d8-07ce8b30a4e5/1; https://files-api.properstar.com/api/v2/files/b7b507fa-43d2-43d2-a5a0-a0b12a0a00d8/1; https://files-api.properstar.com/api/v2/files/6d6f9292-218a-40dd-b89e-a159737fce71/1; https://files-api.properstar.com/api/v2/files/89ceadd8-c7dd-4489-93dc-9b915740763c/1; https://files-api.properstar.com/api/v2/files/f66b1571-02c0-4472-bb2a-0969c38886ce/1; https://files-api.properstar.com/api/v2/files/efe85c71-cc58-4624-a834-0f4121ac819b/1; https://files-api.properstar.com/api/v2/files/9a0486de-f94f-4248-b194-a3cac0c63625/1; https://files-api.properstar.com/api/v2/files/ca54ebc7-50e4-401e-9270-84ee1f7c9475/1; https://files-api.properstar.com/api/v2/files/a49a5ecc-89ca-4882-8ed5-63cbbc03a094/1
117905427,"House at auction in Misiones, La Paz, Baja California Sur",https://www.properstar.co.uk/listing/117905427,"GBP 39,000","MISION DE SAN JAVIER, Misiones, La Paz, Mexico",24.087749,-110.317252,3,3,1506.94812,House,DESPACHO  ASESORIA EN RECUPERACION BANCARIA ,2026-07-07T15:17:09.803,https://files-api.properstar.com/api/v2/files/03947278-b76c-43cc-a061-7dda1c087d39/1; https://files-api.properstar.com/api/v2/files/9f7c899e-e620-49ac-bbe4-4537471a2034/1; https://files-api.properstar.com/api/v2/files/8b98b9e0-f27a-4c00-9382-0b2355295078/1; https://files-api.properstar.com/api/v2/files/e1a9ade9-d2e3-4691-b152-9da946143191/1; https://files-api.properstar.com/api/v2/files/a273fa72-a505-4f88-81a2-24702f03efbc/1; https://files-api.properstar.com/api/v2/files/e5cc1d46-e352-4ee7-a8a5-2490fa580d46/1; https://files-api.properstar.com/api/v2/files/000419ee-2aa1-44f5-b994-f56cac2c50b9/1; https://files-api.properstar.com/api/v2/files/51b752f2-f3bc-4e98-ba5a-f289b0516fe9/1; https://files-api.properstar.com/api/v2/files/0d77d84e-48de-48f6-a7d5-8a647594fde1/1; https://files-api.properstar.com/api/v2/files/e8fe93ec-f434-417d-8f01-40d8e76c28cd/1; https://files-api.properstar.com/api/v2/files/0192e042-fd31-46b2-8736-5d428e69e82c/1
117936944,"House for sale in Los Olivos, La Paz, Baja California Sur",https://www.properstar.co.uk/listing/117936944,"GBP 52,000","IGNACIO ALLENDE , 2035, Los Olivos, La Paz, Mexico",24.143103,-110.300804,3,3,4434.733,House,Dulce Torres,2026-07-07T15:17:09.803,https://files-api.properstar.com/api/v2/files/83f3c3e0-a202-4ce8-a35a-2d95a737bd45/1; https://files-api.properstar.com/api/v2/files/82a765df-9936-459b-b485-38ebebbaf32e/1; https://files-api.properstar.com/api/v2/files/d7359bf8-62d7-4e04-83ec-71bb23d2c82e/1; https://files-api.properstar.com/api/v2/files/c4df934d-a134-4b26-af36-6b053fc127be/1; https://files-api.properstar.com/api/v2/files/e238dc05-208a-4373-bb2d-30c2f1276e46/1; https://files-api.properstar.com/api/v2/files/3761faa4-dc1e-4ee6-91a7-49097e2c4418/1; https://files-api.properstar.com/api/v2/files/7041b9c0-24d3-4284-a6e5-096439dfaac2/1; https://files-api.properstar.com/api/v2/files/92192aa3-2e26-4fc6-ac52-c117d65fda07/1; https://files-api.properstar.com/api/v2/files/e9b69fa7-53f4-4f41-8da7-5aa3d3d72159/1; https://files-api.properstar.com/api/v2/files/65f17cea-c61e-4d4d-925c-37e1e5ec82a3/1; https://files-api.properstar.com/api/v2/files/18521990-2290-49e8-b68c-261342473082/1
117933404,"House at auction in Guerrero, La Paz, Baja California Sur",https://www.properstar.co.uk/listing/117933404,"GBP 42,142","SANTO DEGOLLADO, 2229, Guerrero, La Paz, Mexico",24.145518,-110.296423,2,1,968.7523,House,Servicios Profesionales de Enlaces Jurídicos,2026-07-07T15:17:09.803,https://files-api.properstar.com/api/v2/files/ee8b0ab8-f04b-41c7-b2f6-e911be14542f/1
117933921,"House at auction in Terranova, La Paz, Baja California Sur",https://www.properstar.co.uk/listing/117933921,"GBP 32,305","TERRANOVA SUR, Terranova, La Paz, Mexico",24.079086,-110.312511,2,1,538.1957,House,Servicios Profesionales de Enlaces Jurídicos,2026-07-07T15:17:09.803,https://files-api.properstar.com/api/v2/files/9f0feb1b-7755-4fcf-ba23-082bdb83cbbb/1; https://files-api.properstar.com/api/v2/files/f7865a1d-5ed6-4ebb-b65d-e15c3be8c1b2/1; https://files-api.properstar.com/api/v2/files/96a9efb5-b6ef-4e56-8a18-af89db875934/1; https://files-api.properstar.com/api/v2/files/2e9788cf-4081-4552-9e52-5b0d73783c00/1
117933974,"House at auction in El Progreso, La Paz, Baja California Sur",https://www.properstar.co.uk/listing/117933974,"GBP 26,953","RUBI, El Progreso, La Paz, Mexico",24.082847,-110.302626,2,1,538.1957,House,Servicios Profesionales de Enlaces Jurídicos,2026-07-07T15:17:09.803,https://files-api.properstar.com/api/v2/files/3a6918ef-f558-44fc-9e09-832421b6a129/1; https://files-api.properstar.com/api/v2/files/6c0b028b-2e06-4cb4-93f7-188a30cec16b/1; https://files-api.properstar.com/api/v2/files/21985285-7e83-4965-943a-2d6f92c729de/1; https://files-api.properstar.com/api/v2/files/033c68e3-a03b-4bbe-9fab-c5f9d08d367d/1
117930951,"House at auction in Villas del Encanto, La Paz, Baja California Sur",https://www.properstar.co.uk/listing/117930951,"GBP 28,600","Villa Gael, 328, Villas del Encanto, La Paz, Mexico",24.104687,-110.334268,3,2,807.2936,House,Servicios Profesionales de Enlaces Jurídicos,2026-07-07T15:17:09.803,https://files-api.properstar.com/api/v2/files/da14b62f-f50f-4640-8a64-7e7d9a8cb1ca/1; https://files-api.properstar.com/api/v2/files/3f68eb2b-0c81-425d-8def-2934e30de652/1; https://files-api.properstar.com/api/v2/files/239b0d4f-2244-406d-96dc-4c5690b16733/1; https://files-api.properstar.com/api/v2/files/c6ad3f73-17f9-4ab4-9f66-7a643c4deb97/1; https://files-api.properstar.com/api/v2/files/a73eae71-22ca-48df-a70a-3cb325f98b8e/1
117931141,"House at auction in Villas del Encanto, La Paz, Baja California Sur",https://www.properstar.co.uk/listing/117931141,"GBP 25,577","VILLA MARINO, Villas del Encanto, La Paz, Mexico",24.10246,-110.32797,3,1,968.7523,House,Servicios Profesionales de Enlaces Jurídicos,2026-07-07T15:17:09.803,https://files-api.properstar.com/api/v2/files/6a44adec-d2b6-4146-97f9-163ffae4f33a/1; https://files-api.properstar.com/api/v2/files/43c6b487-2ae3-4bc8-b065-ebfc5d2a3329/1; https://files-api.properstar.com/api/v2/files/f13af00f-1af4-49a3-9b73-adc6cae8f9dc/1; https://files-api.properstar.com/api/v2/files/dbe6c9fe-1eca-4877-82b9-cba2b1435841/1
117931411,"House at auction in Ayuntamiento, La Paz, Baja California Sur",https://www.properstar.co.uk/listing/117931411,"GBP 19,977","Ayuntamiento, La Paz, Mexico",24.142641,-110.312753,1,1,538.1957,House,Servicios Profesionales de Enlaces Jurídicos,2026-07-07T15:17:09.803,https://files-api.properstar.com/api/v2/files/835e756f-af49-43d6-ae75-825c0788afaa/1; https://files-api.properstar.com/api/v2/files/fb926836-6701-4d91-a97c-35317ed63378/1; https://files-api.properstar.com/api/v2/files/e8074503-8228-4902-8537-271f308cae5f/1; https://files-api.properstar.com/api/v2/files/f8177425-6e1b-4544-bd68-95511a0c43c9/1
117972377,"House at auction in Residencial Marina Sur, La Paz, Baja California Sur",https://www.properstar.co.uk/listing/117972377,"GBP 166,683","mar del sur, 2, Residencial Marina Sur, La Paz, Mexico",24.118157,-110.347331,3,3,1937.50464,House,Carlos Rincón,2026-07-07T15:17:09.803,https://files-api.properstar.com/api/v2/files/ee9d29be-781c-4287-8b51-4bf8524cfdb8/1; https://files-api.properstar.com/api/v2/files/379dc691-591e-4ab2-9d18-0e807d6d4c1f/1; https://files-api.properstar.com/api/v2/files/e14f3b36-99de-43ba-bfc8-4cf3c421a34f/1; https://files-api.properstar.com/api/v2/files/bcf25cfc-d582-471f-b92a-498906d44db1/1; https://files-api.properstar.com/api/v2/files/c4786b40-9d2a-460a-a433-8cebf489a173/1; https://files-api.properstar.com/api/v2/files/dd9f59e3-4d0f-40a5-92e7-607376675b67/1; https://files-api.properstar.com/api/v2/files/2adec8b3-0f6e-48ef-b9b6-fe0c1940d6d9/1; https://files-api.properstar.com/api/v2/files/ee88f391-7a17-4cdd-9f41-483338bd1c50/1
117973907,"House for sale in Bella Vista, La Paz, Baja California Sur",https://www.properstar.co.uk/listing/117973907,"GBP 21,667","C. San Antonio , 123, Bella Vista, La Paz, Mexico",24.127302,-110.309117,4,3,2497.22827,House,Grupo Yaxunuh S.A. de C.V.,2026-07-07T15:17:09.803,https://files-api.properstar.com/api/v2/files/8407b2c5-ef48-4ae3-aeed-4ea95b5ed6e7/1; https://files-api.properstar.com/api/v2/files/7fcc06a7-59ec-48fa-9099-2730b465a8ea/1; https://files-api.properstar.com/api/v2/files/e16655a3-2f5c-4145-a99f-10b12a113405/1; https://files-api.properstar.com/api/v2/files/76912791-3d16-49c4-b18f-74d568359fe4/1; https://files-api.properstar.com/api/v2/files/729eac22-b883-4201-b15f-3fd3f74fed44/1; https://files-api.properstar.com/api/v2/files/e39ce7d2-fab9-4f0a-b805-096b19b8594c/1; https://files-api.properstar.com/api/v2/files/f8f3f309-a6d3-42fa-942f-d5773e494a15/1; https://files-api.properstar.com/api/v2/files/aeafbd33-2550-4a59-84dd-bd6d5c948311/1
117970577,"House at auction in Guerrero, La Paz, Baja California Sur",https://www.properstar.co.uk/listing/117970577,"GBP 78,765","16 de septiembre , 1535, Guerrero, La Paz, Mexico",24.150851,-110.302167,5,4,2734.03418,House,Claudia lucero villa quiñonez,2026-07-07T15:17:09.803,https://files-api.properstar.com/api/v2/files/4f824cf4-fcb2-4e0c-b897-b42c56163696/1; https://files-api.properstar.com/api/v2/files/de2deb4f-1ae6-499c-b671-28cbdc40ca2e/1; https://files-api.properstar.com/api/v2/files/1ecb35b2-b0df-4b95-b506-5fe345503431/1; https://files-api.properstar.com/api/v2/files/677d66e3-aaf9-43db-b44d-50e04b9161bb/1; https://files-api.properstar.com/api/v2/files/dbe8138a-be40-44b7-b815-c5db937ba818/1; https://files-api.properstar.com/api/v2/files/f1a9fd81-3c3d-4d87-9bd1-f8e9fc45bed2/1; https://files-api.properstar.com/api/v2/files/4704940e-35ca-4bc3-adfd-7402f513cd76/1; https://files-api.properstar.com/api/v2/files/ce84d23a-798b-46cd-8e93-bebd8dab303c/1; https://files-api.properstar.com/api/v2/files/452f6802-86ca-421f-9d65-84b042c3a51a/1; https://files-api.properstar.com/api/v2/files/ef53cd9b-e484-4e88-83e8-76fdbe383801/1; https://files-api.properstar.com/api/v2/files/c481965d-f8cd-4987-8712-2e13b85f4ac8/1; https://files-api.properstar.com/api/v2/files/07d53c56-0035-4fef-846a-d3d2bd603334/1
117955044,"House for sale in Villas del Cortes, La Paz, Baja California Sur",https://www.properstar.co.uk/listing/117955044,"GBP 25,429","AGUILA, Villas del Cortes, La Paz, Mexico",24.05532,-110.324924,2,2,1076.39148,House,ARSIM,2026-07-07T15:17:09.803,https://files-api.properstar.com/api/v2/files/861f9ab2-dfbf-42a9-b6e7-c0798cfcc991/1; https://files-api.properstar.com/api/v2/files/3bb65dc1-2eb1-4c1a-8778-f0cc39941e66/1; https://files-api.properstar.com/api/v2/files/93b3ef8b-8577-40ab-88f3-6d688204237b/1; https://files-api.properstar.com/api/v2/files/0d5bf5d2-e651-4a6a-b555-e86609305200/1; https://files-api.properstar.com/api/v2/files/d11118fb-78fd-4ee8-bc58-3eb037c16492/1; https://files-api.properstar.com/api/v2/files/96e0eedb-43fa-4456-9ccb-115311485e06/1; https://files-api.properstar.com/api/v2/files/0664ffbb-b961-4be0-b737-7e7d38b230b3/1; https://files-api.properstar.com/api/v2/files/64b3a0b4-4012-4e08-b132-3b1e7c20320e/1; https://files-api.properstar.com/api/v2/files/d795c4d3-fc69-4fc1-9e62-2413d0931415/1; https://files-api.properstar.com/api/v2/files/9af524bb-99bb-4719-a7d2-1ccd39f99d26/1
117952601,"House for sale in El Progreso, La Paz, Baja California Sur",https://www.properstar.co.uk/listing/117952601,"GBP 26,953","RUBI, El Progreso, La Paz, Mexico",24.082847,-110.302626,2,2,753.474,House,ARSIM,2026-07-07T15:17:09.803,https://files-api.properstar.com/api/v2/files/94eba8f0-dbfc-4b6e-86b1-b04f05aa68ee/1; https://files-api.properstar.com/api/v2/files/30f9f3a3-bd1e-4d3c-b911-ffb8b891cefa/1; https://files-api.properstar.com/api/v2/files/bf7b3081-186e-47c5-bca3-7267895534ea/1; https://files-api.properstar.com/api/v2/files/f7b8785b-aeca-42f2-96fc-746113760059/1; https://files-api.properstar.com/api/v2/files/7dc3e6fb-c403-4982-9c59-409aabd91614/1; https://files-api.properstar.com/api/v2/files/4f7d8d30-319a-4b33-92aa-36dfbf8e5107/1; https://files-api.properstar.com/api/v2/files/98f0d816-70ba-49a4-a9be-b7daf40b8a82/1; https://files-api.properstar.com/api/v2/files/27d201c5-36c5-40d3-93f0-69e7bfc438c5/1; https://files-api.properstar.com/api/v2/files/78992157-d567-44b5-8afc-0e72ab77b510/1; https://files-api.properstar.com/api/v2/files/b6d1c4b7-746f-4e10-aeb6-f8e34ac11f61/1
117915121,"House at auction in Paraiso del Sol, La Paz, Baja California Sur",https://www.properstar.co.uk/listing/117915121,"GBP 26,000","CIRCUITO BAHIA DE SAMANA, 228, Paraíso del Sol, La Paz, Mexico",24.091031,-110.332893,2,1,1614.58716,House,FRANCISCO MARIN,2026-07-07T15:17:09.803,https://files-api.properstar.com/api/v2/files/49810e52-242d-4caa-918a-9cb22258f3d3/1; https://files-api.properstar.com/api/v2/files/d906b90b-bd6f-4e08-bba7-751597bfbc6f/1; https://files-api.properstar.com/api/v2/files/e3ac1d41-9456-4311-b239-9b9a06e33436/1; https://files-api.properstar.com/api/v2/files/934a95ae-a8cd-4eb4-ae77-2e3c0763f96b/1; https://files-api.properstar.com/api/v2/files/dd6bb2ce-deea-4565-8de0-ad87b25146c8/1; https://files-api.properstar.com/api/v2/files/b1c257e0-c7c5-42cd-a3ac-af64014af5f6/1; https://files-api.properstar.com/api/v2/files/1b4cc100-3c1a-450c-87f5-03f799bd81f3/1
117980877,"House for sale in Paraiso del Sol, La Paz, Baja California Sur",https://www.properstar.co.uk/listing/117980877,"GBP 30,250","Circuito Bahia de Santa Elena, Paraíso del Sol, La Paz, Mexico",24.090112,-110.33208,2,2,1614.58716,House,ARSIM,2026-07-07T15:17:09.803,https://files-api.properstar.com/api/v2/files/8830bdb6-b4bd-45b5-b64c-2d01e242ab75/1; https://files-api.properstar.com/api/v2/files/dbae7a16-37a9-4968-a78b-9e9e202c58d7/1; https://files-api.properstar.com/api/v2/files/bfaab6f5-babd-4bfc-bf54-88df8e8da533/1; https://files-api.properstar.com/api/v2/files/b09e1a1f-4fa4-481f-b427-d8c7446375f8/1; https://files-api.properstar.com/api/v2/files/f39b83a0-f51d-4895-acd2-14ccef1d9f95/1; https://files-api.properstar.com/api/v2/files/0ef90c9e-739a-4d32-b174-c7ea28820e05/1; https://files-api.properstar.com/api/v2/files/da0a19bb-a594-4d0b-b882-3a7e67011ed5/1
117987887,"House for sale in Bella Vista, La Paz, Baja California Sur",https://www.properstar.co.uk/listing/117987887,"GBP 21,667","c. san antonio , 12, Bella Vista, La Paz, Mexico",24.127233,-110.311323,4,3,2497.22827,House,ariel rodriguez,2026-07-07T15:17:09.803,https://files-api.properstar.com/api/v2/files/4d6c8bbb-5f77-4fdf-8930-9e45b9ef7eec/1; https://files-api.properstar.com/api/v2/files/33725985-9b98-4856-8608-44548b6fed3c/1; https://files-api.properstar.com/api/v2/files/9f191862-5545-417e-9218-910ad79bc053/1; https://files-api.properstar.com/api/v2/files/8cd48d62-2b8f-4b7b-b362-f90ba3746d76/1; https://files-api.properstar.com/api/v2/files/8e0be86f-2c01-48c9-9978-76cc63526419/1; https://files-api.properstar.com/api/v2/files/e7e730ce-b639-4586-ba20-f84b720fb6a4/1; https://files-api.properstar.com/api/v2/files/b6ca2a08-cb79-499d-9c89-27f83c7b1a7f/1; https://files-api.properstar.com/api/v2/files/d2f00c52-1348-4298-b4c7-6808376cba51/1
117945336,"House for sale in San Fernando, La Paz, Baja California Sur",https://www.properstar.co.uk/listing/117945336,"GBP 25,393","Nevado de Toluca, 264, San Fernando, La Paz, Mexico",24.092989,-110.319484,1,1,538.1957,House,BRUNO GONZALEZ,2026-07-07T15:17:09.803,https://files-api.properstar.com/api/v2/files/815bc5f7-fe42-4345-ad79-07a07c5787e0/1; https://files-api.properstar.com/api/v2/files/7aa2b24f-eb1c-4921-9c71-cbcddfc973ff/1; https://files-api.properstar.com/api/v2/files/6f31eb53-c7c9-44d1-a7a6-608a5d90e40e/1; https://files-api.properstar.com/api/v2/files/3aa14e1c-3d28-4b7c-b47c-95df7edcad32/1; https://files-api.properstar.com/api/v2/files/1bdd7fd4-5ef1-4299-9287-08488f1d7c85/1; https://files-api.properstar.com/api/v2/files/d6d8c1b4-834d-466d-abe9-87ffcd414665/1; https://files-api.properstar.com/api/v2/files/2d96c54c-4482-4ab4-84fa-9add8d25487d/1; https://files-api.properstar.com/api/v2/files/4ad94a09-c34f-4e0c-abc8-f6674e7c2ea2/1; https://files-api.properstar.com/api/v2/files/ebc8e306-e926-4732-a2d9-945e4125d84a/1; https://files-api.properstar.com/api/v2/files/c1717655-cd72-4df4-a4b4-e5bfc9985287/1; https://files-api.properstar.com/api/v2/files/c28165ce-a0a4-472c-97e8-a48f5a6e266d/1; https://files-api.properstar.com/api/v2/files/ca88ca65-8332-4ca2-ad87-d241c5034577/1
118003419,"Apartment for sale in Colina del Sol, La Paz, Baja California Sur",https://www.properstar.co.uk/listing/118003419,"GBP 381,204","Capistrano, Colina del Sol, La Paz, Mexico",24.17162,-110.300349,2,2,1668.40686,Apartment,Flor del Rocío Sández Saucedo,2026-07-07T15:17:09.803,https://files-api.properstar.com/api/v2/files/81ae5191-b644-461a-851b-c2cb492e07ca/1; https://files-api.properstar.com/api/v2/files/43061af5-ef9e-406f-9154-6760be6285ea/1; https://files-api.properstar.com/api/v2/files/ae6154f2-c6a6-41a9-bc19-e0a6e3d91ca4/1; https://files-api.properstar.com/api/v2/files/90289738-b3cf-4239-87e8-e4c69285c7d1/1; https://files-api.properstar.com/api/v2/files/747ff856-b31b-48e9-80e3-0a4631860bde/1; https://files-api.properstar.com/api/v2/files/fb8d1278-8510-4cb0-9e28-bd583316f5a9/1; https://files-api.properstar.com/api/v2/files/2784755e-5a3c-496d-81a6-3343912e93f8/1; https://files-api.properstar.com/api/v2/files/8d68a510-e9b2-483e-bc5b-36046551742a/1; https://files-api.properstar.com/api/v2/files/4e08fee9-e3ba-4afa-b31b-a69d9b2c096b/1; https://files-api.properstar.com/api/v2/files/8de9a8f2-4cb1-4f41-b251-2aea4457c179/1; https://files-api.properstar.com/api/v2/files/3d151294-b12e-4d6f-910c-404c04993f6b/1; https://files-api.properstar.com/api/v2/files/a696b6fb-55db-4d65-89c8-1cebb2eb4dee/1; https://files-api.properstar.com/api/v2/files/d6f014fc-27e3-451a-9800-e1a56c60afba/1; https://files-api.properstar.com/api/v2/files/a7364e94-633d-46b9-bb98-9675b64d6652/1; https://files-api.properstar.com/api/v2/files/c7c3cdce-a38a-4550-941d-018695b137c0/1; https://files-api.properstar.com/api/v2/files/a09cd90d-82c7-4461-83a6-de9aa89a3c1c/1; https://files-api.properstar.com/api/v2/files/788f6708-c52b-49e2-9f86-87ee4eb2a3e0/1; https://files-api.properstar.com/api/v2/files/941e1a92-6d10-419c-bb56-418256c87640/1
117882699,"House for sale in Colina del Sol, La Paz, Baja California Sur",https://www.properstar.co.uk/listing/117882699,"GBP 424,456","ALTAMIRANO ESQUINA COLINA DE LA CRUZ, Colina del Sol, La Paz, Mexico",24.172503,-110.298571,3,3,2475.70044,House,Patricia Calderon,2026-07-07T15:17:09.803,https://files-api.properstar.com/api/v2/files/5fbc3cdc-b2d2-4971-bbe0-c6693cebaa10/1; https://files-api.properstar.com/api/v2/files/46bd32c0-fab1-47a7-a8d3-032b10eb9eae/1; https://files-api.properstar.com/api/v2/files/1a3a1213-c9ff-4019-a8b2-4828c6ad03c0/1; https://files-api.properstar.com/api/v2/files/5a037c4d-8d0f-42d4-bb48-334d5c262612/1; https://files-api.properstar.com/api/v2/files/8a574e8b-4c4c-4f99-959f-2dd80b225d3d/1; https://files-api.properstar.com/api/v2/files/d21ac107-6e1c-4337-97d1-c2c6e143625f/1; https://files-api.properstar.com/api/v2/files/bd9053ee-ba31-4cb7-8678-ba9e44cbc83a/1; https://files-api.properstar.com/api/v2/files/f8efaf7a-9ca8-44a4-9226-440774e19380/1; https://files-api.properstar.com/api/v2/files/135c10e3-0997-4b37-a8fe-9008899511de/1; https://files-api.properstar.com/api/v2/files/0eb63adb-1ab8-46c6-a237-8346f142b273/1; https://files-api.properstar.com/api/v2/files/7ea0d73f-9a65-4059-9979-1b62d4d6e650/1; https://files-api.properstar.com/api/v2/files/99094e82-c6d2-4587-af1b-53660b3abad4/1; https://files-api.properstar.com/api/v2/files/16af66c5-3c53-4f53-a155-839cde444e9e/1; https://files-api.properstar.com/api/v2/files/7d9efd5f-1c84-43fa-8adf-78819ce49869/1; https://files-api.properstar.com/api/v2/files/218e245a-1975-4c3f-af9d-9ad9273833be/1; https://files-api.properstar.com/api/v2/files/764e33ee-60c9-4f5b-a268-35e17d5f1dd1/1; https://files-api.properstar.com/api/v2/files/24291fe3-c205-4ead-a356-b4fa1fbe8a33/1; https://files-api.properstar.com/api/v2/files/535c23a5-e864-4ebb-9c1f-22a600d2be3b/1; https://files-api.properstar.com/api/v2/files/82f9316b-a180-4f34-b87a-37cb61a274fc/1; https://files-api.properstar.com/api/v2/files/c9d39cdb-ce3a-4ab1-920f-9954e616411c/1; https://files-api.properstar.com/api/v2/files/50f78e38-18d4-4fa3-8817-6d958fc3c26e/1
117984100,"House for sale in Ayuntamiento, La Paz, Baja California Sur",https://www.properstar.co.uk/listing/117984100,"GBP 19,327","JUAN J ENCINAS, Ayuntamiento, La Paz, Mexico",24.0484,-110.296245,2,1,1076.39148,House,MARIA DE LA LUZ CISNEROS SALDIVAR,2026-07-07T15:17:09.803,https://files-api.properstar.com/api/v2/files/19b23d17-a251-4082-80b0-6b554c44e7ec/1; https://files-api.properstar.com/api/v2/files/d2f5cae0-85e1-44e1-8c3e-51318146fcb5/1; https://files-api.properstar.com/api/v2/files/d091ca6c-ddfc-4808-96fb-9e288b35d098/1; https://files-api.properstar.com/api/v2/files/b9c2523a-4693-451e-b22d-4643423289ba/1; https://files-api.properstar.com/api/v2/files/6b6e7d44-f2d6-4a56-a837-a609bfa8d16f/1; https://files-api.properstar.com/api/v2/files/de77fbf7-4b4c-450c-b902-30daad8882f6/1; https://files-api.properstar.com/api/v2/files/c038b8ae-ca33-41d7-bd34-3e4ab12b2a08/1
117985709,"House for sale in Paraiso del Sol, La Paz, Baja California Sur",https://www.properstar.co.uk/listing/117985709,"GBP 30,250","Circuito bahia de santa elena, Paraíso del Sol, La Paz, Mexico",24.090112,-110.33208,2,1,1614.58716,House,ALEJANDRA NAVA,2026-07-07T15:17:09.803,https://files-api.properstar.com/api/v2/files/236e9939-62aa-4f10-94d4-7282f1e7f34c/1; https://files-api.properstar.com/api/v2/files/9714c8ff-dd15-4246-9cea-f5f1e902b064/1; https://files-api.properstar.com/api/v2/files/5d979457-e120-450c-8594-0ceec02e6c29/1; https://files-api.properstar.com/api/v2/files/9aa04a12-f9cc-4d41-860e-d7591d12e1b0/1; https://files-api.properstar.com/api/v2/files/62528121-a2ae-4d77-aceb-c32f09a05ce7/1; https://files-api.properstar.com/api/v2/files/16f1a610-cac6-4387-9778-4221355278b6/1; https://files-api.properstar.com/api/v2/files/69aa4dac-4080-4f2b-98db-7011bd7bc7ef/1; https://files-api.properstar.com/api/v2/files/42712c39-3f16-41cc-a12c-ade85f90b6f8/1; https://files-api.properstar.com/api/v2/files/6690f7f2-8411-4a20-903c-23605e8230cc/1; https://files-api.properstar.com/api/v2/files/1a1a6d66-a402-4181-b1c1-b1320344dc8d/1; https://files-api.properstar.com/api/v2/files/f5286b65-ed95-4d7b-b7c0-74529c570a1e/1
117988940,"House for sale in Nueva Puesta del Sol, La Paz, Baja California Sur",https://www.properstar.co.uk/listing/117988940,"GBP 21,060","CHICHENITZA , 528, Nueva Puesta del Sol, La Paz, Mexico",24.127775,-110.335891,3,2,1076.39148,House,Nataly Fermonzel,2026-07-07T15:17:09.803,https://files-api.properstar.com/api/v2/files/b80d3f3b-6170-46d3-84b1-78c1840776ce/1; https://files-api.properstar.com/api/v2/files/46e63f19-5df8-42e8-88c7-012d15eed18f/1; https://files-api.properstar.com/api/v2/files/153afe20-0234-4479-968b-455802ece06b/1; https://files-api.properstar.com/api/v2/files/402057fa-1c89-4d2e-ae64-f9822c7c2aaa/1; https://files-api.properstar.com/api/v2/files/194d9d9e-87e8-44f0-9d48-9dea5db1132c/1; https://files-api.properstar.com/api/v2/files/6672e00c-6b0b-4530-b391-78ebb1f69a4b/1; https://files-api.properstar.com/api/v2/files/24ce0cf1-7989-4a05-ae32-f488ebadc57c/1
117937573,"House for sale in Sector La Selva Fidepaz, La Paz, Baja California Sur",https://www.properstar.co.uk/listing/117937573,"GBP 34,450","DE LA MANTARRAYA, Sector La Selva Fidepaz, La Paz, Mexico",24.128528,-110.337773,5,5,4574.66357,House,Grupo de Inversiones México ,2026-07-07T15:17:09.803,https://files-api.properstar.com/api/v2/files/a17c04a5-a6f6-4f15-8dfe-862037d6689e/1; https://files-api.properstar.com/api/v2/files/85220c9f-dab6-45b7-889f-92a62d5f5238/1; https://files-api.properstar.com/api/v2/files/73b19b74-69ff-4afc-b147-553f69e924f2/1; https://files-api.properstar.com/api/v2/files/4af15b79-32fc-42c5-a195-80e58c4d50a8/1; https://files-api.properstar.com/api/v2/files/4dffc619-5bcd-47b6-a2c9-1a06cd53a3a6/1; https://files-api.properstar.com/api/v2/files/187f384b-0585-488c-b31a-01faed536882/1; https://files-api.properstar.com/api/v2/files/475d1263-1334-44b2-8843-374a1ff5ac8c/1; https://files-api.properstar.com/api/v2/files/0ebe23c9-3d72-4310-8aea-6af0b439fa8b/1; https://files-api.properstar.com/api/v2/files/0a327369-4d07-4efa-828e-44649c8bcee9/1; https://files-api.properstar.com/api/v2/files/265c2e08-04d5-46c6-9028-11fc4232f35f/1
117914723,"House at auction in Santa Fe, La Paz, Baja California Sur",https://www.properstar.co.uk/listing/117914723,"GBP 19,933","C. San Fabián , 189, Santa Fe, La Paz, Mexico",24.092,-110.324624,2,1,753.474,House,SINGTA,2026-07-07T15:17:09.803,https://files-api.properstar.com/api/v2/files/ae9e8339-fbb9-4279-9b28-ddc462180f57/1; https://files-api.properstar.com/api/v2/files/aafd2d4b-5f86-4d29-b106-8bbd6c48ff3f/1; https://files-api.properstar.com/api/v2/files/af01ddb0-b393-4573-a0a0-ed2010af9aa1/1; https://files-api.properstar.com/api/v2/files/489297a4-7696-4067-81f5-aff540d114cf/1; https://files-api.properstar.com/api/v2/files/de10af9e-bbfa-460c-884e-b087941b6fd5/1; https://files-api.properstar.com/api/v2/files/a0d99568-06e6-4385-85fa-79b24136db6c/1; https://files-api.properstar.com/api/v2/files/f356f3fd-f513-4079-b44a-745907e3485f/1; https://files-api.properstar.com/api/v2/files/e6b1118e-ba5f-4b9d-9807-6b6aa9bfe13e/1; https://files-api.properstar.com/api/v2/files/2090351b-fe82-4440-81d4-e1a9a07dca3d/1; https://files-api.properstar.com/api/v2/files/d74256a4-09e0-4e56-bf0b-6c25f8c8ac0f/1; https://files-api.properstar.com/api/v2/files/dd9ddca1-b602-438e-a206-bfe1ac29d971/1; https://files-api.properstar.com/api/v2/files/e9039c4b-0e6f-4689-a5b1-12b0f71f7808/1; https://files-api.properstar.com/api/v2/files/2c22e206-77eb-493f-bf95-1d165512ca69/1; https://files-api.properstar.com/api/v2/files/15dfefe2-ae48-4480-a5fb-2b49c1fb3c43/1; https://files-api.properstar.com/api/v2/files/9236cbf0-2a60-4176-8f72-2e5286b870d7/1
117976750,"Apartment at auction in El Palmar I, La Paz, Baja California Sur",https://www.properstar.co.uk/listing/117976750,"GBP 26,520","Del palmar, El Palmar I, La Paz, Mexico",24.045052,-110.303227,3,1,1291.6698,Apartment,RUTH DE LA ROSA SOLIS,2026-07-07T15:17:09.803,https://files-api.properstar.com/api/v2/files/92178cf5-2ce2-4c53-a156-19eb0a26f406/1; https://files-api.properstar.com/api/v2/files/9bbc0c7b-591b-441d-9dbf-292e5c789eb2/1; https://files-api.properstar.com/api/v2/files/828368da-3c3b-4d02-b852-5bcca46e6375/1; https://files-api.properstar.com/api/v2/files/95f2ef15-8e92-4903-9d32-b6bbe7756717/1; https://files-api.properstar.com/api/v2/files/9c052565-50aa-41a9-90a3-2454a2add329/1
117976916,"House at auction in Sector La Selva Fidepaz, La Paz, Baja California Sur",https://www.properstar.co.uk/listing/117976916,"GBP 23,833","De la Mantarraya , 135, Sector La Selva Fidepaz, La Paz, Mexico",24.12842,-110.337795,5,3,3648.967,House,Carlos Tobar,2026-07-07T15:17:09.803,https://files-api.properstar.com/api/v2/files/0b9a5bb9-c091-4e03-a665-57014849511e/1; https://files-api.properstar.com/api/v2/files/e50c379f-1351-4d76-9a46-f8fc5f4449e0/1; https://files-api.properstar.com/api/v2/files/1f3fc8c4-dd2c-403c-b0eb-be78e163a108/1; https://files-api.properstar.com/api/v2/files/5aae5a7b-ce66-4844-a052-1d18445d7f5b/1; https://files-api.properstar.com/api/v2/files/9aa72d65-3771-4f06-b748-a5c8a56c0266/1; https://files-api.properstar.com/api/v2/files/d62654af-28dd-41f5-b5a0-2d98077b1b1f/1; https://files-api.properstar.com/api/v2/files/b439020c-0eb3-4e03-8183-53afff0a37ff/1; https://files-api.properstar.com/api/v2/files/83b44436-5625-455e-8634-3f7faffb14f7/1; https://files-api.properstar.com/api/v2/files/9f7be33d-bbfa-4b41-a364-511203bae1ad/1; https://files-api.properstar.com/api/v2/files/455e5326-4369-4a25-9bda-85261d10a47b/1; https://files-api.properstar.com/api/v2/files/9a0bbe48-dc8b-4376-a2f5-b8ed153e738d/1; https://files-api.properstar.com/api/v2/files/17d2422d-3306-41e7-90ad-8de91a16d21e/1
117920326,"House for sale in El Camino Real, La Paz, Baja California Sur",https://www.properstar.co.uk/listing/117920326,"GBP 33,178","CALLE DE LA CARRETA, El Camino Real, La Paz, Mexico",24.05802,-110.298419,2,1,1184.03064,House,Renovación Patrimonial Monthein,2026-07-07T15:17:09.803,https://files-api.properstar.com/api/v2/files/7f932ab7-75c5-48ac-88a2-bc70583c29da/1; https://files-api.properstar.com/api/v2/files/f6f33f88-5e0f-4d5d-aaa9-9ef1c3784367/1; https://files-api.properstar.com/api/v2/files/62c44382-e7e2-403d-b2bc-2e24426271bd/1; https://files-api.properstar.com/api/v2/files/46712301-f360-4562-80ad-ff3043a54435/1; https://files-api.properstar.com/api/v2/files/028149e4-00e2-4b9a-9ab9-d9dffc9a68d3/1; https://files-api.properstar.com/api/v2/files/4cecbc3b-2a04-4dda-9672-027913163446/1; https://files-api.properstar.com/api/v2/files/9f21f202-ca69-44ed-90f2-e76cfce5ae73/1; https://files-api.properstar.com/api/v2/files/2e9f541b-13cf-43c3-8b2d-6cd505399337/1; https://files-api.properstar.com/api/v2/files/a5c659bd-2b6a-4dd8-83e8-fd806a920a6d/1
117920649,"House for sale in La Rinconada, La Paz, Baja California Sur",https://www.properstar.co.uk/listing/117920649,"GBP 43,516","MIGUEL L. DE LEGASPY, La Rinconada, La Paz, Mexico",24.139511,-110.303115,3,1,979.5162,House,Claudia Salinas,2026-07-07T15:17:09.803,https://files-api.properstar.com/api/v2/files/acdb0424-8cf0-4856-a5ac-30773e1329c0/1; https://files-api.properstar.com/api/v2/files/32997650-c963-46c2-9def-cc1ba933a41b/1; https://files-api.properstar.com/api/v2/files/bb34e307-6841-4ce5-8fc9-cf222aebc662/1; https://files-api.properstar.com/api/v2/files/73269da2-263d-44e9-9ff9-a9c8e1301f78/1; https://files-api.properstar.com/api/v2/files/34890c71-df9f-4a8f-bdec-e4ad2fa4b2d3/1
117920753,"House at auction in Ayuntamiento, La Paz, Baja California Sur",https://www.properstar.co.uk/listing/117920753,"GBP 29,467","REGIDOR, 133, Ayuntamiento, La Paz, Mexico",24.051507,-110.30069,2,1,753.474,House,BLANCA ESPINOSA,2026-07-07T15:17:09.803,https://files-api.properstar.com/api/v2/files/77ef14ea-7e00-4c53-979d-8d31c5580906/1; https://files-api.properstar.com/api/v2/files/0baea453-abb9-45a4-a926-9814a8a06565/1; https://files-api.properstar.com/api/v2/files/6ba9099d-2d25-443b-a064-f6ab61901976/1; https://files-api.properstar.com/api/v2/files/b3f23a70-3513-4159-b74f-588b5f164d7e/1; https://files-api.properstar.com/api/v2/files/254223b8-5431-4098-ac8f-7163484c6c3a/1; https://files-api.properstar.com/api/v2/files/59b78029-93f7-4f78-ae6e-aba63bee8c56/1
117968623,"House for sale in Privada las Garzas, La Paz, Baja California Sur",https://www.properstar.co.uk/listing/117968623,"GBP 37,266","priv de la redonda, 286, Privada las Garzas, La Paz, Mexico",24.117007,-110.320456,3,3,1829.86548,House,Yaxunuh,2026-07-07T15:17:09.803,https://files-api.properstar.com/api/v2/files/e87d101b-a784-4dcc-93e7-4ec74a826936/1; https://files-api.properstar.com/api/v2/files/e32dd537-9fa0-4322-bfcb-7dd225458e79/1; https://files-api.properstar.com/api/v2/files/5e91fe15-bce3-47bb-97d6-b068d87e8410/1; https://files-api.properstar.com/api/v2/files/ed417cbd-ad39-487b-88fa-e2f67a1cb772/1; https://files-api.properstar.com/api/v2/files/f27ab201-6df6-4200-ab10-5fa23710e54a/1; https://files-api.properstar.com/api/v2/files/21152d19-fb1a-459e-80ea-634ec06651cc/1; https://files-api.properstar.com/api/v2/files/7bd6a9a6-011f-4a03-ac5a-813189acb760/1; https://files-api.properstar.com/api/v2/files/74fad5b7-0a55-410a-ad13-150bc958829a/1
117974716,"House for sale in Sector La Selva Fidepaz, La Paz, Baja California Sur",https://www.properstar.co.uk/listing/117974716,"GBP 23,833","de la mantarraya , 135, Sector La Selva Fidepaz, La Paz, Mexico",24.12842,-110.337795,5,3,3648.967,House,Jesús Silva,2026-07-07T15:17:09.803,https://files-api.properstar.com/api/v2/files/ff5cf20b-5755-4454-9a59-bb0ef3e56812/1; https://files-api.properstar.com/api/v2/files/eb74c9a0-4fd3-456e-a164-7dc55d88d050/1; https://files-api.properstar.com/api/v2/files/79f85455-d68c-4b11-996a-c0fa252d39b7/1; https://files-api.properstar.com/api/v2/files/5c93c39d-5f7e-47cf-a7eb-61fc605be81d/1; https://files-api.properstar.com/api/v2/files/cccf80cd-e54b-45cb-b74d-7e0476da9734/1; https://files-api.properstar.com/api/v2/files/b624a7db-697f-4e02-bfa5-216ee30614e8/1; https://files-api.properstar.com/api/v2/files/a38f36a7-e045-42b7-a761-8af2dd001e6e/1; https://files-api.properstar.com/api/v2/files/5008065f-6222-47b1-8626-0a75167e9416/1; https://files-api.properstar.com/api/v2/files/12d90b0b-f0ba-49b0-8c6c-cabad128cd63/1
117964520,"House for sale in Zona Central, La Paz, Baja California Sur",https://www.properstar.co.uk/listing/117964520,"GBP 33,800","Gral Félix Ortega Aguilar, 525, Zona Central, La Paz, Mexico",24.148842,-110.309262,3,2,2152.783,House,Marlene Soto,2026-07-07T15:17:09.803,https://files-api.properstar.com/api/v2/files/dfc15e61-35cf-4d36-9081-efaa5fcf6e42/1; https://files-api.properstar.com/api/v2/files/fc2e4ad9-41bf-4e34-b5e8-bc3265ed782b/1; https://files-api.properstar.com/api/v2/files/61eaa2c0-5e28-4aa8-9a9e-6bb6a0abb948/1; https://files-api.properstar.com/api/v2/files/006bf3ea-83c7-405b-9b83-b9c5013d4a72/1; https://files-api.properstar.com/api/v2/files/a9d456dd-1467-447f-a98e-ac1c1de82572/1; https://files-api.properstar.com/api/v2/files/2478594b-0267-46a7-9a2e-ed602efc88ca/1; https://files-api.properstar.com/api/v2/files/1af74e81-59b9-4ae1-908e-beba5a97505a/1; https://files-api.properstar.com/api/v2/files/01371803-fb54-4c45-8bc5-3ab9798d28c2/1; https://files-api.properstar.com/api/v2/files/aebba949-b720-447d-ac4b-c50e0bc0baab/1
117933689,"House at auction in Sector La Selva Fidepaz, La Paz, Baja California Sur",https://www.properstar.co.uk/listing/117933689,"GBP 126,112","DE LA MANTARRAYA, Sector La Selva Fidepaz, La Paz, Mexico",24.128528,-110.337773,3,2,1614.58716,House,Servicios Profesionales de Enlaces Jurídicos,2026-07-07T15:17:09.803,https://files-api.properstar.com/api/v2/files/b3328a08-faa9-467f-80b9-935eec456647/1; https://files-api.properstar.com/api/v2/files/a9f5443c-25d7-46f9-a861-213a1d6684be/1; https://files-api.properstar.com/api/v2/files/05b9dee5-f0c6-4cdf-80c0-3ed8f72a08ea/1; https://files-api.properstar.com/api/v2/files/c2fd48e5-364a-4c38-9bab-e21d191663c0/1; https://files-api.properstar.com/api/v2/files/8316b0c7-375c-473f-a0ef-7920de75de00/1
117953799,"House for sale in Las Tunas, La Paz, Baja California Sur",https://www.properstar.co.uk/listing/117953799,"GBP 87,807","CALLE DE ACCESO, Las Tunas, La Paz, Mexico",24.123073,-110.330509,3,2,968.7523,House,Carlos ulises  Camara Morales,2026-07-07T15:17:09.803,https://files-api.properstar.com/api/v2/files/d0521326-56ef-4591-bfbb-aceb5ca8464d/1; https://files-api.properstar.com/api/v2/files/fdfa1268-5f0c-40d4-916b-5759e2885ba0/1; https://files-api.properstar.com/api/v2/files/10ce06f8-ff82-40c5-8311-16d55d7f4521/1; https://files-api.properstar.com/api/v2/files/70735f12-c1d9-4ddc-ade0-b93af10c68a0/1; https://files-api.properstar.com/api/v2/files/58e93cba-65a1-449a-b015-35612ad20c6a/1
117952369,"House for sale in Popular Indeco, La Paz, Baja California Sur",https://www.properstar.co.uk/listing/117952369,"GBP 52,590","ISLA ESPIRITU SANTO, Popular Indeco, La Paz, Mexico",24.129014,-110.300349,3,2,968.7523,House,Carlos ulises  Camara Morales,2026-07-07T15:17:09.803,https://files-api.properstar.com/api/v2/files/9ada3c06-2ca3-48c9-83e7-8ae999ce837f/1; https://files-api.properstar.com/api/v2/files/b2c23e32-5c64-4785-9e19-1e714fcb5e72/1; https://files-api.properstar.com/api/v2/files/08f53b74-524f-4d69-98bb-a9b4e240718b/1; https://files-api.properstar.com/api/v2/files/36f43a3f-9003-4c82-ac43-58c1d5dad052/1; https://files-api.properstar.com/api/v2/files/f97fd517-caaf-49eb-ac61-5fc0caeb863e/1; https://files-api.properstar.com/api/v2/files/6bd795b3-05bb-4992-9044-3895f751f951/1
117962670,"House at auction in Sector La Selva Fidepaz, La Paz, Baja California Sur",https://www.properstar.co.uk/listing/117962670,"GBP 23,833","de la mantarraya, Sector La Selva Fidepaz, La Paz, Mexico",24.128528,-110.337773,5,3,3648.967,House,"GRUPO YAXUNUH S.A DE C.V,",2026-07-07T15:17:09.803,https://files-api.properstar.com/api/v2/files/52fa1dc4-b333-441a-88e0-2ffc3fa8191b/1; https://files-api.properstar.com/api/v2/files/3b785e65-defa-4926-a500-710d781f27bc/1; https://files-api.properstar.com/api/v2/files/de86ea63-f0bd-4763-ab9a-4e5b3b56af91/1; https://files-api.properstar.com/api/v2/files/80891406-f86c-40aa-859f-c367010f6291/1; https://files-api.properstar.com/api/v2/files/1e2e49a3-a9b5-49b1-9753-9bb878b69e71/1; https://files-api.properstar.com/api/v2/files/6b689373-cf9a-4e41-b8c4-af61909110cb/1; https://files-api.properstar.com/api/v2/files/a42bd7c8-6afd-4bf6-ae4c-1e7c4f08fff1/1; https://files-api.properstar.com/api/v2/files/d13a8a5e-15d7-4960-a4d7-fb4830c5b446/1; https://files-api.properstar.com/api/v2/files/67f9a0e4-c268-4b52-9bf3-2c866a4f290f/1; https://files-api.properstar.com/api/v2/files/a239a0af-3c6a-40c2-b61a-07c60ca30d59/1
117952045,"House for sale in Bella Vista, La Paz, Baja California Sur",https://www.properstar.co.uk/listing/117952045,"GBP 126,316","SAN ANTONIO, Bella Vista, La Paz, Mexico",24.127408,-110.308813,3,2,968.7523,House,Carlos ulises  Camara Morales,2026-07-07T15:17:09.803,https://files-api.properstar.com/api/v2/files/b4674ff1-631d-4ed2-b30a-06a3c86f6467/1; https://files-api.properstar.com/api/v2/files/4202ad02-ec37-4467-954c-da9abeb89d5a/1; https://files-api.properstar.com/api/v2/files/4a73e03d-62df-496e-a6b4-9ce405c8808c/1; https://files-api.properstar.com/api/v2/files/7be4083c-8b53-480a-99a4-2bbae880e6ab/1; https://files-api.properstar.com/api/v2/files/fc124dec-4bab-4f03-974d-cf061f3f1051/1
117954478,"House for sale in Los Alamos, La Paz, Baja California Sur",https://www.properstar.co.uk/listing/117954478,"GBP 73,666","las pranderas, Los Álamos, La Paz, Mexico",24.08787,-110.343777,2,1,4305.566,House,Capero royalty,2026-07-07T15:17:09.803,https://files-api.properstar.com/api/v2/files/2370fefb-3b1b-48ea-a8bd-fd724120d0bc/1; https://files-api.properstar.com/api/v2/files/012fe8b3-98df-4a9a-9aa2-b7f07444837e/1; https://files-api.properstar.com/api/v2/files/925cf63f-d6e2-49d5-ad45-b16c4cc46d47/1; https://files-api.properstar.com/api/v2/files/d1734b4e-1196-4603-9ab4-482aef57adae/1; https://files-api.properstar.com/api/v2/files/a4eb1a64-db97-418e-96ed-86ee8bd06e4a/1; https://files-api.properstar.com/api/v2/files/a3e450c3-8f8b-462c-8131-ecbbc1051dc4/1; https://files-api.properstar.com/api/v2/files/fd337549-b9ef-4c41-a764-2ab998d7d68e/1; https://files-api.properstar.com/api/v2/files/9e43270f-272b-4a30-b138-508e45c29568/1; https://files-api.properstar.com/api/v2/files/69351ff2-30a0-46d3-bbdf-b8220a585d55/1
117995455,"House for sale in Villas del Encanto, La Paz, Baja California Sur",https://www.properstar.co.uk/listing/117995455,"GBP 19,500","Villa Flores , 305, Villas del Encanto, La Paz, Mexico",24.10327,-110.331988,3,2,2583.3396,House,Lizbeth Uribe ,2026-07-07T15:17:09.803,https://files-api.properstar.com/api/v2/files/b4ca4cb2-da90-4205-9510-59ef22397da3/1; https://files-api.properstar.com/api/v2/files/e06422cc-73ac-4f33-9c03-0ebbd58db035/1; https://files-api.properstar.com/api/v2/files/7ad6f302-bc29-48fe-b9a3-4d6e2bc0060c/1; https://files-api.properstar.com/api/v2/files/85a43212-7325-4212-a82d-397e3c08b86f/1; https://files-api.properstar.com/api/v2/files/377a2aed-f7ad-4a54-82a0-1e0241ea15f9/1; https://files-api.properstar.com/api/v2/files/e8940d19-ac0e-4ec5-a1f9-2959c6bdb643/1; https://files-api.properstar.com/api/v2/files/2680be4d-157a-4735-b2a0-d385cfacab23/1
117988552,"House for sale in Villas del Encanto, La Paz, Baja California Sur",https://www.properstar.co.uk/listing/117988552,"GBP 31,097","Villa Tortugas, Villas del Encanto, La Paz, Mexico",24.102851,-110.329248,3,2,2152.783,House,Eduardo Donovan Hernsndez Rivera,2026-07-07T15:17:09.803,https://files-api.properstar.com/api/v2/files/3fe8e755-a5f4-40c8-af3a-f998520c8ca5/1; https://files-api.properstar.com/api/v2/files/4756d942-e337-4be6-ac71-ccf43962c8c2/1
117909102,"House for sale in Arcoiris, La Paz, Baja California Sur",https://www.properstar.co.uk/listing/117909102,"GBP 22,262","ROJO, Arcoiris, La Paz, Mexico",24.04812,-110.300453,2,1,968.7523,House,FLOR DIAZ,2026-07-07T15:17:09.803,https://files-api.properstar.com/api/v2/files/7a3ea26b-8ca7-4dd6-83fb-8c08c23554af/1; https://files-api.properstar.com/api/v2/files/241dbf32-935e-4bf7-99a5-2dde82e82b34/1; https://files-api.properstar.com/api/v2/files/6dafb3c6-bfa5-45a6-bb9a-d69a0a676f27/1; https://files-api.properstar.com/api/v2/files/37b19b20-f10a-4545-aac9-ab5b2c100f11/1; https://files-api.properstar.com/api/v2/files/558e7431-3ced-41a1-b6ca-2b05bac301c5/1; https://files-api.properstar.com/api/v2/files/eecacf05-2317-4e27-a928-d7b8addfb5b6/1; https://files-api.properstar.com/api/v2/files/5e2c8fce-482e-4fc0-a951-ac67f4a81bd9/1; https://files-api.properstar.com/api/v2/files/7cd8a440-dc8e-4bd6-8c64-b915b2769857/1; https://files-api.properstar.com/api/v2/files/176f82ee-2bb3-401c-ab00-9752ce558829/1
117985955,"House for sale in Paraiso del Sol, La Paz, Baja California Sur",https://www.properstar.co.uk/listing/117985955,"GBP 31,113","BAHÍA DE STA. ELENA, 319, Paraíso del Sol, La Paz, Mexico",24.089784,-110.332129,3,2,893.4049,House,Cristian Salvador,2026-07-07T15:17:09.803,https://files-api.properstar.com/api/v2/files/ebf4823f-2d0d-4602-94fb-6ce8d2d2fd20/1; https://files-api.properstar.com/api/v2/files/f1096fbe-c1e4-4301-b26b-a3d537aac6ca/1; https://files-api.properstar.com/api/v2/files/7344f10b-4d26-484a-b053-398c40271745/1; https://files-api.properstar.com/api/v2/files/cbddd553-8cbf-4b60-b1dc-a6865324de6c/1; https://files-api.properstar.com/api/v2/files/d12b46ce-762c-4d2a-b788-1a08deade75a/1; https://files-api.properstar.com/api/v2/files/b175324a-091e-4cf4-a057-4c8136bf4933/1; https://files-api.properstar.com/api/v2/files/702c8ed1-e948-4b1e-8748-f71cc619e350/1; https://files-api.properstar.com/api/v2/files/6aeef950-7333-44fe-91ab-9b4b464a059d/1
117985632,"House for sale in Terranova, La Paz, Baja California Sur",https://www.properstar.co.uk/listing/117985632,"GBP 32,305","TERRANOVA SUR, Terranova, La Paz, Mexico",24.079086,-110.312511,3,3,1614.58716,House,Isabel Rivera,2026-07-07T15:17:09.803,https://files-api.properstar.com/api/v2/files/b7b01517-ccc8-4edd-9c38-e0e452dbfecc/1; https://files-api.properstar.com/api/v2/files/486d1f60-f2b5-4193-8133-e7b3f8ad4342/1; https://files-api.properstar.com/api/v2/files/5b2b1c6e-8b05-4235-b0d5-e851ec93039c/1; https://files-api.properstar.com/api/v2/files/666f477c-b3b0-4986-b5eb-371163fc14c2/1; https://files-api.properstar.com/api/v2/files/b0d9d348-734b-4c03-abfb-a60161228cf0/1; https://files-api.properstar.com/api/v2/files/560cfd91-9fca-42e5-b781-f7117e668a16/1; https://files-api.properstar.com/api/v2/files/69e81122-19e4-4b3f-a565-4718c3c726e1/1
117979525,"House for sale in Paraiso del Sol, La Paz, Baja California Sur",https://www.properstar.co.uk/listing/117979525,"GBP 28,967","Circuito Bahia de Santa Elena, Paraíso del Sol, La Paz, Mexico",24.090112,-110.33208,3,3,2690.97876,House,ARSIM,2026-07-07T15:17:09.803,https://files-api.properstar.com/api/v2/files/154c25a6-085d-44b7-bdd0-9f576a670f64/1; https://files-api.properstar.com/api/v2/files/e5993eb3-9044-4fe1-9784-94b8d4d8860a/1; https://files-api.properstar.com/api/v2/files/76846aca-cb17-4e92-9b5b-896e17c293c0/1; https://files-api.properstar.com/api/v2/files/94da346b-aabb-493e-be7b-ebe721fe23bb/1; https://files-api.properstar.com/api/v2/files/ba54342b-d1c3-4dae-8698-628bbc691447/1; https://files-api.properstar.com/api/v2/files/7c11b348-346a-468f-9102-dd0bfa2d3c10/1; https://files-api.properstar.com/api/v2/files/d58eb7ac-0532-408c-b68a-0310c870a313/1
117931332,"House at auction in Arcoiris III, La Paz, Baja California Sur",https://www.properstar.co.uk/listing/117931332,"GBP 16,209","TURQUESA, Arcoiris III, La Paz, Mexico",24.04812,-110.300453,2,1,645.8349,House,Servicios Profesionales de Enlaces Jurídicos,2026-07-07T15:17:09.803,https://files-api.properstar.com/api/v2/files/b193d55c-2224-4ffe-96ad-bade8a92e34d/1; https://files-api.properstar.com/api/v2/files/ee7bf809-b33b-4d7b-9a61-c0eecda60501/1; https://files-api.properstar.com/api/v2/files/69bc8ddf-f3ba-4207-afea-7f999458c55d/1; https://files-api.properstar.com/api/v2/files/d9dfe87c-084f-4436-8a5a-129ee4e446a4/1
117970872,"Apartment for sale in Barrio El Manglito, La Paz, Baja California Sur",https://www.properstar.co.uk/listing/117970872,"GBP 353,165","esquina calles Sinaloa y Rangel, 1, Barrio El Manglito, La Paz, Mexico",24.150159,-110.329515,2,2,1356.2533,Apartment,Josefina Salazar,2026-07-07T15:17:09.803,https://files-api.properstar.com/api/v2/files/09dec965-f1e1-40b0-bc92-2d62e8835139/1; https://files-api.properstar.com/api/v2/files/dc6e69f0-62d2-4983-b1b0-1480e135a0fd/1; https://files-api.properstar.com/api/v2/files/c003be1b-5d95-4464-84ca-b3790b310516/1; https://files-api.properstar.com/api/v2/files/fed88238-2629-4843-a285-438a183c4bcc/1; https://files-api.properstar.com/api/v2/files/de23a3b0-9675-4c4c-81df-0df0ed5acb17/1; https://files-api.properstar.com/api/v2/files/39429be3-e9e9-447d-ac43-e53fb9efcf29/1; https://files-api.properstar.com/api/v2/files/2414be0c-e8d9-4abc-ba5d-abf0098600e5/1; https://files-api.properstar.com/api/v2/files/24cd9b47-b8ae-46b5-9af7-847c482068d0/1; https://files-api.properstar.com/api/v2/files/12ebb8bc-86e1-4807-953c-a504da48707b/1; https://files-api.properstar.com/api/v2/files/bb47725f-7296-4bd8-bd49-fb013455b9a1/1; https://files-api.properstar.com/api/v2/files/ec610ead-e6f4-4d48-9b35-b0a974578778/1; https://files-api.properstar.com/api/v2/files/8c7b01d8-1587-432b-bf50-d09ca3fab829/1; https://files-api.properstar.com/api/v2/files/497f501b-fbcc-402b-b2c3-1fb100f52034/1
117907884,"House at auction in Arcoiris, La Paz, Baja California Sur",https://www.properstar.co.uk/listing/117907884,"GBP 22,262","ROJO, Arcoiris, La Paz, Mexico",24.04812,-110.300453,2,1,968.7523,House,FLOR DIAZ,2026-07-07T15:17:09.803,https://files-api.properstar.com/api/v2/files/ce0d500d-ea27-4f5a-a5f7-b32aedf29567/1; https://files-api.properstar.com/api/v2/files/dac9896f-0cb7-4698-841e-fb205e2cfbf2/1; https://files-api.properstar.com/api/v2/files/cd6bbadb-159b-406c-8bf2-3c7112cf8d93/1; https://files-api.properstar.com/api/v2/files/fb8034a9-4f77-414f-bc67-a771f700bd7b/1; https://files-api.properstar.com/api/v2/files/7b6c0cd3-ae4f-45e4-8642-5f635462fbee/1; https://files-api.properstar.com/api/v2/files/46ad94d1-74e2-481d-aaba-4a7f935f3cb8/1; https://files-api.properstar.com/api/v2/files/d799e937-9268-4a7a-9e4f-9acf56b1d7c2/1; https://files-api.properstar.com/api/v2/files/b255ef43-0468-4dab-99f8-db29e7b9b11e/1
117908281,"House at auction in Valle del Mezquite, La Paz, Baja California Sur",https://www.properstar.co.uk/listing/117908281,"GBP 57,200","DEL NORTE, Valle del Mezquite, La Paz, Mexico",24.080988,-110.294695,4,2,1614.58716,House,GRUPO ANTHAM,2026-07-07T15:17:09.803,https://files-api.properstar.com/api/v2/files/e083853b-f1bf-4370-bbab-8f95fb8ad39f/1; https://files-api.properstar.com/api/v2/files/d0ea1d69-19af-433a-9c85-36a6e76dba76/1; https://files-api.properstar.com/api/v2/files/84bc2435-0573-4e01-8cbb-629b5b687e5e/1; https://files-api.properstar.com/api/v2/files/17b259cc-a60e-4e1b-bf59-542e5b2440ee/1; https://files-api.properstar.com/api/v2/files/d311f67d-184d-42db-a4ed-a1bd1b1662b5/1; https://files-api.properstar.com/api/v2/files/d0ee0e52-3fcc-4669-94fb-1d7dd4502c5b/1; https://files-api.properstar.com/api/v2/files/0e3d83c0-9dd2-4300-af44-06fc84fe5cce/1; https://files-api.properstar.com/api/v2/files/5a351b81-bce9-40e6-afbd-6a568e4e8f39/1; https://files-api.properstar.com/api/v2/files/db6ca838-16c8-42a8-aa5e-8c9d4761dd82/1; https://files-api.properstar.com/api/v2/files/73c1e6ea-52b8-4f12-99c4-94c8a1353f55/1; https://files-api.properstar.com/api/v2/files/c5785ff1-eee6-4882-a72e-bf0c4efba460/1; https://files-api.properstar.com/api/v2/files/4f9bd080-573a-4edb-a710-e4c1d1449c07/1; https://files-api.properstar.com/api/v2/files/1cdb9ec3-be45-47a4-bd1d-3dd8da7747eb/1; https://files-api.properstar.com/api/v2/files/a7838cdc-69ed-4253-a209-04c48db75b69/1; https://files-api.properstar.com/api/v2/files/856f76e9-b619-4885-9a57-4f2a5928d71c/1; https://files-api.properstar.com/api/v2/files/b9b84512-cd9b-4fef-8be1-99f604424a37/1; https://files-api.properstar.com/api/v2/files/9e723874-6d31-44a8-bbb4-58696bb25c3d/1
117926331,"House at auction in El Progreso, La Paz, Baja California Sur",https://www.properstar.co.uk/listing/117926331,"GBP 44,113","SAN JORGE, El Progreso, La Paz, Mexico",24.084167,-110.3037,3,2,1399.309,House,Julio Barrón,2026-07-07T15:17:09.803,https://files-api.properstar.com/api/v2/files/f2ac51d2-1748-43f7-9981-3237c48155b2/1; https://files-api.properstar.com/api/v2/files/76ecb3f9-3a5d-4cd8-9a33-a90dfb2e0c8a/1; https://files-api.properstar.com/api/v2/files/15991b99-b49f-4511-8884-f4183e76ecd6/1; https://files-api.properstar.com/api/v2/files/2cb21676-6779-427e-bd3c-4c8a7268f8f2/1; https://files-api.properstar.com/api/v2/files/b0150106-decc-4398-9ef2-75d35cece43e/1; https://files-api.properstar.com/api/v2/files/27e14283-1dee-4537-abdd-461aa278bd36/1; https://files-api.properstar.com/api/v2/files/ed450142-266f-4203-9cee-aa44013d4bf6/1; https://files-api.properstar.com/api/v2/files/fe6f1677-5f32-4384-a427-bf0f98d87a4d/1; https://files-api.properstar.com/api/v2/files/6504f448-4ce0-455e-931f-b69ad34985e4/1; https://files-api.properstar.com/api/v2/files/b1e71ce3-e0b3-4d10-9d34-56560934e69b/1; https://files-api.properstar.com/api/v2/files/62edf1cd-92af-46e5-a45b-9493e22bceb7/1; https://files-api.properstar.com/api/v2/files/84a1b573-9d2b-4014-b8ff-abdd596fbf76/1
117949244,"House for sale in Los Tabachines, La Paz, Baja California Sur",https://www.properstar.co.uk/listing/117949244,"GBP 17,117","ISLA ESPÍRITU SANTO, 242, Los Tabachines, La Paz, Mexico",24.079581,-110.304553,3,1,3013.896,House,Josue Malvaez,2026-07-07T15:17:09.803,https://files-api.properstar.com/api/v2/files/cbbf17b2-dda6-4e3a-809b-c9ba43c1d9fb/1; https://files-api.properstar.com/api/v2/files/c369b1ac-9f83-445f-81d2-84695e3bfcf5/1; https://files-api.properstar.com/api/v2/files/a1585f8d-4118-4a63-b0a1-77557f158484/1; https://files-api.properstar.com/api/v2/files/445c3e43-8cf3-44c6-a1a1-80097a7555a7/1; https://files-api.properstar.com/api/v2/files/15eb9e25-04c1-4298-b0ca-072cb30fe723/1; https://files-api.properstar.com/api/v2/files/2c09203f-a86e-4b78-b70b-ef6355a62749/1; https://files-api.properstar.com/api/v2/files/00523777-fd39-427a-b75f-82d59867510b/1; https://files-api.properstar.com/api/v2/files/7fe51884-dec7-4778-9dca-f6fa231c2973/1; https://files-api.properstar.com/api/v2/files/67028c77-6a6b-4c93-8b22-e1329ac7cf8f/1; https://files-api.properstar.com/api/v2/files/c68dea7d-63e8-4b6e-a85e-9de555bd7f46/1; https://files-api.properstar.com/api/v2/files/64ff3ecb-dc35-4a62-8fa8-0af5cafcfe5b/1; https://files-api.properstar.com/api/v2/files/61ce1cf1-06b2-4501-89ef-13256056cf3a/1; https://files-api.properstar.com/api/v2/files/8b196148-5b64-4d36-aa33-7aeb4b16711a/1; https://files-api.properstar.com/api/v2/files/ff51263e-1ea9-4132-8d2b-c736bcb4225f/1
117953937,"House for sale in Los Olivos, La Paz, Baja California Sur",https://www.properstar.co.uk/listing/117953937,"GBP 110,283","IGNACIO ALLENDE, Los Olivos, La Paz, Mexico",24.143623,-110.301218,3,2,1291.6698,House,Carlos ulises  Camara Morales,2026-07-07T15:17:09.803,https://files-api.properstar.com/api/v2/files/5fcf2907-b0df-4c5f-9192-66c98aac17c9/1; https://files-api.properstar.com/api/v2/files/11d6c3d0-7f6a-4df3-8fb3-f8ba837bcd86/1; https://files-api.properstar.com/api/v2/files/a1ca601c-f2d4-4318-ae90-2b49201a2877/1; https://files-api.properstar.com/api/v2/files/213b7f9e-82ed-4c20-a5dd-035ef3fac57b/1; https://files-api.properstar.com/api/v2/files/efd9eed1-d8ea-4e64-8acf-ed6728d671df/1; https://files-api.properstar.com/api/v2/files/436a2ba1-7a1f-4a1c-b726-e0f94a094bb4/1
117956211,"House for sale in La Fuente, La Paz, Baja California Sur",https://www.properstar.co.uk/listing/117956211,"GBP 50,553","DEL AGUA, La Fuente, La Paz, Mexico",24.064124,-110.304249,3,2,968.7523,House,Carlos ulises  Camara Morales,2026-07-07T15:17:09.803,https://files-api.properstar.com/api/v2/files/0b769de0-caba-4dd4-bac6-ab090acd04bf/1; https://files-api.properstar.com/api/v2/files/507fd751-b805-4265-8f6e-65d9abefb79c/1; https://files-api.properstar.com/api/v2/files/d450ca9e-5831-4a5d-8047-21e6ff3d01cb/1; https://files-api.properstar.com/api/v2/files/09ca1761-6857-46e9-823c-3f3f4405cbfb/1; https://files-api.properstar.com/api/v2/files/c14988c1-2ef9-403e-b68e-883e29da3a67/1; https://files-api.properstar.com/api/v2/files/9bc76d1c-883f-4331-9169-20d381c4b00e/1
117956804,"House for sale in Arbolares, La Paz, Baja California Sur",https://www.properstar.co.uk/listing/117956804,"GBP 42,381","ABETO, Arbolares, La Paz, Mexico",24.091643,-110.338572,3,2,1076.39148,House,Carlos ulises  Camara Morales,2026-07-07T15:17:09.803,https://files-api.properstar.com/api/v2/files/7d7b6a98-9788-4070-8c35-844a59ee6a46/1; https://files-api.properstar.com/api/v2/files/572cc32a-7a8d-40c8-bc22-fcb66e7fb1c8/1; https://files-api.properstar.com/api/v2/files/1326d0c2-8000-404f-8bd2-2ba236d4096d/1; https://files-api.properstar.com/api/v2/files/f1e17a98-2917-45eb-8949-df88cd3767f6/1; https://files-api.properstar.com/api/v2/files/d3a970e4-e46d-4528-b9b9-c0d6f5a08963/1
117988964,"House for sale in Sector La Selva Fidepaz, La Paz, Baja California Sur",https://www.properstar.co.uk/listing/117988964,"GBP 23,833","DE LA MANTARRAYA, 135, Sector La Selva Fidepaz, La Paz, Mexico",24.12842,-110.337795,5,3,3648.967,House,Nataly Fermonzel,2026-07-07T15:17:09.803,https://files-api.properstar.com/api/v2/files/5aa175f4-c031-4b5f-a5da-67d087435070/1; https://files-api.properstar.com/api/v2/files/c0123110-7f7d-4cd9-b1e2-d7aafce9cd4e/1; https://files-api.properstar.com/api/v2/files/6de5de07-9612-48b2-899a-5c07120814db/1; https://files-api.properstar.com/api/v2/files/37ecea9d-fb4a-484c-8613-77bd0d8a6480/1; https://files-api.properstar.com/api/v2/files/7bd2fefb-193a-41f1-b680-aff816a47c6a/1; https://files-api.properstar.com/api/v2/files/8509010d-ecd8-4af5-8ddc-f011b716b3bb/1; https://files-api.properstar.com/api/v2/files/58d126bc-46c9-497b-b3f8-4f60eb275958/1; https://files-api.properstar.com/api/v2/files/4ff97883-8706-44d8-98c9-1a05794a797c/1
117930794,"House at auction in Residencial las Garzas, La Paz, Baja California Sur",https://www.properstar.co.uk/listing/117930794,"GBP 114,616","PRIV LAS GARZAS, Residencial las Garzas, La Paz, Mexico",24.132225,-110.322812,3,1,968.7523,House,Servicios Profesionales de Enlaces Jurídicos,2026-07-07T15:17:09.803,https://files-api.properstar.com/api/v2/files/c79c22d2-d2ed-4483-90b5-4b10c0dc95d1/1; https://files-api.properstar.com/api/v2/files/d34a33cd-4b31-4687-843e-736f696db900/1; https://files-api.properstar.com/api/v2/files/954225c0-bfc6-4bfb-ac38-46fcd1aabd0a/1; https://files-api.properstar.com/api/v2/files/ea6f9d2c-9e03-477f-ba1d-33d4e518a504/1
117933557,"House at auction in Paraiso del Sol, La Paz, Baja California Sur",https://www.properstar.co.uk/listing/117933557,"GBP 28,967","CTO BAHIA DE SANTA ELENA, Paraíso del Sol, La Paz, Mexico",24.090112,-110.33208,3,1,968.7523,House,Servicios Profesionales de Enlaces Jurídicos,2026-07-07T15:17:09.803,https://files-api.properstar.com/api/v2/files/fd1d4a0d-4818-4a90-86c3-a752478e1ed1/1; https://files-api.properstar.com/api/v2/files/a273bb8c-45a9-465d-8e8d-da31aee9a325/1; https://files-api.properstar.com/api/v2/files/e867c17e-45c9-48a6-85bf-b82bffc38171/1; https://files-api.properstar.com/api/v2/files/b94b954b-d6bf-438d-ba6e-b6c51b4fc588/1; https://files-api.properstar.com/api/v2/files/c8edebf5-2f37-4944-92b3-4af288480538/1
117933777,"House at auction in Sector La Selva Fidepaz, La Paz, Baja California Sur",https://www.properstar.co.uk/listing/117933777,"GBP 31,681","DE LA MANTARRAYA , 135 LT 33 MZ 110, Sector La Selva Fidepaz, La Paz, Mexico",24.12842,-110.337795,5,5,2443.40869,House,ANTONIO MARTINEZ,2026-07-07T15:17:09.803,https://files-api.properstar.com/api/v2/files/cba4eb49-f8a6-479a-8023-da368c5bd2a7/1; https://files-api.properstar.com/api/v2/files/8e4a407e-7fdc-4809-b357-1d8a13efd019/1; https://files-api.properstar.com/api/v2/files/bef5e171-be13-485e-b5fb-33a1fa1dacfc/1; https://files-api.properstar.com/api/v2/files/650e13ac-82f3-4238-a281-64637ea2af5e/1; https://files-api.properstar.com/api/v2/files/cff5f0b6-f3a8-4d76-acb4-4c3840bd6df3/1; https://files-api.properstar.com/api/v2/files/b260b3f8-d6a9-4d7e-b2c4-fa67f5d64b3f/1; https://files-api.properstar.com/api/v2/files/28d117da-1099-428b-8a5a-8081ea8c103e/1; https://files-api.properstar.com/api/v2/files/b9da3e95-922a-44cd-95a2-bbd635495eca/1; https://files-api.properstar.com/api/v2/files/b9b88023-df44-4675-a989-2b1c8b96f065/1
117932077,"House at auction in Paraiso del Sol, La Paz, Baja California Sur",https://www.properstar.co.uk/listing/117932077,"GBP 29,314","BAHIA DE GUAYMAS, Paraíso del Sol, La Paz, Mexico",24.092386,-110.33769,2,1,538.1957,House,Servicios Profesionales de Enlaces Jurídicos,2026-07-07T15:17:09.803,https://files-api.properstar.com/api/v2/files/1b125937-85c6-467b-b85d-c3d8aba81b13/1; https://files-api.properstar.com/api/v2/files/bd042076-0a8e-4e53-9c59-fc86126a8649/1; https://files-api.properstar.com/api/v2/files/935b3870-ac8f-4331-8c55-286b1333605c/1; https://files-api.properstar.com/api/v2/files/e912891f-87ce-44b7-92c5-7d5307078640/1; https://files-api.properstar.com/api/v2/files/80f7ddd0-94b1-4f26-8cb9-23c336a6f1b8/1
117943534,"Apartment for sale in Benito Juarez, La Paz, Baja California Sur",https://www.properstar.co.uk/listing/117943534,"GBP 86,103","NUEVA REFORMA, Benito Juarez, La Paz, Mexico",24.143455,-110.33757,3,2,1076.39148,Apartment,ELIZA CRUZ,2026-07-07T15:17:09.803,https://files-api.properstar.com/api/v2/files/968f8a73-a420-4e58-9f17-fa3e6cedf612/1; https://files-api.properstar.com/api/v2/files/ae617f6c-ebf9-4b5d-b280-cd24e80c4086/1; https://files-api.properstar.com/api/v2/files/dfac3ac6-b6e8-4f59-96eb-ea485ddeca7d/1; https://files-api.properstar.com/api/v2/files/0f68155d-0fa7-4e63-bc2f-871d14cff28e/1; https://files-api.properstar.com/api/v2/files/f891a6f5-453a-4771-ad81-0609ac26ee29/1; https://files-api.properstar.com/api/v2/files/09f06e1a-901a-4e23-aaf5-9cc545b1d614/1; https://files-api.properstar.com/api/v2/files/71e5b08f-0aa7-49b5-b3b3-d78edffb641b/1; https://files-api.properstar.com/api/v2/files/c4419e5f-e3c2-44f9-a624-44c48ae4cf81/1; https://files-api.properstar.com/api/v2/files/49303d41-4ca1-44a5-8a99-1ce713ba0e1d/1; https://files-api.properstar.com/api/v2/files/2a19c9bf-d2b1-43bc-8381-898a3d228704/1; https://files-api.properstar.com/api/v2/files/bc9ee557-7fd2-4668-8656-d9c3d2afe36e/1; https://files-api.properstar.com/api/v2/files/80067dcd-2fab-47d2-b514-30401309de67/1; https://files-api.properstar.com/api/v2/files/48386d9b-3993-4284-b68c-eaf5d533c148/1; https://files-api.properstar.com/api/v2/files/3b0de6ca-3355-4963-89a3-00b0cccaa4b1/1; https://files-api.properstar.com/api/v2/files/d7b3889d-00fa-4577-9a70-c894b570e77a/1; https://files-api.properstar.com/api/v2/files/2b07c1ec-54f6-403d-bdbf-ec1a977b3664/1; https://files-api.properstar.com/api/v2/files/310a3ed6-90c2-4ea3-b26a-ef35959f7853/1
117943611,"House at auction in Las Tunas, La Paz, Baja California Sur",https://www.properstar.co.uk/listing/117943611,"GBP 45,318","ARROYO HONDO, Las Tunas, La Paz, Mexico",24.123073,-110.330509,3,2,1184.03064,House,Ana Martinez,2026-07-07T15:17:09.803,https://files-api.properstar.com/api/v2/files/4dd4ab34-1fe0-4720-afa9-8c512ee7489c/1; https://files-api.properstar.com/api/v2/files/71e1c5dc-b3bc-43f9-98a4-c1fd443aae63/1; https://files-api.properstar.com/api/v2/files/f772a082-6a51-4cd7-822a-7f38fba8d843/1; https://files-api.properstar.com/api/v2/files/bd399818-9655-42f9-807a-235ec40b9e55/1; https://files-api.properstar.com/api/v2/files/0888e2e5-7da9-47db-8bf1-0778cef903b9/1; https://files-api.properstar.com/api/v2/files/f33dc4d0-3616-477a-9bae-4b736ec60f1d/1; https://files-api.properstar.com/api/v2/files/7056dbd9-deaf-4ae2-8feb-d64c6bff2baa/1
117911067,"House at auction in Villas del Encanto, La Paz, Baja California Sur",https://www.properstar.co.uk/listing/117911067,"GBP 37,266","Villa Cangrejo, 164, Villas del Encanto, La Paz, Mexico",24.104,-110.332371,2,1,645.8349,House,SINGTA,2026-07-07T15:17:09.803,https://files-api.properstar.com/api/v2/files/5069dc58-a374-4d1b-a8c0-0c99a35b36db/1; https://files-api.properstar.com/api/v2/files/e64d90b9-ec24-4c66-9081-e9180154c57e/1; https://files-api.properstar.com/api/v2/files/66fe4e06-dcf6-40d3-87e2-d38a85891da8/1; https://files-api.properstar.com/api/v2/files/27c979fb-62ce-4702-98ae-90b74926d58f/1; https://files-api.properstar.com/api/v2/files/74252e69-4038-47dc-8ad1-e0ca4cfad54b/1; https://files-api.properstar.com/api/v2/files/3776778c-39b1-451a-92da-ed8629c78145/1; https://files-api.properstar.com/api/v2/files/784c595a-5833-440c-b395-e47024ef839c/1; https://files-api.properstar.com/api/v2/files/803eed93-7230-4a7a-983d-d04e73f63e48/1; https://files-api.properstar.com/api/v2/files/d67a336b-a8ce-4d23-bf23-1b8783b14f08/1; https://files-api.properstar.com/api/v2/files/25f5a725-c5f3-4227-b8cb-41be68393c59/1; https://files-api.properstar.com/api/v2/files/0babca86-190f-4344-acd0-39ee501297d3/1; https://files-api.properstar.com/api/v2/files/c86b9dd0-b27f-4a2b-af3e-66d09a95e504/1; https://files-api.properstar.com/api/v2/files/4b6d4662-37f1-4022-839f-4dc6314af10d/1; https://files-api.properstar.com/api/v2/files/c51df0ca-5bce-4529-812b-3b7fa7de882a/1; https://files-api.properstar.com/api/v2/files/8bd2ba18-1b60-4e3a-94a5-4a77a127462d/1
117932297,"House at auction in Sudcalifornia, La Paz, Baja California Sur",https://www.properstar.co.uk/listing/117932297,"GBP 26,824","Sudcalifornia, La Paz, Mexico",24.105262,-110.307796,2,2,1463.89246,House,Servicios Profesionales de Enlaces Jurídicos,2026-07-07T15:17:09.803,https://files-api.properstar.com/api/v2/files/2a28f327-75dd-40e7-b720-0074a2b9f8b3/1; https://files-api.properstar.com/api/v2/files/aded9742-57c8-4299-8ce0-5ad81ad5a8b8/1; https://files-api.properstar.com/api/v2/files/add3a661-1837-4df1-98cf-5008e476838d/1; https://files-api.properstar.com/api/v2/files/b9c069fe-49c1-4b5c-8b8a-be02668ad76d/1
117931357,"House at auction in Arcoiris, La Paz, Baja California Sur",https://www.properstar.co.uk/listing/117931357,"GBP 16,338","ROJO, Arcoiris, La Paz, Mexico",24.04812,-110.300453,2,1,645.8349,House,Servicios Profesionales de Enlaces Jurídicos,2026-07-07T15:17:09.803,https://files-api.properstar.com/api/v2/files/bd4c5c90-98e7-4291-a939-b6ba72c9876b/1; https://files-api.properstar.com/api/v2/files/4161f58a-a8bc-43de-8f05-c4879fc833e4/1; https://files-api.properstar.com/api/v2/files/8bf3c866-348a-427b-a112-8e91b66ee6f3/1; https://files-api.properstar.com/api/v2/files/3329170e-3954-4de2-a699-1fad2da3dd3b/1; https://files-api.properstar.com/api/v2/files/4fbe7ef5-7c60-409f-82d1-fc54297b483d/1
117970237,"House at auction in Bella Vista, La Paz, Baja California Sur",https://www.properstar.co.uk/listing/117970237,"GBP 19,635","La Purisima, 227, Bella Vista, La Paz, Mexico",24.13031,-110.309099,4,4,2798.618,House,Areli Sanchez,2026-07-07T15:17:09.803,https://files-api.properstar.com/api/v2/files/ef42b0dc-24ed-44fd-a032-0f1955d9ebab/1; https://files-api.properstar.com/api/v2/files/778766a2-d0a9-4919-9ae2-ab310bfa113f/1; https://files-api.properstar.com/api/v2/files/5024072c-6c8a-4bf7-9eb8-b4d050711370/1; https://files-api.properstar.com/api/v2/files/5feb9310-29e4-4899-b7fe-a53dcc9711ca/1; https://files-api.properstar.com/api/v2/files/8f25e9f0-6d6b-4d82-9b18-9bbc2382917e/1; https://files-api.properstar.com/api/v2/files/2437c4c0-eee5-46aa-95ce-c0ebabb3470b/1; https://files-api.properstar.com/api/v2/files/8ff30b83-b0b3-41e1-a731-d450e8cbd314/1; https://files-api.properstar.com/api/v2/files/03b2bf51-3f9a-4ded-96dc-d4a51e4a49ee/1
117969277,"House at auction in El Camino Real, La Paz, Baja California Sur",https://www.properstar.co.uk/listing/117969277,"GBP 36,833","DE LA REDONDA, El Camino Real, La Paz, Mexico",24.056967,-110.298564,3,3,1442.36462,House,Araceli Martínez,2026-07-07T15:17:09.803,https://files-api.properstar.com/api/v2/files/90210b66-a4e7-436c-8f61-63855c35dbe7/1; https://files-api.properstar.com/api/v2/files/67a60b7b-1720-4041-b5c3-e384af5abdb7/1; https://files-api.properstar.com/api/v2/files/833cb9b2-99cd-4caf-bbf9-9080d4c58d18/1; https://files-api.properstar.com/api/v2/files/a50d931b-7014-4c92-a548-b32a4bd90791/1; https://files-api.properstar.com/api/v2/files/ab74fc8b-7696-4dbf-bbf9-6e04556fbc73/1; https://files-api.properstar.com/api/v2/files/d368a768-c4b0-4c77-943a-6aa6872dd428/1; https://files-api.properstar.com/api/v2/files/6dbec2eb-e700-4fbf-bf87-8e88ff20d4a1/1; https://files-api.properstar.com/api/v2/files/2131c661-8d95-400b-857e-d5a30257d126/1; https://files-api.properstar.com/api/v2/files/d296d56a-a74f-44d6-9c21-27f0a6da4c7b/1; https://files-api.properstar.com/api/v2/files/d8e36acc-f9a2-43df-bb0c-f1c0df1a141c/1; https://files-api.properstar.com/api/v2/files/fee700e9-7601-48af-beb9-b9f102cf981a/1
117977584,"House for sale in Paraiso del Sol, La Paz, Baja California Sur",https://www.properstar.co.uk/listing/117977584,"GBP 30,250","Circuito bahia de santa elena, Paraíso del Sol, La Paz, Mexico",24.090112,-110.33208,2,1,1399.309,House,RAFAEL MONROY ALMEIRA,2026-07-07T15:17:09.803,https://files-api.properstar.com/api/v2/files/b59c6c5c-24b3-4a77-a93c-d76e91b4759e/1; https://files-api.properstar.com/api/v2/files/85828b62-3362-4ff7-9b52-546f031833d0/1; https://files-api.properstar.com/api/v2/files/eca5ce75-0efe-47ce-be49-9ca7f23d9f5b/1; https://files-api.properstar.com/api/v2/files/a7051802-d247-494f-9cb3-5ec41740ffa5/1; https://files-api.properstar.com/api/v2/files/38d83a8a-936a-4290-8e2e-f02f65035777/1; https://files-api.properstar.com/api/v2/files/caf0beed-4d64-4a85-b594-6d9b1673199c/1; https://files-api.properstar.com/api/v2/files/af754458-4914-4823-b2b4-6737a9dd33de/1; https://files-api.properstar.com/api/v2/files/ff083225-697d-4892-91d8-988578c81efb/1; https://files-api.properstar.com/api/v2/files/41dbf2bb-9638-4865-810d-1d8e86fabdc0/1; https://files-api.properstar.com/api/v2/files/85205356-8aed-46b2-aeb0-eb4d849ff11c/1; https://files-api.properstar.com/api/v2/files/232c1f37-b743-4b41-8e34-15968d01ca1d/1
117984627,"House at auction in El Camino Real, La Paz, Baja California Sur",https://www.properstar.co.uk/listing/117984627,"GBP 36,833","DE LA REDONDA , 259, El Camino Real, La Paz, Mexico",24.057085,-110.298657,3,2,2174.31079,House,VALERIA ZUÑIGA,2026-07-07T15:17:09.803,https://files-api.properstar.com/api/v2/files/4a7b547c-5182-4a59-9f9b-16a6a057bdf2/1; https://files-api.properstar.com/api/v2/files/c054e543-a58d-4220-88ad-e86022b8c02d/1; https://files-api.properstar.com/api/v2/files/1823170e-3d4e-4414-8fcc-b4495b7f4fbd/1; https://files-api.properstar.com/api/v2/files/f3c760bd-ba63-4893-9cc8-253a62a17522/1; https://files-api.properstar.com/api/v2/files/3996bb08-d966-4a87-979c-6741dd1062e4/1; https://files-api.properstar.com/api/v2/files/cf76bc12-ec37-4504-9688-1338c0787a76/1; https://files-api.properstar.com/api/v2/files/75743e8f-600a-45e3-88d0-3bebcaac6050/1; https://files-api.properstar.com/api/v2/files/d3e113b4-f8b7-4147-8a8a-1ec67c4b4202/1
117984731,"House for sale in Ayuntamiento, La Paz, Baja California Sur",https://www.properstar.co.uk/listing/117984731,"GBP 18,503","ANTONIO F DELGADO, Ayuntamiento, La Paz, Mexico",24.047921,-110.296138,2,1,1076.39148,House,MARIA DE LA LUZ CISNEROS SALDIVAR,2026-07-07T15:17:09.803,https://files-api.properstar.com/api/v2/files/bce02baa-1e07-42db-8a56-d929f0619ec9/1; https://files-api.properstar.com/api/v2/files/8beb1432-c598-4201-8af1-bc2cdc3b03c9/1; https://files-api.properstar.com/api/v2/files/848125d9-9093-4e30-a21f-26f7c8c4947a/1; https://files-api.properstar.com/api/v2/files/81d6055e-bf56-4cbd-bc14-0d0b22b3c7f8/1; https://files-api.properstar.com/api/v2/files/87f2a2a2-f4f2-469a-94b5-5975f76f3b95/1; https://files-api.properstar.com/api/v2/files/30c8c17b-6248-48d9-8de7-14e3c77abdef/1; https://files-api.properstar.com/api/v2/files/5cc7801f-a205-480d-b532-2bb899617c99/1
117985051,"House for sale in Paraiso del Sol, La Paz, Baja California Sur",https://www.properstar.co.uk/listing/117985051,"GBP 28,967","Circuito Bahia de Santa Elena, Paraíso del Sol, La Paz, Mexico",24.090112,-110.33208,2,1,1184.03064,House,jose luisvargas corona,2026-07-07T15:17:09.803,https://files-api.properstar.com/api/v2/files/2f5f5e52-2b62-4d75-b3cd-0b3abdc74bdc/1; https://files-api.properstar.com/api/v2/files/f4eff4be-906b-41f1-84f3-20877582ba5f/1; https://files-api.properstar.com/api/v2/files/f9dde628-0e29-49f1-bf22-7d16bf7b53bf/1; https://files-api.properstar.com/api/v2/files/ea17c759-589f-4dd0-8f4c-8ededd82af2e/1; https://files-api.properstar.com/api/v2/files/4be8bf51-23aa-4ccd-9c41-d5271950fa24/1; https://files-api.properstar.com/api/v2/files/85400cc8-bb5c-4049-903d-039f221d7364/1
118003431,"House for sale in CCC and Perla de La Paz, La Paz, Baja California Sur",https://www.properstar.co.uk/listing/118003431,"GBP 324,999","México, 2135, CCC y Perla de La Paz, La Paz, Mexico",24.132206,-110.328647,4,5,2723.27051,House,Flor del Rocío Sández Saucedo,2026-07-07T15:17:09.803,https://files-api.properstar.com/api/v2/files/f1dcf195-4b00-4fc8-8358-38bf19e90c78/1; https://files-api.properstar.com/api/v2/files/2dcad74e-2865-436b-8a92-bfaac55ceaaf/1; https://files-api.properstar.com/api/v2/files/dbcfd4e2-55d9-4d16-8187-1f343677dc00/1; https://files-api.properstar.com/api/v2/files/44eaac29-5336-4bf2-ba02-365ff7e125a9/1; https://files-api.properstar.com/api/v2/files/0fdc8665-a1e3-4b0a-ad74-4bf2655035c9/1; https://files-api.properstar.com/api/v2/files/d41ccf8a-1485-4236-8e40-cbe63d273a2c/1; https://files-api.properstar.com/api/v2/files/919b5ef1-007b-40b5-8f39-877a914ea9e2/1; https://files-api.properstar.com/api/v2/files/d2116b10-bb22-40c7-802e-35f9336d8517/1; https://files-api.properstar.com/api/v2/files/dbeb355c-0d66-49ab-954c-a29e40d822bb/1; https://files-api.properstar.com/api/v2/files/690dc68b-9be7-4dda-af0a-1cbfc10b44b9/1; https://files-api.properstar.com/api/v2/files/aa19a61c-0183-4576-9049-b423efcf7045/1; https://files-api.properstar.com/api/v2/files/d06039e0-7d35-4505-a01a-78f55821c6d3/1; https://files-api.properstar.com/api/v2/files/302c2d92-5449-44cd-946c-3aa4f58ac077/1; https://files-api.properstar.com/api/v2/files/2625825c-dfed-4a8c-89f2-5ff1cf69cf10/1; https://files-api.properstar.com/api/v2/files/3b2995e0-b1c9-44c1-9bf2-61f85bf4a11b/1; https://files-api.properstar.com/api/v2/files/bce4f956-01b6-4660-80b1-ba27634d93b4/1; https://files-api.properstar.com/api/v2/files/5a39c0f4-ec54-48e9-a08c-137b2fcbe719/1; https://files-api.properstar.com/api/v2/files/f1260dc0-9a88-4c7f-89ec-cf40fa7ca58c/1; https://files-api.properstar.com/api/v2/files/eefc9cb8-a50d-4626-96f1-5437b575a119/1; https://files-api.properstar.com/api/v2/files/1c1e9128-0dc7-422b-a5cf-f454a2058f76/1; https://files-api.properstar.com/api/v2/files/ee6f3b88-0132-4968-b30a-0bc20b3c83bc/1; https://files-api.properstar.com/api/v2/files/f56d9bd1-be26-468f-afd2-a5b626345f68/1; https://files-api.properstar.com/api/v2/files/64cef6c1-a5bb-43f2-b0f4-e383c894258d/1; https://files-api.properstar.com/api/v2/files/e26cc2e0-e125-41e9-aedf-f5e758e06a15/1; https://files-api.properstar.com/api/v2/files/a5b20cbd-5c5a-40bf-b200-df6562aedbda/1; https://files-api.properstar.com/api/v2/files/90e5bc91-e90e-444c-90a1-0daf4d632b8a/1; https://files-api.properstar.com/api/v2/files/c581b2d6-13ea-462a-9938-775c3f24d446/1
117997551,"Villa for sale in El Palmar II, La Paz, Baja California Sur",https://www.properstar.co.uk/listing/117997551,"GBP 78,000","Fracc. El Palmar Calle Tagua 146 esq.  con Tataba, , 100, El Palmar II, La Paz, Mexico",24.054236,-110.304445,3,2,925.6967,House,Gilberto Rodríguez,2026-07-07T15:17:09.803,https://files-api.properstar.com/api/v2/files/67eed6c2-5ec3-44d2-a2ef-dfef279ac1f8/1; https://files-api.properstar.com/api/v2/files/ba8f18c1-2c5d-41ed-8cc1-70fcedc3ff0e/1; https://files-api.properstar.com/api/v2/files/ba08bc80-6049-4ba4-b38c-9b4625e2e893/1; https://files-api.properstar.com/api/v2/files/26bdf21e-793e-4947-a6b6-f7bd923ea3b8/1; https://files-api.properstar.com/api/v2/files/738d61e1-beb3-48d5-9f6c-abe46b909dc6/1
117909876,"Apartment for sale in Calafia, La Paz, Baja California Sur",https://www.properstar.co.uk/listing/117909876,"GBP 68,900","Calafia, 302, Calafia, La Paz, Mexico",24.123292,-110.302735,3,1,1033.33582,Apartment,Pacifico Real Estate ,2026-07-07T15:17:09.803,https://files-api.properstar.com/api/v2/files/a1818e57-9089-4ddc-8aae-4c1cbe527104/1; https://files-api.properstar.com/api/v2/files/95d17230-d2d0-4717-8a70-573ab0fca54e/1; https://files-api.properstar.com/api/v2/files/b305a7f7-90f7-4c44-bbc9-ae3eb468a0a9/1; https://files-api.properstar.com/api/v2/files/43ae6a00-3909-492a-8657-6e97e0906e7a/1; https://files-api.properstar.com/api/v2/files/d17a36ff-e4e1-4ae8-b08f-bdc8a4a31986/1; https://files-api.properstar.com/api/v2/files/a51cb1e7-204a-4fd7-82fa-1c836a43d1a7/1; https://files-api.properstar.com/api/v2/files/a0c04fa5-e850-4d00-8b14-53f8adc1c726/1; https://files-api.properstar.com/api/v2/files/1278b762-9b2e-49af-bd37-1e1433c22fa1/1; https://files-api.properstar.com/api/v2/files/4b0a07dc-f6c8-4ee3-97a1-ed0653618443/1; https://files-api.properstar.com/api/v2/files/8086581b-2942-410b-890c-a67f9ab6455d/1; https://files-api.properstar.com/api/v2/files/3f37fae1-9e61-45c0-b894-5050d957d1d3/1
117946606,"House at auction in Villas del Encanto, La Paz, Baja California Sur",https://www.properstar.co.uk/listing/117946606,"GBP 59,800","Villas del Encanto, La Paz, Mexico",24.112148,-110.314498,3,2,1614.58716,House,Christian Pancoatl Acosta,2026-07-07T15:17:09.803,https://files-api.properstar.com/api/v2/files/8be9868e-ac2d-4203-af9a-dc2621d10686/1
117939369,"House for sale in Sector La Selva Fidepaz, La Paz, Baja California Sur",https://www.properstar.co.uk/listing/117939369,"GBP 47,233","agua dulce, Sector La Selva Fidepaz, La Paz, Mexico",24.129406,-110.340887,3,3,3336.81372,House,Grupo de Inversiones México ,2026-07-07T15:17:09.803,https://files-api.properstar.com/api/v2/files/d113c7d8-7254-4423-9a09-d48f2f506126/1; https://files-api.properstar.com/api/v2/files/114207fb-b7ad-4615-ae94-4725549d32b8/1; https://files-api.properstar.com/api/v2/files/2955ea1c-67d6-4a05-adc5-94d8547c65ab/1; https://files-api.properstar.com/api/v2/files/b09a8b4c-b541-4e9c-87c9-7489a5c5ae25/1; https://files-api.properstar.com/api/v2/files/ae9a8488-afe4-4f09-ba1d-5fb58ba5929c/1; https://files-api.properstar.com/api/v2/files/d131001c-c464-4691-861d-f805075a91ae/1; https://files-api.properstar.com/api/v2/files/fe70a8ab-cc7c-425e-838f-165db93a4893/1; https://files-api.properstar.com/api/v2/files/7ea18013-e51b-4747-b2f9-bafa5c052a09/1; https://files-api.properstar.com/api/v2/files/868cdf63-4b41-466b-b50f-6997f4db20cd/1; https://files-api.properstar.com/api/v2/files/7a2c88a2-7e52-4ade-b0e1-aae05f6b5f7b/1; https://files-api.properstar.com/api/v2/files/30f3b832-cd04-463f-ab78-0c98dabf7884/1; https://files-api.properstar.com/api/v2/files/1a938a68-531c-4031-bf6c-99a49658490f/1; https://files-api.properstar.com/api/v2/files/be609800-fd33-4b8e-82c5-c8be9a4ef60c/1
117944703,"House for sale in San Carlos, La Paz, Baja California Sur",https://www.properstar.co.uk/listing/117944703,"GBP 31,027","SAN FERNANDO, 226, San Carlos, La Paz, Mexico",24.133474,-110.330578,3,3,1076.39148,House,Rodrigo Martínez,2026-07-07T15:17:09.803,https://files-api.properstar.com/api/v2/files/12d1f705-e49e-4900-9138-250ef7b37807/1; https://files-api.properstar.com/api/v2/files/f57a37b7-f879-4126-a787-61f5766c672a/1; https://files-api.properstar.com/api/v2/files/1c5d0ccc-2b2a-4962-b31b-097fadfdb30b/1; https://files-api.properstar.com/api/v2/files/a39fc87d-2b3a-49ab-b978-090e85f68997/1; https://files-api.properstar.com/api/v2/files/88f00cc8-8f62-405a-b0ff-93ec756a083a/1; https://files-api.properstar.com/api/v2/files/7b67091b-164e-4fd4-ba99-4d4b44764115/1; https://files-api.properstar.com/api/v2/files/b6c8cb07-76fa-431e-9505-ec4e13db2a16/1; https://files-api.properstar.com/api/v2/files/9a0771d2-e108-4edb-8d70-6b2b6a5da377/1; https://files-api.properstar.com/api/v2/files/80ee6a74-b32a-4da4-b356-f2e87800a4d4/1; https://files-api.properstar.com/api/v2/files/f57edbdf-5f56-4ef2-b193-c74a139b39e1/1; https://files-api.properstar.com/api/v2/files/966c9742-665d-4287-8956-f32b020a806b/1; https://files-api.properstar.com/api/v2/files/1ef6b56e-4b05-44ba-983b-73b61a4b4161/1; https://files-api.properstar.com/api/v2/files/9d55edfa-777b-4a9a-b837-315e3d578ec8/1; https://files-api.properstar.com/api/v2/files/d0e17646-351d-4f82-8a6e-ef6b27f131f4/1; https://files-api.properstar.com/api/v2/files/d104f229-7c22-4823-9f84-254a6696b1f4/1
117944730,"House for sale in San Fernando, La Paz, Baja California Sur",https://www.properstar.co.uk/listing/117944730,"GBP 25,393","NEVADO DE TOLUCA , 264, San Fernando, La Paz, Mexico",24.092989,-110.319484,2,1,538.1957,House,ELIZA CRUZ,2026-07-07T15:17:09.803,https://files-api.properstar.com/api/v2/files/2ceb0da6-5287-42c7-9b83-4fb281ad9ad5/1; https://files-api.properstar.com/api/v2/files/d0cb4038-0e54-442a-9f81-2d3be43330b9/1; https://files-api.properstar.com/api/v2/files/55e590ef-3fdb-4d0a-93d3-9f2238823728/1; https://files-api.properstar.com/api/v2/files/fd202ec0-fa54-4e93-bc65-b2fa3ddba9d7/1; https://files-api.properstar.com/api/v2/files/cb26f80e-0e9b-4d61-b85e-912fb3a3731a/1; https://files-api.properstar.com/api/v2/files/896ecdf5-bfa0-4d25-8d65-9509b0cd4b99/1; https://files-api.properstar.com/api/v2/files/8d65463d-7de8-45a3-9420-c36a0ed4c025/1; https://files-api.properstar.com/api/v2/files/1a9d3894-316a-46d7-9a99-ed2852729316/1; https://files-api.properstar.com/api/v2/files/e69209b4-5e4d-49c3-a44b-4c8c2e14eeb0/1; https://files-api.properstar.com/api/v2/files/472bdb8a-ccc0-40bc-bb17-ea62cc713e16/1; https://files-api.properstar.com/api/v2/files/b140478d-5f21-4a16-9136-8ca863bb6dd2/1; https://files-api.properstar.com/api/v2/files/2e562b1a-4582-4e84-b1f5-5b490b14dbbf/1
117932179,"House at auction in Miramar, La Paz, Baja California Sur",https://www.properstar.co.uk/listing/117932179,"GBP 28,167","Blvd. Santa Barbara, Miramar, La Paz, Mexico",24.089239,-110.324548,2,1,645.8349,House,Servicios Profesionales de Enlaces Jurídicos,2026-07-07T15:17:09.803,https://files-api.properstar.com/api/v2/files/5ae5580b-6320-4bc2-9eec-aea7ed0eef38/1; https://files-api.properstar.com/api/v2/files/4bea9434-51a7-494a-a964-daa23a20a659/1; https://files-api.properstar.com/api/v2/files/c46667cc-3143-4e2c-8318-8501428778ac/1; https://files-api.properstar.com/api/v2/files/b7db9409-b6d3-47d0-8742-45987e8c8a39/1; https://files-api.properstar.com/api/v2/files/3dbcf85c-fa7e-4830-8142-57c3a6bd5d9f/1; https://files-api.properstar.com/api/v2/files/44fedcce-d1bb-4454-805f-7d0aa77a9f63/1; https://files-api.properstar.com/api/v2/files/a3b33658-3268-41fc-a751-a8ddba1a8dbd/1; https://files-api.properstar.com/api/v2/files/5e21a012-a425-49aa-8302-486ae6b95edd/1; https://files-api.properstar.com/api/v2/files/98a1d135-7e6b-49bd-8ba9-05b9eaccf44c/1; https://files-api.properstar.com/api/v2/files/e78e6046-9b82-4aba-9076-3d75db62c0fe/1; https://files-api.properstar.com/api/v2/files/a65e7fa1-7b7c-4b60-b5d5-393860c6a953/1; https://files-api.properstar.com/api/v2/files/b6fdbe03-5e98-4710-bfa4-0c32a3645103/1
117931020,"House at auction in Fuerza Aérea, La Paz, Baja California Sur",https://www.properstar.co.uk/listing/117931020,"GBP 19,977","AYUNTAMIENTO DE COMONDU, Fuerza Aérea, La Paz, Mexico",24.121483,-110.313753,2,1,538.1957,House,Servicios Profesionales de Enlaces Jurídicos,2026-07-07T15:17:09.803,https://files-api.properstar.com/api/v2/files/9c8f264d-3623-4b71-9c99-66880037eacd/1; https://files-api.properstar.com/api/v2/files/daaa55df-ad96-4fb2-a776-43236ec69274/1; https://files-api.properstar.com/api/v2/files/16f20153-ab10-4c02-9d43-302b3203b27b/1; https://files-api.properstar.com/api/v2/files/31e698d2-5460-47b2-9f3e-2d81e4a7fa1c/1; https://files-api.properstar.com/api/v2/files/1533cf01-a146-411d-a265-a6a0271d2c4b/1
117924996,"Villa for sale in El Palmar II, La Paz, Baja California Sur",https://www.properstar.co.uk/listing/117924996,"GBP 52,213","PALMERA CANARIA, El Palmar II, La Paz, Mexico",24.083153,-110.303328,3,3,861.1132,House,Claudia Salinas,2026-07-07T15:17:09.803,https://files-api.properstar.com/api/v2/files/c9011f73-4075-4ddd-9f1a-6f174ec1eeb9/1; https://files-api.properstar.com/api/v2/files/f54886ea-d4d2-4616-8f2d-bae020624b12/1; https://files-api.properstar.com/api/v2/files/ccf37329-2032-431f-8d31-1a2790ad28a2/1; https://files-api.properstar.com/api/v2/files/c3a21090-346e-43f7-b317-71076f147009/1; https://files-api.properstar.com/api/v2/files/42af2fdc-6e54-4d41-908b-35aaab4e0c02/1; https://files-api.properstar.com/api/v2/files/f7d5a758-bc42-443c-809c-0e77e3c4fde3/1
117970609,"House at auction in El Camino Real, La Paz, Baja California Sur",https://www.properstar.co.uk/listing/117970609,"GBP 36,833","De la Redonda, El Camino Real, La Paz, Mexico",24.056967,-110.298564,3,3,1442.36462,House,Areli Sanchez,2026-07-07T15:17:09.803,https://files-api.properstar.com/api/v2/files/96592137-3b2e-4161-b6bf-794ce679aef4/1; https://files-api.properstar.com/api/v2/files/ca1b47f9-bffb-430a-addc-891be460c80f/1; https://files-api.properstar.com/api/v2/files/cc0caac3-7070-4da1-81f7-fd8fa1b33770/1; https://files-api.properstar.com/api/v2/files/c95f6963-a996-4706-9eb5-c7642eb5d140/1; https://files-api.properstar.com/api/v2/files/7ab824e5-3a89-4b00-bd1f-7655bc8e2fa0/1; https://files-api.properstar.com/api/v2/files/2b74162f-4673-4ac5-800d-896a3af1d181/1; https://files-api.properstar.com/api/v2/files/70c22a3f-00e2-424a-84ab-e97538572e25/1; https://files-api.properstar.com/api/v2/files/108ac9da-2fe0-428b-a96d-07413f013901/1; https://files-api.properstar.com/api/v2/files/81eac9c4-7037-4583-814f-17cddf219e2f/1; https://files-api.properstar.com/api/v2/files/6faed119-e4ae-412b-86d4-e39691fea6e8/1; https://files-api.properstar.com/api/v2/files/19d14fc4-1cc6-471d-8e54-5fff0c4e3102/1
117976463,"House at auction in Bella Vista, La Paz, Baja California Sur",https://www.properstar.co.uk/listing/117976463,"GBP 126,316","SAN ANTONIO, Bella Vista, La Paz, Mexico",24.127408,-110.308813,3,3,1291.6698,House,RUTH DE LA ROSA SOLIS,2026-07-07T15:17:09.803,https://files-api.properstar.com/api/v2/files/a41fd8ec-a0c9-4c4c-990a-c17b32628ed8/1; https://files-api.properstar.com/api/v2/files/b0a7b290-c02c-45d7-9db4-c7f5763a881f/1; https://files-api.properstar.com/api/v2/files/92358bf3-75a1-419c-8339-116bfa7d4e94/1; https://files-api.properstar.com/api/v2/files/77316ab5-08b2-4d3b-a0fb-d6bdb9a80097/1; https://files-api.properstar.com/api/v2/files/dd4d64e5-eaa5-4573-b768-6210fbc863ca/1; https://files-api.properstar.com/api/v2/files/d7342d7e-7702-4ffe-81cd-265e3f1c669b/1
117977749,"House at auction in El Camino Real, La Paz, Baja California Sur",https://www.properstar.co.uk/listing/117977749,"GBP 31,293","Del Carruaje, El Camino Real, La Paz, Mexico",24.057222,-110.298765,3,1,1420.83667,House,Waldo Espinoza,2026-07-07T15:17:09.803,https://files-api.properstar.com/api/v2/files/68ca8624-9f33-446d-9c10-d0180c8930e2/1; https://files-api.properstar.com/api/v2/files/bc0ffbb9-ebd6-4c2c-8fb8-dbb5b60135cf/1; https://files-api.properstar.com/api/v2/files/8adaf5c2-4a59-477b-9023-4295ddedd8ce/1; https://files-api.properstar.com/api/v2/files/ce65c506-8d8b-4a1f-8254-bb0bd324eea8/1; https://files-api.properstar.com/api/v2/files/189888d4-1b45-4fa9-a182-010fe7a2484f/1; https://files-api.properstar.com/api/v2/files/fa940e9f-cec7-481d-8942-072bf7ea48b8/1; https://files-api.properstar.com/api/v2/files/749125c5-6c56-42e6-a25d-a829de7db17c/1; https://files-api.properstar.com/api/v2/files/b18b2b23-2627-4da0-bdf2-340bfe84d5e6/1; https://files-api.properstar.com/api/v2/files/bc5bad7e-2dac-4f6c-a628-ce22cba016fd/1; https://files-api.properstar.com/api/v2/files/44aa0aaa-0605-4441-9571-f7d8fc5f4857/1; https://files-api.properstar.com/api/v2/files/94e105ee-8681-48a6-bf6c-9ac18f4a2856/1; https://files-api.properstar.com/api/v2/files/d0346ecf-8034-4217-9d04-b4a10687555b/1; https://files-api.properstar.com/api/v2/files/7e480636-b8d7-4a1b-bb4a-4d73c1e8957f/1; https://files-api.properstar.com/api/v2/files/82dd5cc8-2d9d-4c53-96b3-1c46ae862e59/1; https://files-api.properstar.com/api/v2/files/6bcb1b41-7be3-4cd4-853b-4056e1d354d3/1; https://files-api.properstar.com/api/v2/files/a9fe1d83-94e7-48d1-ab6b-c5af81e0618e/1; https://files-api.properstar.com/api/v2/files/e24bb3fc-a72c-4d2b-9bcd-de03ca3d00cc/1
117998580,"House for sale in Benito Juarez, La Paz, Baja California Sur",https://www.properstar.co.uk/listing/117998580,"GBP 36,833","CALLE AGUA DULCE, Benito Juarez, La Paz, Mexico",24.140858,-110.337658,4,4,4413.205,House,LORENZO ARCHUNDIA,2026-07-07T15:17:09.803,https://files-api.properstar.com/api/v2/files/c88e8848-fcf3-47fa-8c09-47f8a62a1e2d/1; https://files-api.properstar.com/api/v2/files/8b6a4b9d-9639-4c65-ad69-78b16e105b35/1; https://files-api.properstar.com/api/v2/files/fb6cfabb-1470-4d74-8f08-baed614aee60/1; https://files-api.properstar.com/api/v2/files/73b3bddb-ead3-4c23-9603-e1c39d43adf0/1; https://files-api.properstar.com/api/v2/files/311482b6-89cb-4438-9acf-3ed6b1359ffd/1; https://files-api.properstar.com/api/v2/files/e24d2ba5-5438-4cf6-a1d6-3bfd9149148b/1; https://files-api.properstar.com/api/v2/files/250b8060-dbd2-4d0a-ae47-4294845cce69/1; https://files-api.properstar.com/api/v2/files/5baee045-0dd5-4c0b-8319-992460596efa/1; https://files-api.properstar.com/api/v2/files/66a2f453-658e-4b75-89a9-9d3ffa086880/1; https://files-api.properstar.com/api/v2/files/62073737-4635-4fba-b3d5-f2f8598f512a/1; https://files-api.properstar.com/api/v2/files/ebc5db53-9f70-4969-99e5-a254f0821cf7/1; https://files-api.properstar.com/api/v2/files/c9112831-c1ae-4dd0-9b50-99b921b513a2/1; https://files-api.properstar.com/api/v2/files/475c5386-ef75-49d2-9177-3012f7394731/1
118001346,"House for sale in Sector La Selva Fidepaz, La Paz, Baja California Sur",https://www.properstar.co.uk/listing/118001346,"GBP 46,193","DEL ERIZO, Sector La Selva Fidepaz, La Paz, Mexico",24.123462,-110.338977,5,4,8094.464,House,ADELISA DELGADO ALVAREZ,2026-07-07T15:17:09.803,https://files-api.properstar.com/api/v2/files/96d722f8-e667-4695-b574-ebe9c606d933/1; https://files-api.properstar.com/api/v2/files/153a75af-cac9-413b-9287-1b1533c8636b/1; https://files-api.properstar.com/api/v2/files/efbb63ac-4c01-4ebe-9eef-858f30dedd88/1; https://files-api.properstar.com/api/v2/files/c7d11921-fe76-425f-87d9-2188b1488eb5/1; https://files-api.properstar.com/api/v2/files/8eb81f10-a405-430b-8aff-9df323601e36/1; https://files-api.properstar.com/api/v2/files/b0080259-156f-4bf1-acec-a81d3e0701b8/1; https://files-api.properstar.com/api/v2/files/f1b053bf-452f-4781-8297-e2081343558f/1; https://files-api.properstar.com/api/v2/files/0d504764-1bc4-4d43-8efb-e0fe4763bf6b/1; https://files-api.properstar.com/api/v2/files/1751a65e-7aff-4f20-a060-c9f8811ff24a/1; https://files-api.properstar.com/api/v2/files/e7b83c1a-a69b-4863-943d-70623e17118f/1; https://files-api.properstar.com/api/v2/files/526873c4-39d4-4a1d-b5d4-0ad6e0f51fbe/1; https://files-api.properstar.com/api/v2/files/d7249210-1b13-49a4-aa18-81a326dc6f54/1
118006996,"Apartment for sale in Pedregal de la Paz, La Paz, Baja California Sur",https://www.properstar.co.uk/listing/118006996,"GBP 469,174","Camino del Marmol, Pedregal de la Paz, La Paz, Mexico",24.203435,-110.297391,3,4,1786.80981,Apartment,Flor del Rocío Sández Saucedo,2026-07-07T15:17:09.803,https://files-api.properstar.com/api/v2/files/9d4d572a-6f65-417f-b6ee-7248ddf69a33/1; https://files-api.properstar.com/api/v2/files/140b8f6a-4773-4a18-a69c-e5113146b625/1; https://files-api.properstar.com/api/v2/files/d1ff35a1-7fbf-42fe-ab9b-2bba44401eca/1; https://files-api.properstar.com/api/v2/files/cc082e0a-d4bb-4b9c-b4be-27adc9edc538/1; https://files-api.properstar.com/api/v2/files/ac8f6bb0-5620-4644-89b2-2cd55b57442f/1; https://files-api.properstar.com/api/v2/files/fde6e9f1-ad96-4112-8eb0-25d25c507c42/1; https://files-api.properstar.com/api/v2/files/359a66e8-351e-48f8-bba3-b304cd9bcaed/1; https://files-api.properstar.com/api/v2/files/2b24c313-ab9c-4bed-be30-73acca0f7323/1; https://files-api.properstar.com/api/v2/files/d380503a-aeec-4197-82a1-f4c2dfda778b/1; https://files-api.properstar.com/api/v2/files/f2c2ec56-3323-4bf8-9705-32c5c9387ea6/1; https://files-api.properstar.com/api/v2/files/f13eee61-aaf6-485a-980f-14a70dea83b4/1; https://files-api.properstar.com/api/v2/files/c0fa5eef-0c71-4f04-955b-d5d95692af51/1; https://files-api.properstar.com/api/v2/files/36cead6d-2b24-433f-9de1-24081974d293/1; https://files-api.properstar.com/api/v2/files/b01d3d90-b9a0-40eb-b00e-7f89fc839e48/1; https://files-api.properstar.com/api/v2/files/e2a8a08d-da97-41b6-a7d0-ce3b35552b6c/1; https://files-api.properstar.com/api/v2/files/2a686944-188b-4ae6-b07a-f697c519a817/1
117996946,"House for sale in Villas del Encanto, La Paz, Baja California Sur",https://www.properstar.co.uk/listing/117996946,"GBP 21,580","VILLA FLORES , 305, Villas del Encanto, La Paz, Mexico",24.10327,-110.331988,3,2,2303.47778,House,JAZMIN MONTOYA,2026-07-07T15:17:09.803,https://files-api.properstar.com/api/v2/files/c50b49fe-609c-470f-85a3-6e0a362e5aa6/1; https://files-api.properstar.com/api/v2/files/386ff7cc-a13a-47b4-a2b7-c1bbcfbca8e2/1; https://files-api.properstar.com/api/v2/files/42fc686c-9b73-4deb-8e1d-0fb15d6ac9f4/1; https://files-api.properstar.com/api/v2/files/66d7e5f1-7290-4013-a7b4-2dab1d771ac8/1; https://files-api.properstar.com/api/v2/files/a659b9fb-a237-4744-ade5-4d37c228e6b5/1; https://files-api.properstar.com/api/v2/files/1ec7ed5d-6525-4195-9b99-ad353177b2b1/1; https://files-api.properstar.com/api/v2/files/a6d0ae8f-88e5-41af-8f87-5ff49d732a05/1; https://files-api.properstar.com/api/v2/files/107dd127-80d4-46d2-a19c-c8193920a84b/1; https://files-api.properstar.com/api/v2/files/fd2f0b5c-d3c7-4182-91a0-fe604b418669/1
118510349,Hotel Aquamarina,https://www.properstar.co.uk/listing/118510349,"GBP 1,081,299","Baja California Sur, La Paz , La Paz, Mexico",24.142641,-110.312753,10,10,,House,Engel Voelkers Snell Real Estate,2026-07-08T04:13:43.523,https://files-api.properstar.com/api/v2/files/4ebaecfd-2c4e-4fc1-a64b-2e0b8b05d81a/1; https://files-api.properstar.com/api/v2/files/d5a18180-4472-49d6-be3c-52723d2e54ea/1; https://files-api.properstar.com/api/v2/files/d35af45b-79d3-4562-811f-925eb5e7aa79/1; https://files-api.properstar.com/api/v2/files/dcd1e46a-2bca-4777-8960-a3fcfd26137b/1; https://files-api.properstar.com/api/v2/files/9ef80585-ba33-47f3-ac74-7115f0e65c5c/1; https://files-api.properstar.com/api/v2/files/fbc2976c-196a-4d67-ae72-24c2a876bb5f/1; https://files-api.properstar.com/api/v2/files/e8f0a065-465e-4a11-a46b-27252b952a1b/1; https://files-api.properstar.com/api/v2/files/4a8948cc-0705-4a1b-bd79-5856931c78bc/1; https://files-api.properstar.com/api/v2/files/0a07caf4-c56e-41cd-865d-7a7a4c25c4a7/1; https://files-api.properstar.com/api/v2/files/100bc41a-8b3a-43d3-aed6-6af041ebf627/1; https://files-api.properstar.com/api/v2/files/0ca2ebda-1a95-4e59-bf6d-a2b27e99d630/1; https://files-api.properstar.com/api/v2/files/cae2f0f1-9af7-4167-a21c-12402705de0d/1; https://files-api.properstar.com/api/v2/files/4600e790-3506-4f46-bb5c-77efdf7a1f37/1; https://files-api.properstar.com/api/v2/files/b71433aa-2e3d-4df8-9118-e1bf6486280e/1; https://files-api.properstar.com/api/v2/files/8ec0ceaa-1f11-45f2-b41f-6ddcb82727b2/1; https://files-api.properstar.com/api/v2/files/2eec3d0f-0559-42f6-9f72-2763c468b603/1; https://files-api.properstar.com/api/v2/files/8694854f-ded0-4f22-b31e-48e930ffae27/1; https://files-api.properstar.com/api/v2/files/766d02fa-8841-426f-ae09-e5dfe1376178/1; https://files-api.properstar.com/api/v2/files/c98c251a-be50-4e2e-a40e-2840e2add3f1/1; https://files-api.properstar.com/api/v2/files/9bffe1ff-42b9-49f9-a580-512dc0644d4d/1; https://files-api.properstar.com/api/v2/files/19fc61b4-fbd3-476b-b5eb-aa4a5ea76890/1; https://files-api.properstar.com/api/v2/files/1ae318fa-84ac-4fac-8acd-aec4aba673a0/1; https://files-api.properstar.com/api/v2/files/7f043f01-7229-4bf7-b67e-2e4297db9b5d/1; https://files-api.properstar.com/api/v2/files/12cd7c64-6406-428f-8da0-5d4f94c028c7/1; https://files-api.properstar.com/api/v2/files/0e10a6bb-c2c1-4a68-8510-e7fabf69e04b/1; https://files-api.properstar.com/api/v2/files/bcf6b50c-eddf-4f95-8caf-678e9a861bef/1; https://files-api.properstar.com/api/v2/files/294ac22d-561c-4407-ad08-5babe5d13fcc/1; https://files-api.properstar.com/api/v2/files/1509d7cf-83c9-4d88-a612-f43e3228f14b/1
117981643,"House for sale in Ayuntamiento, La Paz, Baja California Sur",https://www.properstar.co.uk/listing/117981643,"GBP 12,771","ANTONIO F. DELGADO, Ayuntamiento, La Paz, Mexico",24.047921,-110.296138,3,2,1184.03064,House,ARSIM,2026-07-07T15:17:09.803,https://files-api.properstar.com/api/v2/files/ad865ebd-622a-4fba-a8e8-b556dd6e6ee1/1; https://files-api.properstar.com/api/v2/files/cf421071-cc4a-4d01-a05c-939887c9a6f9/1; https://files-api.properstar.com/api/v2/files/ba83a13f-f8ab-43b5-a0d9-af526c869735/1; https://files-api.properstar.com/api/v2/files/7e192bfc-83c0-48cb-9429-10e9801ebd73/1; https://files-api.properstar.com/api/v2/files/d17571e7-e34f-45f8-8992-4bf073952276/1; https://files-api.properstar.com/api/v2/files/1f5da9e6-9f08-4461-87db-f2b10254b016/1; https://files-api.properstar.com/api/v2/files/5e800e0c-97a8-4122-999d-e11f3bf5c987/1
117982956,"House at auction in Paraiso del Sol, La Paz, Baja California Sur",https://www.properstar.co.uk/listing/117982956,"GBP 31,113","BAHÍA DE SANTA ELENA, 319, Paraíso del Sol, La Paz, Mexico",24.089784,-110.332129,3,2,1506.94812,House,VALERIA ZUÑIGA,2026-07-07T15:17:09.803,https://files-api.properstar.com/api/v2/files/f5a79c83-73ae-474f-af05-21e6390735d3/1; https://files-api.properstar.com/api/v2/files/649e7838-d5e2-4960-993f-c5be418cade8/1; https://files-api.properstar.com/api/v2/files/bf8e1e44-d490-4fa2-b676-3334609e89a9/1; https://files-api.properstar.com/api/v2/files/1d9319be-f404-4e99-9162-8e1141836d05/1; https://files-api.properstar.com/api/v2/files/8d67a547-589a-49d2-97a7-7ceca8d8e6f8/1; https://files-api.properstar.com/api/v2/files/51af81cf-cc70-4f20-b0e2-35c0f6f1af40/1; https://files-api.properstar.com/api/v2/files/56f45c7b-b8f7-49f9-9658-2948616cefbd/1; https://files-api.properstar.com/api/v2/files/ebbc860f-ca65-40af-972b-5eacf5ae99f8/1
117983636,"House at auction in Arbolares, La Paz, Baja California Sur",https://www.properstar.co.uk/listing/117983636,"GBP 66,499","Abeto, 172, Arbolares, La Paz, Mexico",24.091643,-110.338572,2,3,807.2936,House,Guillermo Jiménez,2026-07-07T15:17:09.803,https://files-api.properstar.com/api/v2/files/e993522a-8d30-4ae6-b1ab-65fa5a60a67b/1; https://files-api.properstar.com/api/v2/files/d2e73826-4315-4056-b476-3114796ce01e/1; https://files-api.properstar.com/api/v2/files/486abb0f-8d09-411b-8294-bb3c0839cb76/1; https://files-api.properstar.com/api/v2/files/f2d57b21-7365-4999-a081-df2a8d9a04f3/1; https://files-api.properstar.com/api/v2/files/ffeb91df-517c-4fba-a1e5-6a07b3a4221d/1; https://files-api.properstar.com/api/v2/files/db6cbcc5-a609-4c5c-b003-bad22d9b124c/1; https://files-api.properstar.com/api/v2/files/52766c96-2f74-48ab-8dcd-ad73325b3786/1; https://files-api.properstar.com/api/v2/files/4af59cd2-2d35-4d0d-935a-64936b265fb6/1; https://files-api.properstar.com/api/v2/files/9f112462-30c1-401b-85c2-ea10550d7bc5/1; https://files-api.properstar.com/api/v2/files/ecf5496a-3f1e-4e42-bdf8-553e0db5f5b0/1; https://files-api.properstar.com/api/v2/files/1d69c28d-bbec-4256-a76e-507e68385be8/1; https://files-api.properstar.com/api/v2/files/0e8e8fba-97a2-4ca0-a9c5-3bd85492d86b/1; https://files-api.properstar.com/api/v2/files/4d561025-7e9b-4282-99aa-67c4943db30c/1
117993163,"House for sale in Bella Vista, La Paz, Baja California Sur",https://www.properstar.co.uk/listing/117993163,"GBP 24,700","MIRAFLORES , 230, Bella Vista, La Paz, Mexico",24.128002,-110.308818,3,3,1829.86548,House,jorge ivan ramirez ruelas,2026-07-07T15:17:09.803,https://files-api.properstar.com/api/v2/files/26665cfd-c231-47e0-9141-4d225281d9e9/1; https://files-api.properstar.com/api/v2/files/d9b6327d-44ce-430e-a9d7-33f28959ce9a/1; https://files-api.properstar.com/api/v2/files/2ea0794c-db64-408a-9cc6-93e249ac75f0/1; https://files-api.properstar.com/api/v2/files/719e397d-bd5f-4946-b916-94171acf4bd6/1; https://files-api.properstar.com/api/v2/files/35cdf892-d486-431d-95c2-5585e5267eab/1; https://files-api.properstar.com/api/v2/files/c67e9e2b-085a-4b95-b93b-0aeade8f1d05/1; https://files-api.properstar.com/api/v2/files/0f3109c2-fff9-46f4-b348-be3c7301521f/1; https://files-api.properstar.com/api/v2/files/3a37837a-a19a-4156-8a24-40f736139f79/1
117993433,"House at auction in Villas del Encanto, La Paz, Baja California Sur",https://www.properstar.co.uk/listing/117993433,"GBP 42,353","Villas Daniela, 320, Villas del Encanto, La Paz, Mexico",24.104126,-110.333304,3,2,12055.585,House,Grupo Yaxunuh,2026-07-07T15:17:09.803,https://files-api.properstar.com/api/v2/files/f32c7e7e-fe01-4745-90e1-d40eef15b3c3/1; https://files-api.properstar.com/api/v2/files/4d8333b7-36b2-4c1c-9b42-af587a59eeee/1; https://files-api.properstar.com/api/v2/files/da767ed0-99e3-4c36-91ff-1b16ba09d278/1; https://files-api.properstar.com/api/v2/files/69376985-fd19-4c24-a8da-41f45873ec15/1; https://files-api.properstar.com/api/v2/files/496789d1-52c1-470e-8fb9-d4ad20a09d55/1; https://files-api.properstar.com/api/v2/files/9997a4ea-73da-4d76-8077-86228db9a7ff/1; https://files-api.properstar.com/api/v2/files/2ba7b8de-d3e8-4c03-a2fe-b780442b2507/1; https://files-api.properstar.com/api/v2/files/bcc494ce-f411-4658-ac06-3e8caa9c7bbb/1; https://files-api.properstar.com/api/v2/files/dd9cdcf5-dbbe-4b6b-affd-9f771e495e4d/1; https://files-api.properstar.com/api/v2/files/fce6ce39-9840-405e-81e3-9e23cf64d534/1; https://files-api.properstar.com/api/v2/files/aa27c106-ecb2-4a24-ae6c-6be3e1df0a7d/1
117995916,"Villa for sale in La Cima Residencial, La Paz, Baja California Sur",https://www.properstar.co.uk/listing/117995916,"GBP 27,300","la cima , 303, La Cima Residencial, La Paz, Mexico",24.101486,-110.341412,3,2,1076.39148,House,Mariana Arzate Elizarde,2026-07-07T15:17:09.803,https://files-api.properstar.com/api/v2/files/2cbbf617-c12b-4417-a492-84a76dd9fb4c/1; https://files-api.properstar.com/api/v2/files/0443e0e9-711b-47c5-9526-aa8d2c78e5d0/1; https://files-api.properstar.com/api/v2/files/aa3587b8-f716-4724-9153-5f4eb9e13042/1; https://files-api.properstar.com/api/v2/files/6b949fc6-dc10-4eeb-bc19-37f49f5d53e0/1; https://files-api.properstar.com/api/v2/files/d7dd666d-7560-4cde-91dc-fc40ad5092ba/1; https://files-api.properstar.com/api/v2/files/a8802016-6298-4a03-8be9-92c85b34c7a8/1; https://files-api.properstar.com/api/v2/files/76890221-c2e2-49c8-8524-7b55e92519ed/1; https://files-api.properstar.com/api/v2/files/9c50d233-ec7e-42be-bb54-45e327c2f607/1; https://files-api.properstar.com/api/v2/files/b71ae924-c7ee-4908-a107-bdec94465faf/1; https://files-api.properstar.com/api/v2/files/3fa8e5dd-c71a-492d-8e9f-7250f75324b7/1
117988949,"House for sale in Pueblo Nuevo, La Paz, Baja California Sur",https://www.properstar.co.uk/listing/117988949,"GBP 21,277","JALISCO, 615, Pueblo Nuevo, La Paz, Mexico",24.140134,-110.324558,4,3,2152.783,House,Nataly Fermonzel,2026-07-07T15:17:09.803,https://files-api.properstar.com/api/v2/files/663dd4c0-06c8-4f64-8783-3f501411516b/1; https://files-api.properstar.com/api/v2/files/6e254971-867d-4006-94dc-5bf80127619b/1; https://files-api.properstar.com/api/v2/files/a70bc8a0-d8e8-482a-b673-1867c1f9006f/1; https://files-api.properstar.com/api/v2/files/82d9ed0e-aaca-44fa-b1f1-428066290d21/1; https://files-api.properstar.com/api/v2/files/66bd07bc-179d-483e-b871-7978d6d467ba/1; https://files-api.properstar.com/api/v2/files/fe399126-7543-4013-88cb-9f810a520f18/1; https://files-api.properstar.com/api/v2/files/1bbb5a56-d07d-48be-8c73-d57b39975119/1
118391835,"NEW HOUSE FOR SALE IN VEREDAS LA PAZ, TORREON COAHUILA",https://www.properstar.co.uk/listing/118391835,"GBP 30,983","Coahuila, Torreón, La Paz, La Paz, Mexico",24.142641,-110.312753,2,1,,House,ASESORES PROFESIONALES INMOBILIARIOS,2026-07-04T05:11:20.21,https://files-api.properstar.com/api/v2/files/d0b7bf0f-9d2e-4f3f-b05a-8991872c7fa0/1; https://files-api.properstar.com/api/v2/files/a4d3683a-d5d3-457a-a0da-8c3e9eabe1d7/1; https://files-api.properstar.com/api/v2/files/e73939fb-e415-4a34-a504-2a47edc2c86a/1; https://files-api.properstar.com/api/v2/files/3f4d0131-8301-48db-9f7f-1f9fcd96962d/1; https://files-api.properstar.com/api/v2/files/90090a23-f5c2-45a4-b97f-3f1ce026869a/1; https://files-api.properstar.com/api/v2/files/9ce2074b-3700-4106-a6f8-65b0a6fb02f5/1; https://files-api.properstar.com/api/v2/files/cb02ac97-7c3d-4137-beff-691401652871/1; https://files-api.properstar.com/api/v2/files/09a04e15-3f7c-4dbe-90d4-9fe6ed27d6fb/1; https://files-api.properstar.com/api/v2/files/682a9e39-5d17-4aaf-8ce3-1c0ea00af57e/1; https://files-api.properstar.com/api/v2/files/429e8906-f218-4d59-bbe4-aa7fd7a31958/1
118000522,"House for sale in Barrio El Manglito, La Paz, Baja California Sur",https://www.properstar.co.uk/listing/118000522,"GBP 61,078","MARIANO ABASOLO, 3310, Barrio El Manglito, La Paz, Mexico",24.146856,-110.329646,3,2,2690.97876,House,ALIANZA PATRIMONIAL,2026-07-05T22:15:32.5,https://files-api.properstar.com/api/v2/files/cb510b32-438e-448f-9db9-6575b346e86c/1; https://files-api.properstar.com/api/v2/files/da11a31a-7464-4c10-93f9-7ddedc413f88/1; https://files-api.properstar.com/api/v2/files/2a1e3086-9791-48a8-bd8d-f66a56dad286/1; https://files-api.properstar.com/api/v2/files/0c757d21-2ede-45d4-9c14-4f24b4b867dc/1; https://files-api.properstar.com/api/v2/files/61ab6289-7eaa-4acd-a569-37ae98179640/1; https://files-api.properstar.com/api/v2/files/cb747413-e455-4c2f-9be3-1028a1ef930f/1; https://files-api.properstar.com/api/v2/files/a11ecf09-5eb6-4fca-b255-dc994e4d49ac/1; https://files-api.properstar.com/api/v2/files/beb9887c-e03f-460c-8fcc-d848990a8157/1; https://files-api.properstar.com/api/v2/files/1eb5ea3e-8a19-45cd-badd-5c3bbbf886ae/1; https://files-api.properstar.com/api/v2/files/23b2d980-710a-43f4-b6a0-8c57a4637183/1; https://files-api.properstar.com/api/v2/files/a90b913a-f90e-4f77-9d43-dc5339b4307c/1; https://files-api.properstar.com/api/v2/files/ff8263e9-fd64-4518-9367-3ca0af2b8dd5/1; https://files-api.properstar.com/api/v2/files/102ebcdc-625e-4001-933d-dab24a26f4e4/1; https://files-api.properstar.com/api/v2/files/d3ed6ca8-60ae-4f8c-a9f4-d5be516b7ec8/1; https://files-api.properstar.com/api/v2/files/8cba0a43-5d0a-47c1-ba4d-fccb1eb49406/1; https://files-api.properstar.com/api/v2/files/603c6950-e49e-4365-acd6-013604659986/1
118352272,2 Bedroom Fully Furnished Apartment in The X Condos,https://www.properstar.co.uk/listing/118352272,"GBP 280,799","Calle Ignacio Manuel Altamirano 50, La Paz Centro, 23000 La Paz, BCS, México, La Paz, Mexico",24.155968,-110.315988,2,2,764.2379,Apartment,KW Baja,2026-07-03T02:54:24.98,https://files-api.properstar.com/api/v2/files/16c9620d-5050-44df-9255-aecc82ce52ba/1; https://files-api.properstar.com/api/v2/files/01bc3ffa-b8ac-4ce5-a95a-f8a8fb5d7440/1; https://files-api.properstar.com/api/v2/files/ac5913ad-c395-4b14-91b1-e57119d28fcb/1; https://files-api.properstar.com/api/v2/files/24bbd10f-c16a-4fb8-b47d-c4f2781d9d1c/1; https://files-api.properstar.com/api/v2/files/3b8018c0-cecc-443b-9b3e-4eadc3fdb32e/1; https://files-api.properstar.com/api/v2/files/ad66cf6c-34b7-4f27-a611-8ed7ba315468/1; https://files-api.properstar.com/api/v2/files/923ae9de-1b9e-4a82-aa86-94a0d8ae7661/1
118319992,HOUSE - LAND FOR INVESTMENT,https://www.properstar.co.uk/listing/118319992,"GBP 996,662","Ignacio Allende 570, La Paz, Mexico",24.155968,-110.315988,4,2,2906.257,House,JESUS,2026-07-02T03:27:49.963,https://files-api.properstar.com/api/v2/files/57908497-42eb-4c92-bf78-4488def0c585/1; https://files-api.properstar.com/api/v2/files/b749c139-e5de-4e82-a531-f76d155d2cbb/1; https://files-api.properstar.com/api/v2/files/e9de46b1-40ed-43c3-9834-f1f3b6a1049a/1; https://files-api.properstar.com/api/v2/files/d7343eb4-ab7b-47fd-adfb-2d0c52468685/1; https://files-api.properstar.com/api/v2/files/57b6bb5b-1f4f-4708-9d57-cda2d783a707/1; https://files-api.properstar.com/api/v2/files/1e0a75bf-2741-47b4-b3d0-b0cdfd6d3e2f/1; https://files-api.properstar.com/api/v2/files/f8aa3a08-4d64-45a4-af9d-bf3ca30a567f/1
117885444,"Apartment for sale in Fracc Club del Cortez, La Paz, Baja California Sur",https://www.properstar.co.uk/listing/117885444,"GBP 192,801","Club de Cortez, Fracc Club del Cortez, La Paz, Mexico",24.173969,-110.292344,3,2,1184.03064,Apartment,BIENES RAICES OMG.,2026-07-05T22:15:32.5,https://files-api.properstar.com/api/v2/files/7b77d25f-039f-49f6-898e-cfc623dcac39/1; https://files-api.properstar.com/api/v2/files/658cb7b9-e7da-49ed-abca-b64458d281fd/1; https://files-api.properstar.com/api/v2/files/56c3ce41-e5c7-47c9-a402-58ee01dff02c/1; https://files-api.properstar.com/api/v2/files/bda320db-b6ce-465c-82f9-2ae2ab5ece9a/1; https://files-api.properstar.com/api/v2/files/374fa171-e825-4797-b678-7eb8e94a3fdb/1; https://files-api.properstar.com/api/v2/files/c346d79f-1ac6-4f81-9e80-a7a10daf5ebd/1; https://files-api.properstar.com/api/v2/files/405f97a0-eb2f-4b22-b8e5-df47ac0d3f3b/1; https://files-api.properstar.com/api/v2/files/b1d21488-eca0-4d1d-a346-4352e0838b8e/1; https://files-api.properstar.com/api/v2/files/b3a6b7d4-a09e-47d5-ab3f-0452f7307252/1; https://files-api.properstar.com/api/v2/files/74b58658-79f9-4589-ba5b-a9a97bbee2af/1; https://files-api.properstar.com/api/v2/files/4ed42074-2fa3-477e-b2a7-adbb2b6341a3/1; https://files-api.properstar.com/api/v2/files/8a3d0a93-fcb0-4308-a0f9-768cca362cd6/1; https://files-api.properstar.com/api/v2/files/e726d316-43cd-4b4d-89b9-8f7a40e1f2f0/1; https://files-api.properstar.com/api/v2/files/3138a4c7-599b-44c6-bb5a-210d2630c782/1; https://files-api.properstar.com/api/v2/files/e0d3b4a6-9d79-4efc-ae8c-bdf7ebe62586/1; https://files-api.properstar.com/api/v2/files/0e36097c-2a85-4cbc-b781-622bcf79fe56/1; https://files-api.properstar.com/api/v2/files/1dfdd300-6942-4973-9ee8-08da08d63983/1; https://files-api.properstar.com/api/v2/files/757da03f-62b7-4085-8d42-de4b29984103/1; https://files-api.properstar.com/api/v2/files/3cab6b1b-a8dd-4784-952e-abb7ad71ef31/1; https://files-api.properstar.com/api/v2/files/69bb7b31-ee6f-4038-83d0-958bc5f9ddbb/1; https://files-api.properstar.com/api/v2/files/a003639e-f2f0-495c-ac6c-02cd2f39b6fc/1; https://files-api.properstar.com/api/v2/files/c45e6860-09a5-45b3-a4c1-23b051897945/1
117947261,"House for sale in La Fuente, La Paz, Baja California Sur",https://www.properstar.co.uk/listing/117947261,"GBP 13,000","Del Huerto, 30, La Fuente, La Paz, Mexico",24.06718,-110.294138,3,1,968.7523,House,GACAVA INMOBILIARIA,2026-07-05T22:15:32.5,https://files-api.properstar.com/api/v2/files/19adbe1b-a9f5-4930-b85d-f8d4846f8ec1/1; https://files-api.properstar.com/api/v2/files/2c537b41-42f1-4118-b151-b45f299a9efb/1; https://files-api.properstar.com/api/v2/files/9c810c6e-0f30-4ecd-8b8f-e83adc436c0b/1; https://files-api.properstar.com/api/v2/files/dcddfcf4-99e1-4e73-a5eb-77efec7df936/1; https://files-api.properstar.com/api/v2/files/d3134070-3cc4-4852-9dab-a2133e5c1bbb/1; https://files-api.properstar.com/api/v2/files/b8d42486-4941-4cc7-849c-0813000dea14/1; https://files-api.properstar.com/api/v2/files/36ea3103-b35c-4034-ba5d-24686529fb19/1; https://files-api.properstar.com/api/v2/files/b1f66de2-cb94-4e39-bb9e-9dea1a13e072/1; https://files-api.properstar.com/api/v2/files/d2510bec-b385-45d4-b768-7376d6067d03/1; https://files-api.properstar.com/api/v2/files/363aa646-16d1-413f-8e89-df340168c42a/1; https://files-api.properstar.com/api/v2/files/fe00ed31-2024-4320-9156-414211539d15/1; https://files-api.properstar.com/api/v2/files/3514d2a2-dcc7-4257-88c8-530f6a6a04b5/1; https://files-api.properstar.com/api/v2/files/6a1684c1-2cfe-43b4-9dd2-a36c15e0a918/1; https://files-api.properstar.com/api/v2/files/84d814e2-0a48-4b6d-b712-bcb615e855e6/1; https://files-api.properstar.com/api/v2/files/a3056153-ccf8-4cd8-b8e4-e104340504ac/1; https://files-api.properstar.com/api/v2/files/8b7d3396-00a1-4a8b-a5e1-67dbd8fe32c5/1; https://files-api.properstar.com/api/v2/files/95bdf212-5f02-491d-a9ab-d182b2318024/1
118254324,Luxury Residence with Private Pool and Ocean View | Terra Pedregal La Paz,https://www.properstar.co.uk/listing/118254324,"GBP 974,996","Restaurant la Pergola, Carretera La Paz-Pichilingue, La Paz, BCS, México, La Paz, Mexico",24.142641,-110.312753,3,4,3141.44849,Villa,KW Central Qro,2026-06-30T02:54:41.48,https://files-api.properstar.com/api/v2/files/8e5e233b-4de8-44f7-a1ed-9d6fd0a63374/1; https://files-api.properstar.com/api/v2/files/54fe4543-0d2c-4f73-b904-440a106960bd/1; https://files-api.properstar.com/api/v2/files/ce967f8a-2db7-443e-b3e8-eb62835675b6/1; https://files-api.properstar.com/api/v2/files/fffa33ca-4e56-46d6-96f1-34e44fc20800/1; https://files-api.properstar.com/api/v2/files/1749abd3-8e5e-420d-a75b-532a3256f19e/1; https://files-api.properstar.com/api/v2/files/6d45f2cc-fb96-474b-873b-5b9f42fd97be/1; https://files-api.properstar.com/api/v2/files/adea84e1-7419-4e98-9aa4-92959b29c47c/1; https://files-api.properstar.com/api/v2/files/ae18233f-bcf5-4772-ab9d-747980d614f9/1; https://files-api.properstar.com/api/v2/files/41764262-54bb-4620-b917-3321f0485bb8/1; https://files-api.properstar.com/api/v2/files/428e18c0-d0ec-4269-b78a-0d55c440e41a/1; https://files-api.properstar.com/api/v2/files/70066f3a-bb3b-4f33-b04c-22b238f1c374/1; https://files-api.properstar.com/api/v2/files/9c9ba3a7-3b0f-419e-ab61-df1241889986/1; https://files-api.properstar.com/api/v2/files/31b317a2-e534-4437-90d2-77f58c87d622/1; https://files-api.properstar.com/api/v2/files/ad0aae33-a6b1-4f9a-a807-26fb47e74ef4/1; https://files-api.properstar.com/api/v2/files/fcf189ac-a3b0-4c3a-ab34-acb809e6df52/1
117939393,"House for sale in Villas del Encanto, La Paz, Baja California Sur",https://www.properstar.co.uk/listing/117939393,"GBP 25,783","VILLA FLORES, Villas del Encanto, La Paz, Mexico",24.104352,-110.331686,4,3,3121.5354,House,ADMINISTRADORES DE ACTIVOS INMOBILIARIOS,2026-07-05T22:15:32.5,https://files-api.properstar.com/api/v2/files/2e38fe0b-dff3-41de-b517-151651b3bfb9/1; https://files-api.properstar.com/api/v2/files/499ccd0d-fd41-4eff-826d-1844f2025b05/1; https://files-api.properstar.com/api/v2/files/44d8fea2-ad5e-4167-93cc-f01b876ec921/1; https://files-api.properstar.com/api/v2/files/2fb1d621-c273-4f4d-8ecf-aa135d1d51d8/1; https://files-api.properstar.com/api/v2/files/ff3509b0-2de7-44ab-979d-8275ab29cdec/1; https://files-api.properstar.com/api/v2/files/4be805d8-65d7-4401-b168-367311ecf1b6/1; https://files-api.properstar.com/api/v2/files/f05c2932-704b-4580-a405-48a33b324db3/1; https://files-api.properstar.com/api/v2/files/69328985-ba50-42fe-adcc-6e543a3780a1/1; https://files-api.properstar.com/api/v2/files/e55bb160-ec9a-4372-b275-80d21ab09026/1; https://files-api.properstar.com/api/v2/files/a37a2997-cf0e-449d-9e39-810fa995fda1/1
118001109,"House for sale in El Camino Real, La Paz, Baja California Sur",https://www.properstar.co.uk/listing/118001109,"GBP 21,883","del arriero, 279, El Camino Real, La Paz, Mexico",24.055907,-110.295247,2,1,796.5297,House,ALIANZA PATRIMONIAL,2026-07-05T22:15:32.5,https://files-api.properstar.com/api/v2/files/2dbdbf47-e314-470a-ad4e-a2af51f0e99e/1; https://files-api.properstar.com/api/v2/files/d1b0949f-5f89-4d85-bed4-6bb719ebc861/1; https://files-api.properstar.com/api/v2/files/6d544178-a989-4917-b21e-e0ec14f3eb73/1; https://files-api.properstar.com/api/v2/files/246acc25-d791-41df-83e3-b873f75fe0bb/1; https://files-api.properstar.com/api/v2/files/95a78839-5caa-49f3-8468-2decd54ea364/1; https://files-api.properstar.com/api/v2/files/cb1b0b36-b65b-48f1-9e64-247ba0d16ab9/1; https://files-api.properstar.com/api/v2/files/87886930-0d17-48a5-879e-ae0ffd7da898/1; https://files-api.properstar.com/api/v2/files/bba9731a-b668-404d-8964-43b652a274c5/1; https://files-api.properstar.com/api/v2/files/c5b953d3-7bdd-43ee-bb8c-09221546a9fd/1; https://files-api.properstar.com/api/v2/files/39d7eba8-139c-459e-93d1-548119940575/1; https://files-api.properstar.com/api/v2/files/4dbe85ad-a343-490e-a73f-e4fa640116ee/1; https://files-api.properstar.com/api/v2/files/09d5c99d-f463-4764-ba1d-9649966603d3/1; https://files-api.properstar.com/api/v2/files/5a542cde-91fd-45f3-9e58-ca6db959c802/1; https://files-api.properstar.com/api/v2/files/e12fa6d3-f1c1-4055-975e-61045595a1ae/1; https://files-api.properstar.com/api/v2/files/abc9438c-c214-4975-96f4-daef69cba5ab/1; https://files-api.properstar.com/api/v2/files/4d15f702-7bf4-4e6b-bbc2-c2ddd882e138/1; https://files-api.properstar.com/api/v2/files/d46f590a-e9f9-42d0-8a87-97154b2860e4/1; https://files-api.properstar.com/api/v2/files/fdb735fb-9708-4b0e-87e2-d8c15962f899/1
118008738,"House for sale in Villas del Encanto, La Paz, Baja California Sur",https://www.properstar.co.uk/listing/118008738,"GBP 70,200","Villas del Encanto, La Paz, Mexico",24.112148,-110.314498,3,2,1291.6698,House,AXMAT AND MAISON,2026-07-05T22:15:32.5,https://files-api.properstar.com/api/v2/files/dc4f9302-696a-4d3f-98f3-0d13a9b17b0f/1; https://files-api.properstar.com/api/v2/files/73908cca-0f87-489b-b878-d7a91265b180/1; https://files-api.properstar.com/api/v2/files/17587fa7-615b-4f08-9bc3-190b7f448362/1; https://files-api.properstar.com/api/v2/files/463af907-0bbd-4b6a-a36f-e708b6078a88/1; https://files-api.properstar.com/api/v2/files/4645087d-8406-49c2-8ca6-e57bb4d912e0/1; https://files-api.properstar.com/api/v2/files/bf58d09d-8555-4e74-b923-6557278a6bf3/1; https://files-api.properstar.com/api/v2/files/0207cd62-1f27-4e15-9e37-567d5f68d44e/1; https://files-api.properstar.com/api/v2/files/75877c54-8460-4877-8e34-aa17cdde262a/1; https://files-api.properstar.com/api/v2/files/30d6e085-f2bf-4fae-a59b-0ddc23817a43/1; https://files-api.properstar.com/api/v2/files/3d7e1b55-b563-4bc8-a9ff-a844722f1fc7/1; https://files-api.properstar.com/api/v2/files/fe059260-a217-47a2-9b2e-8690dc7622a1/1; https://files-api.properstar.com/api/v2/files/e8cbd4c1-efce-4aa2-ac35-be07fae28eb8/1; https://files-api.properstar.com/api/v2/files/21abc6e3-f36f-4bb8-901a-6f40b13f12ec/1; https://files-api.properstar.com/api/v2/files/eebb0357-f58a-4ad4-bc12-9b72f53110e1/1
117947258,"House for sale in Valle del Mezquite, La Paz, Baja California Sur",https://www.properstar.co.uk/listing/117947258,"GBP 37,700","Del Estribo, 396, Valle del Mezquite, La Paz, Mexico",24.058923,-110.292745,3,2,914.9327,House,GACAVA INMOBILIARIA,2026-07-05T22:15:32.5,https://files-api.properstar.com/api/v2/files/bdc979c4-5b47-4515-9443-ffdd91de97e7/1; https://files-api.properstar.com/api/v2/files/cb41de76-7f58-4633-9023-670153a0a9a7/1; https://files-api.properstar.com/api/v2/files/9e26c84c-1818-4eca-b5b8-7de07d021e31/1; https://files-api.properstar.com/api/v2/files/eeca71c1-a448-439c-bccd-c321d72fa6c9/1; https://files-api.properstar.com/api/v2/files/9237f706-8e44-473e-abde-7b29282902a2/1; https://files-api.properstar.com/api/v2/files/f93369a6-fcc9-44c8-837c-f6e1df662f8d/1; https://files-api.properstar.com/api/v2/files/a321c619-2263-402d-974f-7cfa3fdac9f1/1; https://files-api.properstar.com/api/v2/files/c7a7220d-c220-4b73-b865-ef9d4db1090d/1; https://files-api.properstar.com/api/v2/files/37c76443-4eb6-47a9-b857-f6674acdd55a/1; https://files-api.properstar.com/api/v2/files/4e1ff2b5-120d-4717-b820-7e5d7e821530/1; https://files-api.properstar.com/api/v2/files/95609a7b-5b44-440a-a48d-2d4055cbf07f/1; https://files-api.properstar.com/api/v2/files/2a00634c-59b8-4393-8b65-eb5b105a6557/1; https://files-api.properstar.com/api/v2/files/bc49576e-46f7-47ee-b5a0-199c3088b1af/1; https://files-api.properstar.com/api/v2/files/3a0df545-2065-4a1d-b918-4da231a0b3bc/1; https://files-api.properstar.com/api/v2/files/b2b23337-913c-4168-83aa-f1d08bf304b6/1; https://files-api.properstar.com/api/v2/files/266e043a-19ec-4a58-baf3-69fff3cf4d70/1; https://files-api.properstar.com/api/v2/files/ad7b889b-2d33-4c86-b11f-e56602d3dfb2/1; https://files-api.properstar.com/api/v2/files/ec90ec3c-3b57-4453-84dc-fe3ab7e95af9/1; https://files-api.properstar.com/api/v2/files/3d0963ac-f2d8-415f-9bcf-bf86c8fd3d3a/1; https://files-api.properstar.com/api/v2/files/3c67dac1-4e5a-4317-93e1-b0224f2541f2/1
117948828,"House for sale in Paraiso del Sol, La Paz, Baja California Sur",https://www.properstar.co.uk/listing/117948828,"GBP 14,733","Bahía de Santa Elena, 333, Paraíso del Sol, La Paz, Mexico",24.090211,-110.332575,3,2,1560.76758,House,GACAVA INMOBILIARIA,2026-07-05T22:15:32.5,https://files-api.properstar.com/api/v2/files/f23df1a5-8146-4127-89c2-9fe5cd198ffa/1; https://files-api.properstar.com/api/v2/files/b7c6c59f-7e2a-4e7b-b9fd-79678b742805/1; https://files-api.properstar.com/api/v2/files/35d5fbdf-6499-4350-8a96-fcd77e41582e/1; https://files-api.properstar.com/api/v2/files/93897963-32fd-4e34-bb65-bb98b155cc81/1; https://files-api.properstar.com/api/v2/files/6ceedbb1-8c26-40d5-978e-f941d510ed89/1; https://files-api.properstar.com/api/v2/files/638805f4-6315-44c2-bd00-d4d07c70c2d5/1; https://files-api.properstar.com/api/v2/files/55adb826-dd58-4d9d-8e6c-f07b3e598bf9/1; https://files-api.properstar.com/api/v2/files/3fe6bcd8-e2f1-4a36-8f12-f0b0a98ac191/1; https://files-api.properstar.com/api/v2/files/16f9cd0d-740b-4d45-a168-4467d3ef13fc/1; https://files-api.properstar.com/api/v2/files/76055295-83eb-4e58-b046-75848c7d8b7e/1; https://files-api.properstar.com/api/v2/files/98b27158-3e43-4259-afee-8be80a1b986c/1; https://files-api.properstar.com/api/v2/files/5fcb9e64-6924-49ad-a621-022ab81736b2/1; https://files-api.properstar.com/api/v2/files/1196196d-6e2b-4842-ad0e-a668a2cd2133/1; https://files-api.properstar.com/api/v2/files/f11c9aa2-ab27-4fae-be1f-2d4536c7864f/1; https://files-api.properstar.com/api/v2/files/d3311f00-2b14-49b0-a172-a930393ff876/1; https://files-api.properstar.com/api/v2/files/482c19b9-81f9-4c23-bb68-bea91e9a5c28/1; https://files-api.properstar.com/api/v2/files/2932f7bf-9778-41d2-8633-938907f827c1/1; https://files-api.properstar.com/api/v2/files/2974b2ed-1dc5-4a35-972c-d6c0cbe1295d/1; https://files-api.properstar.com/api/v2/files/d1ffeac0-9443-4817-b1ed-9018b4475411/1; https://files-api.properstar.com/api/v2/files/8a038b4c-07c4-473b-b0db-031f1a67790c/1
117948842,"House for sale in Coromuel, La Paz, Baja California Sur",https://www.properstar.co.uk/listing/117948842,"GBP 16,467","Opalina, 2729, Coromuel, La Paz, Mexico",24.106586,-110.317552,3,1,1184.03064,House,GACAVA INMOBILIARIA,2026-07-05T22:15:32.5,https://files-api.properstar.com/api/v2/files/174a1192-4347-41c5-8e9c-d53b529e9b79/1; https://files-api.properstar.com/api/v2/files/44259bc0-f416-416d-82a7-1e990c4d620c/1; https://files-api.properstar.com/api/v2/files/e259d49f-8349-497c-86bd-012633264f8b/1; https://files-api.properstar.com/api/v2/files/8710d7e7-39c0-4d43-a6f9-7962002ff47d/1; https://files-api.properstar.com/api/v2/files/31a70189-0ed0-4507-bc64-08185d10a3ec/1; https://files-api.properstar.com/api/v2/files/71070e34-9cca-416d-93e6-dad3759b89f5/1; https://files-api.properstar.com/api/v2/files/d7a1ee3f-a5a1-4cd4-95ff-6d0e47f8914e/1; https://files-api.properstar.com/api/v2/files/f2279f5e-6acd-4950-8313-de6bc48f270a/1; https://files-api.properstar.com/api/v2/files/b59bf9ca-2a6b-437a-afa9-3130e11d44de/1; https://files-api.properstar.com/api/v2/files/9ae30f38-dbf2-41f6-b895-4aa2314ed8d2/1; https://files-api.properstar.com/api/v2/files/7736fe32-4a57-41d1-ac7e-ea139bfa6f75/1; https://files-api.properstar.com/api/v2/files/39f9f521-8015-4112-8009-173ab27aeecf/1; https://files-api.properstar.com/api/v2/files/855f3856-dd11-4a8b-a355-1e0f90204b3a/1; https://files-api.properstar.com/api/v2/files/649ff1d5-3666-4ff2-8a87-5fa2c0d73304/1; https://files-api.properstar.com/api/v2/files/3c628be2-dd0d-4c72-b372-644a663f7611/1; https://files-api.properstar.com/api/v2/files/50eeed9d-941c-42de-819a-cff7fb9a407d/1
117927005,"House for sale in Bella Vista, La Paz, Baja California Sur",https://www.properstar.co.uk/listing/117927005,"GBP 22,317","San Antonio, Bella Vista, La Paz, Mexico",24.127408,-110.308813,5,2,4467.02441,House,Recuperaciones Bancarias,2026-07-05T22:15:32.5,https://files-api.properstar.com/api/v2/files/9b0b2dd4-f69b-4be6-b239-d8b080fac8a7/1; https://files-api.properstar.com/api/v2/files/36a66760-66e6-48e2-b49d-2bffabc65122/1; https://files-api.properstar.com/api/v2/files/1a0ea48e-3786-4461-b9a4-2ab3f9598c7a/1; https://files-api.properstar.com/api/v2/files/d880b977-cda0-4678-b30e-e38133686206/1; https://files-api.properstar.com/api/v2/files/81396f6b-a838-446d-8058-bf1a706a3519/1; https://files-api.properstar.com/api/v2/files/c55d3cf8-17a4-4e4f-a6e5-1f705bc82f97/1; https://files-api.properstar.com/api/v2/files/f82e83fd-336b-4eda-a3ae-4b714409b844/1; https://files-api.properstar.com/api/v2/files/87596b57-efec-4853-a154-a4d0f6056864/1; https://files-api.properstar.com/api/v2/files/5ed04937-18d0-44a9-b045-0fcf62f37144/1; https://files-api.properstar.com/api/v2/files/84de0259-6504-402c-92c1-075322a8440f/1; https://files-api.properstar.com/api/v2/files/c5598e9b-fcf1-43eb-a3e7-bdd9683f0660/1; https://files-api.properstar.com/api/v2/files/d7489b88-3fff-4dd4-9181-bfa580ad8ae4/1
117946757,"Apartment for sale in Reforma, La Paz, Baja California Sur",https://www.properstar.co.uk/listing/117946757,"GBP 56,333","Brecha California, Reforma, 201, Reforma, La Paz, Mexico",24.17164,-110.289924,2,2,1184.03064,Apartment,GACAVA INMOBILIARIA,2026-07-05T22:15:32.5,https://files-api.properstar.com/api/v2/files/43ac3c5a-a91d-48bd-ba14-87c8f38b69f9/1; https://files-api.properstar.com/api/v2/files/e22a472b-5661-47ef-8012-3b5ba53589c1/1; https://files-api.properstar.com/api/v2/files/50e9bc58-3220-49b7-9a07-658f01686077/1; https://files-api.properstar.com/api/v2/files/70f829da-0a9c-4474-8c5e-e821137290ef/1; https://files-api.properstar.com/api/v2/files/717eb250-d79c-43c6-a658-dcd67804f1ba/1; https://files-api.properstar.com/api/v2/files/1c572f37-985e-4360-a829-045e42fd51d2/1; https://files-api.properstar.com/api/v2/files/7b029407-e215-431a-a29d-f0a33862eb1d/1; https://files-api.properstar.com/api/v2/files/83702cfb-84c6-436b-a570-b1c197a7d278/1; https://files-api.properstar.com/api/v2/files/1362c4e2-f1a4-4774-9de3-b87a695e797e/1; https://files-api.properstar.com/api/v2/files/ba8c2075-2cbd-49eb-bf06-d473d2dd410b/1; https://files-api.properstar.com/api/v2/files/3ca7d9fd-57f6-4986-8ff3-ca8fad48f080/1; https://files-api.properstar.com/api/v2/files/3929d1a3-1744-4a2c-9c48-5f17d062a5f2/1; https://files-api.properstar.com/api/v2/files/328e722d-b830-4b88-a6d4-6c083a8b20ca/1; https://files-api.properstar.com/api/v2/files/204a7104-4473-4717-9d95-750267d9fe55/1; https://files-api.properstar.com/api/v2/files/c55ca35a-3dff-4239-9271-c38c4d5b8528/1; https://files-api.properstar.com/api/v2/files/4dc11287-b713-4477-923a-bed63331afdb/1; https://files-api.properstar.com/api/v2/files/642c64bb-9b12-4146-8ae5-c38db8c9ba74/1; https://files-api.properstar.com/api/v2/files/708709bc-835d-4729-8665-fbd3ebb14c25/1; https://files-api.properstar.com/api/v2/files/b19bf917-e82f-4333-b0df-b701b9182ddf/1; https://files-api.properstar.com/api/v2/files/ec90efce-03ae-401b-b9de-c0b2f29608f2/1; https://files-api.properstar.com/api/v2/files/81f90e7f-c503-43df-b3c5-31861b662eb9/1; https://files-api.properstar.com/api/v2/files/4342e203-efb2-4744-87fb-673e2e7623f0/1; https://files-api.properstar.com/api/v2/files/712f0fe1-acfd-4ba6-918c-5e7b5f299f7f/1; https://files-api.properstar.com/api/v2/files/7248bada-ea6d-45c6-961a-e74da9f7cc0c/1; https://files-api.properstar.com/api/v2/files/372c26ec-99d3-4da1-b40d-9a2cca8cdb82/1
118009121,"House for sale in Villas del Encanto, La Paz, Baja California Sur",https://www.properstar.co.uk/listing/118009121,"GBP 70,200","Villas del Encanto, La Paz, Mexico",24.112148,-110.314498,3,2,1291.6698,House,AXMAT AND MAISON,2026-07-05T22:15:32.5,https://files-api.properstar.com/api/v2/files/b291afb1-2c36-458d-b9bc-4e2a118d0473/1; https://files-api.properstar.com/api/v2/files/1bde8e51-5363-447d-8cda-28e4f05563de/1; https://files-api.properstar.com/api/v2/files/c3253d1f-bdb4-43d9-98f9-dee08d630172/1; https://files-api.properstar.com/api/v2/files/89cc5347-6636-4cbc-8268-b77a8d046354/1; https://files-api.properstar.com/api/v2/files/a29d7c3e-467c-4dce-b83c-a338273b3a9b/1; https://files-api.properstar.com/api/v2/files/a446be91-0497-410c-a3f1-677be2d267e2/1; https://files-api.properstar.com/api/v2/files/d3151422-dcc6-46ce-9ffb-5a2a05822808/1; https://files-api.properstar.com/api/v2/files/6b334b8d-c8d6-4e2a-9c0a-ec6ba903f54a/1; https://files-api.properstar.com/api/v2/files/02a8139c-456a-4d52-8735-d4faefb0cbcd/1; https://files-api.properstar.com/api/v2/files/603f83bb-ccbf-4559-96ae-48c3a1253f7e/1; https://files-api.properstar.com/api/v2/files/c8d96c8d-292b-469f-ad44-ada0f6cc732d/1; https://files-api.properstar.com/api/v2/files/ef075c5e-2e37-4220-930d-9a4029023737/1; https://files-api.properstar.com/api/v2/files/1a35e704-6e19-4c50-8c3d-b8853bfbe59b/1; https://files-api.properstar.com/api/v2/files/4472b3f4-5234-43b1-8c26-63046cc0075b/1
117951614,"Apartment for sale in Pedregal de la Paz, La Paz, Baja California Sur",https://www.properstar.co.uk/listing/117951614,"GBP 39,000","camino del marmol, 404, Pedregal de la Paz, La Paz, Mexico",24.203435,-110.297391,3,2,1754.51807,Apartment,GACAVA INMOBILIARIA,2026-07-05T22:15:32.5,https://files-api.properstar.com/api/v2/files/23caf030-7777-4e2f-a9a1-80e8f3943b61/1; https://files-api.properstar.com/api/v2/files/0522e5a0-42d9-4bd1-8f96-759f25a3891f/1; https://files-api.properstar.com/api/v2/files/d818393e-1dd3-4c65-b9a7-ec9bc8887963/1; https://files-api.properstar.com/api/v2/files/99e901c5-c2d8-4a69-99d3-88966138c36a/1; https://files-api.properstar.com/api/v2/files/28b531ca-f159-4d68-bcd6-b7151f02dfeb/1; https://files-api.properstar.com/api/v2/files/d64f6096-4321-4611-9d22-22877e2c2229/1; https://files-api.properstar.com/api/v2/files/18b20611-d84d-4c03-96cf-75d2fd27984e/1; https://files-api.properstar.com/api/v2/files/932e990c-3f01-47a0-97d8-38c31a0cb393/1; https://files-api.properstar.com/api/v2/files/f23760a1-0084-415b-af1f-d831b5866dc1/1; https://files-api.properstar.com/api/v2/files/e4d28ccf-fae4-4a78-b0e0-fb8e0b99b345/1; https://files-api.properstar.com/api/v2/files/99eb02e7-1b5b-4e01-97d7-34a8097811e6/1; https://files-api.properstar.com/api/v2/files/0df42203-de2e-4668-8dd3-96cc62e5f1d8/1; https://files-api.properstar.com/api/v2/files/2cfab558-88d5-44c6-bb5c-a1d181f1b9b5/1; https://files-api.properstar.com/api/v2/files/42ef5242-6858-4ad3-bd0b-853b3d8a4238/1; https://files-api.properstar.com/api/v2/files/c9bb3021-3161-4525-880f-630c39501049/1; https://files-api.properstar.com/api/v2/files/745b4875-f12a-47ef-a88a-58eb8589187e/1; https://files-api.properstar.com/api/v2/files/9f650c44-06f4-4e1f-8705-d7d96188dab9/1; https://files-api.properstar.com/api/v2/files/0820f820-477b-4d91-895b-d13ccab82387/1; https://files-api.properstar.com/api/v2/files/f8547f13-7348-4a0d-92c6-ace0bac38690/1; https://files-api.properstar.com/api/v2/files/5fd2f945-1a50-43ab-8230-1db6e4f771b9/1; https://files-api.properstar.com/api/v2/files/8c76630c-492e-416c-8575-da28d4acb7fe/1; https://files-api.properstar.com/api/v2/files/8e74fc5e-4f3b-49e9-9172-a72af2f4ef2c/1; https://files-api.properstar.com/api/v2/files/93c7d353-9d76-467e-8d8f-f48ad0604c7b/1; https://files-api.properstar.com/api/v2/files/d2e1b49d-4bdf-4e53-8c30-2b5979ff1fd5/1; https://files-api.properstar.com/api/v2/files/636038e6-cafa-4f2c-9d21-db947c2577c8/1; https://files-api.properstar.com/api/v2/files/39ae4779-7f58-4030-b04c-ac9c04698c30/1; https://files-api.properstar.com/api/v2/files/59c4abd8-cd6e-4d38-ada9-09ab14b2621a/1; https://files-api.properstar.com/api/v2/files/accf9ce0-addf-408b-b0ca-256121d86b3d/1; https://files-api.properstar.com/api/v2/files/c56912f4-cfe6-41c1-be75-7967f38c184d/1; https://files-api.properstar.com/api/v2/files/64cd36c0-085c-4f82-8fdb-40a1ab8f3492/1
117936096,"House for sale in Sector La Selva Fidepaz, La Paz, Baja California Sur",https://www.properstar.co.uk/listing/117936096,"GBP 33,150","DE LA MANTARRAYA, Sector La Selva Fidepaz, La Paz, Mexico",24.128528,-110.337773,5,5,4574.66357,House,ADMINISTRADORES DE ACTIVOS INMOBILIARIOS,2026-07-05T22:15:32.5,https://files-api.properstar.com/api/v2/files/37d8e6b9-cbd0-478b-9319-ce243f5adcb9/1; https://files-api.properstar.com/api/v2/files/8d69afd7-ebe2-4516-926c-314dc5e8e8a0/1; https://files-api.properstar.com/api/v2/files/d4e8f7ef-1a47-4052-b024-8574a80440d0/1; https://files-api.properstar.com/api/v2/files/fa779165-2f8e-4dda-89c9-5e538d3e93eb/1; https://files-api.properstar.com/api/v2/files/9a0f76f7-b74a-4e08-974e-5dc1e907bf0d/1; https://files-api.properstar.com/api/v2/files/d7601734-b3c5-4f0b-924e-0e2f0d1c6348/1; https://files-api.properstar.com/api/v2/files/1374c26d-ec0a-4198-ade2-82d7f05e5310/1; https://files-api.properstar.com/api/v2/files/0a18c69c-3a07-4733-97cc-fa07d54715ef/1; https://files-api.properstar.com/api/v2/files/080dc5f5-1217-498c-9961-fd0ca73c6a8d/1; https://files-api.properstar.com/api/v2/files/953bfab2-616d-4406-9ddf-3836b6056616/1
117925706,"House for sale in Bella Vista, La Paz, Baja California Sur",https://www.properstar.co.uk/listing/117925706,"GBP 27,517","Miraflores, Bella Vista, La Paz, Mexico",24.128056,-110.30603,5,3,2314.2417,House,Recuperaciones Bancarias,2026-07-05T22:15:32.5,https://files-api.properstar.com/api/v2/files/405577a3-57b5-44f2-add5-a084e57004b9/1; https://files-api.properstar.com/api/v2/files/8c4ace54-2d89-4073-9203-6553c93ff39d/1; https://files-api.properstar.com/api/v2/files/f7555df2-da04-4893-a1e0-80b1ec471757/1; https://files-api.properstar.com/api/v2/files/0b7b0f6a-017a-4b76-942a-bbd28c1b6b17/1; https://files-api.properstar.com/api/v2/files/9e51d16b-7f0f-41fa-9fe5-6703346d06a1/1; https://files-api.properstar.com/api/v2/files/884b1ec0-b48b-4630-becb-977dbcb59b92/1; https://files-api.properstar.com/api/v2/files/57ff73e2-4f44-4299-87e1-a873acaa8d0a/1; https://files-api.properstar.com/api/v2/files/524e82ef-a380-4d1a-becf-cb7c8fd53dd2/1; https://files-api.properstar.com/api/v2/files/5132389c-48c0-4544-8d79-d75a70bbb923/1; https://files-api.properstar.com/api/v2/files/eb992317-fa7f-479b-b02a-f10336e0d01c/1; https://files-api.properstar.com/api/v2/files/9fa8fa38-9c42-4296-ad4e-e5c3db88b0e7/1; https://files-api.properstar.com/api/v2/files/73b5bc00-e013-4ed3-be39-11def72bf903/1
118018069,"House at auction in La Sirena, La Paz, Baja California Sur",https://www.properstar.co.uk/listing/118018069,"GBP 101,408","DE LA MANTARRAYA, 135, La Sirena, La Paz, Mexico",24.13245,-110.333302,4,3,2443.40869,House,Celec Property Group,2026-07-05T22:15:32.5,https://files-api.properstar.com/api/v2/files/3278d587-df6b-4c1e-b6d1-dc1add6f6e9e/1; https://files-api.properstar.com/api/v2/files/cc44b06c-667d-4386-9bd9-afebb3b53009/1; https://files-api.properstar.com/api/v2/files/1fe2796c-11d2-4f62-9935-acaceec66094/1; https://files-api.properstar.com/api/v2/files/0d251902-5cd4-4271-acd4-f017ae6ab133/1; https://files-api.properstar.com/api/v2/files/a8210f3c-e480-48a5-aa83-76cbe343c865/1; https://files-api.properstar.com/api/v2/files/30bb69a7-0c54-48bf-a20f-8f36d6dd6aa2/1; https://files-api.properstar.com/api/v2/files/b86ca2d9-459e-4973-b557-c69a7a75d8dd/1; https://files-api.properstar.com/api/v2/files/1ee586d0-44f0-4b82-9a53-2614adbf6787/1; https://files-api.properstar.com/api/v2/files/c3ceacfc-ac76-4383-b05b-4be151dc3e82/1; https://files-api.properstar.com/api/v2/files/be9212a7-c9ae-4d42-9fef-f1cc1c270d34/1; https://files-api.properstar.com/api/v2/files/62e7390c-ce8f-4910-ad06-0586041586db/1; https://files-api.properstar.com/api/v2/files/b5ea8f04-0b17-4961-accf-e4d242e5135f/1; https://files-api.properstar.com/api/v2/files/f98f5826-8626-4388-a1a0-832c76306373/1; https://files-api.properstar.com/api/v2/files/c0397770-5575-43ac-9c8b-2c6abab011f9/1; https://files-api.properstar.com/api/v2/files/e8b759fb-8ee3-4185-9688-4114feccc21d/1; https://files-api.properstar.com/api/v2/files/731ef2a1-7f55-441b-8feb-7efb2ae1d443/1; https://files-api.properstar.com/api/v2/files/cec7b00e-b8ea-415e-99e3-6cb04fbd7b0b/1; https://files-api.properstar.com/api/v2/files/7d5cf3b1-8efd-49df-b3b2-b2f1484f1ef7/1; https://files-api.properstar.com/api/v2/files/9ca25fb7-d0ee-43a8-b594-2de770622444/1; https://files-api.properstar.com/api/v2/files/1731db13-9af5-4392-ab92-b8ee5fbf5af7/1; https://files-api.properstar.com/api/v2/files/204ea592-d41c-495e-a073-b6ccb085b6bc/1; https://files-api.properstar.com/api/v2/files/8e6e1e72-088f-4218-be7f-1bd2b011781a/1; https://files-api.properstar.com/api/v2/files/fe03201f-229f-47cd-8b46-f436f8d59bd3/1; https://files-api.properstar.com/api/v2/files/32d7b63b-4860-489d-bf83-2b7a72b93053/1; https://files-api.properstar.com/api/v2/files/2909838d-2d6b-484a-ac09-52b86f2e0f0c/1
117937833,"House for sale in Bella Vista, La Paz, Baja California Sur",https://www.properstar.co.uk/listing/117937833,"GBP 34,450","SAN ANTONIO, Bella Vista, La Paz, Mexico",24.127408,-110.308813,4,4,4197.927,House,ADMINISTRADORES DE ACTIVOS INMOBILIARIOS,2026-07-05T22:15:32.5,https://files-api.properstar.com/api/v2/files/31572eb8-e9d2-4971-810b-e5fa21cd3995/1; https://files-api.properstar.com/api/v2/files/5516757e-8b19-4587-b046-be5a89a6d7bd/1; https://files-api.properstar.com/api/v2/files/c4aab2b9-4722-4d3e-a0e5-8918708f0b9b/1; https://files-api.properstar.com/api/v2/files/04a3b2e5-214a-42f8-9041-3b5675b0303e/1; https://files-api.properstar.com/api/v2/files/b962b10f-d1ea-4a71-b428-178754a21ba8/1; https://files-api.properstar.com/api/v2/files/a969f3bf-e359-4364-8832-e832b89372f3/1; https://files-api.properstar.com/api/v2/files/772dc6af-abb3-488a-8083-1cf86c7993ba/1; https://files-api.properstar.com/api/v2/files/a62537f3-0a5b-4ceb-8a6d-08e7c4050ee0/1; https://files-api.properstar.com/api/v2/files/28e7b722-c9ab-4f9e-8152-130f594488f4/1; https://files-api.properstar.com/api/v2/files/aa75a02c-41a0-4d7a-82f0-38b6b82e156b/1; https://files-api.properstar.com/api/v2/files/61a899a6-699d-43f1-8927-d9a80465ac2d/1; https://files-api.properstar.com/api/v2/files/c815a71f-f4eb-46ff-82a6-c0dd8e9d2bbf/1
117929112,"House for sale in Nueva Puesta del Sol, La Paz, Baja California Sur",https://www.properstar.co.uk/listing/117929112,"GBP 17,983","Chichenitza, Nueva Puesta del Sol, La Paz, Mexico",24.127672,-110.335951,4,2,1399.309,House,Recuperaciones Bancarias,2026-07-05T22:15:32.5,https://files-api.properstar.com/api/v2/files/cad1bdbd-de18-40c7-aeb0-268f2b8d745a/1; https://files-api.properstar.com/api/v2/files/234e343a-4a87-4fe7-aed9-155189fc08c6/1; https://files-api.properstar.com/api/v2/files/3c43a068-8047-4345-acf9-65031411e9fc/1; https://files-api.properstar.com/api/v2/files/6b8b078f-eb3a-4ae5-9db7-59c00dc117d9/1; https://files-api.properstar.com/api/v2/files/d6761577-cf9a-4438-8149-08fac8eca7d1/1; https://files-api.properstar.com/api/v2/files/fa105e71-a75d-48ef-84cd-c2d6d6aab9c4/1; https://files-api.properstar.com/api/v2/files/52352657-12fc-49aa-903e-0336f9289239/1; https://files-api.properstar.com/api/v2/files/61445c00-9b6b-4669-b8a5-793bdd8eea90/1; https://files-api.properstar.com/api/v2/files/85e9c4b9-b79e-4803-957f-3d9a301270bb/1; https://files-api.properstar.com/api/v2/files/22fbda28-67b0-426e-9f29-7d9661e45931/1; https://files-api.properstar.com/api/v2/files/2985dcbb-a59a-4b08-a341-0a0717fd53fc/1
117926915,"House for sale in Villas del Encanto, La Paz, Baja California Sur",https://www.properstar.co.uk/listing/117926915,"GBP 19,283","Villa Flores, Villas del Encanto, La Paz, Mexico",24.104352,-110.331686,4,3,2669.45068,House,Recuperaciones Bancarias,2026-07-05T22:15:32.5,https://files-api.properstar.com/api/v2/files/7f8f8bf2-7800-49bd-8f8b-60848fcb8b40/1; https://files-api.properstar.com/api/v2/files/48af10b0-67bb-425a-9b79-0ab9cdf6f822/1; https://files-api.properstar.com/api/v2/files/b6c1dd31-3ec4-44a7-8a72-0f708c743de2/1; https://files-api.properstar.com/api/v2/files/6f4f20ed-27c6-45d4-9e08-187996312256/1; https://files-api.properstar.com/api/v2/files/783a14b8-50ea-4d3c-a398-8900334b4e31/1; https://files-api.properstar.com/api/v2/files/5023e43d-bcaf-48e7-86dc-92e856be511f/1; https://files-api.properstar.com/api/v2/files/617e4483-4563-4485-aeff-bf50f50792e3/1; https://files-api.properstar.com/api/v2/files/b3b749cd-aa38-426d-bfeb-0ec0c0f4677e/1; https://files-api.properstar.com/api/v2/files/849ffeda-1f93-4f9a-b84f-43e95fb819fa/1; https://files-api.properstar.com/api/v2/files/73e898ef-240a-45f7-b380-f1262288a2aa/1; https://files-api.properstar.com/api/v2/files/b455d525-60e3-44dd-9c99-75f265f9b236/1; https://files-api.properstar.com/api/v2/files/8eeead06-092e-471f-ba18-f4ebe19607a2/1
117930448,"House for sale in Sector La Selva Fidepaz, La Paz, Baja California Sur",https://www.properstar.co.uk/listing/117930448,"GBP 31,850","De la Mantarraya, Sector La Selva Fidepaz, La Paz, Mexico",24.128528,-110.337773,6,3,7265.64258,House,Recuperaciones Bancarias,2026-07-05T22:15:32.5,https://files-api.properstar.com/api/v2/files/134d386c-55c7-4e1d-82e2-d95c3fa5ee93/1; https://files-api.properstar.com/api/v2/files/081ec897-44f0-4fbe-ac8f-459837f70c32/1; https://files-api.properstar.com/api/v2/files/02102bea-410c-4b79-9f47-32445204bf86/1; https://files-api.properstar.com/api/v2/files/f726a049-3bc9-4e26-af71-107d507553d0/1; https://files-api.properstar.com/api/v2/files/145012f4-ca0e-405c-bf8e-e5d62ed871ec/1; https://files-api.properstar.com/api/v2/files/d8fc36d2-ede1-407c-9abd-ff25dbff72d3/1; https://files-api.properstar.com/api/v2/files/73bcf696-d151-40af-9857-4c322c1eb844/1; https://files-api.properstar.com/api/v2/files/16219867-4119-43f5-92c4-3bbb40d45871/1; https://files-api.properstar.com/api/v2/files/aa171e4b-ff80-4238-b71f-c2d7f15faf07/1; https://files-api.properstar.com/api/v2/files/67df7803-43a9-4230-9ea8-109d9c857d7c/1; https://files-api.properstar.com/api/v2/files/685af3b7-a204-47f6-8940-6a4642bf367c/1; https://files-api.properstar.com/api/v2/files/31f1b974-d67b-4f26-b4c9-f20cf987026c/1
118254215,E1 2 Bedroom Fully Furnished Apartment in The X Condos,https://www.properstar.co.uk/listing/118254215,"GBP 294,598","Calle Ignacio Manuel Altamirano 50, La Paz Centro, 23000 La Paz, BCS, México, La Paz, Mexico",24.155968,-110.315988,2,2,837.4326,Property,KW Baja,2026-06-30T02:54:41.48,https://files-api.properstar.com/api/v2/files/6bdfc68f-f230-46c6-be1e-8c12cf404a31/1; https://files-api.properstar.com/api/v2/files/2169c296-08b3-46fb-bb01-1f93fc70ed8c/1; https://files-api.properstar.com/api/v2/files/8b967359-8793-4b4d-bc41-66594bd4be29/1; https://files-api.properstar.com/api/v2/files/33857de6-a3ae-4982-8c7c-1a37c8581568/1; https://files-api.properstar.com/api/v2/files/f279f697-05ee-430d-8c0d-6f9f47c84206/1; https://files-api.properstar.com/api/v2/files/0023ac7f-dfcb-4f19-9315-a1bf2ded3a0d/1
117937755,"House for sale in Benito Juarez, La Paz, Baja California Sur",https://www.properstar.co.uk/listing/117937755,"GBP 29,467","AGUA DULCE, Benito Juarez, La Paz, Mexico",24.140858,-110.337658,3,3,1883.685,House,ADMINISTRADORES DE ACTIVOS INMOBILIARIOS,2026-07-05T22:15:32.5,https://files-api.properstar.com/api/v2/files/bde2bfb0-1c00-402b-b7e0-cc53784321e2/1; https://files-api.properstar.com/api/v2/files/8353f28c-9a74-4f09-9ae6-9a5d0593db41/1; https://files-api.properstar.com/api/v2/files/b2327f77-b43a-401f-8b4b-7b374c41af26/1; https://files-api.properstar.com/api/v2/files/13fe64d0-a78b-4c50-9275-c9c715a161e2/1; https://files-api.properstar.com/api/v2/files/4c8b2ba9-f453-4cf1-8ecb-8dd20e4782a4/1; https://files-api.properstar.com/api/v2/files/212db735-cb51-4c59-a4e2-345130797720/1; https://files-api.properstar.com/api/v2/files/9f20f6f1-e92d-474e-bd0c-ddda49282156/1; https://files-api.properstar.com/api/v2/files/ae4b1c6e-6418-439e-bf68-885aa9d1b1b2/1; https://files-api.properstar.com/api/v2/files/50f15a48-2bd0-4320-a993-d4e310d97a4f/1
118024832,"House for sale in Loma Linda, La Paz, Baja California Sur",https://www.properstar.co.uk/listing/118024832,"GBP 21,233","Cjon. de Acceso, 113, Loma Linda, La Paz, Mexico",24.148918,-110.289433,2,1,742.7101,House,LIDECO MEXICO,2026-07-05T22:15:32.5,https://files-api.properstar.com/api/v2/files/0d1c652b-799e-4aa6-baac-416974bdc2ac/1; https://files-api.properstar.com/api/v2/files/6a9aa60a-c957-443c-8bfe-11c575598ef4/1; https://files-api.properstar.com/api/v2/files/03e8f094-2556-4360-9f89-d8a1d00358c2/1; https://files-api.properstar.com/api/v2/files/50da1f56-07d0-41ab-9ddf-a6b956c91a4a/1; https://files-api.properstar.com/api/v2/files/687d4d00-b8c3-404b-b770-e402c222bb41/1
118352264,2 Bedroom Fully Furnished Apartment in The X Condos,https://www.properstar.co.uk/listing/118352264,"GBP 239,160","Calle Ignacio Manuel Altamirano 50, La Paz Centro, 23000 La Paz, BCS, México, La Paz, Mexico",24.155968,-110.315988,2,2,764.2379,Apartment,KW Baja,2026-07-03T02:54:24.98,https://files-api.properstar.com/api/v2/files/eed8965c-8f4a-42e1-94b8-f6b248b8e3d6/1; https://files-api.properstar.com/api/v2/files/4d865c37-a834-4dc0-b24b-e3f3582a18f1/1; https://files-api.properstar.com/api/v2/files/0256a4ef-1b6d-4521-8b89-7fc6998d151b/1; https://files-api.properstar.com/api/v2/files/984c5a25-242d-458b-8024-8a0add8f5528/1; https://files-api.properstar.com/api/v2/files/57dbbf85-5b37-47a0-a9ae-0cbe982c7370/1; https://files-api.properstar.com/api/v2/files/b6b5db3d-efc9-4265-9c58-7c9fb353eecf/1; https://files-api.properstar.com/api/v2/files/525fbce4-f5de-4456-b1fe-cd3b7aaca9ff/1
117950027,"House for sale in Miramar, La Paz, Baja California Sur",https://www.properstar.co.uk/listing/117950027,"GBP 28,167","Mar Tropical, 315, Miramar, La Paz, Mexico",24.086776,-110.326958,3,2,1022.5719,House,GACAVA INMOBILIARIA,2026-07-05T22:15:32.5,https://files-api.properstar.com/api/v2/files/a7330819-463d-4451-9d4b-b8f215de4ccb/1; https://files-api.properstar.com/api/v2/files/8726ccc8-65b6-4998-821e-ca2d2cd84345/1; https://files-api.properstar.com/api/v2/files/593d71e6-c580-40a9-9a90-c440f51fc99d/1; https://files-api.properstar.com/api/v2/files/a3fdc7ff-7401-48c8-935f-c693cb3ed641/1; https://files-api.properstar.com/api/v2/files/984e0708-d7d4-4d92-b05e-c8157b9837a5/1; https://files-api.properstar.com/api/v2/files/77e76346-2693-497e-aead-c9504c77172d/1; https://files-api.properstar.com/api/v2/files/84455ea8-d596-4b1c-aeaa-556fa79e10bd/1; https://files-api.properstar.com/api/v2/files/0db04636-e11a-4b0e-81c7-393cb3e4a0af/1; https://files-api.properstar.com/api/v2/files/0c32d4c3-56d7-4462-a905-406b7a5dce57/1; https://files-api.properstar.com/api/v2/files/70d24f1b-8895-4515-9ea0-7285bd1fea56/1; https://files-api.properstar.com/api/v2/files/3fd7df1e-ace5-46a8-bf99-4874a66a2094/1; https://files-api.properstar.com/api/v2/files/5c6ce50d-f3b6-4948-a909-53fa387efa12/1; https://files-api.properstar.com/api/v2/files/6ee29b9f-b2f4-4ff7-b50d-85d9b9f80ffa/1; https://files-api.properstar.com/api/v2/files/f87dfa04-3e89-47e7-a5c2-1c5f8e89d7b3/1; https://files-api.properstar.com/api/v2/files/27155979-af79-44fc-9f5b-b9b71f2aec54/1; https://files-api.properstar.com/api/v2/files/870ffcf0-f7af-4e12-9520-c475a1e96a4e/1; https://files-api.properstar.com/api/v2/files/aec02941-87d3-4fd9-bab1-ca579b49cf6e/1; https://files-api.properstar.com/api/v2/files/9807e741-8746-4035-9032-0cca58266f67/1; https://files-api.properstar.com/api/v2/files/a3b72a68-dc85-469a-be4b-94cb91ed31f4/1; https://files-api.properstar.com/api/v2/files/01bef90d-812d-4a8c-a426-cdf807dd5ac2/1
117948697,"House for sale in Zona Central, La Paz, Baja California Sur",https://www.properstar.co.uk/listing/117948697,"GBP 30,333","Fortega allende y Juarez, 525, Zona Central, La Paz, Mexico",24.152325,-110.311519,4,2,3659.731,House,GACAVA INMOBILIARIA,2026-07-05T22:15:32.5,https://files-api.properstar.com/api/v2/files/d3273a12-fb40-4219-890e-ccc77d09b768/1; https://files-api.properstar.com/api/v2/files/5a7ba557-4fb5-4d39-953a-0ee0b98ca22f/1; https://files-api.properstar.com/api/v2/files/c3169cad-635b-42f3-90ae-4b8f6babd190/1; https://files-api.properstar.com/api/v2/files/77bccb24-5168-4970-9dee-770605bc2ce4/1; https://files-api.properstar.com/api/v2/files/feceb737-46fe-4eee-a566-6575a6443410/1; https://files-api.properstar.com/api/v2/files/883bd7a8-1c79-43e1-b707-df89cf478468/1; https://files-api.properstar.com/api/v2/files/6a85bef6-3f2a-4751-9cff-4553a10e4602/1; https://files-api.properstar.com/api/v2/files/c0e387c3-3386-4c95-b3f6-5bd8ce780d5e/1; https://files-api.properstar.com/api/v2/files/d61254cb-112a-4fe8-b864-c32959a801b4/1; https://files-api.properstar.com/api/v2/files/6269b258-0209-4fb2-814d-4010407f8614/1; https://files-api.properstar.com/api/v2/files/c66a397d-cd92-4924-a75b-2bdd4172db3a/1; https://files-api.properstar.com/api/v2/files/f2cb58b8-e39f-42cd-b66b-617b31ed81f7/1; https://files-api.properstar.com/api/v2/files/c7c3fc8d-877e-42e4-bec0-ece07db88e1c/1; https://files-api.properstar.com/api/v2/files/a95c2b69-a464-432a-b732-f07cf24d412d/1
117999907,"House for sale in Paraiso del Sol, La Paz, Baja California Sur",https://www.properstar.co.uk/listing/117999907,"GBP 62,607","abeto, 172, Paraíso del Sol, La Paz, Mexico",24.090295,-110.334909,3,3,1076.39148,House,ALIANZA PATRIMONIAL,2026-07-05T22:15:32.5,https://files-api.properstar.com/api/v2/files/a6f4cd18-2b44-4179-9b7b-a82d03e7e4bf/1; https://files-api.properstar.com/api/v2/files/24704d80-89b1-43d5-a7b3-0a31cc1f2947/1; https://files-api.properstar.com/api/v2/files/047297da-65a3-4194-9b1c-5657f2fedc0c/1; https://files-api.properstar.com/api/v2/files/bca63c80-de85-4446-9598-f427b09192d7/1; https://files-api.properstar.com/api/v2/files/aac29e53-932b-418b-ba2d-c42577c787d8/1; https://files-api.properstar.com/api/v2/files/4bf6d51d-28af-4749-91a2-f4841e8d737a/1; https://files-api.properstar.com/api/v2/files/ff07ca0c-9771-4310-b9c1-019a10c273bd/1; https://files-api.properstar.com/api/v2/files/e66a7531-59a2-4dc0-8cc5-37a94a9b3652/1; https://files-api.properstar.com/api/v2/files/3a0d0b11-5bc1-4e37-8f34-0bbfad6d0adf/1; https://files-api.properstar.com/api/v2/files/0b159afd-882f-4b26-a34b-979ce8a81844/1; https://files-api.properstar.com/api/v2/files/475666ae-f247-471d-9eab-088eb99e8482/1; https://files-api.properstar.com/api/v2/files/abdf2220-6ff8-4aa2-babd-605a48cb5f7c/1
118028341,"Apartment for sale in Zona Central, La Paz, Baja California Sur",https://www.properstar.co.uk/listing/118028341,"GBP 232,783","Ignacio Altamirano, Zona Central, La Paz, Mexico",24.152325,-110.311519,2,2,828.8214,Apartment,Alur bienes raices,2026-07-05T22:15:32.5,https://files-api.properstar.com/api/v2/files/581a3e12-2d16-469d-b894-a745195232aa/1; https://files-api.properstar.com/api/v2/files/271d89fe-eb32-44cb-a8f5-8262eeb43f75/1; https://files-api.properstar.com/api/v2/files/9d09ef5e-8c9d-4544-ab5e-05d963564d36/1; https://files-api.properstar.com/api/v2/files/b1e2b486-8cb5-43eb-a2be-b377af56d30c/1; https://files-api.properstar.com/api/v2/files/2152e858-b7d3-45be-b8dd-6060de16944f/1; https://files-api.properstar.com/api/v2/files/d86ed006-09e8-4afa-900b-fd598dfd6976/1; https://files-api.properstar.com/api/v2/files/c5205334-20ea-420e-95cb-8ee08586e0b1/1; https://files-api.properstar.com/api/v2/files/670b2c0f-4b36-48d9-9044-dbf0f92bfaa4/1; https://files-api.properstar.com/api/v2/files/ba269a85-108e-4e6f-bd69-e7fd3cae84ad/1; https://files-api.properstar.com/api/v2/files/74ca0959-f4f2-4f6e-9cdd-efdd496189cc/1; https://files-api.properstar.com/api/v2/files/4bccbcaa-aee5-4234-8665-3074836426bb/1; https://files-api.properstar.com/api/v2/files/5a121c80-7937-4fd2-8729-576aab702def/1
118020689,"House for sale in Sector La Selva Fidepaz, La Paz, Baja California Sur",https://www.properstar.co.uk/listing/118020689,"GBP 86,242","Mantarralla, 135, Sector La Selva Fidepaz, La Paz, Mexico",24.12842,-110.337795,4,3,2443.40869,House,Celec Property Group,2026-07-05T22:15:32.5,https://files-api.properstar.com/api/v2/files/652b525d-d5c0-489d-a134-4ff8639c57df/1; https://files-api.properstar.com/api/v2/files/e0349218-1016-4683-9ffb-c140e2b9dcf1/1; https://files-api.properstar.com/api/v2/files/11233ca3-3b51-4d8e-b54a-3056333777c9/1; https://files-api.properstar.com/api/v2/files/426a1950-5595-4096-9da8-3d6dda78b48c/1; https://files-api.properstar.com/api/v2/files/62b8b621-b0a4-46da-923c-5f0bcdc02e1b/1; https://files-api.properstar.com/api/v2/files/938a804e-bbb6-4583-ab49-48bcbc3b6c75/1; https://files-api.properstar.com/api/v2/files/2d19b399-fd3a-4615-9095-2b1e4ac53b51/1
117946803,"House for sale in San Fernando, La Paz, Baja California Sur",https://www.properstar.co.uk/listing/117946803,"GBP 17,333","Nevado de Toluca, 264, San Fernando, La Paz, Mexico",24.092989,-110.319484,2,1,645.8349,House,GACAVA INMOBILIARIA,2026-07-05T22:15:32.5,https://files-api.properstar.com/api/v2/files/cd00ce41-dfca-47f1-9838-574d83e0df07/1; https://files-api.properstar.com/api/v2/files/d05229cf-f53f-48bb-89e5-76183637dd55/1; https://files-api.properstar.com/api/v2/files/a7fe7d5c-3eba-4f25-9eee-d2ddcb7991b9/1; https://files-api.properstar.com/api/v2/files/5327a3c1-91b6-46bf-a5c3-202c429de06d/1; https://files-api.properstar.com/api/v2/files/8dde2727-84c2-4b08-8339-1e7fcdf868b2/1; https://files-api.properstar.com/api/v2/files/7bdffd65-ec1a-4d20-8137-c6006c120f1b/1; https://files-api.properstar.com/api/v2/files/caa5bfd9-ae51-418c-8524-12ac6d3113aa/1; https://files-api.properstar.com/api/v2/files/401a9e2e-5f84-410c-8445-06380f3ad41d/1; https://files-api.properstar.com/api/v2/files/ead89ff4-daf0-494f-b842-00db760a72f6/1; https://files-api.properstar.com/api/v2/files/f73c751e-1538-4963-ae3a-4cf62b494dd3/1; https://files-api.properstar.com/api/v2/files/c314479f-8996-4984-8525-debab5b2c635/1; https://files-api.properstar.com/api/v2/files/3a2b7ab6-df3c-4b8f-80a0-93c4e453369a/1; https://files-api.properstar.com/api/v2/files/072be656-037f-426c-8031-da2915735271/1
118010440,"House at auction in Terranova, La Paz, Baja California Sur",https://www.properstar.co.uk/listing/118010440,"GBP 47,666","Terranova, La Paz, Mexico",24.083153,-110.303328,3,2,1022.5719,House,AXMAT AND MAISON,2026-07-05T22:15:32.5,https://files-api.properstar.com/api/v2/files/5e13c068-95d3-4b84-bd06-7287ccabf02d/1; https://files-api.properstar.com/api/v2/files/ff555d6a-a64a-4c3a-88fd-da6e08319537/1; https://files-api.properstar.com/api/v2/files/88851942-16e7-4356-8145-7ddf49cfe084/1; https://files-api.properstar.com/api/v2/files/d9742ecb-2f7b-4f85-ab15-695932de02d0/1; https://files-api.properstar.com/api/v2/files/5c2d4776-836e-4561-b96a-279b72d8961f/1; https://files-api.properstar.com/api/v2/files/ba97699c-5023-4928-9bc2-86d6aea22940/1; https://files-api.properstar.com/api/v2/files/185e95c9-94ed-4fc7-a43f-94b452794cff/1; https://files-api.properstar.com/api/v2/files/715db9b2-1351-4662-b681-7f24fab593c2/1; https://files-api.properstar.com/api/v2/files/0d34d11e-6c4d-4093-a2ae-5512510df206/1; https://files-api.properstar.com/api/v2/files/bec5018b-47a3-4a42-8360-97dc1babbe30/1; https://files-api.properstar.com/api/v2/files/4a28b983-e77b-48fc-9d20-62ed7235f0ae/1
118041789,"House for sale in Paseos del Sol, La Paz, Baja California Sur",https://www.properstar.co.uk/listing/118041789,"GBP 21,667","andromeda, 120, Paseos del Sol, La Paz, Mexico",24.106366,-110.31449,2,2,957.9884,House,Gareva Zenith,2026-07-05T22:15:32.5,https://files-api.properstar.com/api/v2/files/4035114a-0132-4ca2-a5c0-c94c0bb1f2de/1; https://files-api.properstar.com/api/v2/files/6c3855e9-89c4-4e2e-ae8a-48012852fbac/1; https://files-api.properstar.com/api/v2/files/626abaf7-6ef2-491c-b4ea-dbdbf5f95aec/1; https://files-api.properstar.com/api/v2/files/24401ac5-ad8e-4fda-a785-7b47291d0c39/1; https://files-api.properstar.com/api/v2/files/e4907efb-a63d-4c0c-bc83-ca5abab49949/1; https://files-api.properstar.com/api/v2/files/ef56cb6f-fe5b-4b02-a50d-464c612406cd/1; https://files-api.properstar.com/api/v2/files/4f0fd598-cc76-47e4-b252-b8a6bb8c5ac8/1; https://files-api.properstar.com/api/v2/files/cbdbcf25-ad0c-4340-9a8e-7e8c9db1dd98/1; https://files-api.properstar.com/api/v2/files/f75e6658-90e4-4293-b083-9e1a8f74695b/1; https://files-api.properstar.com/api/v2/files/f8b46ab7-4832-4e81-a23d-977340dac458/1; https://files-api.properstar.com/api/v2/files/8d8f42c3-4527-409d-876c-b022f995d61d/1; https://files-api.properstar.com/api/v2/files/a9fe3359-0fdf-4de4-aa87-7925ce44bdeb/1; https://files-api.properstar.com/api/v2/files/3cebda11-8e76-4eb6-909c-6fddfbb68424/1
118040320,"House for sale in Benito Juárez, La Paz, Baja California Sur",https://www.properstar.co.uk/listing/118040320,"GBP 31,200","AGUA DULCE, 111 Antes 40, Benito Juárez, La Paz, Mexico",24.135321,-110.290668,4,4,3605.91138,House,Gareva Zenith,2026-07-05T22:15:32.5,https://files-api.properstar.com/api/v2/files/68d2d04f-e2a0-4468-9694-cdcd6f733709/1; https://files-api.properstar.com/api/v2/files/d492944a-ad93-448a-9735-b6e6fdd91d37/1; https://files-api.properstar.com/api/v2/files/f0d2014f-9921-44e2-9876-356259950c73/1; https://files-api.properstar.com/api/v2/files/3f6e6d80-3e88-41b2-b70b-25f989859061/1; https://files-api.properstar.com/api/v2/files/de20b0e1-c8fa-4145-b243-373a9291574b/1; https://files-api.properstar.com/api/v2/files/56506faa-5710-427c-8e36-7d674ce488c8/1; https://files-api.properstar.com/api/v2/files/a8d58ca4-6258-464a-bb73-7a4203e59e04/1; https://files-api.properstar.com/api/v2/files/6a431c46-9c37-4d7c-a923-1dcdd4a2dde6/1; https://files-api.properstar.com/api/v2/files/8d59d644-4988-418b-a209-3e9f17af60c1/1; https://files-api.properstar.com/api/v2/files/46379d89-e79e-4b79-a9a9-da2bd856e33a/1
118352263,2 Bedroom Fully Furnished Apartment in The X Condos,https://www.properstar.co.uk/listing/118352263,"GBP 275,742","Calle Ignacio Manuel Altamirano 50, La Paz Centro, 23000 La Paz, BCS, México, La Paz, Mexico",24.155968,-110.315988,2,2,764.2379,Apartment,KW Baja,2026-07-03T02:54:24.98,https://files-api.properstar.com/api/v2/files/403ceed2-b9c4-4899-82b9-5942466ba9cd/1; https://files-api.properstar.com/api/v2/files/ff06f5b6-64ac-440c-8930-b0482d9fb03a/1; https://files-api.properstar.com/api/v2/files/00e226cb-5400-4936-8430-e0024327c602/1; https://files-api.properstar.com/api/v2/files/f2606c7b-463d-4454-ab74-5692dcfd581e/1; https://files-api.properstar.com/api/v2/files/39e78edf-015b-496a-a335-086a67eeac2e/1; https://files-api.properstar.com/api/v2/files/b7b7eb29-823e-46d7-8959-967f80674e66/1; https://files-api.properstar.com/api/v2/files/9c5dc43c-7856-428b-a684-dbdfef8dd3b4/1
118320066,HOUSE FOR SALE IN FRACCIONAMIENTO PENINSULA SUR,https://www.properstar.co.uk/listing/118320066,"GBP 54,166","peninsula de escandinava 735, La Paz, Mexico",24.083153,-110.303328,2,1,48642.13,House,Fermín Granados,2026-07-02T03:27:49.963,https://files-api.properstar.com/api/v2/files/53f306b7-a647-4617-bf91-c834e633828a/1; https://files-api.properstar.com/api/v2/files/9747bec5-2e69-47ae-a93b-3103d808cc38/1; https://files-api.properstar.com/api/v2/files/4851b966-e3d9-4a96-a713-edec15328d12/1; https://files-api.properstar.com/api/v2/files/a0c4001c-3c05-42cb-8e1a-4bf8fc6da25a/1; https://files-api.properstar.com/api/v2/files/aa1c3358-aeff-4242-b142-79bac7c20431/1; https://files-api.properstar.com/api/v2/files/91919616-4239-4630-ae29-92b70247bb3e/1; https://files-api.properstar.com/api/v2/files/5ce127e9-f36b-4f19-ac06-317208bbe2d2/1
118352262,2 Bedroom Fully Furnished Apartment in The X Condos,https://www.properstar.co.uk/listing/118352262,"GBP 282,641","Calle Ignacio Manuel Altamirano 50, La Paz Centro, 23000 La Paz, BCS, México, La Paz, Mexico",24.155968,-110.315988,2,2,764.2379,Apartment,KW Baja,2026-07-03T02:54:24.98,https://files-api.properstar.com/api/v2/files/b034f969-f67c-4c50-85dd-8c759f3ce850/1; https://files-api.properstar.com/api/v2/files/54a88f29-5b13-40a6-b12f-7e82a5deb9e6/1; https://files-api.properstar.com/api/v2/files/ba664e43-ad1f-4cfe-9337-b45ada0952e5/1; https://files-api.properstar.com/api/v2/files/53809832-31f9-4f9a-adbc-7f3b6aca0f3e/1; https://files-api.properstar.com/api/v2/files/136e80ff-ecf9-4e78-a2ab-37b66df091d0/1; https://files-api.properstar.com/api/v2/files/6b83d105-4852-41db-a2e2-13bb813c556d/1; https://files-api.properstar.com/api/v2/files/cd30dbda-63b2-4775-8068-05db78fd71e0/1
118354305,"CASA TRIUNFO | Col. Bellavista, La Paz B.C.S",https://www.properstar.co.uk/listing/118354305,"GBP 166,833","El Triunfo 215, La Paz, Mexico",24.127173,-110.308541,3,3,1765.282,House,CENTURY 21 A & B,2026-07-03T03:30:27.783,https://files-api.properstar.com/api/v2/files/b18c5c39-93db-46d5-af5d-56085b176355/1; https://files-api.properstar.com/api/v2/files/5c97811c-ca71-492c-9671-f85947251988/1; https://files-api.properstar.com/api/v2/files/129f44f0-4892-4d56-b9c0-c7f4c9e9d421/1; https://files-api.properstar.com/api/v2/files/a13081bf-66db-495a-997b-559521e184d9/1; https://files-api.properstar.com/api/v2/files/b16c2ef3-2eb3-4e7f-8cee-c7fc5ff85f30/1
117882914,"Apartment for sale in Zona Central, La Paz, Baja California Sur",https://www.properstar.co.uk/listing/117882914,"GBP 192,801",".., Zona Central, La Paz, Mexico",24.152325,-110.311519,3,2,1173.26672,Apartment,BIENES RAICES OMG.,2026-07-05T22:15:32.5,https://files-api.properstar.com/api/v2/files/e70f1009-0deb-4f20-a555-1c6f6c5fbe6c/1; https://files-api.properstar.com/api/v2/files/7fdb8e02-0d31-42ba-81ac-b0699282957a/1; https://files-api.properstar.com/api/v2/files/2ef14930-47ff-4549-9c29-3d971df6987f/1; https://files-api.properstar.com/api/v2/files/c491091e-20c7-4bd0-aa73-d40d8feeafa8/1; https://files-api.properstar.com/api/v2/files/0ad7dcd3-392a-48ae-83f7-27f9744c98a3/1; https://files-api.properstar.com/api/v2/files/802de425-4aff-4ce7-b8c8-26f4a066597b/1; https://files-api.properstar.com/api/v2/files/4bff60c4-ebce-4092-ad60-81f8ea2fb5fe/1; https://files-api.properstar.com/api/v2/files/8b588c1a-a190-4c0e-923e-4a4d9d4dced8/1; https://files-api.properstar.com/api/v2/files/7fdd1730-860d-4db2-8e75-e27c9b4e5804/1; https://files-api.properstar.com/api/v2/files/bfe5ec14-d8c3-4346-8959-3b319731d583/1; https://files-api.properstar.com/api/v2/files/6d699190-be8a-45de-8e8b-aebdb4c40a1c/1; https://files-api.properstar.com/api/v2/files/4544911a-c486-4b8f-a98b-ef18493f4636/1; https://files-api.properstar.com/api/v2/files/764960e6-ee86-44f3-a774-d4497486fd99/1; https://files-api.properstar.com/api/v2/files/e9ac7e79-0d67-4ec0-9021-f3a4a7f45fdd/1; https://files-api.properstar.com/api/v2/files/31c53b05-427f-4c5c-9c95-942aff8b71dd/1; https://files-api.properstar.com/api/v2/files/3b2fa892-a3d2-4dd0-990a-f8ec395d86e4/1; https://files-api.properstar.com/api/v2/files/141d7633-f8ed-478b-bbbd-6227a8580414/1
117949077,"House for sale in Los Olivos, La Paz, Baja California Sur",https://www.properstar.co.uk/listing/117949077,"GBP 36,833","Ignacio Allende, 2035, Los Olivos, La Paz, Mexico",24.143103,-110.300804,3,3,6350.70947,House,GACAVA INMOBILIARIA,2026-07-05T22:15:32.5,https://files-api.properstar.com/api/v2/files/4ae3983d-cf3f-4c10-be7d-406cd49fc001/1; https://files-api.properstar.com/api/v2/files/14313f8e-a645-4e2a-bfa2-1b7d043d1022/1; https://files-api.properstar.com/api/v2/files/33295dd3-0f36-452d-8961-ba815d5364e1/1; https://files-api.properstar.com/api/v2/files/56826a30-bed8-4f68-9607-09ed1f4a4f90/1; https://files-api.properstar.com/api/v2/files/a1d772a8-244c-449d-b116-b832b2b1870a/1; https://files-api.properstar.com/api/v2/files/33f94aad-c851-4b32-98c3-474c65f2130c/1; https://files-api.properstar.com/api/v2/files/8099344e-3521-4357-bad7-64921c01d55d/1; https://files-api.properstar.com/api/v2/files/4d9b0796-0289-4009-9179-9bad05140ccb/1; https://files-api.properstar.com/api/v2/files/33b6e5b3-7561-4fa1-91ce-1ba432bdbba7/1; https://files-api.properstar.com/api/v2/files/e5af3cf7-dfb3-4d51-86c4-5ce47cb6d1cf/1; https://files-api.properstar.com/api/v2/files/40d901d0-856b-440a-80cf-501fa73df2eb/1; https://files-api.properstar.com/api/v2/files/cda13e99-afd1-4045-a163-275459dbaf13/1; https://files-api.properstar.com/api/v2/files/2ee01d84-3d04-4810-9f37-62f402c0e6a1/1
117881316,"Apartment for sale in Fracc Club del Cortez, La Paz, Baja California Sur",https://www.properstar.co.uk/listing/117881316,"GBP 192,801","Fracc Club del Cortez, La Paz, Mexico",24.173969,-110.292344,3,2,1173.26672,Apartment,BIENES RAICES OMG.,2026-07-05T22:15:32.5,https://files-api.properstar.com/api/v2/files/76d3719d-cb06-4374-9c14-47bf16e92ea6/1; https://files-api.properstar.com/api/v2/files/ae4b4d6c-4ef9-4b37-a8e1-a0eb01c320d6/1; https://files-api.properstar.com/api/v2/files/d073bf1a-afff-4515-9831-bc8f5ca88839/1; https://files-api.properstar.com/api/v2/files/529eab85-fb6d-4743-85a9-568e16b27dfa/1; https://files-api.properstar.com/api/v2/files/c86c8b2b-1ed9-4a18-a01b-431c50ab4755/1; https://files-api.properstar.com/api/v2/files/e9874f09-4fb3-45e8-8b71-5334658f741d/1; https://files-api.properstar.com/api/v2/files/3d7ee620-15f3-43c7-98e7-c4fdddfce792/1; https://files-api.properstar.com/api/v2/files/0fb0030c-b417-4b2b-a095-eb6c90c87e5c/1; https://files-api.properstar.com/api/v2/files/29de777d-119a-4b72-93f4-abdd627975be/1; https://files-api.properstar.com/api/v2/files/d3564712-1ec4-4123-96a3-c96230389d59/1; https://files-api.properstar.com/api/v2/files/6b291978-1372-480b-a3f3-7764779efce1/1; https://files-api.properstar.com/api/v2/files/d3d22f0b-254a-4846-a015-0b8efd71ce82/1; https://files-api.properstar.com/api/v2/files/803cab4c-d8d9-4a32-a513-41f0839e54b3/1; https://files-api.properstar.com/api/v2/files/7dd23b8c-7fb4-4d5b-863f-236cb2650246/1; https://files-api.properstar.com/api/v2/files/16df59c5-6ceb-4226-b53a-86d0f1a6602e/1; https://files-api.properstar.com/api/v2/files/9197bba9-5670-4084-a9e7-8d4ad7daa1bb/1; https://files-api.properstar.com/api/v2/files/ca75b913-4e42-49fd-a0ac-b2c7291cba83/1; https://files-api.properstar.com/api/v2/files/8d0f4ea7-dbe4-4ba5-b266-4d63e692178b/1; https://files-api.properstar.com/api/v2/files/d9b010b6-d75f-474e-9095-ac90055fea4f/1
117946776,"House for sale in Sector La Selva Fidepaz, La Paz, Baja California Sur",https://www.properstar.co.uk/listing/117946776,"GBP 36,833","langosta, 120, Sector La Selva Fidepaz, La Paz, Mexico",24.125408,-110.340313,3,2,4843.76172,House,GACAVA INMOBILIARIA,2026-07-05T22:15:32.5,https://files-api.properstar.com/api/v2/files/d160275f-d8d3-459b-929d-575982c981f5/1; https://files-api.properstar.com/api/v2/files/466f7f66-1414-4a86-99ad-0c739d49b67a/1; https://files-api.properstar.com/api/v2/files/021db290-ff1d-4251-a7b9-804435cae2d9/1; https://files-api.properstar.com/api/v2/files/cbd8ab8c-da5d-4e52-a542-f890b1de5ed9/1; https://files-api.properstar.com/api/v2/files/7799a6d2-95ea-4554-bc22-d98bc34a2116/1; https://files-api.properstar.com/api/v2/files/886d6087-586e-479c-87c9-5ea1d0477f34/1; https://files-api.properstar.com/api/v2/files/7e9b6b66-c921-4427-9db7-07a4133b8cbd/1; https://files-api.properstar.com/api/v2/files/53d5f8f5-33f4-49e1-b14d-65cc91a767f2/1; https://files-api.properstar.com/api/v2/files/34e0f8ed-382e-4f08-afa7-bcc70f20844d/1; https://files-api.properstar.com/api/v2/files/b2a9033f-27a9-4b07-8608-bcd0484ee86a/1; https://files-api.properstar.com/api/v2/files/b87cfeaa-27ca-4e7c-baf4-a81c7ea46348/1; https://files-api.properstar.com/api/v2/files/d7b8d685-88ad-482b-ac5c-3a0af46f1004/1; https://files-api.properstar.com/api/v2/files/8e509b32-17cc-4810-a47b-3a673f1fbc62/1; https://files-api.properstar.com/api/v2/files/77e92849-6f8e-4472-9a89-7195417c61dd/1; https://files-api.properstar.com/api/v2/files/97b8198b-5a59-4275-9a88-5afcabe88512/1; https://files-api.properstar.com/api/v2/files/aebc7f07-dc0d-4186-ae23-1ef69b5d9d58/1; https://files-api.properstar.com/api/v2/files/311aadb2-fb7d-4fe8-8281-507b413569c9/1; https://files-api.properstar.com/api/v2/files/a9230bf2-9b0f-4d96-9b26-5df07c6062b0/1; https://files-api.properstar.com/api/v2/files/7894432f-65be-4124-93c3-f9eb72f3b1f8/1
117949696,"House for sale in Los Tabachines, La Paz, Baja California Sur",https://www.properstar.co.uk/listing/117949696,"GBP 22,100","Isla Espíritu Santo, 242, Los Tabachines, La Paz, Mexico",24.079581,-110.304553,3,1,2045.1438,House,GACAVA INMOBILIARIA,2026-07-05T22:15:32.5,https://files-api.properstar.com/api/v2/files/2720673b-420a-4e56-a4f2-1487abe03774/1; https://files-api.properstar.com/api/v2/files/362ac292-b0b4-4ed8-b7c2-23dbd89eabc4/1; https://files-api.properstar.com/api/v2/files/e8594587-0d3c-4fe7-8b23-c1bc1bbd87f4/1; https://files-api.properstar.com/api/v2/files/8218d019-ffb1-4401-8aa0-f256461e3ca5/1; https://files-api.properstar.com/api/v2/files/c2b6b43e-e125-4679-abd5-6b02d09debaf/1; https://files-api.properstar.com/api/v2/files/11a5e022-1345-421f-a0de-40bf479340e8/1; https://files-api.properstar.com/api/v2/files/9a58fccd-7cec-45d9-9b32-ce899d81e26f/1; https://files-api.properstar.com/api/v2/files/07136cb3-153a-4325-baae-6a91703d2db5/1; https://files-api.properstar.com/api/v2/files/bc3fb9f4-592a-4d98-9e35-c9c31c859628/1; https://files-api.properstar.com/api/v2/files/eb49a0b5-d32c-4a6c-8dc8-acfc4703fae5/1; https://files-api.properstar.com/api/v2/files/fb457f14-1af1-4644-9a40-2d58b58fd7dd/1; https://files-api.properstar.com/api/v2/files/b53076c5-da84-4e06-83c8-cf504ac5d2d5/1; https://files-api.properstar.com/api/v2/files/7389a059-acd9-4246-bdd5-422c04658178/1; https://files-api.properstar.com/api/v2/files/45015d3c-26d0-48e3-9179-39a66848c655/1; https://files-api.properstar.com/api/v2/files/84054e53-4bcb-4bb2-8e7e-ef528c4c64cf/1; https://files-api.properstar.com/api/v2/files/4ffb64f7-2bc4-474e-8b66-0c2fcf878661/1; https://files-api.properstar.com/api/v2/files/e1d31f89-7908-4cc6-801b-a135170c465b/1
118012199,"House at auction in Terranova, La Paz, Baja California Sur",https://www.properstar.co.uk/listing/118012199,"GBP 47,666","Terranova, La Paz, Mexico",24.083153,-110.303328,3,2,1022.5719,House,AXMAT AND MAISON,2026-07-05T22:15:32.5,https://files-api.properstar.com/api/v2/files/c59f27f0-8f66-4090-93b6-d26433916f00/1; https://files-api.properstar.com/api/v2/files/935e61b8-9130-478a-aab1-d5c5216ad45d/1; https://files-api.properstar.com/api/v2/files/82cb4a3f-1dc8-4470-96be-df90965f0aab/1; https://files-api.properstar.com/api/v2/files/bd841c91-9b3a-46ed-80d5-dacd62621ebe/1; https://files-api.properstar.com/api/v2/files/55d1198d-221f-44f0-ac57-0f1dbe16b0a5/1; https://files-api.properstar.com/api/v2/files/09031746-98ce-4c76-9398-089badabe02a/1; https://files-api.properstar.com/api/v2/files/2e20ef8b-b31d-4331-8ee1-fd80c87a022f/1; https://files-api.properstar.com/api/v2/files/8b0d2f4a-f26b-41c6-813a-49c6e55c3eed/1; https://files-api.properstar.com/api/v2/files/9bf40f62-4507-4889-96a0-b347e86edd10/1; https://files-api.properstar.com/api/v2/files/5bdf78c6-337a-4762-bc24-cee2d2b43062/1; https://files-api.properstar.com/api/v2/files/80af4427-6101-4309-87e2-a00b87e195b9/1
118018050,"House for sale in Sector La Selva Fidepaz, La Paz, Baja California Sur",https://www.properstar.co.uk/listing/118018050,"GBP 101,408","De La Mantarraya, Sector La Selva Fidepaz, La Paz, Mexico",24.128528,-110.337773,4,3,2443.40869,House,Celec Property Group,2026-07-05T22:15:32.5,https://files-api.properstar.com/api/v2/files/594c699d-17bd-4258-8294-e3267d516ddc/1; https://files-api.properstar.com/api/v2/files/60d6818c-de2a-4000-abe1-0b1b4b1113ef/1; https://files-api.properstar.com/api/v2/files/99415552-5726-4a86-b742-42a744f6c770/1; https://files-api.properstar.com/api/v2/files/7e7116a9-76a6-4e97-a338-b2f180c860af/1; https://files-api.properstar.com/api/v2/files/d207f558-f83c-4704-ba54-834dda5553c8/1; https://files-api.properstar.com/api/v2/files/b58b58e8-c699-4332-a990-bc92fbf7fb8a/1; https://files-api.properstar.com/api/v2/files/9df756d5-c48b-49a5-8779-4172d58db4f0/1; https://files-api.properstar.com/api/v2/files/f854b48b-0719-40ce-9e36-807850a9acc2/1; https://files-api.properstar.com/api/v2/files/e338b3dc-ffe2-4cd1-baa4-67ab0df64e5f/1; https://files-api.properstar.com/api/v2/files/0184eb39-1c95-42d3-b941-a877f9c85f9b/1; https://files-api.properstar.com/api/v2/files/d45d1c4f-db43-4103-a4f0-0a6886e1578c/1
109193406,3430 Rangel SL25-20124,https://www.properstar.co.uk/listing/109193406,"GBP 267,576","3430 Rangel, La Paz, Mexico",24.142641,-110.312753,2,2,1280.90576,Apartment,The Agency | La Paz,2025-08-09T02:26:20.767,https://files-api.properstar.com/api/v2/files/789fb0e2-1e8d-4ca1-8628-d226bc01475d/1; https://files-api.properstar.com/api/v2/files/b266d0e4-bd74-4681-80a7-c1102213485a/1; https://files-api.properstar.com/api/v2/files/04049b15-a6d3-46c3-a4c4-ac3b34abfa24/1; https://files-api.properstar.com/api/v2/files/5a5196de-9c15-4501-bd7a-569ed0d31284/1; https://files-api.properstar.com/api/v2/files/6071f75d-8432-49b9-89c6-9cf17777fd4d/1; https://files-api.properstar.com/api/v2/files/37c71faa-f025-4c98-84bb-894856329b40/1; https://files-api.properstar.com/api/v2/files/fbc53dc4-e524-4c21-b82d-d4d522f0b036/1; https://files-api.properstar.com/api/v2/files/a02c8f7b-467e-47f2-a85c-ee03e22b286c/1; https://files-api.properstar.com/api/v2/files/8613189d-3b10-4244-93dd-232d75c1a149/1; https://files-api.properstar.com/api/v2/files/7c7e822f-5140-4e99-b64f-76ac36d9b459/1; https://files-api.properstar.com/api/v2/files/73fa5395-6eab-47c0-85df-9990206e4461/1; https://files-api.properstar.com/api/v2/files/01d59047-ef22-4964-a628-25aab1963fcd/1; https://files-api.properstar.com/api/v2/files/5f5f6e75-5478-4c87-a80e-0869bf8c99e9/1; https://files-api.properstar.com/api/v2/files/61a5c253-85c3-4865-a8d0-2d9ad0811214/1; https://files-api.properstar.com/api/v2/files/a37ff62c-f25a-4123-8bd1-913d4f442c98/1; https://files-api.properstar.com/api/v2/files/ee7b24ab-8dc6-4c5d-8570-521a87bfd549/1; https://files-api.properstar.com/api/v2/files/02261ff9-0ba2-49de-a460-ca3689ee9d26/1; https://files-api.properstar.com/api/v2/files/90c360e2-a8ec-4109-baee-27f738c12952/1; https://files-api.properstar.com/api/v2/files/b5b9d78c-0a46-4313-a42d-ad212a2408cd/1; https://files-api.properstar.com/api/v2/files/8ef259d6-104f-4167-bda5-95efe04a2489/1; https://files-api.properstar.com/api/v2/files/a676243f-3bb8-4e29-b227-bb5dce27c1e6/1; https://files-api.properstar.com/api/v2/files/48dc6d1a-b398-41e8-825b-9a837bbaab9c/1; https://files-api.properstar.com/api/v2/files/37a8102c-ba26-4ff2-840a-65fa6a19e87c/1; https://files-api.properstar.com/api/v2/files/477298b0-517e-412a-9b24-5bc4fdff44ef/1; https://files-api.properstar.com/api/v2/files/e763a3c0-0f49-444c-960c-d23e15d4dcf2/1; https://files-api.properstar.com/api/v2/files/2e7c9464-b90a-4e8b-b121-78bc651c2c35/1; https://files-api.properstar.com/api/v2/files/af114c22-4a74-4308-9a6a-c8a93ccf41dd/1; https://files-api.properstar.com/api/v2/files/47a8b1c0-f045-463e-aa8f-76bf47974998/1; https://files-api.properstar.com/api/v2/files/549b306d-3fff-4138-9178-0328290153a5/1; https://files-api.properstar.com/api/v2/files/a21c3490-2c63-4f26-a262-5878e2c3f0fe/1; https://files-api.properstar.com/api/v2/files/7ac05b79-e11c-4dc7-9cd4-4616c3f1ac81/1; https://files-api.properstar.com/api/v2/files/92f7afad-0e53-4b1c-a563-a7dd791917c4/1; https://files-api.properstar.com/api/v2/files/59442d2c-182f-4853-97c7-0ebc913ecc6d/1; https://files-api.properstar.com/api/v2/files/1de1cce7-1931-488c-84f9-17bbd9dc5761/1; https://files-api.properstar.com/api/v2/files/3eb78cc0-88ad-449f-a4e6-8a2d4cf95016/1; https://files-api.properstar.com/api/v2/files/66b765cd-1b85-4c85-9af0-fce974c2a6c0/1; https://files-api.properstar.com/api/v2/files/39b89c3d-7f95-4e45-8ec1-fb5f3a2bb890/1; https://files-api.properstar.com/api/v2/files/60e740a1-436f-4eca-8ffa-f19724ffab4c/1; https://files-api.properstar.com/api/v2/files/a69ec0f4-ec4c-40aa-9004-bd49d7bdd638/1; https://files-api.properstar.com/api/v2/files/01c4041c-b805-47e3-8bef-ffb8d6871294/1; https://files-api.properstar.com/api/v2/files/05c7d076-145d-4923-b6ba-6d17129c7f4b/1; https://files-api.properstar.com/api/v2/files/e7f04d04-5745-4af1-86fa-d749049eca0d/1; https://files-api.properstar.com/api/v2/files/59f6f49b-3307-408d-afe2-cbcc3bb1bdf3/1; https://files-api.properstar.com/api/v2/files/dbb8871b-face-4906-a53d-22baaf8aff1a/1; https://files-api.properstar.com/api/v2/files/8ab1e686-17e9-4fc9-960e-08070a41070d/1; https://files-api.properstar.com/api/v2/files/a36f3488-119f-4fd2-a360-8205ecd8332a/1; https://files-api.properstar.com/api/v2/files/9d6a5b48-f102-42c3-8e8e-0a5d4d0c5a43/1; https://files-api.properstar.com/api/v2/files/7fb744ad-4b02-41d7-a168-a328773a2d3d/1; https://files-api.properstar.com/api/v2/files/1bb587c3-b281-4114-abcb-ee40937381ed/1
117040483,329 Colina Del Sol SL26-13097,https://www.properstar.co.uk/listing/117040483,"GBP 230,921","329 Colina Del Sol, La Paz, Mexico",24.1709,-110.298017,2,2,1248.61414,Apartment,The Agency | La Paz,2026-05-28T02:39:58.893,https://files-api.properstar.com/api/v2/files/52452dc4-f6c3-4fae-8d57-f44c6032a461/1; https://files-api.properstar.com/api/v2/files/15c16895-25a5-40ad-baa7-3e65b8c0220b/1; https://files-api.properstar.com/api/v2/files/39e0b13e-bd09-475a-b709-c8474c47fc94/1; https://files-api.properstar.com/api/v2/files/909ae907-55fe-4617-af39-d4f668f49144/1; https://files-api.properstar.com/api/v2/files/74621071-a115-4569-9a48-8594a402db5f/1; https://files-api.properstar.com/api/v2/files/6d79494a-42d2-44b7-8b2a-39ed7719b134/1; https://files-api.properstar.com/api/v2/files/5e3592d6-d686-40db-a1e8-5a413e34723d/1; https://files-api.properstar.com/api/v2/files/437d615e-bcd2-4920-b252-e34f84452e08/1; https://files-api.properstar.com/api/v2/files/20421147-3f02-4350-b020-4bc6add9b196/1; https://files-api.properstar.com/api/v2/files/846dd599-eb04-4e54-ad4b-c0a8a4265ac9/1; https://files-api.properstar.com/api/v2/files/141c2242-1a82-4b0b-9b3f-bbdd25f71f9a/1; https://files-api.properstar.com/api/v2/files/1408ee5f-2f3e-49ba-8017-00e4aaace90e/1; https://files-api.properstar.com/api/v2/files/ead8223f-3786-430b-8373-f7b1530f146a/1; https://files-api.properstar.com/api/v2/files/8ef7066d-833e-44c3-88a6-c79065308946/1; https://files-api.properstar.com/api/v2/files/dbd8458b-fa4a-40bc-828a-d1554a052269/1; https://files-api.properstar.com/api/v2/files/8110843c-2e3b-44b0-b679-b8cbcff37496/1; https://files-api.properstar.com/api/v2/files/8da482cb-2d93-4083-9af0-c7b045ffdb26/1; https://files-api.properstar.com/api/v2/files/2ebf769b-cd74-4264-939d-e961ba0aca69/1; https://files-api.properstar.com/api/v2/files/8502c8af-c2a3-456d-9ea0-2632c403f061/1; https://files-api.properstar.com/api/v2/files/91923392-0b2a-46b8-8e0b-b5dc186fd73a/1; https://files-api.properstar.com/api/v2/files/73d74c6d-e6cb-4b50-a7f1-bdf14849d146/1; https://files-api.properstar.com/api/v2/files/44575483-63de-4aba-badd-90d77204af61/1; https://files-api.properstar.com/api/v2/files/91ea0465-f37e-4f45-bc99-ca1f0d8b0a72/1
111526448,Equinox,https://www.properstar.co.uk/listing/111526448,"GBP 4,325,196","6P33+36, 23019 La Paz, BCS, Mexico, La Paz, Mexico",24.202946,-110.296858,5,6,8492.944,House,Engel & Völkers Los Cabos,2025-11-09T02:56:19.497,https://files-api.properstar.com/api/v2/files/c79ae331-8b27-4b40-a1df-b21bc1e5e6b3/2; https://files-api.properstar.com/api/v2/files/e6c04fd0-d174-418a-bf27-3e6c378fe927/2; https://files-api.properstar.com/api/v2/files/dad3b380-85dc-4699-b1d3-566d97a25786/2; https://files-api.properstar.com/api/v2/files/a1d215af-b812-4f27-be21-f676c6643233/2; https://files-api.properstar.com/api/v2/files/b102f1e4-4b77-4abe-8b9f-38b8a74b87b6/2; https://files-api.properstar.com/api/v2/files/64a724ca-7204-4fcc-b069-1d7b777a8a3c/2; https://files-api.properstar.com/api/v2/files/5b010976-b7e1-4bfa-973d-90bc1afa81b0/2; https://files-api.properstar.com/api/v2/files/c30ac5ef-a3b8-4da5-9e22-5af8d6f62631/2; https://files-api.properstar.com/api/v2/files/ff7ab29b-b3b2-4ddf-8bc5-cf928605993c/2; https://files-api.properstar.com/api/v2/files/beb4116b-e493-4177-b572-2bb0162ece4b/2; https://files-api.properstar.com/api/v2/files/4fdee545-ebb9-4b20-9418-a90e960d8a85/2; https://files-api.properstar.com/api/v2/files/03819552-a4c7-435d-8dca-67fbf712798a/2; https://files-api.properstar.com/api/v2/files/dced21f1-5b51-4909-b3dd-17d361b4848c/1; https://files-api.properstar.com/api/v2/files/4276f7d4-c256-4bf0-bd1f-f57123c7b1a9/2; https://files-api.properstar.com/api/v2/files/5df104f9-c53f-4b41-a810-4701ff241858/2; https://files-api.properstar.com/api/v2/files/f52bbe3f-eaf9-45b0-bfb5-fcd5978b026f/2; https://files-api.properstar.com/api/v2/files/35466fc5-34f3-4882-90ef-3360cf345811/2; https://files-api.properstar.com/api/v2/files/d9a01973-758d-4197-b77a-aa5750b5761d/2; https://files-api.properstar.com/api/v2/files/ac6751ef-5071-4591-bd53-9041dc1eb377/2; https://files-api.properstar.com/api/v2/files/553bc2b1-a797-43fc-bab3-10aef6f2c784/2; https://files-api.properstar.com/api/v2/files/9a676d4b-a5ed-4a8a-a131-dbee181542ad/2; https://files-api.properstar.com/api/v2/files/e06c5fd3-a5f3-4563-9c6e-a785071e83d2/2; https://files-api.properstar.com/api/v2/files/77d0989c-4a3b-479f-a5c2-4543c21a0526/2; https://files-api.properstar.com/api/v2/files/8451ec8e-cfbf-49dc-959f-3f66c4a5799f/2; https://files-api.properstar.com/api/v2/files/7306b588-035a-45dd-94e2-1657dd3056a4/2; https://files-api.properstar.com/api/v2/files/e42af3be-c80b-45cd-ae36-e98005a2813a/2; https://files-api.properstar.com/api/v2/files/5e5ea4ed-456f-4fee-92dd-9ee48a1bb9e9/2
111978962,1010 Guillermo Prieto SL25-28706,https://www.properstar.co.uk/listing/111978962,"GBP 403,196","1010 Guillermo Prieto, La Paz, Mexico",24.167637,-110.305886,2,2,3767.37,House,The Agency | Todos Santos,2025-11-27T14:00:33.813,https://files-api.properstar.com/api/v2/files/4dbaff4a-dabc-47cb-83a6-7b68b45f282d/1; https://files-api.properstar.com/api/v2/files/6d483627-7a99-4113-ad5d-b50ff888eea6/1; https://files-api.properstar.com/api/v2/files/f3460763-4b03-4cd1-ab9b-7fecf2f09be4/1; https://files-api.properstar.com/api/v2/files/b8d44468-4e22-4bb7-8ad3-cf6b07026e61/1; https://files-api.properstar.com/api/v2/files/4e7182aa-5fbe-4dcc-a2a7-9c16cc55d7e4/1; https://files-api.properstar.com/api/v2/files/0f8bffb9-901d-447c-ae9f-317d81e478a5/1; https://files-api.properstar.com/api/v2/files/ec8fd405-f9a9-4b2c-b0fb-b2bfef666923/1; https://files-api.properstar.com/api/v2/files/b1f703ba-6273-42c6-a2c4-734c94290107/1; https://files-api.properstar.com/api/v2/files/286d3c4d-6bca-4bdb-8020-761b94920e7a/1; https://files-api.properstar.com/api/v2/files/24e79894-8f2e-4daf-8eca-76e07c9147c2/1; https://files-api.properstar.com/api/v2/files/0fb9c7f2-ed9e-43fb-948c-c458b2f99037/1; https://files-api.properstar.com/api/v2/files/7a7ce91d-ed6b-42b8-a95e-d9cfa2611f6c/1; https://files-api.properstar.com/api/v2/files/cb895a43-f747-4415-a33c-a56b1a63b85d/1; https://files-api.properstar.com/api/v2/files/cea2c17f-3121-4244-9a09-2d40238f8465/1; https://files-api.properstar.com/api/v2/files/dd5b1e84-ee76-4dbb-bdb0-5c38bca2fd07/1; https://files-api.properstar.com/api/v2/files/c89af80a-404b-4ad4-b138-4ca7c5fffbc0/1; https://files-api.properstar.com/api/v2/files/8a95f8ff-9aea-4945-a0d6-ea0fdccb3d4f/1; https://files-api.properstar.com/api/v2/files/7ae1a6af-8da0-4b31-9307-0ba51ab6f282/1; https://files-api.properstar.com/api/v2/files/8f898bd6-e3ee-4771-8195-012fb8d84658/1; https://files-api.properstar.com/api/v2/files/bf57e7f9-c691-4df0-bafd-afa3e41f33b5/1; https://files-api.properstar.com/api/v2/files/52f9ba64-9574-41f3-a5fb-ad1a5510b831/1; https://files-api.properstar.com/api/v2/files/49867ffc-7613-43fc-8755-82ef0d662db3/1; https://files-api.properstar.com/api/v2/files/1e53de1b-0815-464c-b4ec-0ba9663aca05/1; https://files-api.properstar.com/api/v2/files/b634e379-1674-49f6-81ae-9c3b693145b7/1; https://files-api.properstar.com/api/v2/files/be8f9fff-2112-4345-b4fd-c04200e6fdea/1; https://files-api.properstar.com/api/v2/files/308f7be4-d3ec-4218-963f-1944adbe036b/1; https://files-api.properstar.com/api/v2/files/a222a8f1-0a39-45ed-b088-e32ff06eeddd/1; https://files-api.properstar.com/api/v2/files/1b5a6597-f24e-46f8-a4b2-86b8b11ae68e/1; https://files-api.properstar.com/api/v2/files/ed265ee4-473a-4827-b0ed-e31d36baa9f8/1; https://files-api.properstar.com/api/v2/files/c59f1eeb-a54c-4bb5-ac79-6e024694dad0/1; https://files-api.properstar.com/api/v2/files/7eec1bd9-1c20-4f9c-ba05-179de77177be/1; https://files-api.properstar.com/api/v2/files/3face655-1411-4d8f-bbb9-a55ba0ec5ab9/1; https://files-api.properstar.com/api/v2/files/890050cc-b26b-4fc7-9654-75374c393bf2/1; https://files-api.properstar.com/api/v2/files/37269d51-4cb0-4854-a89f-c0a337cd238d/1; https://files-api.properstar.com/api/v2/files/adaf87ac-1159-4f2c-9afc-cc8a802cb422/1; https://files-api.properstar.com/api/v2/files/29a51ee5-eefe-423e-bab5-9a5a17e8ad68/1
110044402,Colina del Sol SL25-23034,https://www.properstar.co.uk/listing/110044402,"GBP 381,204","Colina del Sol, La Paz, Mexico",24.17162,-110.300349,3,2,1851.39331,Apartment,The Agency | La Paz,2025-09-13T13:53:54.05,https://files-api.properstar.com/api/v2/files/e8a8cb87-7f09-47d0-ad81-30b8a53e529c/1; https://files-api.properstar.com/api/v2/files/913f351e-a6bd-4cee-b696-e9b54ef5dce4/1; https://files-api.properstar.com/api/v2/files/29a3338c-236d-4dbe-898e-87a3e9f1b93d/1; https://files-api.properstar.com/api/v2/files/d4a9484a-7442-416e-b665-e88cbeed72d2/1; https://files-api.properstar.com/api/v2/files/46fad40f-1b76-499f-8ace-1ae2374d03c2/1; https://files-api.properstar.com/api/v2/files/f3e15711-e051-44a6-bf7b-f56062c07952/1; https://files-api.properstar.com/api/v2/files/447d4906-ae44-4fdf-8021-22368504c689/1; https://files-api.properstar.com/api/v2/files/e317612a-af4a-4c6e-8f6a-4b858ea17267/1; https://files-api.properstar.com/api/v2/files/ebbcfb6d-685e-492a-9704-c5e7bb06c2f7/1; https://files-api.properstar.com/api/v2/files/d327aaf3-415d-4855-9380-13d2e656cbb2/1; https://files-api.properstar.com/api/v2/files/0a711883-11c1-4479-af20-27d4727d4d99/1; https://files-api.properstar.com/api/v2/files/b0b8e37d-a32b-4372-8234-a8ea7db858ca/1; https://files-api.properstar.com/api/v2/files/829b19d6-ff4d-4693-a1b9-0f4f46557d2c/1; https://files-api.properstar.com/api/v2/files/4c74b244-82ba-41cc-887b-45f588fb628c/1; https://files-api.properstar.com/api/v2/files/281e42d2-d371-4f93-82a4-9aa009de5675/1; https://files-api.properstar.com/api/v2/files/e248fd1e-e37f-41da-a209-5da4f24c8694/1; https://files-api.properstar.com/api/v2/files/d7896cce-d608-4b4a-8f2e-f595467e48a2/1; https://files-api.properstar.com/api/v2/files/eb5877da-2843-4428-bfac-73b735e86646/1; https://files-api.properstar.com/api/v2/files/8dd57602-aaa3-4c2a-b894-d5d43a325d3a/1; https://files-api.properstar.com/api/v2/files/4d8c62dc-10c9-4d8f-b71c-263937bfca57/1; https://files-api.properstar.com/api/v2/files/b06036f7-59e1-4eb9-926d-5c8f620eb7b1/1; https://files-api.properstar.com/api/v2/files/627b9148-c651-452a-bc4a-5e74f7ccc9e1/1; https://files-api.properstar.com/api/v2/files/2a201602-3d43-4e84-bd0a-c0ea4039a062/1; https://files-api.properstar.com/api/v2/files/6792fbce-0f9e-470e-ab5e-1e623555d99d/1
113860243,Historic Luxury Residence for Sale Steps from the Malecón in Downtown La Paz,https://www.properstar.co.uk/listing/113860243,"GBP 4,398,504","Independencia 574, Zona Central, 23000 La Paz, B.C.S., Mexico, La Paz, Mexico",24.160131,-110.311077,11,19,8955.577,Twin house,Investing in Cabo,2026-02-11T04:13:43,https://files-api.properstar.com/api/v2/files/620fc7c2-b233-4c2c-9ef1-80d41f28db73/1; https://files-api.properstar.com/api/v2/files/38adf242-1b45-41cf-b195-09adcf47322d/1; https://files-api.properstar.com/api/v2/files/b96aef04-d6cf-4edd-879f-8ead9a760b6a/1; https://files-api.properstar.com/api/v2/files/2df7d88a-d25b-4f9c-b342-139216880f7f/1; https://files-api.properstar.com/api/v2/files/41bb91ef-9d48-4cbb-a90d-c2ff187e3e6e/1; https://files-api.properstar.com/api/v2/files/ac131765-42a8-44d7-8c9b-bbae94a84fb9/1; https://files-api.properstar.com/api/v2/files/b0cb6f3c-ccc9-43f8-a21d-7e0842a9d452/1; https://files-api.properstar.com/api/v2/files/16374354-de5d-4fd4-b15e-9c69718998a8/1; https://files-api.properstar.com/api/v2/files/4f160e1b-97f8-4a8c-8256-055fe8719850/1; https://files-api.properstar.com/api/v2/files/1f57122a-a2d6-42e9-bde2-a9a522e833cf/1; https://files-api.properstar.com/api/v2/files/53f52e26-efbd-41a5-904c-6038d331b695/1; https://files-api.properstar.com/api/v2/files/ab9b258e-8218-42ef-8967-b1bf91bdb44a/1; https://files-api.properstar.com/api/v2/files/16c81cfa-63e7-49e9-b501-b63f95d5e1c1/1; https://files-api.properstar.com/api/v2/files/8483d8e3-56d7-4ff1-a037-8c962cae3d08/1; https://files-api.properstar.com/api/v2/files/28ed4bae-a45b-46b4-bce0-134b23b79538/1; https://files-api.properstar.com/api/v2/files/ba657118-6b02-481d-91c9-6ee610b79b3e/1; https://files-api.properstar.com/api/v2/files/5f32d0d4-f992-418b-8784-f23857bab23d/1; https://files-api.properstar.com/api/v2/files/381b1915-ad05-49a2-a049-6953a22d145d/1; https://files-api.properstar.com/api/v2/files/977c8012-49b2-4093-bcf5-bf2b6c4e7f9e/1; https://files-api.properstar.com/api/v2/files/b7e9616f-c20a-4118-9b38-bcbf9291c721/1; https://files-api.properstar.com/api/v2/files/19dec5aa-c06d-41bb-bf25-81e791537d03/1; https://files-api.properstar.com/api/v2/files/05f0910b-f97a-4dcb-8db8-65facfb9a88e/1; https://files-api.properstar.com/api/v2/files/3876074b-7d15-48df-86e0-6a914174a137/1; https://files-api.properstar.com/api/v2/files/9830672d-4c6e-45ef-bc00-912d876a19d7/1; https://files-api.properstar.com/api/v2/files/deb1de5f-6a6f-4e0b-a78e-032f58c85560/1; https://files-api.properstar.com/api/v2/files/b985bfc2-1d4a-4aa9-b7da-581ee66ce46a/1; https://files-api.properstar.com/api/v2/files/0aab4348-7e28-4ad1-9bea-3ee80d800870/1; https://files-api.properstar.com/api/v2/files/54da7736-a272-4d78-b5a1-9756b213a09c/1; https://files-api.properstar.com/api/v2/files/bc0196eb-c760-454c-a5e7-215d3881620f/1; https://files-api.properstar.com/api/v2/files/5206f9b2-2f06-47a7-823a-97fab00ed955/1; https://files-api.properstar.com/api/v2/files/d4fb2f46-109f-4d6a-a6ee-aa398105df75/1; https://files-api.properstar.com/api/v2/files/e1388879-8ee3-4b58-8181-081c5cf4cf1f/1; https://files-api.properstar.com/api/v2/files/714ffa36-367a-473e-8294-d9d46b4a7b6c/1; https://files-api.properstar.com/api/v2/files/26beac11-72eb-413b-8bf6-45f31cad76da/1; https://files-api.properstar.com/api/v2/files/ef1dc63c-599a-4f44-9804-5b83629ea105/1; https://files-api.properstar.com/api/v2/files/dc1aefef-c68f-441f-b4fd-9673dfac25b1/1; https://files-api.properstar.com/api/v2/files/0e10a525-c6b0-4940-b06b-5a37edcfed5b/1; https://files-api.properstar.com/api/v2/files/732da648-802c-43ce-9044-df05ad32593c/1; https://files-api.properstar.com/api/v2/files/bdedb2fe-0fcd-4db0-9171-a28bd41d6c0d/1; https://files-api.properstar.com/api/v2/files/1109c2bf-aae2-4e2c-a53b-b75bf7da59c6/1; https://files-api.properstar.com/api/v2/files/f1b85366-ae86-4199-863c-b36a290d845c/1
111054975,Hotel Aquamarina Ramirez e/ Allende y Juarez,https://www.properstar.co.uk/listing/111054975,"GBP 1,081,299","Ramirez e/ Allende y Juarez, La Paz, Mexico",24.142641,-110.312753,10,10,3765.9707,House,Engel & Völkers Los Cabos,2025-10-22T03:00:32.63,https://files-api.properstar.com/api/v2/files/0f891bed-26f1-49d9-99d2-9d46967ec661/2; https://files-api.properstar.com/api/v2/files/fe409da1-257b-4235-bba6-4baffba80f3d/2; https://files-api.properstar.com/api/v2/files/024761ff-3981-4d3b-9e5c-23bba32cd3af/2; https://files-api.properstar.com/api/v2/files/c33aec21-16c9-469d-943c-8ec0d0b526d9/2; https://files-api.properstar.com/api/v2/files/586fece1-8cb6-4ce8-8e08-ea7c2196656b/2; https://files-api.properstar.com/api/v2/files/b48431ec-f980-414d-a642-353e04f67e4a/2; https://files-api.properstar.com/api/v2/files/627cae39-4046-4836-a865-45defebcbb06/2; https://files-api.properstar.com/api/v2/files/1c61dd10-678b-4303-ba76-bc8c7bf59334/2; https://files-api.properstar.com/api/v2/files/4b401822-5c62-450d-9492-1ebf35cb040d/2; https://files-api.properstar.com/api/v2/files/a1f60a4c-b929-436c-91fe-9c044b8f0a74/2; https://files-api.properstar.com/api/v2/files/8c3f1a2d-e9db-4267-a1d6-b57539bdb797/2; https://files-api.properstar.com/api/v2/files/2fe59f23-a30d-42b3-825a-885b66e7ceba/2; https://files-api.properstar.com/api/v2/files/737ba113-46e0-4c95-a542-96a5e17c58db/2; https://files-api.properstar.com/api/v2/files/d8b84e0b-7c68-4969-bb6b-6a3978a51646/2; https://files-api.properstar.com/api/v2/files/556c12e8-b4e0-4d7c-b1a5-3dbcdb6c0bc6/2; https://files-api.properstar.com/api/v2/files/4d9f57f0-15f4-4ef7-88c1-19de94774988/2; https://files-api.properstar.com/api/v2/files/8378dbe0-3d7e-40f7-8058-07ab8e281667/2; https://files-api.properstar.com/api/v2/files/1ec58bac-15e0-40f8-8199-86f387589d1c/2; https://files-api.properstar.com/api/v2/files/11c1cbe3-12b8-47f0-8b96-392eb866cc67/2; https://files-api.properstar.com/api/v2/files/5fd39ee0-7605-4767-a3a9-54ecabbd0fc0/2; https://files-api.properstar.com/api/v2/files/299d6aca-554c-4e70-8bbc-73b8389717b2/2; https://files-api.properstar.com/api/v2/files/7671222d-8ec9-495f-8771-4502c6dc039e/2; https://files-api.properstar.com/api/v2/files/3554bd62-3375-4357-90ec-3ecf30780145/2; https://files-api.properstar.com/api/v2/files/4982c273-bddc-41a9-b322-f17c663fa869/2; https://files-api.properstar.com/api/v2/files/14c7ef74-11a7-464f-a797-c751d0ddbee8/2; https://files-api.properstar.com/api/v2/files/95dbc137-06a6-4010-ae96-973b532fc617/2; https://files-api.properstar.com/api/v2/files/7fcf19e9-5b41-49a4-96e7-0e79cea3a67d/2; https://files-api.properstar.com/api/v2/files/6649619e-f003-45f2-9cd3-75d5305abc24/2
116998142,"For Sale Villa with Private Pool in Terra Pedregal, La Paz Baja Sur",https://www.properstar.co.uk/listing/116998142,"GBP 711,091","6P43+FH, La Paz, Mexico",24.206187,-110.296063,3,3,3014.757,House,Century 21 Legendary Realty,2026-05-26T17:25:58,https://files-api.properstar.com/api/v2/files/d52b33b4-6dac-4ece-8a52-615b08f277ce/1; https://files-api.properstar.com/api/v2/files/75a12ee7-9230-4746-a973-399fc7757fae/1; https://files-api.properstar.com/api/v2/files/81ee4d86-4163-45e5-9764-939061e08e5e/1; https://files-api.properstar.com/api/v2/files/9388d1fb-bffe-4dba-a2d1-e9cbdc761cd9/1; https://files-api.properstar.com/api/v2/files/63c1b363-c261-4c1a-8d91-c724c0a3d5c3/1; https://files-api.properstar.com/api/v2/files/201bccc9-6788-4846-8fb6-b857d696960c/1; https://files-api.properstar.com/api/v2/files/3149ec9f-a4fe-4aed-9457-b15d4a3eaf19/1; https://files-api.properstar.com/api/v2/files/86a8c339-a38c-46f1-97da-cf1e97b5739e/1
114668650,"Sea of Cortez View Residence in Real de Palmira, La Paz",https://www.properstar.co.uk/listing/114668650,"GBP 1,598,123","280 Bahía de San Lucas, La Paz, Mexico",24.179504,-110.298419,4,1,9192.383,House,Century 21 Legendary Realty,2026-03-09T20:52:11,https://files-api.properstar.com/api/v2/files/b9b245b0-3c7d-46a0-9dc8-683e5fa0d0e0/1; https://files-api.properstar.com/api/v2/files/be19959a-07a0-4c2e-a4ef-aeab9b494607/1; https://files-api.properstar.com/api/v2/files/b83eb1c7-6bbe-4494-9892-670127351d3a/1; https://files-api.properstar.com/api/v2/files/35a7e962-be2b-4ac9-9398-98b82d138816/1; https://files-api.properstar.com/api/v2/files/50c8858b-1474-4b5e-8840-997ac3ae7d80/1; https://files-api.properstar.com/api/v2/files/ec872f4c-bb69-4ec7-9432-16d23ca441cc/1; https://files-api.properstar.com/api/v2/files/4d364022-30b2-48a3-aeed-171317b23044/1; https://files-api.properstar.com/api/v2/files/20f64bd1-37c7-48bc-846f-5b93cfffe50e/1; https://files-api.properstar.com/api/v2/files/5fd59eb0-a0d8-4fe4-87ad-a7299191681e/1; https://files-api.properstar.com/api/v2/files/2394488c-27bd-41a6-ae0d-5da63619491a/1; https://files-api.properstar.com/api/v2/files/382e2dbb-6a85-48f2-ad40-c54759782095/1; https://files-api.properstar.com/api/v2/files/eb68fde4-6214-4586-bee6-48856d5553c2/1; https://files-api.properstar.com/api/v2/files/39ef80fb-b91c-4d7d-b554-fa6c9a03bc5c/1; https://files-api.properstar.com/api/v2/files/f9c76d0e-17d3-4044-9f2f-f78062399af7/1; https://files-api.properstar.com/api/v2/files/ed502a90-ec3f-48ea-a468-f855436b0615/1; https://files-api.properstar.com/api/v2/files/71eb6f98-5240-4b80-b849-0c0f42c18331/1; https://files-api.properstar.com/api/v2/files/25fce117-37bb-4323-9d4b-5e905fa80933/1; https://files-api.properstar.com/api/v2/files/add239bb-08cd-4baa-b3b1-268c9204a62a/1; https://files-api.properstar.com/api/v2/files/221389ce-1b71-42e6-8337-9ace3268ea65/1; https://files-api.properstar.com/api/v2/files/46c9ad58-4831-4bd5-8639-bba3a8b801d3/1
109946706,Colina del Sol SL25-22613,https://www.properstar.co.uk/listing/109946706,"GBP 234,587","Colina del Sol, La Paz, Mexico",24.17162,-110.300349,2,2,1248.61414,Apartment,The Agency | La Paz,2025-09-10T13:57:44.093,https://files-api.properstar.com/api/v2/files/c961aa45-7c03-489e-8b07-4cae9b639b8c/2; https://files-api.properstar.com/api/v2/files/a12689ae-44b9-4d85-8774-10cfb61efecc/1; https://files-api.properstar.com/api/v2/files/43feab71-a550-45ac-86b4-84b25404b658/2; https://files-api.properstar.com/api/v2/files/a35a89c9-4898-4bab-88c0-9c60db6f667b/1; https://files-api.properstar.com/api/v2/files/4e946adf-eaa5-49a5-b65e-77cc2df6974a/2; https://files-api.properstar.com/api/v2/files/4bccba1c-0de6-480a-a387-837ce776f743/2; https://files-api.properstar.com/api/v2/files/a7ef6515-e092-4abe-b426-e9c238680fe4/2; https://files-api.properstar.com/api/v2/files/25fd411d-cf57-4aff-9306-da01e8a50fb8/2; https://files-api.properstar.com/api/v2/files/1b10b41a-f0e3-4ad3-a700-f185f56d78a0/1; https://files-api.properstar.com/api/v2/files/ad3c0625-0cde-4585-9c3c-00b77cdbe4c5/2; https://files-api.properstar.com/api/v2/files/fda600bf-8c40-44bb-90da-315be67782a9/1; https://files-api.properstar.com/api/v2/files/e1e7744e-0e36-4ae2-ae8f-63ec12c84243/1; https://files-api.properstar.com/api/v2/files/255c9ef0-313c-4f46-8a84-5198d96acde5/2; https://files-api.properstar.com/api/v2/files/8b9229e6-8fe4-466b-ae88-dbd7e42a0e9d/1; https://files-api.properstar.com/api/v2/files/369c4fcf-c42a-4dff-8ba1-3c2ae2480862/1; https://files-api.properstar.com/api/v2/files/9d9cb17f-28bc-417c-8424-98b83326528e/2; https://files-api.properstar.com/api/v2/files/a92bb647-f3ad-4241-b5e9-28a5ef5da67c/2; https://files-api.properstar.com/api/v2/files/9c2ec482-897c-4111-983d-fe9021074796/2; https://files-api.properstar.com/api/v2/files/2bdcce58-ede1-40d3-9048-083a0dbc0a9d/1; https://files-api.properstar.com/api/v2/files/0148ae20-1b5c-4d67-a0fb-67cf0f9730b3/2; https://files-api.properstar.com/api/v2/files/2505dd3f-5f5a-4502-9f31-9a87355d6f2b/2; https://files-api.properstar.com/api/v2/files/1c910ad5-f63f-4f99-80c1-325299a273db/2; https://files-api.properstar.com/api/v2/files/f97bf183-2be9-4eba-857d-17d0447c9769/2; https://files-api.properstar.com/api/v2/files/017a9827-42e3-467d-b65d-525f6619a356/1; https://files-api.properstar.com/api/v2/files/05611147-c7dc-4d82-a0e2-c1c0319a9ddb/1; https://files-api.properstar.com/api/v2/files/6b3d6b7a-8b86-41fe-8ced-a2cb21ad641c/1; https://files-api.properstar.com/api/v2/files/c9228573-049f-4753-8c9f-e150b824c0bc/2; https://files-api.properstar.com/api/v2/files/192205a7-ed0f-486f-8f1a-ee7e5a7f472a/2; https://files-api.properstar.com/api/v2/files/21fb2486-3377-4f8c-a3d2-41f4158e56e8/1; https://files-api.properstar.com/api/v2/files/349d806a-4486-48d7-88aa-e2e7a898bde2/1; https://files-api.properstar.com/api/v2/files/a0285ad2-a179-4c16-81ba-5404746565d9/2; https://files-api.properstar.com/api/v2/files/e14cfea8-5d56-4743-959e-78be925a2361/2; https://files-api.properstar.com/api/v2/files/c04f7fd5-1831-453b-a248-47082a004a8b/1; https://files-api.properstar.com/api/v2/files/03f83d03-5d69-4ee3-ade3-1b2919de601c/1; https://files-api.properstar.com/api/v2/files/da0f4e83-fca2-4b51-bc50-3e3ded2e73b8/1; https://files-api.properstar.com/api/v2/files/67648e48-641a-4821-bbf9-61b8b1cbe5b2/2
118056749,Malva Marvista Condo 301,https://www.properstar.co.uk/listing/118056749,"GBP 259,132","Circuito de Las Bugambilias, La Paz, Mexico",24.142641,-110.312753,2,2,925.6967,Apartment,Dream Baja Realty,2026-06-23T03:26:28.703,https://files-api.properstar.com/api/v2/files/3f01bbbd-6293-4ed4-82e5-a57aeb622277/1; https://files-api.properstar.com/api/v2/files/d3e26de2-67b6-438d-b807-db0b006962f9/1; https://files-api.properstar.com/api/v2/files/a210916f-e251-411e-88bf-6f2268959ff8/1; https://files-api.properstar.com/api/v2/files/3a5b274c-2dc3-437c-958c-bfc2a461464b/1; https://files-api.properstar.com/api/v2/files/af3f2240-4015-4afb-bf50-197dca1a4bc6/1; https://files-api.properstar.com/api/v2/files/4f508925-e484-43ff-b7e2-c807d2e53d2f/1; https://files-api.properstar.com/api/v2/files/a1fa6110-60c2-45f9-a7dd-c6ff32f6d6d5/1; https://files-api.properstar.com/api/v2/files/ab0d5647-fb98-4db5-8f15-7edfd921bc64/1; https://files-api.properstar.com/api/v2/files/482571df-074d-489c-95f1-aa4c26335cfc/1; https://files-api.properstar.com/api/v2/files/86e27057-c805-42dd-ab67-c4624721f79c/1; https://files-api.properstar.com/api/v2/files/05089cf2-07e1-4ae4-a4f3-be2c470d3658/1; https://files-api.properstar.com/api/v2/files/f7469578-6e69-4655-90cf-627e3d77f1e5/1
118056837,"3 Bedroom House for Sale in Puerta Cortés, La Paz, B.C.S.",https://www.properstar.co.uk/listing/118056837,"GBP 732,351","carretera osceanica, La Paz, Mexico",24.176694,-110.299604,4,3,1937.50464,House,Century 21  Legendary Realty,2026-06-23T03:26:28.703,https://files-api.properstar.com/api/v2/files/f5e72f4f-9faa-4abe-8299-9cd0c8044bf3/1; https://files-api.properstar.com/api/v2/files/000df767-3d3e-4b87-bee3-18ca22399ce6/1; https://files-api.properstar.com/api/v2/files/14b412b5-6c4f-46f0-b735-f0c614e1a843/1; https://files-api.properstar.com/api/v2/files/9f6c8c54-76fa-4e2f-93ab-8667ea645d7a/1; https://files-api.properstar.com/api/v2/files/cd42c87d-31ff-4e65-8831-2296f2ea001c/1; https://files-api.properstar.com/api/v2/files/fbdac3e6-c8e9-400c-b059-05846b0304f7/1; https://files-api.properstar.com/api/v2/files/08879ac5-8105-42ac-9c15-067063117cf3/1; https://files-api.properstar.com/api/v2/files/e4d11d87-9555-4720-812c-d30a337129e3/1; https://files-api.properstar.com/api/v2/files/bf89cfa0-9425-47f0-b220-f8c77e3b3de4/1; https://files-api.properstar.com/api/v2/files/b51ffed2-76fb-4cb6-b7bd-56aae2f7246d/1; https://files-api.properstar.com/api/v2/files/8e4126ca-a855-440c-b862-195290eb4663/1; https://files-api.properstar.com/api/v2/files/d46ad10f-1ab3-46e4-8a29-be1cbbee1e95/1; https://files-api.properstar.com/api/v2/files/abd4488a-5dfb-4e54-a47d-7836ab9950db/1; https://files-api.properstar.com/api/v2/files/b17bdde6-6d4d-4737-ac93-4a0378c7e503/1; https://files-api.properstar.com/api/v2/files/f83f99ca-01ea-4520-bba1-f2743b2cc2b4/1; https://files-api.properstar.com/api/v2/files/663d46b4-8984-4aac-953b-320fbbbe5c21/1; https://files-api.properstar.com/api/v2/files/2eb15ced-50cd-4048-9111-adc1c1ffc17c/1; https://files-api.properstar.com/api/v2/files/2c3ae031-60c5-4767-919b-7f3d7186bbb1/1; https://files-api.properstar.com/api/v2/files/e6e8be92-d966-443a-9d06-5cfb360a48c8/1; https://files-api.properstar.com/api/v2/files/64edea59-47c3-48ee-8ed4-da997d6cd5b0/1; https://files-api.properstar.com/api/v2/files/cf9a1fa6-f5f2-4361-b4e8-8aa944a47662/1; https://files-api.properstar.com/api/v2/files/16cd298e-e8f8-4b16-8d49-b3629e110ee0/1; https://files-api.properstar.com/api/v2/files/54b35b01-da66-42e8-8362-5b6fa7374d01/1; https://files-api.properstar.com/api/v2/files/332faf24-6a52-4cc3-9aa9-aa3ffecbbe07/1; https://files-api.properstar.com/api/v2/files/ec49def8-3163-4b53-ad21-f51823ce984a/1; https://files-api.properstar.com/api/v2/files/e5d7c9d4-6172-496e-96b6-a32c3ece6fa8/1; https://files-api.properstar.com/api/v2/files/87744259-8798-4432-ad13-5ceb115493ae/1; https://files-api.properstar.com/api/v2/files/3e1c58ac-5d41-4548-9ebb-922a120041d2/1; https://files-api.properstar.com/api/v2/files/6ce74a3b-5b41-489c-9f52-3f7d15e236dd/1; https://files-api.properstar.com/api/v2/files/97b0776d-3a21-4fb8-b704-f8188cfeca57/1; https://files-api.properstar.com/api/v2/files/f49d679c-24bf-4a94-af3b-a7b99836639a/1; https://files-api.properstar.com/api/v2/files/67928d27-8931-43bc-bd7c-d0d944db48e6/1; https://files-api.properstar.com/api/v2/files/4c8a169a-c3ca-4a6c-afa6-f07ed0f25a71/1; https://files-api.properstar.com/api/v2/files/f2fb4542-fed1-4dcb-8db6-5c4d0ff421e0/1; https://files-api.properstar.com/api/v2/files/d796fd8d-f137-4418-aa95-3af449560619/1
118086560,Casa Hidalgo,https://www.properstar.co.uk/listing/118086560,"GBP 211,861","Casa Hidalgo -, La Paz, Mexico",24.152756,-110.298115,2,2,1162.50281,House,RONIVAL Real Estate,2026-06-24T03:42:49.23,https://files-api.properstar.com/api/v2/files/2fba17ba-cefa-43f3-b26a-d3924bdbb19e/1; https://files-api.properstar.com/api/v2/files/26f5cd21-dcb2-4ce7-a4e2-21fe751262e3/1; https://files-api.properstar.com/api/v2/files/d08e269f-1f8e-4a33-bb06-4144bd49ac6d/1; https://files-api.properstar.com/api/v2/files/1ae1b352-0513-495f-8707-bffe6e3fc019/1; https://files-api.properstar.com/api/v2/files/aba3db93-2934-481f-b4db-41f81f921e93/1; https://files-api.properstar.com/api/v2/files/a5a73291-b48d-4b58-823a-8555c45617ea/1; https://files-api.properstar.com/api/v2/files/6b4e3e78-8fd1-400e-9660-7c1d08843357/1; https://files-api.properstar.com/api/v2/files/bd3a5278-5955-4512-89e2-14656584b9a1/1; https://files-api.properstar.com/api/v2/files/7f44c9d8-9b3f-4430-a9ad-96bcffde0b30/1; https://files-api.properstar.com/api/v2/files/65b918da-53a3-414e-aefb-a2ba655177f3/1; https://files-api.properstar.com/api/v2/files/48ef8062-7299-4bca-a189-8e7de43a0f09/1; https://files-api.properstar.com/api/v2/files/63eabe43-d6bf-4c0f-b820-278c0b5e8a95/1; https://files-api.properstar.com/api/v2/files/2d1fe056-ae1c-4881-8d19-bb5abf09fadc/1; https://files-api.properstar.com/api/v2/files/abd171c3-7e06-4fdf-9f92-11a8d241a497/1; https://files-api.properstar.com/api/v2/files/a6a5584c-aaab-4e12-8603-691308530704/1; https://files-api.properstar.com/api/v2/files/8e1f65f7-69eb-4c24-b63b-d278b81e52ac/1; https://files-api.properstar.com/api/v2/files/443947c1-c916-43cb-a6d8-7aac5a915b88/1; https://files-api.properstar.com/api/v2/files/09adac2a-6347-4f59-8045-6892ead14f98/1; https://files-api.properstar.com/api/v2/files/70294774-3d57-4c25-88f4-71ad8e13544a/1; https://files-api.properstar.com/api/v2/files/ee6f00b6-c920-4a6f-8c6a-173342df522f/1; https://files-api.properstar.com/api/v2/files/ddab7f4e-f48c-44d6-beb3-d7e29b313283/1; https://files-api.properstar.com/api/v2/files/32430f02-bae2-4f4e-aced-0c10564b9416/1; https://files-api.properstar.com/api/v2/files/99dc2ef1-64bf-42dc-900e-6639be15db6b/1; https://files-api.properstar.com/api/v2/files/0a91e413-b2a7-4f83-a3ee-8b1861d804c0/1; https://files-api.properstar.com/api/v2/files/de7dd9c1-c37f-4db5-82d4-e77e8be1da20/1; https://files-api.properstar.com/api/v2/files/7074865b-33d8-4d23-8696-84804eaf1e22/1; https://files-api.properstar.com/api/v2/files/35928ff9-15d3-40e8-80df-a2ae594c7ea8/1; https://files-api.properstar.com/api/v2/files/b682f695-90ab-4109-939f-8b87bbd4a32c/1; https://files-api.properstar.com/api/v2/files/3b0cf5f4-27de-40bd-b0d9-54074d1da2b7/1; https://files-api.properstar.com/api/v2/files/c71197bc-660a-47f6-b0fb-7b65b0dacb0f/1; https://files-api.properstar.com/api/v2/files/e29c1c3c-b4d8-406a-8d05-5581b968aa20/1; https://files-api.properstar.com/api/v2/files/38e47735-0c9f-4db0-a926-5158fb4e2744/1; https://files-api.properstar.com/api/v2/files/463ae6bf-a936-471f-9430-c4c8606017c8/1; https://files-api.properstar.com/api/v2/files/4ae984a5-e6d5-4acf-97ec-22420783f1e8/1; https://files-api.properstar.com/api/v2/files/30401d21-07c2-45d3-b7e2-8cb5d7bf7611/1; https://files-api.properstar.com/api/v2/files/9f7e79fc-8029-48c2-a6bb-29751b17469f/1; https://files-api.properstar.com/api/v2/files/d7713937-6742-4e1e-8dee-816c5f989b6c/1
118057435,"3 Bedroom Villa for Sale in Pedregal, La Paz, B.C.S.",https://www.properstar.co.uk/listing/118057435,"GBP 711,091","sn, La Paz, Mexico",24.216868,-110.296626,3,3,3013.896,House,Century 21  Legendary Realty,2026-06-23T03:26:28.703,https://files-api.properstar.com/api/v2/files/bb41bbb7-78d1-404f-adb6-6a105bf3764a/1; https://files-api.properstar.com/api/v2/files/c081b045-653c-41c8-afd9-0e69ee75dbe3/1; https://files-api.properstar.com/api/v2/files/c41775d0-84a2-4b90-9325-057bd1896a64/1; https://files-api.properstar.com/api/v2/files/35bcad15-caec-4efb-8ade-70891cbcf136/1; https://files-api.properstar.com/api/v2/files/06a5f48f-a2aa-4cd3-9c41-a8ecbb61ee6a/1; https://files-api.properstar.com/api/v2/files/efc59d90-59bd-478c-9961-46ce667707a0/1; https://files-api.properstar.com/api/v2/files/3fc3e2ae-af2b-41fa-b4c2-95238d760db1/1; https://files-api.properstar.com/api/v2/files/fe528940-8fbe-4dea-a72f-e0094ced253b/1
118185103,"House for sale, Rio Nilo Baja California Sur (La Paz, Mexico)",https://www.properstar.co.uk/listing/118185103,"GBP 498,331","Rio Nilo, La Paz, Mexico",24.126285,-110.344881,3,3,3293.00439,Detached house,Coldwell Banker Riveras,2026-06-27T00:20:53.053,https://files-api.properstar.com/api/v2/files/fc382f02-6c76-4f09-9a92-e2114d417120/1; https://files-api.properstar.com/api/v2/files/ed5fd5cb-2ee1-4ba5-bc69-c833c167296d/1; https://files-api.properstar.com/api/v2/files/bb818773-3cd9-4396-82ba-44d85e7c01ed/1; https://files-api.properstar.com/api/v2/files/15197cd4-282d-40da-bad1-73d2b8f73970/1; https://files-api.properstar.com/api/v2/files/c80ded12-9ead-444b-bd42-b4b0318b2636/1; https://files-api.properstar.com/api/v2/files/d2aad686-64b7-4b9b-b9fd-d6ea0e457230/1; https://files-api.properstar.com/api/v2/files/664a4208-6917-4b13-9630-9acd73a108bb/1; https://files-api.properstar.com/api/v2/files/c8ec3c33-e5f9-4e33-b2eb-aae41402b880/1; https://files-api.properstar.com/api/v2/files/4cf3ae6b-647e-4477-9e20-0714113455e8/1; https://files-api.properstar.com/api/v2/files/c570d22d-aea5-4740-9c50-f77636df17b3/1; https://files-api.properstar.com/api/v2/files/e4ab811e-b0bb-4923-9849-f969e2202bb3/1; https://files-api.properstar.com/api/v2/files/f7c0332e-f11c-4b9e-aa5e-d14fbe7c917f/1; https://files-api.properstar.com/api/v2/files/d5ca8386-4259-4c46-b465-044fccaf48f6/1; https://files-api.properstar.com/api/v2/files/351fc3f5-032d-46db-8c0c-6bbab9669bae/1; https://files-api.properstar.com/api/v2/files/5586d2db-3d19-4099-8ada-bdb507140e6c/1; https://files-api.properstar.com/api/v2/files/b385461f-ec79-49f4-b604-835dcc7b1927/1; https://files-api.properstar.com/api/v2/files/380eed1f-9283-4efd-b06f-a81c96fdccb8/1; https://files-api.properstar.com/api/v2/files/3db54e93-ed66-4143-8c28-9c05c048a14e/1; https://files-api.properstar.com/api/v2/files/eedc8234-5321-4777-9cdd-72e24e451144/1; https://files-api.properstar.com/api/v2/files/e31ad1bc-e8f3-42df-a948-757072ce7fa0/1; https://files-api.properstar.com/api/v2/files/9c9163dc-3e0b-433a-ac08-d5e6c3b8ce81/1; https://files-api.properstar.com/api/v2/files/c88b0a9c-98f9-421a-b25d-32152749de62/1; https://files-api.properstar.com/api/v2/files/6e738c73-794c-4ae7-ae6f-a1997a3adcef/1; https://files-api.properstar.com/api/v2/files/ecde75ae-e5be-4d53-bae4-6bd55242b005/1; https://files-api.properstar.com/api/v2/files/9ecc3180-b6f3-4a14-8808-fe1ea539818b/1; https://files-api.properstar.com/api/v2/files/b7328a6f-4e67-4ac2-a2ae-1a862f547884/1; https://files-api.properstar.com/api/v2/files/e06d4389-137a-442b-8639-c3a55f3614d0/1; https://files-api.properstar.com/api/v2/files/e9de5499-1f42-45b5-bfa7-027aa162aa4f/1; https://files-api.properstar.com/api/v2/files/49a9be19-f9ab-46fa-bcf6-f285d945a71b/1; https://files-api.properstar.com/api/v2/files/ed226b64-c363-4b5e-a125-dfc4a8658289/1; https://files-api.properstar.com/api/v2/files/24ce8c6d-6128-484b-a57c-04b28dab1dd2/1; https://files-api.properstar.com/api/v2/files/8bd30614-77b3-4bdf-96cc-565df175de62/1; https://files-api.properstar.com/api/v2/files/87b14dd9-1007-42f8-99b5-3ed9af051d08/1; https://files-api.properstar.com/api/v2/files/aea54314-f000-4167-bd85-b0b86c7ce24b/1; https://files-api.properstar.com/api/v2/files/133377a7-f7a1-4911-8f70-4ff171b08502/1; https://files-api.properstar.com/api/v2/files/a7b6bd44-4a6b-4c76-bc2e-40f833bf33b9/1; https://files-api.properstar.com/api/v2/files/17d13e70-4d1f-4aa2-98e3-ca2b11614e8d/1; https://files-api.properstar.com/api/v2/files/ca12b808-508c-4610-b4d2-cb98219a7bc9/1; https://files-api.properstar.com/api/v2/files/02f9b6a5-6722-492f-9420-a71228218643/1; https://files-api.properstar.com/api/v2/files/33a85d47-21f3-474a-a1d9-b87d7e35007f/1; https://files-api.properstar.com/api/v2/files/fe6f6e41-4505-4e08-bbb3-756ccd6224c7/1; https://files-api.properstar.com/api/v2/files/23f9486a-f162-490d-95fc-abde424cc1de/1; https://files-api.properstar.com/api/v2/files/e34f1444-0af9-4d32-8d3e-8795c7ebaa5f/1; https://files-api.properstar.com/api/v2/files/701bf1c1-5045-40f0-b166-1f3237ef0a67/1; https://files-api.properstar.com/api/v2/files/6dceb027-add5-4960-901d-a2561b260ec5/1; https://files-api.properstar.com/api/v2/files/b333d154-2090-4fc6-83e3-d2ef009f78c0/1; https://files-api.properstar.com/api/v2/files/49f816c5-a526-4c40-b5ee-035bd299f69e/1; https://files-api.properstar.com/api/v2/files/3a933cbb-463d-46b4-97d5-297f84b8bd1d/1; https://files-api.properstar.com/api/v2/files/e62dd2b5-203a-49b8-8425-a3c908998398/1; https://files-api.properstar.com/api/v2/files/9631e491-6d05-44c9-be40-d0200260b999/1
117638302,Torre Bivalvia Unit 101 - Live steps from the iconic Malecón de La Paz,https://www.properstar.co.uk/listing/117638302,"GBP 355,332","C. Revolucion 1910, La Paz, Mexico",24.168133,-110.307989,2,2,32883.7578,Apartment,Dream Baja Realty,2026-06-16T03:38:09.733,https://files-api.properstar.com/api/v2/files/ea6551ef-5fde-4c12-a5a4-f5813a2db36d/1; https://files-api.properstar.com/api/v2/files/3c3f8f07-fd17-46f0-8bfa-3e4b0bc1b5df/1; https://files-api.properstar.com/api/v2/files/6b6a7dc6-0766-48c3-aa2a-2a32d1a33fe9/1; https://files-api.properstar.com/api/v2/files/c7d88956-bfdd-4d25-bf43-de9486592940/1; https://files-api.properstar.com/api/v2/files/2141b1d0-14b1-41ff-8c76-26d00ce97002/1; https://files-api.properstar.com/api/v2/files/5b08f7dd-34f0-4e01-8ea2-1e6bb5cb2825/1; https://files-api.properstar.com/api/v2/files/1efd6403-c9bf-4519-80d2-af4d4e643786/1; https://files-api.properstar.com/api/v2/files/11eb1753-d91a-4407-a2c9-92b082eb9f2f/1; https://files-api.properstar.com/api/v2/files/8dfedfe7-33af-49fb-b56d-3b2118408913/1; https://files-api.properstar.com/api/v2/files/dc919e5f-7b3e-4a31-a261-f10ac9a79fc7/1; https://files-api.properstar.com/api/v2/files/11fa0f92-58f6-46a1-afef-58307ccbffa7/1; https://files-api.properstar.com/api/v2/files/a8d14488-d657-43b9-ab28-ee3de49ff236/1; https://files-api.properstar.com/api/v2/files/76db3e71-f523-4a26-ad42-61c4a3bcd9d7/1; https://files-api.properstar.com/api/v2/files/e35e7a4e-31e6-4ba0-b81c-cc10df9e127b/1; https://files-api.properstar.com/api/v2/files/f1485613-a905-461d-baae-5570604a20f8/1; https://files-api.properstar.com/api/v2/files/dca72d8d-f097-4863-a713-949b829b9e98/1; https://files-api.properstar.com/api/v2/files/a6253f96-b212-4103-98b7-a91e1b5b5a6c/1
117666666,"House for sale, Chiapas Baja California Sur (La Paz, Mexico)",https://www.properstar.co.uk/listing/117666666,"GBP 172,899","Chiapas, La Paz, Mexico",24.160474,-110.293647,4,3,2367.95361,Detached house,Coldwell Banker Riveras,2026-06-16T23:49:50.767,https://files-api.properstar.com/api/v2/files/6b251820-cbc5-4805-831e-ac0009039011/1; https://files-api.properstar.com/api/v2/files/a5106c75-f0a7-4855-b0a0-3948c07bf7a7/1; https://files-api.properstar.com/api/v2/files/484ad4a9-268e-4b63-b4a5-51ec484ec1ee/1; https://files-api.properstar.com/api/v2/files/a92971d5-99ae-4625-b57f-38032286babe/1; https://files-api.properstar.com/api/v2/files/5925f267-6d32-4671-b128-7d79d06df6db/1; https://files-api.properstar.com/api/v2/files/a83d5453-6904-4442-a507-b3d8cb4adf1d/1; https://files-api.properstar.com/api/v2/files/7a21c327-3ecd-4782-9b3c-cc32c07a570e/1; https://files-api.properstar.com/api/v2/files/d168d8db-297c-4fe8-aa72-4ab3c87d93da/1; https://files-api.properstar.com/api/v2/files/4437769b-2373-4995-9e21-90249e0b2353/1; https://files-api.properstar.com/api/v2/files/c8c90809-5251-48f5-ad4b-d6531154b2d3/1; https://files-api.properstar.com/api/v2/files/5d081498-b905-4850-b566-dcd697efd406/1; https://files-api.properstar.com/api/v2/files/5d56f37e-c3f5-48b3-b29f-74fe9e235e45/1; https://files-api.properstar.com/api/v2/files/8c26e965-f7aa-43ac-904e-cbc98fae6627/1; https://files-api.properstar.com/api/v2/files/f40775b9-a3e9-4ec7-83b6-8d1401eb84b3/1; https://files-api.properstar.com/api/v2/files/5052f3a6-15b0-465e-81ec-5e9d3800a7ae/1; https://files-api.properstar.com/api/v2/files/b9ea8a59-e599-44a0-aba9-cbc6bf8c5e55/1; https://files-api.properstar.com/api/v2/files/276bea61-5623-4895-8117-a46dde168436/1; https://files-api.properstar.com/api/v2/files/d9f9f77f-889d-48a5-882d-6ff018f4392a/1; https://files-api.properstar.com/api/v2/files/3661162a-c799-4fb2-95b8-24b0fe391893/1; https://files-api.properstar.com/api/v2/files/d6448293-e01f-4689-8432-98eba536c475/1; https://files-api.properstar.com/api/v2/files/d55a90da-d8c6-40ff-88eb-f6e8fc415e47/1; https://files-api.properstar.com/api/v2/files/44c94c13-735b-401b-b305-a26e406c05f9/1; https://files-api.properstar.com/api/v2/files/8b0b111d-99ff-4227-9121-90934875ce92/1; https://files-api.properstar.com/api/v2/files/0580c69c-6d0d-469a-ad30-fb86e2f47d03/1; https://files-api.properstar.com/api/v2/files/8766e1ba-1768-4fcd-bad3-b33d9c868b90/1
117814196,HOUSE FOR SALE IN COLONIA DIANA LAURA,https://www.properstar.co.uk/listing/117814196,"GBP 108,333","ACCESOS S/N, La Paz, Mexico",24.083153,-110.303328,3,2,1001.04413,House,CENTURY 21 A & B,2026-06-21T03:02:52.393,https://files-api.properstar.com/api/v2/files/af72c539-a488-4c9e-a4e5-3be40d4c381c/1; https://files-api.properstar.com/api/v2/files/72b30b63-5396-46c2-bf4b-92bba7cf53ac/1; https://files-api.properstar.com/api/v2/files/aaf9610e-7964-4ed6-abbb-c0ffcd14cdf4/1; https://files-api.properstar.com/api/v2/files/4820b75d-b1bc-4ea9-b5ef-191d94e2e8af/1; https://files-api.properstar.com/api/v2/files/9c6c215c-c0ec-4a77-b526-ade45970634b/1; https://files-api.properstar.com/api/v2/files/c261190f-4fb9-41e1-a496-8b39e91987a8/1; https://files-api.properstar.com/api/v2/files/749bd02b-4084-48b9-bffa-405fe31893be/1; https://files-api.properstar.com/api/v2/files/45b70253-c083-462d-8f75-670764195e0c/1; https://files-api.properstar.com/api/v2/files/1d299a45-6e37-450e-a6f5-ddbd49b26bd8/1; https://files-api.properstar.com/api/v2/files/a82e005b-b9cc-4f7b-824b-71f4164fea13/1; https://files-api.properstar.com/api/v2/files/ead9722d-ee95-49a4-b5c8-acebb0b38ad7/1; https://files-api.properstar.com/api/v2/files/96e298f6-62e1-4911-adc7-2ee31e6e7237/1; https://files-api.properstar.com/api/v2/files/49cdb97f-c4d9-4095-9038-ce144c271225/1
117638303,Torre Bivalvia Unit 201 - Live steps from the iconic Malecón de La Paz,https://www.properstar.co.uk/listing/117638303,"GBP 355,332","C. Revolucion 1910, La Paz, Mexico",24.168133,-110.307989,2,2,32883.7578,Apartment,Dream Baja Realty,2026-06-16T03:38:09.733,https://files-api.properstar.com/api/v2/files/410a7325-3b8e-40f7-80bd-d566884585aa/1; https://files-api.properstar.com/api/v2/files/c5fcf62d-ada5-498e-aab9-70acc224cc86/1; https://files-api.properstar.com/api/v2/files/16f3e6dd-b26f-43fc-bcd6-5d86507a0211/1; https://files-api.properstar.com/api/v2/files/87cf8d05-5b51-429c-9895-eeb5e36471b1/1; https://files-api.properstar.com/api/v2/files/3567686c-c387-4cac-aeac-7037d29f94b4/1; https://files-api.properstar.com/api/v2/files/701ebb94-ae95-4075-aaf1-4fec59680ddc/1; https://files-api.properstar.com/api/v2/files/b09fa490-1e44-4515-ac28-1aa46ad12252/1; https://files-api.properstar.com/api/v2/files/822a4611-3ce8-40e4-afb6-de836996526e/1; https://files-api.properstar.com/api/v2/files/ca1f3638-503c-4cf3-8d26-772ed056f221/1; https://files-api.properstar.com/api/v2/files/e3202bfe-87ac-4dbd-8b4f-11ec3474cb52/1; https://files-api.properstar.com/api/v2/files/679da41f-0c68-4c45-a87f-eecbf0a807c9/1; https://files-api.properstar.com/api/v2/files/30987cb7-443d-4be1-8ac8-60435e072512/1; https://files-api.properstar.com/api/v2/files/a9c8f691-264b-4d20-a5a1-c7098b652f35/1; https://files-api.properstar.com/api/v2/files/d628aa95-e7f2-48dc-ae4c-3013d700ddaa/1; https://files-api.properstar.com/api/v2/files/510cdc14-5022-4846-871d-4671036d1d09/1; https://files-api.properstar.com/api/v2/files/05ff4a2e-9253-47d2-b0b7-13d1dc9f967f/1; https://files-api.properstar.com/api/v2/files/e2892d3a-a881-4e78-a222-c3bfb4bb8151/1
117571816,"Casa Galeta, Portobello Residencial - Coto 3 Lt 27",https://www.properstar.co.uk/listing/117571816,"GBP 172,808","Via Genova, La Paz, Mexico",24.129496,-110.295646,2,2,1227.0863,House,RIM Inmobiliaria,2026-06-13T03:20:47.497,https://files-api.properstar.com/api/v2/files/5c22e4b9-babd-4f47-936e-ed04b4e2557b/1; https://files-api.properstar.com/api/v2/files/af96556d-c221-41ba-b819-cc7ac712fbd2/1; https://files-api.properstar.com/api/v2/files/a9a875d9-0f8e-4f6d-b088-6c3de9db5df4/1; https://files-api.properstar.com/api/v2/files/22fffd45-7ebe-4b96-aa74-5c24f5e38465/1; https://files-api.properstar.com/api/v2/files/9f32cff4-8604-403e-8b14-bf83ea020c4c/1; https://files-api.properstar.com/api/v2/files/7e7623e8-1c06-44f5-b1a2-894a98a6088a/1; https://files-api.properstar.com/api/v2/files/85fe0d10-87d2-4d27-b3f9-119d0ee8415d/1; https://files-api.properstar.com/api/v2/files/7f42148d-fa7e-436f-adeb-df97a85937a4/1; https://files-api.properstar.com/api/v2/files/73f4f2c5-7ecb-4d5e-b3e7-896b79a91295/1; https://files-api.properstar.com/api/v2/files/b8241d3b-eeb4-49de-bf48-4a6c3fce62b1/1; https://files-api.properstar.com/api/v2/files/a4d8f73b-a84c-466d-92ed-658f687827e3/1; https://files-api.properstar.com/api/v2/files/d3c707b6-4937-43d6-a2ea-1ebd4698f17d/1; https://files-api.properstar.com/api/v2/files/8e461b44-27a9-44a4-bc72-37b6633fd224/1; https://files-api.properstar.com/api/v2/files/2223600c-218d-4aac-9bb2-0c7508ffef58/1; https://files-api.properstar.com/api/v2/files/f9725715-907d-4edc-908d-6e2dcc2e401f/1; https://files-api.properstar.com/api/v2/files/57110336-a4e6-46a3-9601-897904b0cafc/1; https://files-api.properstar.com/api/v2/files/0cc925ef-6376-4af7-bf0d-261ad7f6334e/1; https://files-api.properstar.com/api/v2/files/2b17a6a6-172c-4ffd-a3a9-a68d8dd2c0a5/1; https://files-api.properstar.com/api/v2/files/67fc746c-c312-4bf5-b39a-aaf9e789346c/1; https://files-api.properstar.com/api/v2/files/18da603d-4371-4416-bf82-f7e5798a0bd5/1; https://files-api.properstar.com/api/v2/files/57c2e62a-b294-40be-b239-8830c50c069a/1; https://files-api.properstar.com/api/v2/files/471f6e8f-bcdb-4bd1-827a-8e29d3a4f0fb/1; https://files-api.properstar.com/api/v2/files/dfe5b0d7-23ce-4d91-95e9-f2dfbd5912e5/1
117517520,"Casa Porto, Portobello Residencial - Coto 3 Lt 27",https://www.properstar.co.uk/listing/117517520,"GBP 201,031","Via Genova, La Paz, Mexico",24.129496,-110.295646,3,2,1539.23975,House,RIM Inmobiliaria,2026-06-12T03:19:33.407,https://files-api.properstar.com/api/v2/files/88d293a7-cf65-4d97-a11d-a0b0df264876/1; https://files-api.properstar.com/api/v2/files/9c255c2e-a062-4933-b375-c36b014a55a4/1; https://files-api.properstar.com/api/v2/files/7eaf85f4-6792-4ca5-948c-e724c77d7557/1; https://files-api.properstar.com/api/v2/files/8d95eca9-4f16-444d-a70a-77b3ee9e00bc/1; https://files-api.properstar.com/api/v2/files/b3af8e21-20b1-4e61-833b-50043ad78335/1; https://files-api.properstar.com/api/v2/files/8d908b39-22de-46d9-8db6-b9e3aa5abf16/1; https://files-api.properstar.com/api/v2/files/851a0b31-9d29-41f1-b5af-52db85b2e063/1; https://files-api.properstar.com/api/v2/files/572a7bc2-b5c9-4a67-b56a-c62bb6631760/1; https://files-api.properstar.com/api/v2/files/7f03ba1a-8bd2-4e2a-b598-e75a466767e3/1; https://files-api.properstar.com/api/v2/files/e69b3945-9c21-4c65-880b-d1037fbbd90c/1; https://files-api.properstar.com/api/v2/files/fa97ae12-916c-4526-b338-c6ed69f867e6/1; https://files-api.properstar.com/api/v2/files/b2c967a6-525a-40b3-ac5c-f534b456c685/1; https://files-api.properstar.com/api/v2/files/a4ebbeaf-c002-4024-ad5e-a04efb3bd6bb/1; https://files-api.properstar.com/api/v2/files/fbf0b4a2-b022-4b11-8ee9-ef6219bb2c8e/1; https://files-api.properstar.com/api/v2/files/945eb436-f027-462f-86e8-604057c84340/1; https://files-api.properstar.com/api/v2/files/963dde9a-8667-43a4-a092-82c414b7949d/1; https://files-api.properstar.com/api/v2/files/ea9d3e44-377c-4218-85e9-eec631012560/1; https://files-api.properstar.com/api/v2/files/5e67976f-0202-47a8-8248-5fb5443cbc6a/1; https://files-api.properstar.com/api/v2/files/f860c516-d22c-42da-866d-541a7467965b/1; https://files-api.properstar.com/api/v2/files/011ce0fa-cd1a-43e6-853b-873c3e414af3/1; https://files-api.properstar.com/api/v2/files/3650de96-60c4-4b04-a02b-b10950b2cd19/1; https://files-api.properstar.com/api/v2/files/74310b32-fb26-45f3-b705-4aa93cd68d88/1; https://files-api.properstar.com/api/v2/files/396da6c2-c655-495f-b1da-1854a6fa74d7/1; https://files-api.properstar.com/api/v2/files/1240f2d2-79ba-4de0-a0e2-feaa899e054d/1; https://files-api.properstar.com/api/v2/files/60d82fdf-cf6f-4e9e-a42c-3e2882dab568/1; https://files-api.properstar.com/api/v2/files/6507ae2f-2c8c-4b1d-9499-47a246155f0a/1; https://files-api.properstar.com/api/v2/files/44f38108-d20c-45af-b470-f4079ecfb456/1; https://files-api.properstar.com/api/v2/files/e4f8e6a3-47bf-4611-b198-19066e05b179/1
117484222,House in La Fuente,https://www.properstar.co.uk/listing/117484222,"GBP 21,450","Baja California Sur, La Paz, La Fuente, La Fuente, Mexico",24.065911,-110.299604,3,2,,House,GLI Inmobiliaria,2026-06-11T04:03:17.9,https://files-api.properstar.com/api/v2/files/74ef8ef1-279a-48ca-ab7d-e9e1276476e4/1; https://files-api.properstar.com/api/v2/files/5f9aa8ce-b440-4cf1-8bc8-99ab50535966/1; https://files-api.properstar.com/api/v2/files/5b361771-2b08-433e-a125-c4db32870271/1; https://files-api.properstar.com/api/v2/files/7dbd2e78-6acd-4988-9c73-706a4fefb47e/1; https://files-api.properstar.com/api/v2/files/c8c74159-8eb6-4e1a-8b5a-9d84e90e03ba/1; https://files-api.properstar.com/api/v2/files/b641f80d-a3df-4c78-b29f-8042a9620c54/1; https://files-api.properstar.com/api/v2/files/7f921bde-23d4-4b28-a8b5-e9670d322eae/1; https://files-api.properstar.com/api/v2/files/9df6218e-6666-46a5-8298-dfb2fea3e60c/1; https://files-api.properstar.com/api/v2/files/a053d642-6e49-4b06-83e8-499403eb248f/1; https://files-api.properstar.com/api/v2/files/4d9d8955-4c15-49ff-b024-96bd5b217f62/1; https://files-api.properstar.com/api/v2/files/ecf0a245-809d-4322-b406-ac9ba705f8e5/1; https://files-api.properstar.com/api/v2/files/631ae1df-57f4-42e8-b838-29d7ba52d96f/1; https://files-api.properstar.com/api/v2/files/ac2308ed-2d6f-4a16-afed-d2c018196309/1; https://files-api.properstar.com/api/v2/files/aee921ee-3744-47d4-af72-b282b20580cd/1; https://files-api.properstar.com/api/v2/files/247b2651-e3c7-4658-912e-bccd7c7c4893/1; https://files-api.properstar.com/api/v2/files/c26e1839-df9b-46ac-a10b-21106773b760/1; https://files-api.properstar.com/api/v2/files/38f2c937-c009-4300-a3b1-ea0353ffc30e/1
117571818,"Casa Porto, Portobello Residencial - Coto 3 Lt 30",https://www.properstar.co.uk/listing/117571818,"GBP 199,807","Via Genova, La Paz, Mexico",24.129496,-110.295646,3,2,1539.23975,House,RIM Inmobiliaria,2026-06-13T03:20:47.497,https://files-api.properstar.com/api/v2/files/71c6a8b7-a68b-43d5-9de5-1b32d1cb454c/1; https://files-api.properstar.com/api/v2/files/eecd4c4c-4b0b-4723-8473-4982fcef18fd/1; https://files-api.properstar.com/api/v2/files/afe26dd3-9d40-47b7-a733-8f3d17c2aaf2/1; https://files-api.properstar.com/api/v2/files/96e1d1b5-b8f0-49d3-9baf-b6dd1d3b12ab/1; https://files-api.properstar.com/api/v2/files/38b76525-3512-4b0b-86e6-8b9130089c66/1; https://files-api.properstar.com/api/v2/files/bbec1ea3-ccce-4082-8a70-a8220a5f1abf/1; https://files-api.properstar.com/api/v2/files/9a1881d9-dbef-445f-9714-675165437778/1; https://files-api.properstar.com/api/v2/files/72944801-2d64-4551-97a8-16298a4077c6/1; https://files-api.properstar.com/api/v2/files/e2d620e7-02a3-4ed5-90d1-3e9d920feabf/1; https://files-api.properstar.com/api/v2/files/f1b116f9-8566-4a81-a990-f07245dfa075/1; https://files-api.properstar.com/api/v2/files/36a52105-7c95-46dd-bb61-27a77af222cf/1; https://files-api.properstar.com/api/v2/files/57656d38-56dc-457c-a05d-a8ad0499d2ae/1; https://files-api.properstar.com/api/v2/files/cefd0c11-364c-4d49-8305-32bb36516a0b/1; https://files-api.properstar.com/api/v2/files/d7b88175-b491-4ecf-ac7f-58d83b2c0ea1/1; https://files-api.properstar.com/api/v2/files/4fe8b109-44b3-45f0-8833-2ef99f9adfd5/1; https://files-api.properstar.com/api/v2/files/975c957e-9e42-4107-b679-fdd826b8f3cb/1; https://files-api.properstar.com/api/v2/files/813682ab-726c-4ae9-8ce5-c695339aada1/1; https://files-api.properstar.com/api/v2/files/50a63667-3bda-437e-a559-3e5eb28d8cbc/1; https://files-api.properstar.com/api/v2/files/725e9aae-52ac-4b15-92bd-9ab0a423f814/1; https://files-api.properstar.com/api/v2/files/e7c0b232-66c5-4512-b4a4-3881d57cfae2/1; https://files-api.properstar.com/api/v2/files/47147f5f-2cb4-4fda-940b-fbcad3fe8054/1; https://files-api.properstar.com/api/v2/files/a032b3e1-29ef-498d-83aa-0717c9e4025d/1; https://files-api.properstar.com/api/v2/files/b5ae3608-bfe2-4b04-bc8c-573f84c005ff/1; https://files-api.properstar.com/api/v2/files/ba94a314-54da-4ae8-9638-193d8a661f68/1; https://files-api.properstar.com/api/v2/files/0c4ba638-a787-448a-9e8f-5b720d73d830/1; https://files-api.properstar.com/api/v2/files/39027951-1ef7-4569-8f15-fbf06e0f4d7d/1; https://files-api.properstar.com/api/v2/files/36afe0dd-dc09-4b51-9517-b557955a52fb/1
117482747,Playa de La Paz Beach Paradise Km 6.5 Ctra. Escenica a Pichilingue 207,https://www.properstar.co.uk/listing/117482747,"GBP 1,099,626","Playa de La Paz Beach Paradise Km 6.5 Ctra. Esceni 207, La Paz, Mexico",24.185219,-110.300883,2,2,2045.1438,House,RONIVAL Real Estate,2026-06-11T03:26:12.3,https://files-api.properstar.com/api/v2/files/82103ce2-6352-4abf-9903-c0eca48d6513/1; https://files-api.properstar.com/api/v2/files/29df7c01-bf9f-40c4-8597-3ec0190cbbbf/1; https://files-api.properstar.com/api/v2/files/31731f58-f2d4-4c5f-95df-0017a14b43d2/1; https://files-api.properstar.com/api/v2/files/cb6803ae-0d41-45f7-ab6d-4c3e390d64d5/1; https://files-api.properstar.com/api/v2/files/e73e3066-9b78-4503-ba48-d4167bf37648/1; https://files-api.properstar.com/api/v2/files/b30110ff-dd79-408c-aca1-ba330acf1201/1; https://files-api.properstar.com/api/v2/files/17037315-9b8e-4f3f-9c47-04082fc2dc90/1; https://files-api.properstar.com/api/v2/files/c10691f9-9534-4cfe-9964-6031d2119952/1; https://files-api.properstar.com/api/v2/files/93a2983a-be0d-4b8d-b960-f479077d3b44/1; https://files-api.properstar.com/api/v2/files/5d32ad99-32b6-4b17-80c2-ed43ef2e62ce/1; https://files-api.properstar.com/api/v2/files/a404d2bf-3c1c-43c0-87bc-30793124a234/1; https://files-api.properstar.com/api/v2/files/67dba8d7-95e9-4941-bfb0-82d57b99ba8e/1; https://files-api.properstar.com/api/v2/files/9e3d8d49-9c39-48c1-8750-bb89f903a84e/1; https://files-api.properstar.com/api/v2/files/e08e9e89-3452-491f-bb9f-d0fdc267786e/1; https://files-api.properstar.com/api/v2/files/ba03e86f-b180-41fd-b61d-2d17644ac079/1; https://files-api.properstar.com/api/v2/files/3724ae02-92c5-4cf0-8f90-bcacc10b23b6/1; https://files-api.properstar.com/api/v2/files/0e1c2e62-81b4-4318-8531-a9199cc6c7ae/1; https://files-api.properstar.com/api/v2/files/7a0c4c9f-f3f9-4e42-be4f-5c2dacd26937/1; https://files-api.properstar.com/api/v2/files/79282698-d734-4f8e-befd-5bb5aef12c31/1; https://files-api.properstar.com/api/v2/files/c7038367-7fc9-478c-b43b-e7a984caab19/1; https://files-api.properstar.com/api/v2/files/ac4162b5-ae14-46a0-94c6-8d954548a5ba/1; https://files-api.properstar.com/api/v2/files/454cb084-cb34-4de5-888f-60206f17b00d/1; https://files-api.properstar.com/api/v2/files/18e59564-7a6a-4a7a-a1e4-58b41ced9eb5/1; https://files-api.properstar.com/api/v2/files/264a98cd-487c-4796-93da-549eafd38549/1; https://files-api.properstar.com/api/v2/files/73db13c4-d556-4419-af53-c6a66f1a390d/1; https://files-api.properstar.com/api/v2/files/15f64399-a83f-407d-8c99-2dd1b1f25eb2/1; https://files-api.properstar.com/api/v2/files/9e6a2585-7dc9-4ab8-901e-3c82021b947d/1; https://files-api.properstar.com/api/v2/files/cc93505c-51a2-485c-838a-b18f6662cee9/1; https://files-api.properstar.com/api/v2/files/d1ba8950-4b0d-49d5-be57-ad1fd39733a4/1; https://files-api.properstar.com/api/v2/files/b431e9b6-3f09-4ea7-8bb4-46922a333d57/1; https://files-api.properstar.com/api/v2/files/263e1a65-522d-4c51-a104-831ff899e2d7/1; https://files-api.properstar.com/api/v2/files/8d15199c-b465-40ea-8d80-0befa087dd30/1; https://files-api.properstar.com/api/v2/files/ff682493-8c49-418f-9fb4-882a380ff455/1; https://files-api.properstar.com/api/v2/files/c8b2ac02-2b04-4fba-a07c-bdf265d047f3/1; https://files-api.properstar.com/api/v2/files/562cc500-2282-40da-b720-c46fd36d06c9/1; https://files-api.properstar.com/api/v2/files/e4441b01-6d20-4acf-baec-ef8a0d158912/1; https://files-api.properstar.com/api/v2/files/853ea974-d6e6-4781-9dfc-dd55622a855c/1; https://files-api.properstar.com/api/v2/files/50554978-4c6a-4bd8-b802-2445dcfb2fec/1; https://files-api.properstar.com/api/v2/files/7e2dd0fb-8aa6-4868-99a0-8fe256f29fac/1
117485138,House in Sudcalifornia,https://www.properstar.co.uk/listing/117485138,"GBP 33,367","Baja California Sur, La Paz, Sudcalifornia, Sudcalifornia, Mexico",24.117222,-110.313753,4,2,,House,GLI Inmobiliaria,2026-06-11T04:03:17.9,https://files-api.properstar.com/api/v2/files/34d747ca-7c0b-4b75-a4dd-0d4fc28a3296/1; https://files-api.properstar.com/api/v2/files/12a91dd9-e0db-45d4-ab2f-b7bf8e593ecc/1; https://files-api.properstar.com/api/v2/files/34638e5b-564c-4f85-b216-c8d170fd2ab9/1; https://files-api.properstar.com/api/v2/files/adb702a9-f094-4fc4-b82d-f89be42e87e4/1; https://files-api.properstar.com/api/v2/files/35a6278a-ea75-4bec-b0e6-f0e4edb968a7/1; https://files-api.properstar.com/api/v2/files/1e862c71-ef5c-46d6-a1c8-676a8ad8a29f/1; https://files-api.properstar.com/api/v2/files/2559f443-e55c-46ff-9cd6-386ddf968da3/1
117408033,Villas de San Lorenzo 2040 Gobi Desert,https://www.properstar.co.uk/listing/117408033,"GBP 446,115","Desierto de Gobi, Villas de San Lorenzo 2040, La Paz, Mexico",24.112148,-110.314498,3,3,3067.71582,House,RONIVAL Real Estate,2026-06-09T03:12:59.493,https://files-api.properstar.com/api/v2/files/3b28097f-d28e-4d5e-8956-7079aedb2068/1; https://files-api.properstar.com/api/v2/files/b3828a75-55b0-411b-8732-24d370273da3/1; https://files-api.properstar.com/api/v2/files/3ce5482a-9665-4046-b3b7-0314c2fd6cd2/1; https://files-api.properstar.com/api/v2/files/1bdf54c6-17ac-43bc-aac3-7e866c0dfdbe/1; https://files-api.properstar.com/api/v2/files/6631f61a-214f-4b07-b659-8f339ca25e1e/1; https://files-api.properstar.com/api/v2/files/d1a70e39-1eae-440f-8c7a-02c3969cd85b/1; https://files-api.properstar.com/api/v2/files/c04fad20-90d8-46b1-8e61-c9c06520d828/1; https://files-api.properstar.com/api/v2/files/41147fa2-627e-4318-ab14-8d89a0bb1deb/1; https://files-api.properstar.com/api/v2/files/ad1af236-e19e-4cdf-b194-399e8a1bf351/1; https://files-api.properstar.com/api/v2/files/793325f6-7b72-444f-bea4-9f5dd3e14051/1; https://files-api.properstar.com/api/v2/files/c42a07f1-9084-4a1f-9dba-bfa132e17cab/1; https://files-api.properstar.com/api/v2/files/5744de05-22d0-41ed-889d-01bc6729783e/1; https://files-api.properstar.com/api/v2/files/df4d5c0a-3cb7-4445-9dbc-2dfecd99e1d0/1
117407804,CASA BALLENAS | The Fidepaz Jungle,https://www.properstar.co.uk/listing/117407804,"GBP 324,999","Av. Ballenas 118, La Paz, Mexico",24.126364,-110.339199,3,3,2238.89429,House,CENTURY 21 A & B,2026-06-09T03:12:59.493,https://files-api.properstar.com/api/v2/files/008a3c1e-33ed-4fd4-952b-bf93a6317864/1; https://files-api.properstar.com/api/v2/files/5e96a5f9-114e-48d9-8770-261fd939fac4/1; https://files-api.properstar.com/api/v2/files/6fcd4489-d317-4627-ae1b-7df2f27d018f/1; https://files-api.properstar.com/api/v2/files/67fe5340-0696-4f88-83c7-d8cded40725f/1; https://files-api.properstar.com/api/v2/files/0e69f835-3d55-441e-9e2a-401abfcdcf33/1; https://files-api.properstar.com/api/v2/files/1cf8693a-afeb-4bb2-96dd-bddd0134423c/1; https://files-api.properstar.com/api/v2/files/af4f20cd-aa78-4cb5-a26f-29571f2e9de9/1; https://files-api.properstar.com/api/v2/files/c9a0fb77-c264-4d0c-9a72-5d46f082847c/1; https://files-api.properstar.com/api/v2/files/3454ee2a-7db1-448f-b1f1-9e67710ff6c5/1; https://files-api.properstar.com/api/v2/files/63f9d0c1-68f7-4b85-86be-30ab77998a95/1; https://files-api.properstar.com/api/v2/files/02d769c6-ba90-4601-ba04-ef3dc6766839/1; https://files-api.properstar.com/api/v2/files/56f4de76-3791-4701-a786-94f327816e76/1; https://files-api.properstar.com/api/v2/files/cf445d71-319b-4914-b4e6-5b99fbc6dad4/1; https://files-api.properstar.com/api/v2/files/acd010df-a4d7-4af6-a7ed-fcbdbf0ccf28/1; https://files-api.properstar.com/api/v2/files/def769e4-59fc-406a-a248-7bf5fc21be6a/1
117484682,"GREAT BUYING OPPORTUNITY!! $494,999.00 BEAUTIFUL PROPERTY FOR SALE IN BAJA CALIFRONIA SUR.",https://www.properstar.co.uk/listing/117484682,"GBP 21,450","Baja California Sur, La Paz , La Paz, Mexico",24.142641,-110.312753,3,2,,House,GLI Inmobiliaria,2026-06-11T04:03:17.9,https://files-api.properstar.com/api/v2/files/29ca8333-4e1c-4615-8aa4-3e581ca21415/1; https://files-api.properstar.com/api/v2/files/87af1340-372b-4995-bbb3-b574813cefbf/1; https://files-api.properstar.com/api/v2/files/69219969-fccb-42c5-9938-b12486528f87/1; https://files-api.properstar.com/api/v2/files/1922f4fa-1e23-4447-afed-ff5564d1b7fe/1; https://files-api.properstar.com/api/v2/files/ce6f7869-e9fa-4cf9-84b7-ce62de97eaa3/1; https://files-api.properstar.com/api/v2/files/74ca3312-d81c-4d26-8cdf-c7f0cc7a4614/1; https://files-api.properstar.com/api/v2/files/9409bc20-2b45-48a6-b936-87e1e1d6b5f3/1; https://files-api.properstar.com/api/v2/files/7eb1a2a3-7ea5-4602-bd45-ab054d31981a/1; https://files-api.properstar.com/api/v2/files/687ebf11-41df-482a-8142-db15fe5d2a7e/1; https://files-api.properstar.com/api/v2/files/192f2b20-301c-4c05-a11f-709385002284/1; https://files-api.properstar.com/api/v2/files/70a3fd28-ec82-4ffa-8f33-7e218c85a792/1; https://files-api.properstar.com/api/v2/files/0bd05d59-7bfb-4b16-b06f-37b4bd55c9dd/1; https://files-api.properstar.com/api/v2/files/f4466e14-31e5-4ac4-b6fc-ea2b97a5df0a/1; https://files-api.properstar.com/api/v2/files/4e8a1244-425c-4b8b-8ca5-f01bb783c29d/1; https://files-api.properstar.com/api/v2/files/fe171d92-191f-4f85-a2fe-c43b82e3c870/1; https://files-api.properstar.com/api/v2/files/a1ddae42-7337-439f-ac92-10c4103e2c75/1; https://files-api.properstar.com/api/v2/files/0ceef037-043e-4ebe-a98a-a54684ff8498/1
117262823,Home Opportunity to Invest | 239 m² of Construction 7 Min from the Malecón,https://www.properstar.co.uk/listing/117262823,"GBP 203,666","Nayarit 845, La Paz, Mexico",24.140139,-110.321259,3,2,2572.57568,House,Joan Cota,2026-06-04T03:23:21.657,https://files-api.properstar.com/api/v2/files/8fdcd89a-7c35-4b55-b62e-e67676374abd/1; https://files-api.properstar.com/api/v2/files/cb702700-c566-4062-93f8-2b9ecf65796b/1; https://files-api.properstar.com/api/v2/files/c4fdb64e-e599-442d-8879-adbf4d6f848d/1; https://files-api.properstar.com/api/v2/files/91eb5c88-aea2-4de9-a229-51e04bf4632c/1; https://files-api.properstar.com/api/v2/files/908652eb-0a18-43a4-a3a8-a9804b3bbc78/1; https://files-api.properstar.com/api/v2/files/f2bcfc67-d873-427b-bc3a-a362566564a7/1; https://files-api.properstar.com/api/v2/files/f9bf32d8-f628-457d-b4c1-6ae6d6a28e38/1; https://files-api.properstar.com/api/v2/files/949ec049-ace9-4336-9fe0-daf85c2bb61a/1; https://files-api.properstar.com/api/v2/files/7b8a2e09-4c1d-4759-8987-b1453559206e/1; https://files-api.properstar.com/api/v2/files/7fe6b4f3-9872-4a96-ae69-847b86670015/1; https://files-api.properstar.com/api/v2/files/6c85e9ad-827c-4faf-a4ff-8993a82eb8bd/1; https://files-api.properstar.com/api/v2/files/96f2f8cf-5d0d-481b-85dc-bd3dd2bd5188/1; https://files-api.properstar.com/api/v2/files/7f61c253-fdd6-4aae-af9d-0530c58879c1/1; https://files-api.properstar.com/api/v2/files/0196193c-f569-4d9e-bb08-b217b25da25b/1; https://files-api.properstar.com/api/v2/files/81974c09-623f-4594-b8d9-43394a160ee4/1; https://files-api.properstar.com/api/v2/files/9676eeae-f5f3-4b08-908a-79093cd241b0/1; https://files-api.properstar.com/api/v2/files/0e0b1d5c-99c4-4540-9fe6-f7f32e77f18a/1; https://files-api.properstar.com/api/v2/files/4fe9845a-532d-4f01-a29e-fabbe36b0955/1; https://files-api.properstar.com/api/v2/files/f3e202a9-49fc-470b-8be6-8951a0d83b5d/1; https://files-api.properstar.com/api/v2/files/dd77a2cc-98a4-4c4c-8b62-481bea41a7a8/1; https://files-api.properstar.com/api/v2/files/d302cab7-6147-4bf9-b65c-86aabe874955/1; https://files-api.properstar.com/api/v2/files/84704210-7870-4f39-b8fd-b47287c3463e/1; https://files-api.properstar.com/api/v2/files/9d633dc0-6699-4c2a-81d7-66b8e4d460b7/1; https://files-api.properstar.com/api/v2/files/2ec35b02-e80e-42a0-be74-44faccd7315d/1
117220497,"House with Commercial Premises for Sale La Paz, Puebla.",https://www.properstar.co.uk/listing/117220497,"GBP 257,832","Puebla, Puebla, La Paz, La Paz, Mexico",24.142641,-110.312753,4,4,,House,Delat Bienes Raíces,2026-06-03T05:03:28.993,https://files-api.properstar.com/api/v2/files/98cf7f31-c0f3-4275-8902-291b791a2ff2/1; https://files-api.properstar.com/api/v2/files/013f0bd7-7897-4022-834c-9b998cb434f0/1; https://files-api.properstar.com/api/v2/files/eaf43e38-9e7a-4ca2-b0d4-10862b949fe4/1; https://files-api.properstar.com/api/v2/files/904e4f43-d9d4-40b0-8b07-b817b5b73fe3/1; https://files-api.properstar.com/api/v2/files/bc001904-2cdc-4758-aa4c-37e29a50b331/1; https://files-api.properstar.com/api/v2/files/5830f93c-821f-4b8b-811e-79d5bd4fa7ad/1; https://files-api.properstar.com/api/v2/files/f60b45fa-0b85-460b-9b30-9fe150d1a6b1/1; https://files-api.properstar.com/api/v2/files/fe4efe65-90e3-4bd9-8226-067ee3dfbad5/1; https://files-api.properstar.com/api/v2/files/c94537e1-ad8f-4f61-918b-cfa449e5551c/1; https://files-api.properstar.com/api/v2/files/2d143f01-b65e-4c0c-ad1b-91505ba9067c/1; https://files-api.properstar.com/api/v2/files/653e556e-0943-4cf5-a24a-276d448af0f8/1; https://files-api.properstar.com/api/v2/files/e99d436d-2979-441f-89a3-5778dfbdf7b7/1; https://files-api.properstar.com/api/v2/files/d106b7a0-1be0-4969-94fe-df613a425dd0/1; https://files-api.properstar.com/api/v2/files/c27c43d4-d62a-453c-b2b9-e39219c2bfae/1; https://files-api.properstar.com/api/v2/files/85c88632-5a2d-4c75-bb92-ea1874efde1f/1; https://files-api.properstar.com/api/v2/files/c591fe52-a6cb-4030-82bc-acba970adae2/1; https://files-api.properstar.com/api/v2/files/d9bb5380-d2d0-49bd-aa85-dd7977cbff37/1; https://files-api.properstar.com/api/v2/files/7f8bc0c9-2d32-4291-b299-e35acdfd5763/1; https://files-api.properstar.com/api/v2/files/53753ac7-dd47-4403-99fe-aaed8d99657b/1; https://files-api.properstar.com/api/v2/files/220957ee-e0bd-4607-a001-42490985ba28/1; https://files-api.properstar.com/api/v2/files/8f6a825f-2fb0-46b4-80af-0a714e98607e/1
117220522,"Apartment for sale in La Paz, Puebla",https://www.properstar.co.uk/listing/117220522,"GBP 121,333","Puebla, Puebla, La Paz, La Paz, Mexico",24.142641,-110.312753,3,2,,Apartment,Delat Bienes Raíces,2026-06-03T05:03:28.993,https://files-api.properstar.com/api/v2/files/2f4a3047-9feb-432d-8838-43f5cf83688e/1; https://files-api.properstar.com/api/v2/files/c2b16bcd-48f0-4350-8757-c8a6ee88cecd/1; https://files-api.properstar.com/api/v2/files/6e0338ec-065c-4dcc-8a8a-fca8abbdc085/1; https://files-api.properstar.com/api/v2/files/e5fd5bd9-524f-410b-8457-b0b829b0ea77/1; https://files-api.properstar.com/api/v2/files/027bf69e-4174-4538-97af-6fd2324fb74b/1; https://files-api.properstar.com/api/v2/files/bbbf7499-0632-4289-9d89-0414aaae4964/1; https://files-api.properstar.com/api/v2/files/f51bdc43-58c2-46df-a84c-c0043084843a/1; https://files-api.properstar.com/api/v2/files/ed3e7592-77e3-4eab-91c4-4cbc05c101d9/1; https://files-api.properstar.com/api/v2/files/32ec68d6-02d5-4f31-a146-2cd6ac1a6231/1; https://files-api.properstar.com/api/v2/files/595384b6-4623-48be-8f7e-ce6bda949ec5/1; https://files-api.properstar.com/api/v2/files/0b76e494-26dd-4f7a-b014-ace67950e203/1; https://files-api.properstar.com/api/v2/files/a006dcf7-32d5-4257-841c-ca57e43d4830/1; https://files-api.properstar.com/api/v2/files/38e38949-90e6-40bb-ba34-d010c514e3b2/1
117315126,"HOUSE WITH EXCELLENT LOCATION, VERY CLOSE TO LEY LAS GARZAS.",https://www.properstar.co.uk/listing/117315126,"GBP 125,666","AZTECAS 571, ENTRE GOMEZ FARIAS Y NETZAHUALCOYOTL, La Paz, Mexico",24.12664,-110.332477,3,1,1614.58716,House,Juan Gilberto,2026-06-05T03:25:28.18,https://files-api.properstar.com/api/v2/files/3e147452-3f9a-4ca5-8b05-c87cbb1eaab6/1; https://files-api.properstar.com/api/v2/files/ecf6a72b-034b-43c4-b385-535ed1547e52/1; https://files-api.properstar.com/api/v2/files/888453c8-9004-4c78-a89e-20a8d240092b/1
117220537,"House for sale located in Colonia La Paz, Puebla, completely remodeled with a",https://www.properstar.co.uk/listing/117220537,"GBP 266,499","Puebla, Puebla, La Paz, La Paz, Mexico",24.142641,-110.312753,3,2,,House,Delat Bienes Raíces,2026-06-03T05:03:28.993,https://files-api.properstar.com/api/v2/files/22aa1979-ee3e-4c29-9b78-96da63f0edd1/1; https://files-api.properstar.com/api/v2/files/4a45e749-aab3-4a03-8a67-cbd49ba71048/1; https://files-api.properstar.com/api/v2/files/7b7cd335-01bd-43fa-be77-3c0a11319cad/1; https://files-api.properstar.com/api/v2/files/e24ff4d5-f070-4870-aa04-85d46d861cbd/1; https://files-api.properstar.com/api/v2/files/1cf71ca0-f8a2-4750-a767-cf1f4a48600f/1; https://files-api.properstar.com/api/v2/files/f331bada-fbd2-438c-b186-ab3f59425485/1; https://files-api.properstar.com/api/v2/files/900c19f6-2b24-489f-8a2c-fd098f262766/1; https://files-api.properstar.com/api/v2/files/bfdffb7f-abc3-4a82-a566-fd3d65bee8fd/1; https://files-api.properstar.com/api/v2/files/62a39e4e-e27b-4245-915f-3bbaa63884eb/1; https://files-api.properstar.com/api/v2/files/be689578-b211-4311-a80b-623a30ad71f2/1; https://files-api.properstar.com/api/v2/files/0425129b-0b77-4682-82a1-18148963ad66/1; https://files-api.properstar.com/api/v2/files/e2bb56b9-3d20-4354-be57-f0e01b1e1ffc/1; https://files-api.properstar.com/api/v2/files/c1592ddc-8def-441f-9312-4182b9eda555/1; https://files-api.properstar.com/api/v2/files/2ebf9e47-7fb9-4920-846a-cbb3b00d5fe8/1; https://files-api.properstar.com/api/v2/files/bf1b566a-7674-4c98-b4c9-735f8456265d/1; https://files-api.properstar.com/api/v2/files/66042d4a-67bc-4365-9625-8ee8456f091b/1; https://files-api.properstar.com/api/v2/files/e4934eb5-a37b-4393-91b3-82ef29243375/1; https://files-api.properstar.com/api/v2/files/51de2c63-3bc1-4fd9-83f3-67664ea50f5a/1; https://files-api.properstar.com/api/v2/files/c1393161-33ca-45b8-8954-1f52a13bdac0/1; https://files-api.properstar.com/api/v2/files/05a7a7d4-e9f7-45cf-a849-7a209f8fc871/1; https://files-api.properstar.com/api/v2/files/be5d6ae2-b094-45f6-b462-3b6b5b6a68e6/1; https://files-api.properstar.com/api/v2/files/ba566f92-798f-4882-bc34-e31560776639/1; https://files-api.properstar.com/api/v2/files/c6c60328-ef90-47cb-8a80-ae6757a22aca/1; https://files-api.properstar.com/api/v2/files/33e6f573-7b01-48a9-b869-c7247c9b107f/1; https://files-api.properstar.com/api/v2/files/1a2cdac9-5bdd-4f98-a432-08ac7cc078a3/1
115165884,Apartment in Central Zone,https://www.properstar.co.uk/listing/115165884,"GBP 232,783","Baja California Sur, La Paz, Zona Central, Zona Central, Mexico",24.152325,-110.311519,2,2,,Apartment,Grupo Romero Consultores,2026-03-26T10:55:41.32,https://files-api.properstar.com/api/v2/files/e3cca242-ff5f-4365-9ee8-21092f0fb71a/1; https://files-api.properstar.com/api/v2/files/a7bf1091-bd89-465a-844f-94cb0dda070a/1; https://files-api.properstar.com/api/v2/files/8b2e45b4-fda1-4823-84a3-dd45fe273c09/1; https://files-api.properstar.com/api/v2/files/95036c68-93c3-4a4e-88cd-8047f24b65a6/1; https://files-api.properstar.com/api/v2/files/00eda93e-7e86-4905-b707-13e50ec8e804/1; https://files-api.properstar.com/api/v2/files/8486da0b-463a-4a5e-8cb6-2a01fa2d2ed7/1; https://files-api.properstar.com/api/v2/files/0fbdde8d-a192-4b71-a0db-0673e7eb0b04/1; https://files-api.properstar.com/api/v2/files/428e7b5b-7522-40f4-8b8c-64787587dc3a/1; https://files-api.properstar.com/api/v2/files/8606d5fa-18b8-4090-808a-8c1b9240276c/1; https://files-api.properstar.com/api/v2/files/875320bb-afe7-4510-b2d9-cf9df5013892/1; https://files-api.properstar.com/api/v2/files/1e4f302e-2313-42b4-90b2-465d81e7db26/1; https://files-api.properstar.com/api/v2/files/b59cde16-3fc6-4af9-a838-1c0f2c41e49b/1; https://files-api.properstar.com/api/v2/files/6cfe5815-9f39-4f5c-a88a-fb4108203924/1; https://files-api.properstar.com/api/v2/files/d293bf38-b009-4e78-9f5b-0f03316eb8d7/1
106230870,TWO-STORY HOUSE FOR SALE IN PRIVATE IN LA PAZ BAJA CALIFORNIA SUR,https://www.properstar.co.uk/listing/106230870,"GBP 175,499","Bahía Grande, sn, Baja California Sur, Mexico",24.092244,-110.333337,3,3,1388.545,House,iad Mexico,2025-04-26T03:35:26.057,https://files-api.properstar.com/api/v2/files/bb2b9fcf-d86c-4198-bb68-85046dd7fb1e/1; https://files-api.properstar.com/api/v2/files/71b13d8d-8908-4f8b-9bf0-390c0d36cd61/1; https://files-api.properstar.com/api/v2/files/7b46f6c9-8128-412b-b2ad-3e5e9cefd3b2/1; https://files-api.properstar.com/api/v2/files/4b7b1692-623c-43f2-9a6c-78ba5cb24d51/2; https://files-api.properstar.com/api/v2/files/483f6c70-dc95-4ebc-936a-642914dda408/1; https://files-api.properstar.com/api/v2/files/38dd0696-5c02-4125-9380-848eee10479c/2; https://files-api.properstar.com/api/v2/files/6957d50e-84d3-44de-b788-ac65f28afe0a/1; https://files-api.properstar.com/api/v2/files/28c99ce8-2269-4d5e-b86c-ec9e5acc6304/1; https://files-api.properstar.com/api/v2/files/0f838b09-012a-4cf8-b2f2-8ded864f6cb7/2; https://files-api.properstar.com/api/v2/files/cab5c54f-b23d-47c1-a7e6-4e8e25f49490/1; https://files-api.properstar.com/api/v2/files/e85158b9-2df5-463f-9eac-037852321eff/2; https://files-api.properstar.com/api/v2/files/247d0b9e-9483-44d3-8df1-89d029030bb6/1; https://files-api.properstar.com/api/v2/files/67b4f096-733d-4e84-b28a-7664541f4833/1; https://files-api.properstar.com/api/v2/files/a033b3b8-5d64-422b-9589-7db83e276c05/1
112582996,CASA 1880 Independencia 518,https://www.properstar.co.uk/listing/112582996,"GBP 4,398,504","Independencia 518 Casa 1880, La Paz, Mexico",24.142641,-110.312753,11,17,8955.577,House,RONIVAL Real Estate,2025-12-23T11:34:44.723,https://files-api.properstar.com/api/v2/files/7c81d3c5-ac88-4bb0-9581-5fa8ac8365a6/1; https://files-api.properstar.com/api/v2/files/15d703cd-9a28-4ed7-9c25-b49e0bb54fa9/1; https://files-api.properstar.com/api/v2/files/d9576382-e035-4ed0-901e-8185fcf3dc80/1; https://files-api.properstar.com/api/v2/files/93fcfa53-400c-4018-9670-cd9b5f02ad5a/1; https://files-api.properstar.com/api/v2/files/0297790a-e3ee-4e43-b9bb-debe0ae5ee0d/1; https://files-api.properstar.com/api/v2/files/13c53054-c70a-4f40-a80b-cc410d21d3ff/1; https://files-api.properstar.com/api/v2/files/d87b7537-3858-4340-9eab-a440fd88f094/1; https://files-api.properstar.com/api/v2/files/c501c32f-3a17-4a7b-9c1c-5d8b69441614/1; https://files-api.properstar.com/api/v2/files/930f1243-a09e-46bb-ac95-1fd3ee49bf2f/1; https://files-api.properstar.com/api/v2/files/63329fd5-f564-44f7-b3f8-ffc04fbd7ad7/1; https://files-api.properstar.com/api/v2/files/c4bda2ad-3a69-4745-9406-7f7f942439ef/1; https://files-api.properstar.com/api/v2/files/088fe993-cb93-4baf-9ed9-362f3cca2368/1; https://files-api.properstar.com/api/v2/files/9888add5-009c-413d-b4bf-fb6bda6f3a18/1; https://files-api.properstar.com/api/v2/files/20c39c07-385f-46d8-9e4a-892951cd3667/1; https://files-api.properstar.com/api/v2/files/c398dd86-75c5-4cb9-8aaf-21f65322d5bd/1; https://files-api.properstar.com/api/v2/files/47703570-c7a7-4195-b1ee-e8a40df37860/1; https://files-api.properstar.com/api/v2/files/e0e0444b-ba79-43b7-8303-2f3894fa7a5e/1; https://files-api.properstar.com/api/v2/files/a8a98222-36d5-467b-aa5d-2534bb09924f/1; https://files-api.properstar.com/api/v2/files/98f27df4-7103-4e2f-a900-ff46e1525cc2/1; https://files-api.properstar.com/api/v2/files/4b42a738-5fa1-4e6d-8ad5-9c3a1bd1f169/1; https://files-api.properstar.com/api/v2/files/3c6b88ff-5a46-4842-8af9-0963abe1652e/1; https://files-api.properstar.com/api/v2/files/9b79bb62-2b26-4bcc-a4db-43576eed9e08/1; https://files-api.properstar.com/api/v2/files/b1962900-870e-4d2e-b9cf-499691ada4fa/1; https://files-api.properstar.com/api/v2/files/b9850741-99cc-4131-87eb-294ae946056e/1; https://files-api.properstar.com/api/v2/files/62d0b47f-9213-41ce-9070-92810a2c61c8/1; https://files-api.properstar.com/api/v2/files/b5a8d61f-13ef-4a53-837d-1397a30047aa/1; https://files-api.properstar.com/api/v2/files/fed8ff52-3d0a-4597-ba8a-878aaae5d486/1; https://files-api.properstar.com/api/v2/files/b7297d0e-53ca-4909-8ba9-3c8c6237065b/1; https://files-api.properstar.com/api/v2/files/72b619ab-01e1-4158-baba-9ae2b6639fe5/1; https://files-api.properstar.com/api/v2/files/3df063ae-6feb-48d3-b65e-4a7c3a92ccd8/1; https://files-api.properstar.com/api/v2/files/e394947e-a256-4d2d-ae70-c23ac272f873/1; https://files-api.properstar.com/api/v2/files/4464ea81-1095-4660-aa61-0e08bf66c1b7/1; https://files-api.properstar.com/api/v2/files/11517309-f373-43ac-a327-aed827f0bf6e/1; https://files-api.properstar.com/api/v2/files/c69c2bb1-263f-4b9e-ba0c-56a354e88567/1; https://files-api.properstar.com/api/v2/files/694e594d-3557-4c7a-a174-d52c647cdb6f/1; https://files-api.properstar.com/api/v2/files/55aab783-7a05-4089-9faa-0a9231ea0809/1; https://files-api.properstar.com/api/v2/files/584c5a08-52aa-4121-991e-2d2bcfd54240/1; https://files-api.properstar.com/api/v2/files/27c9e858-4d5e-449b-ac4f-1f7d0252b895/1; https://files-api.properstar.com/api/v2/files/605d0a08-5b63-4827-b985-b2fe825d6426/1; https://files-api.properstar.com/api/v2/files/ae4207e0-b03e-4d87-9843-66e8aee8d3ee/1; https://files-api.properstar.com/api/v2/files/e2f82d16-ba55-440d-9d66-2dd8d1e48e29/1; https://files-api.properstar.com/api/v2/files/4f8aa094-4686-4744-b915-68c573a5fda9/1
106423766,HOUSE FOR SALE IN LA PAZ - 3 BEDROOMS (FAMILY AREA),https://www.properstar.co.uk/listing/106423766,"GBP 77,350","Palmiche, 597, Baja California Sur, Mexico",24.045222,-110.302591,3,1,957.9884,House,iad Mexico,2025-05-05T03:34:15.173,https://files-api.properstar.com/api/v2/files/652274ed-32d5-4c9c-ae31-526d7f99acd8/1; https://files-api.properstar.com/api/v2/files/98e6e8d9-d84c-419b-89a2-d7cd7e7ddab7/1; https://files-api.properstar.com/api/v2/files/9d772f83-c59a-47df-8a08-9f10681fd83d/1; https://files-api.properstar.com/api/v2/files/2144c926-15a4-4bc6-80d8-2619aec08951/1; https://files-api.properstar.com/api/v2/files/c8b8a574-75d4-49f7-a898-1be545b0804f/1; https://files-api.properstar.com/api/v2/files/ceef1b30-962a-4e88-9a31-4c80a01ea59e/1; https://files-api.properstar.com/api/v2/files/43ffe23d-19ba-46ca-88b0-bd55f847e54a/1; https://files-api.properstar.com/api/v2/files/a793ddba-1200-4304-9ef9-a8435c57bced/1; https://files-api.properstar.com/api/v2/files/622e0db3-5b0c-47be-ad22-68722490e6d1/1; https://files-api.properstar.com/api/v2/files/3b587380-618e-4b02-9c15-d91b5f9b2379/1; https://files-api.properstar.com/api/v2/files/8e101a79-d36f-4c47-9f0f-84801a2f6275/1; https://files-api.properstar.com/api/v2/files/fd27bdaf-422a-4603-b089-be6abb978845/1
116978407,House for Sale Ayuntamiendo La Paz BCS - An ideal home for your whole family,https://www.properstar.co.uk/listing/116978407,"GBP 69,333","Sindico SN, La Paz, Mexico",24.052792,-110.297009,5,1,1399.309,House,CENTURY 21 Loyal,2026-05-26T02:53:37.637,https://files-api.properstar.com/api/v2/files/7848af99-ee1b-4536-95f3-5e295837cb5a/1; https://files-api.properstar.com/api/v2/files/da2194b5-9577-4137-bb5d-f1a18eca2eea/1; https://files-api.properstar.com/api/v2/files/a6d9daf4-e7d4-4f74-8432-02eee39772e1/1; https://files-api.properstar.com/api/v2/files/b5d68f9f-6b78-4bd5-b34c-41767df82cc3/1; https://files-api.properstar.com/api/v2/files/f0d433d0-f387-4a26-91cf-c16ceaf8a218/1; https://files-api.properstar.com/api/v2/files/49c3193a-4fb9-44b6-8618-1ada0d3d5348/1; https://files-api.properstar.com/api/v2/files/193a6249-ffb9-4b61-bb57-c624a9c77dba/1
116467011,Elevate Your Lifestyle: Exclusivity on the Sea of Cortez,https://www.properstar.co.uk/listing/116467011,"GBP 1,246,243","Carretera Pichilingue KM. 6.5, La Paz, Mexico",24.216868,-110.296626,2,2,3143.063,Apartment,Puerta Cortés Real Estate,2026-05-09T03:10:56.057,https://files-api.properstar.com/api/v2/files/c9d6374b-cf70-4378-b4e1-7785e66fe040/1; https://files-api.properstar.com/api/v2/files/85b372f8-488e-437d-85c7-736cdf965d8c/1; https://files-api.properstar.com/api/v2/files/fc2be2d3-87e8-4706-aada-dede1c3c87de/1; https://files-api.properstar.com/api/v2/files/222f66cf-f649-4491-9d19-3414e32609dd/1; https://files-api.properstar.com/api/v2/files/59785195-add1-422b-b5e3-8c5b9d4a7349/1; https://files-api.properstar.com/api/v2/files/14c1537e-10e6-4faf-a7cb-d7e862f3a6e7/1; https://files-api.properstar.com/api/v2/files/a7dd2c01-eb99-4992-a8b7-d3d1c2692c3c/1; https://files-api.properstar.com/api/v2/files/c885b783-c776-4b0d-b9e1-549d5dd80ef0/1; https://files-api.properstar.com/api/v2/files/2f314246-7193-47c1-9733-75f922675e77/1; https://files-api.properstar.com/api/v2/files/25749e65-70be-4e54-8fce-a6d38d187086/1; https://files-api.properstar.com/api/v2/files/d5e7b110-2190-41ae-9b5d-f5f0607484c5/1; https://files-api.properstar.com/api/v2/files/9c424479-8772-4a7c-8fa5-328303065034/1; https://files-api.properstar.com/api/v2/files/4a578c77-6354-45e3-8eda-0707c569f8cb/1; https://files-api.properstar.com/api/v2/files/6229bc75-5a2d-4f1f-8acd-5691768aec69/1; https://files-api.properstar.com/api/v2/files/d6fe9ffb-c4a2-4e11-aff9-e59161762ba7/1; https://files-api.properstar.com/api/v2/files/b062f86e-0664-4daf-b338-ecfcca66b4aa/1; https://files-api.properstar.com/api/v2/files/a8521e37-45ef-4207-953d-0cefe0970590/1; https://files-api.properstar.com/api/v2/files/8cb11dd4-fb7a-438b-9d00-a99686d5402a/1; https://files-api.properstar.com/api/v2/files/7018353c-03bb-4b9d-a498-c03ae02b5fa5/1; https://files-api.properstar.com/api/v2/files/53002680-a490-427d-a5ed-88ba9c3556c1/1; https://files-api.properstar.com/api/v2/files/5d06b692-13a1-4fc1-ac03-34d3ec18dd87/1; https://files-api.properstar.com/api/v2/files/e3a7c164-efb6-4717-9ceb-65feeed4b3ed/1; https://files-api.properstar.com/api/v2/files/bd15c1aa-a237-4f48-995c-b310fe3053d6/1; https://files-api.properstar.com/api/v2/files/9cbc5d06-d54b-47ae-a009-1e32309be2e8/1; https://files-api.properstar.com/api/v2/files/3be70cca-4066-4243-a849-3d5ce003b8a4/1; https://files-api.properstar.com/api/v2/files/5a31bfc9-5c3a-432a-a602-eaf28d96e762/1; https://files-api.properstar.com/api/v2/files/d0881808-1307-4657-a802-cf9bbfc813d9/1; https://files-api.properstar.com/api/v2/files/d39ce6b6-584b-44d8-847b-f84b337aabc0/1; https://files-api.properstar.com/api/v2/files/e7e9bc07-bb25-4733-9688-6c25f667165d/1; https://files-api.properstar.com/api/v2/files/6ffa7097-4320-405e-9a19-4d5cbec0d869/1; https://files-api.properstar.com/api/v2/files/e3f6368b-1dbe-4baf-a65e-9a351532a3a2/1; https://files-api.properstar.com/api/v2/files/32bcfe84-7c18-4674-b7a0-d2b95d373d7f/1; https://files-api.properstar.com/api/v2/files/d3ba7e83-325d-4fe1-92f5-ba2f632d68d1/1; https://files-api.properstar.com/api/v2/files/d763b1f8-0e7c-4900-95ee-179458775456/1; https://files-api.properstar.com/api/v2/files/8bf857e0-9c69-4c8f-8eee-bba8dcd35c27/1; https://files-api.properstar.com/api/v2/files/f8bad916-d379-4bbe-9341-9e8b1ed5b4f0/1; https://files-api.properstar.com/api/v2/files/42848f6a-6a41-439d-970e-7053cfb38341/1; https://files-api.properstar.com/api/v2/files/9bdca2e6-cf67-410c-8fc4-c0b8108180b0/1; https://files-api.properstar.com/api/v2/files/eab552a3-1afe-4fcb-8812-1defdb4325c7/1; https://files-api.properstar.com/api/v2/files/ef52639a-6460-426d-b5e8-d131b4488394/1; https://files-api.properstar.com/api/v2/files/c0013fd2-036f-4832-bd3d-cfb9da659de0/1; https://files-api.properstar.com/api/v2/files/fad6e983-779a-4bc0-a975-882444173227/1; https://files-api.properstar.com/api/v2/files/a43d3a27-2fa5-4ab0-a3d9-b3502b0182b3/1; https://files-api.properstar.com/api/v2/files/5d304ebd-22e3-4457-b1ab-8d4699021ea7/1; https://files-api.properstar.com/api/v2/files/a8294b2e-556e-4495-b9fa-de26c0d15157/1; https://files-api.properstar.com/api/v2/files/3a77fba6-b6df-46a3-ae3b-92ddde8d2e01/1; https://files-api.properstar.com/api/v2/files/528355a5-50dd-4051-821f-0eb1a5ad10d2/1; https://files-api.properstar.com/api/v2/files/ec74e603-6851-4273-b36f-6abd1dc59c60/1; https://files-api.properstar.com/api/v2/files/e5d9462b-70ee-45b7-a3a9-8471458740e1/1; https://files-api.properstar.com/api/v2/files/32251a51-c49c-4b39-9ae3-716837d88fca/1; https://files-api.properstar.com/api/v2/files/c0da3322-2c0f-42d5-9d38-30dae1ef077b/1; https://files-api.properstar.com/api/v2/files/dc54d537-385c-48af-a487-93b998f32411/1
107694793,"Casa Múlege, Fracc. Bellavista.",https://www.properstar.co.uk/listing/107694793,"GBP 54,166","Múlege #369, La Paz, Mexico",24.125152,-110.305896,4,2,1453.12854,House,CENTURY 21 Costa Paraiso,2025-08-06T13:57:39.857,
109675022,HOUSE FOR SALE TABACHINES AV. BAHIA CONCEPCION,https://www.properstar.co.uk/listing/109675022,"GBP 104,000","AV CONCEPCION, SN, Baja California Sur, Mexico",24.083153,-110.303328,3,2,1130.211,House,iad Mexico,2025-08-31T03:40:47.71,https://files-api.properstar.com/api/v2/files/cbb19ec1-b864-4515-a89c-59edf80dc752/1; https://files-api.properstar.com/api/v2/files/824cc367-06bc-4bfe-ad74-8ff723283191/1; https://files-api.properstar.com/api/v2/files/9b3e3fb3-df4e-4c7f-a52f-1573bfd3c75c/1; https://files-api.properstar.com/api/v2/files/15beb10f-24a9-43de-8135-ccfbecc49066/1; https://files-api.properstar.com/api/v2/files/12361653-2abd-498c-b582-fca25fe1631e/1; https://files-api.properstar.com/api/v2/files/63549f69-cba7-449d-808b-8821ee7939c6/1; https://files-api.properstar.com/api/v2/files/f8c59623-14fb-4158-b7a3-46e3e9120bb9/1; https://files-api.properstar.com/api/v2/files/0544c6ae-1f8c-4b1a-897f-131f66a4befb/1; https://files-api.properstar.com/api/v2/files/eb2efafa-ff05-4269-b555-e74dd75534bf/1; https://files-api.properstar.com/api/v2/files/245e6374-6257-4c7f-b822-dab033ea575f/1; https://files-api.properstar.com/api/v2/files/45d9f27a-4e48-4c62-815d-c7707e9aeee3/1; https://files-api.properstar.com/api/v2/files/e7dc8d72-a6c8-4232-81dc-5163be1a2412/1; https://files-api.properstar.com/api/v2/files/974af505-0e33-4b6d-b871-32e63700fe40/1; https://files-api.properstar.com/api/v2/files/ff9cc1bf-a5f8-4d11-b464-a45b4a67e1d4/1; https://files-api.properstar.com/api/v2/files/811848ca-468d-4465-98cc-a3842b8587e6/1; https://files-api.properstar.com/api/v2/files/31435310-c20b-419e-b069-e23cc5ab2f31/1
108640199,HOUSE FOR SALE PENINSULA SUR,https://www.properstar.co.uk/listing/108640199,"GBP 68,466","CALLE TERRANOVA, 715, Baja California Sur, Mexico",24.079538,-110.312633,2,2,1184.03064,House,iad Mexico,2025-07-18T03:36:40.82,https://files-api.properstar.com/api/v2/files/a935f09f-bf0e-4f67-a5d3-8d4fc6ade4f3/1; https://files-api.properstar.com/api/v2/files/56778b7e-62c3-459c-9c22-cd6b2ba9fe18/1; https://files-api.properstar.com/api/v2/files/f55494ae-e899-496c-b3a0-210f259bebe0/1; https://files-api.properstar.com/api/v2/files/3e60cc8f-f457-41b1-97aa-4d3f65f68a84/1; https://files-api.properstar.com/api/v2/files/0f524ddb-4605-493e-8f0c-f936babdf97e/1; https://files-api.properstar.com/api/v2/files/ff029484-4f9c-45d0-bb05-aab2146ada87/1; https://files-api.properstar.com/api/v2/files/caa85cf3-a0d8-4c50-8ead-4551d841d122/1; https://files-api.properstar.com/api/v2/files/6275df90-6e44-4006-ad57-65a74dce8047/1; https://files-api.properstar.com/api/v2/files/332dad51-fbd5-4c14-aa0e-f7fdf2b31f3e/1; https://files-api.properstar.com/api/v2/files/87fcc191-12ca-4931-91c4-899d5cc0facd/1; https://files-api.properstar.com/api/v2/files/0ec2e177-9a8e-421f-93df-35a87ed2d0ba/1; https://files-api.properstar.com/api/v2/files/19020751-a39b-49f9-badb-84fecddb879b/1; https://files-api.properstar.com/api/v2/files/ca24df12-b1fc-4351-8f94-1b2a32be2830/1; https://files-api.properstar.com/api/v2/files/2ededea2-a6b8-4611-93b5-13fec0b805ab/1; https://files-api.properstar.com/api/v2/files/0634c53d-7ed9-4ea5-bae4-f0cc9d359711/1
110750279,HOUSE FOR SALE IN PRIVATE FRACTIONATION,https://www.properstar.co.uk/listing/110750279,"GBP 127,573","BLVD Santa Rosa, 1, Baja California Sur, Mexico",24.087451,-110.331018,2,2,957.9884,House,iad Mexico,2025-10-10T03:46:15.167,https://files-api.properstar.com/api/v2/files/6e0b21ce-4f98-40bb-be81-a5eb32ac4044/1; https://files-api.properstar.com/api/v2/files/5abec903-cf7f-4751-b4bd-2e4c2d023028/1; https://files-api.properstar.com/api/v2/files/61984ac0-2b36-4fb3-96a3-362245159aab/1; https://files-api.properstar.com/api/v2/files/c39efe86-baa4-4165-ba51-b5489e484bc9/1; https://files-api.properstar.com/api/v2/files/f1250ecb-baea-450f-aa66-f49b9ab17cc5/1; https://files-api.properstar.com/api/v2/files/f6ccdb6c-be72-4a27-a3ef-2c0c92b08848/1; https://files-api.properstar.com/api/v2/files/7777dda0-0ff8-469f-a00e-a4cc3bb01732/1; https://files-api.properstar.com/api/v2/files/17a70ff2-f617-4484-a95f-93cdbbf600d4/1
116467078,Elevate Your Lifestyle: Exclusivity on the Sea of Cortez,https://www.properstar.co.uk/listing/116467078,"GBP 1,150,942","Carretera Pichilingue KM. 6.5, La Paz, Mexico",24.176694,-110.299604,1,1,2895.49316,Apartment,Puerta Cortés Real Estate,2026-05-09T03:10:56.057,https://files-api.properstar.com/api/v2/files/86d88579-12f2-4553-9a43-5e0608446e78/1; https://files-api.properstar.com/api/v2/files/0382e9a0-ac40-4eed-8d47-7968a14107dc/1; https://files-api.properstar.com/api/v2/files/41cf0a13-5256-4799-8e1d-8b50a735b29e/1; https://files-api.properstar.com/api/v2/files/d5c43f52-4d83-4242-96ad-9db336724667/1; https://files-api.properstar.com/api/v2/files/ce8fe4f8-b36c-49ce-9f6c-a5afad40fa18/1; https://files-api.properstar.com/api/v2/files/91c890ef-767d-4a7a-b36b-69ed0505368a/1; https://files-api.properstar.com/api/v2/files/6f22787f-cf45-4da3-925e-f758c58405aa/1; https://files-api.properstar.com/api/v2/files/a0e075bb-06b3-476d-a17b-d08f5050ce5d/1; https://files-api.properstar.com/api/v2/files/43dd90c0-142a-4b96-87f3-effee258a105/1; https://files-api.properstar.com/api/v2/files/188fb7ed-7626-4aba-9906-2f6b9fe599b1/1; https://files-api.properstar.com/api/v2/files/6ad6fb78-a2be-450c-94d6-321aca9ec23b/1; https://files-api.properstar.com/api/v2/files/1749783a-023d-4040-9268-fe5380176467/1; https://files-api.properstar.com/api/v2/files/37444508-3677-4d9f-93b7-3c3af22cc483/1; https://files-api.properstar.com/api/v2/files/c5dbe4b4-037f-40a6-983d-b654fe6ae134/1; https://files-api.properstar.com/api/v2/files/642186ad-02b8-4bbf-9aae-18afba6091b2/1; https://files-api.properstar.com/api/v2/files/32d3488d-4fd8-42ca-8938-e2c9813ec3e0/1; https://files-api.properstar.com/api/v2/files/e8515ed2-7fd7-4aa7-93ee-8334210d79f4/1; https://files-api.properstar.com/api/v2/files/42573a77-3440-40cb-801d-d91ebc30592d/1; https://files-api.properstar.com/api/v2/files/5174d705-e17c-4165-834c-1b103ac10f0d/1; https://files-api.properstar.com/api/v2/files/11669cb7-5a37-4c64-941a-7fccd968de58/1; https://files-api.properstar.com/api/v2/files/6a3b50df-12fc-41fe-9392-0091876b2c48/1; https://files-api.properstar.com/api/v2/files/3af48890-fa46-4788-b8c6-88deb1218af1/1; https://files-api.properstar.com/api/v2/files/49e8ce7e-d43a-457c-bd5c-2adbe1e1f9cf/1; https://files-api.properstar.com/api/v2/files/4d318732-93aa-4bec-bd86-3a98f25c2147/1; https://files-api.properstar.com/api/v2/files/7f1e9ab1-97fe-426c-a991-1b14891a9acc/1; https://files-api.properstar.com/api/v2/files/1b5c1b89-448e-4340-84a0-f0c7a449de36/1; https://files-api.properstar.com/api/v2/files/b2e7fe57-55ca-4691-9a4f-0e6c4ee8d08a/1; https://files-api.properstar.com/api/v2/files/caf22020-8d69-486e-ba4d-74e8613e121d/1; https://files-api.properstar.com/api/v2/files/80c4c723-f23f-4777-b0ff-aa73edcf2f4e/1; https://files-api.properstar.com/api/v2/files/82cc99a1-3578-4e0f-aef5-17cdc7f36ec9/1; https://files-api.properstar.com/api/v2/files/548749db-2fc9-43b6-9a2d-5f83ffa546c1/1; https://files-api.properstar.com/api/v2/files/9508a586-edf2-46f2-9be9-cd87affbdd77/1; https://files-api.properstar.com/api/v2/files/f6e72df7-d328-4a97-9fc0-c5f9b069cc8e/1; https://files-api.properstar.com/api/v2/files/9fe11007-8ebb-4ccc-bd29-5e67a4568d72/1; https://files-api.properstar.com/api/v2/files/d4d95f57-3499-4f83-ac7a-529c8388227b/1; https://files-api.properstar.com/api/v2/files/cf446a66-9b56-4fd5-a57a-cacb5c16d4cb/1; https://files-api.properstar.com/api/v2/files/0362b51e-7fb6-4e33-ac1b-ec8f4aa7b28b/1; https://files-api.properstar.com/api/v2/files/5cdd8051-62fa-4721-b1c9-685f1ffdba9f/1; https://files-api.properstar.com/api/v2/files/6652ba53-15b6-4cd3-ad69-ca9dd78d93ec/1; https://files-api.properstar.com/api/v2/files/310b93e3-e723-4fad-aadc-205c6dd7d56f/1; https://files-api.properstar.com/api/v2/files/d58e2510-b302-474f-8bd4-4db0a68b3d24/1; https://files-api.properstar.com/api/v2/files/0638c42a-8b24-4231-8ab9-7c9be836850d/1; https://files-api.properstar.com/api/v2/files/f3365304-1d94-4b86-a2a3-cc3d3034c5bd/1; https://files-api.properstar.com/api/v2/files/3cae4257-e828-4e86-9e77-8dcfb33340cf/1; https://files-api.properstar.com/api/v2/files/5ef0e11f-0cf0-483a-9947-b1e0a87135d2/1; https://files-api.properstar.com/api/v2/files/a25b4157-0ff0-4243-95ab-e1d632d1593c/1; https://files-api.properstar.com/api/v2/files/63c69dfa-8e9c-4e17-ad16-f77f9da7bad1/1; https://files-api.properstar.com/api/v2/files/f2ef4e56-f7b9-4c08-9fa8-fdbc2f20cd8e/1; https://files-api.properstar.com/api/v2/files/90bc1e44-cd03-4915-bff3-e7695d5e203e/1; https://files-api.properstar.com/api/v2/files/d3eaf297-182a-4416-a54e-e55ee29707a0/1
116434948,Marina Residences Puerta Cortes,https://www.properstar.co.uk/listing/116434948,"GBP 1,759,402","Carretera Pichilingue KM. 7.5, La Paz, Mexico",24.21898,-110.305096,3,3,3702.78662,Apartment,Puerta Cortés Real Estate,2026-05-08T03:23:07.367,https://files-api.properstar.com/api/v2/files/f897643e-fbf0-4ef7-ad93-1f3eaab6b2db/1; https://files-api.properstar.com/api/v2/files/0ef75895-2ba2-469a-bf7d-de182a8f254b/1; https://files-api.properstar.com/api/v2/files/fed9b806-ab36-4750-8153-ca2cb02496e8/1; https://files-api.properstar.com/api/v2/files/d377f59a-fed3-42ca-96d0-55241e821cec/1; https://files-api.properstar.com/api/v2/files/414f2b6a-6fde-43ed-bb61-31c3383a075d/1; https://files-api.properstar.com/api/v2/files/1e9232b4-478d-4d81-8ddf-2a2d72f8920c/1; https://files-api.properstar.com/api/v2/files/7d6fce08-b2da-4ea9-ad01-6a651677292d/1; https://files-api.properstar.com/api/v2/files/275ce77e-ba6b-41cb-aa12-bcce336b2575/1; https://files-api.properstar.com/api/v2/files/f7a53e6f-3c81-43aa-a72f-83ca8ebe9231/1; https://files-api.properstar.com/api/v2/files/121d2f73-d75a-4f5e-af83-9f290d4d746d/1; https://files-api.properstar.com/api/v2/files/0e984787-84e2-41b9-8bb3-8ff3ff0c562b/1; https://files-api.properstar.com/api/v2/files/6471f46d-5e6e-43bf-9fbd-6d7b743ea259/1; https://files-api.properstar.com/api/v2/files/98212840-ffd5-440e-8e9e-bd3d19cfc98d/1; https://files-api.properstar.com/api/v2/files/75d41e58-54d5-44f7-a9c8-b24c6155a0c2/1; https://files-api.properstar.com/api/v2/files/d46189f6-4493-4d08-9244-60765b60ced3/1; https://files-api.properstar.com/api/v2/files/41f056c7-f942-4c0b-86c2-089c95b02e80/1; https://files-api.properstar.com/api/v2/files/f9ba2fea-932e-438b-9608-0d9e4b901efe/1; https://files-api.properstar.com/api/v2/files/e24a7f3c-fc59-4a63-a7c1-a1c26b95d539/1; https://files-api.properstar.com/api/v2/files/ebfe2649-8ef5-4dc8-bfab-f4a060a4dd92/1; https://files-api.properstar.com/api/v2/files/157ec515-2ef1-4019-bc40-9187ea39a742/1; https://files-api.properstar.com/api/v2/files/19e89b72-a58e-4fba-97b1-90cd780aac87/1; https://files-api.properstar.com/api/v2/files/0c40d6bf-aad7-4785-9397-385d0ade6642/1; https://files-api.properstar.com/api/v2/files/722a1675-f17b-4ecc-b661-d1bc88652e67/1; https://files-api.properstar.com/api/v2/files/bda800af-7493-43f3-b470-30cdafa8f4df/1; https://files-api.properstar.com/api/v2/files/a6c030cb-46cd-46e9-9a8e-3a26b4595fdf/1; https://files-api.properstar.com/api/v2/files/2b050f56-592d-469c-a448-8c1c64ab21af/1; https://files-api.properstar.com/api/v2/files/68b55ebc-576c-4be5-a900-9f9b495a158f/1; https://files-api.properstar.com/api/v2/files/98fcbc9f-1db6-44cf-8053-4bd29e068a67/1; https://files-api.properstar.com/api/v2/files/39c48934-c814-4336-910c-ca8a41e08f39/1; https://files-api.properstar.com/api/v2/files/fdcf8786-9fdc-4e48-806d-724494b1105b/1; https://files-api.properstar.com/api/v2/files/a3544583-3559-4e6f-bd80-449a9ad4110d/1
115320923,"CONDO FOR SALE IN LA PAZ, BCS. MALECONDOS",https://www.properstar.co.uk/listing/115320923,"GBP 436,185","FRANCISCO I. MADERO 1145, La Paz, Mexico",24.176694,-110.299604,3,3,2389.589,Apartment,SUNSHINE REALTY,2026-03-31T03:31:50.087,https://files-api.properstar.com/api/v2/files/47571e15-839a-4d60-a617-ecd0a57abba6/1; https://files-api.properstar.com/api/v2/files/dc2bccba-5d61-48bc-a096-3a709da5d675/1; https://files-api.properstar.com/api/v2/files/12ea19d3-afcf-407d-a691-543c3e87293e/1; https://files-api.properstar.com/api/v2/files/b1cedc75-2879-4f48-ae1c-682485c24475/1; https://files-api.properstar.com/api/v2/files/79f4964a-b195-4799-bc23-3481c6a95629/1; https://files-api.properstar.com/api/v2/files/322e4287-a840-457d-83dc-8211b78ec6a1/1; https://files-api.properstar.com/api/v2/files/632a003c-cb85-4fdd-92d0-9e598a1d486f/1; https://files-api.properstar.com/api/v2/files/29a160a5-f010-4a97-8d7c-951e3b278467/1; https://files-api.properstar.com/api/v2/files/166bdda4-3c43-4923-8d96-cc0d5a187e32/1; https://files-api.properstar.com/api/v2/files/d34ed01d-d4a9-4b66-b4d9-73495aa340c8/1; https://files-api.properstar.com/api/v2/files/e3bf3fde-6c42-4ba7-8774-2327cad3936d/1; https://files-api.properstar.com/api/v2/files/4cf189e9-2f67-46de-acf0-0da6337462c6/1; https://files-api.properstar.com/api/v2/files/8bf6e306-4ba3-44b8-b5ea-8e72390c0f34/1; https://files-api.properstar.com/api/v2/files/63afd736-6312-40e4-aac2-c029fde8bf27/1; https://files-api.properstar.com/api/v2/files/afaabed7-96ad-4ec0-91cb-8670a1ef21aa/1; https://files-api.properstar.com/api/v2/files/44552dd2-1f03-4035-8605-fbe77ecde64b/1; https://files-api.properstar.com/api/v2/files/35624f78-fb40-4d9b-b390-5bea8e3498c5/1; https://files-api.properstar.com/api/v2/files/22dde700-5d28-495a-be77-4cf0d5f9c04b/1
115354483,Home Return Avocado-For Sale,https://www.properstar.co.uk/listing/115354483,"GBP 56,333","Retorno Aguacates 1518, La Paz, Mexico",24.129181,-110.319711,3,2,871.8771,House,OASIS REALTOR,2026-04-01T03:02:21.007,https://files-api.properstar.com/api/v2/files/8a1e9c2f-8477-4df8-a96e-aacdcc2040ac/1; https://files-api.properstar.com/api/v2/files/33e0dac4-8953-4bb4-a111-e68289fc0934/1; https://files-api.properstar.com/api/v2/files/8df5dce2-428a-4419-9769-cf6653d0af5b/1; https://files-api.properstar.com/api/v2/files/8883a527-3afa-4aad-9825-b545f2002eeb/1; https://files-api.properstar.com/api/v2/files/104ba114-4bea-4c99-9684-0a2d408a29c1/1; https://files-api.properstar.com/api/v2/files/c5cb6a5f-c6e3-48f2-a775-bfa645792d93/1; https://files-api.properstar.com/api/v2/files/150fc72e-bcb5-450a-8ee0-a79dde63bb25/1; https://files-api.properstar.com/api/v2/files/19b747ba-965f-4b2a-8d10-ddc461361dfa/1; https://files-api.properstar.com/api/v2/files/4677a453-78a6-4874-88c3-d94f72492d2a/1; https://files-api.properstar.com/api/v2/files/6a1d65f2-f851-49a2-8cb1-5d737e1b3d0c/1; https://files-api.properstar.com/api/v2/files/8c0d20fe-fbab-4522-bcd4-967b08018861/1; https://files-api.properstar.com/api/v2/files/463c8d10-9016-41f4-9efb-58cfefef1d5e/1; https://files-api.properstar.com/api/v2/files/1e72f30a-bfdf-4228-bbc0-82e6f46dd1e6/1; https://files-api.properstar.com/api/v2/files/7731123b-6d6e-4b3f-a7ba-08b60d32c85c/1; https://files-api.properstar.com/api/v2/files/38349b18-ab6e-439f-9639-135a762b1ddb/1; https://files-api.properstar.com/api/v2/files/cb3fc7bf-2cd0-48a5-8218-90d9c6a28826/1; https://files-api.properstar.com/api/v2/files/2f6390fe-0a43-438f-b4c4-a24846281f4e/1; https://files-api.properstar.com/api/v2/files/5b36dc0f-b53c-4736-bdc6-01ae3b644dcf/1; https://files-api.properstar.com/api/v2/files/81b4bdc0-f87e-4e8c-aa89-b601f148cd19/1; https://files-api.properstar.com/api/v2/files/8d968926-6fda-44e6-b07e-f7f9567f7a76/1; https://files-api.properstar.com/api/v2/files/7afae0e4-7d16-43eb-be1d-287dc8fd1c32/1; https://files-api.properstar.com/api/v2/files/18b92a19-13ef-419b-8831-135b968bc70d/1; https://files-api.properstar.com/api/v2/files/0eeb2d80-8582-49c3-a7af-eddd37a78596/1; https://files-api.properstar.com/api/v2/files/c340bb60-e881-4557-9805-533e5fe30549/1; https://files-api.properstar.com/api/v2/files/1a5b468e-f0fb-414f-aca2-353f07e9fc41/1; https://files-api.properstar.com/api/v2/files/6df96ce1-5a2d-481b-b36f-4c07540eaee7/1
116811572,"HOUSE FOR SALE IN COLONIA LOMA LINDA, LA PAZ, BAJA CALIFORNIA SUR",https://www.properstar.co.uk/listing/116811572,"GBP 95,333","Francisco Cota Moreno 2750, La Paz, Mexico",24.149052,-110.28593,3,2,1388.545,House,Alvalih Real Estate,2026-05-20T03:06:44.68,https://files-api.properstar.com/api/v2/files/2e4cc520-6ae3-49be-abe8-588e041c466b/1; https://files-api.properstar.com/api/v2/files/451d2d7e-b45e-429e-9b5a-793fac6bee5d/1; https://files-api.properstar.com/api/v2/files/866e109b-0022-4ccb-af7a-d9aef038392b/1; https://files-api.properstar.com/api/v2/files/ce5c26cf-a50c-4578-9ea5-876276146e2f/1; https://files-api.properstar.com/api/v2/files/dc648653-8178-46b2-a104-e09b46219a84/1; https://files-api.properstar.com/api/v2/files/f67e6993-ea6f-4dc1-9cb5-542f0f6869ff/1; https://files-api.properstar.com/api/v2/files/62704cca-a304-4e95-be40-bf5bc8dd2139/1; https://files-api.properstar.com/api/v2/files/98ba00ab-aa76-4e2f-bcf9-27527f2bab5c/1; https://files-api.properstar.com/api/v2/files/d3a80102-db6e-4e6d-92f5-2e324f541801/1; https://files-api.properstar.com/api/v2/files/43eca1ef-6f1a-4d86-9fd8-6d476d84de32/1; https://files-api.properstar.com/api/v2/files/e3585f29-876e-4960-ab04-3d58c080543a/1; https://files-api.properstar.com/api/v2/files/c6e328af-e228-4869-a516-03a2980ac874/1; https://files-api.properstar.com/api/v2/files/c55b1828-4322-422a-8f2e-4b3276c0b7a3/1; https://files-api.properstar.com/api/v2/files/5de0167f-d642-4622-a3d9-206a31737789/1; https://files-api.properstar.com/api/v2/files/2e992132-0bef-4504-a97a-ecc55a073dcd/1; https://files-api.properstar.com/api/v2/files/8daa162a-e06d-44da-a3cb-f8493e42e76b/1; https://files-api.properstar.com/api/v2/files/aa5fa980-8f16-4da0-bbd1-3920ee72850f/1; https://files-api.properstar.com/api/v2/files/d4c06d1f-b7e8-41c5-adc9-7a7b9327fdc4/1; https://files-api.properstar.com/api/v2/files/c0ebefe5-3b21-4ed3-b97e-7ab64af9d34b/1
117040762,"Luxury Furnished Ground Floor Apartment – Ocean Oasis, Marina La Paz. ",https://www.properstar.co.uk/listing/117040762,"GBP 263,177","Calle Manuel Encinas 83, La Paz Centro, 23000 La Paz, BCS, México, La Paz, Mexico",24.152612,-110.324295,2,2,1474.65625,Apartment,KW Baja,2026-05-28T02:48:14.3,https://files-api.properstar.com/api/v2/files/a417245b-3195-4dc3-aaf5-d2a52a319f2b/1; https://files-api.properstar.com/api/v2/files/f4209438-5f7c-44bb-8ac8-93d1a4947ba5/1; https://files-api.properstar.com/api/v2/files/fc9b7599-0d74-48ce-8991-c73fcacc6414/1
116841970,"Casa Galeta, Portobello Residencial - Coto 3 Lt 19",https://www.properstar.co.uk/listing/116841970,"GBP 173,150","Via Genova, La Paz, Mexico",24.129496,-110.295646,2,2,1227.0863,House,RIM Inmobiliaria,2026-05-21T03:19:42.163,https://files-api.properstar.com/api/v2/files/0657c82d-f413-4151-b1aa-0b2e95f17ce4/1; https://files-api.properstar.com/api/v2/files/9ca3017c-f410-4c95-88de-38e1493fd0c1/1; https://files-api.properstar.com/api/v2/files/fa2f06ed-d229-4987-ab7f-acf47d68838b/1; https://files-api.properstar.com/api/v2/files/07d5f91c-5c95-498d-8f4c-299757257a58/1; https://files-api.properstar.com/api/v2/files/6798a364-b722-416b-8bbc-3c7f878e3a21/1; https://files-api.properstar.com/api/v2/files/e30e14c0-0bbc-4826-b7bb-863d112eb0e0/1; https://files-api.properstar.com/api/v2/files/0640f0ef-6d73-4d29-8c44-1e27d7f9af4f/1; https://files-api.properstar.com/api/v2/files/55d03b43-ac57-4453-91e6-32a458320fec/1; https://files-api.properstar.com/api/v2/files/3d304e2e-3d1d-48ed-9d6e-9df3bff80462/1; https://files-api.properstar.com/api/v2/files/72b853b6-9e3a-48a4-b060-5d8cc3c62e26/1; https://files-api.properstar.com/api/v2/files/780fcdf5-9c15-4c13-b2db-72f0f70c932a/1; https://files-api.properstar.com/api/v2/files/2514f83e-b448-41ac-9c85-0ef89169ab73/1; https://files-api.properstar.com/api/v2/files/c43ef203-3701-4172-a8dc-c4783ab87199/1; https://files-api.properstar.com/api/v2/files/87b59580-8fec-4df9-a4fa-108cfa1b9b44/1; https://files-api.properstar.com/api/v2/files/82693cee-d9ee-40bd-a022-014fe608df32/1; https://files-api.properstar.com/api/v2/files/d72229a8-2376-48db-b6c7-c4e5bb2f00eb/1; https://files-api.properstar.com/api/v2/files/c82664f7-dd6f-4c8c-9495-1c8bbd1b098f/1; https://files-api.properstar.com/api/v2/files/af616b0d-c130-42c1-83f3-0ae7c22ad6e9/1; https://files-api.properstar.com/api/v2/files/05165b74-5e0b-4796-b8c7-e31419d563f2/1; https://files-api.properstar.com/api/v2/files/3da03395-30ae-48bd-99f7-7e674862f1f3/1; https://files-api.properstar.com/api/v2/files/f9938a64-7d4d-41e2-9f1b-7f1fc4bc2250/1; https://files-api.properstar.com/api/v2/files/fe09c420-fea7-4535-87c1-d42fc185a2ca/1; https://files-api.properstar.com/api/v2/files/91ae6be6-f072-4ea5-bbe9-5f4c71ab3ac9/1; https://files-api.properstar.com/api/v2/files/1dc846c2-d3af-473d-a095-521dbfcdedd3/1; https://files-api.properstar.com/api/v2/files/b672c9f8-c870-4060-93e5-a7ead98a1a40/1
111671507,Discover the upgraded Luxury model at Oasis Villas in La Paz BCS Mexico,https://www.properstar.co.uk/listing/111671507,"GBP 138,233","Antonio Melendez, La Paz, Mexico",24.142641,-110.312753,2,2,1173.26672,House,Dream Baja Realty,2025-11-15T03:34:06.043,https://files-api.properstar.com/api/v2/files/00a3a32c-9ca0-4b2e-b9e1-d48107b6a641/1; https://files-api.properstar.com/api/v2/files/07700c8a-6044-47f3-87e2-8648afb2b7e1/1; https://files-api.properstar.com/api/v2/files/e9b2140c-d7e6-489b-897a-5278c6b1aa4f/1; https://files-api.properstar.com/api/v2/files/0311b9e9-4363-492c-b902-0a0c326136df/1; https://files-api.properstar.com/api/v2/files/c89fb36b-db93-4cb0-9339-2b67e7fa7e6b/1; https://files-api.properstar.com/api/v2/files/5b9d5d53-7b61-4103-82e0-63fcffc2a14c/1; https://files-api.properstar.com/api/v2/files/585c20c7-6549-4f31-82f6-16c9f5a89cae/1; https://files-api.properstar.com/api/v2/files/dcafbcb8-d092-46f3-ba65-73d581fc0710/1; https://files-api.properstar.com/api/v2/files/a8c5b3a4-ca18-4a2a-ae27-e0237c39d260/1; https://files-api.properstar.com/api/v2/files/00a15ac3-a69a-4035-a302-2400608e8957/1; https://files-api.properstar.com/api/v2/files/ad3c6c1c-ab9d-4b3d-a2ce-89705eb5f4ae/1
115864112,"Terranova Sur #296, La Paz, B.C.S.",https://www.properstar.co.uk/listing/115864112,"GBP 24,570","Baja California Sur, La Paz, La Paz, Mexico",24.142641,-110.312753,2,1,,House,Habitat Servicios Inmobiliarios,2026-04-19T03:58:54.847,https://files-api.properstar.com/api/v2/files/a416c123-c6ed-4f6d-a601-7c999625c148/1; https://files-api.properstar.com/api/v2/files/577e3c4c-d98b-40af-9757-33e665879cb2/1; https://files-api.properstar.com/api/v2/files/3254c686-ae37-4217-b24b-713068a29acf/1; https://files-api.properstar.com/api/v2/files/95206809-2794-4c10-acc4-a2641e14f576/1; https://files-api.properstar.com/api/v2/files/0dab72ea-5818-4168-b803-46dcf2e2f5f9/1
116434909,Marina Residences Puerta Cortes,https://www.properstar.co.uk/listing/116434909,"GBP 1,832,710","Carretera Pichilingue KM. 7.5, La Paz, Mexico",24.21898,-110.305096,4,4,3810.42578,Apartment,Puerta Cortés Real Estate,2026-05-08T03:23:07.367,https://files-api.properstar.com/api/v2/files/43c86501-5890-412d-bedf-a1cee8674661/1; https://files-api.properstar.com/api/v2/files/5b69bfac-acd7-4b97-8573-f39ea978b374/1; https://files-api.properstar.com/api/v2/files/5a209a28-af6a-4442-aa7c-f24da0314d12/1; https://files-api.properstar.com/api/v2/files/f1df90a3-d753-408b-93ed-a31f462732dc/1; https://files-api.properstar.com/api/v2/files/38132fd5-4c54-4aaa-8137-2d67bf6a393d/1; https://files-api.properstar.com/api/v2/files/7684d8cc-816b-4241-bcd8-b7a4b86dd2e5/1; https://files-api.properstar.com/api/v2/files/97211992-8078-4216-8a42-0b00ba219bcf/1; https://files-api.properstar.com/api/v2/files/f372af6f-091e-42ef-a72e-bc1a226999f5/1; https://files-api.properstar.com/api/v2/files/064a66b6-fc7f-4b3a-898f-b916ad670eb8/1; https://files-api.properstar.com/api/v2/files/aba0d41a-db8e-4dfe-998f-9f28f2eedd35/1; https://files-api.properstar.com/api/v2/files/91c72e42-2dab-495b-9085-873ae9a3909b/1; https://files-api.properstar.com/api/v2/files/6f741375-3394-48e5-a1a5-9afa8296fd07/1; https://files-api.properstar.com/api/v2/files/d8c20717-7f5f-4601-840d-7288414de630/1; https://files-api.properstar.com/api/v2/files/9fe2f59d-c8a2-41dc-a3c6-c81b1927d512/1; https://files-api.properstar.com/api/v2/files/c5a2f925-5f80-45e4-80c6-8cf557f74384/1; https://files-api.properstar.com/api/v2/files/5ef71010-e277-4f78-84d5-c18dad65d24a/1; https://files-api.properstar.com/api/v2/files/17ce1f17-aad8-41f2-8b28-0eb0934524d9/1; https://files-api.properstar.com/api/v2/files/7a882078-6e99-449b-a528-6d3567374f23/1; https://files-api.properstar.com/api/v2/files/5122c12c-91fb-4888-b6cc-474ae3fa29a0/1; https://files-api.properstar.com/api/v2/files/0600a742-9c06-4b34-ba88-061c8da02b77/1; https://files-api.properstar.com/api/v2/files/b8e2b599-76de-4c34-bff9-68c8df35e3d6/1; https://files-api.properstar.com/api/v2/files/74f9c492-986f-496b-a2f3-418346da1775/1; https://files-api.properstar.com/api/v2/files/315c1c39-aba7-41a9-a646-9cb40972cb29/1; https://files-api.properstar.com/api/v2/files/23f51956-2683-4b49-b42f-4dc477d32090/1; https://files-api.properstar.com/api/v2/files/dc2952a5-4cc1-40a9-974b-800956a4f3b6/1; https://files-api.properstar.com/api/v2/files/afd2b669-6cbf-4f2c-8765-9bcdb96290cd/1; https://files-api.properstar.com/api/v2/files/e51cd9b7-bcaa-406e-92a4-853a3b06d622/1; https://files-api.properstar.com/api/v2/files/29f44276-6f5e-42f1-ad8e-398017faee7f/1; https://files-api.properstar.com/api/v2/files/d1c30ba2-e187-4ba3-b081-2eb5e8a129a8/1; https://files-api.properstar.com/api/v2/files/26a787ae-2996-4d50-8e5b-ce211810030c/1; https://files-api.properstar.com/api/v2/files/b52742c1-883f-4f6f-b895-041d765d4d72/1
108040924,House at La Cumbre,https://www.properstar.co.uk/listing/108040924,"GBP 340,165","Jalisco, Zapopan, Fraccionamiento La Cima, Fraccionamiento La Cima, Mexico",24.099817,-110.344659,3,3,1679.17065,House,ALC Bienes Raices,2025-07-02T08:22:52.02,https://files-api.properstar.com/api/v2/files/74EF2350-820A-49AA-8328-C303FE765FE9/2; https://files-api.properstar.com/api/v2/files/F84FA83F-3913-4D5B-BEF1-028D2D8A2DA7/2; https://files-api.properstar.com/api/v2/files/6BE19D8D-4DBB-46FC-9B62-79B5814980EC/2; https://files-api.properstar.com/api/v2/files/4B0D7551-DAFB-4413-B9F7-DD825A19C02D/2; https://files-api.properstar.com/api/v2/files/944AA57E-3A65-45BF-A701-0B72496115EC/2; https://files-api.properstar.com/api/v2/files/EFEA9AA4-310D-4E2F-8238-6E1651DF4871/2; https://files-api.properstar.com/api/v2/files/9E91F2D2-42F6-46CC-B335-FB4D61939F8D/2; https://files-api.properstar.com/api/v2/files/C822DAFB-EE51-4377-B11A-BDAFEC89330C/4; https://files-api.properstar.com/api/v2/files/093A05A3-8B49-4DC0-B90C-B858BA40D2C1/4; https://files-api.properstar.com/api/v2/files/12D804C4-F3CC-4F9F-962F-6286A3ED814C/2; https://files-api.properstar.com/api/v2/files/FC2D5FE1-4470-4925-8D6F-50B5132F1D29/2; https://files-api.properstar.com/api/v2/files/1A216786-7176-4139-9533-537C6C363C31/4; https://files-api.properstar.com/api/v2/files/50FA3F67-2B1D-4E79-93D6-CF01762105BE/2; https://files-api.properstar.com/api/v2/files/2A87753F-CADC-46C1-A14A-E9A7D01B18F6/2
110945752,PRE SALE OF NEW APARTMENTS IN TOWER WITH ROOF TOP IN COL. LA PAZ PUEBLA,https://www.properstar.co.uk/listing/110945752,"GBP 169,066","Puebla, Puebla, La Paz, La Paz, Mexico",24.142641,-110.312753,2,2,1128.81177,Apartment,INMOBILIARIA KLOSSMAR,2025-10-17T10:12:53.313,https://files-api.properstar.com/api/v2/files/7b6dbd3f-56b4-4f73-8922-60c5fca7aedd/1; https://files-api.properstar.com/api/v2/files/5974f9aa-3489-4b1d-b7dc-e11186e173ea/1; https://files-api.properstar.com/api/v2/files/4f73caf4-0dcb-4ab0-8bea-6e282d15ac7c/1; https://files-api.properstar.com/api/v2/files/e253e2f6-1e05-4858-8d9d-d40589595b91/1; https://files-api.properstar.com/api/v2/files/58bc0752-f3c3-4eac-bdc2-31744b8f8814/1; https://files-api.properstar.com/api/v2/files/b938ee81-0549-4768-9f23-6082fe8c10b2/1; https://files-api.properstar.com/api/v2/files/3d07dae8-3a89-4eae-82b9-ab07b6b68e61/1; https://files-api.properstar.com/api/v2/files/2840d733-045d-40d7-a218-c61f933574e7/1; https://files-api.properstar.com/api/v2/files/0d3eed51-1a86-4bf9-9206-5f0502106896/1; https://files-api.properstar.com/api/v2/files/c983234f-b606-4a13-a10c-1c0251807f24/1; https://files-api.properstar.com/api/v2/files/fb1ba0ab-39f3-402b-85b3-6bb298775951/1; https://files-api.properstar.com/api/v2/files/be206b53-49e9-4548-a009-e29b9c26e8d7/1; https://files-api.properstar.com/api/v2/files/14c7105f-7fb3-4701-b426-78993cc20cc7/1; https://files-api.properstar.com/api/v2/files/c521028e-9e5f-4129-8135-1fdbd9568928/1; https://files-api.properstar.com/api/v2/files/2114bba2-0053-48ab-a771-5852662ed076/1; https://files-api.properstar.com/api/v2/files/e1c1f1c3-1756-4930-9a71-765dcb7cf112/1; https://files-api.properstar.com/api/v2/files/3c68bc0e-06c7-4a97-9ae8-cf869312c71c/1; https://files-api.properstar.com/api/v2/files/57fe514d-8c6e-47a6-8830-f4b77a8ec2cf/1; https://files-api.properstar.com/api/v2/files/0eeac758-b39f-4410-a89b-ad264f9b6067/1; https://files-api.properstar.com/api/v2/files/2eaa6c4f-d986-484a-9945-9e49b6be551b/1; https://files-api.properstar.com/api/v2/files/d79ff4c6-dddd-4002-84d3-59c3df7882b9/1; https://files-api.properstar.com/api/v2/files/7ef3ba58-2aaa-45de-97fe-27ed1825f1c2/1; https://files-api.properstar.com/api/v2/files/d613e9cd-1bb3-4cee-8c80-7e9b84a42163/1; https://files-api.properstar.com/api/v2/files/56002bb1-6337-44ef-a7d3-96994c889613/1; https://files-api.properstar.com/api/v2/files/ec1f9f51-874b-4f90-9f16-631fde4fd3ee/1; https://files-api.properstar.com/api/v2/files/adc9e109-8eb4-4440-8191-eb9dae955769/1; https://files-api.properstar.com/api/v2/files/9116b595-72ec-4737-bb72-74a0b78164ef/1; https://files-api.properstar.com/api/v2/files/d2bed48c-e7da-410b-b6da-8050a040aa4d/1
113291940,CASA PALO FIERRO,https://www.properstar.co.uk/listing/113291940,"GBP 236,166","CALLE 9, La Paz, Mexico",24.134183,-110.306345,3,3,2572.57568,House,Baja Sun Brokers,2026-01-22T03:55:37.177,https://files-api.properstar.com/api/v2/files/26c0a019-858b-42fc-a23f-6a7d8fb7b867/1; https://files-api.properstar.com/api/v2/files/d71479f0-c04f-4979-b9bf-823456075d71/1; https://files-api.properstar.com/api/v2/files/449380af-805f-441a-953a-3b589979f9ef/1; https://files-api.properstar.com/api/v2/files/783a25a6-5403-4c02-84c3-4e9e5cbc14ab/1; https://files-api.properstar.com/api/v2/files/03bd72c5-c9a5-4210-9c0d-b1748acc9023/1; https://files-api.properstar.com/api/v2/files/0217c6b3-a0a5-49b5-bd95-74ffec8b6af9/1; https://files-api.properstar.com/api/v2/files/fad8c6b0-8d9b-4230-8ff0-14b5b1ee8d97/1; https://files-api.properstar.com/api/v2/files/25b5efa6-56d5-4f60-b140-13727dc0820d/1; https://files-api.properstar.com/api/v2/files/0b25ddf9-d8c2-44ad-915d-b9bd5a469a36/1; https://files-api.properstar.com/api/v2/files/63d943af-bc3e-4b19-b322-0a420f5e1cb3/1; https://files-api.properstar.com/api/v2/files/18c6e45b-dade-429a-8314-3e09dbc59632/1; https://files-api.properstar.com/api/v2/files/de476aac-246d-470b-a5a9-d37deddeac24/1; https://files-api.properstar.com/api/v2/files/1fbd0c74-535d-4951-aacd-7c9b6f1a0725/1; https://files-api.properstar.com/api/v2/files/9a485530-0aa8-411b-9c77-1b59adcf96ec/1; https://files-api.properstar.com/api/v2/files/c10cde46-da27-4f08-9d70-9ff8819d29ad/1; https://files-api.properstar.com/api/v2/files/19a9f447-b720-4e85-8676-e117202e7396/1; https://files-api.properstar.com/api/v2/files/32bb3d52-663b-4dec-b217-74b56e26f3bd/1; https://files-api.properstar.com/api/v2/files/738bda1a-c799-44b8-bed9-b9d57bd3a1d4/1; https://files-api.properstar.com/api/v2/files/34bafb1a-c6d9-467f-b7a5-1417c8f80736/1; https://files-api.properstar.com/api/v2/files/beb32606-feed-48b4-9202-6d47634155be/1; https://files-api.properstar.com/api/v2/files/f6cd42c9-1b98-41d3-8c4a-b4063a3d73d9/1; https://files-api.properstar.com/api/v2/files/bbb87a77-6123-453c-a46b-563b312b1fd6/1
114357704,"Casa Bellavista, 2510 Todos Santos",https://www.properstar.co.uk/listing/114357704,"GBP 581,964","Todos Santos, Casa Bellavista 2510, La Paz, Mexico",24.130575,-110.309675,4,4,7750.01855,House,RONIVAL Real Estate,2026-02-27T03:23:14.623,https://files-api.properstar.com/api/v2/files/e033a05d-3487-4b4b-a826-2f79b01663c7/1; https://files-api.properstar.com/api/v2/files/7328dfd3-433a-4153-a380-018e5c5e6c0a/1; https://files-api.properstar.com/api/v2/files/d0cf87ef-8423-4922-9c5a-6be520dd4d40/1; https://files-api.properstar.com/api/v2/files/b2af322b-2bd0-4c13-8fb7-9d5a08157329/1; https://files-api.properstar.com/api/v2/files/45097951-a39d-4846-b6c5-9fb435826e7e/1; https://files-api.properstar.com/api/v2/files/4ea0e523-7a1c-4377-a6c4-94fd209a5115/1; https://files-api.properstar.com/api/v2/files/7241a9ba-b6b0-409d-bda2-a86f90847d63/1; https://files-api.properstar.com/api/v2/files/bf2f9cb9-8ed5-4fe7-b263-775af3bf2208/1; https://files-api.properstar.com/api/v2/files/3c97f125-6b97-44fa-9d1d-2dedda83061f/1; https://files-api.properstar.com/api/v2/files/90d405a4-a5b9-4c97-a5ba-c9f4e1ebf501/1; https://files-api.properstar.com/api/v2/files/e32b374d-ec05-4c25-9b78-5f2273ca2f11/1; https://files-api.properstar.com/api/v2/files/610339af-7c75-4b13-8682-a9d836fb48c6/1; https://files-api.properstar.com/api/v2/files/06c68e03-992e-409f-9383-dc5960c99172/1; https://files-api.properstar.com/api/v2/files/aac7156e-7497-445b-aa88-3cd8e32f6a2b/1; https://files-api.properstar.com/api/v2/files/5ccc526c-d841-4fec-8f71-1381f6b05dd3/1; https://files-api.properstar.com/api/v2/files/8866531d-5750-4f7e-8190-5b23a4d5ee19/1; https://files-api.properstar.com/api/v2/files/8c27b497-91b1-4a4a-a5c6-ac90459528b5/1; https://files-api.properstar.com/api/v2/files/5a8350ce-1d5d-4f02-a363-4a8839871dff/1; https://files-api.properstar.com/api/v2/files/7e5b49bb-9be4-42d3-95ed-530f8d942e62/1; https://files-api.properstar.com/api/v2/files/8bb7f0be-379c-4789-8f6f-9c2af4a5de6b/1; https://files-api.properstar.com/api/v2/files/24d7abba-b726-4f87-8acb-c9f46ce5c846/1; https://files-api.properstar.com/api/v2/files/72278832-673d-4979-b8df-a026aebb95fa/1; https://files-api.properstar.com/api/v2/files/0c25e342-d723-48d7-ab48-67854a5d0ff0/1; https://files-api.properstar.com/api/v2/files/617df37d-c41b-4424-8d7e-348544e05a6e/1; https://files-api.properstar.com/api/v2/files/6ff325c1-ea3c-4ade-b36a-94346b61fe6e/1; https://files-api.properstar.com/api/v2/files/c1010228-188e-4011-8c91-7de7adc69616/1; https://files-api.properstar.com/api/v2/files/829bead3-754d-4de6-a5fc-38a9f32b8a36/1; https://files-api.properstar.com/api/v2/files/60891063-4f13-476d-8614-45e89cad34c1/1
115623167,SALE OF HOUSE IN COLONIA LA PAZ FOR INVESTMENT RENTS ROOMS – 6 BEDROOMS WITH OWN BATHROOM EACH,https://www.properstar.co.uk/listing/115623167,"GBP 289,032","Puebla, Puebla, La Paz, La Paz, Mexico",24.142641,-110.312753,6,6,3767.37,House,ANDCONT REAL STATE,2026-04-11T03:41:10.687,https://files-api.properstar.com/api/v2/files/332bf3ad-9067-4754-beb5-fb3d86a1608c/1; https://files-api.properstar.com/api/v2/files/19f089b2-a093-44f1-844e-d152b07cefcf/1; https://files-api.properstar.com/api/v2/files/2ec9e419-8ca3-488b-b921-86cb4fad9b5d/1; https://files-api.properstar.com/api/v2/files/3be5b3e8-5112-4d45-98d0-911f061df831/1; https://files-api.properstar.com/api/v2/files/d5cceca1-bac1-4275-86cf-e9024421fc80/1; https://files-api.properstar.com/api/v2/files/e01f2f9b-ee74-40c1-8129-76b2c535650e/1; https://files-api.properstar.com/api/v2/files/cb5b6c7f-5d25-4c81-9627-a0d77b6770ea/1; https://files-api.properstar.com/api/v2/files/61d747a6-e7aa-47ba-a311-4e9fbfa18106/1; https://files-api.properstar.com/api/v2/files/c7f73340-80b0-4882-abc3-6bf9541ff03c/1; https://files-api.properstar.com/api/v2/files/e8171976-9c8d-4c04-a44c-23793ac4bc15/1; https://files-api.properstar.com/api/v2/files/10ebc13c-3d2a-4234-b26e-d1fae849ffa2/1; https://files-api.properstar.com/api/v2/files/29b3d0de-a2a3-4140-ac2b-8931bab34d1a/1; https://files-api.properstar.com/api/v2/files/1f614e11-10de-4081-8867-74231a687675/1; https://files-api.properstar.com/api/v2/files/d5521d99-391b-4e2e-a1ab-9ede3c22c0ea/1; https://files-api.properstar.com/api/v2/files/5576bd3c-0206-4dfb-a338-6617010cd967/1; https://files-api.properstar.com/api/v2/files/816be2e0-dccd-4bd9-9cf2-3323a36be8ca/1; https://files-api.properstar.com/api/v2/files/f52ae683-ff2a-4e3a-9d5f-5a2d3b49e5ea/1; https://files-api.properstar.com/api/v2/files/81828ee3-581e-47d1-891a-e0b25f627f54/1; https://files-api.properstar.com/api/v2/files/a34158d9-f0d2-4d5d-8fb6-177e52e56145/1; https://files-api.properstar.com/api/v2/files/84baa04f-229f-4463-8a0e-6b9c27c8d7bd/1; https://files-api.properstar.com/api/v2/files/fdec8436-17af-40b5-bf2b-3e0d687b9c47/1; https://files-api.properstar.com/api/v2/files/13a5b9be-cb3e-4731-a886-a6009b1f6baa/1; https://files-api.properstar.com/api/v2/files/126ee62b-8200-4f68-a5c0-a1df0894705a/1; https://files-api.properstar.com/api/v2/files/9639e85a-41b4-438d-9a79-824aaea37a6c/1; https://files-api.properstar.com/api/v2/files/e75e12c4-be81-4acd-9627-085a248b95ae/1; https://files-api.properstar.com/api/v2/files/528c047f-3da3-4309-8dce-880396f0f496/1; https://files-api.properstar.com/api/v2/files/3707b15a-2107-414a-bb71-98799aa7ef61/1
116841971,"Casa Galeta, Portobello Residencial - Coto 3 Lt 21",https://www.properstar.co.uk/listing/116841971,"GBP 173,140","Via Genova, La Paz, Mexico",24.129496,-110.295646,2,2,1227.0863,House,RIM Inmobiliaria,2026-05-21T03:19:42.163,https://files-api.properstar.com/api/v2/files/36583650-9ee3-43cd-856b-9e61d6c074cd/1; https://files-api.properstar.com/api/v2/files/c6da25db-18aa-49ab-b6fe-ee30e8b2103c/1; https://files-api.properstar.com/api/v2/files/76fb8cce-6b6f-4254-acd4-79b523f2234e/1; https://files-api.properstar.com/api/v2/files/607cd4eb-d072-4d47-b87e-1f78f7961749/1; https://files-api.properstar.com/api/v2/files/f01f6720-860c-4f8a-a996-19606e0ffa82/1; https://files-api.properstar.com/api/v2/files/d7af4dbf-2b46-419e-a2ad-52b03d691df4/1; https://files-api.properstar.com/api/v2/files/8718102e-3e6e-4be8-a254-24188512b7a8/1; https://files-api.properstar.com/api/v2/files/17345737-44fa-442f-a03c-3b5a392615b5/1; https://files-api.properstar.com/api/v2/files/5a5cb1f7-f1b5-4168-9f29-765fc4f6c861/1; https://files-api.properstar.com/api/v2/files/2a7e1aa9-5bf1-4ecb-a02d-fc99ef04fecf/1; https://files-api.properstar.com/api/v2/files/672889d0-e783-4f19-b180-0f7f38c68ccc/1; https://files-api.properstar.com/api/v2/files/7c7e5ddb-cac4-4e8c-a93e-001ac18cee76/1; https://files-api.properstar.com/api/v2/files/8bc8a3a9-163b-43c5-9a6b-36c144838d55/1; https://files-api.properstar.com/api/v2/files/b487f031-d057-4536-bac6-18704239081f/1; https://files-api.properstar.com/api/v2/files/efd42703-b043-4cfd-8e2e-83dfc7ad25cd/1; https://files-api.properstar.com/api/v2/files/20859160-2dd1-4c65-9a52-27aefc8dd982/1; https://files-api.properstar.com/api/v2/files/1f35d619-55a4-40ce-b4d6-49b6139f6810/1; https://files-api.properstar.com/api/v2/files/5362f706-8c61-4844-b69b-e665d04574a3/1; https://files-api.properstar.com/api/v2/files/5824b293-3a60-4b26-9a45-7b2ce39b5b80/1; https://files-api.properstar.com/api/v2/files/839efa72-4c92-4cf0-ac3a-be1769e02ab2/1; https://files-api.properstar.com/api/v2/files/4178944b-796d-412c-a14b-d3cdb800367a/1; https://files-api.properstar.com/api/v2/files/2bec37b4-2e05-483c-b05c-ea8560400df7/1; https://files-api.properstar.com/api/v2/files/4348d929-2422-465d-8e57-b92165292183/1; https://files-api.properstar.com/api/v2/files/c81a3099-cdeb-4a59-ba67-4eb11b9f1877/1; https://files-api.properstar.com/api/v2/files/a1dba258-380b-4ba9-afc7-907431254493/1
116842327,"Casa Galeta, Portobello Residencial - Coto 3 Lt 18",https://www.properstar.co.uk/listing/116842327,"GBP 173,275","Via Genova, La Paz, Mexico",24.129496,-110.295646,2,2,1227.0863,House,RIM Inmobiliaria,2026-05-21T03:19:42.163,https://files-api.properstar.com/api/v2/files/d89981cf-bae6-4c68-a1ff-4df0c95d081f/1; https://files-api.properstar.com/api/v2/files/b82377e2-b4e9-49ee-af5c-75df543d1b9f/1; https://files-api.properstar.com/api/v2/files/d57adc5a-3d10-45f0-a7d9-cf683042b59b/1; https://files-api.properstar.com/api/v2/files/951831b9-1f61-45a2-a011-59f1dd672bbb/1; https://files-api.properstar.com/api/v2/files/a35afb01-af9a-4d1f-a64d-bffa6c1efa2e/1; https://files-api.properstar.com/api/v2/files/839cfcc4-204b-4093-bb73-efb819cdc1a2/1; https://files-api.properstar.com/api/v2/files/849be3f3-83e5-44df-b2e1-ca7e0b54b0d7/1; https://files-api.properstar.com/api/v2/files/dc2fe5c2-71c1-4ced-b671-42fbe71ea4dc/1; https://files-api.properstar.com/api/v2/files/ffb0faa7-4a04-4edf-a93a-2ef3a2d235e0/1; https://files-api.properstar.com/api/v2/files/a9909d4c-29de-4eb3-8ca0-cb3f3408420b/1; https://files-api.properstar.com/api/v2/files/3666e21d-d9cc-49b1-a773-98442bc119fb/1; https://files-api.properstar.com/api/v2/files/14f3f050-04dc-47be-adc6-0c6f6ffaaeb5/1; https://files-api.properstar.com/api/v2/files/581f587b-5c18-420e-ba44-5704222c7e41/1; https://files-api.properstar.com/api/v2/files/00cc5688-898e-440b-96e4-dcddc6d2f223/1; https://files-api.properstar.com/api/v2/files/37829ad8-d081-486b-a4ab-38f817fb77e1/1; https://files-api.properstar.com/api/v2/files/e7aef965-93ad-4191-8885-4b22bc1a63d2/1; https://files-api.properstar.com/api/v2/files/44e77ad3-bd6a-438b-9ffa-24cada0e70c0/1; https://files-api.properstar.com/api/v2/files/0bffd248-9bca-49d8-abb7-356b6eed68d7/1; https://files-api.properstar.com/api/v2/files/525ecf33-6edf-4c20-8fcc-efc480bfd5b1/1; https://files-api.properstar.com/api/v2/files/74f29558-09a6-41ed-80f9-d05c83fe71fa/1; https://files-api.properstar.com/api/v2/files/ae6907b4-3d44-4e4a-8362-266974f1cc81/1; https://files-api.properstar.com/api/v2/files/84bc714e-3b23-4492-900e-50d71984e3d9/1; https://files-api.properstar.com/api/v2/files/51378075-3498-4a01-8e94-264aea51ca3a/1; https://files-api.properstar.com/api/v2/files/851c9d96-3c5e-46d9-9fac-511cfab793ab/1; https://files-api.properstar.com/api/v2/files/4b169e83-26eb-47bf-b0e1-e911ecbdb64c/1
114260463,"CASA LUZ AZUL, HOUSE FOR SALE IN EL CENTRO, LA PAZ, BAJA CALIFORNIA SUR",https://www.properstar.co.uk/listing/114260463,"GBP 519,998","Valentin Gomez Farias 2315, La Paz, Mexico",24.150519,-110.315321,,,3444.45264,House,CENTURY 21 Rojas,2026-02-25T03:10:51.093,https://files-api.properstar.com/api/v2/files/ac418244-fff0-43db-ba75-69abc549ad12/1; https://files-api.properstar.com/api/v2/files/b6a1691d-bd78-4611-85c7-56c50138cc4f/1; https://files-api.properstar.com/api/v2/files/b2cb0e56-947b-471b-b13a-739500cee256/1; https://files-api.properstar.com/api/v2/files/0d31e68a-1360-44e4-aab5-831a0b8c9363/1; https://files-api.properstar.com/api/v2/files/b87a37ab-6136-453d-b854-868c926090f0/1; https://files-api.properstar.com/api/v2/files/aa47ac88-4636-4218-a1b3-d83aa9232cac/1; https://files-api.properstar.com/api/v2/files/85fd5b83-caf5-4efa-9de0-d6d427dd608c/1; https://files-api.properstar.com/api/v2/files/6c0a01e9-50dc-4ad7-be9b-feeca9e86f62/1; https://files-api.properstar.com/api/v2/files/c9a9177e-f3e0-4c81-9a54-15944e9def74/1; https://files-api.properstar.com/api/v2/files/f593a833-44e1-4220-bfad-3a168dbdbb04/1; https://files-api.properstar.com/api/v2/files/7d5bfc79-a9d2-4ac2-8f21-0aa6f251e770/1
116142705,House in El Camino Real,https://www.properstar.co.uk/listing/116142705,"GBP 17,767","Baja California Sur, La Paz, El Camino Real, El Camino Real, Mexico",24.055476,-110.298217,2,2,,House,Habitat Servicios Inmobiliarios,2026-04-28T04:54:35.83,https://files-api.properstar.com/api/v2/files/d3370a62-ff99-4a13-a01e-17a03f7eee7d/1; https://files-api.properstar.com/api/v2/files/598c61ef-93d8-4b17-adb5-c2cf00e4d48b/1; https://files-api.properstar.com/api/v2/files/8890710c-339e-4845-b04d-98557da79d21/1; https://files-api.properstar.com/api/v2/files/55c5a60b-0daf-4898-8aeb-40bdaaede2bd/1; https://files-api.properstar.com/api/v2/files/3461a51e-8a5d-4f6d-bbfc-956ad91af83b/1
112347768,3 BEDROOM HOUSE FOR SALE IN LA PAZ,https://www.properstar.co.uk/listing/112347768,"GBP 65,433","Cerro del Piojillo, sn, Baja California Sur, Mexico",24.05532,-110.324924,3,1,764.2379,House,iad Mexico,2025-12-12T03:45:42.077,https://files-api.properstar.com/api/v2/files/5ff6b374-5778-4de5-a63e-725f0395fa6e/1; https://files-api.properstar.com/api/v2/files/6e4d9401-584e-41b6-a620-17a2426f3f06/1; https://files-api.properstar.com/api/v2/files/9b880884-f972-4d36-96f4-885bdf12b61c/1; https://files-api.properstar.com/api/v2/files/5239224f-17cc-4125-84b7-696fb88aea8b/1; https://files-api.properstar.com/api/v2/files/df7ead57-6fd0-4ce5-b2de-cde71205492f/1; https://files-api.properstar.com/api/v2/files/956b182c-135a-43ab-ad0f-a2952a4b5c33/1; https://files-api.properstar.com/api/v2/files/6faad47e-19a0-4a41-9e7d-f8bc80450eb0/1; https://files-api.properstar.com/api/v2/files/53c0703e-2474-4f40-879b-417734a620bf/1; https://files-api.properstar.com/api/v2/files/49940855-8cf6-4643-bfa8-0a9469f2fde7/1; https://files-api.properstar.com/api/v2/files/0af52a9a-cbdd-41d9-b37b-9ada6bb3f0e7/1; https://files-api.properstar.com/api/v2/files/248f9da5-5617-493a-909b-41260aa0b1f6/1; https://files-api.properstar.com/api/v2/files/a80d97f2-8f58-402a-acd7-bcfddc45c5ad/1
115320830,HOUSE FOR SALE IN LA PAZ COLONIA BELLAVISTA,https://www.properstar.co.uk/listing/115320830,"GBP 601,129","Ave La Paz, La Paz, Mexico",24.127399,-110.307924,4,5,6458.34863,House,SUNSHINE REALTY,2026-03-31T03:31:50.087,https://files-api.properstar.com/api/v2/files/55afc140-6a09-4cf2-bf9b-0eef5f397d0e/1; https://files-api.properstar.com/api/v2/files/be08351d-3cca-4fef-9448-c133e0100375/1; https://files-api.properstar.com/api/v2/files/52e8ce1f-964b-42b9-9895-ac427468dee8/1; https://files-api.properstar.com/api/v2/files/90fa7f59-7897-4872-a9c9-7a23142e9f08/1; https://files-api.properstar.com/api/v2/files/27902879-a83b-495d-a528-a1980aad499e/1; https://files-api.properstar.com/api/v2/files/0d8519bb-d004-4731-a9ee-c3debebc659a/1; https://files-api.properstar.com/api/v2/files/eac1fd75-b8c8-4155-a793-92e4f7499012/1; https://files-api.properstar.com/api/v2/files/27fdb465-65fc-465f-9153-56c66f399aec/1; https://files-api.properstar.com/api/v2/files/fe54f62a-1127-4a42-950b-e1741ca67bd4/1; https://files-api.properstar.com/api/v2/files/0e7b6b45-5f07-4559-8aa4-be338bfa8e91/1; https://files-api.properstar.com/api/v2/files/ca23acec-f1e3-49f4-a3e1-83bda65ca05c/1; https://files-api.properstar.com/api/v2/files/d7cddf34-524c-4ea4-bd52-172decfa7767/1; https://files-api.properstar.com/api/v2/files/b9a479e4-f2d2-4265-89f9-dedb612f3faf/1; https://files-api.properstar.com/api/v2/files/882674f5-8a6e-4b26-8c97-7541f9d68c9f/1; https://files-api.properstar.com/api/v2/files/9c51f709-846e-4eec-8c57-f99640f11df2/1; https://files-api.properstar.com/api/v2/files/a48e1aab-5f0b-41eb-8db7-046e21990b9e/1; https://files-api.properstar.com/api/v2/files/6dbe6783-bf0f-4b6b-8386-90bef7d4fc47/1; https://files-api.properstar.com/api/v2/files/b596ed11-1b48-4647-bfc6-0e56c350c32e/1; https://files-api.properstar.com/api/v2/files/0cc98761-db3f-41fd-ace2-968c0f0e7e46/1; https://files-api.properstar.com/api/v2/files/9320651c-15ef-4850-9bda-66516b7acd72/1; https://files-api.properstar.com/api/v2/files/6adbf677-3186-4bf8-bd51-f80854305780/1; https://files-api.properstar.com/api/v2/files/6f2387f8-f098-4e1d-8724-706fd24f1298/1; https://files-api.properstar.com/api/v2/files/031def4a-5b66-4692-9572-b033e7edf30e/1; https://files-api.properstar.com/api/v2/files/2e99ef07-9c55-4d15-af5f-966b2aee5641/1; https://files-api.properstar.com/api/v2/files/75d93254-a2e4-420b-a079-b39e443d0a2b/1; https://files-api.properstar.com/api/v2/files/51369c95-b83e-490e-87bf-0a7704ab3daf/1; https://files-api.properstar.com/api/v2/files/d005a257-d2be-4917-98e6-811cc0f7a30e/1; https://files-api.properstar.com/api/v2/files/bb03a9c8-e289-46f6-a760-5e130cf3a1fb/1; https://files-api.properstar.com/api/v2/files/4af35f60-442f-4b94-85c4-f13bd179ac67/1; https://files-api.properstar.com/api/v2/files/1cbe22f3-4d03-414c-b8be-ea75a6bf4b28/1; https://files-api.properstar.com/api/v2/files/34dd8c56-a8ec-4f9a-b79a-9b5f5842c1f9/1; https://files-api.properstar.com/api/v2/files/5cab70c6-a9db-4a41-a22a-409caf29ae15/1; https://files-api.properstar.com/api/v2/files/e927f6c4-8ed9-4947-a5a7-4123508f42cb/1; https://files-api.properstar.com/api/v2/files/b4a8a7fa-b003-47c3-ab89-a1d377ebc0dd/1; https://files-api.properstar.com/api/v2/files/480555fa-4a37-4036-b6ea-9db5d4405a4b/1; https://files-api.properstar.com/api/v2/files/27b8ff7a-4800-4bf4-8ee4-cbe9354a2a4a/1; https://files-api.properstar.com/api/v2/files/9c72a411-145e-4032-a032-a3b69c8284bf/1; https://files-api.properstar.com/api/v2/files/c0107811-dcf6-4b98-b848-c83ac553f688/1
115260556,"HOUSE FOR SALE IN LA PAZ,BCS, RESIDENCIAL LOMAS DE PALMIRA",https://www.properstar.co.uk/listing/115260556,"GBP 582,802","BAHIA DE LA VENTANA 108, La Paz, Mexico",24.178493,-110.298879,4,4,3293.75781,House,SUNSHINE REALTY,2026-03-29T03:05:38.543,https://files-api.properstar.com/api/v2/files/cca67e8d-1106-4e9f-a70f-e507c7b521fb/1; https://files-api.properstar.com/api/v2/files/3de818eb-d543-4d69-8fa0-8d53fc82344e/1; https://files-api.properstar.com/api/v2/files/0857c9e8-4d44-40b1-9633-17aed393c542/1; https://files-api.properstar.com/api/v2/files/6dfd5195-9d59-4ba7-ba79-63c02fdd53f7/1; https://files-api.properstar.com/api/v2/files/39c0375f-a035-4082-bf19-b5269bb0da9b/1; https://files-api.properstar.com/api/v2/files/25a9fdd4-7420-473b-8f13-3f554a4236de/1; https://files-api.properstar.com/api/v2/files/5fee909f-7bf9-435d-8d2f-08122efaa099/1; https://files-api.properstar.com/api/v2/files/6e74160a-ece7-4798-b7e0-862296ae2c60/1; https://files-api.properstar.com/api/v2/files/fd01375b-844e-4119-98e5-47f911e5df0d/1; https://files-api.properstar.com/api/v2/files/07727311-0d19-404c-809e-d07af508c6a7/1; https://files-api.properstar.com/api/v2/files/dca7c776-392a-4ca1-be54-e5eb69a867fe/1; https://files-api.properstar.com/api/v2/files/d6920c25-681a-4bad-adc5-21df78d2594d/1; https://files-api.properstar.com/api/v2/files/623acf93-99cf-4259-b589-14c7fadbc48d/1; https://files-api.properstar.com/api/v2/files/3713638d-4f77-4671-83d4-46698829881b/1; https://files-api.properstar.com/api/v2/files/98f14c8f-6364-4f0f-8ffd-ca14f92a769a/1; https://files-api.properstar.com/api/v2/files/bcd8d286-b4c5-4095-95d1-6fc198da17a6/1; https://files-api.properstar.com/api/v2/files/38e2bb1c-4f1d-47dc-8ddb-9f40993ab01f/1; https://files-api.properstar.com/api/v2/files/8a8e9071-15ac-4832-8610-b7a96a6885cf/1; https://files-api.properstar.com/api/v2/files/add504fb-645a-4028-887e-d412443d7144/1; https://files-api.properstar.com/api/v2/files/24ca5e31-21d2-4455-af1c-4ea99d28bfc3/1; https://files-api.properstar.com/api/v2/files/72684d3b-4dd9-46fb-8fcc-a4a2289f9cd6/1; https://files-api.properstar.com/api/v2/files/187e8773-650d-4fdc-81c0-b332831ea402/1; https://files-api.properstar.com/api/v2/files/82d778ed-5af2-4a4b-be51-a9a1418b98b7/1; https://files-api.properstar.com/api/v2/files/9cf52e80-4983-4a8e-af03-aadeda10cda3/1; https://files-api.properstar.com/api/v2/files/d0609837-8164-4692-a77d-78e6a236fd91/1; https://files-api.properstar.com/api/v2/files/338f3a75-edf8-4c2c-a62c-5ab54438a318/1; https://files-api.properstar.com/api/v2/files/e4e1b79d-48cb-47e7-9a55-e7fd55a8f545/1; https://files-api.properstar.com/api/v2/files/effb4c0c-ceca-4793-8c55-553223635ca8/1; https://files-api.properstar.com/api/v2/files/f1cbe78d-8499-4e1d-8283-1ee00a58c48a/1; https://files-api.properstar.com/api/v2/files/3dc4a535-742f-478d-a041-2ec911c8c2b4/1; https://files-api.properstar.com/api/v2/files/2a5d5299-1095-45b5-9410-f5091312076c/1; https://files-api.properstar.com/api/v2/files/08361dab-7555-4ea8-82ab-865499576d87/1; https://files-api.properstar.com/api/v2/files/b98b2d79-23a9-4cb7-8027-0cf148405b6c/1; https://files-api.properstar.com/api/v2/files/599d4eb5-ab53-45cb-95b8-d5c11331c826/1; https://files-api.properstar.com/api/v2/files/24202b7a-b62a-4aa1-ad7a-fade6d698612/1; https://files-api.properstar.com/api/v2/files/f6af8763-e3c0-400e-9171-efc7f92470ba/1; https://files-api.properstar.com/api/v2/files/f2f593c2-2597-4582-9b74-9e08ba459788/1; https://files-api.properstar.com/api/v2/files/f442b1d4-029e-432c-ac9a-35d97a9b4dd0/1; https://files-api.properstar.com/api/v2/files/925c96d3-5d3f-4b00-8029-a930fa4b0195/1; https://files-api.properstar.com/api/v2/files/1e75663c-d2b8-43bf-854b-6a1007aa89f0/1; https://files-api.properstar.com/api/v2/files/9df33ef6-4cfd-4762-bc8a-c627e75eff45/1; https://files-api.properstar.com/api/v2/files/a16878c7-ee89-4eab-814b-9a4e39148e06/1
111672072,Casa Elite redefines single-storey living with elegant design,https://www.properstar.co.uk/listing/111672072,"GBP 179,833","Antonio Melendez, La Paz, Mexico",24.142641,-110.312753,2,2,1442.36462,House,Dream Baja Realty,2025-11-15T03:34:06.043,https://files-api.properstar.com/api/v2/files/a94c2e91-6cab-42e2-aed9-f0001c491f45/1; https://files-api.properstar.com/api/v2/files/1caf623b-fbe7-4ad3-b678-abe243476bd0/1; https://files-api.properstar.com/api/v2/files/844c5f3a-e606-403a-8ba0-4b5d91acf917/1; https://files-api.properstar.com/api/v2/files/3d027953-75b1-451b-afdd-881196efeb52/1; https://files-api.properstar.com/api/v2/files/53aa0467-65aa-4175-a5c4-8280dda28eb2/1; https://files-api.properstar.com/api/v2/files/f77bafd5-d434-488f-a165-850e75bae24c/1; https://files-api.properstar.com/api/v2/files/dcf796d6-f9a2-40c7-9438-4db9f146d8c8/1; https://files-api.properstar.com/api/v2/files/bb49de38-20aa-4e1b-a601-0b6870f3addb/1; https://files-api.properstar.com/api/v2/files/d29d7944-b315-443d-b4ce-cb56dd2cb6e3/1; https://files-api.properstar.com/api/v2/files/faf313c4-b066-4b96-b76f-6a2d0a3b43ad/1; https://files-api.properstar.com/api/v2/files/44eabc77-55c6-4011-a756-5e101530a3d2/1; https://files-api.properstar.com/api/v2/files/28a97433-e8bc-4142-aa0d-fc688e2c60ff/1
106423757,"2 BEDROOM HOUSE FOR SALE IN LA PAZ BCS - IDEAL TO START WITH, READY TO MOVE IN.",https://www.properstar.co.uk/listing/106423757,"GBP 57,200","Hongo de Balandra y Santa Rosa, -, Baja California Sur, Mexico",24.048014,-110.303121,2,1,645.8349,House,iad Mexico,2025-05-05T03:34:15.173,https://files-api.properstar.com/api/v2/files/97621f66-a219-4365-8cb3-48b37ed675e4/2; https://files-api.properstar.com/api/v2/files/9b1da69b-0c49-4a39-8ed4-cb0070a57bfd/2; https://files-api.properstar.com/api/v2/files/0cbe4adc-30f4-42b9-86f1-b919a6279d29/2; https://files-api.properstar.com/api/v2/files/d789fa58-e772-4e0b-ba9a-2f177647cd5e/2; https://files-api.properstar.com/api/v2/files/50a5778b-028e-4a7e-aea2-5c485c2bf26f/2; https://files-api.properstar.com/api/v2/files/1095e070-a175-4841-902d-bd7541b04c8e/2; https://files-api.properstar.com/api/v2/files/7472b1fe-ad7a-42a2-bbda-9748f02befca/2; https://files-api.properstar.com/api/v2/files/78a573e5-ce10-4894-aeba-2a71e4f4a0e2/2; https://files-api.properstar.com/api/v2/files/7cca3625-1ba9-4c19-adb9-9d3f59157ae8/2; https://files-api.properstar.com/api/v2/files/f2ac9d60-5996-4ce7-9eb5-312278c96389/2; https://files-api.properstar.com/api/v2/files/3ed6d6e1-ddf3-4f71-ad75-40d699f70e69/2; https://files-api.properstar.com/api/v2/files/0fc0c683-3e43-4aaf-92fd-eb70fbfb01e8/2; https://files-api.properstar.com/api/v2/files/27da7639-6011-4206-b75e-0d7387d2a109/2; https://files-api.properstar.com/api/v2/files/868a5658-e7e3-4449-ae31-0b3af6a39be7/2; https://files-api.properstar.com/api/v2/files/4513f75f-074b-4d5a-ba35-434491c38019/2; https://files-api.properstar.com/api/v2/files/a12b26d7-c09b-4093-b288-84adb2f83daa/2; https://files-api.properstar.com/api/v2/files/83bf40e4-6fcd-4053-9a0e-d5476a23d15d/2; https://files-api.properstar.com/api/v2/files/a37f2e43-b6c3-403a-9a33-bc5e17a8aade/2; https://files-api.properstar.com/api/v2/files/365aa357-3f46-4998-a4cf-a1a78834c7ad/2; https://files-api.properstar.com/api/v2/files/11ea6a3a-6ef5-4779-a7cb-393199e1bede/2; https://files-api.properstar.com/api/v2/files/d64a7e8e-5165-47c5-9c0b-022be7d3fec5/2
99243663,HOUSE WITH COMMERCIAL PREMISES FOR SALE ON BLVD FORJADORES LA PAZ BAJA CALIFORNIA SUR,https://www.properstar.co.uk/listing/99243663,"GBP 155,999","Forjadores de Sudcalifornia, sn, Baja California Sur, Mexico",24.083153,-110.303328,4,4,1948.26855,House,iad Mexico,2024-07-17T03:59:29.243,https://files-api.properstar.com/api/v2/files/de707cd3-fe4e-4561-bdc3-04b5a0686791/2; https://files-api.properstar.com/api/v2/files/dbe00f6d-ce7c-48cf-82d8-9c597adf28f8/2; https://files-api.properstar.com/api/v2/files/f0d64970-59f8-41aa-b5e8-cf14d083e3e1/2; https://files-api.properstar.com/api/v2/files/b3b515ad-d88a-4b1c-8058-8e2f2612e104/2; https://files-api.properstar.com/api/v2/files/74ff076b-62a9-4f0c-8fdd-7977d655e55d/2; https://files-api.properstar.com/api/v2/files/ba125e00-98ea-4f9d-9290-2f54efb64545/2; https://files-api.properstar.com/api/v2/files/2a9da6fe-2746-45a6-8eeb-c95f56584579/2; https://files-api.properstar.com/api/v2/files/1b11c69f-bcb2-47a0-963f-3d560a572cf2/2; https://files-api.properstar.com/api/v2/files/1997d50b-783d-4125-9ac2-cd69baacc05a/2; https://files-api.properstar.com/api/v2/files/5cc047b1-7e9f-44e5-aee3-3982d872ed81/2; https://files-api.properstar.com/api/v2/files/995b58e1-7dd1-45dc-bd18-bcf5265b641c/2; https://files-api.properstar.com/api/v2/files/45fe2dcb-af20-4b0f-95f1-314b336d1fb8/2; https://files-api.properstar.com/api/v2/files/317a464a-8fc0-4504-b934-c1f991824af1/2; https://files-api.properstar.com/api/v2/files/3b47b3c7-d218-4fa3-ba39-8f7d434b758e/2; https://files-api.properstar.com/api/v2/files/50c13b47-d1a6-4415-8ccc-e5c253ee0ca2/2; https://files-api.properstar.com/api/v2/files/540a1f5d-4d11-459d-afb3-bd6391712673/2
116391869,"House for sale, Avenida de las Joyas Baja California Sur (La Paz, Mexico)",https://www.properstar.co.uk/listing/116391869,"GBP 549,813","Avenida de las Joyas, La Paz, Mexico",24.122205,-110.333409,4,3,2205.95679,Detached house,Coldwell Banker Riveras,2026-05-06T21:57:20.727,https://files-api.properstar.com/api/v2/files/dd15b9ec-42b2-4917-863b-53750ad9d5cd/1; https://files-api.properstar.com/api/v2/files/3ee6804e-8e5e-486e-90b2-3767b3353917/1; https://files-api.properstar.com/api/v2/files/c1b056a8-4041-4921-aed6-8440b80d87fd/1; https://files-api.properstar.com/api/v2/files/7436fd1d-fd1e-4e94-bde2-53ad7514332d/1; https://files-api.properstar.com/api/v2/files/25b54dbe-0e9f-435e-9cd5-3e1858fa6b80/1; https://files-api.properstar.com/api/v2/files/924b500a-a1b8-4f62-bffe-f19e72a8c412/1; https://files-api.properstar.com/api/v2/files/bd29e9c3-7f04-472d-840e-15d76b1f46b0/1; https://files-api.properstar.com/api/v2/files/89095839-b37f-458c-862d-e121ed68b5b4/1; https://files-api.properstar.com/api/v2/files/92796d25-a888-4f48-bbaa-a6d7b754e7df/1; https://files-api.properstar.com/api/v2/files/48dd8daa-ac8c-49af-a733-5ef38afd0cdc/1; https://files-api.properstar.com/api/v2/files/d6798ae9-d112-4643-a53e-70fc0fb9131e/1; https://files-api.properstar.com/api/v2/files/d037487e-20c3-477a-8edd-6ef1fa08348c/1; https://files-api.properstar.com/api/v2/files/a8beb98e-81f7-4a23-9590-b68b6d37a125/1; https://files-api.properstar.com/api/v2/files/c797fec6-f01c-4b09-9a18-ec88301790d3/1; https://files-api.properstar.com/api/v2/files/ee56c01d-59e5-401b-aec6-1a7d33b09e42/1; https://files-api.properstar.com/api/v2/files/fff50d9c-633b-43cb-bdd5-a8ded2062bf6/1; https://files-api.properstar.com/api/v2/files/b5050c62-f200-46f8-8fe1-ab5ec3e3a8aa/1; https://files-api.properstar.com/api/v2/files/a11ec055-34cf-4d5d-8f45-ffbbd49feca3/1; https://files-api.properstar.com/api/v2/files/f3f2cfa9-e04e-4f05-a846-48b92cb1bafa/1; https://files-api.properstar.com/api/v2/files/d80568a4-8d33-47a6-a904-7291402d9118/1; https://files-api.properstar.com/api/v2/files/ebab060c-1f20-49e7-aa86-95e19a4def3e/1; https://files-api.properstar.com/api/v2/files/bddf8951-43df-4d54-946e-e1ee0b665d47/1; https://files-api.properstar.com/api/v2/files/d19ce754-1e78-4d4b-8b69-a3cdcc7a71ec/1; https://files-api.properstar.com/api/v2/files/5cc94b46-271a-4f2f-8711-c9617a0f0b21/1; https://files-api.properstar.com/api/v2/files/de7426dc-595d-4625-8351-913ba53e5a6a/1; https://files-api.properstar.com/api/v2/files/1aec8218-66ef-404d-a43d-f0b2329830c6/1; https://files-api.properstar.com/api/v2/files/145b7f06-10cd-4af8-97dd-13e558db35a0/1; https://files-api.properstar.com/api/v2/files/db685f1c-7f21-4057-b4ed-f94a342a58a1/1; https://files-api.properstar.com/api/v2/files/4eca616b-c495-4e0d-ba5d-88bffded4f0c/1; https://files-api.properstar.com/api/v2/files/a95833e1-4d87-4d98-a666-6e3d301584ed/1; https://files-api.properstar.com/api/v2/files/f98f8bdf-44db-4b4c-8807-86f3de006c2c/1; https://files-api.properstar.com/api/v2/files/be8741ba-ca6b-4f3c-a066-5f6d64303f00/1; https://files-api.properstar.com/api/v2/files/d0eea176-7c3f-474a-a7a5-fd34f8cd844c/1; https://files-api.properstar.com/api/v2/files/b086d9c0-9dd5-4136-a18c-fc64ef48758b/1; https://files-api.properstar.com/api/v2/files/af1697c0-05eb-450b-a50b-ea9f055e85d6/1; https://files-api.properstar.com/api/v2/files/4660b14a-3140-4682-af76-75e038c0745b/1; https://files-api.properstar.com/api/v2/files/368d6b7d-3bad-4b90-a96e-67ce4ba2216d/1; https://files-api.properstar.com/api/v2/files/0d4feaaa-eee0-47b7-b07a-7803eb9f3207/1; https://files-api.properstar.com/api/v2/files/f808b26e-d5d4-424c-9e9f-df2d26591741/1; https://files-api.properstar.com/api/v2/files/0748f17f-6478-4217-af15-8b9ddc20e967/1; https://files-api.properstar.com/api/v2/files/7a358881-68c1-4fd9-aa99-ccc130213e11/1
116842330,"Casa Galeta, Portobello Residencial - Coto 3 Lt 22",https://www.properstar.co.uk/listing/116842330,"GBP 173,140","Via Genova, La Paz, Mexico",24.129496,-110.295646,2,2,1227.0863,House,RIM Inmobiliaria,2026-05-21T03:19:42.163,https://files-api.properstar.com/api/v2/files/eb9d1df4-0495-4bdf-ab00-3769183e247f/1; https://files-api.properstar.com/api/v2/files/a01122eb-41f4-450c-8582-9294284541d7/1; https://files-api.properstar.com/api/v2/files/11324c22-0495-4484-8f34-5753510a5bd3/1; https://files-api.properstar.com/api/v2/files/d9d4b3a0-b496-45f1-9537-38c451ca5b65/1; https://files-api.properstar.com/api/v2/files/b54468f3-2590-4634-a758-db14216ba179/1; https://files-api.properstar.com/api/v2/files/4d51a6ee-1f2b-4a7b-82aa-cdcbe9a6e4b5/1; https://files-api.properstar.com/api/v2/files/7f7fa797-c7ce-4b0b-a1fc-84387a596691/1; https://files-api.properstar.com/api/v2/files/f9cc2052-d745-4cd6-9599-321452c11ffd/1; https://files-api.properstar.com/api/v2/files/417d1f05-4a13-4401-9854-18a71eb66ba8/1; https://files-api.properstar.com/api/v2/files/9dfe092a-b46a-4714-8ad2-982d02f27c39/1; https://files-api.properstar.com/api/v2/files/b5e6c6fd-5ab4-4fd0-a3e0-ee015e07ac60/1; https://files-api.properstar.com/api/v2/files/c48deba4-34b6-4624-946d-63f1a300c9d4/1; https://files-api.properstar.com/api/v2/files/5d6ee92c-cc9c-4c42-a0d6-b9a4df28f292/1; https://files-api.properstar.com/api/v2/files/c3be1cc8-b4f6-4ba2-8f9e-20db400ca0a7/1; https://files-api.properstar.com/api/v2/files/4c16d560-8db1-4af2-8833-9fc2a8ee709d/1; https://files-api.properstar.com/api/v2/files/c894a960-84cf-4633-9692-d37c61c0b580/1; https://files-api.properstar.com/api/v2/files/3a9ca146-45fa-421d-a529-2f8feb0439f6/1; https://files-api.properstar.com/api/v2/files/565d5c6e-dc72-4418-92a6-29d1ce7be3c7/1; https://files-api.properstar.com/api/v2/files/09793cd8-13b8-4bed-8c87-15b8688d6108/1; https://files-api.properstar.com/api/v2/files/9d096a60-5a5a-4d2e-beeb-2b8665a85b73/1; https://files-api.properstar.com/api/v2/files/0a46c6e7-4ed2-4a60-801c-e4b47b7b4ca5/1; https://files-api.properstar.com/api/v2/files/a0fb4e2e-b099-4fc1-9786-6c5a3800055d/1; https://files-api.properstar.com/api/v2/files/77e18b06-ddc0-4f4a-9e06-d77f5dcdad32/1; https://files-api.properstar.com/api/v2/files/e51120aa-f0f0-4a62-a6df-aa1e90900e83/1; https://files-api.properstar.com/api/v2/files/083da10c-8086-44bd-85d3-22edeb609b55/1
116170686,"Unique Investment Opportunity in Commercial Corridor – Av. Colima, La Paz",https://www.properstar.co.uk/listing/116170686,"GBP 112,666","Av Colima 1594, La Paz, Mexico",24.134871,-110.314498,4,2,1291.6698,House,CENTURY 21 Loyal,2026-04-29T03:06:58.227,https://files-api.properstar.com/api/v2/files/d7f292da-656f-4580-a7f2-7267722f4247/1; https://files-api.properstar.com/api/v2/files/d8ac1637-a752-4a46-a081-3d07491bf292/1; https://files-api.properstar.com/api/v2/files/6f8bd641-81b6-4f33-91ce-8ce07e4ef1b2/1; https://files-api.properstar.com/api/v2/files/b5e4f8cd-0810-4474-b118-1ab49ca7f65d/1; https://files-api.properstar.com/api/v2/files/b5f842ef-9ece-4f6b-9d67-3d0bf02aba43/1; https://files-api.properstar.com/api/v2/files/6e81c699-ab0b-40a3-aec6-e31240c354cd/1; https://files-api.properstar.com/api/v2/files/35bf82d1-2c94-46a2-b442-6884e56a8d93/1; https://files-api.properstar.com/api/v2/files/6904ec05-aecc-420e-a0ac-09bf51a485c5/1
103844417,"Casa Torre Iglesias en colonia Esterito, La Paz, B.C.S.",https://www.properstar.co.uk/listing/103844417,"GBP 324,999","Torre Iglesias, 939, La Paz, Mexico",24.164721,-110.305341,3,2,2744.798,House,iad Mexico,2025-01-29T03:41:10.52,https://files-api.properstar.com/api/v2/files/e2ea99df-f6bc-49b6-b611-0b2b5c7f458e/2; https://files-api.properstar.com/api/v2/files/cad2540f-b8a1-42d2-abf7-778eab06826d/2; https://files-api.properstar.com/api/v2/files/39d60287-a324-4eac-8ea1-594471668d01/2; https://files-api.properstar.com/api/v2/files/e1dcca83-4c26-4159-8cbd-3d57712b3b83/2; https://files-api.properstar.com/api/v2/files/80e580ce-5d4b-4997-9d11-d9d628d5b204/2; https://files-api.properstar.com/api/v2/files/edfede8a-d126-4d1c-927f-0ca34f7b2b07/2; https://files-api.properstar.com/api/v2/files/776f8e11-6ef5-4e95-a08a-3eae53ac6ef8/2; https://files-api.properstar.com/api/v2/files/69576c79-9110-47cb-be75-fa3d0e11a84c/2; https://files-api.properstar.com/api/v2/files/7dce46e9-a0b8-46b3-b737-c151f9d9217e/2; https://files-api.properstar.com/api/v2/files/1e23156e-cbe1-400a-9ed3-570a27ad7b9b/2; https://files-api.properstar.com/api/v2/files/f38caeb2-b9f4-452f-9799-0435236a1b7c/2; https://files-api.properstar.com/api/v2/files/232075c5-59a6-4209-aeeb-65c9332ecc2f/2; https://files-api.properstar.com/api/v2/files/f89a67d4-ae48-45f5-bcae-3c51ea739d4c/2
108132582,1 storey centrally located house for sale,https://www.properstar.co.uk/listing/108132582,"GBP 203,666","Lic. Primo Verdad 2935, La Paz, Mexico",24.142961,-110.317006,2,1,1700.69849,House,EUREKA REALTY,2025-08-06T13:57:39.857,https://files-api.properstar.com/api/v2/files/ce7246a4-9b0d-4e1a-8874-5838118947cc/1; https://files-api.properstar.com/api/v2/files/0ff4816e-6a5b-4603-b48c-76aec2268709/1; https://files-api.properstar.com/api/v2/files/790835a4-5964-4634-9a88-7c5282b27bb6/1; https://files-api.properstar.com/api/v2/files/a0b78eb7-9240-4058-8358-4a8ab908771e/1; https://files-api.properstar.com/api/v2/files/cde79a82-a6e2-43d4-966b-afcfc8123186/1; https://files-api.properstar.com/api/v2/files/938c4701-1375-4474-a1bf-f88bb0cdf904/1; https://files-api.properstar.com/api/v2/files/356f90ff-2b66-43dc-94b3-97641a3a31b2/1; https://files-api.properstar.com/api/v2/files/77bc3608-4191-4eb3-a1e5-40725615ca4e/1; https://files-api.properstar.com/api/v2/files/e5f79a81-4969-482f-bed6-d8868be6bdbe/1; https://files-api.properstar.com/api/v2/files/fe57682a-5787-45c3-b85e-f295e6c48d20/1; https://files-api.properstar.com/api/v2/files/f980b5a9-d032-4adc-a28d-3877c85fbe4c/1; https://files-api.properstar.com/api/v2/files/5dbb55bf-d97f-4882-8e61-32f1ce5260e9/1; https://files-api.properstar.com/api/v2/files/05a54887-ddf3-4bd6-ad98-01a72cbc4511/1; https://files-api.properstar.com/api/v2/files/65d632e0-2630-4dbf-84b5-e61895212026/1; https://files-api.properstar.com/api/v2/files/5dbb5c79-b1dd-4ec8-945d-8142ed802cc8/1; https://files-api.properstar.com/api/v2/files/be7282d7-fbd2-4eb9-9458-bc2c6e21f0ac/1; https://files-api.properstar.com/api/v2/files/17cb51d9-9e0b-4ba7-9e31-92182f857a41/1; https://files-api.properstar.com/api/v2/files/4b4eb075-a1b4-46a5-b183-53fd9bdc0cbb/1; https://files-api.properstar.com/api/v2/files/b40fdbd2-2f14-4ad9-a2d8-101b8526a3a1/1; https://files-api.properstar.com/api/v2/files/8a886428-e562-4449-87ef-c88ad8770376/1
116978440,HOUSE FOR SALE IN LA PAZ BCS COLONIA CENTRO,https://www.properstar.co.uk/listing/116978440,"GBP 346,665","Valentin Gomez Farias, La Paz, Mexico",24.153969,-110.312222,2,2,2152.783,House,SUNSHINE REALTY,2026-05-26T02:53:37.637,https://files-api.properstar.com/api/v2/files/c4f2c066-5af5-48fb-b7f1-7ca37fb9e77e/1; https://files-api.properstar.com/api/v2/files/862b7639-9e1d-4a5c-857f-47cd02a77b85/1; https://files-api.properstar.com/api/v2/files/757e43bd-ff4b-4edb-a32b-6959d03bd639/1; https://files-api.properstar.com/api/v2/files/6f6377bc-abed-4219-b718-6c27b55b449d/1; https://files-api.properstar.com/api/v2/files/a27d9e01-af6e-4536-b49e-8f61b0e2d226/1; https://files-api.properstar.com/api/v2/files/d280e811-3676-4cbe-a7d2-7dc97109cd52/1; https://files-api.properstar.com/api/v2/files/cd60bf48-4797-480e-976e-d4010e448a0c/1; https://files-api.properstar.com/api/v2/files/9139ae6e-ffe6-4ab4-ac09-1e6d3a5e8e80/1; https://files-api.properstar.com/api/v2/files/348bc942-b841-4c50-b61b-9d624a9b14c1/1; https://files-api.properstar.com/api/v2/files/1c1921d2-b940-4add-865f-3efa1dbb9104/1; https://files-api.properstar.com/api/v2/files/5b230fe8-a739-48e7-8fde-cc0f9cbe9b8c/1; https://files-api.properstar.com/api/v2/files/2f446fe2-2669-4e92-b09d-72ebd54104ed/1; https://files-api.properstar.com/api/v2/files/5306d7e1-6e40-4413-95aa-1bd7e326d8bd/1; https://files-api.properstar.com/api/v2/files/a9057051-c02d-49ce-bc4c-2dfb4911250c/1; https://files-api.properstar.com/api/v2/files/8c575e06-29d4-4365-8682-cc2317156430/1; https://files-api.properstar.com/api/v2/files/13909282-9fff-47d2-9c29-51c239a0a141/1
111526477,Access to Las Playitas Beach 1,https://www.properstar.co.uk/listing/111526477,"GBP 318,892","Accesso de la Playa Las Playitas 1, La Paz, Mexico",24.142641,-110.312753,1,1,818.0575,House,RONIVAL Real Estate,2025-11-09T03:06:58.88,https://files-api.properstar.com/api/v2/files/c59badd3-1a74-47e3-8190-ca67cf755760/1; https://files-api.properstar.com/api/v2/files/04fa07db-fa9d-4d51-a8b3-692347dad1a6/1; https://files-api.properstar.com/api/v2/files/3c9b7ac4-6aa9-4051-be76-476b923eb494/1; https://files-api.properstar.com/api/v2/files/fe25632d-d54d-4022-82a3-4d7da4dbe204/1; https://files-api.properstar.com/api/v2/files/b8111da4-61e3-4a1a-8d51-fb14c50cf1f5/1; https://files-api.properstar.com/api/v2/files/ea92c173-0e37-4d11-8a9a-2c3d0141da3a/1; https://files-api.properstar.com/api/v2/files/708be949-b7a6-4b98-9082-ac3349bbd783/1; https://files-api.properstar.com/api/v2/files/3a4d9adf-9208-40db-b801-124896d0b56d/1; https://files-api.properstar.com/api/v2/files/f4562574-06b0-4301-9437-466784b70882/1; https://files-api.properstar.com/api/v2/files/bec246a9-c938-473a-bc83-962fddb9eff0/1; https://files-api.properstar.com/api/v2/files/41bec4a3-dce6-4ebb-b95f-c7ed92e865c3/1; https://files-api.properstar.com/api/v2/files/285dec7c-29d1-4486-9609-45f96ced322f/1; https://files-api.properstar.com/api/v2/files/8b0a3852-4fff-4bc7-a659-d2d3becd21a4/1; https://files-api.properstar.com/api/v2/files/96e827f8-15f5-45d8-a26b-d9528af348a2/1; https://files-api.properstar.com/api/v2/files/5ccdba0d-1b9c-447c-9c4c-89d33ebfa54e/1; https://files-api.properstar.com/api/v2/files/c0cf476e-0c70-4bf0-acad-35f1f3cb93fc/1; https://files-api.properstar.com/api/v2/files/5f26c8aa-1ff1-4c8d-ab79-c7061edb6a25/1; https://files-api.properstar.com/api/v2/files/a55ba83c-060b-4835-a6fc-a28f627b7eda/1
106423760,"HOUSE FOR SALE IN LA PAZ BCS - ENTRANCE TO TOWN, NEAR BODEGA AURRERA AND ROAD TO LOS CABOS",https://www.properstar.co.uk/listing/106423760,"GBP 65,433","Hongo de balandra, -, Baja California Sur, Mexico",24.048102,-110.302653,3,1,764.2379,House,iad Mexico,2025-05-05T03:34:15.173,https://files-api.properstar.com/api/v2/files/fdd5844f-b89e-4e7f-addf-3cdff027e434/2; https://files-api.properstar.com/api/v2/files/909c8e55-2957-4c2f-a7d0-fe79abe1fb27/2; https://files-api.properstar.com/api/v2/files/5f6c62db-60ad-42c7-a619-146655277f10/2; https://files-api.properstar.com/api/v2/files/0a418a23-e774-440e-9674-10d41aeadf7a/2; https://files-api.properstar.com/api/v2/files/356d06de-71d6-4b6f-a7d8-28cc5aebe7c6/2; https://files-api.properstar.com/api/v2/files/77a4e1e2-5735-4732-a9c0-4b3919bdf58f/2; https://files-api.properstar.com/api/v2/files/ba8984db-81ee-4185-a5dd-5112a1b5bf83/2; https://files-api.properstar.com/api/v2/files/db7e1541-7176-46fa-af14-eeb1094e0234/2; https://files-api.properstar.com/api/v2/files/fe24b532-188d-4c66-8c19-e630659b8aeb/2; https://files-api.properstar.com/api/v2/files/8c29228e-857e-4958-8b8c-47b624e24dd2/2; https://files-api.properstar.com/api/v2/files/db6e340b-1de1-4734-9feb-bbf97bcf406d/2; https://files-api.properstar.com/api/v2/files/9bb15216-ce71-4202-bf62-6546b9062bde/2; https://files-api.properstar.com/api/v2/files/439eaa1a-0567-41ec-b79b-5a52a3173768/2; https://files-api.properstar.com/api/v2/files/fc148d15-c35d-44f7-ab0a-64c3b4fc0f5a/2; https://files-api.properstar.com/api/v2/files/336182a9-0be8-455b-8a43-3ca207f8fa12/2; https://files-api.properstar.com/api/v2/files/ad5fc954-b930-465a-a004-52f6ef475356/2; https://files-api.properstar.com/api/v2/files/253b614c-3b4d-4383-9319-9f1c5207821d/2; https://files-api.properstar.com/api/v2/files/f4ed1680-e57f-466b-9dd3-16eca473d778/2; https://files-api.properstar.com/api/v2/files/17f363a2-afdd-4bf0-a958-d29888efd8a1/2; https://files-api.properstar.com/api/v2/files/e96256ec-e241-4ef4-ad63-5088f49d6b88/2; https://files-api.properstar.com/api/v2/files/4273a513-da4d-47b5-a5a9-42e417f0f804/2; https://files-api.properstar.com/api/v2/files/75198715-ee42-4dc2-a161-cf629ce1dadf/2; https://files-api.properstar.com/api/v2/files/9c6dc689-ba73-478b-903b-250db304f749/2; https://files-api.properstar.com/api/v2/files/6cb687e5-4b39-4ada-b896-fef3ffdcc3c2/2
112757679,"Apartment for sale, Monterrey Baja California Sur (La Paz, Mexico)",https://www.properstar.co.uk/listing/112757679,"GBP 219,192","Monterrey, La Paz, Mexico",24.165581,-110.292522,2,2,1022.03369,Apartment,Coldwell Banker Riveras,2025-12-30T18:19:57.953,https://files-api.properstar.com/api/v2/files/78efdd5f-cce0-4512-bebd-20e03f5f6717/1; https://files-api.properstar.com/api/v2/files/69524127-5eba-4be1-9a81-1933b016e9ef/1; https://files-api.properstar.com/api/v2/files/0109e22d-750f-47d1-9f7e-8bd799d93ff7/1; https://files-api.properstar.com/api/v2/files/c08e6dd6-1614-4cc4-bd5e-22594fb37b13/1; https://files-api.properstar.com/api/v2/files/fc6ac9ff-edf2-4a77-bfcb-6400ad508657/1; https://files-api.properstar.com/api/v2/files/86f41733-4f9e-4cde-a343-067363510d6a/1; https://files-api.properstar.com/api/v2/files/836e1d28-33c1-4feb-b4e3-1d4b3037fcb1/1; https://files-api.properstar.com/api/v2/files/6896ce68-5fd5-4ec2-a554-cea2ab2797c9/1; https://files-api.properstar.com/api/v2/files/52e499bb-212d-4f25-be3b-fa9132f072b5/1; https://files-api.properstar.com/api/v2/files/2d3dc3de-b692-4135-8b6b-3061f1c69a4c/1; https://files-api.properstar.com/api/v2/files/e4de246c-f662-4c50-9388-1faa23ea4645/1; https://files-api.properstar.com/api/v2/files/6d2279ee-f818-476e-b61c-d749d79b69b8/1; https://files-api.properstar.com/api/v2/files/b9dd70f6-d2eb-4b31-b571-912490000e2d/1; https://files-api.properstar.com/api/v2/files/f8f07f7d-2b27-4863-afd9-4d5d7e106ab1/1; https://files-api.properstar.com/api/v2/files/247a8e4e-15a7-4514-acf0-33484b186914/1; https://files-api.properstar.com/api/v2/files/7631d466-3120-4228-8ee1-87b51f82c5f2/1; https://files-api.properstar.com/api/v2/files/26654600-e16b-41b3-afb1-5bc6caba4e6f/1; https://files-api.properstar.com/api/v2/files/046f5ea9-be02-4f56-94e3-cbc447f42fe4/1; https://files-api.properstar.com/api/v2/files/76349e1b-2708-4f33-ade0-41c9aff5609c/1; https://files-api.properstar.com/api/v2/files/8c87186c-58c9-4ddc-a0af-675279d36062/1; https://files-api.properstar.com/api/v2/files/4531863e-9c54-4319-91b2-3c122564a1e3/1; https://files-api.properstar.com/api/v2/files/1cbfcbdf-b7d9-420c-94ce-916023d34019/1; https://files-api.properstar.com/api/v2/files/0c16e320-2946-423e-ab24-7e2192967c59/1; https://files-api.properstar.com/api/v2/files/01e66ae6-c197-40a7-ada4-2bad86460e37/1; https://files-api.properstar.com/api/v2/files/2f02219f-b8c1-452f-bcf3-940dd550a716/1; https://files-api.properstar.com/api/v2/files/0e05ba36-1dc8-4015-b142-54e0427a8fd8/1; https://files-api.properstar.com/api/v2/files/1d0618cf-a01d-4f5c-b24e-4e89406376c6/1
111256670,"APARTMENT FOR SALE LA PAZ PUEBLA $4,190,000",https://www.properstar.co.uk/listing/111256670,"GBP 181,566","Puebla, Puebla, La Paz, La Paz, Mexico",24.142641,-110.312753,2,2,1076.39148,Apartment,Inmobila,2025-10-30T03:27:46.14,https://files-api.properstar.com/api/v2/files/25A45017-A20A-464C-9AA0-367FCD2A04F7/2; https://files-api.properstar.com/api/v2/files/8E409B87-9EFD-4C0F-B6EC-8AD15EAE44A5/2; https://files-api.properstar.com/api/v2/files/5DB2C238-F766-42C4-94CE-0CF7B1467650/2; https://files-api.properstar.com/api/v2/files/CA83F1FE-AD35-4163-9BC2-E68D591555C9/2; https://files-api.properstar.com/api/v2/files/E2BDD16B-6F75-4A9F-BB08-A3A9CB991E9F/2; https://files-api.properstar.com/api/v2/files/E48BA203-3637-4EB1-A0DF-13661950BCC5/2; https://files-api.properstar.com/api/v2/files/62D43858-FF43-4846-8DC6-106FAC15FD1C/2; https://files-api.properstar.com/api/v2/files/8B2ED666-F726-44D7-A3E4-2A1AE5D00F28/2; https://files-api.properstar.com/api/v2/files/35D7B69F-AC58-4376-B1BE-C0650BC7F01A/2; https://files-api.properstar.com/api/v2/files/B3F37143-83A6-422C-994D-546E935D901A/2; https://files-api.properstar.com/api/v2/files/32A7B498-F218-42A3-9FC6-ACF2C69F432E/2; https://files-api.properstar.com/api/v2/files/F27BC230-0CF8-487A-A6DA-342EA2B95769/2; https://files-api.properstar.com/api/v2/files/F03F1C17-80DB-4EE3-9169-4A8F8946FE2F/2; https://files-api.properstar.com/api/v2/files/E54851D9-C3A4-4CE3-9B7A-382E70BD0515/2; https://files-api.properstar.com/api/v2/files/5D9FF272-00AB-4965-9ACA-0390050DA131/2; https://files-api.properstar.com/api/v2/files/A8C3AC3F-338A-4C2C-B2FE-0416C10D0A88/2; https://files-api.properstar.com/api/v2/files/8598F3A3-E486-4899-95A7-4AD7959FB89F/2; https://files-api.properstar.com/api/v2/files/88E5ECF3-CA58-4B19-8E6C-142171B19EBC/2; https://files-api.properstar.com/api/v2/files/B5410293-9D1A-4BF3-93B6-BDD06A39F7D8/2; https://files-api.properstar.com/api/v2/files/EA0922C7-CBF5-4D18-9E0D-52CBE320EDBA/2; https://files-api.properstar.com/api/v2/files/53C7908F-A0AD-4782-8912-11D1B413BDF2/2; https://files-api.properstar.com/api/v2/files/EFC2814D-1BB7-48A2-8932-DC5924E69BAC/2
116467224,Elevate Your Lifestyle: Exclusivity on the Sea of Cortez,https://www.properstar.co.uk/listing/116467224,"GBP 1,172,934","Carretera Pichilingue KM. 6.5, La Paz, Mexico",24.216868,-110.296626,2,2,2669.45068,Apartment,Puerta Cortés Real Estate,2026-05-09T03:10:56.057,https://files-api.properstar.com/api/v2/files/8e22ee53-8da2-4fb7-a41c-2beb59580a28/1; https://files-api.properstar.com/api/v2/files/c4628af9-dd3e-4876-9cd9-5620f2be55a9/1; https://files-api.properstar.com/api/v2/files/cae70db4-1661-48aa-a4d6-53fc6addab69/1; https://files-api.properstar.com/api/v2/files/0e60f3db-a330-4af3-b120-8e0f16c39a24/1; https://files-api.properstar.com/api/v2/files/c0b60ebe-5c72-4757-baef-0a716ba94c7c/1; https://files-api.properstar.com/api/v2/files/d5c6cbc3-d615-44de-8ac2-61b85a86db0d/1; https://files-api.properstar.com/api/v2/files/be91c82d-9abb-4d44-ae0e-3998ac391ff1/1; https://files-api.properstar.com/api/v2/files/0dc81393-93ac-4e95-909b-f1295886c3d1/1; https://files-api.properstar.com/api/v2/files/010d3218-f222-43a8-88e7-8b6a27dc5133/1; https://files-api.properstar.com/api/v2/files/d260106d-a0b2-48fc-8a24-cd8efd47bf74/1; https://files-api.properstar.com/api/v2/files/399f69e5-6d90-4458-9ad4-6fac148248f6/1; https://files-api.properstar.com/api/v2/files/781b7589-b0c9-4d27-91a3-4077c98f5305/1; https://files-api.properstar.com/api/v2/files/363a967a-b529-4941-a355-c16cd495e7fd/1; https://files-api.properstar.com/api/v2/files/cac3d77a-5167-41fa-be24-b1a5b11f8674/1; https://files-api.properstar.com/api/v2/files/3fb09743-bbfa-461f-ad85-6d8d5d15c23f/1; https://files-api.properstar.com/api/v2/files/ade2ea18-a2e7-4204-835f-836b772a56ee/1; https://files-api.properstar.com/api/v2/files/2337845d-0fd4-47a2-9766-cf9a6718a528/1; https://files-api.properstar.com/api/v2/files/9805daed-bf39-4817-95b5-90acf0403bb2/1; https://files-api.properstar.com/api/v2/files/63930fd0-e658-4230-a8f2-b2ac2422c6fb/1; https://files-api.properstar.com/api/v2/files/0e257dab-aac6-47e1-ab59-23a7dfc2e783/1; https://files-api.properstar.com/api/v2/files/baae3eff-b429-490f-9f5f-ff6d25950506/1; https://files-api.properstar.com/api/v2/files/c77cab4d-51a7-4953-8f5e-fe641b067962/1; https://files-api.properstar.com/api/v2/files/a883251b-e1dd-4d24-8c11-16e11f3131bc/1; https://files-api.properstar.com/api/v2/files/2e50b167-cf96-4d66-b336-9eb528442990/1; https://files-api.properstar.com/api/v2/files/33fc2d4a-adae-47f7-84bb-a68bd1667289/1; https://files-api.properstar.com/api/v2/files/c04ea907-152d-41c9-aa2d-57c038822465/1; https://files-api.properstar.com/api/v2/files/35785335-cace-4806-82c3-e4f2b229da74/1; https://files-api.properstar.com/api/v2/files/0f70b1c2-d6fe-43ee-8bde-d8dce564459e/1; https://files-api.properstar.com/api/v2/files/bc9599d2-447c-4e33-a137-20503e24a68e/1; https://files-api.properstar.com/api/v2/files/8c184359-9a14-4f66-9e24-bb05c1fdaf1a/1; https://files-api.properstar.com/api/v2/files/7300f080-c8da-4ee0-b98f-a4957b196352/1; https://files-api.properstar.com/api/v2/files/1df4d20b-149a-4a11-9428-f1e5029bb2dc/1; https://files-api.properstar.com/api/v2/files/c6c7bf8a-9b91-4082-8ab0-c9bdcd37f323/1; https://files-api.properstar.com/api/v2/files/23395ec0-4d7e-4e76-b936-366d9f9f6a79/1; https://files-api.properstar.com/api/v2/files/14ef101a-c7e6-4bcf-81cf-bdd61368e027/1; https://files-api.properstar.com/api/v2/files/c9954ed4-1b02-4bff-87b0-10d62dd487b8/1; https://files-api.properstar.com/api/v2/files/e74f4089-60ac-4d9d-8541-1bd26c7cdef3/1; https://files-api.properstar.com/api/v2/files/876b6bb9-81b3-48d3-aae5-827656de1d0d/1; https://files-api.properstar.com/api/v2/files/561cec69-4e09-4a4a-a9a2-b206f0476246/1; https://files-api.properstar.com/api/v2/files/bcfd6a60-a6cf-4461-b388-004a8bcda47c/1; https://files-api.properstar.com/api/v2/files/01bdf9e6-0fce-418e-b3c9-3d07e3222bf6/1; https://files-api.properstar.com/api/v2/files/fdd489ef-3404-4624-a908-43ca573d174a/1; https://files-api.properstar.com/api/v2/files/550615a9-229a-4418-a832-6d26439dc53f/1; https://files-api.properstar.com/api/v2/files/f98a1a68-c5ad-488a-a8ec-882383ecc46b/1; https://files-api.properstar.com/api/v2/files/4b46c00d-1f21-40be-be55-70836a5be856/1; https://files-api.properstar.com/api/v2/files/b4927663-c9e2-4e09-a827-48856a3fc149/1; https://files-api.properstar.com/api/v2/files/e3cd7151-7e59-448d-b8bd-caa9aaea8995/1; https://files-api.properstar.com/api/v2/files/6ff4cfed-5847-446f-8899-ba604cf220ae/1; https://files-api.properstar.com/api/v2/files/ff8930ec-cd7c-4d38-bc47-02d771cd228f/1; https://files-api.properstar.com/api/v2/files/a4947d0f-19dd-47a3-a49a-39febe03bb17/1; https://files-api.properstar.com/api/v2/files/acc0400c-6152-448c-a2c4-547a1dce55cc/1
116434617,Torre Bivalvia 101,https://www.properstar.co.uk/listing/116434617,"GBP 355,332","Revolucion 1910 835, La Paz, Mexico",24.165987,-110.309982,2,2,1313.19763,Apartment,Dream Baja Realty,2026-05-08T03:23:07.367,https://files-api.properstar.com/api/v2/files/53aa13e3-dbf4-4a19-a4c9-02a9224b4b26/1; https://files-api.properstar.com/api/v2/files/51479244-80ea-4208-a6ee-ee47c77c5286/1; https://files-api.properstar.com/api/v2/files/f25f29d9-b4fd-41f8-a24e-0e94bd8b71be/1; https://files-api.properstar.com/api/v2/files/61b65ad9-493c-4dd8-8bcf-6bb66f4496d3/1; https://files-api.properstar.com/api/v2/files/882419db-2d46-416b-bc5b-dfa64e2b69dd/1; https://files-api.properstar.com/api/v2/files/2b20567b-44c1-4358-8114-872539987e0f/1; https://files-api.properstar.com/api/v2/files/157580d1-7db8-4feb-9420-9b92ed486fe1/1; https://files-api.properstar.com/api/v2/files/48efa7e1-0c23-49d8-8850-5d6b88305c32/1; https://files-api.properstar.com/api/v2/files/c7f3ff88-b00e-48bd-8059-36b16748c8bf/1; https://files-api.properstar.com/api/v2/files/85abd045-80e7-46d8-a2da-b98ac011e31d/1; https://files-api.properstar.com/api/v2/files/f3608960-319b-43d4-8258-47bed7a5b5b1/1; https://files-api.properstar.com/api/v2/files/72bfa5fd-302b-4df9-89f5-85e31c6f0913/1; https://files-api.properstar.com/api/v2/files/02c71f80-26d7-4ed7-bab3-f46c691cfa7e/1; https://files-api.properstar.com/api/v2/files/b0e64d2b-362c-4135-ac9f-25d423d06f49/1; https://files-api.properstar.com/api/v2/files/3caf50f0-569a-4f2f-a29a-417f7f606c66/1; https://files-api.properstar.com/api/v2/files/93c52efd-b320-44e0-ac63-166c512b3ae3/1; https://files-api.properstar.com/api/v2/files/195cc31c-ea16-41b7-bf21-00ddce42b3b4/1; https://files-api.properstar.com/api/v2/files/0c3538c9-e34f-48e3-b333-3df73450a030/1; https://files-api.properstar.com/api/v2/files/6e33e204-39c4-431c-b303-c1c81b40c8e8/1
116434877,Marina Residences Puerta Cortes,https://www.properstar.co.uk/listing/116434877,"GBP 2,749,065","Carretera Pichilingue KM. 7.5, La Paz, Mexico",24.21898,-110.305096,5,5,7136.47559,Apartment,Puerta Cortés Real Estate,2026-05-08T03:23:07.367,https://files-api.properstar.com/api/v2/files/05a202df-9187-4f16-ba20-3b4c595d31c2/1; https://files-api.properstar.com/api/v2/files/8013ff62-11c8-42a2-a156-1cf45310656f/1; https://files-api.properstar.com/api/v2/files/a654fad8-1978-4f71-93ab-10e9ac30af83/1; https://files-api.properstar.com/api/v2/files/537599c8-3561-491d-a8f6-702fc1531bcd/1; https://files-api.properstar.com/api/v2/files/af20322c-2e4e-4f63-a2da-693d87561a27/1; https://files-api.properstar.com/api/v2/files/99802d94-d9c1-4335-a27b-169f413eb6b8/1; https://files-api.properstar.com/api/v2/files/f57819ea-3582-4aa2-836b-731a879a57f7/1; https://files-api.properstar.com/api/v2/files/4e356752-e3e0-40bf-a602-ac2ad3eb0dda/1; https://files-api.properstar.com/api/v2/files/9ca70c07-14ac-4a42-97c1-fcbe0ed67c85/1; https://files-api.properstar.com/api/v2/files/805bc3b1-3b52-4f2e-9974-37648d70981f/1; https://files-api.properstar.com/api/v2/files/5ab9a870-6e8a-4799-b94b-0ccf2118fd0a/1; https://files-api.properstar.com/api/v2/files/0844759f-17f3-445b-be76-f0a8846dbe04/1; https://files-api.properstar.com/api/v2/files/a7418185-d68c-40ba-bbb0-0a25e9a182d1/1; https://files-api.properstar.com/api/v2/files/9b1832f1-5c8c-4c39-8e85-ba2ec01212a7/1; https://files-api.properstar.com/api/v2/files/2ef14abe-ac0a-4591-a6bf-24a0046ddfe6/1; https://files-api.properstar.com/api/v2/files/b60455f1-60a6-4ce1-ac64-0a3454789fe2/1; https://files-api.properstar.com/api/v2/files/4b7f2558-8896-476a-a280-183de7d7555b/1; https://files-api.properstar.com/api/v2/files/8de0e157-5a11-43c9-9f61-2b37a8268429/1; https://files-api.properstar.com/api/v2/files/0cdc26e4-c8a5-4f35-a50d-93c2ae4ea595/1; https://files-api.properstar.com/api/v2/files/b604a4c2-2032-4fae-9430-b8cc0eb72dab/1; https://files-api.properstar.com/api/v2/files/f9d513c9-e8bb-49a0-a879-60e0a2e2d728/1; https://files-api.properstar.com/api/v2/files/c1d17512-f742-4924-98ac-c433f360073c/1; https://files-api.properstar.com/api/v2/files/e31d25b3-b4c3-4bd4-a57b-9807773f3873/1; https://files-api.properstar.com/api/v2/files/75a98995-e1c3-4b80-afdd-5802a8a2f8ed/1; https://files-api.properstar.com/api/v2/files/26ebcb8d-b6cf-4119-a53c-91a606d90006/1; https://files-api.properstar.com/api/v2/files/c57ff672-5d02-4cd9-beba-28f8165a167e/1; https://files-api.properstar.com/api/v2/files/de5bd429-7fd5-4103-89eb-b25b01854937/1; https://files-api.properstar.com/api/v2/files/f43936f4-e7e1-44ff-b100-245f0fae4060/1; https://files-api.properstar.com/api/v2/files/c61a80c1-0cbf-4939-abcb-3bd2704900c7/1; https://files-api.properstar.com/api/v2/files/b1d4256c-f3ea-4fd4-bec4-0fd07405141e/1
116434967,Bivalvia Tower 201,https://www.properstar.co.uk/listing/116434967,"GBP 355,332","Revolucion 1910 835, La Paz, Mexico",24.165987,-110.309982,2,2,1313.19763,Apartment,Dream Baja Realty,2026-05-08T03:23:07.367,https://files-api.properstar.com/api/v2/files/d8c6667b-ea4a-4c5b-87f7-9debf276a18c/1; https://files-api.properstar.com/api/v2/files/18b34221-0ebe-4c6a-b509-4c89dc55bf9f/1; https://files-api.properstar.com/api/v2/files/48b3c2d8-a908-47be-9be7-7785509199c9/1; https://files-api.properstar.com/api/v2/files/83afb6e8-f2c2-41bf-b1a2-9cb37eaba33d/1; https://files-api.properstar.com/api/v2/files/2b711363-b988-44af-963d-c8cce8b9b77b/1; https://files-api.properstar.com/api/v2/files/01ea1cd3-72f1-494b-9f35-f7ddef1f4b78/1; https://files-api.properstar.com/api/v2/files/430bafc2-e78c-4ac4-9cb7-f9d43228b467/1; https://files-api.properstar.com/api/v2/files/e5e5516e-a7af-4589-85cb-19e73f9b13c0/1; https://files-api.properstar.com/api/v2/files/4462f25c-f2e6-461f-a434-0b7cb70f54d8/1; https://files-api.properstar.com/api/v2/files/7979a810-31ca-40ff-9b58-e5df11d6e7ff/1; https://files-api.properstar.com/api/v2/files/1770aba1-6f86-409a-ae7b-1fccbab4dfa3/1; https://files-api.properstar.com/api/v2/files/141f9c95-2dbd-4d8e-996c-3f2cfe4cc420/1; https://files-api.properstar.com/api/v2/files/33da7669-6942-45f7-a63a-a839ac0992f5/1; https://files-api.properstar.com/api/v2/files/f8ed906d-36c7-46a6-8106-2a2ae5883e9e/1; https://files-api.properstar.com/api/v2/files/e7ac8fa0-77b6-4242-9fc6-9ea99eb5de79/1; https://files-api.properstar.com/api/v2/files/5bea281d-e17d-4006-a94e-d58fd5a2a7dc/1; https://files-api.properstar.com/api/v2/files/bc0ddd30-4492-4785-a9ab-b9cdeacb0ed0/1; https://files-api.properstar.com/api/v2/files/279a594b-2a38-4787-a02c-c03460149350/1; https://files-api.properstar.com/api/v2/files/9a863bec-c6ba-4f6f-bc7d-ce045b855436/1
111587703,HOUSE FOR SALE FIDEPAZ SECTOR,https://www.properstar.co.uk/listing/111587703,"GBP 1,169,995","Av de las Ballenas esq. Mantarraya, sn, Baja California Sur, Mexico",24.125988,-110.33927,5,5,7104.18359,House,iad Mexico,2025-11-12T03:38:34.007,https://files-api.properstar.com/api/v2/files/bd9ac657-9409-4c2e-9e8b-fde3fbc4b6a3/1; https://files-api.properstar.com/api/v2/files/810c5c9b-6886-4d00-a556-d9b9bf4b12ca/1; https://files-api.properstar.com/api/v2/files/edac9683-f522-4c43-a490-51d7791b99a4/1; https://files-api.properstar.com/api/v2/files/29b4eca5-bc6d-48fe-98b9-8dddfe0819d8/1; https://files-api.properstar.com/api/v2/files/1af9c703-1376-49b0-93bf-6cd2495fd7de/1; https://files-api.properstar.com/api/v2/files/9e1ccf47-fc7b-4111-983e-6bddb15662f9/1; https://files-api.properstar.com/api/v2/files/48705dbb-e0d6-447e-838e-3c12283aae2f/1; https://files-api.properstar.com/api/v2/files/433b9947-7edc-468d-9207-4b9810d34de5/1; https://files-api.properstar.com/api/v2/files/91154f35-9721-4fb2-9491-1bf68de77c07/1; https://files-api.properstar.com/api/v2/files/fc0b5d69-fed6-4a57-91b5-bfbfec828da3/1; https://files-api.properstar.com/api/v2/files/1d037ad3-7f25-4cb8-8d66-2992495b3e14/1; https://files-api.properstar.com/api/v2/files/c8f2ec54-9a5b-4598-b58e-ba12a91d21ad/1; https://files-api.properstar.com/api/v2/files/1ed194c6-7bad-4ebb-ba33-d922f7c2e6f1/1; https://files-api.properstar.com/api/v2/files/68b619df-352b-45ce-b34d-ae3ae25fe8e2/1; https://files-api.properstar.com/api/v2/files/18d294c8-fa3d-4295-9a7f-f832e7df540e/1; https://files-api.properstar.com/api/v2/files/5465e4e4-5a94-4109-8542-7439de456390/1; https://files-api.properstar.com/api/v2/files/30b57368-e27b-4c31-a4cc-f5c5e7faa878/1; https://files-api.properstar.com/api/v2/files/7440d0be-54c3-4c6c-8753-b942eae29f8c/1; https://files-api.properstar.com/api/v2/files/c2d9cd5f-e16c-4cdb-bc1d-75a883180995/1; https://files-api.properstar.com/api/v2/files/5ed098ee-f4ee-4345-8033-2c84547e8eae/1; https://files-api.properstar.com/api/v2/files/5520b592-3a6a-4f93-8851-546e91c35630/1
110028046,Loft Bahia de Palmira 101-A,https://www.properstar.co.uk/listing/110028046,"GBP 159,079","Loft Bahia de Palmira 101-A, La Paz, Mexico",24.176694,-110.299604,1,1,570.4875,House,RONIVAL Real Estate,2025-09-13T05:19:09.18,https://files-api.properstar.com/api/v2/files/3c503d62-da28-4fce-802a-bfdcda3eb3e0/1; https://files-api.properstar.com/api/v2/files/495b35f8-6652-4d68-9b63-a6a8c7e14339/1; https://files-api.properstar.com/api/v2/files/f9392407-63c2-45f2-8621-ddd0b2ff18f2/1; https://files-api.properstar.com/api/v2/files/8a95aed9-4a77-4b86-a146-c2486775da29/1; https://files-api.properstar.com/api/v2/files/f61147f7-4d59-4d98-a0cd-4a793f6d98d0/1; https://files-api.properstar.com/api/v2/files/a1abc7f3-fd97-40ef-90d9-6c78f013c44a/1
110747666,Casa Pescador Calle 19,https://www.properstar.co.uk/listing/110747666,"GBP 205,529","Casa Pescador Calle 19, La Paz, Mexico",24.142641,-110.312753,2,2,2109.72729,House,RONIVAL Real Estate,2025-10-10T03:08:11.503,https://files-api.properstar.com/api/v2/files/fb5bb4fd-0508-4c0d-bbe7-7bd91ecfa0e8/1; https://files-api.properstar.com/api/v2/files/1e80266f-d8b9-47d3-9f91-83f91ba6e357/1; https://files-api.properstar.com/api/v2/files/df2a34a7-829e-4360-8b0e-d5c04bc39cfe/1; https://files-api.properstar.com/api/v2/files/c8c282eb-c832-4e3e-af61-782612493795/1; https://files-api.properstar.com/api/v2/files/65a23b53-c624-4ba4-be7a-8afde724f8e3/1; https://files-api.properstar.com/api/v2/files/21a52a4b-0937-48b6-b58e-448edec3c1c2/1; https://files-api.properstar.com/api/v2/files/5264ebc7-d19d-4059-9f46-f1a7604519e4/1; https://files-api.properstar.com/api/v2/files/80ad34e1-8271-4533-a46a-9114f90dd4bb/1; https://files-api.properstar.com/api/v2/files/70a69071-f55f-4581-99c6-ddbdca0e9fa3/1; https://files-api.properstar.com/api/v2/files/a1a198b6-e864-4d53-8e87-d60134a9350f/1; https://files-api.properstar.com/api/v2/files/8f9fec1b-11a3-485b-87ca-6baa6915fefb/1; https://files-api.properstar.com/api/v2/files/1cb353bb-4692-4400-a13b-d7a506b90442/1; https://files-api.properstar.com/api/v2/files/1607e0a5-3003-4c68-a91d-a6ea4c75916b/1; https://files-api.properstar.com/api/v2/files/308c6b44-63c9-4470-8b16-5debdee6ab69/1; https://files-api.properstar.com/api/v2/files/c6c1e862-20d7-42e1-92a8-32988badcf89/1; https://files-api.properstar.com/api/v2/files/b3052569-71ce-414b-ad13-ae1048c83926/1; https://files-api.properstar.com/api/v2/files/f12d85ac-8461-48d1-bc01-47c7c6493a6b/1; https://files-api.properstar.com/api/v2/files/058ea9f9-99a5-4e46-ad19-4e7cd623020c/1; https://files-api.properstar.com/api/v2/files/ecddd524-19f6-4b28-9cd1-c6252dc1e3d2/1; https://files-api.properstar.com/api/v2/files/fe304c07-067a-4cb5-b3cb-c78e79cb589f/1
110945510,"PRE SALE APARTMENT IN LA PAZ AREA, PUEBLA, WITH ELEVATOR",https://www.properstar.co.uk/listing/110945510,"GBP 173,340","Puebla, Puebla, La Paz, La Paz, Mexico",24.142641,-110.312753,2,2,1128.81177,Apartment,INMOBILIARIA KLOSSMAR,2025-10-17T10:12:53.313,https://files-api.properstar.com/api/v2/files/014de77a-c046-45f9-a55e-3d850bdc641a/1; https://files-api.properstar.com/api/v2/files/9369e50d-386c-4208-af67-57199cd9fab4/1; https://files-api.properstar.com/api/v2/files/b8569b9f-922e-40b8-ab90-31d7b073b00e/1; https://files-api.properstar.com/api/v2/files/1ef5024e-2d51-49d1-899a-2832f354dfe8/1; https://files-api.properstar.com/api/v2/files/ca2faedb-6e9d-48f8-953f-85af1aaed1a3/1; https://files-api.properstar.com/api/v2/files/b2cdafd1-926d-4f52-b688-12e9dd0323f2/1; https://files-api.properstar.com/api/v2/files/c5d9ab26-28c7-4483-9309-b941682d206e/1; https://files-api.properstar.com/api/v2/files/d8bdcab6-a2b3-4c0e-981e-538749df81bc/1; https://files-api.properstar.com/api/v2/files/c5f799d4-b1d7-44f6-be5f-cf5849b9c1b9/1; https://files-api.properstar.com/api/v2/files/49f551cd-c098-449c-a429-e2664f5fa702/1; https://files-api.properstar.com/api/v2/files/8d3016b3-7377-4c1d-bbb4-5e9a221b11fb/1; https://files-api.properstar.com/api/v2/files/eeaaa4e9-6fc2-4438-a547-f55212f8b30d/1; https://files-api.properstar.com/api/v2/files/d582f5a9-f224-4b0b-8b1e-238d35b62787/1; https://files-api.properstar.com/api/v2/files/b97ad742-ddcf-4ce4-903c-cd8a1f4cd0a7/1; https://files-api.properstar.com/api/v2/files/b46dd233-e849-408d-8715-fe1ca0e4d7f8/1; https://files-api.properstar.com/api/v2/files/9167a349-e8c2-4fdb-9401-a230bd95e52e/1; https://files-api.properstar.com/api/v2/files/e97ccba9-abda-4dc9-ad70-da7287ec45dd/1; https://files-api.properstar.com/api/v2/files/a6b3aa56-1564-4bed-9e29-e3a0c19c3ebb/1; https://files-api.properstar.com/api/v2/files/4578ceaa-c235-410c-9eee-e1d562f06274/1; https://files-api.properstar.com/api/v2/files/bc05abe4-160c-4ad3-9413-0eba39301d77/1; https://files-api.properstar.com/api/v2/files/c5532db7-e50a-4d03-8d54-b7466cf1baba/1; https://files-api.properstar.com/api/v2/files/f5db8ffb-8660-4bb1-a86b-5dfc3e45dba9/1
107651996,"Welcome to Casa Serendipity, your oasis overlooking the Sea of Cortez",https://www.properstar.co.uk/listing/107651996,"GBP 402,463","Calle Bahia San Juanico, La Paz, Mexico",24.176694,-110.299604,4,3,6436.821,House,Dream Baja Realty,2025-08-06T13:57:39.857,https://files-api.properstar.com/api/v2/files/2cdf9df4-9e2b-4f21-9f3b-817dd2d2fcbb/1; https://files-api.properstar.com/api/v2/files/176df6d1-79b1-403f-820a-cb7e5296f864/1; https://files-api.properstar.com/api/v2/files/2e811aab-a605-47ff-bf8a-f1561cc184aa/1; https://files-api.properstar.com/api/v2/files/f10340c8-0b86-43e6-99f6-b0842053c28d/1; https://files-api.properstar.com/api/v2/files/4428c511-aba9-4896-8c21-267c8ad47fdf/1; https://files-api.properstar.com/api/v2/files/585ae7f0-35d4-4910-b6cf-2654f3d893fb/1; https://files-api.properstar.com/api/v2/files/c21d49b8-d1d3-45df-afd6-2f6bfb74f9cd/1; https://files-api.properstar.com/api/v2/files/e0e37445-8e8b-4ec5-9bb7-574d40fbbc2f/1; https://files-api.properstar.com/api/v2/files/49e4e456-6880-481b-a205-6dc395d2a99f/1; https://files-api.properstar.com/api/v2/files/6bbbb46a-efab-4743-a883-8539c3277684/1; https://files-api.properstar.com/api/v2/files/dbb4cec4-4fbe-4d23-811d-191ff2a56c49/1; https://files-api.properstar.com/api/v2/files/5d88fc9e-f6a3-4c85-9806-bcb590aa474c/1; https://files-api.properstar.com/api/v2/files/ac23b9ee-c1d3-4bcf-8ed3-b143681cfa0e/1; https://files-api.properstar.com/api/v2/files/67e4c475-8400-4977-b953-cc968950f3f0/1; https://files-api.properstar.com/api/v2/files/0aa55365-b101-4d38-9954-ad0d239277b2/1; https://files-api.properstar.com/api/v2/files/5c43476c-51f1-4262-9f23-10c8c1ee9211/1; https://files-api.properstar.com/api/v2/files/0d457de1-b607-46ce-bb28-71e321011a03/1; https://files-api.properstar.com/api/v2/files/ec68198c-cb81-4f26-9aa3-cd5edd90d043/1; https://files-api.properstar.com/api/v2/files/f4370254-b5ab-4e73-b4e8-9e77cf1b43f8/1; https://files-api.properstar.com/api/v2/files/af9856ee-dacd-48ec-9906-e4a7a232903a/1; https://files-api.properstar.com/api/v2/files/aee4579b-157f-42a6-b603-74a949bd3790/1; https://files-api.properstar.com/api/v2/files/b5b28423-d559-4e96-a080-b8a9cc197a12/1; https://files-api.properstar.com/api/v2/files/6bca340b-670d-4826-a155-56ef5708d477/1; https://files-api.properstar.com/api/v2/files/b401ad8d-8506-4c34-9210-7f492410129f/1; https://files-api.properstar.com/api/v2/files/ffa0a991-91f6-4da2-871e-a765b9d7d16c/1; https://files-api.properstar.com/api/v2/files/d4e36a83-e216-48ba-8f63-d7708c7e3575/1; https://files-api.properstar.com/api/v2/files/5746d97f-be11-485a-8822-9eecefa00690/1; https://files-api.properstar.com/api/v2/files/734a3cfb-4cb0-48bd-ac53-b1ce5957117e/1; https://files-api.properstar.com/api/v2/files/6dc3a99c-8058-410f-bfb7-9e0c0d89758c/1; https://files-api.properstar.com/api/v2/files/eb3277e2-de95-46fb-b01c-d0cb494e00fc/1; https://files-api.properstar.com/api/v2/files/70078219-99a7-44e7-8d3f-a1c2237a87b2/1; https://files-api.properstar.com/api/v2/files/d7c73e82-8b96-43b2-b678-c9cee16c584d/1; https://files-api.properstar.com/api/v2/files/93246ce3-03e9-4858-9220-002c272a3359/1; https://files-api.properstar.com/api/v2/files/214adbd3-0a5f-4963-bb8e-bf0102664e94/1; https://files-api.properstar.com/api/v2/files/a65c4cd7-7e85-47fd-875b-69aff27f4ce6/1; https://files-api.properstar.com/api/v2/files/f54619f2-ace2-49a3-aa22-a64c3fe6440c/1; https://files-api.properstar.com/api/v2/files/7278c9a1-3495-4b5f-8cf2-53927e870465/1; https://files-api.properstar.com/api/v2/files/c177e10e-b5b8-457e-afb9-a5e6a769c140/1; https://files-api.properstar.com/api/v2/files/97a5f3bf-5ad1-4fe4-b685-a1f343bba449/1; https://files-api.properstar.com/api/v2/files/b3ea2d04-ab02-472e-b0aa-17af10553583/1; https://files-api.properstar.com/api/v2/files/06d9dfd9-287b-4f86-bb93-ab3f0898f055/1; https://files-api.properstar.com/api/v2/files/df61d334-ddf6-4c38-9282-e15711b99437/1; https://files-api.properstar.com/api/v2/files/51d81b3c-3809-4ee7-bcec-0c19f34f4948/1; https://files-api.properstar.com/api/v2/files/15e2386e-c50e-4bdf-83ed-8a8a09849228/1; https://files-api.properstar.com/api/v2/files/dc66f6c9-0064-4caf-a04c-137ae6ba6286/1; https://files-api.properstar.com/api/v2/files/d07c59a1-d062-4969-b077-c19907ef4ffd/1; https://files-api.properstar.com/api/v2/files/91b2ae3e-cbe0-4baf-9bd8-94e591e94838/1; https://files-api.properstar.com/api/v2/files/898b6e05-4718-46d2-a4fb-f3b820c7e89f/1; https://files-api.properstar.com/api/v2/files/69ebe27f-ce99-48f1-aeb2-9aac3c4988c6/1; https://files-api.properstar.com/api/v2/files/fc26e397-16ce-4343-b8da-d6d4211bd702/1; https://files-api.properstar.com/api/v2/files/1509e077-e203-4102-ad92-0c31d11308b2/1
107697279,De La Cuera #465,https://www.properstar.co.uk/listing/107697279,"GBP 25,957","De la cuera entre calle amarilla #465, La Paz, Mexico",24.0527,-110.287138,2,1,559.7236,House,CENTURY 21 Costa Paraiso,2025-08-06T13:57:39.857,
112415235," La Paz Baja California Mexico, ",https://www.properstar.co.uk/listing/112415235,"GBP 470,078"," Centenario ,  Baja California Sur ,  La Paz , Mexico",24.142641,-110.312753,,3,4133.34326,House, Ekodesar Inmobiliaria ,2025-12-15T10:23:06.87,https://files-api.properstar.com/api/v2/files/51d5d999-703f-4d40-b72b-08984703eaad/1; https://files-api.properstar.com/api/v2/files/a4fbf5c6-b9f8-4220-a5b4-208b84a4893f/1; https://files-api.properstar.com/api/v2/files/b25e811a-b16c-49a9-a494-bee53dab0783/1; https://files-api.properstar.com/api/v2/files/82bf27f4-c199-4fd1-92ca-c4f1cace0b45/1; https://files-api.properstar.com/api/v2/files/a46c9e67-e029-4cdd-809e-42e464eb8b5d/1; https://files-api.properstar.com/api/v2/files/ede2e639-8332-4a6c-9a53-a36c8b51a6ff/1; https://files-api.properstar.com/api/v2/files/f941db66-5975-4aba-82de-35cd06ec7a44/1; https://files-api.properstar.com/api/v2/files/8025a54c-0899-49fe-96cb-1d7c2b94e96b/1; https://files-api.properstar.com/api/v2/files/ed4154cd-6f55-4267-bc15-0d3fc94ca3cc/1; https://files-api.properstar.com/api/v2/files/c903309b-1f6f-4cfc-b477-35d426410578/1; https://files-api.properstar.com/api/v2/files/95b54e4c-4888-4e44-8b92-0782f82b795d/1; https://files-api.properstar.com/api/v2/files/ecc240b8-7004-42f1-9569-98ad40066a9d/1; https://files-api.properstar.com/api/v2/files/976076b4-26f6-49cb-b7ae-5e4d7c6aac22/1; https://files-api.properstar.com/api/v2/files/3cef41e6-35af-429f-b7dc-f076c88d4a94/1; https://files-api.properstar.com/api/v2/files/c0fe294e-9aab-4d67-8713-fb66e103236a/1; https://files-api.properstar.com/api/v2/files/53d9dbbc-9fec-478d-adc3-48de042ebce1/1; https://files-api.properstar.com/api/v2/files/35c7e3a1-08f3-4fa0-a2d7-fe3eec3d539e/1; https://files-api.properstar.com/api/v2/files/44c74832-85d9-4d60-a74a-8ca38727ed06/1
116886192,"Casa Galeta, Portobello Residencial - Coto 3 Lt 24",https://www.properstar.co.uk/listing/116886192,"GBP 173,148","Via Genova, La Paz, Mexico",24.129496,-110.295646,2,2,1227.0863,House,RIM Inmobiliaria,2026-05-22T03:21:15.81,https://files-api.properstar.com/api/v2/files/0169a689-4f99-414f-881b-9f331c1d0257/1; https://files-api.properstar.com/api/v2/files/2210dc5c-03b3-488f-90aa-8b17b2a4908a/1; https://files-api.properstar.com/api/v2/files/bf27883e-6f22-401d-a142-2301dd2ab00b/1; https://files-api.properstar.com/api/v2/files/2af8100a-5d20-4a89-b11e-cda5f5f41f0e/1; https://files-api.properstar.com/api/v2/files/1111f1b9-0715-4f49-8957-711124086c81/1; https://files-api.properstar.com/api/v2/files/57540b42-784d-49df-9cc7-aefd26a74d2f/1; https://files-api.properstar.com/api/v2/files/ef8c06d2-33a1-463a-b0ff-47efeca42dfa/1; https://files-api.properstar.com/api/v2/files/98988837-48e7-46e0-a569-4066676f09da/1; https://files-api.properstar.com/api/v2/files/ed72d519-13ea-4ee7-a6a6-30210ac513aa/1; https://files-api.properstar.com/api/v2/files/fd15987f-3d46-4141-8d4e-3ace7ed6f0ed/1; https://files-api.properstar.com/api/v2/files/86f3e241-bc15-4585-ac12-c56507d3dcbb/1; https://files-api.properstar.com/api/v2/files/89fd0e35-054f-461c-a077-95575834e9c1/1; https://files-api.properstar.com/api/v2/files/08eeacea-ceff-4279-a4e7-f9f0a76f5af5/1; https://files-api.properstar.com/api/v2/files/e85748f8-ab67-4b02-9ffc-7e6303f3246d/1; https://files-api.properstar.com/api/v2/files/41009397-e84d-493c-a155-53527042d149/1; https://files-api.properstar.com/api/v2/files/caf3f83f-e6e9-4eb4-a354-1c882d577ec3/1; https://files-api.properstar.com/api/v2/files/640869a4-58ce-44ca-8c32-0de4abf335ba/1; https://files-api.properstar.com/api/v2/files/ac59bced-fc56-43f6-87fb-99e82f00103a/1; https://files-api.properstar.com/api/v2/files/47ff58b1-ac07-4827-bc68-09ae4c236da8/1; https://files-api.properstar.com/api/v2/files/e64cd35e-b3c2-42b0-9964-a02d48278e0f/1; https://files-api.properstar.com/api/v2/files/8559fa8a-ecd9-4f0b-9793-bf3f482dedc8/1; https://files-api.properstar.com/api/v2/files/3e2fde7b-6d61-41a6-8bc1-09b9a5658212/1; https://files-api.properstar.com/api/v2/files/1d3df50a-ff33-41f1-aca6-7e986d62c852/1; https://files-api.properstar.com/api/v2/files/1e12b5d2-108c-4591-93a4-894d42514899/1; https://files-api.properstar.com/api/v2/files/8ec1d5bd-c3b6-4f06-8c9c-ca7b6da03862/1
115112229,Revolution of 1910 Sancta Residences 101,https://www.properstar.co.uk/listing/115112229,"GBP 300,299","Revolucion de 1910 Sancta Residences 101, La Paz, Mexico",24.142641,-110.312753,2,2,968.7523,House,RONIVAL Real Estate,2026-03-25T03:10:19.66,https://files-api.properstar.com/api/v2/files/1c363a2c-ce3a-44bc-a0a2-c71febb77b8d/1; https://files-api.properstar.com/api/v2/files/8923d8ff-9271-4bf6-b704-a733b9f927e5/1; https://files-api.properstar.com/api/v2/files/3b2bfa7b-7c17-4f63-aed0-44626492f4f2/1; https://files-api.properstar.com/api/v2/files/3f709818-7c2b-45c5-927c-968d34d92621/1; https://files-api.properstar.com/api/v2/files/c94489ac-a4d1-497c-abde-b4f9d782ce6a/1; https://files-api.properstar.com/api/v2/files/2a26a8fa-c57a-4a17-9f21-1db24db6c2fd/1; https://files-api.properstar.com/api/v2/files/8a1f2ec9-29ec-4300-9778-e43a7ac57d2c/1; https://files-api.properstar.com/api/v2/files/494a0a9b-7a38-4731-a0c2-4b3ad4879b4a/1; https://files-api.properstar.com/api/v2/files/821e2660-bae5-4b0b-9f84-1d3fe5c6c0dd/1; https://files-api.properstar.com/api/v2/files/1e2f9207-d703-4e34-9d27-a1f6a6e1a810/1; https://files-api.properstar.com/api/v2/files/2909ca4a-863b-47df-920d-d73fa801319d/1
115165566,Apartment in Central Zone,https://www.properstar.co.uk/listing/115165566,"GBP 287,610","Baja California Sur, La Paz, Zona Central, Zona Central, Mexico",24.152325,-110.311519,3,3,,Apartment,Grupo Romero Consultores,2026-03-26T10:55:41.32,https://files-api.properstar.com/api/v2/files/093e0050-7a62-4afb-819d-0a87f22d0ba6/1; https://files-api.properstar.com/api/v2/files/53cd23c2-3ea8-4314-a292-e66e70bcb1f4/1; https://files-api.properstar.com/api/v2/files/68eb7ebf-af2d-4859-9e34-8fadf17a9dcf/1; https://files-api.properstar.com/api/v2/files/b4758eeb-0e41-4833-a7d3-41cf092fb65e/1; https://files-api.properstar.com/api/v2/files/a89456ff-ab0e-46dc-92a7-922f3ce86409/1; https://files-api.properstar.com/api/v2/files/caf39313-5967-450b-a5e6-3697e66bcb9b/1; https://files-api.properstar.com/api/v2/files/2b5ea760-c6c3-4160-a923-c17455c651bc/1; https://files-api.properstar.com/api/v2/files/47ad2655-d0e1-4b7c-9b89-b66abdd3a5e0/1; https://files-api.properstar.com/api/v2/files/89e26fd7-8080-402a-808b-1756cb4eb768/1; https://files-api.properstar.com/api/v2/files/e18c0edd-8254-4abb-871a-82b655f9d1d6/1; https://files-api.properstar.com/api/v2/files/a54b1eaf-8cc4-4f0b-863f-053270816213/1; https://files-api.properstar.com/api/v2/files/89951f03-03b3-4019-8edc-f0d833c6d47a/1; https://files-api.properstar.com/api/v2/files/5012c42d-eb35-47cc-a02a-bedc8d858ffd/1; https://files-api.properstar.com/api/v2/files/01397f0f-7564-45c2-a697-6930d86556a8/1
116244682,La Cima: elevate your lifestyle in front of the Sea of Cortez,https://www.properstar.co.uk/listing/116244682,"GBP 342,315","Carretera Pichilingue KM. 7.5, La Paz, Mexico",24.21898,-110.305096,,,4057.99585,House,Puerta Cortés Real Estate,2026-05-01T03:20:51.69,https://files-api.properstar.com/api/v2/files/0685bae8-b851-428a-9ff6-3ad4e7554b7e/1; https://files-api.properstar.com/api/v2/files/1163af37-a0fe-4642-9cee-c55bfd9e6660/1; https://files-api.properstar.com/api/v2/files/7a421272-2173-44b3-b306-31e3b2098fbb/1; https://files-api.properstar.com/api/v2/files/6afdb2a6-b33f-473c-af9d-3134e51e5095/1; https://files-api.properstar.com/api/v2/files/1f1dcbf6-b96f-419b-b720-1746baf9724a/1; https://files-api.properstar.com/api/v2/files/a71e987d-386c-4a13-ba95-d0844d464516/1; https://files-api.properstar.com/api/v2/files/8afecc48-e404-4b64-b466-70734329b699/1; https://files-api.properstar.com/api/v2/files/9e6787bc-19e4-4613-999d-4362f82d15f9/1; https://files-api.properstar.com/api/v2/files/cd10035a-43bd-43cb-a5cc-8ccb29173f61/1; https://files-api.properstar.com/api/v2/files/d5b5c609-260c-4f29-9d17-bf8781c27479/1; https://files-api.properstar.com/api/v2/files/e23dc1c5-2912-4fbb-8ca6-bc999585c7fa/1; https://files-api.properstar.com/api/v2/files/f0256ce8-e2ac-48b8-8262-21938a6edaa1/1; https://files-api.properstar.com/api/v2/files/820da46f-9dcf-4517-ae1c-e16a8481c03c/1; https://files-api.properstar.com/api/v2/files/6314c792-ee0b-4481-a7aa-c2ffcf2d78f8/1; https://files-api.properstar.com/api/v2/files/34134c6d-9233-4128-ace5-6f32770adeae/1; https://files-api.properstar.com/api/v2/files/c420be8a-99a6-4bd3-9eba-ac3c7914495e/1; https://files-api.properstar.com/api/v2/files/26f02e66-0eea-43bd-b349-1f5de8a02f80/1; https://files-api.properstar.com/api/v2/files/f3015ba4-dea5-4002-93a3-f5dd268dd70b/1; https://files-api.properstar.com/api/v2/files/b456db20-d24c-42a4-b244-94cc810ad554/1; https://files-api.properstar.com/api/v2/files/1a342564-b5df-4e2e-a6b5-53bc2d34cfd1/1; https://files-api.properstar.com/api/v2/files/2e43e7ac-71c5-4d8e-9b81-6984f1351888/1; https://files-api.properstar.com/api/v2/files/cfe069ba-a157-41b4-8c18-7880ff951823/1; https://files-api.properstar.com/api/v2/files/f90b2ceb-0144-47d4-b67d-58889932c221/1; https://files-api.properstar.com/api/v2/files/07f08d45-94b1-4c6c-a6ee-8d6d79961fa7/1; https://files-api.properstar.com/api/v2/files/b19463dc-5236-4408-8686-98c60136d8a0/1; https://files-api.properstar.com/api/v2/files/668548a4-54c3-42a3-b027-db2a48c7b4f4/1; https://files-api.properstar.com/api/v2/files/f7e3e8a7-5a31-43d5-a41f-5a909c27eea2/1
116842332,"Casa Porto, Portobello Residencial - Coto 3 Lt 24",https://www.properstar.co.uk/listing/116842332,"GBP 201,483","Via Genova, La Paz, Mexico",24.129496,-110.295646,3,2,1539.23975,House,RIM Inmobiliaria,2026-05-21T03:19:42.163,https://files-api.properstar.com/api/v2/files/b944e893-b5a6-4e32-8cb7-5b1e32a555ec/1; https://files-api.properstar.com/api/v2/files/8cb5e8a4-2ef3-41e9-9efa-1f5cf4e955df/1; https://files-api.properstar.com/api/v2/files/e572abba-15e8-4c05-a777-0586069ebb3e/1; https://files-api.properstar.com/api/v2/files/f6602cd1-616a-44c2-a417-2339b1ad66c1/1; https://files-api.properstar.com/api/v2/files/661dd12f-b3bf-4422-8cda-134d4d4ecfc7/1; https://files-api.properstar.com/api/v2/files/51d4e7b2-c5e9-4e49-bed7-480c8c1e5aac/1; https://files-api.properstar.com/api/v2/files/a1ac74ff-0342-4d22-927a-693677b40007/1; https://files-api.properstar.com/api/v2/files/fd979247-e033-4ba5-8017-8c9bd77dcea6/1; https://files-api.properstar.com/api/v2/files/11ed2768-0068-47f3-9db4-9d0b6a602cdd/1; https://files-api.properstar.com/api/v2/files/7e6b1182-0d1d-4387-8b54-ab70800cc2d9/1; https://files-api.properstar.com/api/v2/files/fa341123-c193-4969-9718-37c3a99c4d60/1; https://files-api.properstar.com/api/v2/files/c8b50751-1a87-4dfd-8cb1-eecd4c1f56b6/1; https://files-api.properstar.com/api/v2/files/e6c12cab-4ef7-43cb-9430-c708db2faf38/1; https://files-api.properstar.com/api/v2/files/73aa80c4-3860-4d52-8739-ce5a221afde6/1; https://files-api.properstar.com/api/v2/files/820b2c55-9e72-4360-b78f-98c9f459c14e/1; https://files-api.properstar.com/api/v2/files/f5fab97c-cc96-4dfa-8b22-2ba4fddabecb/1; https://files-api.properstar.com/api/v2/files/cdcf8b3b-8e51-4256-8999-4e539128b0d3/1; https://files-api.properstar.com/api/v2/files/8430b6da-434d-4676-89d5-849d92e7ec34/1; https://files-api.properstar.com/api/v2/files/1ef2d473-84ce-470e-b3e4-ba3aace49961/1; https://files-api.properstar.com/api/v2/files/7dc0c328-3d34-458d-ad67-29b1cc00da94/1; https://files-api.properstar.com/api/v2/files/977a96e2-3e8a-45be-88ed-a5d21723d725/1; https://files-api.properstar.com/api/v2/files/74188c9a-92b2-430a-bff1-620f344fc223/1; https://files-api.properstar.com/api/v2/files/b536cbb3-c0d3-4a31-8dc7-14aa96be9fec/1; https://files-api.properstar.com/api/v2/files/db2a9037-f1fd-4031-9f1b-a58d47e0f31c/1; https://files-api.properstar.com/api/v2/files/f2a7b94e-b238-4c0b-b69d-c2a638765e2f/1; https://files-api.properstar.com/api/v2/files/482aec61-5f93-4b42-bde6-3139c03627b0/1; https://files-api.properstar.com/api/v2/files/44b22ded-2ddc-419e-af5a-6cf4d18d996c/1
114953409,Pre-sale apartments in The X Condos La Paz ,https://www.properstar.co.uk/listing/114953409,"GBP 239,160","Baja California Sur, La Paz , La Paz, Mexico",24.155968,-110.315988,2,2,,Apartment,Bilden Bienes Raíces,2026-03-19T03:26:56.71,https://files-api.properstar.com/api/v2/files/7cfe4092-6425-49f7-8713-496128a726bf/1; https://files-api.properstar.com/api/v2/files/9e151a60-3a44-47ce-baa1-38556002d1c2/1; https://files-api.properstar.com/api/v2/files/1781b337-f646-40bc-8d6a-3056171c1016/1; https://files-api.properstar.com/api/v2/files/aa658637-1a39-4226-9278-0d142885ece9/1; https://files-api.properstar.com/api/v2/files/68cb5ec2-8a57-4c93-afc9-bf33d08201f9/1; https://files-api.properstar.com/api/v2/files/626e9850-f4f4-4495-907b-9077e369c427/1; https://files-api.properstar.com/api/v2/files/7bfd63df-9766-486b-b4d0-8562584574ab/1; https://files-api.properstar.com/api/v2/files/271009d8-4b3f-4728-abc4-7fe6a70a64f0/1; https://files-api.properstar.com/api/v2/files/9dd1de35-f7e1-4a20-8c80-7e55d834dd0d/1; https://files-api.properstar.com/api/v2/files/18eb15c6-fa87-4cb8-8640-8ad1bc887735/1; https://files-api.properstar.com/api/v2/files/dcad39ad-01d2-4912-9310-78404f6a20c3/1
115863259,"Villa for Sale in Colinas, Puerta Cortez, La Paz, Baja Sur, golf and beach club",https://www.properstar.co.uk/listing/115863259,"GBP 732,351","Puerta Cortes Colinas 1, La Paz, Mexico",24.21456,-110.296437,4,3,1776.0459,House,CENTURY 21 Legendary Realty,2026-04-19T03:10:41.757,https://files-api.properstar.com/api/v2/files/344adf26-487e-4706-8a96-d6c39c9311b2/1; https://files-api.properstar.com/api/v2/files/10fc9ee9-5e7d-4ea0-ae0b-8f998388439e/1; https://files-api.properstar.com/api/v2/files/57ab40a4-6d07-4f80-823d-c720780ee267/1; https://files-api.properstar.com/api/v2/files/f24e9b16-4244-44f2-88ab-0a7f2aa65675/1; https://files-api.properstar.com/api/v2/files/d9a790a6-1ab5-475b-a726-9cfcf8d1c902/1; https://files-api.properstar.com/api/v2/files/ebb7952d-7798-4c72-88cb-9a177c4281c2/1; https://files-api.properstar.com/api/v2/files/507ac68e-ed10-45cb-8d16-7abc8153a872/1; https://files-api.properstar.com/api/v2/files/feec22c1-5c8a-4a0d-99be-fc9d4a2b3d36/1; https://files-api.properstar.com/api/v2/files/a96bdca2-9364-4318-b769-7ac1852f915d/1; https://files-api.properstar.com/api/v2/files/0349d4d0-faaa-4978-9744-6b70589a3f26/1; https://files-api.properstar.com/api/v2/files/8cc3b6af-090b-4311-a282-55143056b1d9/1; https://files-api.properstar.com/api/v2/files/3de956f2-b0da-4cb6-b020-31be4bd21f99/1; https://files-api.properstar.com/api/v2/files/4c4b98f3-1c7c-44b1-80f3-483093bed401/1; https://files-api.properstar.com/api/v2/files/0467f80a-94ca-4bda-a13c-0c6636121c39/1; https://files-api.properstar.com/api/v2/files/f6fed752-36a0-4599-bcb1-79714fb90304/1; https://files-api.properstar.com/api/v2/files/cd817246-85ee-417c-9eb4-b7cb97acea20/1; https://files-api.properstar.com/api/v2/files/5f1b49ef-d9cb-40a9-830a-652789c2203e/1; https://files-api.properstar.com/api/v2/files/9256b2bc-1f9b-42d4-b0fc-a116b64b1787/1; https://files-api.properstar.com/api/v2/files/5034bae8-1d54-4736-9352-011e6ed1f21b/1; https://files-api.properstar.com/api/v2/files/616217d1-491a-490b-b208-4d64d31bdf4e/1; https://files-api.properstar.com/api/v2/files/79d55a20-cf30-4649-8c3e-8f0b3ba65fdf/1; https://files-api.properstar.com/api/v2/files/b375a925-37db-45aa-9197-b949fce09a45/1; https://files-api.properstar.com/api/v2/files/8f03c012-e9f2-4830-8848-059580925790/1; https://files-api.properstar.com/api/v2/files/54f3627e-71ce-4f4c-ab96-ee620f8e62fb/1; https://files-api.properstar.com/api/v2/files/06a4f0bf-7e9c-414d-9637-70f781c45dc8/1; https://files-api.properstar.com/api/v2/files/72d609ab-7f25-4dbb-9220-0f7c320f810d/1; https://files-api.properstar.com/api/v2/files/1cceee27-7a7f-4329-8401-78eb277b7102/1; https://files-api.properstar.com/api/v2/files/42c54427-c0b2-420e-a185-bdf54bed2dc3/1; https://files-api.properstar.com/api/v2/files/2d581b24-92d3-4f31-bda7-e751dcec432a/1; https://files-api.properstar.com/api/v2/files/1d7e9c64-a06c-484f-9adb-cb07b77d9d12/1; https://files-api.properstar.com/api/v2/files/e50d1af8-f82d-4aff-9de4-9c35d4d4e3da/1; https://files-api.properstar.com/api/v2/files/fff4fdd7-14a3-495d-a74d-8282afc1a992/1; https://files-api.properstar.com/api/v2/files/f13b0594-cd83-4195-8572-ec3622455044/1; https://files-api.properstar.com/api/v2/files/28cc88b2-bef3-479b-9aab-42aca2e5d0da/1; https://files-api.properstar.com/api/v2/files/a866cfc1-b284-4ebd-8991-894710fb98bc/1; https://files-api.properstar.com/api/v2/files/93e38619-a489-4b13-a61b-36bd8d05a540/1; https://files-api.properstar.com/api/v2/files/d99d1407-36a8-4f4f-af04-9e449a2ce710/1; https://files-api.properstar.com/api/v2/files/a9c2d7cf-115a-4e0e-bfb0-e5a9010c2e65/1; https://files-api.properstar.com/api/v2/files/5a07475f-e6d6-4f66-b8cc-ef507dc4c97c/1; https://files-api.properstar.com/api/v2/files/bfbe7be8-4cec-4c58-a8cd-dbad896d6bf8/1; https://files-api.properstar.com/api/v2/files/46b73972-297b-4411-ac89-ebcca5d8ae3c/1; https://files-api.properstar.com/api/v2/files/2903e25e-f6ee-4721-bca6-3df30e1eaaa2/1; https://files-api.properstar.com/api/v2/files/261e65bf-b62f-4d60-9102-03b88cdd23d2/1; https://files-api.properstar.com/api/v2/files/0d9b07ec-7e67-436b-ac67-c4fd834ea27f/1; https://files-api.properstar.com/api/v2/files/750cd790-7458-48cd-8f0b-9b7b60ac33c9/1
107878398,Casa Mogote Colonia Tabachines,https://www.properstar.co.uk/listing/107878398,"GBP 160,333","calle mogote enter Bahia Concepcion, sn, Baja California Sur, Mexico",24.083153,-110.303328,3,3,1948.26855,House,iad Mexico,2025-06-22T03:33:09.093,https://files-api.properstar.com/api/v2/files/7aeb5432-a558-4b3b-a7c4-967e92d5b283/1; https://files-api.properstar.com/api/v2/files/a74ce81f-7ace-41a1-871e-ec4b77bda78c/1; https://files-api.properstar.com/api/v2/files/442f9a51-f48d-4b1d-82ea-cfb6b89b9304/1; https://files-api.properstar.com/api/v2/files/fc9db589-4185-4c90-8aad-63893ccae65e/1; https://files-api.properstar.com/api/v2/files/400beecb-3080-4386-96c3-747bbb4815ad/1; https://files-api.properstar.com/api/v2/files/c5ec4b07-1f2d-4445-8e21-b05b02dad69e/1; https://files-api.properstar.com/api/v2/files/f9ef4379-71c2-45f5-ac5d-4131489ba20f/1; https://files-api.properstar.com/api/v2/files/0a145597-c8af-4c4b-a2ff-b6173317f9d5/1; https://files-api.properstar.com/api/v2/files/0c68eff7-c82e-418f-b958-e8fa80be2b8d/1; https://files-api.properstar.com/api/v2/files/e09e190d-e6ba-4594-be05-2b2d921e5a53/1
101171839,House for sale in Colonia Fovissste on the main street,https://www.properstar.co.uk/listing/101171839,"GBP 175,913","BAHÍA DE LA PAZ, 8, Baja California Sur, Mexico",24.118457,-110.311999,3,2,1991.32422,House,iad Mexico,2024-10-08T03:44:03.44,https://files-api.properstar.com/api/v2/files/5aa4b1c3-320a-476e-a62a-37bf4f5a877c/1; https://files-api.properstar.com/api/v2/files/0db036c2-da48-41b8-ae50-c888f89c08ee/1; https://files-api.properstar.com/api/v2/files/78329ffe-902a-4f21-a0ed-6697c65e7304/1; https://files-api.properstar.com/api/v2/files/d85d8ea5-8091-4504-a4ef-0654ceee9be6/1; https://files-api.properstar.com/api/v2/files/08321470-1a81-49f4-b2ad-20a2def784d7/1; https://files-api.properstar.com/api/v2/files/e92760a4-38be-4e10-a7cb-2f3526e0ad9e/1; https://files-api.properstar.com/api/v2/files/d5c786a2-ef59-4700-9a44-6c24321e8daa/1; https://files-api.properstar.com/api/v2/files/d90a76c6-288d-4ba3-b1df-2b1afcbb5aee/1; https://files-api.properstar.com/api/v2/files/a4c976bc-817c-45a4-a4ff-4baf27b5e4b0/1; https://files-api.properstar.com/api/v2/files/c096f823-0ee4-4fe4-98dc-f41d071d33b4/1
109144516,Luxury Apartment for Sale,https://www.properstar.co.uk/listing/109144516,"GBP 320,422","Baja California Sur, La Paz, Lomas de Palmira, Lomas de Palmira, Mexico",24.176087,-110.29886,,,,Apartment,REMAX Espacios Hábitat,2025-08-07T03:24:31.25,https://files-api.properstar.com/api/v2/files/c05a2374-c250-4306-9018-82e9455ae55d/1; https://files-api.properstar.com/api/v2/files/db74ed7c-bdc2-4194-8298-1897e7dcb97f/1; https://files-api.properstar.com/api/v2/files/5bc3fa19-dcd4-406f-9af7-d1231f483b1b/1; https://files-api.properstar.com/api/v2/files/bf36b795-623f-4d80-98c4-9d6423ddc20f/1; https://files-api.properstar.com/api/v2/files/8aca2cee-39c4-4160-88ee-d233cc40c88f/1; https://files-api.properstar.com/api/v2/files/cc8a744f-6049-48c8-9021-e5f0f3c239d1/1; https://files-api.properstar.com/api/v2/files/0f4b3748-c49b-4a08-824e-ff175541b08e/1; https://files-api.properstar.com/api/v2/files/296b2e85-8860-4138-b390-d7a02d06c385/1; https://files-api.properstar.com/api/v2/files/a65a3838-9b43-45b9-ac75-bf22d770b064/1; https://files-api.properstar.com/api/v2/files/63cd328a-2c12-4f12-a0cb-d506d8121f2e/1; https://files-api.properstar.com/api/v2/files/26cf551e-0ac8-43b9-acbd-bde14f54b820/1; https://files-api.properstar.com/api/v2/files/e2ee11dd-1f14-4e22-a3da-6193afad4180/1; https://files-api.properstar.com/api/v2/files/0659d574-9769-4938-a969-bf228b1eab68/1; https://files-api.properstar.com/api/v2/files/0850cb30-118c-4fac-89f6-2ff7043a8ef0/1; https://files-api.properstar.com/api/v2/files/68fc1121-ab0c-4783-bfc6-4860492a749a/1; https://files-api.properstar.com/api/v2/files/4e496367-6af4-43cb-9aba-68ff387c245a/1; https://files-api.properstar.com/api/v2/files/1e14daba-93fa-472e-abef-ea074e6c7f79/1; https://files-api.properstar.com/api/v2/files/e994fc69-fb19-4869-af4c-5eebab592148/1
110945511,"PRE SALE APARTMENT IN LA PAZ AREA, DOWNTOWN PUEBLA, WITH ELEVATOR",https://www.properstar.co.uk/listing/110945511,"GBP 173,831","Puebla, Puebla, La Paz, La Paz, Mexico",24.142641,-110.312753,2,2,1128.81177,Apartment,INMOBILIARIA KLOSSMAR,2025-10-17T10:12:53.313,https://files-api.properstar.com/api/v2/files/a39539e5-a46c-4ff6-a647-0d2b5bfdbe57/1; https://files-api.properstar.com/api/v2/files/e98126c6-9777-4096-905e-7ad31d7a6256/1; https://files-api.properstar.com/api/v2/files/97b1c42a-fbb5-4c7d-9a83-22b2e3f6b8e1/1; https://files-api.properstar.com/api/v2/files/2e6d1013-e82d-48ce-9bc9-16451d1fc85c/1; https://files-api.properstar.com/api/v2/files/c37216dc-d87a-4515-ac6a-4a797cab5a48/1; https://files-api.properstar.com/api/v2/files/5e32f149-ea57-4168-bc8e-f3ba9df639f6/1; https://files-api.properstar.com/api/v2/files/1e668b2e-665f-4342-8502-ba11e3a2a6b1/1; https://files-api.properstar.com/api/v2/files/04dc193f-b4d9-431e-8191-c4097913ba3a/1; https://files-api.properstar.com/api/v2/files/2678716a-49a7-4dd5-bc49-70c4fb6185de/1; https://files-api.properstar.com/api/v2/files/e537d97d-ad5e-440d-8839-3dab3deecd10/1; https://files-api.properstar.com/api/v2/files/c923f29e-4fc0-450b-9ba6-fc9a6745f73d/1; https://files-api.properstar.com/api/v2/files/379449c1-7f1a-4a97-9825-f7924f14831f/1; https://files-api.properstar.com/api/v2/files/af99ac0b-d96b-4c8b-bb26-4171d3c5057b/1; https://files-api.properstar.com/api/v2/files/0b047844-db39-4a7a-bb40-66cbb5f2a5d5/1; https://files-api.properstar.com/api/v2/files/945f9e64-1907-4cdd-b312-d81d9dc09c7a/1; https://files-api.properstar.com/api/v2/files/0d1b68c5-89b6-4dec-93e2-c257923e379c/1; https://files-api.properstar.com/api/v2/files/eb3f8a78-fff4-428f-810e-b27e303b4b90/1; https://files-api.properstar.com/api/v2/files/7d0635d4-5800-4926-b3c0-b9cf8fea242f/1; https://files-api.properstar.com/api/v2/files/546ad433-5415-4582-b77b-421358d6da51/1; https://files-api.properstar.com/api/v2/files/00e28df5-d8ec-4b23-8807-cfefe6450aea/1; https://files-api.properstar.com/api/v2/files/2fb0182d-0c42-4fc5-af1d-1065cf4c9600/1; https://files-api.properstar.com/api/v2/files/b7b137c5-ddd4-4044-a7a9-fb9c99f657ab/1; https://files-api.properstar.com/api/v2/files/642c2b8d-ed56-4a01-b5fb-7727372db36f/1; https://files-api.properstar.com/api/v2/files/0d218669-84fe-4973-9986-451d3497ae1c/1; https://files-api.properstar.com/api/v2/files/301db179-e560-4e1f-b634-6c78db8b4248/1; https://files-api.properstar.com/api/v2/files/2d12b927-b188-4bb8-b281-dded950d099b/1; https://files-api.properstar.com/api/v2/files/8195bbb9-7cc4-4135-963a-a94afbafb1e2/1; https://files-api.properstar.com/api/v2/files/703fa59f-e990-4e42-8101-3cdd8c24663f/1; https://files-api.properstar.com/api/v2/files/a7609488-1b8e-4127-8aaf-31daf26e6667/1
111672067,"Discover the Sierra Model, the only two-story house in Oasis Villas",https://www.properstar.co.uk/listing/111672067,"GBP 168,999","Antonio Melendez, La Paz, Mexico",24.142641,-110.312753,3,2,1603.82324,House,Dream Baja Realty,2025-11-15T03:34:06.043,https://files-api.properstar.com/api/v2/files/235664ba-b430-46f4-bb65-ba686583a03c/1; https://files-api.properstar.com/api/v2/files/630c4aae-b605-437e-924c-8ffd5076f220/1; https://files-api.properstar.com/api/v2/files/60fac019-b843-4a42-9039-51f9350e64cb/1; https://files-api.properstar.com/api/v2/files/1a6c435c-d92e-456c-959b-21adb871534c/1; https://files-api.properstar.com/api/v2/files/b5bf64b1-10fe-4ee5-a0c1-e30f2c61d598/1; https://files-api.properstar.com/api/v2/files/394d9b8d-f7c6-4b64-90a0-ef7a5722844c/1; https://files-api.properstar.com/api/v2/files/424b73a8-3464-4167-b4c3-48d3a228f6b0/1; https://files-api.properstar.com/api/v2/files/988340b1-5326-4bc3-bf23-6ae97012b5cb/1; https://files-api.properstar.com/api/v2/files/76cf690b-928f-49fb-a228-621547d461a0/1; https://files-api.properstar.com/api/v2/files/6a3ca2dc-8947-4adc-8165-2ba529428d6c/1; https://files-api.properstar.com/api/v2/files/338788ba-e527-4510-b6f5-7cb8e0150120/1
110028021,Bahia Palmira 101-B,https://www.properstar.co.uk/listing/110028021,"GBP 190,602","Bahia Palmira 101-B, La Paz, Mexico",24.178784,-110.300891,1,1,645.8349,House,RONIVAL Real Estate,2025-09-13T05:19:09.18,https://files-api.properstar.com/api/v2/files/f5e2383e-ef78-4435-a9de-7a205a1a4177/1; https://files-api.properstar.com/api/v2/files/6303dc82-de62-480c-90df-12e344edeb7f/1; https://files-api.properstar.com/api/v2/files/ff8176bc-2566-4e64-94ce-3ada0bdbd8cc/1; https://files-api.properstar.com/api/v2/files/1fca0f22-7a74-4b70-b771-91c06b6d02ca/1; https://files-api.properstar.com/api/v2/files/f7314134-25ab-4411-acda-3bfce584932b/1; https://files-api.properstar.com/api/v2/files/cd4f890e-7b30-4866-a6bf-a8d856feef3a/1
113138428,Calle 9 Casa Cardenal,https://www.properstar.co.uk/listing/113138428,"GBP 266,499","Casa Cardenal 9, La Paz, Mexico",24.142641,-110.312753,3,4,4499.31641,House,RONIVAL Real Estate,2026-01-16T04:14:47.36,https://files-api.properstar.com/api/v2/files/ddd815d4-53cb-4b90-88bc-756bc7229507/1; https://files-api.properstar.com/api/v2/files/86bbd667-b8b9-4ff8-913f-fcbc50dd8e10/1; https://files-api.properstar.com/api/v2/files/d3d0d1c6-9aae-4525-9cff-7995cd8627d7/1; https://files-api.properstar.com/api/v2/files/af8bd3eb-6c3f-4e49-a88a-bf3b2509f7ed/1; https://files-api.properstar.com/api/v2/files/03f35528-0006-47f1-87cc-c70a7e66abe0/1; https://files-api.properstar.com/api/v2/files/90426307-da18-440d-9ced-06899e4f853b/1; https://files-api.properstar.com/api/v2/files/d06f3fa4-dbda-4597-adf0-b6dc3d1344f2/1; https://files-api.properstar.com/api/v2/files/f731d483-fda8-46fc-9d65-0305b19e436a/1; https://files-api.properstar.com/api/v2/files/6d793df7-96b9-4229-a8ed-e71a24e28390/1; https://files-api.properstar.com/api/v2/files/9b3e25aa-9f50-4aca-aa8d-38129edbba0f/1; https://files-api.properstar.com/api/v2/files/69317617-b270-45b5-98b4-b956b17a0758/1; https://files-api.properstar.com/api/v2/files/6cd456ba-2e35-4082-b389-de0abc675410/1; https://files-api.properstar.com/api/v2/files/0f0034ac-1d0b-48e1-8832-857bf0085d24/1; https://files-api.properstar.com/api/v2/files/9d26fe20-89fc-4c00-ae00-641935a5b8f4/1; https://files-api.properstar.com/api/v2/files/a7a2daa4-a0f3-46fd-a262-b1a1ad1aba2f/1; https://files-api.properstar.com/api/v2/files/f0cc8cc6-a18b-4033-949d-9275c054b29f/1; https://files-api.properstar.com/api/v2/files/1a0dede8-5054-4195-b154-d1ef023f4fec/1; https://files-api.properstar.com/api/v2/files/51add523-c48f-4ac4-940c-aceaa7602c0a/1; https://files-api.properstar.com/api/v2/files/517c67f0-79c4-44ad-b8cb-614b4bfa1373/1; https://files-api.properstar.com/api/v2/files/7514be7b-2f5a-4e49-aa68-bd00ce7c005b/1; https://files-api.properstar.com/api/v2/files/e5473f49-e768-47e8-9e07-5343c29db2df/1; https://files-api.properstar.com/api/v2/files/6f60f356-fded-44fc-841b-0613fb85b256/1; https://files-api.properstar.com/api/v2/files/467f5075-3a73-49a8-a2ba-77f8903b6650/1; https://files-api.properstar.com/api/v2/files/0d3b9d7a-a394-4e8b-85c4-3a96af47254a/1; https://files-api.properstar.com/api/v2/files/72210487-5c23-4981-ac43-3c407db3bcec/1; https://files-api.properstar.com/api/v2/files/644efb40-0055-43aa-b606-e66a6cf76b55/1; https://files-api.properstar.com/api/v2/files/2cc43783-13ec-4ba1-91e7-d07c3d64296e/1; https://files-api.properstar.com/api/v2/files/24211e70-4d8e-48d7-9580-5c90952fa215/1; https://files-api.properstar.com/api/v2/files/99db2a19-38cd-46eb-88f5-e8ac51b8c1c5/1
116435003,Marina Residences Puerta Cortes,https://www.properstar.co.uk/listing/116435003,"GBP 2,382,523","Carretera Pichilingue KM. 7.5, La Paz, Mexico",24.21898,-110.305096,4,4,5597.236,Apartment,Puerta Cortés Real Estate,2026-05-08T03:23:07.367,https://files-api.properstar.com/api/v2/files/6b91aba5-0be0-45d7-9e80-64a81ea974fa/1; https://files-api.properstar.com/api/v2/files/ad63813c-7694-4455-9a36-96e4ef6f6380/1; https://files-api.properstar.com/api/v2/files/242cd7a8-ba25-45df-a0df-98b9aa3feac6/1; https://files-api.properstar.com/api/v2/files/dd772f36-7667-439a-bc18-a40209872e1c/1; https://files-api.properstar.com/api/v2/files/e2a4696b-0af9-4071-9191-b621e12cb2a7/1; https://files-api.properstar.com/api/v2/files/d1f5947c-6f0f-4ad4-81bf-245f7d8025c2/1; https://files-api.properstar.com/api/v2/files/aeac4479-1a1f-454d-a40e-e4f263720673/1; https://files-api.properstar.com/api/v2/files/4f8f1b66-a6d0-44b9-8d5e-10d46426f02f/1; https://files-api.properstar.com/api/v2/files/0d0de86f-dab2-4561-978b-9bb6420f7fd2/1; https://files-api.properstar.com/api/v2/files/0a8a3139-2992-4557-8e33-2abd84c6bf1e/1; https://files-api.properstar.com/api/v2/files/dff81262-9e20-44ee-87b0-af4f27557dcc/1; https://files-api.properstar.com/api/v2/files/4b11e996-dc9a-40e2-b7aa-aa94d27035c2/1; https://files-api.properstar.com/api/v2/files/a08c0de3-1dbe-4172-b06e-fcd424fe42e8/1; https://files-api.properstar.com/api/v2/files/072806a2-4c57-4969-aae6-450f57a65cad/1; https://files-api.properstar.com/api/v2/files/3f665b72-742a-4d1f-b073-a8ad236e38e1/1; https://files-api.properstar.com/api/v2/files/b3b51227-5cdd-4815-9bc1-58f0faceca14/1; https://files-api.properstar.com/api/v2/files/feb5b2f5-4768-4fbd-83b2-b97a39bd3606/1; https://files-api.properstar.com/api/v2/files/e4747a3d-16c2-4fc5-ba50-44397895bab2/1; https://files-api.properstar.com/api/v2/files/274d4473-8ce8-46b1-85a8-ae79ebedd848/1; https://files-api.properstar.com/api/v2/files/b762cb76-4936-4bbf-90de-bb3a6c9f86fe/1; https://files-api.properstar.com/api/v2/files/09af09ef-9b6d-4a37-bdb1-4decb005fce1/1; https://files-api.properstar.com/api/v2/files/8a7fec65-84dc-4ee3-a52a-0d4fac4a4ab6/1; https://files-api.properstar.com/api/v2/files/0fa1c969-2220-406b-8888-97a6c7b50b03/1; https://files-api.properstar.com/api/v2/files/24b51eb0-6cdd-4799-b29d-a5960917b030/1; https://files-api.properstar.com/api/v2/files/75bf50a1-a9fd-4582-be6e-752337849d87/1; https://files-api.properstar.com/api/v2/files/b022a6bd-0678-4d62-b819-2918f3092e5b/1; https://files-api.properstar.com/api/v2/files/ab90e661-b859-49b8-818f-5148bf4a234e/1; https://files-api.properstar.com/api/v2/files/36f9c9d3-2451-491e-aaa0-6e2d077c3bca/1; https://files-api.properstar.com/api/v2/files/c5fa7fda-81c7-4736-bcc4-929e7185c279/1; https://files-api.properstar.com/api/v2/files/a97bd7e6-430e-424d-ac2b-638ad71a57ce/1; https://files-api.properstar.com/api/v2/files/358b233c-a9e3-443c-9a28-c3e829a9f5dc/1
116142646,House in El Camino Real,https://www.properstar.co.uk/listing/116142646,"GBP 18,330","Baja California Sur, La Paz, El Camino Real, El Camino Real, Mexico",24.055476,-110.298217,2,1,,House,Habitat Servicios Inmobiliarios,2026-04-28T04:54:35.83,https://files-api.properstar.com/api/v2/files/8e5ff09e-b3ee-406c-a07e-183049a0ee13/1; https://files-api.properstar.com/api/v2/files/3e3df3aa-f44a-41c4-bd72-4bf075f81514/1; https://files-api.properstar.com/api/v2/files/b1a42339-38e5-43f2-a58f-1dfa9d6eb4a5/1; https://files-api.properstar.com/api/v2/files/392371f7-3996-4788-864d-0e8728ad6a10/1; https://files-api.properstar.com/api/v2/files/f2e73a6a-3072-4e11-889c-45b5ae08d0db/1
116886126,1910 Revolution Sancta Residences 205,https://www.properstar.co.uk/listing/116886126,"GBP 343,198","Revolucion de 1910 Sancta Residences 205, La Paz, Mexico",24.142641,-110.312753,2,2,1291.6698,House,RONIVAL Real Estate,2026-05-22T03:21:15.81,https://files-api.properstar.com/api/v2/files/c84a9b9f-12e2-4d4a-8c81-1d46da667fb4/1; https://files-api.properstar.com/api/v2/files/9c8ccb95-6658-4a20-a64f-98423f4cf73d/1; https://files-api.properstar.com/api/v2/files/47bcc1a9-aa31-42f2-967c-a651e3c1f088/1; https://files-api.properstar.com/api/v2/files/4c47597c-7fc9-45f7-802f-d710e5e9f188/1; https://files-api.properstar.com/api/v2/files/2430d319-a1bf-4156-9ac2-5c2e4cfdcd18/1; https://files-api.properstar.com/api/v2/files/cf00ae63-b8fe-48de-88c1-8ee4c833c8c9/1; https://files-api.properstar.com/api/v2/files/3579b531-8ff3-4422-a75b-3ae2929b1185/1; https://files-api.properstar.com/api/v2/files/45836274-b41f-4062-9ce5-ec1fedff9b60/1; https://files-api.properstar.com/api/v2/files/3f7e3878-136d-4902-9fa1-e4d3d1668d3d/1
116435044,Marina Residences Puerta Cortes,https://www.properstar.co.uk/listing/116435044,"GBP 1,686,093","Carretera Pichilingue KM. 7.5, La Paz, Mexico",24.21898,-110.305096,3,3,3702.78662,Apartment,Puerta Cortés Real Estate,2026-05-08T03:23:07.367,https://files-api.properstar.com/api/v2/files/d5cce8fe-834c-450b-8f3f-5baca6cd0330/1; https://files-api.properstar.com/api/v2/files/676f8eb6-3c02-486a-9839-b16d59acc33a/1; https://files-api.properstar.com/api/v2/files/6ce861f1-afac-43ba-b341-e69654fe1425/1; https://files-api.properstar.com/api/v2/files/bbb16d76-ebb2-43fc-aae0-c3eb7fb9a969/1; https://files-api.properstar.com/api/v2/files/e7d28b72-d31d-4662-ba73-3824fa0b8087/1; https://files-api.properstar.com/api/v2/files/6f1d2a0b-5312-4e02-b625-50311d893e53/1; https://files-api.properstar.com/api/v2/files/5bf795f8-04c1-4b0c-b242-c74ccdd7d0dd/1; https://files-api.properstar.com/api/v2/files/455d9ebf-c2b4-4179-8149-1afa1b6dea20/1; https://files-api.properstar.com/api/v2/files/b2fc199a-2144-45df-adc0-db447a7f3dc6/1; https://files-api.properstar.com/api/v2/files/28ba4e48-330c-4f98-a0ef-bcc641c37887/1; https://files-api.properstar.com/api/v2/files/1cee6463-8303-4db9-ad5c-a9cb9138c8a2/1; https://files-api.properstar.com/api/v2/files/4d202117-1137-420e-93ba-65e8f5b93090/1; https://files-api.properstar.com/api/v2/files/51b73caf-5ee0-4496-a4a3-8cfc1ae32bad/1; https://files-api.properstar.com/api/v2/files/87f7f278-f03c-41d8-8e15-03f04f341c87/1; https://files-api.properstar.com/api/v2/files/e96f494a-3098-4a10-9b6b-d0195fc8f14e/1; https://files-api.properstar.com/api/v2/files/2d13bcbe-688b-4326-a149-375baf5f126a/1; https://files-api.properstar.com/api/v2/files/c8c433e2-fad8-49ad-8223-201ed5ac2abe/1; https://files-api.properstar.com/api/v2/files/d4da07d8-2cae-4306-b8d7-6179f512e0a9/1; https://files-api.properstar.com/api/v2/files/030e8f47-1b09-46dc-ab69-d7ecee3a1995/1; https://files-api.properstar.com/api/v2/files/83a7aa2d-a135-4af0-b171-1137d03ee38d/1; https://files-api.properstar.com/api/v2/files/725c55d0-2bc4-4da2-8698-1ae949d3f6bf/1; https://files-api.properstar.com/api/v2/files/c06c0ba0-d6fc-48e8-aa69-b08d33aed5e6/1; https://files-api.properstar.com/api/v2/files/6841e155-0623-4ba6-bc8f-56db349a6f43/1; https://files-api.properstar.com/api/v2/files/c55fbe4b-dd01-415b-9f8f-d409f165dc44/1; https://files-api.properstar.com/api/v2/files/c690fda2-2ac2-4f04-83c1-51bc85eada27/1; https://files-api.properstar.com/api/v2/files/2b8eeb3e-abf0-401a-a753-94633b89ce5d/1; https://files-api.properstar.com/api/v2/files/e1e2b032-1815-405c-9b6a-f8ea6f899c68/1; https://files-api.properstar.com/api/v2/files/d59b3c4c-a35c-4660-b2b4-768d8f5a4423/1; https://files-api.properstar.com/api/v2/files/523d2020-ea36-47bc-8ed6-85c59cbc11a1/1; https://files-api.properstar.com/api/v2/files/2240b757-a238-479f-8e66-77dc34a0f1d9/1; https://files-api.properstar.com/api/v2/files/00bc1a63-7ad8-4a19-96a7-0cc5352a1a1b/1
109144777,Luxury Apartment for Sale,https://www.properstar.co.uk/listing/109144777,"GBP 320,422","Baja California Sur, La Paz, Lomas de Palmira, Lomas de Palmira, Mexico",24.176087,-110.29886,,,,Apartment,REMAX Espacios Hábitat,2025-08-07T03:24:31.25,https://files-api.properstar.com/api/v2/files/c05a2374-c250-4306-9018-82e9455ae55d/1; https://files-api.properstar.com/api/v2/files/db74ed7c-bdc2-4194-8298-1897e7dcb97f/1; https://files-api.properstar.com/api/v2/files/5bc3fa19-dcd4-406f-9af7-d1231f483b1b/1; https://files-api.properstar.com/api/v2/files/bf36b795-623f-4d80-98c4-9d6423ddc20f/1; https://files-api.properstar.com/api/v2/files/8aca2cee-39c4-4160-88ee-d233cc40c88f/1; https://files-api.properstar.com/api/v2/files/cc8a744f-6049-48c8-9021-e5f0f3c239d1/1; https://files-api.properstar.com/api/v2/files/0f4b3748-c49b-4a08-824e-ff175541b08e/1; https://files-api.properstar.com/api/v2/files/296b2e85-8860-4138-b390-d7a02d06c385/1; https://files-api.properstar.com/api/v2/files/a65a3838-9b43-45b9-ac75-bf22d770b064/1; https://files-api.properstar.com/api/v2/files/63cd328a-2c12-4f12-a0cb-d506d8121f2e/1; https://files-api.properstar.com/api/v2/files/26cf551e-0ac8-43b9-acbd-bde14f54b820/1; https://files-api.properstar.com/api/v2/files/e2ee11dd-1f14-4e22-a3da-6193afad4180/1; https://files-api.properstar.com/api/v2/files/0659d574-9769-4938-a969-bf228b1eab68/1; https://files-api.properstar.com/api/v2/files/0850cb30-118c-4fac-89f6-2ff7043a8ef0/1; https://files-api.properstar.com/api/v2/files/68fc1121-ab0c-4783-bfc6-4860492a749a/1; https://files-api.properstar.com/api/v2/files/4e496367-6af4-43cb-9aba-68ff387c245a/1; https://files-api.properstar.com/api/v2/files/1e14daba-93fa-472e-abef-ea074e6c7f79/1; https://files-api.properstar.com/api/v2/files/e994fc69-fb19-4869-af4c-5eebab592148/1
110945705,"PRE SALE APARTMENT IN LA PAZ AREA, PUEBLA, WITH ELEVATOR",https://www.properstar.co.uk/listing/110945705,"GBP 169,066","Puebla, Puebla, La Paz, La Paz, Mexico",24.142641,-110.312753,2,2,1128.81177,Apartment,INMOBILIARIA KLOSSMAR,2025-10-17T10:12:53.313,https://files-api.properstar.com/api/v2/files/e52fd917-d9ae-42aa-a190-e78788088f6d/1; https://files-api.properstar.com/api/v2/files/ad41f672-5e80-4e41-9b0a-41a458147bb7/1; https://files-api.properstar.com/api/v2/files/a39c19e7-7947-4dc3-a274-67a10d8ff561/1; https://files-api.properstar.com/api/v2/files/66916fca-8ed0-4524-a889-0edecca4acb8/1; https://files-api.properstar.com/api/v2/files/8d706ded-0ee4-4e91-bb73-18115e713db4/1; https://files-api.properstar.com/api/v2/files/0b06d7fa-6fe5-464f-8810-b69331c54c93/1; https://files-api.properstar.com/api/v2/files/f75a3430-ffff-4014-8615-7393ecd09200/1; https://files-api.properstar.com/api/v2/files/c027fe5c-5786-49ee-aa64-09062e7de04e/1; https://files-api.properstar.com/api/v2/files/1089507c-6621-4a0e-baa5-5dc5b780246f/1; https://files-api.properstar.com/api/v2/files/f2037cc6-e583-4220-a20a-91db0fbe736f/1; https://files-api.properstar.com/api/v2/files/4475553a-da50-469f-abff-bf172b367edf/1; https://files-api.properstar.com/api/v2/files/c16cdb47-a331-4431-b91f-430c981ae640/1; https://files-api.properstar.com/api/v2/files/4d6ad3e3-a9d9-4316-80fa-555f4e0d5a68/1; https://files-api.properstar.com/api/v2/files/31a42700-ac76-4286-a611-9a15bfb1573e/1; https://files-api.properstar.com/api/v2/files/5d6312e0-bb02-4171-8359-800e8fc818f2/1; https://files-api.properstar.com/api/v2/files/98c0622e-1a6d-438d-9286-575f6a35347b/1; https://files-api.properstar.com/api/v2/files/02e2cf7e-0a26-454b-9b8d-ce49a9a41301/1; https://files-api.properstar.com/api/v2/files/b493265c-1cbe-49ed-9be9-8189cbcc5422/1; https://files-api.properstar.com/api/v2/files/a7621747-d069-42d0-b034-74a89a4a7c36/1; https://files-api.properstar.com/api/v2/files/88c3e0c4-2b4f-4139-9e22-326ba2689867/1; https://files-api.properstar.com/api/v2/files/f64628aa-34a5-406a-8874-829078b1d713/1; https://files-api.properstar.com/api/v2/files/8e1d9579-e521-46db-82ba-720d02807ca3/1
102229668,House at La Cumbre,https://www.properstar.co.uk/listing/102229668,"GBP 340,165","Jalisco, Zapopan, Fraccionamiento La Cima, Fraccionamiento La Cima, Mexico",24.099817,-110.344659,3,3,1679.17065,House,ALC Bienes Raices,2024-11-18T02:31:51.13,https://files-api.properstar.com/api/v2/files/C5C90A9F-F32F-410D-A740-027A6F1C4C57/2; https://files-api.properstar.com/api/v2/files/B6839738-4D48-42D3-85B2-70336DDE2674/2; https://files-api.properstar.com/api/v2/files/3E7D3C52-E9EE-4F68-A884-079CA37947DE/4; https://files-api.properstar.com/api/v2/files/B0A38746-0CD3-4A11-9178-C75771ACB0BA/2; https://files-api.properstar.com/api/v2/files/80BA42DD-D66D-43E0-9BC2-E28AAEBD823C/2; https://files-api.properstar.com/api/v2/files/5FDFCB35-B69D-44CE-9944-59A7D40CF3C5/2; https://files-api.properstar.com/api/v2/files/49EA8D5E-C7B7-43A2-AAD7-579C98660ED9/2; https://files-api.properstar.com/api/v2/files/53F2CE53-3A3C-465C-849F-D95F2DEECBBD/2; https://files-api.properstar.com/api/v2/files/05F0FB25-38DE-4129-84BF-FA4D220C01B5/2; https://files-api.properstar.com/api/v2/files/E6F0D052-8817-4908-9407-4F2F99D4F18E/2; https://files-api.properstar.com/api/v2/files/AA264559-3584-45F6-9700-36A4470FF61C/2; https://files-api.properstar.com/api/v2/files/5832E016-DA50-4434-8E1C-F3211824F6C9/2; https://files-api.properstar.com/api/v2/files/AD866953-B463-4EFD-A31B-0AD234420D7B/2; https://files-api.properstar.com/api/v2/files/3B0CDC03-5B35-419B-9D52-C7B6C16ED307/2
112454683,House in condominium in Fraccionamiento La Cima,https://www.properstar.co.uk/listing/112454683,"GBP 214,499","Querétaro, Querétaro, Fraccionamiento La Cima, Fraccionamiento La Cima, Mexico",24.099817,-110.344659,3,5,,Apartment,Valera Real Estate Prime,2025-12-17T03:21:54.61,https://files-api.properstar.com/api/v2/files/a501c5a2-5b7d-47b1-abf3-031d5c3b506a/1; https://files-api.properstar.com/api/v2/files/5380b665-3381-4916-bbd9-bde6dbabcfef/1; https://files-api.properstar.com/api/v2/files/e15e00a4-e9e0-466f-be59-f005752769c1/1; https://files-api.properstar.com/api/v2/files/cf67c605-cf7c-4978-9b3f-b1961ffaf7b3/1; https://files-api.properstar.com/api/v2/files/6aeaa441-51d1-4621-b502-4e9769001785/1; https://files-api.properstar.com/api/v2/files/a0356697-cfbb-444d-8a2f-77df925ae6e0/1; https://files-api.properstar.com/api/v2/files/c725905d-eab4-4b58-a6f3-75ffa1f38144/1; https://files-api.properstar.com/api/v2/files/9e24ced1-31cc-48b4-b963-31a5d7e4c564/1; https://files-api.properstar.com/api/v2/files/4936a42e-ce0c-40a6-b649-339840554877/1; https://files-api.properstar.com/api/v2/files/95e00ca8-87af-4135-8ddb-74355fab133d/1
115670554,Casa Pedregal La Paz | 3 Bedrooms with Ocean View,https://www.properstar.co.uk/listing/115670554,"GBP 586,467","terra, La Paz, Mexico",24.216868,-110.296626,3,2,1668.40686,House,Century 21  Legendary Realty,2026-04-13T03:00:26.73,https://files-api.properstar.com/api/v2/files/78b9ec5b-8952-4b26-81d1-281e931b04ac/1; https://files-api.properstar.com/api/v2/files/be0145ac-0981-4b0c-899a-102f36c0ece0/1; https://files-api.properstar.com/api/v2/files/5640c0d9-9ba7-4395-b4b8-d4de03760aa8/1; https://files-api.properstar.com/api/v2/files/5620275a-6038-494f-8a5f-f5e5a99ce522/1; https://files-api.properstar.com/api/v2/files/456e5bd7-963b-4ad1-abe2-abbb828b470b/1; https://files-api.properstar.com/api/v2/files/f846638e-feae-443c-800c-3f49a5e00679/1; https://files-api.properstar.com/api/v2/files/24dc52c8-4744-411e-8101-b01b8b39673c/1; https://files-api.properstar.com/api/v2/files/9b80ca8c-dc6a-45d0-8a3e-1a9fb7096868/1; https://files-api.properstar.com/api/v2/files/62439666-d28f-487b-8a37-cfcf20cf3adf/1; https://files-api.properstar.com/api/v2/files/2739a96b-cb81-4848-b36e-811cf21bd9cb/1; https://files-api.properstar.com/api/v2/files/fef6803c-e8a9-4033-b0b5-176a9ba3f1da/1
116330837,Ultra-Luxury Penthouse in Vistamar: Endless Views of the Sea of Cortez,https://www.properstar.co.uk/listing/116330837,"GBP 2,052,635","Carretera Pichilingue KM. 7.5, La Paz, Mexico",24.21898,-110.305096,5,5,6415.293,Apartment,Puerta Cortés Real Estate,2026-05-05T03:03:23.437,https://files-api.properstar.com/api/v2/files/e53d62f8-9463-480c-8a7f-fe38e8e08b89/1; https://files-api.properstar.com/api/v2/files/9ceae641-9735-4a9b-9427-c65f4a9c4898/1; https://files-api.properstar.com/api/v2/files/7e08931e-de44-4900-a259-baa8162137b0/1; https://files-api.properstar.com/api/v2/files/01f88124-331a-433a-99a7-33aed2a650a9/1; https://files-api.properstar.com/api/v2/files/96b6fcff-3100-4058-a7d9-f1794883c4aa/1; https://files-api.properstar.com/api/v2/files/51556eee-d802-4176-bc61-642949324184/1; https://files-api.properstar.com/api/v2/files/36467b12-85c1-4026-b937-2d2ee5c9d255/1; https://files-api.properstar.com/api/v2/files/3bbff392-18b3-4f2e-8939-3637a149eb6b/1; https://files-api.properstar.com/api/v2/files/8249aaba-aedd-4117-8350-07c59eaabfb7/1; https://files-api.properstar.com/api/v2/files/6979ab91-013d-4fe5-a8ad-d6e6c86249fe/1; https://files-api.properstar.com/api/v2/files/8b034d33-a261-49f9-92e0-f9935dd60cdd/1; https://files-api.properstar.com/api/v2/files/c0b11285-503a-4599-bb8e-b81d33fd2b3a/1; https://files-api.properstar.com/api/v2/files/2759024e-c957-4287-84fe-4501f2a798ae/1; https://files-api.properstar.com/api/v2/files/5a098f98-52ba-4f80-92bb-394c22ee6326/1; https://files-api.properstar.com/api/v2/files/de863780-76fd-4c52-82bc-51e9ccc8cc57/1; https://files-api.properstar.com/api/v2/files/787a2a6e-bad5-4195-985a-a98f0a4bd9d1/1; https://files-api.properstar.com/api/v2/files/e07a08af-ba12-404c-8e76-e5acf7ceef55/1; https://files-api.properstar.com/api/v2/files/c2e76e3a-d258-429d-ad1c-1f69c73d4168/1; https://files-api.properstar.com/api/v2/files/d083030f-8c59-477b-9641-70646c199ed2/1; https://files-api.properstar.com/api/v2/files/b8d3ad7b-21ec-4849-a809-c8b1a9ca203e/1; https://files-api.properstar.com/api/v2/files/46dc8fc9-36c6-495b-a75e-d88138d2f3b3/1; https://files-api.properstar.com/api/v2/files/5ca9380d-e84e-48ba-9e53-942664fd7a8a/1; https://files-api.properstar.com/api/v2/files/58a32684-5524-4ac2-8dd3-3fd4a5818f30/1; https://files-api.properstar.com/api/v2/files/65f2d27b-78f1-43ee-8e5f-15777e71c2fb/1; https://files-api.properstar.com/api/v2/files/f7eb9fce-9fe5-498d-b29e-fd8e1cacd38e/1; https://files-api.properstar.com/api/v2/files/4b135190-7789-4292-8eb3-d93ec07e8e4e/1; https://files-api.properstar.com/api/v2/files/552f00ae-dfcf-4309-a82f-0d0e6525c485/1; https://files-api.properstar.com/api/v2/files/031f2068-007c-441e-8797-410d4c929176/1; https://files-api.properstar.com/api/v2/files/2095d376-ebe7-4521-a356-990f957a4467/1; https://files-api.properstar.com/api/v2/files/96831228-d680-40f7-a54d-1952dde9a3b0/1; https://files-api.properstar.com/api/v2/files/1a806583-ebe0-483f-b3d1-7f95c91e7d89/1; https://files-api.properstar.com/api/v2/files/dd6cc6c5-ed3c-482f-9560-581a19cd149a/1; https://files-api.properstar.com/api/v2/files/a29ae72e-c5be-42d2-993d-73a907be895b/1; https://files-api.properstar.com/api/v2/files/d4367082-f026-4770-ab7f-79aa4c3d1aee/1; https://files-api.properstar.com/api/v2/files/168f48cb-9480-4b21-a5a7-fd88b4f30eac/1; https://files-api.properstar.com/api/v2/files/cdb0acf2-a6df-4827-86f8-40b291620271/1; https://files-api.properstar.com/api/v2/files/dce71452-b1a6-49b6-921b-11de181bf308/1; https://files-api.properstar.com/api/v2/files/d93405a0-e110-423d-9996-98d380f8b008/1; https://files-api.properstar.com/api/v2/files/1ac754a3-e3fa-44f0-ab6a-ac4509ab12cb/1; https://files-api.properstar.com/api/v2/files/09951841-62fe-45f7-adab-81d3b1a9409f/1; https://files-api.properstar.com/api/v2/files/5d9b0415-3ce1-44b3-b1d2-78376ec55053/1; https://files-api.properstar.com/api/v2/files/e24d1ed5-cfb7-4786-bd24-8017537da63d/1; https://files-api.properstar.com/api/v2/files/bbd93970-440e-4ee2-8f71-34427fd0228f/1; https://files-api.properstar.com/api/v2/files/0aae448f-e7b6-4e34-aef2-39727e980f71/1; https://files-api.properstar.com/api/v2/files/0eb024cd-8a93-444a-b942-b2f4ceadc117/1; https://files-api.properstar.com/api/v2/files/4226093c-6725-464f-9894-ea8ea8b35b78/1; https://files-api.properstar.com/api/v2/files/4b649b32-45eb-4211-bf71-e79dbefe2ffc/1; https://files-api.properstar.com/api/v2/files/f029b4b0-c6b5-4344-a0d2-c244d2901b0f/1; https://files-api.properstar.com/api/v2/files/24432760-4019-4822-8ba1-578a8197e3a9/1; https://files-api.properstar.com/api/v2/files/9125605e-97e0-4e6a-8170-27e1fdaa6329/1; https://files-api.properstar.com/api/v2/files/caf380e0-a4b0-403f-a7e9-90ca3eec1ee4/1; https://files-api.properstar.com/api/v2/files/b8b5a4b2-d91b-44dd-b8b6-89c168f9bbbf/1; https://files-api.properstar.com/api/v2/files/6a0ac6fd-8933-421a-a75f-a3561538c753/1; https://files-api.properstar.com/api/v2/files/aa866e71-d585-431d-a187-d72864aaa948/1; https://files-api.properstar.com/api/v2/files/c51ef526-7159-4c07-bd43-6e46b283f4a5/1; https://files-api.properstar.com/api/v2/files/92f0e877-9c3a-4721-9937-f509df454c2c/1; https://files-api.properstar.com/api/v2/files/3c28f948-d2c7-4b3e-9822-392373fdc1c2/1; https://files-api.properstar.com/api/v2/files/2d5a4b53-0c00-49fb-a9f3-8f85c9a089fc/1; https://files-api.properstar.com/api/v2/files/0fd7499c-6e5b-4f51-be0b-33efdf95873b/1; https://files-api.properstar.com/api/v2/files/0e610787-903e-415e-8c1e-7846d399bd19/1; https://files-api.properstar.com/api/v2/files/9e271b38-62c4-470d-a73e-0a3a1cb29c26/1; https://files-api.properstar.com/api/v2/files/7680e1ec-20f9-4853-99c4-0ab0acb37b4c/1; https://files-api.properstar.com/api/v2/files/1b6a6502-4cea-471e-b44c-be4504b45b15/1; https://files-api.properstar.com/api/v2/files/b3f2c926-0fa5-4649-9b63-04da6f30e19a/1; https://files-api.properstar.com/api/v2/files/fc2cbe4e-c70c-4017-81cb-b21a477e7d38/1; https://files-api.properstar.com/api/v2/files/92b37eef-ed32-4e77-a876-07e1b03ccd8d/1
116885834,"Casa Porto, Portobello Residencial - Coto 3 Lt 22, Set it aside with $50,000",https://www.properstar.co.uk/listing/116885834,"GBP 200,945","Via Genova, La Paz, Mexico",24.129496,-110.295646,3,2,1539.23975,House,RIM Inmobiliaria,2026-05-22T03:21:15.81,https://files-api.properstar.com/api/v2/files/c7e32c20-e9a1-4ce8-9dc2-c78d43fd8942/1; https://files-api.properstar.com/api/v2/files/0a33cdf8-67c3-43de-b4d2-fdfb45291200/1; https://files-api.properstar.com/api/v2/files/c7ea6771-2bcd-4f24-9a60-5f9b1c749711/1; https://files-api.properstar.com/api/v2/files/d06ed36a-179a-4a1e-a265-cff1b05dccf8/1; https://files-api.properstar.com/api/v2/files/ed2a1f33-21bf-4dde-aaad-131bc6af1428/1; https://files-api.properstar.com/api/v2/files/57ac25b5-a953-4b81-b702-b46d694cbd1c/1; https://files-api.properstar.com/api/v2/files/a8a34354-ad4b-4de6-bc40-236fa81bc893/1; https://files-api.properstar.com/api/v2/files/8e1b4f4c-1584-4118-b215-fccc64c3bb0b/1; https://files-api.properstar.com/api/v2/files/76df348d-6d9d-499b-aa39-1e6cd85560f1/1; https://files-api.properstar.com/api/v2/files/5ffb4777-a723-4b9b-acce-b47c6c2470e3/1; https://files-api.properstar.com/api/v2/files/8079fcb1-6442-4497-a691-ceb8e2b396a1/1; https://files-api.properstar.com/api/v2/files/86ee177b-c077-4d9e-ba9e-cee3d7d4a60e/1; https://files-api.properstar.com/api/v2/files/116ffac1-a789-4e4a-93a4-786a7ca2248c/1; https://files-api.properstar.com/api/v2/files/fc447a0f-4e25-4036-adc9-b25aed4643f3/1; https://files-api.properstar.com/api/v2/files/481ffd5a-647e-4fee-a38d-2ccfea171dca/1; https://files-api.properstar.com/api/v2/files/fb99803a-0aa7-406f-be22-401aedd3a827/1; https://files-api.properstar.com/api/v2/files/ce47c1ad-347d-4440-8cf6-920931b6c9d4/1; https://files-api.properstar.com/api/v2/files/dc207641-7585-4c1d-a62a-2337df407583/1; https://files-api.properstar.com/api/v2/files/9b15d51d-26e2-4fd6-a3d1-78012edd9142/1; https://files-api.properstar.com/api/v2/files/8306a3f3-9394-487e-a957-a0d59f76a51b/1; https://files-api.properstar.com/api/v2/files/175c3ea6-ee16-4263-985a-30c2824884dd/1; https://files-api.properstar.com/api/v2/files/0b720514-9b45-4ed9-bbda-477fe4263f83/1; https://files-api.properstar.com/api/v2/files/8df6a3a6-a821-41ac-b215-9fcbd81778d5/1; https://files-api.properstar.com/api/v2/files/40c70fab-c88f-4ae6-b75c-c5808021ec37/1; https://files-api.properstar.com/api/v2/files/03a9c8f7-a9cc-45a1-8995-9caf70304542/1; https://files-api.properstar.com/api/v2/files/53487fe2-e2e1-48a1-bf92-608489ba3b8f/1; https://files-api.properstar.com/api/v2/files/c88ae654-fbb2-4344-ae59-ba1b9623e1a0/1
110945759,PRE SALE OF NEW APARTMENTS IN EXCLUSIVE TOWER IN COL. LA PAZ PUEBLA,https://www.properstar.co.uk/listing/110945759,"GBP 154,664","Puebla, Puebla, La Paz, La Paz, Mexico",24.142641,-110.312753,2,2,1128.81177,Apartment,INMOBILIARIA KLOSSMAR,2025-10-17T10:12:53.313,https://files-api.properstar.com/api/v2/files/6c23ef2b-20db-4fca-80ef-ce19d4523340/1; https://files-api.properstar.com/api/v2/files/361d6bda-7fc2-4bc9-9d29-2e7bdbd05a69/1; https://files-api.properstar.com/api/v2/files/a88d7aa6-491d-4bbe-996a-cf7304b0dea8/1; https://files-api.properstar.com/api/v2/files/7eceb351-91cd-4d63-9212-a59b66dd4239/1; https://files-api.properstar.com/api/v2/files/6361cfc6-5bd8-4ba8-941a-7cb3cd6c2e59/1; https://files-api.properstar.com/api/v2/files/2dc1f53a-a2a9-4c5c-808a-88e9d1664755/1; https://files-api.properstar.com/api/v2/files/706ad170-edd3-47dc-93c8-9b4f16d27ec8/1; https://files-api.properstar.com/api/v2/files/675367ce-ffee-4eb3-bdcd-24189c9a5771/1; https://files-api.properstar.com/api/v2/files/354559c7-df70-4a09-953d-230c63a93a86/1; https://files-api.properstar.com/api/v2/files/3a79814b-c3bb-422f-93f3-054fc5d214b6/1; https://files-api.properstar.com/api/v2/files/ed20fec5-6b41-47be-a292-32e73ec1cc48/1; https://files-api.properstar.com/api/v2/files/0a5a832c-47d8-4e1a-8e20-76944a0e91b3/1; https://files-api.properstar.com/api/v2/files/69123da3-2e99-4fe9-85e9-c944c913a54c/1; https://files-api.properstar.com/api/v2/files/e880142d-9024-494a-823a-f5b581bcf814/1; https://files-api.properstar.com/api/v2/files/c9e061ac-9c29-4b5c-9395-7db045a568f8/1; https://files-api.properstar.com/api/v2/files/75052036-fb43-462c-a416-c782086d6b39/1; https://files-api.properstar.com/api/v2/files/64196b14-3f9c-4c99-8dbf-420039e4fa26/1
110996999,NEW HOME FOR SALE BLVD. SANTA ROSA IN LA PAZ BCS,https://www.properstar.co.uk/listing/110996999,"GBP 130,866","BLVD SANTA ROSA, 1, Baja California Sur, Mexico",24.087451,-110.331018,3,2,1237.85022,House,iad Mexico,2025-10-19T03:44:50.153,https://files-api.properstar.com/api/v2/files/fa6580b8-3bca-4251-9e1e-56aa54eb0414/1; https://files-api.properstar.com/api/v2/files/01dea4ce-7f52-4dd2-b7f2-22b28a84ec66/1; https://files-api.properstar.com/api/v2/files/cffabd1f-5763-4457-9bb4-070c48297bcd/1; https://files-api.properstar.com/api/v2/files/37419bf6-f863-488e-8f71-d10947dfaf71/1; https://files-api.properstar.com/api/v2/files/0a8cabdf-e30b-40ad-bfe1-ff2e8c8370b4/1; https://files-api.properstar.com/api/v2/files/ba0cf811-a6f6-459b-9a8d-c959f667cb50/1; https://files-api.properstar.com/api/v2/files/165adbdb-d3b7-49a1-bc85-f83677a70e90/1; https://files-api.properstar.com/api/v2/files/d3c66232-184a-4b46-b64a-419b046d2fd2/1; https://files-api.properstar.com/api/v2/files/df2110a4-d3dc-4abd-b7f5-6a083b1313c9/1; https://files-api.properstar.com/api/v2/files/c74cc5d8-ecf3-4e85-b0dc-ddd12105ecf3/1
114036989,"House for Sale in Loma Linda, La Paz, B.C.S.",https://www.properstar.co.uk/listing/114036989,"GBP 606,231","Filemón C. Piñeda, S/N, Baja California Sur, Mexico",24.149179,-110.288547,3,2,4176.399,House,iad Mexico,2026-02-18T03:47:13.4,https://files-api.properstar.com/api/v2/files/d06134d0-ef1b-46b5-881c-8b36d5c97306/1; https://files-api.properstar.com/api/v2/files/4869418d-9cca-4dc4-a083-23500fa99a63/1; https://files-api.properstar.com/api/v2/files/fd02a3a7-ce98-40e8-ac3c-f0d8d81d4df9/1; https://files-api.properstar.com/api/v2/files/d10b3974-2715-44cd-b6d6-820f5b9d7a35/1; https://files-api.properstar.com/api/v2/files/f5256537-1fbd-48af-8109-cfd4be1d5c1a/1; https://files-api.properstar.com/api/v2/files/2a0b8cef-f108-4409-b1d1-68a357e7b20e/1; https://files-api.properstar.com/api/v2/files/94607616-3f90-4a31-8ff9-18d257b76a7c/1; https://files-api.properstar.com/api/v2/files/8199d45a-23c2-4675-85c9-150480e3ea60/1; https://files-api.properstar.com/api/v2/files/f0c8ad09-c73b-445a-88f0-f6e0fa1262b4/1; https://files-api.properstar.com/api/v2/files/24c904da-8851-4766-b95e-73d0b58d37ca/1; https://files-api.properstar.com/api/v2/files/151a9c73-463e-40a9-aba8-a8f6eee3c3c7/1; https://files-api.properstar.com/api/v2/files/1cb74dcf-4c67-4185-9b7a-863425b7adf8/1; https://files-api.properstar.com/api/v2/files/cf101a2c-7b99-45ac-a736-3cf19e14d372/1; https://files-api.properstar.com/api/v2/files/d7f2b73c-0261-4f52-ac6a-e730c1c1e6b9/1; https://files-api.properstar.com/api/v2/files/c7e27a0b-02ce-4368-b11d-18af2e7a798b/1; https://files-api.properstar.com/api/v2/files/7685622a-52a1-429f-8098-e3b5cd292bd7/1; https://files-api.properstar.com/api/v2/files/40f7b866-4c03-48ee-8f5a-88c9d5e11148/1; https://files-api.properstar.com/api/v2/files/0ec5e28d-2072-460c-8061-7a2ae7bf2e26/1; https://files-api.properstar.com/api/v2/files/6c0833c8-536b-40fd-af80-cf7def54408b/1; https://files-api.properstar.com/api/v2/files/ff85adc4-44b6-4ee9-b806-b3a2c09ec8db/1; https://files-api.properstar.com/api/v2/files/ce2477ac-dab2-46c1-8808-14dac834edde/1; https://files-api.properstar.com/api/v2/files/8d64b6d7-4ad1-465e-b807-5d661d6a3086/1; https://files-api.properstar.com/api/v2/files/c44ae2dc-fee1-40e0-996f-ad3a90548253/1; https://files-api.properstar.com/api/v2/files/cb3bec0d-6cec-4ec3-9a8a-524c199dbd58/1; https://files-api.properstar.com/api/v2/files/7dc16b17-7023-46b4-adf2-4268db7346b4/1; https://files-api.properstar.com/api/v2/files/310a85e9-80e4-41a4-9869-c18f2ed83e7b/1; https://files-api.properstar.com/api/v2/files/00d081f8-db64-48a3-972d-5cf381901623/1; https://files-api.properstar.com/api/v2/files/63d1d5ed-7af6-4999-a725-57bd918eb348/1; https://files-api.properstar.com/api/v2/files/7331b3c8-a3bc-462c-84aa-8fcbb34781c9/1; https://files-api.properstar.com/api/v2/files/0655c257-8402-46af-a1ef-f262d16ea43d/1; https://files-api.properstar.com/api/v2/files/87b6fec1-26d8-465e-a80d-277854ac1cf8/1; https://files-api.properstar.com/api/v2/files/407753e8-8d51-4848-a823-bd750b44075c/1; https://files-api.properstar.com/api/v2/files/f9db3d39-015b-4626-a738-6ddcc59e5c36/1; https://files-api.properstar.com/api/v2/files/cb5c3d31-e4e5-4ea9-8ffb-cb494f2b0348/1; https://files-api.properstar.com/api/v2/files/610d32e3-2dfb-462c-a8ec-ec0e6346f09c/1; https://files-api.properstar.com/api/v2/files/8b17c0ce-4d60-44b0-b704-1bdc623c4dc2/1; https://files-api.properstar.com/api/v2/files/d90e5fb5-d8dd-45b6-8d92-ea6278cb2c4f/1; https://files-api.properstar.com/api/v2/files/5e595085-504f-466c-824e-8ca7893b524e/1; https://files-api.properstar.com/api/v2/files/8d4bfac5-1a27-4489-8a35-8f70645dd2d9/1; https://files-api.properstar.com/api/v2/files/4ab4235e-54d7-4458-a5a7-f3bd81c1dd49/1; https://files-api.properstar.com/api/v2/files/af5cd504-1220-4e13-b4bb-a91641a62307/1; https://files-api.properstar.com/api/v2/files/05f4a206-4320-4001-a1d6-b016282bdddf/1; https://files-api.properstar.com/api/v2/files/5f807ca4-e074-4224-80b1-e25a9415f763/1; https://files-api.properstar.com/api/v2/files/28801bcc-6d65-46c0-8b43-0ae4a33c9ae4/1; https://files-api.properstar.com/api/v2/files/4c42bedf-f0ca-4fda-ae54-35651eb6f234/1; https://files-api.properstar.com/api/v2/files/7c450f85-c4e7-4a45-9b16-c3214956be6c/1
116434895,Marina Residences,https://www.properstar.co.uk/listing/116434895,"GBP 2,382,523","Carretera Pichilingue KM. 7.5, La Paz, Mexico",24.21898,-110.305096,4,4,5597.236,Apartment,Puerta Cortés Real Estate,2026-05-08T03:23:07.367,https://files-api.properstar.com/api/v2/files/c2d9f54d-d820-4a16-800d-c3a786ce17d3/1; https://files-api.properstar.com/api/v2/files/dc8b72bd-2bc8-4036-a823-b4aa79198a48/1; https://files-api.properstar.com/api/v2/files/d38ae083-0a9f-4917-a572-256477e59384/1; https://files-api.properstar.com/api/v2/files/1738ee72-24e3-4526-9a19-d4e35f0274d5/1; https://files-api.properstar.com/api/v2/files/d0b7f2b1-f95e-4a66-b5c6-8807382094fc/1; https://files-api.properstar.com/api/v2/files/b250ddc1-0536-4670-8ff7-dba2bcac1cf7/1; https://files-api.properstar.com/api/v2/files/47de9709-7acd-4e36-a4d9-06948afc080e/1; https://files-api.properstar.com/api/v2/files/db450152-91a9-4044-9ce7-36ec88ae898b/1; https://files-api.properstar.com/api/v2/files/2982479c-bb0c-45b3-822e-26d9bc3ea378/1; https://files-api.properstar.com/api/v2/files/fc18b1d0-e97e-4ac6-a3d8-adc39fd74ca1/1; https://files-api.properstar.com/api/v2/files/3f0856bf-2ef3-454c-92fc-7fbe220e4a1a/1; https://files-api.properstar.com/api/v2/files/d6cd01fb-278f-440c-86c0-cc480b8ef57c/1; https://files-api.properstar.com/api/v2/files/80c083de-0bfc-442d-920d-7d2c7975abfd/1; https://files-api.properstar.com/api/v2/files/abe45f43-e6a4-40cb-95f7-21205c39ceaa/1; https://files-api.properstar.com/api/v2/files/7bdba1bc-05ea-43d6-9eaa-a8f8dc9bb735/1; https://files-api.properstar.com/api/v2/files/dd0bf860-339d-4cbb-a8c7-abd7489b9480/1; https://files-api.properstar.com/api/v2/files/8ad73991-eece-4f15-bbbc-58b978e2b8f4/1; https://files-api.properstar.com/api/v2/files/7eae5224-4a35-4a99-8e8d-519b0a127dc6/1; https://files-api.properstar.com/api/v2/files/1a4a5e82-451d-4f2a-b370-3c091ec90604/1; https://files-api.properstar.com/api/v2/files/fb215c29-be64-44a9-a640-2af9822b1af4/1; https://files-api.properstar.com/api/v2/files/6095be9e-7d94-4640-8366-f34f187f2590/1; https://files-api.properstar.com/api/v2/files/4e0e2ddc-4e35-41d5-b2d4-b31f4e57f885/1; https://files-api.properstar.com/api/v2/files/a2d57720-2d8c-4a68-8e30-85ed4eb83798/1; https://files-api.properstar.com/api/v2/files/b874b0e3-9554-4045-a9bf-1bfae9870b89/1; https://files-api.properstar.com/api/v2/files/344463ba-37c6-401b-a7dd-dddc43e91e5b/1; https://files-api.properstar.com/api/v2/files/517091f8-8ebb-4179-b73b-10aedf05fe2d/1; https://files-api.properstar.com/api/v2/files/2567ab4a-7011-417d-a821-e2e7889e082d/1; https://files-api.properstar.com/api/v2/files/8a0fae0e-48cd-453a-b3a0-531db8504feb/1; https://files-api.properstar.com/api/v2/files/875d8cb9-f647-45c8-87eb-7dce4a717f8a/1; https://files-api.properstar.com/api/v2/files/f1dab076-eea0-4f85-9ada-202ca8658bd6/1; https://files-api.properstar.com/api/v2/files/bfc2eaef-0b90-49da-a423-cd25efd01da0/1; https://files-api.properstar.com/api/v2/files/0aa1d435-1bf8-45e0-b635-34909f81a4ec/1
115323743,Apartment in Central Zone,https://www.properstar.co.uk/listing/115323743,"GBP 232,783","Baja California Sur, La Paz, Zona Central, Zona Central, Mexico",24.152325,-110.311519,2,2,,Apartment,Grupo Romero Consultores,2026-03-31T04:13:23.833,https://files-api.properstar.com/api/v2/files/bc1c82e1-1b77-4c5f-ac53-1e99ef5a434b/1; https://files-api.properstar.com/api/v2/files/29964760-dfc0-444a-a3da-90e07a835a5f/1; https://files-api.properstar.com/api/v2/files/d116596b-a022-49fe-bac6-6273161b82c4/1; https://files-api.properstar.com/api/v2/files/fca92a92-b77f-4c51-84ad-c2a059873994/1; https://files-api.properstar.com/api/v2/files/538cb45c-981a-449c-bf15-f841f119542f/1; https://files-api.properstar.com/api/v2/files/52a252d3-a391-4cc5-b4c9-7e5abf5305ef/1; https://files-api.properstar.com/api/v2/files/89ac00c6-d751-409f-9556-9bf59d037921/1; https://files-api.properstar.com/api/v2/files/98c409fc-2dde-4545-bcca-49582992259e/1; https://files-api.properstar.com/api/v2/files/3a4d06cc-73fc-4a99-859f-486da2b58611/1; https://files-api.properstar.com/api/v2/files/c34fbfd6-9cdd-4dc4-87b8-a4949dc3d7fd/1; https://files-api.properstar.com/api/v2/files/911f50f8-394a-4110-97e1-f7f9037dc2e7/1; https://files-api.properstar.com/api/v2/files/1eab7c33-f4a0-485a-b6fa-0aeada3bad8f/1; https://files-api.properstar.com/api/v2/files/932b76cc-758e-44c1-8781-219be56f301f/1; https://files-api.properstar.com/api/v2/files/0c1321b9-3227-44ee-8335-d49852beb404/1; https://files-api.properstar.com/api/v2/files/5e2689e0-87d2-4b24-9f39-e7ded323a157/1; https://files-api.properstar.com/api/v2/files/d3c78472-8824-4a05-964c-a63aa68aa83e/1; https://files-api.properstar.com/api/v2/files/13055a17-00cc-4f6b-b883-393d9b2cad90/1
117081735,First floor apartment in Colonia Fovissste,https://www.properstar.co.uk/listing/117081735,"GBP 78,000","Andador Ballenas, Conjunto Habitacional Sudcaliforna, 23080 La Paz, BCS, México, La Paz, Mexico",24.117568,-110.313357,2,1,866.4951,Apartment,KW Baja,2026-05-29T02:40:38.98,https://files-api.properstar.com/api/v2/files/4568f66c-be7f-4610-974c-f0dfc325058a/1; https://files-api.properstar.com/api/v2/files/d303108d-d035-4546-9882-e10e7f49b6a6/2; https://files-api.properstar.com/api/v2/files/e2883dcb-e413-4e49-812a-20c19b42af10/2; https://files-api.properstar.com/api/v2/files/145d8e36-8cb1-4db5-a7af-2c3a8829ddca/2; https://files-api.properstar.com/api/v2/files/cb86d571-777c-4869-8fe6-a5a48805b448/2; https://files-api.properstar.com/api/v2/files/084a936d-7e81-43f2-ae57-101330119322/2; https://files-api.properstar.com/api/v2/files/1b9953ad-6a2e-4a06-bd8e-47f5156ecf61/2; https://files-api.properstar.com/api/v2/files/a377b9d0-362d-4a0c-9e18-117340810091/2; https://files-api.properstar.com/api/v2/files/ac80d96b-ad05-4698-8853-4cb6168589d8/2; https://files-api.properstar.com/api/v2/files/7b89755d-d7ac-4239-a25f-e12dbb0518a2/2; https://files-api.properstar.com/api/v2/files/6332348a-746a-414a-8325-4677b75c17dc/2; https://files-api.properstar.com/api/v2/files/ce328b30-fa7f-44e6-bb41-9b1a3836b01f/2; https://files-api.properstar.com/api/v2/files/5df9a2db-513e-4521-a6d0-69b0e8051865/2; https://files-api.properstar.com/api/v2/files/c56bac0a-7f0a-41e6-94b2-5170cf1734d9/2; https://files-api.properstar.com/api/v2/files/63846aca-34a6-4b78-8d0d-71419d46d03f/2
110945761,PRE SALE OF NEW APARTMENTS IN TOWER WITH ROOF TOP IN COL. LA PAZ PUEBLA,https://www.properstar.co.uk/listing/110945761,"GBP 154,762","Puebla, Puebla, La Paz, La Paz, Mexico",24.142641,-110.312753,2,2,1128.81177,Apartment,INMOBILIARIA KLOSSMAR,2025-10-17T10:12:53.313,https://files-api.properstar.com/api/v2/files/18d190da-32cf-4f01-a003-a4186bf94625/1; https://files-api.properstar.com/api/v2/files/0a52cc89-91ad-4ffb-9acf-701366c1ee98/1; https://files-api.properstar.com/api/v2/files/2900e10b-e349-4af3-abc5-10d82ed9fe4d/1; https://files-api.properstar.com/api/v2/files/270297ba-6498-433e-a8fd-74fb0a996195/1; https://files-api.properstar.com/api/v2/files/d87c9e99-e058-40ed-a83a-3576b036898b/1; https://files-api.properstar.com/api/v2/files/b871975d-ff78-4397-b869-cd12b477114c/1; https://files-api.properstar.com/api/v2/files/503a1a24-47fd-46e4-8c24-b76098f259be/1; https://files-api.properstar.com/api/v2/files/b131709a-aa19-4495-8cb5-9d52f9a76ef3/1; https://files-api.properstar.com/api/v2/files/ac804ebb-439b-4896-991d-776eed0756be/1; https://files-api.properstar.com/api/v2/files/ee9f368a-83fd-4b1f-b55d-e1cb56cd0f4c/1; https://files-api.properstar.com/api/v2/files/48f63671-5ac7-4e23-bb06-f76cf1008bf4/1; https://files-api.properstar.com/api/v2/files/74043ae4-874c-45b0-967e-329963f670ea/1; https://files-api.properstar.com/api/v2/files/2913c32e-7bd9-41e6-ad13-5e450e2a4880/1; https://files-api.properstar.com/api/v2/files/aa4c794c-6aa8-466f-97b9-1f329e19d191/1; https://files-api.properstar.com/api/v2/files/bec0029f-c4d0-46c4-8af9-4db86a27657c/1; https://files-api.properstar.com/api/v2/files/b1fca46d-1f4e-4826-b545-94ff3de9d72c/1; https://files-api.properstar.com/api/v2/files/56c416d1-098f-473a-83b0-3cc20d249531/1
110945914,"PRE SALE APARTMENT IN LA PAZ AREA, PUEBLA, WITH ELEVATOR",https://www.properstar.co.uk/listing/110945914,"GBP 159,336","Puebla, Puebla, La Paz, La Paz, Mexico",24.142641,-110.312753,2,2,1128.81177,Apartment,INMOBILIARIA KLOSSMAR,2025-10-17T10:12:53.313,https://files-api.properstar.com/api/v2/files/cbc666b2-8426-4049-ac24-da34bed0e858/1; https://files-api.properstar.com/api/v2/files/03b7c985-d438-463c-8d00-97a59be17012/1; https://files-api.properstar.com/api/v2/files/b9ed5b44-808d-44f3-8988-03e2c4b5f1b2/1; https://files-api.properstar.com/api/v2/files/e0306c33-ec19-4840-b7b5-8bd3deea2349/1; https://files-api.properstar.com/api/v2/files/e7474522-0f44-416f-acbb-815343944cee/1; https://files-api.properstar.com/api/v2/files/8e834561-298f-4ba7-a026-8f108558bbc6/1; https://files-api.properstar.com/api/v2/files/5543dda0-b686-42ec-9020-7c4df897c2c9/1; https://files-api.properstar.com/api/v2/files/686e76af-fd28-4c2b-9746-c83b1422d7a0/1; https://files-api.properstar.com/api/v2/files/f836258d-3a76-4c7c-a15e-abe7688645f9/1; https://files-api.properstar.com/api/v2/files/4ca9f5d8-7072-4478-ab89-47b8cff350b9/1; https://files-api.properstar.com/api/v2/files/4b18d7a4-9797-4973-bb6b-b7c8c5015035/1; https://files-api.properstar.com/api/v2/files/0ff4987a-e4ec-4849-8f0c-d9e0e9a8725a/1; https://files-api.properstar.com/api/v2/files/9923b9b0-8b2c-4353-8a21-11f4042fa101/1; https://files-api.properstar.com/api/v2/files/d1ce0c51-3423-48a3-984e-b3d469dc609a/1; https://files-api.properstar.com/api/v2/files/3802371a-a8ca-4963-b46e-100c396f60e6/1; https://files-api.properstar.com/api/v2/files/af7f3072-0f86-4e33-9bec-1cc85946717e/1; https://files-api.properstar.com/api/v2/files/b9f06020-8b1c-46ab-8861-cbec6c125d97/1; https://files-api.properstar.com/api/v2/files/0dcaad8a-bae5-4492-a932-75b23f2c7bfd/1; https://files-api.properstar.com/api/v2/files/143814b8-d79c-4457-96b8-3884d8f49104/1; https://files-api.properstar.com/api/v2/files/0e5c4bea-18a8-41fe-ad6f-79b705e65d90/1; https://files-api.properstar.com/api/v2/files/88997eef-0025-4c00-ae22-8924fb172c0b/1; https://files-api.properstar.com/api/v2/files/bb440e1a-5cee-4454-9a18-0f04ee76542b/1
112118787,Casa Coral mza 54 lote 714,https://www.properstar.co.uk/listing/112118787,"GBP 395,865","Casa Coral mza 54 lote 714, La Paz, Mexico",24.142641,-110.312753,3,2,1819.10156,House,RONIVAL Real Estate,2025-12-04T03:17:33.107,https://files-api.properstar.com/api/v2/files/9e42012f-117b-480e-beb0-97c89537a90d/1; https://files-api.properstar.com/api/v2/files/da973461-f548-4c84-ac35-b87cbef363e7/1; https://files-api.properstar.com/api/v2/files/cdd77115-4330-4c33-9805-e6aa5d074a2e/1; https://files-api.properstar.com/api/v2/files/e5c39085-54a9-4499-aeb6-57d94132b99f/1; https://files-api.properstar.com/api/v2/files/61e28218-4c03-4a80-9465-18d2a36531e2/1; https://files-api.properstar.com/api/v2/files/c0cccba3-b795-4ce9-8ef4-949b7c534baf/1; https://files-api.properstar.com/api/v2/files/2ed7552a-d949-4e90-8116-5608af71e482/1
116434636,Marina Residences Puerta Cortes,https://www.properstar.co.uk/listing/116434636,"GBP 2,565,794","Carretera Pichilingue KM. 7.5, La Paz, Mexico",24.21898,-110.305096,4,4,6598.28,Apartment,Puerta Cortés Real Estate,2026-05-08T03:23:07.367,https://files-api.properstar.com/api/v2/files/dc8d4048-6a8e-4d93-a9c1-4660935bfedb/1; https://files-api.properstar.com/api/v2/files/f25b467f-94fe-4ad7-adce-6b3e0c23a71f/1; https://files-api.properstar.com/api/v2/files/e472ca22-ab60-49bd-9c6a-de38ac2cac81/1; https://files-api.properstar.com/api/v2/files/10b3a63a-2c99-475b-8512-164a465e345b/1; https://files-api.properstar.com/api/v2/files/046f8971-2309-4b0a-aab3-8fb328ef47b5/1; https://files-api.properstar.com/api/v2/files/8267c99f-82cc-4a8d-8db4-e4b11b48539b/1; https://files-api.properstar.com/api/v2/files/40e07e47-2fb6-4489-8d85-ec670bae69eb/1; https://files-api.properstar.com/api/v2/files/42dfa56d-8a76-4ae5-be6c-bad28ebfa377/1; https://files-api.properstar.com/api/v2/files/5fa13d5c-1b5d-4a17-95eb-7c8d67e58c87/1; https://files-api.properstar.com/api/v2/files/1d105049-f0d7-444c-adb8-f080643571fc/1; https://files-api.properstar.com/api/v2/files/b2939622-68f5-4f3d-a656-915bb9931f3c/1; https://files-api.properstar.com/api/v2/files/8e305a4f-3bde-48d6-b942-402332cb125f/1; https://files-api.properstar.com/api/v2/files/c902b063-0b28-4ecd-88a9-284ba23c3d6a/1; https://files-api.properstar.com/api/v2/files/cee53a62-36ab-4d59-8b19-e2088b244627/1; https://files-api.properstar.com/api/v2/files/3ddbab81-468d-4b08-b849-71d8d05e9699/1; https://files-api.properstar.com/api/v2/files/d63ce942-dd5c-48cc-a52b-388b605aade7/1; https://files-api.properstar.com/api/v2/files/9e756823-746d-46a4-b1ff-080f20f53980/1; https://files-api.properstar.com/api/v2/files/5a483e38-3575-4c63-a93b-0f415999e288/1; https://files-api.properstar.com/api/v2/files/d0e39fd9-0fa6-4677-9282-71c306faa2a8/1; https://files-api.properstar.com/api/v2/files/6444372b-e3f5-488f-be6c-933e8522aaef/1; https://files-api.properstar.com/api/v2/files/ef1afca6-06be-465d-af81-bd5be0446afc/1; https://files-api.properstar.com/api/v2/files/c3c4293d-4ac3-4b50-a779-34d707f47bd2/1; https://files-api.properstar.com/api/v2/files/41afb1fc-1398-4606-acd2-c99105196458/1; https://files-api.properstar.com/api/v2/files/17b4868d-4753-4700-9a45-52ce25f2ba6a/1; https://files-api.properstar.com/api/v2/files/3285e14b-631e-4da4-af0d-1cd6bb39c721/1; https://files-api.properstar.com/api/v2/files/99e82850-dd10-4651-8fe5-f4833b9e8bd4/1; https://files-api.properstar.com/api/v2/files/3c05d21f-4aba-48b1-9911-8ece2c313645/1; https://files-api.properstar.com/api/v2/files/21326286-1c47-46a8-a90b-851c1ca60cab/1; https://files-api.properstar.com/api/v2/files/9de26e40-86bf-4ec4-aeb5-18ec53184016/1; https://files-api.properstar.com/api/v2/files/7852cc2a-13ff-4451-bb33-b006fb665eb2/1; https://files-api.properstar.com/api/v2/files/3a97b422-b41b-45dc-bd74-3525bc5ff598/1
115722585,HOUSE FOR SALE IN LA PAZ FRACC LA POSADAS,https://www.properstar.co.uk/listing/115722585,"GBP 293,929","Nueva Reforma 687, La Paz, Mexico",24.139829,-110.336996,3,2,2142.019,House,SUNSHINE REALTY,2026-04-15T03:10:39.067,https://files-api.properstar.com/api/v2/files/6f03214a-0b03-4f44-9d79-0e79ae87b989/1; https://files-api.properstar.com/api/v2/files/8784d282-286c-4f4d-a9f9-52dfd63f0a6d/1; https://files-api.properstar.com/api/v2/files/8ee8202a-6315-435c-9ec7-e40c433996c8/1; https://files-api.properstar.com/api/v2/files/dc6e7ef3-2078-4940-a9d1-2b7c583f0d66/1; https://files-api.properstar.com/api/v2/files/3a8be662-4267-4a7e-a8e3-a6a2d7cb4012/1; https://files-api.properstar.com/api/v2/files/909f2337-5b0c-406e-a7ed-8f89a652d01d/1; https://files-api.properstar.com/api/v2/files/37f85f56-0bb7-4203-a2cf-4d1a356bf4e5/1; https://files-api.properstar.com/api/v2/files/d9323151-8afc-4fa2-866a-d62b53884b6c/1; https://files-api.properstar.com/api/v2/files/938b463b-b3b2-4eb8-a874-d1c58bfd9b5a/1; https://files-api.properstar.com/api/v2/files/4a784957-720c-4b18-a6e4-0ed3e76dbd91/1; https://files-api.properstar.com/api/v2/files/375bdcd3-5447-4588-9315-a6c9a3c27026/1; https://files-api.properstar.com/api/v2/files/531e9dd9-a947-4989-b331-2c50a9404e8e/1; https://files-api.properstar.com/api/v2/files/2a641802-f465-41b7-ad24-f84823d46f9c/1; https://files-api.properstar.com/api/v2/files/f82dc339-8302-4c57-84a7-f2ffd57e50b7/1; https://files-api.properstar.com/api/v2/files/c31beb90-87b8-40d4-8794-49d4acbb56ce/1; https://files-api.properstar.com/api/v2/files/de0ea96f-c24e-4524-addc-a0315bb96a85/1; https://files-api.properstar.com/api/v2/files/19119ab6-3e10-4dbb-89e9-f69419a459ed/1; https://files-api.properstar.com/api/v2/files/938a1a50-e81f-433e-ae7b-94dae7cfe8b6/1; https://files-api.properstar.com/api/v2/files/9c6c670f-8dd9-4b15-95c7-76d92f2036f7/1; https://files-api.properstar.com/api/v2/files/c744743b-abd0-47ce-b63d-5d8396f852f7/1; https://files-api.properstar.com/api/v2/files/04755954-850e-41e1-95dd-de27fe3d5deb/1; https://files-api.properstar.com/api/v2/files/2e1b7f9b-11a6-496e-b26d-2102fb334bcb/1
115146262,Revolution of 1910 Sancta Residences 404,https://www.properstar.co.uk/listing/115146262,"GBP 386,098","Revolución de 1910 Sancta Residences 404, La Paz, Mexico",24.142641,-110.312753,2,2,1033.33582,House,RONIVAL Real Estate,2026-03-26T03:15:19.737,https://files-api.properstar.com/api/v2/files/da8dd283-d6f4-4440-b8e0-2795b37b5584/1; https://files-api.properstar.com/api/v2/files/d04fb138-cea0-4693-8dc4-137b75283c9e/1; https://files-api.properstar.com/api/v2/files/06bbc759-15de-4909-be51-0bf229e22ec9/1; https://files-api.properstar.com/api/v2/files/e073cd65-9ec9-4567-aa59-51bcf1fe9584/1; https://files-api.properstar.com/api/v2/files/70866858-776c-4ba6-8f54-ba6a999c2790/1; https://files-api.properstar.com/api/v2/files/db8e4cf4-fce1-4485-b224-a301ec373cff/1; https://files-api.properstar.com/api/v2/files/3e917ef8-1621-4005-8b91-5c5376bde104/1; https://files-api.properstar.com/api/v2/files/5151bf26-c32b-4e2d-ae2d-c0207e0e409f/1; https://files-api.properstar.com/api/v2/files/02e2cadf-18f8-4134-89c3-b93b73bd03e0/1; https://files-api.properstar.com/api/v2/files/5e4d5cc1-462e-4618-b21a-1914e4617fdf/1; https://files-api.properstar.com/api/v2/files/37e947fa-a453-40f1-a916-2af0cdbc16ff/1; https://files-api.properstar.com/api/v2/files/23651052-b490-4be9-bc48-e416853aa6ef/1
106139545,NEW HOUSE FOR SALE IN LA PAZ BAJA CALIFORNIA SUR,https://www.properstar.co.uk/listing/106139545,"GBP 113,359","Bahía Grande, sn, Baja California Sur, Mexico",24.092244,-110.333337,2,2,968.7523,House,iad Mexico,2025-04-23T03:34:18.543,https://files-api.properstar.com/api/v2/files/e0b0a5c3-cf54-4d53-92a6-9ac760840ce2/1; https://files-api.properstar.com/api/v2/files/ecff20f2-46b6-4a05-b9c8-5830db63fb4c/1; https://files-api.properstar.com/api/v2/files/ada8de66-0b1c-4564-9ae0-803d62fa1537/1; https://files-api.properstar.com/api/v2/files/af01d5a8-dfa1-4e09-a221-5ff3cce1b503/1; https://files-api.properstar.com/api/v2/files/5d8651d3-c6a5-46fe-89e1-33796fb78a3e/1; https://files-api.properstar.com/api/v2/files/b9594075-7f66-4bf0-97b0-8c7b8a02e346/1; https://files-api.properstar.com/api/v2/files/a2352b52-b6bc-47e9-9562-4cf24b14c99c/1; https://files-api.properstar.com/api/v2/files/57dc1f41-fe08-40eb-b6d9-d81d8d912825/1; https://files-api.properstar.com/api/v2/files/e09d0491-ee3c-4942-b9df-20ab5b8ddd74/1; https://files-api.properstar.com/api/v2/files/53043b8f-332d-44d9-99c6-7dcf7fea5bd6/1; https://files-api.properstar.com/api/v2/files/cb23f1d1-eda1-48a9-8bda-008793bb3c43/1; https://files-api.properstar.com/api/v2/files/9711078d-6deb-4d83-a945-a058ca1b3733/1; https://files-api.properstar.com/api/v2/files/34e79c71-e937-4458-8345-563cccc40bcc/1; https://files-api.properstar.com/api/v2/files/c46492ea-4cf4-482a-8139-ca939ed895f1/1; https://files-api.properstar.com/api/v2/files/9cfed7d3-00c0-4a87-bef7-bf335c86fafa/1; https://files-api.properstar.com/api/v2/files/55028b25-ecf5-4da8-9864-8165e7b289d8/1
107452935,"CASA SERDAN ZONA CENTRO, LA PAZ, B.C.S.",https://www.properstar.co.uk/listing/107452935,"GBP 259,132","Serdan, 1312, Baja California Sur, Mexico",24.161353,-110.311833,2,1,1280.90576,House,iad Mexico,2025-06-11T03:42:21.08,https://files-api.properstar.com/api/v2/files/9d578c23-e7ba-4937-952d-e01e64674dee/1; https://files-api.properstar.com/api/v2/files/5b5e3063-8403-4aea-9fb5-d8838c5d75e9/1; https://files-api.properstar.com/api/v2/files/cad55dd1-e046-4413-95dd-678e4e957e63/1; https://files-api.properstar.com/api/v2/files/3fcec415-5aec-41b2-9159-f16fbf393791/1; https://files-api.properstar.com/api/v2/files/f60ab454-e48a-4c83-9956-1c1166dbdaa8/1; https://files-api.properstar.com/api/v2/files/14f4b8d1-3fb6-4c4f-8dd8-aad9efdfe1b9/1; https://files-api.properstar.com/api/v2/files/13706955-996c-40fb-ace4-f8c14ac200f2/1; https://files-api.properstar.com/api/v2/files/06e6b44f-3d96-4c97-8367-755c58544999/1; https://files-api.properstar.com/api/v2/files/eda70206-6b9c-46cc-a3e4-8e8a910999ad/1; https://files-api.properstar.com/api/v2/files/7e6fbd6e-62e6-4ec9-910b-09ef3189e2df/1; https://files-api.properstar.com/api/v2/files/ff8a046a-53c6-48aa-8ddb-ee118a3fe688/1; https://files-api.properstar.com/api/v2/files/c0dfb205-81a1-4917-b9b9-c66dba002444/1
116886053,"Casa Galeta, Portobello Residencial - Coto 3 Lt 25",https://www.properstar.co.uk/listing/116886053,"GBP 173,158","Via Genova, La Paz, Mexico",24.129496,-110.295646,2,2,1227.0863,House,RIM Inmobiliaria,2026-05-22T03:21:15.81,https://files-api.properstar.com/api/v2/files/1d9d4af6-dc70-415b-a512-806b967160e5/1; https://files-api.properstar.com/api/v2/files/84362e4c-bbfb-49fb-a300-fd5a4a237b42/1; https://files-api.properstar.com/api/v2/files/be1c814a-2611-46ab-a60d-1befe18a97dc/1; https://files-api.properstar.com/api/v2/files/881800d3-bdc6-4452-b41c-7185f3f32048/1; https://files-api.properstar.com/api/v2/files/a92c7f61-b00f-4f0a-a4dd-b07e708a1255/1; https://files-api.properstar.com/api/v2/files/f4383696-1382-45ce-b23b-1c67dd5aa9f5/1; https://files-api.properstar.com/api/v2/files/0f9746eb-6eb0-4882-a412-a459b3c39595/1; https://files-api.properstar.com/api/v2/files/e92b3468-0f36-4eeb-92ed-250a4f3f1788/1; https://files-api.properstar.com/api/v2/files/bc6ce777-3e4d-4535-8859-50b47a1c8d34/1; https://files-api.properstar.com/api/v2/files/b94dd95b-1683-4c0e-82bb-897c984466b4/1; https://files-api.properstar.com/api/v2/files/e4d262cd-795d-4db0-9698-1d02815dc325/1; https://files-api.properstar.com/api/v2/files/e23f0ad9-aa06-4337-9895-919ddaa94e8d/1; https://files-api.properstar.com/api/v2/files/75f5a575-8400-4de7-9a7b-57a805573362/1; https://files-api.properstar.com/api/v2/files/bd00747a-d582-4ea4-966c-bed805b6c54a/1; https://files-api.properstar.com/api/v2/files/c388706c-1a1b-4eb1-8a79-fdee5bb7ff7b/1; https://files-api.properstar.com/api/v2/files/558343e5-b9de-40f2-8ad0-4cd8d3a0b424/1; https://files-api.properstar.com/api/v2/files/3d14b6cf-4c09-4cbc-a299-71ad442f6da6/1; https://files-api.properstar.com/api/v2/files/57fbf034-f699-4547-9fef-7fd28568edcf/1; https://files-api.properstar.com/api/v2/files/efb6b84f-4b56-4828-bf85-48fed6778ba1/1; https://files-api.properstar.com/api/v2/files/6097e34f-df2b-4862-aa88-8047ec676c65/1; https://files-api.properstar.com/api/v2/files/99c14917-0886-4316-baae-851f88f72c86/1; https://files-api.properstar.com/api/v2/files/927b504e-dd58-4d0a-a254-9cd603926ece/1; https://files-api.properstar.com/api/v2/files/ecc68947-bdf9-41a3-9ce8-adb2651e1c9a/1; https://files-api.properstar.com/api/v2/files/214b1603-b16a-4737-aaa6-341ce86aff37/1; https://files-api.properstar.com/api/v2/files/c381cf69-09d2-45a0-8eca-235ba8ab05e8/1
116886246,"Casa Porto, Portobello Residencial - Coto 3 Lt 25",https://www.properstar.co.uk/listing/116886246,"GBP 201,366","Via Genova, La Paz, Mexico",24.129496,-110.295646,3,2,1539.23975,House,RIM Inmobiliaria,2026-05-22T03:21:15.81,https://files-api.properstar.com/api/v2/files/5ceb1579-f8e8-4175-9dea-744ee6f28a71/1; https://files-api.properstar.com/api/v2/files/31015e01-7b17-43b7-90f9-0f60cd45805f/1; https://files-api.properstar.com/api/v2/files/6c4ba90d-c70d-4add-90f4-76f63a5c8c61/1; https://files-api.properstar.com/api/v2/files/831d20b4-fb67-4178-b156-70755e0a21bf/1; https://files-api.properstar.com/api/v2/files/56af2011-8f99-456a-8f97-a3f5231434e8/1; https://files-api.properstar.com/api/v2/files/04daa6b8-2c02-493f-b2db-6fc44a11e3cc/1; https://files-api.properstar.com/api/v2/files/878c3535-2517-47cc-a12f-370263c3fa78/1; https://files-api.properstar.com/api/v2/files/dae46a7a-b644-49cc-86bd-b93da051500b/1; https://files-api.properstar.com/api/v2/files/4baeb862-f135-4d86-a567-61a184fad09e/1; https://files-api.properstar.com/api/v2/files/461a0124-eee7-41d2-a772-1512d97a7469/1; https://files-api.properstar.com/api/v2/files/c0c4dcb9-021a-40cb-a911-8275583fcdf3/1; https://files-api.properstar.com/api/v2/files/cc819c37-8286-4ede-9b67-5bf49c287d4b/1; https://files-api.properstar.com/api/v2/files/d4e1193f-a315-48ec-932c-e9d5dc2af5f4/1; https://files-api.properstar.com/api/v2/files/bd59ef7c-53f5-4cab-a6e1-ba3cf137755b/1; https://files-api.properstar.com/api/v2/files/269713fd-c13b-4a30-b927-2bbb0d5f022d/1; https://files-api.properstar.com/api/v2/files/17436890-6bdb-417e-bb5d-b8f14be14ea6/1; https://files-api.properstar.com/api/v2/files/52979ced-ed82-458c-9a56-5a015be8a68b/1; https://files-api.properstar.com/api/v2/files/413c500d-8740-4561-8a85-f2e393c7770f/1; https://files-api.properstar.com/api/v2/files/9702a0af-7745-486a-8c21-ed6ecc7e50f8/1; https://files-api.properstar.com/api/v2/files/00ef86a7-2c0a-42e2-b56d-54eec37c9f06/1; https://files-api.properstar.com/api/v2/files/79a71d1c-ddc5-4058-8de5-2ed7f0425bd3/1; https://files-api.properstar.com/api/v2/files/f2210b81-e394-442b-a1df-cc8bd5a69e25/1; https://files-api.properstar.com/api/v2/files/45bc3191-c78c-4065-9404-cfe59d1ef3fd/1; https://files-api.properstar.com/api/v2/files/1ec4bc46-2738-486b-bd32-ad593dec1007/1; https://files-api.properstar.com/api/v2/files/f0437db8-a7da-4a7e-8db3-38d659017436/1; https://files-api.properstar.com/api/v2/files/d6db35e4-7c70-4080-9ebf-b27b7cf0e093/1; https://files-api.properstar.com/api/v2/files/9727269a-22fd-4699-97bd-bddb64d93341/1
