id,title,url,price,location,latitude,longitude,bedrooms,bathrooms,size_sqft,property_type,advertiser,date_listed,pictures
113213115,Resort Style - Modern 2 Bedroom Apartment with 30 Amenities,https://www.properstar.co.uk/listing/113213115,GBP 693,"77580 Av. de las Palmas, Puerto Morelos, Mexico",20.871954,-86.901059,2,2,,Apartment,Own in Mayan Riviera,2026-01-19T07:03:35,https://files-api.properstar.com/api/v2/files/5beeb4c0-8c8e-4338-9f0c-c504343e792f/1; https://files-api.properstar.com/api/v2/files/7a3ca35e-95e7-4293-8f44-2b6c6847791e/1; https://files-api.properstar.com/api/v2/files/4f2fa7d9-fe96-4905-b836-e772cb11e30f/1; https://files-api.properstar.com/api/v2/files/dc89f6d1-3612-40d7-8adb-a9f596c016eb/1; https://files-api.properstar.com/api/v2/files/8aadc82a-bac4-445f-82ca-7596e5481b17/1; https://files-api.properstar.com/api/v2/files/02827147-700c-46f9-aa4f-a3a854acd349/1; https://files-api.properstar.com/api/v2/files/01b7165d-a064-4d44-9118-17575a9bcee8/1; https://files-api.properstar.com/api/v2/files/b04bacdc-b588-49b1-a80d-60d313616598/1; https://files-api.properstar.com/api/v2/files/1cbad07b-af69-4741-97ae-d0e107c7b1de/1; https://files-api.properstar.com/api/v2/files/dacd0feb-e516-4ebd-927d-1dec7b58c756/1; https://files-api.properstar.com/api/v2/files/b4bdd9db-b8a7-468a-b737-0cad45cf47a4/1; https://files-api.properstar.com/api/v2/files/7784c0ce-b21a-4f13-971b-b1b3911fd955/1; https://files-api.properstar.com/api/v2/files/884cb3ed-aa94-4917-a4fe-59f11da3000d/1; https://files-api.properstar.com/api/v2/files/8db08b16-f4f6-482c-825c-1eebc453244f/1; https://files-api.properstar.com/api/v2/files/af62923c-b539-4356-af2b-85549d702a2f/1; https://files-api.properstar.com/api/v2/files/38d7e382-fac9-4361-a91a-3f5df8493760/1; https://files-api.properstar.com/api/v2/files/6a7fde6d-fb58-4005-bb0d-13ed1e2afdc9/1; https://files-api.properstar.com/api/v2/files/d2a570a7-55e8-4285-8282-b9424557b28f/1; https://files-api.properstar.com/api/v2/files/2f948ac4-f2bf-41a4-8fac-145f45897d04/1; https://files-api.properstar.com/api/v2/files/b6a7725c-7a61-4438-b963-43e032742d55/1; https://files-api.properstar.com/api/v2/files/08aede09-0faa-416a-b3d6-38bee25e5eb3/1; https://files-api.properstar.com/api/v2/files/1ba890ab-cdea-4758-83b0-428d7f072c1e/1; https://files-api.properstar.com/api/v2/files/2ac1ef07-10b9-4e05-9a20-5c1e764bcab1/1; https://files-api.properstar.com/api/v2/files/63c395fa-9da0-4d89-9b6c-16399049fb5b/1; https://files-api.properstar.com/api/v2/files/7ce8e439-4dd0-466c-808d-bbf3570c92fd/1; https://files-api.properstar.com/api/v2/files/bd7e13f8-c610-4d37-8143-4e2dcec7f794/1; https://files-api.properstar.com/api/v2/files/ccb852b1-9e76-484d-a236-b6af1204f53e/1; https://files-api.properstar.com/api/v2/files/a18fc525-c701-41cb-9975-55df5d34fb63/1; https://files-api.properstar.com/api/v2/files/d6ec2b76-dc46-49cf-955d-b068edccdcd9/1; https://files-api.properstar.com/api/v2/files/fc3e91b8-45af-425d-be54-b038a645b5d9/1
113916227,Resort Style - 2 Bedroom Furnished Apartment in Puerto Morelos with 30 Amenities,https://www.properstar.co.uk/listing/113916227,GBP 758,"77580 Av. de las Palmas, Puerto Morelos, Mexico",20.871954,-86.901059,2,2,968.7523,Apartment,Own in Mayan Riviera,2026-02-12T17:02:35,https://files-api.properstar.com/api/v2/files/b8d844e9-70ad-444d-a1ee-142f75ab9c13/1; https://files-api.properstar.com/api/v2/files/cbe4736a-37b8-4517-bbca-526a50c9f883/1; https://files-api.properstar.com/api/v2/files/9db17ee1-26a8-4150-99c7-30aa71bf96b4/1; https://files-api.properstar.com/api/v2/files/81b94d8a-fc43-405e-99fb-b519d6a286f7/1; https://files-api.properstar.com/api/v2/files/291d31a4-f0e0-4b85-86c2-70ffdcc20bae/1; https://files-api.properstar.com/api/v2/files/cd7916da-307b-4bac-a781-a98736a709a4/1; https://files-api.properstar.com/api/v2/files/cfa1a721-2518-4f37-b492-1f14cdc7303c/1; https://files-api.properstar.com/api/v2/files/538a6820-ba56-4830-9525-7115ba83501d/1; https://files-api.properstar.com/api/v2/files/39600b67-4eeb-4cd5-952c-49e5e83af213/1; https://files-api.properstar.com/api/v2/files/8e31d1e4-d095-4bf5-ba3b-0d1f373e5200/1; https://files-api.properstar.com/api/v2/files/2030bc32-3a59-4be0-954b-d34d3ac39f63/1; https://files-api.properstar.com/api/v2/files/6e4cb639-7c25-4ff1-a2fb-a071d754e5dc/1; https://files-api.properstar.com/api/v2/files/e9f4d681-2349-40a9-b633-7add95f579d4/1; https://files-api.properstar.com/api/v2/files/841b8752-5100-49f6-8c42-f13517fe28a6/1; https://files-api.properstar.com/api/v2/files/95f08570-e599-4f32-93b0-7978dd65db97/1; https://files-api.properstar.com/api/v2/files/cc5aff39-c704-4ed5-bcdb-0cf1e52aa615/1; https://files-api.properstar.com/api/v2/files/ea4f57de-35c8-417b-a657-3296dff1d1bf/1; https://files-api.properstar.com/api/v2/files/169149f2-9e2d-44cf-887e-f577ddea18de/1; https://files-api.properstar.com/api/v2/files/9125f9d8-bfe2-4d79-a2f6-80ba63e1d060/1
119607207,Studio for rent in Puerto Morelos with shared pool,https://www.properstar.co.uk/listing/119607207,GBP 585,"Avenida J. Zetina Gasca, Puerto Morelos, Mexico",20.86118,-86.898803,1,1,613,Studio apartment,Luis Barretos,2026-08-15T19:10:27,https://files-api.properstar.com/api/v2/files/5893a85a-3774-415f-a89e-ca8728d73e6f/1; https://files-api.properstar.com/api/v2/files/0eb715af-cd96-40e5-86db-aeac1adb18c9/1; https://files-api.properstar.com/api/v2/files/802caa94-aa3e-4beb-ba3c-cfb3a42c0011/1; https://files-api.properstar.com/api/v2/files/c04861c9-58f3-419d-9936-020a72fe2a6d/1; https://files-api.properstar.com/api/v2/files/920f629f-ab8a-4aa4-8e24-9a108f5465a0/1; https://files-api.properstar.com/api/v2/files/1108a6f4-7a2f-4d4e-b959-fc77e8dc8db6/1; https://files-api.properstar.com/api/v2/files/eb5ef072-48db-48cc-9dd1-a2c73dcb25e4/1; https://files-api.properstar.com/api/v2/files/c0c3efd3-798d-4421-adaa-04d68b8d3caa/1; https://files-api.properstar.com/api/v2/files/f592e0e9-d804-43f1-9c3d-1c0e69e42d41/1
119677981,CASA REGATTA PUERTO MORELOS  3 REC,https://www.properstar.co.uk/listing/119677981,"GBP 1,300","SELVA, 57, Residencial Regatta, Puerto Morelos, Quintana Roo, Mexico",20.880474,-86.887726,3,3,4197.927,House,eXp Mexico,2026-08-19T16:19:22.723,https://files-api.properstar.com/api/v2/files/e6f2334e-882e-4310-a459-f060348d35ec/1; https://files-api.properstar.com/api/v2/files/5bcf36b7-1242-4ca6-944a-3bf7d87cf28c/1; https://files-api.properstar.com/api/v2/files/37e020cf-0933-4e70-bd37-2a8ade044fa3/1; https://files-api.properstar.com/api/v2/files/b5e57c31-23a3-4897-a667-a7036d73f711/1; https://files-api.properstar.com/api/v2/files/e67761e5-9bd5-4976-aac5-92e5d258a7e2/1; https://files-api.properstar.com/api/v2/files/02b3eb98-82f9-425d-9cf6-8d16a4e4ea61/1; https://files-api.properstar.com/api/v2/files/1c176218-19fe-4d6e-8d0d-c1cf748d7965/1; https://files-api.properstar.com/api/v2/files/2315cdee-ba09-4716-bbc0-b4238fdd6c85/1; https://files-api.properstar.com/api/v2/files/4e895483-1864-48ce-b471-424f26941819/1; https://files-api.properstar.com/api/v2/files/4600830f-8af4-4571-b87f-7b80049b9c1b/1; https://files-api.properstar.com/api/v2/files/570f7f42-a9f5-49e5-adad-624c3a7529b7/1; https://files-api.properstar.com/api/v2/files/ecad7a92-410b-4ffe-b621-6a3cd8fb1c32/1; https://files-api.properstar.com/api/v2/files/bb5964f2-e2b5-4dbb-bfdc-8ce3d295bd20/1; https://files-api.properstar.com/api/v2/files/af76467b-fce6-4eb3-8e02-f370b6b47f55/1; https://files-api.properstar.com/api/v2/files/62a5e7e5-4136-4107-bc87-596dbd988c22/1; https://files-api.properstar.com/api/v2/files/dd4b9676-85dd-4b22-ae29-da5ba636ffdf/1; https://files-api.properstar.com/api/v2/files/5861c254-9b4c-4e8a-8705-3a94e4316eba/1; https://files-api.properstar.com/api/v2/files/b5fb5765-5aef-4040-9ebb-2d13aca8a901/1; https://files-api.properstar.com/api/v2/files/611920ec-857f-4d76-a9c6-d203575cdcec/1; https://files-api.properstar.com/api/v2/files/df84501c-325d-4061-8fe9-5e14131f6997/1; https://files-api.properstar.com/api/v2/files/10412380-712e-4a7c-8619-4522ae81a649/1; https://files-api.properstar.com/api/v2/files/7b81b6ab-b793-4c7e-b071-b3b9cec3fd87/1; https://files-api.properstar.com/api/v2/files/4abea1b2-ba90-4778-a984-54567fb79cea/1; https://files-api.properstar.com/api/v2/files/0fc0f892-42f9-4a31-9951-b2abb9fbc1a7/1; https://files-api.properstar.com/api/v2/files/8fbf8390-afed-43f6-ba0c-c8202f5dcfb8/1; https://files-api.properstar.com/api/v2/files/fd3b1788-fa33-4846-a50f-a0f4a913dc87/1; https://files-api.properstar.com/api/v2/files/2ab7b92a-033d-4f27-b82f-8e78df7d07cd/1; https://files-api.properstar.com/api/v2/files/ffa5c241-7449-464f-90f8-258ec3cd3304/1; https://files-api.properstar.com/api/v2/files/a74a1143-5bb6-43b6-82b7-e2b617b85995/1; https://files-api.properstar.com/api/v2/files/787ed83f-fbc4-49ad-a26d-6db8911bc2c5/1; https://files-api.properstar.com/api/v2/files/1327ac97-6686-48a4-beca-0dec06ef43bb/1; https://files-api.properstar.com/api/v2/files/955e3876-6138-4c56-9669-f73833dbafcb/1; https://files-api.properstar.com/api/v2/files/70321a6f-c20f-4613-b25d-81473814d0e7/1
119631243,FOR RENT- Furnished Home + Studio with Private Pool | Puerto Morelos,https://www.properstar.co.uk/listing/119631243,"GBP 1,127","Av J. Zetina Gasca 558, Joaquín Zetina Gasca, 77580 Puerto Morelos, Q.R., Mexico, Puerto Morelos, Mexico",20.851503,-86.902044,3,3,,Furnished house,Mariana Barreto,2026-08-17T17:56:32,https://files-api.properstar.com/api/v2/files/e6e0fc52-8e17-48eb-af99-804457edbfce/1; https://files-api.properstar.com/api/v2/files/a1840a50-e205-49d6-8876-bc032d582fc7/1; https://files-api.properstar.com/api/v2/files/c1fbc8ff-4ac1-4df8-a744-49f8e84c0d24/1; https://files-api.properstar.com/api/v2/files/1b2f3dff-1ca4-4757-95b1-2d2c0a87ed45/1; https://files-api.properstar.com/api/v2/files/5eb058a2-ec3c-4d55-aa01-589397710dd3/1; https://files-api.properstar.com/api/v2/files/db8e4839-fe83-48f7-a954-c53f1c2b724b/1; https://files-api.properstar.com/api/v2/files/3bab3bfb-dc4f-4787-b3bf-e4b7b4e9b582/1; https://files-api.properstar.com/api/v2/files/4a838204-428e-45e5-aaff-80956ec37fbc/1; https://files-api.properstar.com/api/v2/files/065e017f-a7bb-484c-95d8-23776d7fe2cc/1; https://files-api.properstar.com/api/v2/files/295ae28c-15a2-46b5-9199-d5f4919977ea/1; https://files-api.properstar.com/api/v2/files/f1038bbb-9dd4-4812-827d-61390d659055/1; https://files-api.properstar.com/api/v2/files/7bee3587-d2d0-42a1-a8ef-1e28f3acd6ee/1; https://files-api.properstar.com/api/v2/files/d220a9fd-8a2f-4097-9d50-b4b61bcba183/1; https://files-api.properstar.com/api/v2/files/8c8aa65c-9a03-4042-bbde-3709178dad4f/1; https://files-api.properstar.com/api/v2/files/b9c05f79-2a24-4421-b6a5-263c84ad8385/1; https://files-api.properstar.com/api/v2/files/45964661-1ab2-4d63-aa62-5aea45bb8d3d/1; https://files-api.properstar.com/api/v2/files/4455c7e7-71d2-4d89-ac01-4f548c02c553/1; https://files-api.properstar.com/api/v2/files/dd5fcf9c-133b-491a-8ed7-d4032edc6913/1; https://files-api.properstar.com/api/v2/files/ece93ca1-6de2-47eb-9755-3e50bfc4722a/1; https://files-api.properstar.com/api/v2/files/8391df84-991b-4320-b613-d206eab151b7/1; https://files-api.properstar.com/api/v2/files/5bc016d4-195c-412f-a5ac-8549ece16e00/1; https://files-api.properstar.com/api/v2/files/fbcd5284-6baf-4f22-821b-6831c89ae556/1; https://files-api.properstar.com/api/v2/files/5fd7190d-dc2f-42e7-9b66-93d5d66df576/1; https://files-api.properstar.com/api/v2/files/2a7f0931-7844-45f2-a59e-9411c7af022a/1; https://files-api.properstar.com/api/v2/files/8499820b-4424-4133-a1ca-b1935fcd6c28/1; https://files-api.properstar.com/api/v2/files/9e0f08ed-02b7-4362-8cfb-f73986171b47/1; https://files-api.properstar.com/api/v2/files/c779f1ea-e71b-49d5-ba3c-fd1c7a89c996/1; https://files-api.properstar.com/api/v2/files/7087fddc-33b0-4141-96c5-4d3017a583df/1; https://files-api.properstar.com/api/v2/files/4f61a0ca-60cd-4bae-9636-6c6a6096e2cc/1
119630862,¨FOR RENT¨ Cozy furnished Studio (6 months minimum leasel),https://www.properstar.co.uk/listing/119630862,GBP 455,"Av. Joaquín Zetina Gazca 1214, Joaquín Zetina Gasca, 77580 Puerto Morelos, Q.R., Mexico, Puerto Morelos, Mexico",20.851449,-86.901597,1,,559.7236,Studio apartment,Mariana Barreto,2026-08-17T16:59:29,https://files-api.properstar.com/api/v2/files/291c5cc2-df71-4d2e-a15a-f67630e25848/1; https://files-api.properstar.com/api/v2/files/4bb581f4-c262-4862-818a-f2b11cb0d481/1; https://files-api.properstar.com/api/v2/files/c4c6db31-0869-48a0-9f3a-dfad51045cd9/1; https://files-api.properstar.com/api/v2/files/b5c09248-b940-448f-ab9b-e04aaa20b5a5/1; https://files-api.properstar.com/api/v2/files/4bea3a8c-bb80-4d0f-bab5-28bdc82da1e1/1; https://files-api.properstar.com/api/v2/files/39a8149e-5da8-4cae-af8e-751cb17d6b5d/1; https://files-api.properstar.com/api/v2/files/a4054c4e-5c32-4188-a602-587fdd3b5f0b/1; https://files-api.properstar.com/api/v2/files/281618e6-e894-4a07-845d-afedf386f59f/1; https://files-api.properstar.com/api/v2/files/d7d05c8a-11ce-4636-9755-bf3e81f44029/1
119607003,house for rent | Puerto Morelos Mexico,https://www.properstar.co.uk/listing/119607003,GBP 975,"Avenida J. Zetina Gasca, Puerto Morelos, Mexico",20.86118,-86.898803,3,3,1936,Furnished house,Luis Barretos,2026-08-15T19:04:56,https://files-api.properstar.com/api/v2/files/d7d28b82-17c6-4dd6-ac45-6b01aaf3db41/1; https://files-api.properstar.com/api/v2/files/9974571b-5215-4b0b-ab88-7570b4153a6a/1; https://files-api.properstar.com/api/v2/files/e545ab90-6639-48dd-a23c-297222e70390/1; https://files-api.properstar.com/api/v2/files/d8454604-d050-492d-a3d7-780973648167/1; https://files-api.properstar.com/api/v2/files/de2fe49e-7ced-42e2-ae5b-c95177526e09/1; https://files-api.properstar.com/api/v2/files/cc48c88f-79b9-4174-903b-8de43ce44c9f/1; https://files-api.properstar.com/api/v2/files/5bb7169d-2b2a-4b8f-9808-66912864f525/1; https://files-api.properstar.com/api/v2/files/a9eca6e9-651b-43d9-b3c3-9bfabc17ff85/1; https://files-api.properstar.com/api/v2/files/15610313-8bf1-4272-8835-49e1f269b199/1; https://files-api.properstar.com/api/v2/files/4ae31d7f-ff45-4e9e-82aa-5471ea80c0b3/1; https://files-api.properstar.com/api/v2/files/087421e3-9850-4ba4-b26a-ab82ca83484a/1; https://files-api.properstar.com/api/v2/files/ab3b6ce3-303b-4262-bc54-61f9570d140f/1; https://files-api.properstar.com/api/v2/files/df157cde-c5c4-42dd-a78e-7a52effffc52/1; https://files-api.properstar.com/api/v2/files/f34a34c9-6704-4b36-8555-99dfc9bd49b7/1; https://files-api.properstar.com/api/v2/files/13ea74fc-a519-4530-bbb7-937bab8906ff/1; https://files-api.properstar.com/api/v2/files/8bc588e1-7fcd-413b-b48e-b476896ab411/1; https://files-api.properstar.com/api/v2/files/429e167b-e35a-4bb1-b332-b5e7ed977482/1; https://files-api.properstar.com/api/v2/files/f29d4764-f61f-4de2-b4ff-306fee68dea1/1
119686309,House in Puerto Morelos,https://www.properstar.co.uk/listing/119686309,"GBP 1,733","Quintana Roo, Benito Juárez, Cancún, Puerto Morelos, Puerto Morelos, Puerto Morelos, Mexico",20.844236,-86.880426,3,3,,House,101 By Bustamante,2026-08-20T04:26:26.657,https://files-api.properstar.com/api/v2/files/8169d960-7cc0-4bf4-9da4-a03a09f49e97/1; https://files-api.properstar.com/api/v2/files/70ccb8b7-4c69-4a14-b656-d283c7ea50a5/1; https://files-api.properstar.com/api/v2/files/e1c8efa1-dd6f-4e2e-8289-8788cb943962/1; https://files-api.properstar.com/api/v2/files/e5f8d439-badb-4c86-9e1c-9f5b80478a66/1; https://files-api.properstar.com/api/v2/files/f19668e7-350a-444b-9358-22c649357113/1; https://files-api.properstar.com/api/v2/files/72b0cc65-39de-4a45-b2f4-9080e630e8a1/1; https://files-api.properstar.com/api/v2/files/9ef7fe91-fbb2-4e81-a0f7-1038bb7faa59/1; https://files-api.properstar.com/api/v2/files/906f4d36-4525-4fa8-b455-2c0484c287ba/1; https://files-api.properstar.com/api/v2/files/58c893ba-21a1-48c7-a0f9-d5bce3ac10d4/1; https://files-api.properstar.com/api/v2/files/067dca72-517e-4c43-871b-efd39e3f7a7e/1; https://files-api.properstar.com/api/v2/files/4dba25b1-256f-4888-8671-02bcc81b4138/1; https://files-api.properstar.com/api/v2/files/14b9656a-f437-499e-8975-426a33a00930/1; https://files-api.properstar.com/api/v2/files/b4f491f7-25ca-4860-b456-33a8c34b1e0c/1; https://files-api.properstar.com/api/v2/files/4c3da487-08a0-4ec0-aa51-14061ac976bf/1; https://files-api.properstar.com/api/v2/files/1619c3e6-8db0-466c-bd7d-d5ae6f9d50f5/1; https://files-api.properstar.com/api/v2/files/920e9ac2-83fc-411f-800b-8872b6079023/1; https://files-api.properstar.com/api/v2/files/9f821ca7-dd11-400a-bd3f-a4e80b5380e7/1; https://files-api.properstar.com/api/v2/files/3e8f978b-340a-43ab-b3f9-f74b5ecf5268/1; https://files-api.properstar.com/api/v2/files/e910251c-0ac5-474e-94ec-2a2d7ccdfd03/1; https://files-api.properstar.com/api/v2/files/e503f910-6238-419f-af53-441a48627a42/1; https://files-api.properstar.com/api/v2/files/73ddaefe-3130-461d-86ad-35a622bc042a/1; https://files-api.properstar.com/api/v2/files/152dd8b3-55bc-458e-8a0a-638d14d2addc/1; https://files-api.properstar.com/api/v2/files/bf0176d2-4c59-453d-815f-ad8c789ef306/1; https://files-api.properstar.com/api/v2/files/28c1cfea-056f-4be1-9f06-a3c6b82f0880/1; https://files-api.properstar.com/api/v2/files/2db2b8fa-d50d-4b55-8717-c864f884ca1c/1
119688371,House in Puerto Morelos,https://www.properstar.co.uk/listing/119688371,"GBP 1,733","Quintana Roo, Benito Juárez, Cancún, Puerto Morelos, Puerto Morelos, Puerto Morelos, Mexico",20.844236,-86.880426,3,3,,House,101 By Bustamante,2026-08-20T04:26:26.657,https://files-api.properstar.com/api/v2/files/ef89b262-e159-4039-9f2d-041bfb0c359a/1; https://files-api.properstar.com/api/v2/files/c54879a0-b9d7-4562-9541-e9e6593d074a/1; https://files-api.properstar.com/api/v2/files/8efaf00a-fa9c-4640-ae74-5b31d51503c3/1; https://files-api.properstar.com/api/v2/files/173f30a6-3f09-44e9-9794-a1ab889e0e86/1; https://files-api.properstar.com/api/v2/files/cdd0ecd4-2cf1-4e7c-aaac-97bdf34a8c36/1; https://files-api.properstar.com/api/v2/files/c335ca22-e3c4-428c-bf58-4b3dfaca6d91/1; https://files-api.properstar.com/api/v2/files/bdc46de8-c5b2-45a2-baff-52f3fd0478cb/1; https://files-api.properstar.com/api/v2/files/45e4fbf9-7a37-4294-a76b-4a7f76375194/1; https://files-api.properstar.com/api/v2/files/4100772c-663d-4cbb-afe5-d56b09235dd8/1; https://files-api.properstar.com/api/v2/files/f5480cae-06fc-49d8-ad53-1f781b1ff3aa/1; https://files-api.properstar.com/api/v2/files/9bd5fdce-1989-4f8d-9e61-56a707b2ccb9/1; https://files-api.properstar.com/api/v2/files/f5f690f5-ff86-4871-8c6a-dfddc6857355/1; https://files-api.properstar.com/api/v2/files/90c1cbf0-526c-4c9f-ab41-999f2ed760e0/1; https://files-api.properstar.com/api/v2/files/aa89b055-50d3-4844-9b19-4e31c1954c2d/1; https://files-api.properstar.com/api/v2/files/0ee2eaad-3777-48b8-b757-7171386bdaae/1; https://files-api.properstar.com/api/v2/files/77e7226e-73d2-4ac8-9fb5-216e91c0b6aa/1; https://files-api.properstar.com/api/v2/files/90086365-b076-460f-a875-9bf0164c36da/1; https://files-api.properstar.com/api/v2/files/0e044907-aa83-4aa5-b670-f31771ae913b/1; https://files-api.properstar.com/api/v2/files/03173065-0254-4981-9381-95d6b7757488/1; https://files-api.properstar.com/api/v2/files/2e7e88db-229c-471e-924e-fb61f227cef9/1; https://files-api.properstar.com/api/v2/files/c35126d1-6441-41dc-87af-3dfe04eba337/1; https://files-api.properstar.com/api/v2/files/4ec6675b-a9a7-4675-b2ae-e0efdbad2d5f/1; https://files-api.properstar.com/api/v2/files/5c32b577-2bd3-4b71-8563-3204a8f46595/1; https://files-api.properstar.com/api/v2/files/cc550718-02bc-4d88-85db-5c9b047f8c41/1; https://files-api.properstar.com/api/v2/files/2a78d208-064e-4ca9-99b4-bb0ffbc34e04/1
118257516,I am a student ,https://www.properstar.co.uk/listing/118257516,GBP 563,"Quintana Roo, Benito Juárez, Cancún, Puerto Morelos, Puerto Morelos, Puerto Morelos, Mexico",20.844236,-86.880426,1,1,,Apartment,PR CANCUN BIENES RAÍCES S.A. DE C.V.,2026-06-30T04:10:06.737,https://files-api.properstar.com/api/v2/files/415e1613-3e08-4a28-b129-df0792a78f18/1; https://files-api.properstar.com/api/v2/files/e00aa335-ec26-4ce1-b8c6-7a2809d731b2/1; https://files-api.properstar.com/api/v2/files/853eb2f5-02fc-400b-87fc-99bfb7a30e0f/1; https://files-api.properstar.com/api/v2/files/65d36349-4bfe-4f93-ba76-b1689a6717d7/1; https://files-api.properstar.com/api/v2/files/e87989ab-1a9a-41fb-9d26-255328dcd49f/1; https://files-api.properstar.com/api/v2/files/12ff62d6-c134-4bce-a5fb-411c1d38a0ff/1; https://files-api.properstar.com/api/v2/files/869430e7-5507-4c6b-9cb7-1fa5b7913bcf/1; https://files-api.properstar.com/api/v2/files/93fa8941-cade-4e79-8a6d-6f8deedfdb28/1; https://files-api.properstar.com/api/v2/files/ffda6407-b268-477f-823e-adb413e68c25/1; https://files-api.properstar.com/api/v2/files/7882c482-d97c-45f0-b548-9150e6db4eed/1; https://files-api.properstar.com/api/v2/files/649ed4aa-a776-4bf6-b502-6023fb32900b/1; https://files-api.properstar.com/api/v2/files/bc599fb3-f5ab-46e9-8318-b19244ebdc1d/1; https://files-api.properstar.com/api/v2/files/23ae50d2-071e-4de1-9a49-2f07151451c6/1
119611642,Studio for rent in Puerto Morelos with shared pool,https://www.properstar.co.uk/listing/119611642,GBP 455,"Quintana Roo, Benito Juárez, Cancún, Puerto Morelos, Puerto Morelos, Puerto Morelos, Mexico",20.844236,-86.880426,1,1,,Apartment,PR CANCUN BIENES RAÍCES S.A. DE C.V.,2026-08-16T04:17:08.22,https://files-api.properstar.com/api/v2/files/3b323b8b-b3b1-4c58-9aa1-a5d6836fbb29/1; https://files-api.properstar.com/api/v2/files/53595f82-0b1c-4d22-822d-b382de70f474/1; https://files-api.properstar.com/api/v2/files/8d4fcac0-03df-4fba-85e7-9f79054524b7/1; https://files-api.properstar.com/api/v2/files/46931ff9-465d-4646-a7cb-b51cae2e5c68/1; https://files-api.properstar.com/api/v2/files/e9a1f917-8514-4928-86dd-8364eacef536/1; https://files-api.properstar.com/api/v2/files/777fbd22-4c98-49ea-9021-a214c9333256/1; https://files-api.properstar.com/api/v2/files/629f9b12-9ce2-42c7-a723-1cd6fbdf7bfd/1; https://files-api.properstar.com/api/v2/files/3d14c331-b2fe-4420-99d8-80ab36f0fb68/1
119611649,3-bedroom house for rent in Puerto Morelos with pool,https://www.properstar.co.uk/listing/119611649,GBP 975,"Quintana Roo, Benito Juárez, Cancún, Puerto Morelos, Puerto Morelos, Puerto Morelos, Mexico",20.844236,-86.880426,3,3,,House,PR CANCUN BIENES RAÍCES S.A. DE C.V.,2026-08-16T04:17:08.22,https://files-api.properstar.com/api/v2/files/47eeae54-d225-4513-a2ad-f923fa8cc5e3/1; https://files-api.properstar.com/api/v2/files/7ab3ca7a-ea05-4fdd-82cf-770b9f9b6a8f/1; https://files-api.properstar.com/api/v2/files/44a91d82-7e15-4bba-a9af-28ea6789046c/1; https://files-api.properstar.com/api/v2/files/2592471d-fec6-4ca6-80c4-a9f0f6891d35/1; https://files-api.properstar.com/api/v2/files/bfe6ccf0-3bf7-4f33-b75c-f4cd6893b5e7/1; https://files-api.properstar.com/api/v2/files/59803682-dc99-4c7a-8bb5-6a2b07d25b4d/1; https://files-api.properstar.com/api/v2/files/6533953b-13d4-4994-bb29-1cd25e2249b2/1; https://files-api.properstar.com/api/v2/files/378a67b1-e4ec-472b-a901-c8297a40658d/1; https://files-api.properstar.com/api/v2/files/c6a5ada0-a7a0-4c77-92b4-b0302e393ccb/1; https://files-api.properstar.com/api/v2/files/27b27f4c-49e1-48c4-89f1-c23d2a8f8d13/1; https://files-api.properstar.com/api/v2/files/a24bf75a-696c-40e5-a946-862aeaa4e310/1; https://files-api.properstar.com/api/v2/files/3733a632-6c9b-4f22-8b84-9fcd63e50620/1; https://files-api.properstar.com/api/v2/files/b7b3053d-4bc9-4d0a-8620-a92ebfc269cb/1
113786733,"House for rent, Cenote 4 Quintana Roo (Puerto Morelos, Mexico)",https://www.properstar.co.uk/listing/113786733,GBP 823,"Cenote 4, Puerto Morelos, Mexico",20.86034,-86.901601,4,5,1567.01074,Detached house,Coldwell Banker Prime Group,2026-02-09T19:44:21.477,https://files-api.properstar.com/api/v2/files/a0a2c88c-b7e7-4530-9cec-88f63f685fd8/1; https://files-api.properstar.com/api/v2/files/a97caf3e-0373-489b-ac2a-980a2adacc45/1; https://files-api.properstar.com/api/v2/files/85ed2ec1-dae6-469e-a4f2-baae2935719c/1; https://files-api.properstar.com/api/v2/files/ba9a3199-4c83-4201-89b6-5432b0caaad6/1; https://files-api.properstar.com/api/v2/files/3b68e636-59d8-4712-af83-3d618a259fc7/1; https://files-api.properstar.com/api/v2/files/995ec6f0-3a87-474f-8e36-36f3c3ddd9a0/1; https://files-api.properstar.com/api/v2/files/10f2b97b-b65a-429c-b56e-0dd64679583b/1; https://files-api.properstar.com/api/v2/files/0a37f802-b92c-402d-9649-71c0a55163c0/1; https://files-api.properstar.com/api/v2/files/508a04ee-b1b2-4eeb-b35e-a60236a9a030/1; https://files-api.properstar.com/api/v2/files/ac212ff3-3045-4135-aa38-9e3d8e2717ff/1; https://files-api.properstar.com/api/v2/files/32357387-5e53-467d-9f65-916e7cc24bb8/1; https://files-api.properstar.com/api/v2/files/641cd3b9-1080-4f66-8ab1-301db74a1c9d/1; https://files-api.properstar.com/api/v2/files/91a77cec-6cf8-4918-b5cc-6461dc117e24/1; https://files-api.properstar.com/api/v2/files/baba9f8d-5f0a-413b-9405-9ff44585dc57/1
119293481,New and Equipped House In Puerto Morelos,https://www.properstar.co.uk/listing/119293481,"GBP 1,736","Quintana Roo, Benito Juárez, Cancún, Puerto Morelos, Puerto Morelos, Mexico",20.847808,-86.875534,3,5,,House,101 By Bustamante,2026-08-03T04:58:45.95,https://files-api.properstar.com/api/v2/files/b0aa1e5d-d331-4b9d-83be-43735d9627d6/1; https://files-api.properstar.com/api/v2/files/f1e05216-fa7a-4216-a931-d76163be5099/1; https://files-api.properstar.com/api/v2/files/00e8fab6-676f-428e-a07b-e9ed388b5a5f/1; https://files-api.properstar.com/api/v2/files/1d0b2e4d-45d5-4f35-9bfd-e045133e7c65/1; https://files-api.properstar.com/api/v2/files/a88fe783-f98e-4521-ab78-8b7aad7b4774/1; https://files-api.properstar.com/api/v2/files/80763386-6c00-4b05-a498-d82cf5f46129/1; https://files-api.properstar.com/api/v2/files/225e0c72-e67b-4324-8c33-83e5cbd1f6ac/1; https://files-api.properstar.com/api/v2/files/17339927-850e-4a42-8d82-73c2fc245771/1; https://files-api.properstar.com/api/v2/files/f17fe8e6-60b6-4c8e-b78f-901abcaa17cf/1; https://files-api.properstar.com/api/v2/files/36d22d27-e807-4f3b-aad3-4692751789c7/1; https://files-api.properstar.com/api/v2/files/4431bb8d-958d-43c2-a47f-85eb989908bb/1; https://files-api.properstar.com/api/v2/files/48d053c1-f646-443f-9268-1dfece3f0160/1; https://files-api.properstar.com/api/v2/files/e114eaee-8bf1-4980-b57c-a42e066b3efc/1; https://files-api.properstar.com/api/v2/files/1756f7e1-500f-4a8c-ac90-100a21ab5192/1; https://files-api.properstar.com/api/v2/files/361d4c16-2feb-400c-b6f9-754caf76921a/1; https://files-api.properstar.com/api/v2/files/1f429b67-7515-4fa9-99ac-6b6de6b1166a/1; https://files-api.properstar.com/api/v2/files/9384079c-5624-4a86-ba92-6ea412a2cf10/1; https://files-api.properstar.com/api/v2/files/121330ae-de3d-4490-b829-76d7fcf642be/1; https://files-api.properstar.com/api/v2/files/e4379b7c-6a39-429b-93c3-49569c6f5125/1
119063130,House in Puerto Morelos,https://www.properstar.co.uk/listing/119063130,"GBP 1,733","Quintana Roo, Benito Juárez, Cancún, Puerto Morelos, Puerto Morelos, Puerto Morelos, Mexico",20.844236,-86.880426,5,6,,House,101 By Bustamante,2026-07-28T04:21:01.81,https://files-api.properstar.com/api/v2/files/d01b1e77-feef-4aa2-a53c-cb78eee47e30/1; https://files-api.properstar.com/api/v2/files/14be63af-0d10-4cc9-a654-692541acc7bd/1; https://files-api.properstar.com/api/v2/files/cf6256f6-7f36-4a7f-97fb-ed336a56b6ee/1; https://files-api.properstar.com/api/v2/files/41734a25-b572-4acf-bdd6-5f7d3ec5f97b/1; https://files-api.properstar.com/api/v2/files/d313a7c0-e720-4f83-9c5c-f4bd14455463/1; https://files-api.properstar.com/api/v2/files/28f5862c-795e-48d3-aafd-ee05af92ca2e/1; https://files-api.properstar.com/api/v2/files/f160b4a0-7aaf-41ed-8532-a6c136a1a586/1; https://files-api.properstar.com/api/v2/files/bcfed73a-2018-46d4-8760-034a07353e16/1; https://files-api.properstar.com/api/v2/files/8772bd5b-3eee-46e8-8e3d-cf742030e399/1; https://files-api.properstar.com/api/v2/files/bcf880c8-8638-45e1-abde-c64932f09209/1; https://files-api.properstar.com/api/v2/files/adac602b-acc2-4d36-a1a8-284b659413d2/1; https://files-api.properstar.com/api/v2/files/88de6f47-6efa-4015-a6a5-2f135619ae49/1; https://files-api.properstar.com/api/v2/files/1ba5d937-e7c9-444f-a58b-b14feb82ebbb/1; https://files-api.properstar.com/api/v2/files/8de2990f-d7ec-40a8-b702-edc977ec8eb1/1; https://files-api.properstar.com/api/v2/files/df7e0168-219d-40db-ae45-9f147cda5a4d/1; https://files-api.properstar.com/api/v2/files/a4f716ec-7835-4fc8-af10-f8879ae906c7/1; https://files-api.properstar.com/api/v2/files/ac4d55e1-f6da-4998-ab60-43c25d71a1d5/1; https://files-api.properstar.com/api/v2/files/611296b2-ae04-4b00-b5a1-baf80c69d6ae/1; https://files-api.properstar.com/api/v2/files/e2697edd-3448-44f4-9d73-75e638aecda5/1; https://files-api.properstar.com/api/v2/files/35a1ed72-ab31-4143-a9d3-27a476f1c4be/1; https://files-api.properstar.com/api/v2/files/e47fcf80-2a0b-45b5-b274-a175fe7037a0/1; https://files-api.properstar.com/api/v2/files/6313de3e-1d9f-4b12-a658-82bc6b1dae79/1; https://files-api.properstar.com/api/v2/files/b247b822-84be-4268-afad-eccbdab4c5f9/1; https://files-api.properstar.com/api/v2/files/646fb777-cef6-4766-ac3b-dff9d6262c65/1; https://files-api.properstar.com/api/v2/files/c64492b1-4b98-4f01-91b7-44876c90b595/1
113720903,HOUSE FOR RENT IN KAAN VILLAGE,https://www.properstar.co.uk/listing/113720903,"GBP 1,733","Quintana Roo, Benito Juárez, Cancún, Puerto Morelos, Puerto Morelos, Mexico",20.847808,-86.875534,4,5,,House,NORIA,2026-02-06T04:15:48.4,https://files-api.properstar.com/api/v2/files/1e4924a7-49fe-457f-8d4c-82e8165da533/2; https://files-api.properstar.com/api/v2/files/b2be1d86-11bc-49fd-88cd-1c682404c685/2; https://files-api.properstar.com/api/v2/files/e63b0abf-6d6f-4e72-9c33-0a86d0827501/2; https://files-api.properstar.com/api/v2/files/63158aa2-5fdb-402b-86e9-ed04a134cb53/2; https://files-api.properstar.com/api/v2/files/3f7a317b-80b9-47c3-a70c-f956c65b12e1/2; https://files-api.properstar.com/api/v2/files/bb5af97c-318a-4702-bab2-a6bc6da51229/2; https://files-api.properstar.com/api/v2/files/22f99c79-6abc-47b0-94ad-3a2bab75a9ca/2; https://files-api.properstar.com/api/v2/files/e287ce8a-bfe1-43e8-8cac-eba741b514e4/2; https://files-api.properstar.com/api/v2/files/1b6930d6-0e3f-496f-a9a6-d24ca1e519a0/2; https://files-api.properstar.com/api/v2/files/68291efc-303c-45a2-8b27-20af0623a56a/2; https://files-api.properstar.com/api/v2/files/86f5d37a-35a8-4305-9cbc-e0d4d02d579a/2; https://files-api.properstar.com/api/v2/files/995e7104-0302-483e-b05c-1dc3e7ba8b2d/2; https://files-api.properstar.com/api/v2/files/9ff5c87c-4a49-4b43-b6b1-6f04181fe8d2/2; https://files-api.properstar.com/api/v2/files/31367ac7-84b0-4d28-a41e-1d01a0c6c8ba/2; https://files-api.properstar.com/api/v2/files/414538c9-b5c3-4f56-b7d7-b27c6c84ff3f/2; https://files-api.properstar.com/api/v2/files/6c4ff07c-ff32-46e5-afee-587301258498/2; https://files-api.properstar.com/api/v2/files/06f3c1e0-c0f3-479e-8d26-ae3245a272f1/2; https://files-api.properstar.com/api/v2/files/7d0159fe-106f-4fd0-a58a-2f72364e32db/2; https://files-api.properstar.com/api/v2/files/3cdb6785-4934-43cc-a8d4-d16dce79c424/2; https://files-api.properstar.com/api/v2/files/e78a846f-f46a-430b-af4b-6a89e7ccc862/2; https://files-api.properstar.com/api/v2/files/8a31ed96-6f79-4d37-bbd0-6708af4a4b7f/2; https://files-api.properstar.com/api/v2/files/5a82106a-22e8-47d8-8019-68cf8f3e86e4/2; https://files-api.properstar.com/api/v2/files/493305d6-216b-40b3-9725-abf7857daa21/2; https://files-api.properstar.com/api/v2/files/2a1c3b03-36ca-41be-b0da-b9d8552f1a18/2; https://files-api.properstar.com/api/v2/files/18c0498f-485c-466d-95e1-1eb15fa73c20/2; https://files-api.properstar.com/api/v2/files/b0def941-c954-41e5-b474-4fb68e085454/2; https://files-api.properstar.com/api/v2/files/2e8718a7-2a2d-4ac3-a170-bb5e87dad29c/2; https://files-api.properstar.com/api/v2/files/fb420a5a-aa6c-4ce3-a2b8-eb53b195728c/2; https://files-api.properstar.com/api/v2/files/ad81ecc6-8600-4966-83d0-6ee007094e25/2; https://files-api.properstar.com/api/v2/files/f37267f9-9cf4-4b53-9a58-6223ae09e9c3/2
119063018,"STUDIO FOR RENT, CALLE FRANCISCO ALOR, PUERTO MORELOS, Q.R. ",https://www.properstar.co.uk/listing/119063018,GBP 416,"Quintana Roo, Puerto Morelos , Puerto Morelos, Mexico",20.844236,-86.880426,1,1,,Apartment,Top properties,2026-07-28T04:21:01.81,https://files-api.properstar.com/api/v2/files/e70f8ab8-1fec-4c4d-938e-6e4f54b2af72/1; https://files-api.properstar.com/api/v2/files/0dbfae13-589f-47c8-90eb-051f5aecf92a/1; https://files-api.properstar.com/api/v2/files/0b1daa65-4c5c-4313-b43f-8c32e9b1506f/1; https://files-api.properstar.com/api/v2/files/3ed2c478-46bb-4adb-b76a-e1167795f31a/1; https://files-api.properstar.com/api/v2/files/135e6ccb-28d3-4ed9-a6fe-ebd4679af32c/1; https://files-api.properstar.com/api/v2/files/df482321-894e-425b-a0e3-9574dba752cd/1; https://files-api.properstar.com/api/v2/files/801a10dd-43d0-43d4-bb0a-ead98418973e/1; https://files-api.properstar.com/api/v2/files/d3c4b913-843b-474c-b610-48eb3f3be5c1/1; https://files-api.properstar.com/api/v2/files/e4c78838-a662-423a-85cf-4a42ad8cad49/1
117873062,"House for rent in Palma Real, Puerto Morelos, Quintana Roo",https://www.properstar.co.uk/listing/117873062,GBP 823,"TUCAN, Palma Real, Puerto Morelos, Mexico",20.841913,-86.881996,4,3,1291.6698,House,JC Inmobiliaria,2026-07-07T15:17:09.803,https://files-api.properstar.com/api/v2/files/15e92911-71c0-4cef-a847-ee8ce287841f/1; https://files-api.properstar.com/api/v2/files/57204b57-8ab1-481f-824d-6169db5d83b5/1; https://files-api.properstar.com/api/v2/files/6c3d980c-6255-4ca6-a158-3f7e7bf6d172/1; https://files-api.properstar.com/api/v2/files/3c1efa9a-12d4-4e19-9786-d6e771ac4962/1; https://files-api.properstar.com/api/v2/files/d290713c-d056-4032-bb1c-ad7c77408492/1; https://files-api.properstar.com/api/v2/files/c11510c3-3926-4073-8357-5851288b3649/1; https://files-api.properstar.com/api/v2/files/b5e99fe6-31ae-407b-8573-112c385ecb37/1; https://files-api.properstar.com/api/v2/files/e9e40537-65d8-4a39-8c2e-19f5f1fc8e3c/1; https://files-api.properstar.com/api/v2/files/f80f193c-19a2-46ef-b936-df32e3878cc1/1; https://files-api.properstar.com/api/v2/files/c6e7d0d3-233c-4a77-ad4c-6aa61abf2c07/1; https://files-api.properstar.com/api/v2/files/2da638c1-b023-4208-9032-ffbf64b6ef20/1; https://files-api.properstar.com/api/v2/files/c86627fc-b310-484e-a41c-b0038648f88a/1; https://files-api.properstar.com/api/v2/files/59e46c34-008d-45dd-9354-e03c5e66eafa/1; https://files-api.properstar.com/api/v2/files/b9c65a8e-1832-4e73-a956-17a485731ba3/1; https://files-api.properstar.com/api/v2/files/00a6cb57-d2d6-4668-a879-80a26ebe4281/1; https://files-api.properstar.com/api/v2/files/11cf4ac3-290f-41cc-9e7f-0ba808cda146/1; https://files-api.properstar.com/api/v2/files/20c079bc-a36a-43e9-9b8a-005978b50128/1; https://files-api.properstar.com/api/v2/files/5c029d39-7b90-4a34-aade-12b698b9232d/1; https://files-api.properstar.com/api/v2/files/ed99854f-11a4-4508-a81c-d4fdd8926ef0/1; https://files-api.properstar.com/api/v2/files/0621aad8-014d-4ae6-a7fb-04fa95094532/1; https://files-api.properstar.com/api/v2/files/eade99e1-1cfc-494e-877e-bb4b283ec04c/1
117870347,"Apartment for rent in Villas Morelos I, Puerto Morelos, Quintana Roo",https://www.properstar.co.uk/listing/117870347,GBP 282,"CRUCERO, Villas Morelos I, Puerto Morelos, Mexico",20.86159,-86.90441,1,1,581.2514,Apartment,JC Inmobiliaria,2026-07-07T15:17:09.803,https://files-api.properstar.com/api/v2/files/6c1b8b74-3e52-4bef-a367-12f22e349fdd/1; https://files-api.properstar.com/api/v2/files/420028eb-4f22-407f-b409-29a14ff7ddc4/1; https://files-api.properstar.com/api/v2/files/92906e82-3754-4a3e-9537-53e4358d24a8/1; https://files-api.properstar.com/api/v2/files/f0cb2258-59ea-4d6f-b4ed-237cb1acb10f/1; https://files-api.properstar.com/api/v2/files/262d553a-6baa-4bdb-9382-462104a1d30b/1; https://files-api.properstar.com/api/v2/files/b6ce5b5c-5008-44c5-bc26-f840b56c47ea/1; https://files-api.properstar.com/api/v2/files/5c0e3bb7-8f65-42d5-b915-964f56d5c819/1; https://files-api.properstar.com/api/v2/files/4e1d7285-1c08-40dd-8831-939f74505163/1; https://files-api.properstar.com/api/v2/files/c0997ccb-4b30-4f2a-a18c-229022bc60fa/1; https://files-api.properstar.com/api/v2/files/bbac54aa-cc14-4249-b80d-46826792c277/1; https://files-api.properstar.com/api/v2/files/98f58e5e-dcb5-4d28-8bae-632d9c0321ad/1
117872209,"House for rent in Villas Morelos I, Puerto Morelos, Quintana Roo",https://www.properstar.co.uk/listing/117872209,GBP 477,"CRUCERO, Villas Morelos I, Puerto Morelos, Mexico",20.86159,-86.90441,2,1,688.8905,House,JC Inmobiliaria,2026-07-07T15:17:09.803,https://files-api.properstar.com/api/v2/files/ea228877-43c6-4a6a-8355-9bdeac2cd361/1; https://files-api.properstar.com/api/v2/files/8cc09a24-14a2-492f-ad47-a3b701c23cfd/1; https://files-api.properstar.com/api/v2/files/3bd36fb0-cfbf-4d48-9692-ae562fc7d1c0/1; https://files-api.properstar.com/api/v2/files/7ec020c0-1f2d-413c-a9e8-149042fb9781/1; https://files-api.properstar.com/api/v2/files/3c08f789-3e09-4f69-8905-f51c6b847261/1; https://files-api.properstar.com/api/v2/files/b6506979-b062-442f-8bac-184abc73a029/1; https://files-api.properstar.com/api/v2/files/26625d7f-7011-4be1-9902-0430f491ba7f/1; https://files-api.properstar.com/api/v2/files/0542bbc8-a2ca-4c2b-adbe-19079af58e8f/1; https://files-api.properstar.com/api/v2/files/423d2dc9-8e3b-448b-9a4d-1a615d45140b/1; https://files-api.properstar.com/api/v2/files/b32d2cbc-ae70-4648-b134-bfff9d4f2e77/1; https://files-api.properstar.com/api/v2/files/b746aa13-d9eb-4407-8637-87b900cc70d9/1; https://files-api.properstar.com/api/v2/files/c477ddb4-d731-46ba-aef9-c4fc80790064/1; https://files-api.properstar.com/api/v2/files/1afa0bdf-f0f0-4a18-b845-20db5a8227cf/1
117870346,"House for rent in Palma Real, Puerto Morelos, Quintana Roo",https://www.properstar.co.uk/listing/117870346,GBP 771,"Flamingo, Palma Real, Puerto Morelos, Mexico",20.841913,-86.881996,4,3,1291.6698,House,JC Inmobiliaria,2026-07-07T15:17:09.803,https://files-api.properstar.com/api/v2/files/f119c9eb-5de2-4b30-ab82-be11aba38652/1; https://files-api.properstar.com/api/v2/files/1db59561-ed5f-494b-8fa6-ba93524358f1/1; https://files-api.properstar.com/api/v2/files/fc532173-a244-49ad-92ed-b9146d25ae9d/1; https://files-api.properstar.com/api/v2/files/19e71a2a-618d-4932-aa55-89b92c3d7c7f/1; https://files-api.properstar.com/api/v2/files/db0c2c77-343c-4fec-aea9-b07339c831d6/1; https://files-api.properstar.com/api/v2/files/62f8305b-0f7d-47f8-b32e-87248fe519c3/1; https://files-api.properstar.com/api/v2/files/e4c69bf7-012e-406b-8895-29c9719ff7b5/1; https://files-api.properstar.com/api/v2/files/ddd94467-bfcf-4e07-8afc-bd8de971bbcf/1; https://files-api.properstar.com/api/v2/files/0562e113-7380-4020-83e6-668a1f74e126/1; https://files-api.properstar.com/api/v2/files/504ea1e2-aae4-40ef-8d17-c7c404c17b18/1; https://files-api.properstar.com/api/v2/files/f2521f9f-9f21-4aa7-ba8d-b38c8be36e5d/1; https://files-api.properstar.com/api/v2/files/caadcc9c-bc2a-4568-b6d3-af61b1f02d0d/1; https://files-api.properstar.com/api/v2/files/66b332a6-6abd-40bf-9f87-0bce77681207/1; https://files-api.properstar.com/api/v2/files/846dfe75-54c8-4427-a8ad-ba7da91acb42/1; https://files-api.properstar.com/api/v2/files/fb207828-c211-4548-ba34-bba9bf8d7b0e/1; https://files-api.properstar.com/api/v2/files/6be8e7ba-5413-4fe8-8595-9d72e2053c4b/1; https://files-api.properstar.com/api/v2/files/ef0ae1b8-1ea0-494d-9930-adb1a96c0813/1; https://files-api.properstar.com/api/v2/files/fcd05cd0-3a53-4a12-a1e0-097231c886f7/1
117893970,"House for rent in Palma Grand, Puerto Morelos, Quintana Roo",https://www.properstar.co.uk/listing/117893970,GBP 932,"manzana 21  lote 103, 21, Palma Grand, Puerto Morelos, Mexico",20.870439,-86.898798,4,3,1388.545,House,Rosario Cariño Ortega,2026-07-07T15:17:09.803,https://files-api.properstar.com/api/v2/files/31af0130-d56b-4818-926c-dc13579f6ffd/1; https://files-api.properstar.com/api/v2/files/12fa576e-ff4a-4ccb-bf20-10801ab3d3e4/1; https://files-api.properstar.com/api/v2/files/86c757b8-0262-407e-9ebf-5dbd948071aa/1; https://files-api.properstar.com/api/v2/files/5a1ad341-03a3-4b6f-8738-7a843a4599af/1; https://files-api.properstar.com/api/v2/files/52db3ba5-28a4-4981-a547-f7edd1db784c/1; https://files-api.properstar.com/api/v2/files/d933cdda-14e0-4f04-93c0-8b11b1ab8729/1; https://files-api.properstar.com/api/v2/files/0d0e8b2c-2580-4b36-bc68-864d3d804126/1; https://files-api.properstar.com/api/v2/files/a0bf7751-8dae-4a55-8618-39cd621331b5/1; https://files-api.properstar.com/api/v2/files/77fe1024-1540-4f96-9b8c-12ed95d3c74c/1; https://files-api.properstar.com/api/v2/files/16dccc6e-9b7d-4ce7-85e8-f765a37709bd/1; https://files-api.properstar.com/api/v2/files/2f96d41a-32db-4bbc-be32-2a7be278c22a/1; https://files-api.properstar.com/api/v2/files/eb6ddc44-d88c-453d-a167-55ccb25ea24e/1; https://files-api.properstar.com/api/v2/files/63d1fa1b-4df1-4806-97e1-ec2954838b2f/1; https://files-api.properstar.com/api/v2/files/b9849d2f-4c42-4a3b-ab92-b33e5ca246d3/1; https://files-api.properstar.com/api/v2/files/fb16892e-762b-445a-b295-171d81e4365d/1
117971208,"Apartment for rent in Puerto Morelos, Puerto Morelos, Quintana Roo",https://www.properstar.co.uk/listing/117971208,"GBP 1,083","Rojo Gomez, 1, Puerto Morelos, Mexico",20.851339,-86.874321,2,2,861.1132,Apartment,Riviera Maya Multisevices by CA SA de CV,2026-07-07T15:17:09.803,https://files-api.properstar.com/api/v2/files/7b58c86d-bbe4-428b-969b-7fd77d0e8645/1; https://files-api.properstar.com/api/v2/files/361e24dd-b75f-4430-aca6-62be2b864628/1; https://files-api.properstar.com/api/v2/files/d146475d-3ac9-4904-8119-3d0dded32f08/1; https://files-api.properstar.com/api/v2/files/bb637b3d-6f45-4140-b1a9-cbff2befd68a/1; https://files-api.properstar.com/api/v2/files/257cb8c4-0fb6-427b-896d-f928153555b0/1; https://files-api.properstar.com/api/v2/files/05123656-4489-4d82-9b7f-a70116a20e61/1; https://files-api.properstar.com/api/v2/files/61a2ae03-db2b-42c0-9100-da0927cad408/1; https://files-api.properstar.com/api/v2/files/f77fae5c-3adb-4244-80de-8d7c7adc43fe/1; https://files-api.properstar.com/api/v2/files/5954db4b-0978-498b-b4ca-5229c9d174f5/1; https://files-api.properstar.com/api/v2/files/4a8e3c4c-3c8f-4cd1-b058-b7f814cc5084/1
117977151,"Apartment for rent in Residencial Alborada, Puerto Morelos, Quintana Roo",https://www.properstar.co.uk/listing/117977151,GBP 563,"Av. Timón, 11, Residencial Alborada, Puerto Morelos, Mexico",20.863473,-86.901917,2,1,753.474,Apartment,Caribbean Real Estate,2026-07-07T15:17:09.803,https://files-api.properstar.com/api/v2/files/90f0a963-9903-4f21-9228-94f303f9a3d0/1; https://files-api.properstar.com/api/v2/files/b4bfec93-d8ec-4afc-a4e8-9fbab252f8d4/1; https://files-api.properstar.com/api/v2/files/27da99cb-c549-4e89-8425-640745fc62c7/1; https://files-api.properstar.com/api/v2/files/78a814ad-cffa-4a80-8c3a-257da0415ab9/1; https://files-api.properstar.com/api/v2/files/4cdb68ae-14c7-4baa-a52d-3d04452e0f24/1; https://files-api.properstar.com/api/v2/files/53e3b415-1d45-44e6-a732-2b1fb7734c3a/1; https://files-api.properstar.com/api/v2/files/3b8c80ec-e23f-4f6b-89e4-edbff1912b90/1; https://files-api.properstar.com/api/v2/files/dfc5ffee-2b52-423a-9f75-085da9b59308/1; https://files-api.properstar.com/api/v2/files/26352823-2497-4f18-9d58-9b9480cfd7dc/1
117969331,"Apartment for rent in Puerto Morelos, Puerto Morelos, Quintana Roo",https://www.properstar.co.uk/listing/117969331,"GBP 1,300","Rojo Gimez, 1, Puerto Morelos, Mexico",20.851339,-86.874321,1,1,699.6545,Apartment,Riviera Maya Multisevices by CA SA de CV,2026-07-07T15:17:09.803,https://files-api.properstar.com/api/v2/files/d8e90189-8988-4da8-8e4d-474cb0f32b7e/1; https://files-api.properstar.com/api/v2/files/d7e60cdf-55bd-4aef-a37e-f534b487fdc0/1; https://files-api.properstar.com/api/v2/files/332dda5f-0fee-40c2-b169-f99bfaa7bcae/1; https://files-api.properstar.com/api/v2/files/47c212bf-5f79-4f86-9b40-984b021e0cbc/1; https://files-api.properstar.com/api/v2/files/e709448e-6625-4f40-856d-fe45791e0340/1; https://files-api.properstar.com/api/v2/files/3732b717-b4a0-4025-8b38-986b53336479/1; https://files-api.properstar.com/api/v2/files/d271fc9e-833b-4c49-ab17-d8586a372ab5/1; https://files-api.properstar.com/api/v2/files/6ac8486f-60a9-449c-9be7-c2b54a6c5b7c/1; https://files-api.properstar.com/api/v2/files/ae806ef3-8d14-4829-8587-c730cc54f949/1; https://files-api.properstar.com/api/v2/files/a0ef8a37-8fbc-413f-96d6-37e81c2ac757/1; https://files-api.properstar.com/api/v2/files/f06cba01-1582-463d-99d1-cf90a9e1a972/1; https://files-api.properstar.com/api/v2/files/b6c5eda9-e2ac-4b3a-aedd-9f3bd4af3b36/1; https://files-api.properstar.com/api/v2/files/8141208f-f097-476c-bb75-51f861a7ff66/1; https://files-api.properstar.com/api/v2/files/ffd074ef-3794-4118-baaf-9825fd711a60/1; https://files-api.properstar.com/api/v2/files/934c0488-df9e-49a8-9fc6-9ba2becb67c8/1; https://files-api.properstar.com/api/v2/files/3483f2c5-390d-44ef-9450-d0c52f0bf9a2/1; https://files-api.properstar.com/api/v2/files/45278f21-6fc8-4126-bead-cbf1721f4f1f/1; https://files-api.properstar.com/api/v2/files/2bf6fb1d-5a45-46cb-b060-6e57b41e6ab2/1; https://files-api.properstar.com/api/v2/files/da6c45c1-5631-43d2-a4f0-8d0571dcb669/1; https://files-api.properstar.com/api/v2/files/1981512c-a0d6-4cfb-8c67-6577bfb30bf1/1; https://files-api.properstar.com/api/v2/files/e3ea8dd5-aa8c-4721-9f77-21392ff2c3e0/1; https://files-api.properstar.com/api/v2/files/e47b461e-7298-4fc6-b53e-11da54b86161/1; https://files-api.properstar.com/api/v2/files/6526ac72-de4d-4dcc-b20a-70545e0bf276/1; https://files-api.properstar.com/api/v2/files/bc2acd00-c6b2-42f4-9b72-a890eb9645bf/1; https://files-api.properstar.com/api/v2/files/71615e1d-d6c8-4836-ba5c-f1f593052c0a/1; https://files-api.properstar.com/api/v2/files/43f418de-d62f-489b-9e9f-a229b3d8ed96/1
117870830,"Apartment for rent in Villas Morelos I, Puerto Morelos, Quintana Roo",https://www.properstar.co.uk/listing/117870830,GBP 282,"CRUCERO, Villas Morelos I, Puerto Morelos, Mexico",20.86159,-86.90441,1,1,581.2514,Apartment,JC Inmobiliaria,2026-07-07T15:17:09.803,https://files-api.properstar.com/api/v2/files/8db8cc9b-7986-4797-b67f-7f298ce0c23b/1; https://files-api.properstar.com/api/v2/files/43d17d22-1724-45f5-a449-b0d8df82a7a4/1; https://files-api.properstar.com/api/v2/files/1d3b23a8-5dec-4455-9e84-5a63f0ddc72d/1; https://files-api.properstar.com/api/v2/files/1630a352-8687-4529-95e7-17666c03af52/1; https://files-api.properstar.com/api/v2/files/70fe65b4-ac67-4dfb-a6c8-6c7001e9cdb6/1; https://files-api.properstar.com/api/v2/files/fdd64d61-632b-45e1-9331-1cea5e93ce79/1; https://files-api.properstar.com/api/v2/files/278e8057-987a-48d6-8004-a2b228fe5472/1
117894228,"House for rent in Palma Grand, Puerto Morelos, Quintana Roo",https://www.properstar.co.uk/listing/117894228,GBP 867,"Manzana 21 lote 103, 21, Palma Grand, Puerto Morelos, Mexico",20.870439,-86.898798,4,3,1388.545,House,Rosario Cariño Ortega,2026-07-07T15:17:09.803,https://files-api.properstar.com/api/v2/files/953912f5-6f8a-43af-998d-24971f5288e0/1; https://files-api.properstar.com/api/v2/files/8bd1eb8a-0edf-423a-b907-505624aa2d8d/1; https://files-api.properstar.com/api/v2/files/9daf50d2-049b-4e74-8f7e-88ce2cca6b91/1; https://files-api.properstar.com/api/v2/files/f56607f1-98eb-4f30-8cc9-fa9ea7ed9383/1; https://files-api.properstar.com/api/v2/files/85801706-0863-4c2e-ba52-43b9d058546d/1; https://files-api.properstar.com/api/v2/files/280f2868-0e57-4695-b191-101f0af57294/1; https://files-api.properstar.com/api/v2/files/2fe56924-0871-46cb-b0fd-f8176848cc8d/1; https://files-api.properstar.com/api/v2/files/cbe218e6-ed76-4d71-9c30-8b5c58000633/1; https://files-api.properstar.com/api/v2/files/f3b98175-58c0-4dbf-bf4c-c26c000ba32e/1; https://files-api.properstar.com/api/v2/files/069e0fdb-c8e8-4d98-bec4-28106b7e7cd8/1; https://files-api.properstar.com/api/v2/files/41197b7b-d681-4184-afd5-d9be15b68b2f/1; https://files-api.properstar.com/api/v2/files/a30a6225-2e52-433f-b694-0f2e5fbfb23b/1; https://files-api.properstar.com/api/v2/files/8cd1a09c-762a-4651-bb63-d09ef1b9dfca/1; https://files-api.properstar.com/api/v2/files/a4e10a2c-d553-486c-8723-65f2295799ed/1; https://files-api.properstar.com/api/v2/files/06bcaf20-b35a-4ba4-9691-f58b378976ef/1; https://files-api.properstar.com/api/v2/files/0852c161-d3bc-460c-82cf-d0757873b8e5/1; https://files-api.properstar.com/api/v2/files/604419c4-ddb8-4727-b675-d992795c21d7/1
118110671,"Apartment for rent in Sin colonia, Puerto Morelos, Quintana Roo",https://www.properstar.co.uk/listing/118110671,GBP 737,"Sin colonia, Puerto Morelos, Mexico",20.847808,-86.875534,1,1,968.7523,Apartment,Trust Realty Digital,2026-07-05T22:15:32.5,https://files-api.properstar.com/api/v2/files/05ac3236-9739-478e-8535-f62d22f234a9/1; https://files-api.properstar.com/api/v2/files/c29158e1-e2dd-4321-b3f0-be0975004559/1; https://files-api.properstar.com/api/v2/files/afb67a3f-efd0-4852-be4a-d00eb90f0c75/1; https://files-api.properstar.com/api/v2/files/56c2b27b-9bca-45ff-92e8-5d85f99b5ea4/1; https://files-api.properstar.com/api/v2/files/090b0bda-817e-4180-935b-8803ed2cbbbb/1; https://files-api.properstar.com/api/v2/files/9c99ed44-866b-4972-aff6-6a8a777c5e86/1; https://files-api.properstar.com/api/v2/files/b2a506df-b9f0-4a9e-854c-cb653db071fd/1; https://files-api.properstar.com/api/v2/files/68d8d385-66ae-4efb-bd9e-495cbc6281c1/1; https://files-api.properstar.com/api/v2/files/e2591a8a-1f8a-4fa0-97ab-e4706d52538f/1; https://files-api.properstar.com/api/v2/files/833311cd-f67f-4455-bd7c-583772fe386e/1; https://files-api.properstar.com/api/v2/files/d23f246a-17ac-4ebc-870f-c45876f7daf5/1; https://files-api.properstar.com/api/v2/files/f96f8ad9-49ca-41d1-8ec0-66656e704bc2/1; https://files-api.properstar.com/api/v2/files/cef834d7-605b-41f7-a65a-4b1437a1fdc3/1; https://files-api.properstar.com/api/v2/files/36dd47ce-02ad-4af0-92d0-95989888a43a/1; https://files-api.properstar.com/api/v2/files/5dce9888-6e57-4a45-bae1-fee842d4feb5/1; https://files-api.properstar.com/api/v2/files/5445bca5-2b4c-4eb9-8ec7-23bfcaabbec1/1; https://files-api.properstar.com/api/v2/files/191f86aa-7fa5-4fd0-abbb-5fe6239cc05c/1; https://files-api.properstar.com/api/v2/files/22c0cfeb-3759-43bb-88ec-2ab92a0ea6df/1; https://files-api.properstar.com/api/v2/files/44e0ec5e-b3d8-4953-82ad-390092d7c71c/1; https://files-api.properstar.com/api/v2/files/cf37503c-f4f9-498d-a745-b245d831ad14/1; https://files-api.properstar.com/api/v2/files/36f194bd-3cb8-439b-8ce2-975b882b8db1/1
117863594,"House for rent in Puerto Morelos, Puerto Morelos, Quintana Roo",https://www.properstar.co.uk/listing/117863594,GBP 867,"PUNTA ALLEN , 4, Puerto Morelos, Mexico",20.848945,-86.900957,2,2,1184.03064,House,FLORES CONSULTORES Division Inmobilaria,2026-07-05T22:15:32.5,https://files-api.properstar.com/api/v2/files/f583765d-6d5c-4ba3-a14d-f3c8094f323b/1; https://files-api.properstar.com/api/v2/files/80449c87-dca6-4c68-84b4-000e2eedf6f1/1; https://files-api.properstar.com/api/v2/files/402b458d-11f8-42da-bd2e-0276368dc125/1; https://files-api.properstar.com/api/v2/files/e2464d40-071f-427c-ac82-dc3aad56fafa/1; https://files-api.properstar.com/api/v2/files/aee27f87-9552-4ab6-b6c2-03b396d959d1/1; https://files-api.properstar.com/api/v2/files/54240036-8f66-4664-a009-293418ad04f5/1; https://files-api.properstar.com/api/v2/files/ade9ca69-b70f-48b4-b2bc-ed5c1615a229/1; https://files-api.properstar.com/api/v2/files/be43e548-7b26-4f85-9b1a-60713fac3b3b/1; https://files-api.properstar.com/api/v2/files/8f76bea7-a45c-44cf-9bad-5e263dc486b9/1
118110622,"Apartment for rent in Sin colonia, Puerto Morelos, Quintana Roo",https://www.properstar.co.uk/listing/118110622,GBP 737,"Sin colonia, Puerto Morelos, Mexico",20.847808,-86.875534,1,1,968.7523,Apartment,Trust Realty Digital,2026-07-05T22:15:32.5,https://files-api.properstar.com/api/v2/files/0ef7b9ff-6f02-4f84-926b-e7ffd8a16953/1; https://files-api.properstar.com/api/v2/files/0e042fbf-3af6-4046-8df5-5d353114f546/1; https://files-api.properstar.com/api/v2/files/19f36a49-f33a-46e6-9ac1-fec6516e63ba/1; https://files-api.properstar.com/api/v2/files/66fd0c75-2904-4c7c-ae7a-9c3c847485f0/1; https://files-api.properstar.com/api/v2/files/e8cb11ea-81a6-4463-aa81-46a968142f32/1; https://files-api.properstar.com/api/v2/files/39137de3-ba50-428b-98df-70584084d53e/1; https://files-api.properstar.com/api/v2/files/b60b125b-218c-49b4-8fe8-7247e0d5cafa/1; https://files-api.properstar.com/api/v2/files/faca5bd0-9e7d-4576-9118-91b7f539c901/1; https://files-api.properstar.com/api/v2/files/38e8cf7d-4e26-419c-926c-5b38f48c0f5f/1; https://files-api.properstar.com/api/v2/files/a388287a-c998-4892-b943-92dc0a9ae446/1; https://files-api.properstar.com/api/v2/files/6b8990d1-0326-444e-8303-4225b1ad04fd/1; https://files-api.properstar.com/api/v2/files/1908bb4a-9603-4da6-8923-4313cfa4250c/1; https://files-api.properstar.com/api/v2/files/481ca9f1-45a7-451a-9502-af791f081d58/1; https://files-api.properstar.com/api/v2/files/9d91de31-347b-4d53-b3fd-6b391c95516b/1; https://files-api.properstar.com/api/v2/files/3e918de4-0731-4daa-9a78-4c8b1abfb22b/1; https://files-api.properstar.com/api/v2/files/9730cef6-1d11-4fed-bc59-f2efad41685c/1; https://files-api.properstar.com/api/v2/files/242885de-b97c-4d16-8511-e4b37a5e7889/1; https://files-api.properstar.com/api/v2/files/391c7006-7bc9-4723-9dc9-01ddb05d768b/1; https://files-api.properstar.com/api/v2/files/b8016c8a-b90e-4389-9d0e-4f7fa4e035c2/1; https://files-api.properstar.com/api/v2/files/a223b20f-918b-4236-af9f-af942e50b9a3/1; https://files-api.properstar.com/api/v2/files/f574e4d6-901d-4e32-88eb-a82e41f77679/1; https://files-api.properstar.com/api/v2/files/1799bb3b-4b10-4918-a25d-550bf3e96e7b/1
118257503,House in Puerto Morelos,https://www.properstar.co.uk/listing/118257503,GBP 867,"Quintana Roo, Benito Juárez, Cancún, Puerto Morelos, Puerto Morelos, Puerto Morelos, Mexico",20.844236,-86.880426,3,3,,House,PR CANCUN BIENES RAÍCES S.A. DE C.V.,2026-06-30T04:10:06.737,https://files-api.properstar.com/api/v2/files/3f5455af-95d6-45f7-be27-e7a2c026b401/1; https://files-api.properstar.com/api/v2/files/8031be82-3959-4cb2-8afe-90a6f5bd6854/1; https://files-api.properstar.com/api/v2/files/3f0e328e-d978-4924-8fef-f406d2b557ae/1; https://files-api.properstar.com/api/v2/files/c92385a4-fbca-4295-af68-bf4cd4002512/1; https://files-api.properstar.com/api/v2/files/ebe71666-e7ac-4194-8308-df5a330dc814/1; https://files-api.properstar.com/api/v2/files/21882823-e9b0-4960-bbba-9dafe66f4734/1; https://files-api.properstar.com/api/v2/files/659f4582-84ae-4bf7-be5b-8ea8d181c19e/1; https://files-api.properstar.com/api/v2/files/a8a9a73b-f779-4a0f-80cd-e071c67814ed/1; https://files-api.properstar.com/api/v2/files/f8c32775-5743-4a31-8b47-4677c4b6759a/1; https://files-api.properstar.com/api/v2/files/0a1002e8-84e7-4189-a2f6-cc9a1682a9e7/1; https://files-api.properstar.com/api/v2/files/22e7dbd7-117e-4aeb-a886-0ea63aeb0b4f/1; https://files-api.properstar.com/api/v2/files/87674b9b-eb18-4a94-a58a-e8f0575e3892/1; https://files-api.properstar.com/api/v2/files/974ca796-399d-4eee-9999-718d85fb495a/1; https://files-api.properstar.com/api/v2/files/03e12bc1-d4dd-44ac-812f-017219550c4d/1; https://files-api.properstar.com/api/v2/files/8ae2e990-40b5-40d7-a22a-89444ab10b98/1; https://files-api.properstar.com/api/v2/files/77cc9ff5-08af-4568-a3e9-107988d7c961/1; https://files-api.properstar.com/api/v2/files/3ae9d1f0-3b3f-41f9-b628-8989e24e1322/1; https://files-api.properstar.com/api/v2/files/988b375d-b968-4497-923f-852633e3bfad/1; https://files-api.properstar.com/api/v2/files/e422f335-30fe-4385-acfd-f0919e501a1a/1; https://files-api.properstar.com/api/v2/files/fee12cef-97c3-41d7-bbda-ac3a35698579/1; https://files-api.properstar.com/api/v2/files/ebd564aa-8068-4139-b482-2c28282a7196/1; https://files-api.properstar.com/api/v2/files/d93eaa3b-8742-4714-a942-ec77fdaf5fa8/1; https://files-api.properstar.com/api/v2/files/e752eef1-8c07-4c1d-aaa9-0620fa1ed55b/1; https://files-api.properstar.com/api/v2/files/5d451eae-3205-4db9-b9a0-48b2bca3fd41/1; https://files-api.properstar.com/api/v2/files/e1ff5537-a500-4397-a2ca-d0725514459c/1; https://files-api.properstar.com/api/v2/files/26b7fcf7-41a0-4cb9-a324-abcac8f333f9/1
118149288,FOR RENT Furnished four-bedroom house in Puerto Morelos,https://www.properstar.co.uk/listing/118149288,GBP 823,"Mantarraya 20 Puerto Morelos, Fraccionamiento Puerto Marino, 77580 Puerto Morelos, QRoo, México, Puerto Morelos, Mexico",20.870933,-86.899165,4,3,1399.309,House,KW Riviera Maya,2026-06-26T03:02:23.48,https://files-api.properstar.com/api/v2/files/bc860a80-bcb5-4d24-a346-c542e052605b/1; https://files-api.properstar.com/api/v2/files/60b4402c-5226-4002-b0bf-6f7d8ae2bfd4/1; https://files-api.properstar.com/api/v2/files/3bbea7c4-fa93-4527-8167-3e5b861d45a2/1; https://files-api.properstar.com/api/v2/files/cfcd35de-0db1-4712-a7ad-333f14d79287/1; https://files-api.properstar.com/api/v2/files/56dbc3aa-4213-4eeb-9f38-3be25c5cb21d/1; https://files-api.properstar.com/api/v2/files/e0402f14-dbf5-4917-a374-e5bfca738928/1; https://files-api.properstar.com/api/v2/files/fe86c8e7-e274-4070-9b1b-12a97b1b80fd/1; https://files-api.properstar.com/api/v2/files/fb0cb485-0ca2-4d33-8548-b131b24cde6e/1; https://files-api.properstar.com/api/v2/files/361845c4-4e87-46ff-a6f7-229cb6d50b39/1; https://files-api.properstar.com/api/v2/files/27d8d4c2-6665-4ba5-9062-8970eb673020/1; https://files-api.properstar.com/api/v2/files/25af3445-9784-47b8-bd2b-120d42f9c511/1; https://files-api.properstar.com/api/v2/files/12eaf5ad-0a61-462c-ad13-5f165b06f891/1; https://files-api.properstar.com/api/v2/files/d8eb2814-263c-4305-bd60-4552be290c13/1; https://files-api.properstar.com/api/v2/files/5f9d5011-99d3-4574-91ef-f5ebf5f1e90b/1; https://files-api.properstar.com/api/v2/files/79b64393-9030-4782-bfbb-5da0d70ecd31/1; https://files-api.properstar.com/api/v2/files/f5c1aa90-b870-4b39-a368-596e292e7b95/1; https://files-api.properstar.com/api/v2/files/fd85e2ed-e3e7-42e8-8916-12d2fe2c448d/1; https://files-api.properstar.com/api/v2/files/10702096-6f6e-4fe6-bce5-8e16dee5795e/1; https://files-api.properstar.com/api/v2/files/4f9d48c0-8d90-4ac6-bfa5-2dd416b47a5e/1; https://files-api.properstar.com/api/v2/files/c9177563-ee9e-4254-b602-e7cf75043fc5/1; https://files-api.properstar.com/api/v2/files/2d49ee09-a9cc-461a-8623-0d68b941675c/1; https://files-api.properstar.com/api/v2/files/f109e3ba-cfa7-4008-8f4f-eae7db3dd337/1; https://files-api.properstar.com/api/v2/files/e8d9ac27-7ab3-478a-8ffa-d556bd0f8e6e/1; https://files-api.properstar.com/api/v2/files/f23045d3-cb5f-4402-b412-79309faf1d32/1; https://files-api.properstar.com/api/v2/files/b70bfe38-810a-41da-8b35-6e8973595d6a/1; https://files-api.properstar.com/api/v2/files/9cf9d2ef-1c21-4611-b58b-e14425a91ba2/1
117772978,"3 bedroom house for rent in Aldea-Ha, Puerto Morelos",https://www.properstar.co.uk/listing/117772978,"GBP 1,517","Quintana Roo, Benito Juárez, Cancún, Puerto Morelos, Puerto Morelos, Puerto Morelos, Mexico",20.844236,-86.880426,3,3,,House,G&V Bienes Raices,2026-06-19T16:12:49.163,https://files-api.properstar.com/api/v2/files/68117aab-ee24-4a99-b6c8-6b5e3ecd8c82/1; https://files-api.properstar.com/api/v2/files/99529969-529f-4db0-9200-9178c5a61de4/1; https://files-api.properstar.com/api/v2/files/d31c6fb6-9f38-4f9e-82a0-04d21c85ee9f/1; https://files-api.properstar.com/api/v2/files/046ba5c9-2594-4c75-a93d-72195300de8e/1; https://files-api.properstar.com/api/v2/files/ea19513b-2cdd-4db6-b505-d130eaa565e8/1; https://files-api.properstar.com/api/v2/files/85dcbe04-bd84-4f6a-9229-5740f275a653/1; https://files-api.properstar.com/api/v2/files/0141caaa-b102-4a69-9a92-795a1c8c132f/1; https://files-api.properstar.com/api/v2/files/4d6fd8ea-0c6e-468c-9502-9cac6cc5059f/1; https://files-api.properstar.com/api/v2/files/b236cbe7-999b-4019-b92d-9c59b011c288/1; https://files-api.properstar.com/api/v2/files/a8436395-c840-434f-a561-a723299db6af/1; https://files-api.properstar.com/api/v2/files/aaf597f9-5215-48e2-9e7d-b1c23ff8ba5d/1; https://files-api.properstar.com/api/v2/files/06d2faaa-395e-4f20-9bc3-35fed1cf86f9/1; https://files-api.properstar.com/api/v2/files/009e6244-0895-4c5b-802e-6792b6848ebc/1; https://files-api.properstar.com/api/v2/files/7084ff43-ae3f-491e-a4a7-e7a6344943fd/1; https://files-api.properstar.com/api/v2/files/9ec19186-f130-4a74-b9e1-e1c422ccb3a0/1; https://files-api.properstar.com/api/v2/files/890a8c3b-1566-43b6-8a9f-a1c5786a3df7/1; https://files-api.properstar.com/api/v2/files/26ea7046-19b5-4505-9f95-aab6337a063f/1; https://files-api.properstar.com/api/v2/files/a6adc6c7-6323-4bb9-b1aa-cb33f6ef3387/1; https://files-api.properstar.com/api/v2/files/2227c242-621f-4d1b-9779-2820a61fc941/1; https://files-api.properstar.com/api/v2/files/77b213c5-b63a-484c-9033-d3aef7e5184c/1; https://files-api.properstar.com/api/v2/files/b02b4891-1811-47e1-96f8-28a032b88c92/1; https://files-api.properstar.com/api/v2/files/a32ee29b-4a84-4841-8bee-daa49a3bd369/1; https://files-api.properstar.com/api/v2/files/5c98c582-323f-48fd-873d-4e61178f2770/1; https://files-api.properstar.com/api/v2/files/c12c571f-a3ce-4e40-a255-67d0c27b80b0/1; https://files-api.properstar.com/api/v2/files/90891f09-ba7f-4e5c-835f-0edcc0c075ef/1; https://files-api.properstar.com/api/v2/files/06308d2a-7e87-4892-a030-fd949ae070c7/1; https://files-api.properstar.com/api/v2/files/65b5a9dc-a18c-4d77-8aa0-4f8f8c87388f/1; https://files-api.properstar.com/api/v2/files/63551a7d-ebdb-4a4f-888a-33331f43e1e2/1; https://files-api.properstar.com/api/v2/files/7526176c-20c8-4e38-a60f-ed4bc5a76c84/1
117772977,"Furnished house for rent in Aldea Ha, Puerto Morelos ",https://www.properstar.co.uk/listing/117772977,"GBP 1,517","Quintana Roo, Benito Juárez, Cancún, Puerto Morelos, Puerto Morelos, Puerto Morelos, Mexico",20.844236,-86.880426,3,3,,House,G&V Bienes Raíces,2026-06-19T16:12:49.163,https://files-api.properstar.com/api/v2/files/7bff69eb-aec2-41a7-9bdc-279706fecbb0/1; https://files-api.properstar.com/api/v2/files/403d488b-7cd3-4418-991a-c4f4a6297222/1; https://files-api.properstar.com/api/v2/files/3d4f21ff-856e-431d-b314-4fa0acad1ac4/1; https://files-api.properstar.com/api/v2/files/9e4ddfca-d3bc-4ef3-accb-b481b05585e3/1; https://files-api.properstar.com/api/v2/files/23dcae92-6011-4eb7-a1c9-164fbaa53d4f/1; https://files-api.properstar.com/api/v2/files/4129243c-a42e-46ce-84d5-640d210bc9bf/1; https://files-api.properstar.com/api/v2/files/008dfed7-2bf4-4815-a5df-7398674f0945/1; https://files-api.properstar.com/api/v2/files/ff509c9d-7834-4084-8c54-627e3fa051ad/1; https://files-api.properstar.com/api/v2/files/e3bd31d2-1cc8-4ee2-8e70-47ff8c7355fe/1; https://files-api.properstar.com/api/v2/files/8bcf8707-2e9e-46c5-b6fa-0c5d1dcac350/1; https://files-api.properstar.com/api/v2/files/316c272b-198c-467a-8b4a-638264d06c62/1; https://files-api.properstar.com/api/v2/files/bae44ce9-cc28-44ba-8822-d1df9d4fa523/1; https://files-api.properstar.com/api/v2/files/e2f53426-eb4b-4679-bd75-49ee1a063b7f/1; https://files-api.properstar.com/api/v2/files/8eea60ea-8891-4dd0-a805-f10b665454e1/1; https://files-api.properstar.com/api/v2/files/dee80520-5e91-4935-96fb-2dc53eda7350/1; https://files-api.properstar.com/api/v2/files/c58bd8dc-563a-4deb-9c5b-5dc778a420fc/1; https://files-api.properstar.com/api/v2/files/7aac4312-39e0-4c06-9278-6bb24a1c9418/1; https://files-api.properstar.com/api/v2/files/75ae11ab-ae48-48c0-8e73-5d33d47b0a79/1; https://files-api.properstar.com/api/v2/files/762ff60f-f96f-4ee4-8855-0307fde9cea6/1; https://files-api.properstar.com/api/v2/files/1f4e2249-b0c6-4657-87f2-52318d10f7f8/1; https://files-api.properstar.com/api/v2/files/055e2862-fca1-46f4-948d-48bcb6f10e89/1; https://files-api.properstar.com/api/v2/files/77d149dd-67a6-434b-bc5b-03249237eaca/1; https://files-api.properstar.com/api/v2/files/dfc26feb-2e0d-4d7c-af06-1dfe80e80444/1; https://files-api.properstar.com/api/v2/files/9f4a5bbc-6e60-4aa5-9503-74287dc36470/1; https://files-api.properstar.com/api/v2/files/4ebbc083-71bb-4e77-b21b-e6603cc8ac05/1; https://files-api.properstar.com/api/v2/files/3b5c559a-5ae7-4afe-b3ab-76f3f86007cd/1; https://files-api.properstar.com/api/v2/files/0785bf08-6ead-4938-86c0-2b3d4e204cae/1; https://files-api.properstar.com/api/v2/files/533fe0b4-d508-427c-9020-674a09b10af2/1; https://files-api.properstar.com/api/v2/files/40311189-5ec6-4d86-a96b-09c46c5f3d3c/1
116889631,Fully furnished apartment for rent Puerto Morelos,https://www.properstar.co.uk/listing/116889631,"GBP 1,083","Quintana Roo, Benito Juárez, Cancún, Puerto Morelos, Puerto Morelos, Puerto Morelos, Mexico",20.844236,-86.880426,2,2,1184.03064,Apartment,5 Realty,2026-05-22T04:50:12.58,https://files-api.properstar.com/api/v2/files/7b6dbaa8-5613-4247-94a8-4ff6f0f725b4/1; https://files-api.properstar.com/api/v2/files/2e42aa9a-f196-43aa-be74-77421ba0220d/1; https://files-api.properstar.com/api/v2/files/31067a94-c58b-4691-8384-785fca165c9c/1; https://files-api.properstar.com/api/v2/files/04e14e20-94b0-4235-bd88-3e7f01ec6554/1; https://files-api.properstar.com/api/v2/files/aebac61b-b637-44f7-8d5a-ca411c872e9e/1; https://files-api.properstar.com/api/v2/files/78005a2c-9998-4463-9ebe-dee262fe5f33/1; https://files-api.properstar.com/api/v2/files/ef0b5a1f-ac1b-49dd-9e63-afcb5b80ddb5/1; https://files-api.properstar.com/api/v2/files/dae98193-5b6e-40a0-8ae2-486e4fb31875/1; https://files-api.properstar.com/api/v2/files/c1487a3e-57b8-4110-ac58-0b758dd1480b/1; https://files-api.properstar.com/api/v2/files/06806605-c106-49df-8b8f-08f938f55a3b/1; https://files-api.properstar.com/api/v2/files/a8feeebd-3c7d-4221-8af2-8e32cde22a82/1; https://files-api.properstar.com/api/v2/files/b49c040e-d59f-4c12-bd7a-31191f225ce0/1; https://files-api.properstar.com/api/v2/files/9a3d20e1-cd6f-4d04-ab40-e3c08155746f/1; https://files-api.properstar.com/api/v2/files/6eedd0e1-b345-4f9a-a9e2-12b9478d3e79/1
116890130,One or two bedroom loft for rent in Puerto Morelos Beach Area ,https://www.properstar.co.uk/listing/116890130,GBP 953,"Quintana Roo, Puerto Morelos , Puerto Morelos, Mexico",20.844236,-86.880426,2,2,1076.39148,Apartment,5 Realty,2026-05-22T04:50:12.58,https://files-api.properstar.com/api/v2/files/b615db11-b021-4d43-a6ae-063910cf5bbb/1; https://files-api.properstar.com/api/v2/files/353a9257-2f53-4514-9d01-85317d5ab212/1; https://files-api.properstar.com/api/v2/files/ac8f3a81-7a7c-44ea-a920-e657977e4521/1; https://files-api.properstar.com/api/v2/files/fa6ae672-201c-4134-b3b4-0db20d246eb9/1; https://files-api.properstar.com/api/v2/files/534e1e45-e55a-4728-b45e-900a90cc31b4/1; https://files-api.properstar.com/api/v2/files/a259bd83-14ca-487d-bcd5-bafb7e64121d/1; https://files-api.properstar.com/api/v2/files/b1f0b455-9d04-47da-8446-4e24d3746379/1; https://files-api.properstar.com/api/v2/files/95762a2d-5542-4d1b-8570-d9cc3f0743b5/1; https://files-api.properstar.com/api/v2/files/c4192de8-814f-4933-a684-92e292f30199/1; https://files-api.properstar.com/api/v2/files/2371bb40-6cb6-439b-9c6f-fedac171cf73/1; https://files-api.properstar.com/api/v2/files/0f374722-fbda-4c28-b40b-33925c9e1bd5/1; https://files-api.properstar.com/api/v2/files/206f3ac1-546b-4a83-814a-c8185fac8592/1; https://files-api.properstar.com/api/v2/files/dbc9c405-bab0-42c9-afb9-952f26a7d064/1; https://files-api.properstar.com/api/v2/files/d076d5e5-8c3a-4461-9196-7f6167ababab/1; https://files-api.properstar.com/api/v2/files/d79cbb18-c464-4fef-9c5d-3f98f0f01e5a/1; https://files-api.properstar.com/api/v2/files/bb51f154-8138-4f4f-9045-cd04cf2a998e/1
110945339,BEAUTIFUL PRIVATE HOUSE FOR RENT PUERTO MORELOS Q.ROO (ARC-1071),https://www.properstar.co.uk/listing/110945339,"GBP 1,170","Quintana Roo, Benito Juárez, Cancún, Puerto Morelos, Puerto Morelos, Puerto Morelos, Mexico",20.844236,-86.880426,3,2,1356.2533,House,Agencia Inmobiliaria Grupo INMOFLO,2025-10-17T10:12:53.313,https://files-api.properstar.com/api/v2/files/AF40B28D-C370-4113-9D53-053DD7B6F576/2; https://files-api.properstar.com/api/v2/files/A0487DF1-100F-4364-8833-82993DF2622E/2; https://files-api.properstar.com/api/v2/files/cbd25cef-f20d-4479-9219-d91aa9538b96/1; https://files-api.properstar.com/api/v2/files/3A866C9E-EF76-4555-B80E-D2002AA79D24/2; https://files-api.properstar.com/api/v2/files/b7476184-e685-402e-8190-4a8b8a841f00/1; https://files-api.properstar.com/api/v2/files/3491504F-4C13-4566-B601-17E433B4195C/2; https://files-api.properstar.com/api/v2/files/40afb731-adff-46f8-93c1-ade46b648882/1; https://files-api.properstar.com/api/v2/files/C782D17F-37E5-4043-8ECA-63D0B3A16206/2; https://files-api.properstar.com/api/v2/files/47F3D4A5-4290-4A22-9585-B20FC7A47888/2; https://files-api.properstar.com/api/v2/files/9BE075F2-B7C0-4AC9-9765-0F85B34326B4/2; https://files-api.properstar.com/api/v2/files/6D473AEF-403A-41DA-81AD-8113C9B6E2BA/2; https://files-api.properstar.com/api/v2/files/CC79019A-7921-46AE-9CE2-C29555818FE4/2; https://files-api.properstar.com/api/v2/files/511840F1-A1FA-4171-8AAF-396326E4AABD/2; https://files-api.properstar.com/api/v2/files/AD10EA47-2175-434C-8FA1-C1CC0CFA3E98/2; https://files-api.properstar.com/api/v2/files/74894c31-f3fa-49cd-bd97-9d94abda887e/1; https://files-api.properstar.com/api/v2/files/93F6DDA1-4F3A-461A-AB5C-F5A76E38D34B/2; https://files-api.properstar.com/api/v2/files/0455d6dc-4ea7-4a35-8739-34a3105a3c9a/1
116367425,"1 BEDROOM, 1 BATHROOM APARTMENT FOR RENT IN ALBORADA, PUERTO MORELOS",https://www.properstar.co.uk/listing/116367425,GBP 455,"Quintana Roo, Puerto Morelos, Puerto Morelos, Mexico",20.844236,-86.880426,1,1,,Apartment,Margin Realtors,2026-05-06T04:58:57.62,https://files-api.properstar.com/api/v2/files/cf4fbdd2-d200-4e10-b735-88818db7b666/1; https://files-api.properstar.com/api/v2/files/b2f698c7-dce8-4aea-b6ce-dd3edfd743a7/1; https://files-api.properstar.com/api/v2/files/7a888ed5-bebe-48c0-bafc-4dce185570c1/1; https://files-api.properstar.com/api/v2/files/2538e1cd-3d15-47fe-a903-436adc0070dd/1; https://files-api.properstar.com/api/v2/files/8dc379a0-fbb9-4ac2-ab59-fc0183cfdb28/1; https://files-api.properstar.com/api/v2/files/33839149-103e-4866-971c-d79c7613f38a/1; https://files-api.properstar.com/api/v2/files/9f470dfb-91dc-45fa-9db0-e584dcda23a9/1; https://files-api.properstar.com/api/v2/files/5708b945-f8cf-4e2a-bbf2-a8cc790a1468/1; https://files-api.properstar.com/api/v2/files/fdea5969-e680-4a68-b582-3cf5d15a95e1/1; https://files-api.properstar.com/api/v2/files/c00f3367-5fe6-4f8b-8b72-4960031ffc84/1; https://files-api.properstar.com/api/v2/files/56a8f8fd-8748-4de3-82fd-65f54e52c3a9/1; https://files-api.properstar.com/api/v2/files/96a7b6ba-54d0-48bb-afa6-fd6d9964070a/1; https://files-api.properstar.com/api/v2/files/2e324a7a-84c0-4cac-ac86-363fd41bb681/1; https://files-api.properstar.com/api/v2/files/f07a5f04-77b2-4a1f-9f91-f6831e7c4280/1; https://files-api.properstar.com/api/v2/files/199801d5-8498-445f-81cf-36d2855f518b/1; https://files-api.properstar.com/api/v2/files/b34feeaa-fdfb-412a-8d8d-2fc092b641e8/1; https://files-api.properstar.com/api/v2/files/771950a2-9278-426a-b766-e174d3305904/1; https://files-api.properstar.com/api/v2/files/17a27740-d2d2-4838-9214-a771e5e0c28d/1
115224686,Bodega comerFederal Highway 307 Cancun-Chetumal. Privileged location for suppliers of the Riviera Maya.cial,https://www.properstar.co.uk/listing/115224686,"GBP 4,900","Quintana Roo, Benito Juárez, Cancún, Puerto Morelos, Puerto Morelos, Puerto Morelos, Mexico",20.844236,-86.880426,,,,House,Englund Estates LLC,2026-03-28T04:58:49.967,https://files-api.properstar.com/api/v2/files/97a2014b-c7e9-49f3-905a-403977907aec/1; https://files-api.properstar.com/api/v2/files/7c54c6c7-efec-4f72-8313-eeac13b31f36/1; https://files-api.properstar.com/api/v2/files/a5ba9c79-8b5e-4b4a-b8e0-55e888b777eb/1; https://files-api.properstar.com/api/v2/files/6c329f89-4625-4536-b7da-d66f8cfe3f7d/1; https://files-api.properstar.com/api/v2/files/f05bc4c9-cf3d-4793-9df5-cb515ec59826/1; https://files-api.properstar.com/api/v2/files/ab9490aa-a2da-49d3-94ac-7e5a3db1eb0e/1
116034682,"Cozy furnished apartment for rent Puerto Morelos, Riviera Maya DH1826",https://www.properstar.co.uk/listing/116034682,GBP 797,"Selva Escondida Edificio 41, Puerto Morelos, Mexico",20.872841,-86.904028,2,2,,Apartment,CENTURY 21 Elite Advisors,2026-04-24T03:18:43.61,https://files-api.properstar.com/api/v2/files/eda0b697-042a-4153-97d7-b5acfe2850c4/1; https://files-api.properstar.com/api/v2/files/10dbaebc-b7f0-4c14-83d7-f2761299f4ad/1; https://files-api.properstar.com/api/v2/files/f2b924e6-838a-4496-a4c9-edf743cd8b30/1; https://files-api.properstar.com/api/v2/files/4403ef36-d29a-4aa2-ac89-a718a923bd80/1; https://files-api.properstar.com/api/v2/files/6aa0fa38-f72c-4f5e-8685-71eb13059ace/1; https://files-api.properstar.com/api/v2/files/c490da0c-3424-4c70-bb28-2f337e753628/1; https://files-api.properstar.com/api/v2/files/f6fab06f-2559-431d-81d1-d5beafeb53cc/1; https://files-api.properstar.com/api/v2/files/7b5b9436-5916-4d68-bc75-f2c37e72f57d/1; https://files-api.properstar.com/api/v2/files/5802865c-7f6d-4de5-91e8-d3e2aeea535a/1; https://files-api.properstar.com/api/v2/files/d46138c9-7196-463e-aeeb-6709b349c8bf/1; https://files-api.properstar.com/api/v2/files/f85fc695-0a4c-418a-9393-b65f581ffb61/1; https://files-api.properstar.com/api/v2/files/dc439cce-d72e-4124-80ae-059599d2627b/1; https://files-api.properstar.com/api/v2/files/c916b401-4dfe-45ad-b40d-e7b8ab48e419/1; https://files-api.properstar.com/api/v2/files/9eb9aa15-077d-4aae-890c-662806204569/1; https://files-api.properstar.com/api/v2/files/06c13860-56fa-48e8-9881-1afc1a8308d7/1; https://files-api.properstar.com/api/v2/files/b1017e6a-8d63-44f4-b40a-fdbc63ab99f0/1; https://files-api.properstar.com/api/v2/files/8fb116af-0f6e-41e1-9999-15f37c79dcf4/1; https://files-api.properstar.com/api/v2/files/a9bb82df-7dc9-41b5-8af0-57fd200b25bc/1; https://files-api.properstar.com/api/v2/files/9886e01f-7e1f-4493-bbf9-b867bcb59f34/1; https://files-api.properstar.com/api/v2/files/7a804420-921f-4974-85ed-35033e4f23e4/1; https://files-api.properstar.com/api/v2/files/966291bc-de0e-4f4b-94a0-f8aaa221f7c5/1; https://files-api.properstar.com/api/v2/files/c8e33e5a-45d7-44d3-96c9-98b0cceb8b96/1; https://files-api.properstar.com/api/v2/files/8fd6fed3-5b38-4031-aa90-3117ad6cf233/1; https://files-api.properstar.com/api/v2/files/f9e32aae-7194-48c2-902e-7da51ad7851a/1; https://files-api.properstar.com/api/v2/files/328d633c-2826-4725-beb2-8b8fd5ddb138/1; https://files-api.properstar.com/api/v2/files/907cbc00-2f0b-424a-8d5c-dec1c2317ce8/1; https://files-api.properstar.com/api/v2/files/0c0edc57-e0e9-4f14-a44c-02dd7a334560/1; https://files-api.properstar.com/api/v2/files/79a91b97-927f-4527-9660-106d0131609d/1; https://files-api.properstar.com/api/v2/files/a064b70c-54c2-449c-ab12-ceebb5d9864a/1; https://files-api.properstar.com/api/v2/files/763a4a9c-0297-4893-9e43-280ce17d2596/1; https://files-api.properstar.com/api/v2/files/96649d4e-fdbb-43ea-85b8-09911bd2add5/1; https://files-api.properstar.com/api/v2/files/5915ddde-786e-4cb0-aedf-c4c382ba91ef/1; https://files-api.properstar.com/api/v2/files/16864005-9909-4e6f-98cf-f534fd012d82/1; https://files-api.properstar.com/api/v2/files/76f78149-bbd7-4838-bb0f-8b4f0811f797/1; https://files-api.properstar.com/api/v2/files/a9ae709b-674b-4788-98d7-07d1f9d7a604/1; https://files-api.properstar.com/api/v2/files/6cb14f09-5507-4042-8812-51fd865a5227/1; https://files-api.properstar.com/api/v2/files/7e86184d-5f26-40cf-8bf5-62b9afaa5a16/1; https://files-api.properstar.com/api/v2/files/e7802e49-0697-4e50-b9d2-cc68fa94caf0/1; https://files-api.properstar.com/api/v2/files/e4af09f5-22d8-4207-8a1d-2759b15fb76d/1; https://files-api.properstar.com/api/v2/files/f105a5b0-d98d-4e9e-aacf-d8bb95738e10/1; https://files-api.properstar.com/api/v2/files/f0d7b5fc-201b-4c70-94a8-6e62798c1185/1; https://files-api.properstar.com/api/v2/files/d17fe980-e7b5-4108-b062-377d65534987/1; https://files-api.properstar.com/api/v2/files/a27b0d80-6e6f-470d-9788-14e6d5987100/1; https://files-api.properstar.com/api/v2/files/649000ad-c02f-467f-a794-ecb3b50b75eb/1; https://files-api.properstar.com/api/v2/files/e3d09961-212a-4cd3-b191-f0e306efa9e6/1; https://files-api.properstar.com/api/v2/files/38e1250f-639d-4fb5-9703-fc75dc0a577b/1; https://files-api.properstar.com/api/v2/files/21788a00-5fb5-4a1d-865b-0c2765dafa87/1; https://files-api.properstar.com/api/v2/files/cb1b85dc-9a37-48bc-be7c-f3aecfbf87bb/1; https://files-api.properstar.com/api/v2/files/1d1acdcc-e16b-42ef-9c71-5a165f4d7110/1; https://files-api.properstar.com/api/v2/files/835bef04-d74f-4afa-a751-cfd1d7ce29f6/1; https://files-api.properstar.com/api/v2/files/e68fc5cc-ea60-4cd3-9500-eace1a158693/1; https://files-api.properstar.com/api/v2/files/4daedabb-5cd2-4909-940c-27e72afa6fa5/1; https://files-api.properstar.com/api/v2/files/19af59c4-b330-4dc9-96c6-862564be39a7/1; https://files-api.properstar.com/api/v2/files/fadfa9a6-f4bf-4325-87f5-0c1929e1a7fc/1
116889897,Fully furnished hotel zone loft for rent puerto morelos,https://www.properstar.co.uk/listing/116889897,GBP 780,"Quintana Roo, Puerto Morelos , Puerto Morelos, Mexico",20.844236,-86.880426,1,1,861.1132,Apartment,5 Realty,2026-05-22T04:50:12.58,https://files-api.properstar.com/api/v2/files/06f64136-90de-4d99-9cf4-6f6dc034c98a/1; https://files-api.properstar.com/api/v2/files/cdd4adb9-e796-4859-854b-4ac43eaab219/1; https://files-api.properstar.com/api/v2/files/dcbef9e7-02e4-474e-a705-75649d9046b6/1; https://files-api.properstar.com/api/v2/files/fcdb1cb3-fd06-448e-ae0c-871c9a03e644/1; https://files-api.properstar.com/api/v2/files/e7bc5bd8-b73a-4199-ae91-3ca8fc687798/1; https://files-api.properstar.com/api/v2/files/8f108fc6-eb41-417d-902a-b0b8c61f1e5e/1; https://files-api.properstar.com/api/v2/files/ac2643b6-e388-46cc-9111-d4e5ae9f2601/1; https://files-api.properstar.com/api/v2/files/fced9374-06af-48d5-8aa2-f57f39ef8510/1; https://files-api.properstar.com/api/v2/files/518b26ed-5819-4d16-94df-6d22ce9a705a/1; https://files-api.properstar.com/api/v2/files/f01866ff-823d-453b-9fd8-df5ca7843da2/1; https://files-api.properstar.com/api/v2/files/566d7dcf-84e5-45ba-a3c8-f43d05d647e9/1; https://files-api.properstar.com/api/v2/files/0a47ea39-b291-486a-9a3b-24e41b3e1650/1
115551123,APARTMENT FOR RENT 2ND LINE OF BEACH / PUERTO MORELOS,https://www.properstar.co.uk/listing/115551123,"GBP 2,123","Quintana Roo, Mexico",20.847808,-86.875534,2,2,1011.808,Apartment,iad Mexico,2026-04-09T03:37:34.96,https://files-api.properstar.com/api/v2/files/e918cf62-a09a-4499-b7ab-ba95f921b0db/1; https://files-api.properstar.com/api/v2/files/23ec439e-fc2f-4cbf-9961-85f3e702ba13/1; https://files-api.properstar.com/api/v2/files/38dfbf1c-20fc-4ba3-9472-2edf03240572/1; https://files-api.properstar.com/api/v2/files/9de26928-ef2f-436b-9042-f836bf96746b/1; https://files-api.properstar.com/api/v2/files/8714c368-ebfa-4689-9fc7-2492670b7678/1; https://files-api.properstar.com/api/v2/files/09d10f8c-e221-4954-bffd-6757f259e928/1; https://files-api.properstar.com/api/v2/files/6f0b9fbb-a104-4fdf-b1f3-050bc912d744/1; https://files-api.properstar.com/api/v2/files/0319296c-a496-4f61-9e75-e3314e30d821/1; https://files-api.properstar.com/api/v2/files/a24af6a2-04a8-4304-ab67-15a5f925528c/1; https://files-api.properstar.com/api/v2/files/8c67da15-998f-4f20-9c42-f1c8e18bf8b5/1; https://files-api.properstar.com/api/v2/files/1c0b9a5a-be7b-45ae-a3f3-d1f9534c5120/1; https://files-api.properstar.com/api/v2/files/a8be4a4d-0422-41a0-9fa3-65cf84f21701/1; https://files-api.properstar.com/api/v2/files/e5feb470-427b-4065-9401-9cbbafd801f2/1; https://files-api.properstar.com/api/v2/files/6a8cf6cb-45b1-42e6-a375-1fbf6adb5daf/1; https://files-api.properstar.com/api/v2/files/0b2dae54-fd22-4982-b47e-ffb1bb50bd14/1; https://files-api.properstar.com/api/v2/files/e58d4699-8d37-4aa1-9de7-4ec58052b64a/1; https://files-api.properstar.com/api/v2/files/895e5d08-3478-4079-a90b-d2aebcaf635f/1
113549912,Apartment - Puerto Morelos,https://www.properstar.co.uk/listing/113549912,GBP 563,"Quintana Roo, Benito Juárez, Cancún, Puerto Morelos, Puerto Morelos, Mexico",20.847808,-86.875534,,1,,Apartment,LUM REAL ESTATE,2026-01-31T08:33:04.617,https://files-api.properstar.com/api/v2/files/1091c894-8658-4bce-84cb-78ddc887ac88/1; https://files-api.properstar.com/api/v2/files/0834ffc7-b5ca-437f-9e60-faeeca4f2dce/1; https://files-api.properstar.com/api/v2/files/57241fe2-df92-406c-93ca-66dc359d753c/1; https://files-api.properstar.com/api/v2/files/b4647308-ef12-4a27-9bb9-08e1e97524aa/1; https://files-api.properstar.com/api/v2/files/3303f72e-81a5-447e-8e1a-5d7cc544e284/1; https://files-api.properstar.com/api/v2/files/34e67348-b9b5-49b8-9558-29eaa971e4f6/1; https://files-api.properstar.com/api/v2/files/ff59e794-b64c-4910-9b97-67500fc7ef02/1; https://files-api.properstar.com/api/v2/files/9a0ad4be-5ee7-45ec-ae2d-3fd108c6ddad/1; https://files-api.properstar.com/api/v2/files/ebfe0796-976b-4fe4-9361-f64ad5b74aaf/1
111439119,"HOUSE FOR RENT, RESIDENCIAL PUERTO MARINO, PUERTO MORELOS, QUINTANA ROO.",https://www.properstar.co.uk/listing/111439119,GBP 737,"Quintana Roo, Puerto Morelos, Puerto Morelos, Mexico",20.844236,-86.880426,4,3,,House,Top properties,2025-11-06T04:02:38.283,https://files-api.properstar.com/api/v2/files/1b63e9c7-b258-4388-9cec-3ba3f71f2f95/1; https://files-api.properstar.com/api/v2/files/767e5240-16ac-4a5e-9ecf-4ec72785e501/1; https://files-api.properstar.com/api/v2/files/e2f8e2b3-19e0-4cb4-a8bf-ef4ae848fb56/1; https://files-api.properstar.com/api/v2/files/04c718dd-2dd8-40d4-8f71-726ccd7d66c4/1; https://files-api.properstar.com/api/v2/files/029feca1-beee-4b7d-be74-ebf5958a9e33/1; https://files-api.properstar.com/api/v2/files/ef3d8fe0-471a-40c1-9e8b-bbb7e432d766/1; https://files-api.properstar.com/api/v2/files/2818d190-9b73-4653-83aa-4306470990ff/1; https://files-api.properstar.com/api/v2/files/dce3efd3-b240-4270-9b89-420ed027e20c/1; https://files-api.properstar.com/api/v2/files/8bd4a2da-6387-4abf-a2d8-b02ae8415f2d/1; https://files-api.properstar.com/api/v2/files/245d9cc8-0366-4e5b-94cd-7d0087db6e42/1; https://files-api.properstar.com/api/v2/files/ece0855a-538a-4627-affb-25c49c756418/1; https://files-api.properstar.com/api/v2/files/9e7c0458-a180-4347-a095-261b73f6883d/1; https://files-api.properstar.com/api/v2/files/28fe6184-aa50-4f6d-9791-b7c24a2ea38c/1; https://files-api.properstar.com/api/v2/files/55660fd8-77d9-4048-b9ca-85290b07c0f6/1; https://files-api.properstar.com/api/v2/files/f9e489c9-d4d7-42e9-8c9d-3f4c31dbc3f1/1; https://files-api.properstar.com/api/v2/files/7b52a64c-b4aa-4f8b-b87c-7f91c9986b04/1; https://files-api.properstar.com/api/v2/files/915bf37e-9b71-4af1-ac1e-2ed20f58f49e/1; https://files-api.properstar.com/api/v2/files/32e008cb-b97e-4e15-85f9-f36a2ca44fc6/1; https://files-api.properstar.com/api/v2/files/958a8b5d-8d95-4b7a-9245-c859f21f4d9d/1; https://files-api.properstar.com/api/v2/files/7a76e31d-60da-489d-ab38-0ad836cc6eaf/1; https://files-api.properstar.com/api/v2/files/c8c81de7-4a49-42ae-a633-543558f55ca6/1; https://files-api.properstar.com/api/v2/files/418eb5c7-2584-4307-8eca-2f22f16a1847/1; https://files-api.properstar.com/api/v2/files/5a5bd7ac-2b5f-4f10-9b10-ab5eb9d9f4ae/1; https://files-api.properstar.com/api/v2/files/4c3907b9-ea3f-4b35-9170-acf6a71116e5/1; https://files-api.properstar.com/api/v2/files/b2d81191-8e42-4ead-b250-ba2e92787e0e/1; https://files-api.properstar.com/api/v2/files/0a611bfd-a4c7-45ea-8810-a2e694675453/1
106439052,House in Residencial Selva Escondida,https://www.properstar.co.uk/listing/106439052,GBP 563,"Quintana Roo, Benito Juárez, Cancún, Puerto Morelos, Puerto Morelos, Mexico",20.847808,-86.875534,2,1,,House,G&V Bienes Raíces,2025-05-05T09:14:01.59,https://files-api.properstar.com/api/v2/files/215431ea-ae2a-4a56-a46e-3cb6d5f5ea21/2; https://files-api.properstar.com/api/v2/files/e2a2b767-c884-4d59-8ddc-28f229582a35/2; https://files-api.properstar.com/api/v2/files/e6494163-cfdd-4f50-be15-3e04e8e63f06/2; https://files-api.properstar.com/api/v2/files/d3287960-5a72-4ae4-957c-3112d0029f5c/2; https://files-api.properstar.com/api/v2/files/760142ff-3195-4929-8458-c53211b2bef1/2; https://files-api.properstar.com/api/v2/files/07fc1e83-24a7-4c9a-bf42-192e7eb727a2/2; https://files-api.properstar.com/api/v2/files/6c0d3dd1-3a5b-4ed9-a893-68a09afc07d0/2; https://files-api.properstar.com/api/v2/files/f9a690b8-bc95-4531-abb5-45b1beebffe0/2; https://files-api.properstar.com/api/v2/files/d870bc77-7893-493e-bcaf-8b7c757af4b4/2; https://files-api.properstar.com/api/v2/files/2ee7397c-7040-4629-8210-277350bf2600/2; https://files-api.properstar.com/api/v2/files/87f726d0-9185-44e0-b1e9-e5e2331a234a/2; https://files-api.properstar.com/api/v2/files/54a6a128-d82a-45c8-b804-c6e3b6d13980/2; https://files-api.properstar.com/api/v2/files/fc4e7148-cf0e-4fbb-9d02-dd1f0fed80c8/2; https://files-api.properstar.com/api/v2/files/fa00b454-e7c1-4266-b46d-af6fb0defb94/2; https://files-api.properstar.com/api/v2/files/acd585fb-f394-4c7b-8ff6-1b3f22b546eb/2; https://files-api.properstar.com/api/v2/files/b01f1eb2-2e29-48c2-9da8-e7fa30c890f3/2; https://files-api.properstar.com/api/v2/files/d0d31609-68f7-48c6-a3cd-880f6ac4f377/2; https://files-api.properstar.com/api/v2/files/1df79a4b-1642-4e6c-b87a-34eb1299c052/2; https://files-api.properstar.com/api/v2/files/c7e7abf7-e669-4446-aca2-1b1452b305b8/2; https://files-api.properstar.com/api/v2/files/d5cdb77a-9c2f-4727-a5b3-f3c84fd8f0f9/2; https://files-api.properstar.com/api/v2/files/50bf9dbe-b240-4825-9790-8c683945095d/2; https://files-api.properstar.com/api/v2/files/d90cbee1-658a-4e10-85dd-b95cb1f0fd3e/2
119278400,This is undoubtedly one of the best apartments in Puerto Morelos.,https://www.properstar.co.uk/listing/119278400,GBP 867,"La Playa 36A, Puerto Morelos, Mexico",20.851598,-86.898412,2,2,,Apartment,CENTURY 21 Bahía 26,2026-08-02T03:07:38.04,https://files-api.properstar.com/api/v2/files/734127bb-1327-4850-92a7-cf81925da3b3/1; https://files-api.properstar.com/api/v2/files/2fb64bcb-0f24-4409-9dbf-a09c65f0c8aa/1; https://files-api.properstar.com/api/v2/files/4f585d1d-54ee-4de1-b3af-e7f0cc89d727/1; https://files-api.properstar.com/api/v2/files/6e87651d-0981-4f6d-8162-f3883efde2b7/1; https://files-api.properstar.com/api/v2/files/ee0212db-ba64-4035-9b5a-567f6e1f75ea/1; https://files-api.properstar.com/api/v2/files/987f36a1-82c1-4e42-88e5-53dcdaba140b/1; https://files-api.properstar.com/api/v2/files/0ecfc47f-a607-4659-abb8-938b38fd9836/1; https://files-api.properstar.com/api/v2/files/c7707969-7b91-47a3-88ff-f339a88999dc/1; https://files-api.properstar.com/api/v2/files/35847842-d6fd-474b-ab69-6d60f9dfc1ae/1; https://files-api.properstar.com/api/v2/files/5df7bd13-bf0d-4600-a02d-b86169a211c9/1; https://files-api.properstar.com/api/v2/files/eff84300-eccc-4934-9e5f-6a287aba2546/1; https://files-api.properstar.com/api/v2/files/10b2c24b-bfd9-4172-8d2c-a10e0b5af781/1; https://files-api.properstar.com/api/v2/files/b1694363-8e76-46d3-a246-88113018cf4f/1; https://files-api.properstar.com/api/v2/files/8d5c212c-7297-41a1-8f25-3a40431dcb67/1; https://files-api.properstar.com/api/v2/files/efabfdb3-747b-4db9-8b0f-f8196d0419b8/1; https://files-api.properstar.com/api/v2/files/9e5ecbcf-c00e-46f5-a6ed-f732b3f2a9ae/1; https://files-api.properstar.com/api/v2/files/843bf4f9-da29-475a-bd6c-5dcd50410c3f/1; https://files-api.properstar.com/api/v2/files/12f5f95b-f27d-427f-a847-e0024929626d/1; https://files-api.properstar.com/api/v2/files/aada12fc-7b18-4a07-9ffe-de941f25fb4e/1; https://files-api.properstar.com/api/v2/files/1d5ad66c-4da4-4687-9426-66507adf8946/1; https://files-api.properstar.com/api/v2/files/14404569-fa0a-42ff-8c2a-a46f72d7c3c2/1; https://files-api.properstar.com/api/v2/files/56b89067-f6ce-47b0-ab72-172422fe24de/1; https://files-api.properstar.com/api/v2/files/5dc6c589-e5bf-4e77-a100-b95593e1d295/1; https://files-api.properstar.com/api/v2/files/741acb8f-5852-49ac-a23e-fd9f736c15b6/1; https://files-api.properstar.com/api/v2/files/5ed927b6-4ef2-4d00-94ef-436c085cc46c/1; https://files-api.properstar.com/api/v2/files/86d78c3b-c749-4e63-8c29-45cae13f1fa1/1; https://files-api.properstar.com/api/v2/files/f89d8a44-4c26-4979-8c9e-e04b6e280ceb/1; https://files-api.properstar.com/api/v2/files/b22825ad-e178-47b8-98b1-9b40d57a800f/1; https://files-api.properstar.com/api/v2/files/12d8cfe9-becc-4e21-93df-a80ae22d5f48/1; https://files-api.properstar.com/api/v2/files/f1dc549a-72d6-48e7-84b8-81e6be81242b/1; https://files-api.properstar.com/api/v2/files/e2c35d96-576d-4ac5-b7a8-83c153bbe590/1; https://files-api.properstar.com/api/v2/files/1067c9eb-60be-49bf-9050-f072b6a1acc9/1; https://files-api.properstar.com/api/v2/files/e8deb560-545a-4327-8568-0e34cefa5351/1; https://files-api.properstar.com/api/v2/files/3ee42a77-bd61-4c40-b278-4f82735cecc0/1; https://files-api.properstar.com/api/v2/files/53764070-be77-4b20-9a03-37bebeb442ae/1
118028335,"House for rent in Puerto Morelos, Puerto Morelos, Quintana Roo",https://www.properstar.co.uk/listing/118028335,GBP 780,"Puerto Morelos, Mexico",20.851598,-86.898412,3,3,1011.808,House,Gabriela Mosqueda Tapia ,2026-07-07T15:17:09.803,https://files-api.properstar.com/api/v2/files/f5a68bbe-aac9-4cec-953c-658be88ce917/1; https://files-api.properstar.com/api/v2/files/325ba759-07a7-47de-817a-6344c6f1e209/1; https://files-api.properstar.com/api/v2/files/7ac19d4d-edb9-4754-ba60-364c93d16155/1; https://files-api.properstar.com/api/v2/files/e6f8829b-7e41-4b9d-998d-7c1a0d899e61/1; https://files-api.properstar.com/api/v2/files/cfee15d8-9fc3-4247-a377-6c04d0f5a8fd/1; https://files-api.properstar.com/api/v2/files/b161a4c4-e2a0-4986-a837-63749ef97088/1; https://files-api.properstar.com/api/v2/files/c8ae946a-582e-41e7-9d56-6abf4f359c62/1; https://files-api.properstar.com/api/v2/files/6ad9a956-7475-4d15-b69d-108b465ee458/1; https://files-api.properstar.com/api/v2/files/4bec6306-9cf2-4656-906d-a11beec6d160/1; https://files-api.properstar.com/api/v2/files/668b10d6-39ee-47f6-85b6-bc46cdfac76a/1; https://files-api.properstar.com/api/v2/files/0088042b-580b-44af-9943-90ee1109f1f9/1; https://files-api.properstar.com/api/v2/files/7f3d54ca-872c-411a-8c64-a425149c0602/1; https://files-api.properstar.com/api/v2/files/397c58fd-045a-493a-b013-f473f346d618/1; https://files-api.properstar.com/api/v2/files/91b1af57-e5e9-4036-a805-305f1567a996/1; https://files-api.properstar.com/api/v2/files/94c95e18-0869-4f21-8408-e49aef35de65/1; https://files-api.properstar.com/api/v2/files/039c70ad-cba5-44b3-937e-012454fc82dd/1
117892255,"House for rent in Puerto Morelos, Puerto Morelos, Quintana Roo",https://www.properstar.co.uk/listing/117892255,GBP 845,"Smz 21, Mz 103, Puerto Morelos, Mexico",20.851598,-86.898412,4,3,1388.545,House,Rosario Cariño Ortega,2026-07-07T15:17:09.803,https://files-api.properstar.com/api/v2/files/1b45a4f6-a4aa-4bc2-b70a-be80577e2632/1; https://files-api.properstar.com/api/v2/files/3e401307-31e5-4627-a9c2-5aad36c94024/1; https://files-api.properstar.com/api/v2/files/652833c5-46d0-48e3-951b-ee077e8a5d9d/1; https://files-api.properstar.com/api/v2/files/bcb4bb85-aab7-4b71-b129-4e3aa762927a/1; https://files-api.properstar.com/api/v2/files/a13b0340-04a6-4a3c-87a4-795076beceee/1; https://files-api.properstar.com/api/v2/files/5804acec-85cf-4d38-bdaa-129e27d4f0ca/1; https://files-api.properstar.com/api/v2/files/46bac535-97e8-4d44-9165-dff996c20b5a/1; https://files-api.properstar.com/api/v2/files/7532921a-4203-4328-89b8-446a7aecd237/1; https://files-api.properstar.com/api/v2/files/a21fdda4-3464-4de3-b47d-f3262e54f093/1; https://files-api.properstar.com/api/v2/files/06994bf5-c950-424b-bc48-edba69f31424/1; https://files-api.properstar.com/api/v2/files/b64dfad6-bf72-416a-b4f1-0793517d0e5a/1; https://files-api.properstar.com/api/v2/files/a5bc4dcd-f3bb-4c7d-805c-5da737d9d7ee/1; https://files-api.properstar.com/api/v2/files/178823ac-1b7c-46e4-a301-f9b735279b04/1; https://files-api.properstar.com/api/v2/files/2a4eb8b7-4993-4717-9cac-776029fbeec8/1; https://files-api.properstar.com/api/v2/files/ea6ce490-29ba-472c-a242-37985646b29a/1; https://files-api.properstar.com/api/v2/files/2735a34e-735a-4863-ba05-7b44f3f97d1a/1; https://files-api.properstar.com/api/v2/files/2d1dc8e6-de2f-4570-9730-b1c6691d4691/1; https://files-api.properstar.com/api/v2/files/ed817671-b13d-4931-8475-8c78ad62c598/1; https://files-api.properstar.com/api/v2/files/e344c9e8-9d0b-4d9c-b805-d59eafff5bf4/1; https://files-api.properstar.com/api/v2/files/7c5318fd-d621-4447-8c05-5b604b935ca8/1
118250117,Apartment in Puerto Morelos,https://www.properstar.co.uk/listing/118250117,GBP 520,"Quintana Roo, Puerto Morelos, Puerto Morelos, Mexico",20.851598,-86.898412,,,,Apartment,NORIA,2026-06-29T15:56:03.917,https://files-api.properstar.com/api/v2/files/72a59ed0-440a-4077-aa42-527e561c5aa3/1; https://files-api.properstar.com/api/v2/files/07008f5a-7487-4c08-b810-8e02c60d9940/1; https://files-api.properstar.com/api/v2/files/559701f2-1f56-4d4d-a016-bccf5f44e116/1; https://files-api.properstar.com/api/v2/files/e2ea85ad-f2f3-4a0b-b051-8985eeb46ed5/1; https://files-api.properstar.com/api/v2/files/bbd750a1-4b16-456e-b613-3eb5776ee0f8/1; https://files-api.properstar.com/api/v2/files/1f1625f1-b83f-49db-b11f-1e20b1641e4d/1; https://files-api.properstar.com/api/v2/files/6a0696fa-7b25-4fe5-934b-f2c1c6a4ba7c/1; https://files-api.properstar.com/api/v2/files/04a07168-1629-495b-88e7-430fcc455af6/1; https://files-api.properstar.com/api/v2/files/c7cd3ff1-06f7-44e6-b8ee-485328edb6bf/1; https://files-api.properstar.com/api/v2/files/7cc3365a-29e8-449c-a762-edf1b751adf3/1; https://files-api.properstar.com/api/v2/files/0cad2730-205b-4bea-8ed7-ffc248d99a64/1; https://files-api.properstar.com/api/v2/files/ecdcfb70-a1f0-4e2d-b643-cd1421f96227/1; https://files-api.properstar.com/api/v2/files/8ca1a2b6-debd-4b1b-a2b4-fa003437911e/1; https://files-api.properstar.com/api/v2/files/31514453-f276-4a37-81d6-96667172baa9/1; https://files-api.properstar.com/api/v2/files/b09b68f7-e94d-4d8f-9139-f5d29ef00a53/1; https://files-api.properstar.com/api/v2/files/50dcbabc-8625-41a1-b4ae-c98818614cd1/1; https://files-api.properstar.com/api/v2/files/b44b9c73-6ebb-4b5f-8c86-89a6e401e7a7/1; https://files-api.properstar.com/api/v2/files/47d7420e-9725-450a-b44c-8cfccf77a4b4/1; https://files-api.properstar.com/api/v2/files/c9fb8e25-14a0-454c-8167-86cd56ba2c51/1; https://files-api.properstar.com/api/v2/files/5b42ee29-cb39-45f1-88c9-6da9451fc0db/1; https://files-api.properstar.com/api/v2/files/64085ede-6fa5-4337-b3d1-25b00ffc3936/1; https://files-api.properstar.com/api/v2/files/87bbc608-7b60-4154-af5f-38cd765d6ac2/1; https://files-api.properstar.com/api/v2/files/9d2de4ce-cf3d-4b3e-a5ba-98fe3a536092/1; https://files-api.properstar.com/api/v2/files/845c5ca0-dd31-4ddc-b10b-9fe86d45f076/1; https://files-api.properstar.com/api/v2/files/edf9bd17-59ad-4ae8-aede-32ca12e4f660/1; https://files-api.properstar.com/api/v2/files/5f9dd06f-d363-44f7-aa30-394ef53b5aa6/1
117601887,"Beautiful Furnished House for Rent in Residencial Regatta, Puerto Morelos",https://www.properstar.co.uk/listing/117601887,"GBP 1,018","Arrecife 2, Puerto Morelos, Mexico",20.851598,-86.898412,3,2,,House,Tropica Realty,2026-06-14T03:07:26.72,https://files-api.properstar.com/api/v2/files/df406aac-5428-4ed1-a63d-91a23d5b9870/1; https://files-api.properstar.com/api/v2/files/3ffe0499-457e-40af-bde7-1ed9e4cf9707/1; https://files-api.properstar.com/api/v2/files/7488bd08-1802-4e9f-99c5-d544e284da01/1; https://files-api.properstar.com/api/v2/files/c29fc827-8a83-4096-ac9f-638b8f68a09e/1; https://files-api.properstar.com/api/v2/files/af8d0db0-854d-4df1-b443-ed2c37ffa43e/1; https://files-api.properstar.com/api/v2/files/6dd806a3-1e5a-4a3f-bceb-fe97e36e9371/1; https://files-api.properstar.com/api/v2/files/4fe5fc4e-c113-4909-a398-150abe279eac/1; https://files-api.properstar.com/api/v2/files/11069edc-c99f-4a94-883d-fc21ff812985/1; https://files-api.properstar.com/api/v2/files/d8689846-120e-4fa8-9ac1-fbd75f83df12/1; https://files-api.properstar.com/api/v2/files/6e6eb9ca-402e-4c3f-9cd4-dc6fccd563cd/1; https://files-api.properstar.com/api/v2/files/e7621b8d-44e8-48ac-ba11-4ee357141f17/1; https://files-api.properstar.com/api/v2/files/7b427b60-9773-48c0-9c13-8feb6b856a08/1; https://files-api.properstar.com/api/v2/files/443cf9c8-6509-4763-9225-ef91685023cc/1; https://files-api.properstar.com/api/v2/files/f2af44aa-55f7-499b-ae03-0bdb7e17b3fe/1; https://files-api.properstar.com/api/v2/files/b81a5f5e-ff8d-4c04-a6a0-466395971af7/1; https://files-api.properstar.com/api/v2/files/1902c00f-bc97-413c-a2f6-122fdc8bebfb/1; https://files-api.properstar.com/api/v2/files/f888655a-ecfa-40c7-85f5-a7b4473b70f7/1; https://files-api.properstar.com/api/v2/files/ce415378-5a88-4fa8-a91e-c7f26bc1ba6f/1; https://files-api.properstar.com/api/v2/files/4f4b3550-cdbf-4314-a04f-67c08b65a16e/1; https://files-api.properstar.com/api/v2/files/157b9699-6252-42b5-9c1d-dc06729903a5/1; https://files-api.properstar.com/api/v2/files/12088ef1-55b1-4d27-b12a-3d5f64916bbb/1; https://files-api.properstar.com/api/v2/files/cbf02853-bdb6-4bd1-9364-d73b7ccd8f07/1; https://files-api.properstar.com/api/v2/files/39ceb00e-4508-471a-b2de-6ca2c3f8c96e/1; https://files-api.properstar.com/api/v2/files/91a95a8c-851c-4b1b-a21e-27c57617c55b/1; https://files-api.properstar.com/api/v2/files/90265abf-2d71-420f-bb74-bf65a09b3fb5/1; https://files-api.properstar.com/api/v2/files/40ab3b46-1ce6-4805-a658-799ec80e0483/1; https://files-api.properstar.com/api/v2/files/e1e699f8-b906-46a1-98ca-1f8c012c4d74/1; https://files-api.properstar.com/api/v2/files/2be096c8-fc29-4de6-a929-3cf800796345/1; https://files-api.properstar.com/api/v2/files/b2a3c7be-6d04-4d10-b911-e2dbd110fb38/1; https://files-api.properstar.com/api/v2/files/ae59f9c5-8bb5-4fd1-83cb-a034edd6fde9/1; https://files-api.properstar.com/api/v2/files/522a328b-f9b5-4b1d-8133-5d1039431ba6/1; https://files-api.properstar.com/api/v2/files/95cdeeaf-c605-4800-98ef-b0d4fde6ef0c/1; https://files-api.properstar.com/api/v2/files/e671a98f-c200-4cf9-9873-9a794ef308f2/1; https://files-api.properstar.com/api/v2/files/46ec6c2f-1de1-46f9-be3f-c909caf4a353/1
117163172,"1 bedroom PHC with private pool, in Soliman Bay, Caribbean Sea View.",https://www.properstar.co.uk/listing/117163172,"GBP 1,148","Quintana Roo, Tulum, Bahías de Punta Solimán, Bahías de Punta Solimán, Mexico",20.849811,-86.899715,1,1,536.2582,Apartment,PARAISO REAL ESTATE TULUM,2026-05-31T15:54:49.787,https://files-api.properstar.com/api/v2/files/de17a494-c1e8-482c-a4c2-434ca8d30f16/1; https://files-api.properstar.com/api/v2/files/9daf920f-8daa-45d4-a48c-b37ac46c67d1/1; https://files-api.properstar.com/api/v2/files/5aa6f5a8-3768-4867-9532-a2aa92028405/1; https://files-api.properstar.com/api/v2/files/93cd676a-5b07-4ac6-b307-9e84ffab5f58/1; https://files-api.properstar.com/api/v2/files/839a03fe-fa4c-4c42-83ac-e99e21157151/1; https://files-api.properstar.com/api/v2/files/037dcd11-739a-4f9c-b09d-b405cb3e807f/1; https://files-api.properstar.com/api/v2/files/8d1a4031-438d-410a-942e-c6363f076825/1; https://files-api.properstar.com/api/v2/files/feb1cee0-4ea7-4e19-b4fa-58c71c72659b/1; https://files-api.properstar.com/api/v2/files/728cf520-5895-4434-a500-fa77fdd12cad/1; https://files-api.properstar.com/api/v2/files/6ade7760-6132-4e5e-806f-e2a442831126/1; https://files-api.properstar.com/api/v2/files/2325c305-2001-41ab-a874-c3995628a969/1; https://files-api.properstar.com/api/v2/files/abc7f9e2-2fe6-4ac5-8aec-8f8a7d464ade/1; https://files-api.properstar.com/api/v2/files/9b91d9f5-6f90-49dc-bbed-bba5132dffa0/1; https://files-api.properstar.com/api/v2/files/d25cb5c9-6c6d-44a3-8edb-cd7f4b746c1e/1; https://files-api.properstar.com/api/v2/files/85a1c441-b048-4a91-8ba8-a7fcf16b5bda/1; https://files-api.properstar.com/api/v2/files/b15fd224-6c9c-4ae4-87b9-137833941c81/1; https://files-api.properstar.com/api/v2/files/cb670a70-1965-4370-b4ca-4e6c646deecf/1; https://files-api.properstar.com/api/v2/files/d79c4619-1064-469f-bf34-ccaa3e15616d/1; https://files-api.properstar.com/api/v2/files/d1161097-5699-4108-bb70-e9ef91620c04/1; https://files-api.properstar.com/api/v2/files/7b9b4115-3980-4862-9ee2-908af0260641/1; https://files-api.properstar.com/api/v2/files/b296ba70-8494-40d5-85a9-1a350f984683/1; https://files-api.properstar.com/api/v2/files/f8e11c1f-c577-4510-a0ec-5e33e555e31c/1; https://files-api.properstar.com/api/v2/files/a60f85a2-926c-4ea5-b0e2-1bc920d209a7/1; https://files-api.properstar.com/api/v2/files/34b3463b-7b89-4e5f-b99d-45108af0e1a3/1; https://files-api.properstar.com/api/v2/files/5f7a007e-cc2a-49d7-b323-851517ac5fb1/1; https://files-api.properstar.com/api/v2/files/fa64e275-32e5-47b1-a70d-d56959ac842d/1; https://files-api.properstar.com/api/v2/files/6f2bd3a9-f2dc-4c55-aad8-b04f36c062fd/1; https://files-api.properstar.com/api/v2/files/9dd66b75-c519-4c10-8e51-a106bbd9a8ce/1; https://files-api.properstar.com/api/v2/files/52762c49-c42b-491b-bc35-1394773e15ee/1; https://files-api.properstar.com/api/v2/files/c633c356-7c56-41af-a010-1b5673040049/1; https://files-api.properstar.com/api/v2/files/87fd0aaf-89e9-434d-b8ba-a9acf1d29b11/1; https://files-api.properstar.com/api/v2/files/e7bee7f8-d205-4a69-8c45-46ec2dd515d6/1; https://files-api.properstar.com/api/v2/files/ef2ff3cf-74c4-410b-9868-f7445895c681/1; https://files-api.properstar.com/api/v2/files/c728b45d-aa83-453d-92dc-812d2b8d2b90/1; https://files-api.properstar.com/api/v2/files/17f89908-548c-4807-bc09-168347605780/1; https://files-api.properstar.com/api/v2/files/ae94daf5-c57d-4de5-a23e-f6fec186af93/1; https://files-api.properstar.com/api/v2/files/e5a7d996-2ac5-416f-bed5-c38575fcf5c4/1; https://files-api.properstar.com/api/v2/files/53efddac-73dc-4b82-bf30-2b41e14de942/1; https://files-api.properstar.com/api/v2/files/5ba07142-8ef2-431b-abab-65e73a5452fe/1; https://files-api.properstar.com/api/v2/files/d34ba511-5f7d-4469-8360-4bbf5a52a624/1; https://files-api.properstar.com/api/v2/files/21774f16-8a5d-489e-ba33-76936b8e1634/1; https://files-api.properstar.com/api/v2/files/83589237-6755-4d63-8d8f-06c56621e82b/1; https://files-api.properstar.com/api/v2/files/cb4167cb-0d50-4eee-b4af-92e4c492a1b3/1; https://files-api.properstar.com/api/v2/files/97dd7428-5d1d-44bc-a133-471293336e14/1; https://files-api.properstar.com/api/v2/files/8ded5ebd-6d63-4e0f-8b86-2aafcb5b9968/1; https://files-api.properstar.com/api/v2/files/74c4255c-d222-466f-9a21-40e788943a18/1; https://files-api.properstar.com/api/v2/files/3bfddaf1-c5ff-4274-93af-4b38b6f09e40/1; https://files-api.properstar.com/api/v2/files/d1ab0d0e-7820-46b5-a855-fb95ac9e1965/1; https://files-api.properstar.com/api/v2/files/3fb7c5dc-e1be-4c73-ab25-359e3992ee0f/1; https://files-api.properstar.com/api/v2/files/502ab151-1961-4e2c-80c4-263f1204932d/1; https://files-api.properstar.com/api/v2/files/5ed775ce-202d-45a1-b037-b37bd1cf3e76/1; https://files-api.properstar.com/api/v2/files/f48f0fc3-574e-4431-8548-5909fc41a8f8/1; https://files-api.properstar.com/api/v2/files/4e01efe7-5582-4b56-8da3-82504066e1bb/1; https://files-api.properstar.com/api/v2/files/e3cce6b4-064b-4cb7-ba65-a792657267ae/1; https://files-api.properstar.com/api/v2/files/05c1b1b1-27d5-40bb-96db-6c52e7711cb2/1; https://files-api.properstar.com/api/v2/files/4f72e428-ad07-4a3f-8fc4-4e3870ea1026/1; https://files-api.properstar.com/api/v2/files/79be59de-590d-4e95-984b-32d6485d07f2/1; https://files-api.properstar.com/api/v2/files/bb990e1d-3ee0-4805-a116-db5bca166c7b/1; https://files-api.properstar.com/api/v2/files/9de3d69d-bb05-4ef9-9a64-a86456adc3b7/1; https://files-api.properstar.com/api/v2/files/d4db8d17-5ba3-4090-92e6-1032687fb5a7/1; https://files-api.properstar.com/api/v2/files/d64a1913-3872-4adb-bfa3-c1c7cc9e5966/1; https://files-api.properstar.com/api/v2/files/974d74f9-fae6-4678-85a1-d56ed46153b7/1
117891731,"Apartment for rent in Puerto Morelos, Puerto Morelos, Quintana Roo",https://www.properstar.co.uk/listing/117891731,GBP 724,"Quinta Maretta  C-Arena, G, Puerto Morelos, Mexico",20.873746,-86.8983,3,2,968.7523,Apartment,Rosario Cariño Ortega,2026-07-07T15:17:09.803,https://files-api.properstar.com/api/v2/files/1299b4bd-8dfa-4d9f-b319-355929e97008/1; https://files-api.properstar.com/api/v2/files/c5eeab76-8244-46ed-ac5b-2f2088622571/1; https://files-api.properstar.com/api/v2/files/d592ec30-7192-4c59-a63f-8a5a49821ea1/1; https://files-api.properstar.com/api/v2/files/1776e695-1a8a-43b7-b5b9-bd943618798c/1; https://files-api.properstar.com/api/v2/files/0d983f83-82dc-493e-8ea3-c7a650117dff/1; https://files-api.properstar.com/api/v2/files/6d754f53-46e2-4038-91e8-97552a3e86a5/1; https://files-api.properstar.com/api/v2/files/776eaea5-d254-4e08-9ca1-dfdfc601d9e0/1; https://files-api.properstar.com/api/v2/files/82d517b4-e9d6-4a39-98e6-f7391bcc8f0b/1; https://files-api.properstar.com/api/v2/files/810a1f88-4d3e-45c0-aa51-f96d95c63ff5/1; https://files-api.properstar.com/api/v2/files/82385fa7-44e4-4e29-9604-a47ae1b3bd1b/1; https://files-api.properstar.com/api/v2/files/0e14948e-b726-47cc-a3f5-e3c354cf0e49/1; https://files-api.properstar.com/api/v2/files/3d9618c1-2bba-4c52-b341-2134bef1386c/1; https://files-api.properstar.com/api/v2/files/2ee8c8cb-d20c-47ca-aab8-c28b8b7977d6/1; https://files-api.properstar.com/api/v2/files/29414811-6a2a-44df-b9e4-e26ce23ca044/1; https://files-api.properstar.com/api/v2/files/04e589aa-3d87-4740-9618-985b6ba8312a/1; https://files-api.properstar.com/api/v2/files/e74cc863-73aa-4bc6-913a-98a213f69671/1; https://files-api.properstar.com/api/v2/files/60a2bab9-4ec9-4c1e-acb2-a0637145be62/1; https://files-api.properstar.com/api/v2/files/2b7263db-3ca4-4667-a592-ba6bae50d31e/1; https://files-api.properstar.com/api/v2/files/f90bc3df-ba39-474b-919b-f7a3888be172/1; https://files-api.properstar.com/api/v2/files/8016ad52-2b25-487e-a703-5992089c15e7/1; https://files-api.properstar.com/api/v2/files/a42790bd-cdd1-4ebb-8975-24554d367108/1
116497917,Casa Bernal – 4 Bedrooms,https://www.properstar.co.uk/listing/116497917,"GBP 1,083","Quinta maretta, Puerto Morelos, Mexico",20.873746,-86.8983,4,3,,House,Mayan Riviera Properties,2026-05-10T03:06:47.717,https://files-api.properstar.com/api/v2/files/117e3de4-983c-41c1-be9b-55cf60a5ab18/1; https://files-api.properstar.com/api/v2/files/e9e4de24-f594-43ca-a35c-3c89609f2a07/1; https://files-api.properstar.com/api/v2/files/97c8f11e-ee3e-4393-a28a-22da963f3e02/1; https://files-api.properstar.com/api/v2/files/5c598e53-9d7e-4dd5-8376-3ebfa553347f/1; https://files-api.properstar.com/api/v2/files/8830c10c-2c21-411c-906b-4fae9eda87d9/1; https://files-api.properstar.com/api/v2/files/c1a60839-a119-4afa-8ea0-f7d4cfcc6148/1; https://files-api.properstar.com/api/v2/files/8426b7a7-8b32-45e7-b56b-452490f9bc5c/1; https://files-api.properstar.com/api/v2/files/af9cc9ef-ea31-4a5f-bcdb-f2317b3ea69a/1; https://files-api.properstar.com/api/v2/files/9762c169-b424-44f6-9fb0-bf11b3c729ba/1; https://files-api.properstar.com/api/v2/files/ca943f27-b06b-46e9-b4a5-ab1e42d4518f/1; https://files-api.properstar.com/api/v2/files/efb831fc-58a1-4504-acde-6ac51a827e9f/1; https://files-api.properstar.com/api/v2/files/fe200ade-f657-40c9-9823-1d02a5307441/1; https://files-api.properstar.com/api/v2/files/ace61fb3-a356-4d12-946d-799fb39ead42/1; https://files-api.properstar.com/api/v2/files/415184a3-234d-49ee-9f55-18ccae6b1819/1; https://files-api.properstar.com/api/v2/files/36a833dc-3505-4794-9227-f91965cf3f98/1; https://files-api.properstar.com/api/v2/files/ece98b98-91a0-4169-b1a3-a53ba18e537a/1; https://files-api.properstar.com/api/v2/files/2a911300-cf19-4585-825f-780ded6ef990/1; https://files-api.properstar.com/api/v2/files/de30df34-be55-4555-ab28-f54fcc71cda5/1; https://files-api.properstar.com/api/v2/files/e1785c5b-21ed-495e-bbc1-f376f5fddadd/1; https://files-api.properstar.com/api/v2/files/8bbbc6e3-7a33-4a8e-94a7-6713ef79ad39/1; https://files-api.properstar.com/api/v2/files/0794f56b-c504-4ebe-91de-a9b5d86e8ca5/1; https://files-api.properstar.com/api/v2/files/a1735759-0e89-4263-85dd-8a669185c1b3/1; https://files-api.properstar.com/api/v2/files/412b7bc4-05f4-459a-b197-f49ecbe9b42b/1; https://files-api.properstar.com/api/v2/files/93858b17-fa8f-40c3-9687-61d099e306f4/1; https://files-api.properstar.com/api/v2/files/42ea51ab-213a-4e53-8499-3dad92a1f6ff/1; https://files-api.properstar.com/api/v2/files/95b1c5c5-b556-43e6-b446-a79067383250/1; https://files-api.properstar.com/api/v2/files/8a56cd5d-4003-4650-b51f-67fd544241c4/1; https://files-api.properstar.com/api/v2/files/58f0fa0d-9f5f-4ece-a8b6-78b568acb0f4/1; https://files-api.properstar.com/api/v2/files/c423548b-c229-481f-971a-dedfaea4eb85/1; https://files-api.properstar.com/api/v2/files/e1559be8-4590-4aa5-aac0-8cd078b17c6a/1; https://files-api.properstar.com/api/v2/files/1dd51292-9118-42f8-92a9-39cc6ef6fe77/1
117637904,FOR RENT! Exceptional offer in the Magical Town of Puerto Morelos,https://www.properstar.co.uk/listing/117637904,"GBP 1,083","Carretera Cancun Tulum Casa Sarah Aldea Kaan Calle 17 - 39, Puerto Morelos, Mexico",20.83527,-86.912082,4,4,,House,Tropica Realty,2026-06-16T03:38:09.733,https://files-api.properstar.com/api/v2/files/871f7864-9e46-4e45-8579-84b681f02673/1; https://files-api.properstar.com/api/v2/files/ab3673cf-4d3a-4b62-9b74-ce617cfc2185/1; https://files-api.properstar.com/api/v2/files/50a85031-ad7f-41c2-9691-476490048430/1; https://files-api.properstar.com/api/v2/files/46e9cdf9-d8b1-48b9-9dbd-fdb14df1ae7b/1; https://files-api.properstar.com/api/v2/files/a7120674-1143-4e01-aded-8fcc3745515f/1; https://files-api.properstar.com/api/v2/files/3b13d96d-db75-4973-b594-c2816e47e0aa/1; https://files-api.properstar.com/api/v2/files/21742d85-f2ed-490d-adc3-f1a742e075e7/1; https://files-api.properstar.com/api/v2/files/95f5b6ba-60a9-4994-88a4-dfd8fdca113f/1; https://files-api.properstar.com/api/v2/files/c2934aae-9ac9-4ec6-815b-583c0f14863d/1; https://files-api.properstar.com/api/v2/files/8222e877-e358-483a-9653-d5b12d147d7b/1; https://files-api.properstar.com/api/v2/files/363e86df-05ef-4712-8793-4904cbffba75/1; https://files-api.properstar.com/api/v2/files/4883acb0-8089-4b0c-b547-5f5314979383/1; https://files-api.properstar.com/api/v2/files/7df63393-7753-4c4c-a268-42b8bcafa999/1; https://files-api.properstar.com/api/v2/files/e4c39be1-5825-4563-8918-0b0a08c8da33/1; https://files-api.properstar.com/api/v2/files/5e1c3df4-47b7-41ec-9ed6-2327ff4bf067/1; https://files-api.properstar.com/api/v2/files/4b3c374b-fea5-45fe-9e53-ed535ede979e/1; https://files-api.properstar.com/api/v2/files/93595a73-a7cb-4385-9099-13f9af90107a/1; https://files-api.properstar.com/api/v2/files/34736d8f-8b62-4777-ab36-309dbb862d0c/1; https://files-api.properstar.com/api/v2/files/b549e4f4-f27a-48f8-b832-0c8627b3e492/1; https://files-api.properstar.com/api/v2/files/423ce0fd-c6ea-431d-b28e-1daf6cadea15/1; https://files-api.properstar.com/api/v2/files/4d358d08-b136-487e-8f69-bcde8cb0a983/1; https://files-api.properstar.com/api/v2/files/05c72b11-e7c6-4c2a-a322-54dc39a0b39c/1; https://files-api.properstar.com/api/v2/files/0a5936a0-2e5a-4dc8-b057-e36c159fc8b1/1; https://files-api.properstar.com/api/v2/files/dafe0000-97c7-4578-8626-bb3c6cb79a0a/1; https://files-api.properstar.com/api/v2/files/a7718ad3-0a76-4425-a5af-c9df3d1fd856/1; https://files-api.properstar.com/api/v2/files/1d41c404-ddf5-4820-8a7b-60d66e012ef3/1; https://files-api.properstar.com/api/v2/files/ed475653-35c4-47ae-8d94-771faf2f2721/1; https://files-api.properstar.com/api/v2/files/0f2c3f56-a16a-413e-af11-576abe83e968/1; https://files-api.properstar.com/api/v2/files/6397c6fe-4a79-4691-8844-6ba80e1a9ca6/1; https://files-api.properstar.com/api/v2/files/c0c6a396-d9e9-4f22-b96c-85e350362d5f/1; https://files-api.properstar.com/api/v2/files/5823d038-e964-440a-8d48-5c531cb0432f/1; https://files-api.properstar.com/api/v2/files/c5dd6914-49e4-4812-ba88-e03d54f14c58/1; https://files-api.properstar.com/api/v2/files/6b08692e-1d77-41a3-a4f9-0ca60e42d28e/1; https://files-api.properstar.com/api/v2/files/acd72473-a102-4dd0-a36f-5e19992a9d02/1; https://files-api.properstar.com/api/v2/files/1f1030ed-1937-4cde-bb8a-72e2ba3c1e5e/1; https://files-api.properstar.com/api/v2/files/a17dff8b-02d2-4dc7-b73a-e66a199b885d/1; https://files-api.properstar.com/api/v2/files/61958adf-c5a7-4f68-a780-8ac07aa2c247/1; https://files-api.properstar.com/api/v2/files/5a2f0ff2-c924-42b7-bc06-07834fcbf9a6/1; https://files-api.properstar.com/api/v2/files/12b4ddc1-69e1-4789-b276-2fa77ccdce3b/1; https://files-api.properstar.com/api/v2/files/3f5497fd-13e1-4ea1-82e1-c96df6dd75d3/1; https://files-api.properstar.com/api/v2/files/e9676775-d827-43ca-8569-f3c386fd821c/1; https://files-api.properstar.com/api/v2/files/eb513eaa-3665-42ad-b34c-2a18430bf813/1; https://files-api.properstar.com/api/v2/files/ccafee4e-9885-42cd-b0f5-880fd4f4cc48/1; https://files-api.properstar.com/api/v2/files/dc2fb886-6299-4dee-966d-a08db11a734c/1; https://files-api.properstar.com/api/v2/files/7476808e-65c2-472a-9412-914d08a20d03/1; https://files-api.properstar.com/api/v2/files/9e3ab1a8-e56b-43e5-b8f7-8dafad4803e8/1; https://files-api.properstar.com/api/v2/files/4e228536-b0e0-48b6-929d-7813a5ee8498/1; https://files-api.properstar.com/api/v2/files/06fadd95-0d52-41d5-8a00-3f30c6c82a51/1; https://files-api.properstar.com/api/v2/files/ae3c1973-ddde-4c9d-badf-46ab2836ebc0/1; https://files-api.properstar.com/api/v2/files/e7c58ae6-b542-455e-99ef-5da9615e723e/1
