Broker,Broker URL,Platform,Listing URL,Listing Name,Property Type,Price,Currency,Bedrooms,Bathrooms,Size,Size Unit,Description,Images,Country,State,City,Latitude,Longitude,Sale or Rent,Source Count,Source Brokers,Source URLs,Region Match
ASAEL ALEX,https://rivieramayarealtor.com/,,https://rivieramayarealtor.com/real-estate/luxury-3-bedroom-penthouse-for-sale-in-playa-del-carmen-with-private-terraces-el-cielo/,Penthouse for Sale in Playa del Carmen Fully Furnished - Riviera Maya Realtor,Land/Lot,395000,USD,3,3,,,"Find a stunning penthouse for sale in Playa del Carmen with three bedrooms, ideal for those seeking privacy and elegance.",https://storage.googleapis.com/rivieramayarealtor/2025/10/Andrew-foto-Perfil-1761693869079.jpg.webp,Mexico,Quintana Roo,Tulum,,,Sale,1,ASAEL ALEX,https://rivieramayarealtor.com/real-estate/luxury-3-bedroom-penthouse-for-sale-in-playa-del-carmen-with-private-terraces-el-cielo/,Playa del Carmen; Tulum; Other Riviera Maya
ASAEL ALEX,https://rivieramayarealtor.com/,,https://rivieramayarealtor.com/real-estate/3-bedroom-hacienda-style-home-for-sale-in-el-cielo-playa-del-carmen/,Hacienda Style Home in Playa del Carmen for Sale - Riviera Maya Realtor,Land/Lot,449000,USD,3,3,,,"Discover your dream 3 bedroom Hacienda Style Home for Sale in El Cielo Playa del Carmen, featuring 3.5 baths and luxury living.",https://storage.googleapis.com/rivieramayarealtor/2024/07/Asael.jpg.webp,Mexico,Quintana Roo,Tulum,,,Sale,1,ASAEL ALEX,https://rivieramayarealtor.com/real-estate/3-bedroom-hacienda-style-home-for-sale-in-el-cielo-playa-del-carmen/,Playa del Carmen; Tulum; Other Riviera Maya
ASAEL ALEX,https://rivieramayarealtor.com/,,https://rivieramayarealtor.com/real-estate/3-bedroom-3-bathroom-house-for-sale-in-playa-del-carmen/,3 Bedroom 3 Bathroom House for Sale in Playa del Carmen - Riviera Maya Realtor,Land/Lot,3020480,MXN,3,3,,,Discover your dream home! This 3 Bedroom 3 Bathroom House for Sale in Playa del Carmen is perfect for families and investors.,https://storage.googleapis.com/rivieramayarealtor/2024/07/Asael.jpg.webp,Mexico,Quintana Roo,Tulum,,,Sale,1,ASAEL ALEX,https://rivieramayarealtor.com/real-estate/3-bedroom-3-bathroom-house-for-sale-in-playa-del-carmen/,Playa del Carmen; Tulum; Other Riviera Maya
ASAEL ALEX,https://rivieramayarealtor.com/,,https://rivieramayarealtor.com/real-estate/modern-3-bedroom-2-5-bathroom-house-for-sale-in-playa-del-carmen/,3 Bedroom 2.5 Bathroom House for Sale in Playa del Carmen - Riviera Maya Realtor,Land/Lot,3700000,MXN,3,2.5,,,Discover this stunning 3 Bedroom 2.5 Bathroom House for sale in Playa del Carmen. Perfect for families seeking modern living.,https://storage.googleapis.com/rivieramayarealtor/2024/07/Asael.jpg.webp,Mexico,Quintana Roo,Tulum,,,Sale,1,ASAEL ALEX,https://rivieramayarealtor.com/real-estate/modern-3-bedroom-2-5-bathroom-house-for-sale-in-playa-del-carmen/,Playa del Carmen; Tulum; Other Riviera Maya
ASAEL ALEX,https://rivieramayarealtor.com/,,https://rivieramayarealtor.com/real-estate/3-bedroom-2-bath-condo-for-sale-in-playa-del-carmen-immediate-delivery/,3 Bedroom 2 Bath Condo for Sale in Playa del Carmen - Riviera Maya Realtor,Land/Lot,2420000,MXN,3,2,101,m2,Invest in a beautiful 3 bedroom 2 bath condo for sale in Playa del Carmen. Enjoy resort-style amenities and tranquility.,https://storage.googleapis.com/rivieramayarealtor/2024/07/Asael.jpg.webp,Mexico,Quintana Roo,Tulum,,,Sale,1,ASAEL ALEX,https://rivieramayarealtor.com/real-estate/3-bedroom-2-bath-condo-for-sale-in-playa-del-carmen-immediate-delivery/,Playa del Carmen; Tulum; Other Riviera Maya
ASAEL ALEX,https://rivieramayarealtor.com/,,https://rivieramayarealtor.com/real-estate/lot-for-sale-in-senderos-mayakoba-playa-del-carmen/,Lot for sale in Senderos Mayakoba Playa del Carmen - Riviera Maya Realtor,Land/Lot,2200000,MXN,4,,301.46,m2,"Discover this prime Lot for sale in Senderos Mayakoba Playa del Carmen, an ideal investment for your dream home or project.",https://storage.googleapis.com/rivieramayarealtor/2024/07/Asael.jpg.webp,Mexico,Quintana Roo,Tulum,,,Sale,1,ASAEL ALEX,https://rivieramayarealtor.com/real-estate/lot-for-sale-in-senderos-mayakoba-playa-del-carmen/,Playa del Carmen; Tulum; Other Riviera Maya
ASAEL ALEX,https://rivieramayarealtor.com/,,https://rivieramayarealtor.com/real-estate/hacienda-style-2-bed-2-bath-condo-for-sale-in-el-cielo-gated-community-playa-del-carmen/,Hacienda style 2 bed 2 bath condo for sale in El Cielo gated community Playa del Carmen - Riviera Maya Realtor,Land/Lot,249999,USD,2,2,,,"Discover a stunning Hacienda style condo for sale in El Cielo, Playa del Carmen. Enjoy 2 beds, 2 baths, and luxury living!",https://storage.googleapis.com/rivieramayarealtor/2024/07/Asael.jpg.webp,Mexico,Quintana Roo,Tulum,,,Sale,1,ASAEL ALEX,https://rivieramayarealtor.com/real-estate/hacienda-style-2-bed-2-bath-condo-for-sale-in-el-cielo-gated-community-playa-del-carmen/,Playa del Carmen; Tulum; Other Riviera Maya
ASAEL ALEX,https://rivieramayarealtor.com/,,https://rivieramayarealtor.com/real-estate/3-bedroom-3-5-bath-house-for-sale-in-a-gated-community-in-playa-del-carmen/,3 bedroom 3.5 bath house for sale in a gated community in Playa del Carmen - Riviera Maya Realtor,Land/Lot,7259547,MXN,3,3.5,,,"Discover this stunning 3 bedroom 3.5 bath house for sale in Playa del Carmen, located in a secure gated community.",https://storage.googleapis.com/rivieramayarealtor/2024/07/Asael.jpg.webp,Mexico,Quintana Roo,Tulum,,,Sale,1,ASAEL ALEX,https://rivieramayarealtor.com/real-estate/3-bedroom-3-5-bath-house-for-sale-in-a-gated-community-in-playa-del-carmen/,Playa del Carmen; Tulum; Other Riviera Maya
ASAEL ALEX,https://rivieramayarealtor.com/,,https://rivieramayarealtor.com/real-estate/3-bedrooms-3-bath-house-for-sale-in-ciudad-mayakoba-playa-del-carmen/,3 Bedrooms 3 Bath House for Sale in Senderos de Mayakoba - Riviera Maya Realtor,Land/Lot,8500000,MXN,3,3,,,Discover this stunning 3 bedrooms 3 bath house for sale in Ciudad Mayakoba Playa del Carmen. Perfect for your dream home!,https://storage.googleapis.com/rivieramayarealtor/2024/07/Asael.jpg.webp,Mexico,Quintana Roo,Tulum,,,Sale,1,ASAEL ALEX,https://rivieramayarealtor.com/real-estate/3-bedrooms-3-bath-house-for-sale-in-ciudad-mayakoba-playa-del-carmen/,Playa del Carmen; Tulum; Other Riviera Maya
ASAEL ALEX,https://rivieramayarealtor.com/,,https://rivieramayarealtor.com/real-estate/1-bed-1-bath-condo-for-sale-in-downtown-playa-del-carmen/,1 bed 1 bath condo for sale in Downtown Playa del Carmen - Riviera Maya Realtor,Land/Lot,4000000,MXN,1,1,,,Discover a charming 1 bed 1 bath condo for sale in Downtown Playa del Carmen. Perfect for your next investment or vacation home!,https://storage.googleapis.com/rivieramayarealtor/2024/07/Asael.jpg.webp,Mexico,Quintana Roo,Tulum,,,Sale,1,ASAEL ALEX,https://rivieramayarealtor.com/real-estate/1-bed-1-bath-condo-for-sale-in-downtown-playa-del-carmen/,Playa del Carmen; Tulum; Other Riviera Maya
ASAEL ALEX,https://rivieramayarealtor.com/,,https://rivieramayarealtor.com/real-estate/1-bedroom-condo-for-sale-the-fives-condo-hotel/,1 Bedroom Condo for Sale The Fives Condo-Hotel - Riviera Maya Realtor,Land/Lot,305000,USD,1,1,,,Discover luxury living in this 1 Bedroom Condo for Sale The Fives Condo-Hotel in Playa del Carmen. Perfect for relaxation!,https://storage.googleapis.com/rivieramayarealtor/2024/07/Asael.jpg.webp,Mexico,Quintana Roo,Tulum,,,Sale,1,ASAEL ALEX,https://rivieramayarealtor.com/real-estate/1-bedroom-condo-for-sale-the-fives-condo-hotel/,Playa del Carmen; Tulum; Other Riviera Maya
ASAEL ALEX,https://rivieramayarealtor.com/,,https://rivieramayarealtor.com/real-estate/2-bedroom-condo-for-sale-in-rinconada-del-sol-playa-del-carmen/,2 Bedroom condo for sale in Rinconada del Sol Playa del Carmen. - Riviera Maya Realtor,Land/Lot,210000,USD,2,2,90.51,m2,"Discover this stunning 2 Bedroom condo for sale in Rinconada del Sol Playa del Carmen, perfect for your beachside retreat!",https://storage.googleapis.com/rivieramayarealtor/2024/07/Asael.jpg.webp,Mexico,Quintana Roo,Tulum,,,Sale,1,ASAEL ALEX,https://rivieramayarealtor.com/real-estate/2-bedroom-condo-for-sale-in-rinconada-del-sol-playa-del-carmen/,Playa del Carmen; Tulum; Other Riviera Maya
ASAEL ALEX,https://rivieramayarealtor.com/,,https://rivieramayarealtor.com/real-estate/4-bedroom-3-bath-house-for-sale-in-ciudad-mayakoba-playa-del-carmen/,4 bedroom 3 bath house for sale in Ciudad Mayakoba Playa del Carmen - Riviera Maya Realtor,Land/Lot,12600000,MXN,4,3,,,"Discover this stunning 4 bedroom 3 bath house for sale in Ciudad Mayakoba Playa del Carmen, perfect for your family!",https://storage.googleapis.com/rivieramayarealtor/2024/07/Asael.jpg.webp,Mexico,Quintana Roo,Tulum,,,Sale,1,ASAEL ALEX,https://rivieramayarealtor.com/real-estate/4-bedroom-3-bath-house-for-sale-in-ciudad-mayakoba-playa-del-carmen/,Playa del Carmen; Tulum; Other Riviera Maya
ASAEL ALEX,https://rivieramayarealtor.com/,,https://rivieramayarealtor.com/real-estate/oceanfront-land-for-sale-within-corasol-in-playa-del-carmen/,Oceanfront Land for Sale within Corasol in Playa del Carmen - Riviera Maya Realtor,Land/Lot,93000000,USD,,,170066,m2,Discover prime Oceanfront Land for Sale within Corasol. Build your dream property in stunning Playa del Carmen today!,https://storage.googleapis.com/rivieramayarealtor/2024/07/Asael.jpg.webp,Mexico,Quintana Roo,Tulum,,,Sale,1,ASAEL ALEX,https://rivieramayarealtor.com/real-estate/oceanfront-land-for-sale-within-corasol-in-playa-del-carmen/,Playa del Carmen; Tulum; Other Riviera Maya
ASAEL ALEX,https://rivieramayarealtor.com/,,https://rivieramayarealtor.com/real-estate/lot-for-sale-in-the-new-urban-center-of-playa-del-carmen-3/,Lot for Sale in the New Urban Center of Playa del Carmen - Riviera Maya Realtor,Land/Lot,188947430,MXN,,,26992.49,m2,"Discover a prime Lot for Sale in Playa del Carmen, perfect for your dream project in the vibrant Urban Center.",https://storage.googleapis.com/rivieramayarealtor/2024/07/Asael.jpg.webp,Mexico,Quintana Roo,Tulum,,,Sale,1,ASAEL ALEX,https://rivieramayarealtor.com/real-estate/lot-for-sale-in-the-new-urban-center-of-playa-del-carmen-3/,Playa del Carmen; Tulum; Other Riviera Maya
ASAEL ALEX,https://rivieramayarealtor.com/,,https://rivieramayarealtor.com/real-estate/5-bedroom-house-for-sale-in-corasol-golf-community-in-playa-del-carmen/,5 Bedroom House for Sale in Corasol Exclusive Area - Riviera Maya Realtor,Land/Lot,38290000,MXN,5,5,,,"Discover a stunning 5 Bedroom House for sale in Corasol golf community, Playa del Carmen. Luxury living awaits you!",https://storage.googleapis.com/rivieramayarealtor/2024/07/Asael.jpg.webp,Mexico,Quintana Roo,Tulum,,,Sale,1,ASAEL ALEX,https://rivieramayarealtor.com/real-estate/5-bedroom-house-for-sale-in-corasol-golf-community-in-playa-del-carmen/,Playa del Carmen; Tulum; Other Riviera Maya
ASAEL ALEX,https://rivieramayarealtor.com/,,https://rivieramayarealtor.com/real-estate/beachfront-3-bedroom-condo-with-ocean-views-for-sale-in-playa-del-carmen/,Beachfront 3 Bedroom Condo with Ocean Views for Sale - Riviera Maya Realtor,Land/Lot,37408000,MXN,3,3,,,Explore the stunning beachfront 3 bedroom condo with ocean views in Playa del Carmen. Live luxuriously in the Riviera Maya.,https://storage.googleapis.com/rivieramayarealtor/2024/07/Asael.jpg.webp,Mexico,Quintana Roo,Tulum,,,Sale,1,ASAEL ALEX,https://rivieramayarealtor.com/real-estate/beachfront-3-bedroom-condo-with-ocean-views-for-sale-in-playa-del-carmen/,Playa del Carmen; Tulum; Other Riviera Maya
Adoquin Inmobiliaria,https://www.adoquininmobiliaria.com/,Tokko Broker,https://www.adoquininmobiliaria.com/p/7990306-Casa-en-Venta-en-Fraccionamiento-Santa-Fe-del-Carmen-Santa-Fe-Playa-del-Carmen-1,Casa en Venta en Fraccionamiento Santa Fe del Carmen - Santa Fe Playa del Carmen 1,Land/Lot,3550000,MXN,3,3,90,m2,"Casa en venta en Santa Fe, Playa del Carmen, ideal para familias o inversión. Propiedad funcional y bien distribuida, con espacios amplios y excelente iluminación natural. Cuenta con 3 recámaras (una en planta baja), todas con clóset, lo que la hace muy cómoda para quienes buscan practicidad y accesibilidad. En planta baja encontrarás sala, comedor y cocina integral con barra desayunadora, además de un medio baño. En la parte trasera, un amplio patio perfecto para adaptar jardín, área social o expansión. La propiedad incluye: 3 recámaras 1.5 baños 1 cajón de estacionamiento 120.96 m² de constr",https://static.tokkobroker.com/sm_pics/122254628_og.jpg,Mexico,Quintana Roo,Tulum,,,Sale,1,Adoquin Inmobiliaria,https://www.adoquininmobiliaria.com/p/7990306-Casa-en-Venta-en-Fraccionamiento-Santa-Fe-del-Carmen-Santa-Fe-Playa-del-Carmen-1,Playa del Carmen; Tulum; Other Riviera Maya
Adoquin Inmobiliaria,https://www.adoquininmobiliaria.com/,Tokko Broker,"https://www.adoquininmobiliaria.com/p/6406367-Casa-en-condominio-en-Venta-en-Playa-del-Carmen-Bonanza-Av.-Lilis-Manzana-7-Lote-001,-77725-Playa-del-Carmen,-Q.R.","Casa en condominio en Venta en Playa del Carmen - Bonanza Av. Lilis Manzana 7 Lote 001, 77725 Playa del Carmen, Q.R.",Land/Lot,2549000,MXN,3,3,97,m2,"Estrena Casa a precio de departamento con 3 recamaras 2 baños completos desde $2,549,000 pesos se aceptan creditos hipotecarios, cofinavit, infonavir total, Desarrollado por SISOL en Playa del Carmen. Villas Bonanza està ubicada cerca de las Universidades y colegios más importantes de Playa del Carmen, se encuentra Villas Bonanza , un residencial ideal para familias que buscan espacios seguros donde los niños puedan salir a jugar a las calles con tranquilidad y seguridad. Amenidades como Alberca, juegos infantiles, asador , regaderas y espacio de usos múltiples complementan a estas residencias",https://static.tokkobroker.com/sm_pics/6406367_48436168799086975032367403889430387466199922093989435245111064354090640080323_og.jpg,Mexico,Quintana Roo,Tulum,,,Sale,1,Adoquin Inmobiliaria,"https://www.adoquininmobiliaria.com/p/6406367-Casa-en-condominio-en-Venta-en-Playa-del-Carmen-Bonanza-Av.-Lilis-Manzana-7-Lote-001,-77725-Playa-del-Carmen,-Q.R.",Playa del Carmen; Tulum; Other Riviera Maya
Adoquin Inmobiliaria,https://www.adoquininmobiliaria.com/,Tokko Broker,https://www.adoquininmobiliaria.com/p/6406292-Oficina-en-Venta-en-Playa-del-Carmen-ave-paseo-central-y-ave-chemuyil-Humana-Woekcenter-Playa-del-Carmen,Oficina en Venta en Playa del Carmen - ave paseo central y ave chemuyil Humana Woekcenter Playa del Carmen,Commercial,2400000,MXN,,,40,m2,"Oficina en Venta en Humana Workcenter, Playa del Carmen – 40 m² | Espacio Estratégico y Moderno Oportunidad única para adquirir una oficina en uno de los centros empresariales más innovadores y exclusivos de Playa del Carmen: Humana Workcenter.Ubicada en el corazón de la ciudad, esta oficina de 40 m² ofrece un entorno profesional de alto nivel, ideal para empresas, consultorios, despachos o inversionistas que buscan rentabilidad en una zona de alta demanda corporativa. Características destacadas: Superficie: 40 m² Espacios amplios y bien iluminados Aire acondicionado Acabados modernos y funcio",https://static.tokkobroker.com/sm_pics/87248156_og.jpg,Mexico,Quintana Roo,Tulum,,,Sale,1,Adoquin Inmobiliaria,https://www.adoquininmobiliaria.com/p/6406292-Oficina-en-Venta-en-Playa-del-Carmen-ave-paseo-central-y-ave-chemuyil-Humana-Woekcenter-Playa-del-Carmen,Playa del Carmen; Tulum; Other Riviera Maya
Adoquin Inmobiliaria,https://www.adoquininmobiliaria.com/,Tokko Broker,https://www.adoquininmobiliaria.com/p/7992674-Casa-en-Venta-en-La-Toscana-La-Toscana-1,Casa en Venta en La Toscana - La Toscana 1,House,2300000,MXN,2,1.5,79.95,m2,"Casa en venta en La Toscana, Playa del Carmen, una excelente opción para vivir o invertir en una zona con alta plusvalía. La propiedad cuenta con 2 recámaras con clósets, 1.5 baños, sala-comedor con excelente iluminación natural y cocina integral totalmente nueva equipada con parrilla eléctrica y campana. Además, dispone de área de lavado techada y un amplio patio trasero ideal para disfrutar al aire libre. En el exterior, ofrece estacionamiento para 1 auto con reja, brindando mayor seguridad. El desarrollo cuenta con acceso controlado las 24 horas, lo que garantiza tranquilidad y privacidad. ",https://static.tokkobroker.com/sm_pics/122307338_og.jpg,Mexico,Quintana Roo,Tulum,,,Sale,1,Adoquin Inmobiliaria,https://www.adoquininmobiliaria.com/p/7992674-Casa-en-Venta-en-La-Toscana-La-Toscana-1,Playa del Carmen; Tulum; Other Riviera Maya
Adoquin Inmobiliaria,https://www.adoquininmobiliaria.com/,Tokko Broker,https://www.adoquininmobiliaria.com/p/8487169-Departamento-en-Renta-en-Playa-del-Carmen-Centro-Avenida-20-esquina-con-Calle-10-norte,Departamento en Venta-Renta en Playa del Carmen Centro - Avenida 20 esquina con Calle 10 norte,Condo/Apartment,1800000,MXN,1,1,74,m2,"¡Descubre la oportunidad perfecta de vivir en el corazón de Playa del Carmen con este encantador departamento de 1 recámara, ideal para quienes buscan combinar comodidad, modernidad y una ubicación inmejorable! Situado justo frente al Palacio Municipal y la Plaza 28 de Julio, este departamento es el sueño de cualquier ejecutivo o pareja que valore la practicidad y el estilo. Con un diseño pensado para aprovechar la luz natural, la estancia abierta te brinda un espacio acogedor donde la sala y el comedor se funden en un ambiente lleno de vida. La cocina está completamente equipada con refrigera",https://static.tokkobroker.com/sm_pics/8487169_2419991622585516003118233732660518076570595367170694764129054190266620035427_og.jpg,Mexico,Quintana Roo,Tulum,,,Sale,2,Adoquin Inmobiliaria,https://www.adoquininmobiliaria.com/p/8487169-Departamento-en-Renta-en-Playa-del-Carmen-Centro-Avenida-20-esquina-con-Calle-10-norte; https://www.adoquininmobiliaria.com/p/8487169-Departamento-en-Venta-en-Playa-del-Carmen-Centro-Avenida-20-esquina-con-Calle-10-norte,Playa del Carmen; Tulum; Other Riviera Maya
Adoquin Inmobiliaria,https://www.adoquininmobiliaria.com/,Tokko Broker,https://www.adoquininmobiliaria.com/p/6406380-Oficina-en-Venta-en-Cruz-de-Servicios-VENTA-OFICINAS-HUMANA-WORKCENTER-CHEMUYIL-FRENTE-PLAZA-LAS-AMERICAS-CHEMUYIL,Oficina en Venta en Cruz de Servicios - VENTA OFICINAS HUMANA WORKCENTER CHEMUYIL FRENTE PLAZA LAS AMERICAS CHEMUYIL,Commercial,2500000,MXN,,1,40,m2,"Ubicado frente a Plaza las Americas en Playa del Carmen, el corporativo de Humana Workcenter es el mejor ubicado , cuenta con 6 niveles, area de amenidades como son, sala de juntas, coworking, terraza de eventos y coworking exterior, estacionamiento La oficina esta en obra gris y es lista para escriturar y entregar, precio mas impuestos",https://static.tokkobroker.com/sm_pics/87249834_og.jpg,Mexico,Quintana Roo,Tulum,,,Sale,1,Adoquin Inmobiliaria,https://www.adoquininmobiliaria.com/p/6406380-Oficina-en-Venta-en-Cruz-de-Servicios-VENTA-OFICINAS-HUMANA-WORKCENTER-CHEMUYIL-FRENTE-PLAZA-LAS-AMERICAS-CHEMUYIL,Playa del Carmen; Tulum; Other Riviera Maya
Adoquin Inmobiliaria,https://www.adoquininmobiliaria.com/,Tokko Broker,"https://www.adoquininmobiliaria.com/p/7519441-Local-en-Venta-en-Playa-Magna-Boulevard-Playa-del-Carmen-S/N-lote-001-1,-RE:-033,-Ejidal,-77726-Playa-del-Carmen,-Q.R.","Local en Venta-Renta en Playa Magna - Boulevard Playa del Carmen S/N lote 001-1, RE: 033, Ejidal, 77726 Playa del Carmen, Q.R.",Land/Lot,9000000,MXN,,,105,m2,"Local 101 | Magnnus Center Ubicación: Magnnus Center, Playa del Carmen, Quintana Roo, México Datos Generales Proyecto: Magnnus Center Tipo: Local comercial Número de local: 101 Nivel: Planta baja Superficie rentable: 105.12 m² Precio de renta mensual: $63,000 MXN + IVA Precio por m²: $600 MXN/m² Condiciones de Renta Plazo mínimo: 5 años forzosos Meses de gracia: 2 (para adecuaciones) Incremento anual: Conforme al INPC (Índice Nacional de Precios al Consumidor) Garantías:Fianza anual o 3 depósitos en garantía 1 depósito adicional equivalente a un mes de renta Último mes de renta por adelantado ",https://static.tokkobroker.com/w_pics/7519441_50773037749401646301771850311043257784698254921470621992323031003221110015726.jpg,Mexico,Quintana Roo,Tulum,,,Sale,1,Adoquin Inmobiliaria,"https://www.adoquininmobiliaria.com/p/7519441-Local-en-Venta-en-Playa-Magna-Boulevard-Playa-del-Carmen-S/N-lote-001-1,-RE:-033,-Ejidal,-77726-Playa-del-Carmen,-Q.R.",Playa del Carmen; Tulum; Other Riviera Maya
Adoquin Inmobiliaria,https://www.adoquininmobiliaria.com/,Tokko Broker,https://www.adoquininmobiliaria.com/p/6406236-Oficina-en-Venta-en-Playa-del-Carmen-VENTA-OFICINAS-FRENTE-A-PLAZA-LAS-AMERICAS-HUMANA-WORKCENTER,Oficina en Venta en Playa del Carmen - VENTA OFICINAS FRENTE A PLAZA LAS AMERICAS HUMANA WORKCENTER,Commercial,2500000,MXN,,1,36,m2,"Ubicadas frente a Plaza las Américas en Playa del Carmen , se encuentra el mejor edificio corporativo de la región. Zona con transporte público, rodeada de autoservicios, restaurantes, bancos, y muy cerca de la carretera que conecta a Tulum con Playa del Carmen y Cancún. Area Comercial Salas de juntas Area Lounge Area de Café / Bar Terraza Vistas panorámicas de Playa del Carmen Coworking Ideal para hacer networking Seguridad incluida en el mantenimiento Agua incluida y amenidades Precio mas iva Listas para escriturar y entregar",https://static.tokkobroker.com/sm_pics/87246808_og.jpg,Mexico,Quintana Roo,Tulum,,,Sale,1,Adoquin Inmobiliaria,https://www.adoquininmobiliaria.com/p/6406236-Oficina-en-Venta-en-Playa-del-Carmen-VENTA-OFICINAS-FRENTE-A-PLAZA-LAS-AMERICAS-HUMANA-WORKCENTER,Cancun; Playa del Carmen; Tulum; Other Riviera Maya
Adoquin Inmobiliaria,https://www.adoquininmobiliaria.com/,Tokko Broker,https://www.adoquininmobiliaria.com/p/6406476-Terreno-en-Venta-en-La-Guadalupana-VENTA-TERRENO-PUEBLO-SACBE-VENTA-PLAYA-DEL-CARMEN,Terreno en Venta en La Guadalupana - VENTA TERRENO PUEBLO SACBE VENTA PLAYA DEL CARMEN,Land/Lot,1555888,MXN,,,999,m2,"TERRENO PREMIUM EN VENTA — PUEBLO SACBE ECO VILLAGE en PLAYA DEL CARMEN A pasos del cenote y el parque central | Santuario de la selva en la ciudad | Vida comunitaria consciente Ubicación excepcional dentro de SacBe — Cerca del cenote y el parqueUna oportunidad única de adquirir un terreno en Pueblo SacBe Eco Village, una de las comunidades conscientes más singulares de Playa del Carmen.Este terreno en particular tiene una ubicación ideal a solo 90 metros del cenote público y el parque central, lo que lo ubica en una de las zonas más codiciadas y convenientes de todo el pueblo.Imagine salir de",https://static.tokkobroker.com/sm_pics/87251742_og.jpg,Mexico,Quintana Roo,Tulum,,,Sale,1,Adoquin Inmobiliaria,https://www.adoquininmobiliaria.com/p/6406476-Terreno-en-Venta-en-La-Guadalupana-VENTA-TERRENO-PUEBLO-SACBE-VENTA-PLAYA-DEL-CARMEN,Playa del Carmen; Tulum; Other Riviera Maya
Adoquin Inmobiliaria,https://www.adoquininmobiliaria.com/,Tokko Broker,https://www.adoquininmobiliaria.com/p/6494099-Terreno-en-Venta-en-Cruz-de-Servicios-SMZ-48-MZ-2-LT-3-CRUZ-DE-SERVICIOS-NUEVO-CENTRO-PLAYA-DEL-CARMEN-IDEAL-DESARROLLO,Terreno en Venta en Cruz de Servicios - SMZ 48 MZ 2 LT 3 CRUZ DE SERVICIOS NUEVO CENTRO PLAYA DEL CARMEN IDEAL DESARROLLO,Land/Lot,6040800,MXN,,,604,m2,"Superficie: 604.08 m² (SMZ 48 MZ 2 LT 3) Uso de suelo: CU-M2/CU-H3COS: 70%CUS: 200%Número de viviendas permitidas: 60 viviendas por hectáreaAltura máxima: 15.5 m, hasta 4 nivelesPrecio por m²: $10,000 MXNPrecio total: $6,040,800 MXNEstatus: Disponible",https://static.tokkobroker.com/w_pics/6494099_9854045263898847012736412510476398150083445328922836881509044169870848344877.jpg,Mexico,Quintana Roo,Tulum,,,Sale,1,Adoquin Inmobiliaria,https://www.adoquininmobiliaria.com/p/6494099-Terreno-en-Venta-en-Cruz-de-Servicios-SMZ-48-MZ-2-LT-3-CRUZ-DE-SERVICIOS-NUEVO-CENTRO-PLAYA-DEL-CARMEN-IDEAL-DESARROLLO,Playa del Carmen; Tulum; Other Riviera Maya
Adoquin Inmobiliaria,https://www.adoquininmobiliaria.com/,Tokko Broker,https://www.adoquininmobiliaria.com/p/6494490-Terreno-en-Venta-en-Cruz-de-Servicios-VENTA-MACROLOTE-PLAYA-DEL-CARMEN-SMZ-48-MZ-2-LT-5,Terreno en Venta en Cruz de Servicios - VENTA MACROLOTE PLAYA DEL CARMEN SMZ 48 MZ 2 LT 5,Land/Lot,188947430,MXN,,,26992,m2,"Superficie: 26,992.49 m² (SMZ 48 MZ 2 LT 5) Uso de suelo: CU-M2/CU-H3COS: 70%CUS: 200%Número de viviendas permitidas: 60 viviendas por hectáreaAltura máxima: 15.5 m, hasta 4 nivelesPrecio por m²: $7,000 MXNPrecio total: $188,947,430 MXNEstatus: Disponible",https://static.tokkobroker.com/w_pics/6494490_55731884357406735532473642270841815721685622976804349694161095144109884033419.jpg,Mexico,Quintana Roo,Tulum,,,Sale,1,Adoquin Inmobiliaria,https://www.adoquininmobiliaria.com/p/6494490-Terreno-en-Venta-en-Cruz-de-Servicios-VENTA-MACROLOTE-PLAYA-DEL-CARMEN-SMZ-48-MZ-2-LT-5,Playa del Carmen; Tulum; Other Riviera Maya
Adoquin Inmobiliaria,https://www.adoquininmobiliaria.com/,Tokko Broker,"https://www.adoquininmobiliaria.com/p/6866519-Terreno-en-Venta-en-Ejido-Pino-Su%C3%A1rez-115-Av-Sur,-Ejidal,-77717-Playa-del-Carmen,-Q.R.","Terreno en Venta en Ejido Pino Suárez - 115 Av Sur, Ejidal, 77717 Playa del Carmen, Q.R.",Land/Lot,1300000,MXN,,,160,m2,"Terrenos en Lomas Aurora – Inversión con alta plusvalía en Playa del Carmen Lomas Aurora es un desarrollo residencial de gran proyección en Playa del Carmen, ideal para quienes buscan invertir o construir en una zona tranquila, con excelente ubicación y rodeada de naturaleza. Ubicación estratégica a minutos del centro de Playa del Carmen y cerca de universidades, hospitales y accesos principales.Lotes residenciales desde 160 m², con excelente orientación y acceso.Desarrollo con amenidades de primer nivel: casa club, alberca, gimnasio, canchas deportivas, parques, juegos infantiles y seguridad ",https://static.tokkobroker.com/sm_pics/97088826_og.jpg,Mexico,Quintana Roo,Tulum,,,Sale,1,Adoquin Inmobiliaria,"https://www.adoquininmobiliaria.com/p/6866519-Terreno-en-Venta-en-Ejido-Pino-Su%C3%A1rez-115-Av-Sur,-Ejidal,-77717-Playa-del-Carmen,-Q.R.",Playa del Carmen; Tulum; Other Riviera Maya
Angely Machado Galindez,https://www.topinvestments.mx/,,https://www.topinvestments.mx/propiedad/departamento-de-lujo-a-pasos-del-mar-en-playa-del-carmen/,Departamento de Lujo a Pasos del Mar en Playa del Carmen,Condo/Apartment,420000,USD,2,2,2,m2,"Vive la experiencia del Caribe en uno de los desarrollos más exclusivos de Playa del Carmen: El Taj Beachside, parte del prestigioso complejo El Taj Oceanfront & Beachside. Este departamento de 2…",https://www.topinvestments.mx/wp-content/uploads/2022/03/cropped-logo-topinv-face.jpeg,Mexico,Quintana Roo,Tulum,,,Sale,2,Angely Machado Galindez,https://www.topinvestments.mx/propiedad/departamento-de-lujo-a-pasos-del-mar-en-playa-del-carmen/; https://www.topinvestments.mx/propiedad/oceanview-depa-playa-del-carmen/,Playa del Carmen; Tulum; Other Riviera Maya
Angely Machado Galindez,https://www.topinvestments.mx/,,https://www.topinvestments.mx/propiedad/terreno-unifamiliar-en-venta-residencial-amares-xpu-ha/,"Terreno unifamiliar en venta – Residencial Amares, Xpu-Ha",Land/Lot,85000,USD,3,,612.13,m2,"Entre Playa del Carmen y Tulum se encuentra Xpu-Ha, una joya poco explorada de la Riviera Maya, conocida por su playa de arena blanca y aguas cristalinas, considerada una de las más bellas del Caribe…",https://www.topinvestments.mx/wp-content/uploads/2022/03/cropped-logo-topinv-face.jpeg,Mexico,Quintana Roo,Tulum,,,Sale,2,Angely Machado Galindez,https://www.topinvestments.mx/propiedad/terreno-unifamiliar-en-venta-residencial-amares-xpu-ha/; https://www.topinvestments.mx/propiedad/tulum-lotes-residenciales-venta/,Playa del Carmen; Tulum; Other Riviera Maya
Angely Machado Galindez,https://www.topinvestments.mx/,,https://www.topinvestments.mx/propiedad/residencias-de-lujo-con-hospitalidad-cinco-estrellas/,Residencias de Lujo con Hospitalidad Cinco Estrellas,House,395366,USD,3,1,1,m2,"Viceroy Residences Playa del Carmen redefine el concepto de vida residencial de lujo al fusionar arquitectura contemporánea, servicios personalizados y la excelencia de una de las marcas hoteleras más…",https://www.topinvestments.mx/wp-content/uploads/2022/03/cropped-logo-topinv-face.jpeg,Mexico,Quintana Roo,Tulum,,,Sale,1,Angely Machado Galindez,https://www.topinvestments.mx/propiedad/residencias-de-lujo-con-hospitalidad-cinco-estrellas/,Playa del Carmen; Tulum; Other Riviera Maya
Angely Machado Galindez,https://www.topinvestments.mx/,,https://www.topinvestments.mx/propiedad/amplitud-y-exclusividad-para-vivir-e-invertir-en-playa-del-carmen/,Amplitud y Exclusividad para Vivir e Invertir en Playa del Carmen,House,376092,USD,3,4,6,m2,"El Modelo C-1 de SelvaReal Comfort Living ha sido diseñado para quienes buscan una residencia con espacios generosos, una distribución funcional y un excelente potencial de apreciación patrimonial.",https://www.topinvestments.mx/wp-content/uploads/2022/03/cropped-logo-topinv-face.jpeg,Mexico,Quintana Roo,Tulum,,,Sale,1,Angely Machado Galindez,https://www.topinvestments.mx/propiedad/amplitud-y-exclusividad-para-vivir-e-invertir-en-playa-del-carmen/,Playa del Carmen; Tulum; Other Riviera Maya
Angely Machado Galindez,https://www.topinvestments.mx/,,https://www.topinvestments.mx/propiedad/espacios-inteligentes-para-vivir-e-invertir-en-playa-del-carmen/,Espacios Inteligentes para Vivir e Invertir en Playa del Carmen,House,343218,USD,3,4,4,m2,"El Modelo I de SelvaReal Comfort Living ha sido diseñado para quienes buscan una residencia con mayor capacidad, distribución eficiente y un alto potencial de plusvalía dentro de uno de los…",https://www.topinvestments.mx/wp-content/uploads/2022/03/cropped-logo-topinv-face.jpeg,Mexico,Quintana Roo,Tulum,,,Sale,1,Angely Machado Galindez,https://www.topinvestments.mx/propiedad/espacios-inteligentes-para-vivir-e-invertir-en-playa-del-carmen/,Playa del Carmen; Tulum; Other Riviera Maya
Angely Machado Galindez,https://www.topinvestments.mx/,,https://www.topinvestments.mx/no-parece-un-departamento-la-joya-escondida-de-selvamar/,No parece un departamento - La joya escondida de Selvamar,Condo/Apartment,122500,USD,3,4.5,160.25,m2,"Cuando la mayoría de las personas piensa en comprar una propiedad en Playa del Carmen, suele enfocarse en amenidades, precio o cercanía a la playa. Pero existe otro factor que para muchos…",https://www.topinvestments.mx/wp-content/uploads/2026/06/portada-uvademar_blog.jpg,Mexico,Quintana Roo,Tulum,,,Sale,1,Angely Machado Galindez,https://www.topinvestments.mx/no-parece-un-departamento-la-joya-escondida-de-selvamar/,Playa del Carmen; Tulum; Other Riviera Maya
Angely Machado Galindez,https://www.topinvestments.mx/,,https://www.topinvestments.mx/propiedad/departamento-de-3-recamaras-en-ciudad-mayakoba-playa-del-carmen/,Departamento de 3 recámaras en Ciudad Mayakoba | Playa del Carmen,Condo/Apartment,122500,USD,3,3,1,m2,Hay propiedades que se venden por sus metros cuadrados y otras que se venden por todo lo que existe alrededor de ellas. Este departamento pertenece a la segunda categoría. Ubicado en Privada Roraima 1…,https://www.topinvestments.mx/wp-content/uploads/2022/03/cropped-logo-topinv-face.jpeg,Mexico,Quintana Roo,Tulum,,,Sale,2,Angely Machado Galindez,https://www.topinvestments.mx/propiedad/18083/; https://www.topinvestments.mx/propiedad/departamento-de-3-recamaras-en-ciudad-mayakoba-playa-del-carmen/,Playa del Carmen; Tulum; Other Riviera Maya
Angely Machado Galindez,https://www.topinvestments.mx/,,https://www.topinvestments.mx/propiedad/casa-en-venta-en-playa-del-carmen-senderos-norte-ciudad-mayakoba-2/,Casa Alameda en Venta en Playa del Carmen - Ciudad Mayakobá,House,438470,USD,3,4,5,m2,"Playa del Carmen, ubicada en el corazón de la Riviera Maya, es un destino vibrante conocido por sus playas impresionantes, su estilo de vida cosmopolita y su cercanía a grandes atracciones como Tulum…",https://www.topinvestments.mx/wp-content/uploads/2022/03/cropped-logo-topinv-face.jpeg,Mexico,Quintana Roo,Tulum,,,Sale,1,Angely Machado Galindez,https://www.topinvestments.mx/propiedad/casa-en-venta-en-playa-del-carmen-senderos-norte-ciudad-mayakoba-2/,Playa del Carmen; Tulum; Other Riviera Maya
Angely Machado Galindez,https://www.topinvestments.mx/,,https://www.topinvestments.mx/propiedad/casa-en-venta-en-ciudad-mayakoba-playa-del-carmen/,"Casa en Venta en Senderos Norte, Ciudad Mayakoba – Playa del Carmen",House,469500,USD,3,3,4,m2,"Ubicada en el exclusivo fraccionamiento Senderos Norte dentro de Ciudad Mayakoba, esta moderna casa en venta en Playa del Carmen combina diseño contemporáneo, eficiencia energética y tecnología…",https://www.topinvestments.mx/wp-content/uploads/2022/03/cropped-logo-topinv-face.jpeg,Mexico,Quintana Roo,Tulum,,,Sale,2,Angely Machado Galindez,https://www.topinvestments.mx/propiedad/casa-en-venta-en-ciudad-mayakoba-playa-del-carmen/; https://www.topinvestments.mx/propiedad/exclusiva-casa-en-ciudad-mayakoba/,Playa del Carmen; Tulum; Other Riviera Maya
Angely Machado Galindez,https://www.topinvestments.mx/,,https://www.topinvestments.mx/propiedad/hermosa-casa-en-venta-en-club-real-playacar-en-playa-del-carmen/,"Casa en venta en Playacar, Playa del Carmen",Land/Lot,837000,USD,3,4,3,m2,"Hermosa y cómoda casa ubicada dentro del fraccionamiento de lujo “Club Real Playacar” en Playa del Carmen Quintana Roo. De todas las casas de venta en playa del carmen, esta cuenta con la mejor…",https://www.topinvestments.mx/wp-content/uploads/2022/03/cropped-logo-topinv-face.jpeg,Mexico,Quintana Roo,Tulum,,,Sale,1,Angely Machado Galindez,https://www.topinvestments.mx/propiedad/hermosa-casa-en-venta-en-club-real-playacar-en-playa-del-carmen/,Playa del Carmen; Tulum; Other Riviera Maya
Angely Machado Galindez,https://www.topinvestments.mx/,,https://www.topinvestments.mx/propiedad/preventa-casa-de-lujo-en-ciudad-mayakoba-playa-del-carmen/,"Casa de Lujo en Mayakobá, Playa del Carmen",House,460000,USD,3,3,4,m2,"Casa en venta en Playa del Carmen, ubicado dentro del fraccionamiento de lujo “Ciudad Mayakoba” concepto único en la Riviera diseñada con base en la sustentabilidad ambiental.",https://www.topinvestments.mx/wp-content/uploads/2022/03/cropped-logo-topinv-face.jpeg,Mexico,Quintana Roo,Tulum,,,Sale,2,Angely Machado Galindez,https://www.topinvestments.mx/propiedad/depa-en-playa-mamitas-playa-del-carmen/; https://www.topinvestments.mx/propiedad/preventa-casa-de-lujo-en-ciudad-mayakoba-playa-del-carmen/,Playa del Carmen; Tulum; Other Riviera Maya
Angely Machado Galindez,https://www.topinvestments.mx/,,https://www.topinvestments.mx/propiedad/lote-residencial-en-xpu-ha-beach-con-casa-marbella-incluida/,Lote residencial en Xpuha Beach con casa incluida,Land/Lot,291421,USD,1,2,2,m2,Xpu Ha Beach es un nuevo residencial ubicado a 20 minutos al Sur de Playa del Carmen y a 30 minutos de Tulum. Este proyecto con infraestructura de primer nivel ofrece un novedoso concepto para todo…,https://www.topinvestments.mx/wp-content/uploads/2022/03/cropped-logo-topinv-face.jpeg,Mexico,Quintana Roo,Tulum,,,Sale,1,Angely Machado Galindez,https://www.topinvestments.mx/propiedad/lote-residencial-en-xpu-ha-beach-con-casa-marbella-incluida/,Playa del Carmen; Tulum; Other Riviera Maya
Angely Machado Galindez,https://www.topinvestments.mx/,,https://www.topinvestments.mx/propiedad/casa-en-venta-en-club-real-playacar/,Casa en venta en Club Real Playacar,House,1350000,USD,6,6,4,m2,"Esta espectacular casa se encuentra ubicada frente a un campo de golf en el exclusivo fraccionamiento Club Real Playacar, uno de los más prestigiosos y seguros de Playa del Carmen.",https://www.topinvestments.mx/wp-content/uploads/2022/03/cropped-logo-topinv-face.jpeg,Mexico,Quintana Roo,Tulum,,,Sale,1,Angely Machado Galindez,https://www.topinvestments.mx/propiedad/casa-en-venta-en-club-real-playacar/,Playa del Carmen; Tulum; Other Riviera Maya
Angely Machado Galindez,https://www.topinvestments.mx/,,https://www.topinvestments.mx/propiedad/casa-en-xpuha-playa-del-carmen-modelo-sayab/,Casa en Xpuha Playa del Carmen - Modelo Sayab,House,192362,USD,2,2,3,m2,"¿Te gustaría vivir en una casa moderna, cómoda y funcional en el Caribe mexicano? Entonces, te invitamos a conocer este modelo de casa diseñado para construirse dentro del complejo turístico…",https://www.topinvestments.mx/wp-content/uploads/2022/03/cropped-logo-topinv-face.jpeg,Mexico,Quintana Roo,Tulum,,,Sale,1,Angely Machado Galindez,https://www.topinvestments.mx/propiedad/casa-en-xpuha-playa-del-carmen-modelo-sayab/,Playa del Carmen; Tulum; Other Riviera Maya
Angely Machado Galindez,https://www.topinvestments.mx/,,https://www.topinvestments.mx/propiedad/casa-de-lujo-en-ciudad-mayakoba/,Casa de Lujo en Ciudad Mayakoba,House,598900,USD,3,4,4,m2,"Si estás buscando una casa que te ofrezca comodidad, seguridad, diseño y plusvalía, no puedes dejar pasar esta oportunidad de invertir en una casa en Ciudad Mayakoba, en Playa del Carmen.",https://www.topinvestments.mx/wp-content/uploads/2022/03/cropped-logo-topinv-face.jpeg,Mexico,Quintana Roo,Tulum,,,Sale,1,Angely Machado Galindez,https://www.topinvestments.mx/propiedad/casa-de-lujo-en-ciudad-mayakoba/,Playa del Carmen; Tulum; Other Riviera Maya
Angely Machado Galindez,https://www.topinvestments.mx/,,https://www.topinvestments.mx/propiedad/depa-en-playa-del-carmen-oceanview/,Depa en Playa del Carmen oceanview,Condo/Apartment,320000,USD,3,2,2,m2,"Como agencia inmobiliaria en Playa del Carmen, ofrecemos en exclusiva este departamento imperdible con una gran vista al mar caribe. Es un apartamento en Riviera Maya con excelentes comodidades…",https://www.topinvestments.mx/wp-content/uploads/2022/03/cropped-logo-topinv-face.jpeg,Mexico,Quintana Roo,Tulum,,,Sale,4,Angely Machado Galindez,https://www.topinvestments.mx/propiedad/comunidad-residencial-tulum/; https://www.topinvestments.mx/propiedad/depa-en-playa-del-carmen-oceanview/; https://www.topinvestments.mx/propiedad/departamento-en-venta-en-el-corazon-de-tulum-aldea-zama/; https://www.topinvestments.mx/propiedad/terrenos-frente-a-la-laguna-en-bacalar/,Playa del Carmen; Tulum; Other Riviera Maya
Angely Machado Galindez,https://www.topinvestments.mx/,,https://www.topinvestments.mx/propiedad/exclusivos-departamentos-frente-al-mar-en-playa-del-carmen/,Mareazul: Departamentos Frente al Mar en Playa del Carmen,House,1141752,USD,3,2,2,m2,"Es un complejo de apartamentos en Playa del Carmen con una preciosa vista al mar, ubicado dentro del Plan Maestro Corasol, una zona residencial exclusiva y de alta gama, rodeado de belleza natural…",https://www.topinvestments.mx/wp-content/uploads/2022/03/cropped-logo-topinv-face.jpeg,Mexico,Quintana Roo,Tulum,,,Sale,1,Angely Machado Galindez,https://www.topinvestments.mx/propiedad/exclusivos-departamentos-frente-al-mar-en-playa-del-carmen/,Playa del Carmen; Tulum; Other Riviera Maya
Angely Machado Galindez,https://www.topinvestments.mx/,,https://www.topinvestments.mx/propiedad/departamentos-en-exclusivo-proyecto-dentro-de-ciudad-mayakoba/,Departamentos en exclusivo proyecto en Mayakoba,House,3320000,USD,3,3,2,m2,Este proyecto de condominios en Playa del Carmen es una excelente oportunidad de inversión con una ubicación estratégica en la que podrás desplazarte fácilmente a cualquier punto.,https://www.topinvestments.mx/wp-content/uploads/2022/03/cropped-logo-topinv-face.jpeg,Mexico,Quintana Roo,Tulum,,,Sale,1,Angely Machado Galindez,https://www.topinvestments.mx/propiedad/departamentos-en-exclusivo-proyecto-dentro-de-ciudad-mayakoba/,Playa del Carmen; Tulum; Other Riviera Maya
Angely Machado Galindez,https://www.topinvestments.mx/,,https://www.topinvestments.mx/propiedad/departamento-en-venta-en-playacar-playa-del-carmen/,Departamento en venta en Playacar - Playa del Carmen,Condo/Apartment,489570,USD,3,3,3,m2,De todos los departamentos en venta en el área de Playacar este resalta gracias a que estar dentro de la excepcional comunidad cerrada “Vaivén del mar” con increíbles vistas a la vegetación nativa del…,https://www.topinvestments.mx/wp-content/uploads/2022/03/cropped-logo-topinv-face.jpeg,Mexico,Quintana Roo,Tulum,,,Sale,1,Angely Machado Galindez,https://www.topinvestments.mx/propiedad/departamento-en-venta-en-playacar-playa-del-carmen/,Playa del Carmen; Tulum; Other Riviera Maya
Angely Machado Galindez,https://www.topinvestments.mx/,,https://www.topinvestments.mx/propiedad/departamentos-en-playa-del-carmen-a-unos-pasos-del-mar/,Marila: Departamentos en Playa del Carmen cerca del Mar,House,438000,USD,1,2,2,m2,"Marica es un precioso desarrollo de lujo de apartamentos en venta en Playa del Carmen con un estilo de vida irrepetible se encuentra ubicado en flamingos esquina 40 Norte, sólo a unos pasos de acceso…",https://www.topinvestments.mx/wp-content/uploads/2022/03/cropped-logo-topinv-face.jpeg,Mexico,Quintana Roo,Tulum,,,Sale,1,Angely Machado Galindez,https://www.topinvestments.mx/propiedad/departamentos-en-playa-del-carmen-a-unos-pasos-del-mar/,Playa del Carmen; Tulum; Other Riviera Maya
Angely Machado Galindez,https://www.topinvestments.mx/,,https://www.topinvestments.mx/propiedad/departamentos-ubicados-en-zona-premium-de-playa-del-carmen/,Duna Departamentos en Zona Premium de Playa del Carmen,House,182808,USD,2,2,2,m2,Éste proyecto de departamentos tipo estudio es una de las propiedades en Playa del Carmen con espacios creados para disfrutar y para generar ganancias a través de rentas vacacionales…,https://www.topinvestments.mx/wp-content/uploads/2022/03/cropped-logo-topinv-face.jpeg,Mexico,Quintana Roo,Tulum,,,Sale,1,Angely Machado Galindez,https://www.topinvestments.mx/propiedad/departamentos-ubicados-en-zona-premium-de-playa-del-carmen/,Playa del Carmen; Tulum; Other Riviera Maya
Angely Machado Galindez,https://www.topinvestments.mx/,,https://www.topinvestments.mx/propiedad/estudios-en-playa-del-carmen/,BLU 38: Estudios en Playa del Carmen,House,109250,USD,3,2,1,m2,"El proyecto se encuentra ubicado en el centro de Playa del Carmen a 3 cuadras de la 5ta avenida, considerada una de las zonas con mayor plusvalía y crecimiento. Blu 38 stá conformado por 22…",https://www.topinvestments.mx/wp-content/uploads/2022/03/cropped-logo-topinv-face.jpeg,Mexico,Quintana Roo,Tulum,,,Sale,3,Angely Machado Galindez,https://www.topinvestments.mx/propiedad/estudios-en-playa-del-carmen/; https://www.topinvestments.mx/propiedad/lote-de-alta-densidad-tulum-ideal-para-desarrollo-habitacional-o-mixto/; https://www.topinvestments.mx/propiedad/terreno-residencial-en-losantos-cancun/,Playa del Carmen; Tulum; Other Riviera Maya
Angely Machado Galindez,https://www.topinvestments.mx/,,https://www.topinvestments.mx/propiedad/penthouse-a-unos-pasos-de-la-playa/,Penthouse a unos pasos de la playa,Penthouse,520000,USD,3,2,3,m2,Como inmobiliaria en Playa del Carmen tenemos en exclusiva este penthouse que no puedes dejar pasar. Se trata de un departamento en Riviera Maya de dos pisos con excelentes amenidades…,https://www.topinvestments.mx/wp-content/uploads/2022/03/cropped-logo-topinv-face.jpeg,Mexico,Quintana Roo,Tulum,,,Sale,1,Angely Machado Galindez,https://www.topinvestments.mx/propiedad/penthouse-a-unos-pasos-de-la-playa/,Playa del Carmen; Tulum; Other Riviera Maya
Angely Machado Galindez,https://www.topinvestments.mx/,,https://www.topinvestments.mx/propiedad/departamento-oceanview-en-playa-del-carmen/,Departamento Oceanview en Playa del Carmen,Condo/Apartment,330000,USD,3,2,2,m2,"Te mostramos en exclusiva este imperdible departamento en Playa del Carmen con gran vista al mar caribe y excelentes amenidades, ideal para vacaciones o para obtener excelentes rendimientos en rentas…",https://www.topinvestments.mx/wp-content/uploads/2022/03/cropped-logo-topinv-face.jpeg,Mexico,Quintana Roo,Tulum,,,Sale,1,Angely Machado Galindez,https://www.topinvestments.mx/propiedad/departamento-oceanview-en-playa-del-carmen/,Playa del Carmen; Tulum; Other Riviera Maya
Angely Machado Galindez,https://www.topinvestments.mx/,,https://www.topinvestments.mx/propiedad/lotes-residenciales-con-acceso-a-la-playa-xpuha-en-playa-del-carmen/,"Lotes Residenciales en Xpuha, Playa del Carmen",House,3400000,USD,3,,5000,m2,"Increible oportunidad de cumplir el sueño de cualquier inversionista del Caribe Mexicano. A 20 minutos de Playa Del Carmen y 30 minutos de Tulum, este desarrollo ofrece un precio accesible que no…",https://www.topinvestments.mx/wp-content/uploads/2022/03/cropped-logo-topinv-face.jpeg,Mexico,Quintana Roo,Tulum,,,Sale,1,Angely Machado Galindez,https://www.topinvestments.mx/propiedad/lotes-residenciales-con-acceso-a-la-playa-xpuha-en-playa-del-carmen/,Playa del Carmen; Tulum; Other Riviera Maya
Angely Machado Galindez,https://www.topinvestments.mx/,,https://www.topinvestments.mx/propiedad/lote-en-venta-en-playa-del-carmen-xpuha-beach-residencial/,Lote en venta en Playa del Carmen - Xpuha Beach,Land/Lot,207284,USD,3,,600,m2,Invierte en la mejor playa de la Riviera Maya: Xpuha Beach. Te presentamos la reventa de este lote residencial en Riviera Maya situado en el único residencial con Beach Club exclusivo para…,https://www.topinvestments.mx/wp-content/uploads/2022/03/cropped-logo-topinv-face.jpeg,Mexico,Quintana Roo,Tulum,,,Sale,2,Angely Machado Galindez,https://www.topinvestments.mx/propiedad/lote-en-venta-en-playa-del-carmen-xpuha-beach-residencial/; https://www.topinvestments.mx/propiedad/lotes-residenciales-en-playacar/,Playa del Carmen; Tulum; Other Riviera Maya
Angely Machado Galindez,https://www.topinvestments.mx/,,https://www.topinvestments.mx/propiedad/lotes-residenciales-en-zona-diamante-playa-del-carmen/,Via Arbolada: Lotes Residenciales en zona diamante Playa del Carmen,House,73723,USD,3,,160,m2,Este desarrollo de lotes residenciales en Playa del Carmen es un lugar donde los sueños se hacen realidad. Este hermoso desarrollo residencial ofrece un ambiente tranquilo y armonioso…,https://www.topinvestments.mx/wp-content/uploads/2022/03/cropped-logo-topinv-face.jpeg,Mexico,Quintana Roo,Tulum,,,Sale,1,Angely Machado Galindez,https://www.topinvestments.mx/propiedad/lotes-residenciales-en-zona-diamante-playa-del-carmen/,Playa del Carmen; Tulum; Other Riviera Maya
Angely Machado Galindez,https://www.topinvestments.mx/,,https://www.topinvestments.mx/propiedad/lotes-residenciales-con-ubicacion-privilegiada-en-xpu-ha/,"Nahal: Lotes residenciales con ubicación privilegiada, en Xpu-ha",House,122000,USD,2,2,800,m2,"A tan sólo 1 km. de las playas de Xpu-Há y 20 minutos de Playa del Carmen, se encuentra Nahal; este hermoso desarrollo de 69 lotes, desde 800 m2 hasta 1,300 m2, diseñado entorno a un ecosistema de…",https://www.topinvestments.mx/wp-content/uploads/2022/03/cropped-logo-topinv-face.jpeg,Mexico,Quintana Roo,Tulum,,,Sale,1,Angely Machado Galindez,https://www.topinvestments.mx/propiedad/lotes-residenciales-con-ubicacion-privilegiada-en-xpu-ha/,Playa del Carmen; Tulum; Other Riviera Maya
Angely Machado Galindez,https://www.topinvestments.mx/,,https://www.topinvestments.mx/propiedad/macrolotes-en-venta-en-corasol-playa-del-carmen/,"Macrolotes en venta en Corasol, Playa del Carmen",House,2464249,USD,3,,25114.99,m2,"La Riviera Maya recibe más de 30 millones de turistas al año solamente a través del Aeropuerto Internacional de Cancún y con su alta tasa de ocupación hotelera (75.7% anual), es el mercado de segunda…",https://www.topinvestments.mx/wp-content/uploads/2022/03/cropped-logo-topinv-face.jpeg,Mexico,Quintana Roo,Tulum,,,Sale,1,Angely Machado Galindez,https://www.topinvestments.mx/propiedad/macrolotes-en-venta-en-corasol-playa-del-carmen/,Cancun; Playa del Carmen; Tulum; Other Riviera Maya
Angely Machado Galindez,https://www.topinvestments.mx/,,https://www.topinvestments.mx/propiedad/terreno-comercial-en-el-nuevo-centro-de-playa-del-carmen/,Terreno Comercial en el Nuevo Centro de Playa del Carmen,Land/Lot,2607530,USD,3,,3383.10,m2,"Este predio representa una de las mejores oportunidades de tierra urbana en Playa del Carmen. Ubicado en la emblemática Cruz de Servicios, hoy consolidada como La Gran Plaza de la Riviera…",https://www.topinvestments.mx/wp-content/uploads/2022/03/cropped-logo-topinv-face.jpeg,Mexico,Quintana Roo,Tulum,,,Sale,1,Angely Machado Galindez,https://www.topinvestments.mx/propiedad/terreno-comercial-en-el-nuevo-centro-de-playa-del-carmen/,Playa del Carmen; Tulum; Other Riviera Maya
Angely Machado Galindez,https://www.topinvestments.mx/,,https://www.topinvestments.mx/propiedad/terreno-comercial-mixto-en-el-corazon-de-playa-del-carmen/,Terreno Comercial Mixto en el Corazón de Playa del Carmen,Land/Lot,11544312,USD,3,,11835.40,m2,"Este polígono es, literalmente, la cereza del pastel de los predios urbanos en Playa del Carmen. Ubicado entre Avenida Constituyentes y Avenida 115 (Arco Vial), dos de las vialidades más importantes y…",https://www.topinvestments.mx/wp-content/uploads/2022/03/cropped-logo-topinv-face.jpeg,Mexico,Quintana Roo,Tulum,,,Sale,1,Angely Machado Galindez,https://www.topinvestments.mx/propiedad/terreno-comercial-mixto-en-el-corazon-de-playa-del-carmen/,Playa del Carmen; Tulum; Other Riviera Maya
Angely Machado Galindez,https://www.topinvestments.mx/,,https://www.topinvestments.mx/propiedad/terreno-mixto-comercial-sobre-boulevard-playa-del-carmen/,Terreno Mixto Comercial sobre Boulevard Playa del Carmen,Land/Lot,14430490,USD,3,,21350,m2,"La Cementera es un polígono estratégico de gran extensión ubicado sobre el Boulevard Playa del Carmen, una de las vialidades más importantes de la ciudad. Con 21,350 m² de superficie…",https://www.topinvestments.mx/wp-content/uploads/2022/03/cropped-logo-topinv-face.jpeg,Mexico,Quintana Roo,Tulum,,,Sale,1,Angely Machado Galindez,https://www.topinvestments.mx/propiedad/terreno-mixto-comercial-sobre-boulevard-playa-del-carmen/,Playa del Carmen; Tulum; Other Riviera Maya
Aniela Mendiburu,https://www.tipibienesraices.com/,EasyBroker,https://www.tipibienesraices.com/property/terreno-en-venta-en-playa-del-carmen-para-complejo-turistico-o-desarrollo,TERRENO EN VENTA EN PLAYA DEL CARMEN PARA COMPLEJO TURISTICO O DESARROLLO,Land/Lot,400,USD,2,2,26673.73,m2,PRECIOSO TERRENO EN PLAYA DEL CARMEN JUNTO AL HOTEL CARACOL VILLAGE A 100 M DE LA PLAYA CON VIABILIDAD PARA DESARROLLAR COMPLEJO INMOBILIARIO: CONDOMINAL HABITACIONAL O TURÍSTICO. UBICACIÓN: ZONA I...,https://assets.easybroker.com/property_images/6046976/106890580/EB-WF6976.jpeg?height=300&version=1781042729&width=450,Mexico,Quintana Roo,Tulum,,,Sale,1,Aniela Mendiburu,https://www.tipibienesraices.com/property/terreno-en-venta-en-playa-del-carmen-para-complejo-turistico-o-desarrollo,Playa del Carmen; Tulum; Other Riviera Maya
Apotema Bienes Raíces,https://www.apotema.com.mx/,EasyBroker,https://www.apotema.com.mx/property/departamento-en-venta-playa-del-carmen-5eaf3403-3e5a-446c-bbed-2b0fc72c69ff,"DEPARTAMENTO EN VENTA, PLAYA DEL CARMEN",Condo/Apartment,7500000,USD,2,2,165.5,m2,"Amplio departamento de 165.5 m2 ubicado en Playa del Carmen primer piso, con vista a la alberca. Cuenta con una distribución cómoda y funcional; estancia, comedor, cocina con barra de granito, recá...",https://assets.easybroker.com/property_images/6169792/109541156/EB-WR9792.jpeg?height=300&version=1786745727&width=450,Mexico,Quintana Roo,Playa del Carmen,,,Sale,1,Apotema Bienes Raíces,https://www.apotema.com.mx/property/departamento-en-venta-playa-del-carmen-5eaf3403-3e5a-446c-bbed-2b0fc72c69ff,Playa del Carmen; Other Riviera Maya
B&A Caribbean Real Estate,https://www.bnacaribbeanrealestate.com/,Tokko Broker,"https://www.bnacaribbeanrealestate.com/p/8653212-Casa-en-Venta-Renta-en-Fraccionamiento-Selvamar-Casa-en-Venta-o-Renta-en-Residencial-Selvamar,-Playa-del-Carmen","Casa en Venta-Renta en Fraccionamiento Selvamar - Casa en Venta o Renta en Residencial Selvamar, Playa del Carmen",House,6300000,MXN,3,3,297,m2,"Casa en venta o renta en Sool Village, Selvamar, Playa del Carmen, con roof top, doble seguridad y alberca común. Características principales de la propiedad- Casa de 3 niveles.- 3 recámaras, incluyendo recámara principal con walking closet.- 3 baños completos y 1 medio baño.- Cuarto de servicio con baño completo.- Cuarto de lavado independiente.- Roof top, un espacio adicional para disfrutar al aire libre.- Cochera para 2 automóviles.- Línea telefónica e internet activos y listos para su uso.- Medidor de luz preparado para la instalación de paneles solares, en caso de que el propietario o inq",https://static.tokkobroker.com/sm_pics/8653212_80400812442343925762931598486788070193680926520097313077414009471085858636084_og.jpg,Mexico,Quintana Roo,Playa del Carmen,,,Sale,3,B&A Caribbean Real Estate,"https://www.bnacaribbeanrealestate.com/p/8653212-Casa-en-Renta-en-Fraccionamiento-Selvamar-Casa-en-Venta-o-Renta-en-Residencial-Selvamar,-Playa-del-Carmen; https://www.bnacaribbeanrealestate.com/p/8653212-Casa-en-Venta-Renta-en-Fraccionamiento-Selvamar-Casa-en-Venta-o-Renta-en-Residencial-Selvamar,-Playa-del-Carmen; https://www.bnacaribbeanrealestate.com/p/8653212-Casa-en-Venta-en-Fraccionamiento-Selvamar-Casa-en-Venta-o-Renta-en-Residencial-Selvamar,-Playa-del-Carmen",Playa del Carmen; Other Riviera Maya
B&A Caribbean Real Estate,https://www.bnacaribbeanrealestate.com/,Tokko Broker,"https://www.bnacaribbeanrealestate.com/p/7819624-Casa-en-condominio-en-Venta-en-Fraccionamiento-Ciudad-Mayakoba-Casa-en-venta-en-Senderos-de-Mayakoba,-Playa-del-Carmen","Casa en condominio en Venta en Fraccionamiento Ciudad Mayakoba - Casa en venta en Senderos de Mayakoba, Playa del Carmen",House,8400000,MXN,3,3,270,m2,"Casa en venta en Senderos de Mayakoba, Playa del Carmen | Alberca privada, rooftop con jacuzzi y seguridad 24/7 Casa en venta en Senderos de Mayakoba, Playa del Carmen, con alberca privada, rooftop con jacuzzi y diseño contemporáneo dentro de un residencial con seguridad 24/7. Características principales de la propiedad- Terreno: 180 m²- Construcción: 270 m²- 3 recámaras- 3 baños completos- 2 medios baños- Cochera cubierta para 2 vehículos- Alberca privada- Rooftop con jacuzzi Distribución y extras relevantesPlanta baja- Sala y comedor con excelente iluminación natural- Cocina integral con cub",https://static.tokkobroker.com/sm_pics/118368372_og.jpg,Mexico,Quintana Roo,Playa del Carmen,,,Sale,1,B&A Caribbean Real Estate,"https://www.bnacaribbeanrealestate.com/p/7819624-Casa-en-condominio-en-Venta-en-Fraccionamiento-Ciudad-Mayakoba-Casa-en-venta-en-Senderos-de-Mayakoba,-Playa-del-Carmen",Playa del Carmen; Other Riviera Maya
B&A Caribbean Real Estate,https://www.bnacaribbeanrealestate.com/,Tokko Broker,https://www.bnacaribbeanrealestate.com/p/7511826-Terreno-en-Venta-en-Playa-del-Carmen-Terreno-en-Venta-en-Sacbe-Playa-del-Carmen,Terreno en Venta en Playa del Carmen - Terreno en Venta en Sacbe Playa del Carmen,Land/Lot,250000,USD,,,2222,m2,"Terreno en Venta en Pueblo Sacbé, Playa del Carmen | 2,222.91 m² Terreno en venta en Pueblo Sacbé, Playa del Carmen, rodeado de selva, cenotes y ríos subterráneos, dentro de una comunidad ecológica enfocada en la sustentabilidad y la privacidad. Características principales- Terreno: 2,222.91 m²- Terreno residencial ecológico listo para construir- Comunidad establecida con enfoque sustentable- Acceso por caminos naturales y de terracería- Rodeado de vegetación nativa- Ideal para residencia, casa de descanso o proyecto ecológico AmenidadesNaturaleza- Senderos para caminar y andar en bicicleta- C",https://static.tokkobroker.com/sm_pics/111618334_og.jpg,Mexico,Quintana Roo,Playa del Carmen,,,Sale,1,B&A Caribbean Real Estate,https://www.bnacaribbeanrealestate.com/p/7511826-Terreno-en-Venta-en-Playa-del-Carmen-Terreno-en-Venta-en-Sacbe-Playa-del-Carmen,Playa del Carmen; Other Riviera Maya
BUSTAMANTE GROUP REAL ESTATE,https://www.bustamantegrouprealestate.com/,Tokko Broker,https://www.bustamantegrouprealestate.com/p/8653774-Terreno-en-Venta-en-Playa-del-Carmen-Terreno-en-Venta-en-Playa-del-Carmen,Terreno en Venta en Playa del Carmen - Terreno en Venta en Playa del Carmen,Land/Lot,18000000,USD,,,28589,m2,"Terreno en venta en Playa del Carmen, Quintana Roo, ubicado estratégicamente en la esquina de Avenida 115 y Calle 41 Sur, a aproximadamente una cuadra de la Carretera Federal. Su ubicación, rodeada de zonas habitacionales y comerciales consolidadas, le brinda un importante potencial para el desarrollo de un proyecto comercial y/o habitacional.--Se trata de un macrolote con doble frente y una superficie total aproximada de 28,589.30 m², equivalente a 2.86 hectáreas. De acuerdo con el levantamiento topográfico proporcionado, el predio se integra por dos superficies de 21,287.71 m² y 7,301.59 m².",https://static.tokkobroker.com/sm_pics/8653774_74537991846860791481912610447168993004810719296208131876307248534946738845523_og.jpg,Mexico,Quintana Roo,Playa del Carmen,,,Sale,1,BUSTAMANTE GROUP REAL ESTATE,https://www.bustamantegrouprealestate.com/p/8653774-Terreno-en-Venta-en-Playa-del-Carmen-Terreno-en-Venta-en-Playa-del-Carmen,Playa del Carmen; Other Riviera Maya
BUSTAMANTE GROUP REAL ESTATE,https://www.bustamantegrouprealestate.com/,Tokko Broker,https://www.bustamantegrouprealestate.com/p/8653826-Departamento-en-Venta-en-Fraccionamiento-Ciudad-Mayakoba-Departamento-en-Venta-en-Playa-del-Carmen-en-Ciudad-Mayakoba,Departamento en Venta en Fraccionamiento Ciudad Mayakoba - Departamento en Venta en Playa del Carmen en Ciudad Mayakoba,Condo/Apartment,2500000,MXN,3,3,64,m2,"Ubicado en Ciudad Mayakoba, en Playa del Carmen, este departamento en venta se encuentra dentro de una comunidad planeada rodeada de naturaleza y con excelente conectividad hacia servicios, comercios, colegios, hospitales, playas y diferentes puntos de la Riviera Maya. El desarrollo ofrece un entorno residencial con áreas verdes, seguridad y espacios destinados a la convivencia.--El departamento de 64,98m2 cuenta con 3 recámaras, 2 baños, sala-comedor, cocina y cuarto de servicio. La propiedad es pet friendly y permite renta vacacional, convirtiéndola en una alternativa tanto para uso residenc",https://static.tokkobroker.com/sm_pics/8653826_67959357032754880705970525541427626684012648098795638443644162762243175167320_og.jpg,Mexico,Quintana Roo,Playa del Carmen,,,Sale,1,BUSTAMANTE GROUP REAL ESTATE,https://www.bustamantegrouprealestate.com/p/8653826-Departamento-en-Venta-en-Fraccionamiento-Ciudad-Mayakoba-Departamento-en-Venta-en-Playa-del-Carmen-en-Ciudad-Mayakoba,Playa del Carmen; Other Riviera Maya
BUSTAMANTE GROUP REAL ESTATE,https://www.bustamantegrouprealestate.com/,Tokko Broker,https://www.bustamantegrouprealestate.com/p/7842752-Departamento-en-Venta-en-Fraccionamiento-Ciudad-Mayakoba-En-Venta-Departamento-en-Playa-del-Carmen,Departamento en Venta en Fraccionamiento Ciudad Mayakoba - En Venta Departamento en Playa del Carmen,Condo/Apartment,7800000,MXN,2,2,171,m2,"Ubicado en Playa del Carmen, este departamento en venta ofrece espacios amplios y funcionales dentro de un entorno residencial con amenidades, seguridad y áreas destinadas a la convivencia y recreación.--El departamento cuenta con 171.95 m², 2 recámaras, 2 baños, sala-comedor, cocina, terraza, balcón, cuarto de servicio y área de lavandería. Dispone de aire acondicionado individual y 2 lugares de estacionamiento. Precio de venta: $7,800,000 MXN.--Entre sus amenidades se encuentran alberca, gimnasio, centro de deportes, área social con asador y seguridad 24/7, ofreciendo diferentes espacios par",https://static.tokkobroker.com/sm_pics/118886116_og.jpg,Mexico,Quintana Roo,Playa del Carmen,,,Sale,1,BUSTAMANTE GROUP REAL ESTATE,https://www.bustamantegrouprealestate.com/p/7842752-Departamento-en-Venta-en-Fraccionamiento-Ciudad-Mayakoba-En-Venta-Departamento-en-Playa-del-Carmen,Playa del Carmen; Other Riviera Maya
BUSTAMANTE GROUP REAL ESTATE,https://www.bustamantegrouprealestate.com/,Tokko Broker,https://www.bustamantegrouprealestate.com/p/8055545-Terreno-en-Venta-en-Puerto-Morelos-Terreno-en-Venta-en-Puerto-Morelo-Aldea-UMM,Terreno en Venta en Puerto Morelos - Terreno en Venta en Puerto Morelo Aldea UMM,Land/Lot,890000,MXN,,,160,m2,"Ubicado en Aldea Umm, Puerto Morelos, Quintana Roo, este terreno se encuentra dentro de una zona residencial de crecimiento y plusvalía en el corredor Cancún–Tulum, una de las áreas con mayor desarrollo inmobiliario de la Riviera Maya. Su estratégica ubicación permite una conexión aproximada de 15 minutos al Aeropuerto Internacional de Cancún, 23 minutos a Cancún y 20 minutos a Playa del Carmen, además de encontrarse rodeado de desarrollos residenciales, áreas naturales y servicios en expansión. El entorno combina privacidad, naturaleza y conectividad, convirtiéndose en una excelente opción pa",https://static.tokkobroker.com/sm_pics/8055545_84932246656834092472379950401647133180164886943792152954319740641521924981180_og.jpg,Mexico,Quintana Roo,Tulum,,,Sale,1,BUSTAMANTE GROUP REAL ESTATE,https://www.bustamantegrouprealestate.com/p/8055545-Terreno-en-Venta-en-Puerto-Morelos-Terreno-en-Venta-en-Puerto-Morelo-Aldea-UMM,Cancun; Playa del Carmen; Puerto Morelos; Tulum; Other Riviera Maya
BUSTAMANTE GROUP REAL ESTATE,https://www.bustamantegrouprealestate.com/,Tokko Broker,https://www.bustamantegrouprealestate.com/p/7848405-Terreno-en-Venta-en-Puerto-Morelos-Terreno-en-Venta-en-Puerto-Morelos-en-Aldea-Ha,Terreno en Venta en Puerto Morelos - Terreno en Venta en Puerto Morelos en Aldea Ha,Land/Lot,900000,MXN,4,4,163,m2,"Ubicación: Ubicado en el exclusivo fraccionamiento Aldea Ha, en Puerto Morelos, Quintana Roo. Situado estratégicamente entre Cancún y Playa del Carmen, a pocos minutos de las playas y con fácil acceso a la carretera federal y al Aeropuerto Internacional de Cancún. - - DETALLES DE LA PROPIEDAD: Dos terrenos disponibles con superficies de 163.65 m² y 165.38 m², con un precio de $900,000 MXN cada uno. Ambos están listos para construir e incluyen, sin costo extra, un proyecto arquitectónico de 270 m² de construcción en tres niveles. El proyecto contempla 4 habitaciones, 4 baños completos, alberca,",https://static.tokkobroker.com/pictures/7848405_108623817426545380345452512547666668939187773797990316229196454094577959640585.jpg,Mexico,Quintana Roo,Playa del Carmen,,,Sale,1,BUSTAMANTE GROUP REAL ESTATE,https://www.bustamantegrouprealestate.com/p/7848405-Terreno-en-Venta-en-Puerto-Morelos-Terreno-en-Venta-en-Puerto-Morelos-en-Aldea-Ha,Cancun; Playa del Carmen; Puerto Morelos; Other Riviera Maya
BUSTAMANTE GROUP REAL ESTATE,https://www.bustamantegrouprealestate.com/,Tokko Broker,https://www.bustamantegrouprealestate.com/p/7962808-Terreno-en-Venta-en-Fraccionamiento-La-Joya-Terreno-Residencial-En-Venta-En-Xaman-Ha-La-Joya-Playa-Del-Carmen,Terreno en Venta en Fraccionamiento La Joya - Terreno Residencial En Venta En Xaman Ha La Joya Playa Del Carmen,Land/Lot,1450000,MXN,,,185,m2,"TERRENO RESIDENCIAL EN VENTA EN XAMAN HA – LA JOYA, PLAYA DEL CARMEN - - UBICACIÓNXaman Ha – La Joya, Playa del Carmen, Quintana Roo - - DESCRIPCIÓN DEL INMUEBLETerreno residencial en venta con superficie de 185 m2, ubicado en Xaman Ha – La Joya, una zona con alta demanda y crecimiento en Playa del Carmen. Cuenta con ubicación estratégica cercana a centros comerciales, bancos, colegios, cine y gimnasios, ideal para construir casa habitación o como inversión. El fraccionamiento ofrece entorno residencial con amenidades que complementan la calidad de vida y plusvalía de la zona. - - DETALLES DE ",https://static.tokkobroker.com/sm_pics/121608728_og.jpg,Mexico,Quintana Roo,Playa del Carmen,,,Sale,1,BUSTAMANTE GROUP REAL ESTATE,https://www.bustamantegrouprealestate.com/p/7962808-Terreno-en-Venta-en-Fraccionamiento-La-Joya-Terreno-Residencial-En-Venta-En-Xaman-Ha-La-Joya-Playa-Del-Carmen,Playa del Carmen; Other Riviera Maya
BuyPlaya Real Estate Advisors,https://buyplaya.com/,,https://buyplaya.com/all-playa-del-carmen-listings/,BuyPlaya Advisors,Land/Lot,1000,USD,0,0,96,m2,Buyplaya Advisors are your playa del carmen real estate and tulum real estate experts with 20 years of experience successfully assisting foreign investors own property in the riviera maya of mexico,https://secure.gravatar.com/avatar/518b4f3cc02fa3ff0077a1cd3b935ba0b57832b96f49f5cc3e0f4801468e2f9f?s=96&amp;d=mm&amp;r=g,Mexico,Quintana Roo,Tulum,,,Sale,6,BuyPlaya Real Estate Advisors; Marieke,https://buyplaya.com/all-playa-del-carmen-listings/; https://buyplaya.com/property/santamar-101/; https://buyplaya.com/riviera-maya-condos-for-sale/,Playa del Carmen; Tulum; Other Riviera Maya
BuyPlaya Real Estate Advisors,https://buyplaya.com/,,https://buyplaya.com/property/villa-de-golf-bahia-principe/,Villa de Golf - Tulum Country Club - Playa Del Carmen Real Estate - Tulum Real Estate,Land/Lot,1000,USD,0,0,1800,m2,Gorgeous Two Story Houses in Golf Course Community,https://buyplaya.com/wp-content/uploads/2024/01/file_jan_29-_6_51_30_am.jpg; https://buyplaya.com/wp-content/uploads/2024/01/file_jan_29-_6_51_30_am.jpg,Mexico,Quintana Roo,Tulum,,,Sale,10,BuyPlaya Real Estate Advisors; Marieke,https://buyplaya.com/property/villa-de-golf-bahia-principe/; https://buyplaya.com/property/villas-tulum-country-club-jaguar-2-2-2/; https://buyplaya.com/property/villas-tulum-country-club-jaguar-2-2/; https://buyplaya.com/property/villas-tulum-country-club-jaguar-2/; https://buyplaya.com/property/villas-tulum-country-club-jaguar/,Playa del Carmen; Tulum; Other Riviera Maya
BuyPlaya Real Estate Advisors,https://buyplaya.com/,,https://buyplaya.com/property/kaoba-beachfront-1-bedroom/,Kaoba beachfront 1 bedroom - Playa Del Carmen Real Estate - Tulum Real Estate,Land/Lot,1000,USD,1,0,88.26,m2,Beachfront Condo with Plunge Pool in Tankah Bay,https://buyplaya.com/wp-content/uploads/2026/04/DSC_0049-1.jpg; https://buyplaya.com/wp-content/uploads/2026/04/DSC_0049-1.jpg,Mexico,Quintana Roo,Tulum,,,Sale,7,BuyPlaya Real Estate Advisors; I Brokers; Marieke,https://buyplaya.com/property/kaoba-beachfront-1-bedroom/; https://buyplaya.com/property/la-bahia-1-bed-beachfront-penthouse/; https://buyplaya.com/property/tao-hai-1-bed-garden-unit/; https://ibrokersmexico.com/en/property/nala-exclusivo-proyecto-frente-a-la-playa-de-cozumel/,Playa del Carmen; Tulum; Other Riviera Maya
Cantu Real Estate,https://canturealestate.com.mx/,,https://canturealestate.com.mx/property/terreno-en-venta-en-lopez-portillo-cancun/,Terreno en Venta en Lopez Portillo Cancun - Cantú Real Estate,Land/Lot,5900000.00,USD,0,0,,,"Terreno en Venta en Lopez Portillo Cancun Terreno en venta Lopez Portillo Fracc Santa Rosa 100m de frente 300mt de fondo Total 3 hectáreas Ubicación por avenida López Portillo esquina z gas , rápido acceso por av libramiento y huayacan o López Portillo . Con cesión de derechos . Ya regularizado ante el ejido. Cuenta",https://secure.gravatar.com/avatar/f0e41510d4d3f0ee9a3e24c416d4dd2c8cea4715bddf37ca642457319e01afa5?s=96&d=mm&r=g,Mexico,Quintana Roo,Playa del Carmen,,,Sale,1,Cantu Real Estate,https://canturealestate.com.mx/property/terreno-en-venta-en-lopez-portillo-cancun/,Cancun; Playa del Carmen; Other Riviera Maya
Cantu Real Estate,https://canturealestate.com.mx/,,https://canturealestate.com.mx/property/casa-en-venta-en-senderos-mayakoba-kc0095/,"Casa en venta en Senderos, Mayakoba / KC0095 - Cantú Real Estate",Land/Lot,10800000.00,USD,3,4,264,m2,"Casa de lujo en venta en Ciudad Mayakoba, Solidaridad – Con alberca privada y casa club Esta elegante casa en el exclusivo desarrollo de Ciudad Mayakoba combina lujo y comodidad en un entorno seguro y rodeado de naturaleza. Con 264 m² de construcción sobre un terreno de 289 m², esta propiedad cuenta con espacios amplios",https://secure.gravatar.com/avatar/f0e41510d4d3f0ee9a3e24c416d4dd2c8cea4715bddf37ca642457319e01afa5?s=96&d=mm&r=g,Mexico,Quintana Roo,Playa del Carmen,,,Sale,1,Cantu Real Estate,https://canturealestate.com.mx/property/casa-en-venta-en-senderos-mayakoba-kc0095/,Playa del Carmen; Other Riviera Maya
Cantu Real Estate,https://canturealestate.com.mx/,,https://canturealestate.com.mx/property/departamento-en-segundo-piso-en-venta-en-playacar-fase-i-playa-del-carmen-kc0313/,"Departamento en Segundo Piso en Venta en Playacar Fase I, Playa del Carmen | KC0313 - Cantú Real Estate",Land/Lot,940500.00,USD,3,4,130,m2,"Tu oasis exclusivo en Playacar Fase 1: lujo y comodidad a solo 130 metros del mar. Imagina vivir en uno de los destinos más exclusivos del Caribe mexicano, con una ubicación inigualable a pocos pasos del mar y la famosa 5ª avenida. Este departamento en Playacar Fase 1 combina estilo, lujo y confort en cada",https://secure.gravatar.com/avatar/f0e41510d4d3f0ee9a3e24c416d4dd2c8cea4715bddf37ca642457319e01afa5?s=96&d=mm&r=g,Mexico,Quintana Roo,Playa del Carmen,,,Sale,1,Cantu Real Estate,https://canturealestate.com.mx/property/departamento-en-segundo-piso-en-venta-en-playacar-fase-i-playa-del-carmen-kc0313/,Playa del Carmen; Other Riviera Maya
Cantu Real Estate,https://canturealestate.com.mx/,,https://canturealestate.com.mx/property/departamento-en-venta-en-colorado-hills-fase-ii-los-cabos/,"Departamento en Venta en Colorado Hills Fase II, Los Cabos - Cantú Real Estate",Condo/Apartment,398000.00,USD,2,2,95.9,m2,"Residencia Moderna en Colorado Hills Área: 95.9 m² Ubicación: Calle La Antigua, 23405, San José del Cabo, BCS, México Precio de venta: $398,000 USD Especificaciones: 2 habitaciones2 baños completosCocina modernaSala y comedorTerraza de 17.04 m²Seguridad las 24 horas Descripción:Descubre el confort y la elegancia en Colorado Hills, situado en una ubicación privilegiada en San José",https://secure.gravatar.com/avatar/f0e41510d4d3f0ee9a3e24c416d4dd2c8cea4715bddf37ca642457319e01afa5?s=96&d=mm&r=g,Mexico,Quintana Roo,Playa del Carmen,,,Sale,2,Cantu Real Estate,https://canturealestate.com.mx/property/departamento-en-venta-en-colorado-hills-fase-ii-los-cabos/; https://canturealestate.com.mx/property/departamento-en-venta-en-coyote-towers-los-cabos/,Playa del Carmen; Baja California Sur; Other Riviera Maya
Cantu Real Estate,https://canturealestate.com.mx/,,https://canturealestate.com.mx/property/terreno-en-venta-en-zapopan-jalisco-2/,"Terreno en Venta en Zapopan, Jalisco - Cantú Real Estate",Land/Lot,83430200.00,USD,0,0,540,m2,Terreno en venta en Zapopan Jalisco Proyecto Parque Royal Alta plusvalía,https://secure.gravatar.com/avatar/f0e41510d4d3f0ee9a3e24c416d4dd2c8cea4715bddf37ca642457319e01afa5?s=96&d=mm&r=g,Mexico,Quintana Roo,Playa del Carmen,,,Sale,1,Cantu Real Estate,https://canturealestate.com.mx/property/terreno-en-venta-en-zapopan-jalisco-2/,Playa del Carmen; Other Riviera Maya
Cantu Real Estate,https://canturealestate.com.mx/,,https://canturealestate.com.mx/property/terreno-en-venta-con-frente-de-playa-en-puerto-morelos-kc0241/,Terreno en Venta con Frente de Playa en Puerto Morelos | KC0241 - Cantú Real Estate,Land/Lot,2623068.00,USD,0,0,3747.24,m2,"Increíble Oportunidad de Inversión: Terreno Frente al Mar Caribe en la Riviera Maya Precio de Venta: $26,233,068 USD Ubicación de Ensueño: Este terreno de 3,747.24 m² se encuentra en el exclusivo Fraccionamiento Residencial Bahía Petempich, Puerto Morelos, rodeado de hoteles de lujo y desarrollos turísticos. Características Únicas: 80 metros lineales frente al Mar Caribe con",https://secure.gravatar.com/avatar/f0e41510d4d3f0ee9a3e24c416d4dd2c8cea4715bddf37ca642457319e01afa5?s=96&d=mm&r=g,Mexico,Quintana Roo,Playa del Carmen,,,Sale,1,Cantu Real Estate,https://canturealestate.com.mx/property/terreno-en-venta-con-frente-de-playa-en-puerto-morelos-kc0241/,Playa del Carmen; Puerto Morelos; Other Riviera Maya
Cantu Real Estate,https://canturealestate.com.mx/,,https://canturealestate.com.mx/property/departamento-en-venta-en-coyote-towers-los-cabos-2/,"Departamento en Venta en Coyote Towers, Los Cabos - Cantú Real Estate",Condo/Apartment,277000.00,USD,2,2,74,m2,"Departamento Coyote en Coyote Towers Área: 74 m² Ubicación: Camino de la Plaza 58, Pedregal, 23450 Cabo San Lucas, B.C.S., México Precio de venta: $277,000 USD Especificaciones: 2 habitaciones2 baños completosCocina de diseñoSala y comedorTerraza de 25.4 m² Descripción:Ubicada en el exclusivo desarrollo Coyote Towers en Pedregal, esta residencia de 123.08 m² ofrece una combinación",https://secure.gravatar.com/avatar/f0e41510d4d3f0ee9a3e24c416d4dd2c8cea4715bddf37ca642457319e01afa5?s=96&d=mm&r=g,Mexico,Quintana Roo,Playa del Carmen,,,Sale,2,Cantu Real Estate,https://canturealestate.com.mx/property/departamento-en-venta-breeze-en-costa-mare-los-cabos-2/; https://canturealestate.com.mx/property/departamento-en-venta-en-coyote-towers-los-cabos-2/,Playa del Carmen; Baja California Sur; Other Riviera Maya
Cantu Real Estate,https://canturealestate.com.mx/,,https://canturealestate.com.mx/property/terreno-en-venta-en-altamira-caracas-venezuela-kc0323/,"Terreno en Venta en Altamira, Caracas Venezuela | KC0323 - Cantú Real Estate",Land/Lot,2600000.00,USD,0,0,2000,m2,"¡Inversión Única en Altamira! Terreno de 2,000 m² Te presentamos una excelente oportunidad para adquirir un terreno de 2,000 metros cuadrados ubicado en el norte de Altamira, una de las zonas más exclusivas y cotizadas de Caracas. Características del terreno: Ubicación privilegiada: Situado en un área residencial y comercial de alto valor, ideal para desarrollar",https://secure.gravatar.com/avatar/f0e41510d4d3f0ee9a3e24c416d4dd2c8cea4715bddf37ca642457319e01afa5?s=96&d=mm&r=g,Mexico,Quintana Roo,Playa del Carmen,,,Sale,1,Cantu Real Estate,https://canturealestate.com.mx/property/terreno-en-venta-en-altamira-caracas-venezuela-kc0323/,Playa del Carmen; Other Riviera Maya
Cantu Real Estate,https://canturealestate.com.mx/,,https://canturealestate.com.mx/property/terreno-en-venta-en-yalku-lagoon-playa-del-carmen-1964-kc0072/,Terreno en Venta en Yalku lagoon Playa del Carmen 1964 | KC0072 - Cantú Real Estate,Land/Lot,800000.00,USD,0,0,1964.89,m2,"Excelente terreno en venta cerca de la laguna Yalku, Playa del Carmen – Inversión de alta plusvalía Atención inversionistas y desarrolladores: este terreno de 1,964.89 m² ubicado cerca de la exclusiva laguna Yalku en Playa del Carmen es una oportunidad inigualable para desarrollar un proyecto en una zona de alta demanda y crecimiento continuo. Ideal",https://secure.gravatar.com/avatar/f0e41510d4d3f0ee9a3e24c416d4dd2c8cea4715bddf37ca642457319e01afa5?s=96&d=mm&r=g,Mexico,Quintana Roo,Playa del Carmen,,,Sale,1,Cantu Real Estate,https://canturealestate.com.mx/property/terreno-en-venta-en-yalku-lagoon-playa-del-carmen-1964-kc0072/,Playa del Carmen; Other Riviera Maya
Cantu Real Estate,https://canturealestate.com.mx/,,https://canturealestate.com.mx/property/departamento-en-venta-en-los-cabos/,Departamento en Venta en Los Cabos - Cantú Real Estate,Land/Lot,1104999.00,USD,0,0,313,m2,"Con una ubicación inmejorable a solo quince minutos del Aeropuerto Internacional de Los Cabos, al pie de la mágica Sierra de la Laguna dentro del Club de Golf Campestre, diseñado por Jack Nicklaus, con vistas al Mar de Cortés se encuentra Cora, un exclusivo desarrollo en el que encontrarás un estilo de vida privilegiado En",https://secure.gravatar.com/avatar/f0e41510d4d3f0ee9a3e24c416d4dd2c8cea4715bddf37ca642457319e01afa5?s=96&d=mm&r=g,Mexico,Quintana Roo,Playa del Carmen,,,Sale,1,Cantu Real Estate,https://canturealestate.com.mx/property/departamento-en-venta-en-los-cabos/,Playa del Carmen; Baja California Sur; Other Riviera Maya
Cantu Real Estate,https://canturealestate.com.mx/,,https://canturealestate.com.mx/property/departamento-en-venta-playa-del-carmen-2/,"Departamento en Venta, Playa del Carmen - Cantú Real Estate",Land/Lot,340000.00,USD,2,2,,,"Departamento en Venta en Musa del CarmenA solo 5 minutos de la playaEn Playa del Carmen, Q. Roo Características: 2 recámaras, cada una con baño completoOpción ideal para inversión: posibilidad de dividir para rentasSe vende completamente amueblado y equipadoUbicado en primer piso con balcón Edificio: Solo 5 departamentos de 2 recámarasElevadorAmenidades: gimnasio, spa y 2",https://canturealestate.com.mx/wp-content/uploads/2026/04/7906949_55870483967943322893294806919458026018481286652216847091014522484592719971597.jpg,Mexico,Quintana Roo,Playa del Carmen,,,Sale,1,Cantu Real Estate,https://canturealestate.com.mx/property/departamento-en-venta-playa-del-carmen-2/,Playa del Carmen; Other Riviera Maya
Cantu Real Estate,https://canturealestate.com.mx/,,https://canturealestate.com.mx/property/departamento-en-venta-en-sunset-los-cabos/,"Departamento en Venta en Sunset, Los Cabos - Cantú Real Estate",Condo/Apartment,417261.00,USD,2,2,110,m2,"Residencia Horizon en Panorama Residences Área: 110 m² Ubicación: Cabo San Lucas, Baja California Sur, México Precio de venta: $417,261 USD Especificaciones: 2 habitaciones2 baños completosCocina de diseño modernoSala y comedorTerraza con vistas al mar de 17.72 m²Estacionamiento subterráneoSeguridad 24/7Descripción:Disfruta de la exclusividad y el confort en Panorama Residences, situado en un enclave privilegiado de",https://secure.gravatar.com/avatar/f0e41510d4d3f0ee9a3e24c416d4dd2c8cea4715bddf37ca642457319e01afa5?s=96&d=mm&r=g,Mexico,Quintana Roo,Playa del Carmen,,,Sale,1,Cantu Real Estate,https://canturealestate.com.mx/property/departamento-en-venta-en-sunset-los-cabos/,Playa del Carmen; Baja California Sur; Other Riviera Maya
Cantu Real Estate,https://canturealestate.com.mx/,,https://canturealestate.com.mx/property/terreno-en-venta-en-chac-mool-los-santos-kc0234/,"Terreno en Venta en Chac Mool, Los Santos | KC0234 - Cantú Real Estate",Land/Lot,260000000.00,USD,0,0,540,m2,"Terreno Estratégico de 20 Hectáreas en Venta – Cancún, Quintana Roo Precio de Venta: $260,000,000 MXN Ubicación Prime en Av. Chac-Mool Descubra una oportunidad única de inversión en una de las zonas con mayor crecimiento y plusvalía de Cancún. Este terreno de 20 hectáreas ofrece un mundo de posibilidades gracias a su uso de suelo",https://secure.gravatar.com/avatar/f0e41510d4d3f0ee9a3e24c416d4dd2c8cea4715bddf37ca642457319e01afa5?s=96&d=mm&r=g,Mexico,Quintana Roo,Playa del Carmen,,,Sale,1,Cantu Real Estate,https://canturealestate.com.mx/property/terreno-en-venta-en-chac-mool-los-santos-kc0234/,Cancun; Playa del Carmen; Other Riviera Maya
Cantu Real Estate,https://canturealestate.com.mx/,,https://canturealestate.com.mx/property/terreno-en-venta-en-doctores-ii-cancun-quintana-roo-kc0347/,"Terreno en Venta en Doctores II, Cancún Quintana Roo | KC0347 - Cantú Real Estate",Land/Lot,8500000.00,USD,0,0,5000,m2,"Oportunidad de inversión en una de las zonas con mayor proyección de crecimiento en Cancún. Este terreno de 5,000 m², ubicado en Doctores II, se encuentra a solo unos metros de la Av. Chac Mool y Av. Colosio, dos de las avenidas más importantes de la ciudad. Con un precio competitivo de $1,700 MXN por",https://secure.gravatar.com/avatar/f0e41510d4d3f0ee9a3e24c416d4dd2c8cea4715bddf37ca642457319e01afa5?s=96&d=mm&r=g,Mexico,Quintana Roo,Playa del Carmen,,,Sale,1,Cantu Real Estate,https://canturealestate.com.mx/property/terreno-en-venta-en-doctores-ii-cancun-quintana-roo-kc0347/,Cancun; Playa del Carmen; Other Riviera Maya
Cantu Real Estate,https://canturealestate.com.mx/,,https://canturealestate.com.mx/property/terreno-en-venta-en-playa-punta-maroma-solidaridad-kc0041/,Terreno en Venta en Playa Punta Maroma Solidaridad | KC0041 - Cantú Real Estate,Land/Lot,45840000.00,USD,0,0,47185.07,m2,"Terreno frente al mar en venta en Playa Punta Maroma, Solidaridad Precio de venta: $45,840,000USD Invierta en una propiedad única frente al mar en la codiciada Playa Punta Maroma, en la Riviera Maya. Este terreno de 47,185.07 m² con 250 metros de frente de playa es ideal para desarrolladores interesados en crear un proyecto turístico",https://secure.gravatar.com/avatar/f0e41510d4d3f0ee9a3e24c416d4dd2c8cea4715bddf37ca642457319e01afa5?s=96&d=mm&r=g,Mexico,Quintana Roo,Playa del Carmen,,,Sale,1,Cantu Real Estate,https://canturealestate.com.mx/property/terreno-en-venta-en-playa-punta-maroma-solidaridad-kc0041/,Playa del Carmen; Other Riviera Maya
Cantu Real Estate,https://canturealestate.com.mx/,,https://canturealestate.com.mx/property/casa-en-venta-en-aldea-kiin-puerto-morelos-kc0262/,"Casa en Venta en Aldea Kiin, Puerto Morelos | KC0262 - Cantú Real Estate",Land/Lot,4000000.00,USD,3,3,279,m2,"GRAN OPORTUNIDAD Casa en Venta en Aldea Kiin, Puerto Morelos - Un Refugio de Tranquilidad y Confort Sumérgete en el encanto de Puerto Morelos con esta espectacular casa de 279m² construcción, 160 m2 de terreno 8 x 20, ubicada en la exclusiva comunidad de Aldea Kiin ECOHABITAT. Un entorno seguro y relajado, diseñado para disfrutar",https://secure.gravatar.com/avatar/f0e41510d4d3f0ee9a3e24c416d4dd2c8cea4715bddf37ca642457319e01afa5?s=96&d=mm&r=g,Mexico,Quintana Roo,Playa del Carmen,,,Sale,1,Cantu Real Estate,https://canturealestate.com.mx/property/casa-en-venta-en-aldea-kiin-puerto-morelos-kc0262/,Playa del Carmen; Puerto Morelos; Other Riviera Maya
Cantu Real Estate,https://canturealestate.com.mx/,,https://canturealestate.com.mx/property/terreno-en-venta-en-puerto-vallarta-jalisco/,Terreno en Venta en Puerto Vallarta Jalisco - Cantú Real Estate,Land/Lot,6000000.00,USD,0,0,540,m2,"Terreno en venta en puerto vallarta jalisco Se encuentra en una de las zonas más privadas y tranquilas de la bahía. El predio colinda con el río palo María, rodeado de la vegetación selvática con flora y fauna únicas y es accesible a través de senderos y Terrazas a través del barranco hasta el río,",https://secure.gravatar.com/avatar/f0e41510d4d3f0ee9a3e24c416d4dd2c8cea4715bddf37ca642457319e01afa5?s=96&d=mm&r=g,Mexico,Quintana Roo,Playa del Carmen,,,Sale,1,Cantu Real Estate,https://canturealestate.com.mx/property/terreno-en-venta-en-puerto-vallarta-jalisco/,Playa del Carmen; Puerto Vallarta; Other Riviera Maya
Cantu Real Estate,https://canturealestate.com.mx/,,https://canturealestate.com.mx/property/departamento-en-skytown-villas-and-condos-los-cabos-2/,"Departamento en SkyTown Villas and Condos, Los Cabos - Cantú Real Estate",Condo/Apartment,295000.00,USD,2,2,129.19,m2,"Residencia de Lujo en SkyTown Villas and Condos Área: 129.19 m² Ubicación: Calle Cabo San Lucas & 12 de Octubre, San José del Cabo, BCS, México Precio de venta: $295,000 USD Especificaciones: 2 habitaciones2 baños completosCocina ampliaSala y comedorTerraza de 19 m² Descripción:Descubre el encanto y la exclusividad en SkyTown Villas and Condos, ubicado en",https://secure.gravatar.com/avatar/f0e41510d4d3f0ee9a3e24c416d4dd2c8cea4715bddf37ca642457319e01afa5?s=96&d=mm&r=g,Mexico,Quintana Roo,Playa del Carmen,,,Sale,1,Cantu Real Estate,https://canturealestate.com.mx/property/departamento-en-skytown-villas-and-condos-los-cabos-2/,Playa del Carmen; Baja California Sur; Other Riviera Maya
Cantu Real Estate,https://canturealestate.com.mx/,,https://canturealestate.com.mx/property/edificio-en-venta-en-isla-mujeres-quintana-roo/,"Edificio en Venta en Isla Mujeres, Quintana Roo - Cantú Real Estate",Land/Lot,16950000.00,USD,0,0,,,"Edificio en Venta en Isla, Mujeres Quintana Roo Precio: $ 16,950,000 mxn En la Riviera Maya no es un secreto que es el lugar ideal para aquellos que buscan escapar de la monotonía y aunque Cancún, Tulum y Playa del Carmen normalmente serían aclamados como los mejores destinos, en ISLA MUJERES encontrarás el mejor destino",https://secure.gravatar.com/avatar/f0e41510d4d3f0ee9a3e24c416d4dd2c8cea4715bddf37ca642457319e01afa5?s=96&d=mm&r=g,Mexico,Quintana Roo,Tulum,,,Sale,1,Cantu Real Estate,https://canturealestate.com.mx/property/edificio-en-venta-en-isla-mujeres-quintana-roo/,Cancun; Playa del Carmen; Tulum; Other Riviera Maya
Cantu Real Estate,https://canturealestate.com.mx/,,https://canturealestate.com.mx/property/edificio-comercial-en-puerto-vallarta-jalisco/,Edificio Comercial en Puerto Vallarta Jalisco - Cantú Real Estate,House,2500000000.00,USD,0,0,,,Venta de inmuebles en todo México,https://secure.gravatar.com/avatar/f0e41510d4d3f0ee9a3e24c416d4dd2c8cea4715bddf37ca642457319e01afa5?s=96&d=mm&r=g,Mexico,Quintana Roo,Playa del Carmen,,,Sale,1,Cantu Real Estate,https://canturealestate.com.mx/property/edificio-comercial-en-puerto-vallarta-jalisco/,Playa del Carmen; Puerto Vallarta; Other Riviera Maya
Cantu Real Estate,https://canturealestate.com.mx/,,https://canturealestate.com.mx/property/terreno-en-venta-en-playa-novillero-nayarit-kc0200/,Terreno en Venta en Playa Novillero Nayarit | KC0200 - Cantú Real Estate,Land/Lot,13750000.00,USD,0,0,5500,m2,"Terreno Frente al Mar en Playa Novillero, Nayarit – 5,500 m² Disponibles para Tu Proyecto de Ensueño Precio: $2,500 MXN por m². Ubicación privilegiada: Playa Novillero, conocida por ser la playa más larga de México, ideal para proyectos exclusivos. Servicios básicos: Luz y agua disponibles para iniciar tu desarrollo sin complicaciones. Oportunidad única: Perfecto para",https://secure.gravatar.com/avatar/f0e41510d4d3f0ee9a3e24c416d4dd2c8cea4715bddf37ca642457319e01afa5?s=96&d=mm&r=g,Mexico,Quintana Roo,Playa del Carmen,,,Sale,1,Cantu Real Estate,https://canturealestate.com.mx/property/terreno-en-venta-en-playa-novillero-nayarit-kc0200/,Playa del Carmen; Puerto Vallarta; Other Riviera Maya
Cantu Real Estate,https://canturealestate.com.mx/,,https://canturealestate.com.mx/property/terreno-en-venta-en-chac-mool-cancun-quintana-roo-kc0349/,Terreno en Venta en Chac Mool Cancún Quintana Roo | KC0349 - Cantú Real Estate,Land/Lot,1308000.00,USD,0,0,436,m2,"¡Oportunidad Única! Terreno en Venta Av Urano, calle claveles en Cancún Descubre este terreno premium de 436 m² en una de las zonas de mayor crecimiento en Cancún. Ubicado en calle claveles. uso mixto Bcalle claveles Lo que hace especial a este terreno:Ubicación estratégica con alto flujo y conectividad.Plusvalía en crecimiento en la zona. Inversión",https://secure.gravatar.com/avatar/f0e41510d4d3f0ee9a3e24c416d4dd2c8cea4715bddf37ca642457319e01afa5?s=96&d=mm&r=g,Mexico,Quintana Roo,Playa del Carmen,,,Sale,1,Cantu Real Estate,https://canturealestate.com.mx/property/terreno-en-venta-en-chac-mool-cancun-quintana-roo-kc0349/,Cancun; Playa del Carmen; Other Riviera Maya
Cantu Real Estate,https://canturealestate.com.mx/,,https://canturealestate.com.mx/property/terreno-en-venta-en-el-salto-kc0149/,Terreno en Venta en El Salto | KC0149 - Cantú Real Estate,Land/Lot,1200000000.00,USD,0,0,540,m2,"Terreno Estratégico en Venta: Ideal para Desarrollo Industrial Precio de Venta: $2,000.00 por m² Descubre este excepcional terreno de 60-70 hectáreas, estratégicamente ubicado en la Carretera El Salto-La Alameda. Perfecto para desarrollos industriales, este predio ofrece: Conectividad estratégica: A solo 10 km del aeropuerto y autopista.Infraestructura lista: Cuenta con pozo de agua, gas y electricidad,",https://secure.gravatar.com/avatar/f0e41510d4d3f0ee9a3e24c416d4dd2c8cea4715bddf37ca642457319e01afa5?s=96&d=mm&r=g,Mexico,Quintana Roo,Playa del Carmen,,,Sale,1,Cantu Real Estate,https://canturealestate.com.mx/property/terreno-en-venta-en-el-salto-kc0149/,Playa del Carmen; Other Riviera Maya
Cantu Real Estate,https://canturealestate.com.mx/,,https://canturealestate.com.mx/property/terreno-en-venta-en-hacienda-del-cielo-cadereyta/,"Terreno en Venta en Hacienda del Cielo, Cadereyta - Cantú Real Estate",Land/Lot,1500000.00,USD,0,0,1000,m2,"Hacienda del Cielo: Vive en Armonía con la Naturaleza Ubicado en el Corredor Cadereyta Nuevo León Allende Km. 8, Hacienda del Cielo ofrece la perfecta fusión entre las comodidades urbanas y los beneficios de la naturaleza. Este fraccionamiento campestre te brinda la oportunidad de disfrutar de un estilo de vida tranquilo y exclusivo, rodeado de",https://secure.gravatar.com/avatar/f0e41510d4d3f0ee9a3e24c416d4dd2c8cea4715bddf37ca642457319e01afa5?s=96&d=mm&r=g,Mexico,Quintana Roo,Playa del Carmen,,,Sale,2,Cantu Real Estate,https://canturealestate.com.mx/property/terreno-en-venta-en-hacienda-del-cielo-cadereyta/; https://canturealestate.com.mx/property/terreno-en-venta-en-san-pedro-garza-jardines-de-san-agustin/,Playa del Carmen; Other Riviera Maya
Cantu Real Estate,https://canturealestate.com.mx/,,https://canturealestate.com.mx/property/terreno-en-venta-en-naay-playa-mujeres-golf-club-and-residences-kc0021/,Terreno en Venta en Naáy Playa Mujeres Golf Club and Residences | KC0021 - Cantú Real Estate,Land/Lot,71000000.00,USD,0,0,2425,m2,"Se vende espectacular terreno unifamilair ubicado en primera línea de playa dentro de la exclusiva zona residencial de Playa Mujeres Golf Club and Residences. Este terreno es 1 de los 8 exclusivos lotes frente al mar con los que cuenta el desarrollo. Sus residentes podrán disfrutar de acceso directo al mar y vistas espectaculares, además,",https://secure.gravatar.com/avatar/f0e41510d4d3f0ee9a3e24c416d4dd2c8cea4715bddf37ca642457319e01afa5?s=96&d=mm&r=g,Mexico,Quintana Roo,Playa del Carmen,,,Sale,2,Cantu Real Estate,https://canturealestate.com.mx/property/exclusivo-terreno-residencial-frente-al-mar-en-playa-mujeres/; https://canturealestate.com.mx/property/terreno-en-venta-en-naay-playa-mujeres-golf-club-and-residences-kc0021/,Playa del Carmen; Other Riviera Maya
Cantu Real Estate,https://canturealestate.com.mx/,,https://canturealestate.com.mx/property/hotel-en-venta-en-playa-del-carmen-quintana-roo-kc01178/,"Hotel en venta en Playa del Carmen, Quintana Roo | KC01178 - Cantú Real Estate",House,150000000.00,USD,22,0,750,m2,"Hotel en Venta en Playa del Carmen Cuenta con una superficie de 750 m2, con 15 m de frente de playa, con zona federal para camastros. Tiene restaurant en la playa. 22 Habitaciones perfectamente adecuadas y en excelentes condiciones Se ubica en el centro de Playa del Carmen.",https://secure.gravatar.com/avatar/f0e41510d4d3f0ee9a3e24c416d4dd2c8cea4715bddf37ca642457319e01afa5?s=96&d=mm&r=g,Mexico,Quintana Roo,Playa del Carmen,,,Sale,1,Cantu Real Estate,https://canturealestate.com.mx/property/hotel-en-venta-en-playa-del-carmen-quintana-roo-kc01178/,Playa del Carmen; Other Riviera Maya
Cantu Real Estate,https://canturealestate.com.mx/,,https://canturealestate.com.mx/property/departamento-en-venta-en-zona-exclusiva-la-tahona/,"Departamento en Venta en Venezuela, Zona Exclusiva, La Tahona | KC0327 - Cantú Real Estate",Land/Lot,500000.00,USD,4,3,394,m2,"Exclusivo departamento en planta baja en La Tahona – Espacio, confort y lujo en una de las zonas más seguras de Caracas Descubre la perfecta combinación de amplitud, elegancia y privacidad en este exclusivo departamento de 394 m², ubicado en una de las zonas más prestigiosas de La Tahona. Diseñado para quienes buscan comodidad sin",https://secure.gravatar.com/avatar/f0e41510d4d3f0ee9a3e24c416d4dd2c8cea4715bddf37ca642457319e01afa5?s=96&d=mm&r=g,Mexico,Quintana Roo,Playa del Carmen,,,Sale,1,Cantu Real Estate,https://canturealestate.com.mx/property/departamento-en-venta-en-zona-exclusiva-la-tahona/,Playa del Carmen; Other Riviera Maya
Cantu Real Estate,https://canturealestate.com.mx/,,https://canturealestate.com.mx/property/departamento-en-venta-en-sole-blu-puerto-morelos/,Departamento en Venta en Sole Blu Puerto Morelos - Cantú Real Estate,Land/Lot,752000.00,USD,2,2,136.07,m2,"Sole Blu Ocean Living - Condominio en VentaExperimenta el lujo frente al mar en Sole Blu Ocean Living, el desarrollo residencial más completo de Puerto Morelos, que ofrece 75 exclusivos departamentos diseñados para brindarte un estilo de vida excepcional.Situado en la zona de playa más privilegiada de Puerto Morelos, este desarrollo es una propuesta integral",https://secure.gravatar.com/avatar/f0e41510d4d3f0ee9a3e24c416d4dd2c8cea4715bddf37ca642457319e01afa5?s=96&d=mm&r=g,Mexico,Quintana Roo,Playa del Carmen,,,Sale,1,Cantu Real Estate,https://canturealestate.com.mx/property/departamento-en-venta-en-sole-blu-puerto-morelos/,Playa del Carmen; Puerto Morelos; Other Riviera Maya
Cantu Real Estate,https://canturealestate.com.mx/,,https://canturealestate.com.mx/property/casa-en-venta-en-senderos-mayakoba-kc0094/,"Casa en venta en Senderos, Mayakoba / KC0094 - Cantú Real Estate",Land/Lot,13500000.00,USD,0,0,315,m2,"Casa de lujo con alberca privada y paneles solares en Ciudad Mayakoba, Solidaridad Esta residencia de lujo en Ciudad Mayakoba ofrece una combinación de confort, sostenibilidad y exclusividad en el corazón de la Riviera Maya. Con 315 m² de construcción en un terreno de 360 m², esta propiedad cuenta con 9 paneles solares para aprovechar",https://secure.gravatar.com/avatar/f0e41510d4d3f0ee9a3e24c416d4dd2c8cea4715bddf37ca642457319e01afa5?s=96&d=mm&r=g,Mexico,Quintana Roo,Playa del Carmen,,,Sale,1,Cantu Real Estate,https://canturealestate.com.mx/property/casa-en-venta-en-senderos-mayakoba-kc0094/,Playa del Carmen; Other Riviera Maya
Cantu Real Estate,https://canturealestate.com.mx/,,https://canturealestate.com.mx/property/departamento-en-venta-en-cumbre-del-tezal-cabo-san-lucas-kc0331/,"Departamento en Venta en Cumbre del Tezal, Cabo San Lucas | KC0331 - Cantú Real Estate",Land/Lot,7640000.00,USD,2,2,129,m2,"Departamento en Venta en Cumbre del Tezal, Cabo San Lucas Ubicado en una de las zonas más exclusivas de Los Cabos, este departamento de 129 m² en Cumbre del Tezal ofrece el balance perfecto entre lujo, comodidad y plusvalía. Con un diseño moderno y acabados de alta calidad, esta propiedad es ideal tanto para residencia",https://secure.gravatar.com/avatar/f0e41510d4d3f0ee9a3e24c416d4dd2c8cea4715bddf37ca642457319e01afa5?s=96&d=mm&r=g,Mexico,Quintana Roo,Playa del Carmen,,,Sale,1,Cantu Real Estate,https://canturealestate.com.mx/property/departamento-en-venta-en-cumbre-del-tezal-cabo-san-lucas-kc0331/,Playa del Carmen; Baja California Sur; Other Riviera Maya
Cantu Real Estate,https://canturealestate.com.mx/,,https://canturealestate.com.mx/property/terreno-en-venta-en-santa-clara-yucatan-kc0220/,"Terreno en Venta en Santa Clara, Yucatán | KC0220 - Cantú Real Estate",Land/Lot,500000.00,USD,0,0,10.5,m2,"Terrenos Exclusivos Frente al Mar en Santa Clara, Yucatán Precio de Venta: $500,000 MXN por metro lineal Haz realidad tu sueño de vivir frente al mar.Descubre una oportunidad única en la espectacular Costa Yucateca: terrenos con 10.5 metros lineales frente al mar, listos para construir la propiedad de tus sueños o realizar tu próxima gran",https://secure.gravatar.com/avatar/f0e41510d4d3f0ee9a3e24c416d4dd2c8cea4715bddf37ca642457319e01afa5?s=96&d=mm&r=g,Mexico,Quintana Roo,Playa del Carmen,,,Sale,1,Cantu Real Estate,https://canturealestate.com.mx/property/terreno-en-venta-en-santa-clara-yucatan-kc0220/,Playa del Carmen; Other Riviera Maya
Cantu Real Estate,https://canturealestate.com.mx/,,https://canturealestate.com.mx/property/departamento-en-venta-en-loma-del-cabo-los-cabos-2/,"Departamento en venta en Loma Del Cabo, Los Cabos - Cantú Real Estate",Condo/Apartment,5300000.00,USD,2,2,108.47,m2,"Residencia Premium en Loma del Cabo Área: 108.47 m² Ubicación: Fraccionamiento Loma del Cabo, a 6 minutos de La Marina, Cabo San Lucas, BCS Precio de venta: $5,300,000 mxn Especificaciones: Patio de 29.42 m²2 habitaciones2 baños completosCocina de lujoSala y comedorBodega Descripción:Descubre un oasis de lujo en Loma del Cabo, con esta impresionante residencia de",https://secure.gravatar.com/avatar/f0e41510d4d3f0ee9a3e24c416d4dd2c8cea4715bddf37ca642457319e01afa5?s=96&d=mm&r=g,Mexico,Quintana Roo,Playa del Carmen,,,Sale,1,Cantu Real Estate,https://canturealestate.com.mx/property/departamento-en-venta-en-loma-del-cabo-los-cabos-2/,Playa del Carmen; Baja California Sur; Other Riviera Maya
Cantu Real Estate,https://canturealestate.com.mx/,,https://canturealestate.com.mx/property/departamento-en-venta-en-colorado-hills-fase-i-los-cabos-2/,"Departamento en Venta en Colorado Hills Fase I, Los Cabos - Cantú Real Estate",Condo/Apartment,393750.00,USD,0,0,133.04,m2,"residencia de Lujo en Colorado Hills Fase I Área: 133.04 m² Ubicación: Calle La Antigua, 23405, San José del Cabo, BCS, México Precio de venta: $393,750 USD Especificaciones: 2 habitaciones2 baños completosCocina modernaSala y comedorTerraza de 30.14 m²Seguridad las 24 horas Descripción:Descubre la elegancia y el confort en Colorado Hills, situado en una ubicación exclusiva",https://secure.gravatar.com/avatar/f0e41510d4d3f0ee9a3e24c416d4dd2c8cea4715bddf37ca642457319e01afa5?s=96&d=mm&r=g,Mexico,Quintana Roo,Playa del Carmen,,,Sale,1,Cantu Real Estate,https://canturealestate.com.mx/property/departamento-en-venta-en-colorado-hills-fase-i-los-cabos-2/,Playa del Carmen; Baja California Sur; Other Riviera Maya
Cantu Real Estate,https://canturealestate.com.mx/,,https://canturealestate.com.mx/property/terreno-en-venta-en-av-roble-cancun-kc0235/,"Terreno en Venta en Av. Roble, Cancún | KC0235 - Cantú Real Estate",Land/Lot,120000000.00,USD,0,0,40000,m2,"Oportunidad Única en Cancún: Terreno Ideal para Proyectos de Alto Impacto Precio de Venta: $120,000,000 MXN Ubicado estratégicamente en la Smza. 327, este terreno de 40,000 m² (4 hectáreas) es perfecto para desarrollos residenciales, comerciales y turísticos. Con un uso de suelo mixto/80, ofrece flexibilidad para proyectos integrales de lujo. Características Principales: Densidad: 80 viv/ha,",https://secure.gravatar.com/avatar/f0e41510d4d3f0ee9a3e24c416d4dd2c8cea4715bddf37ca642457319e01afa5?s=96&d=mm&r=g,Mexico,Quintana Roo,Playa del Carmen,,,Sale,1,Cantu Real Estate,https://canturealestate.com.mx/property/terreno-en-venta-en-av-roble-cancun-kc0235/,Cancun; Playa del Carmen; Other Riviera Maya
Cantu Real Estate,https://canturealestate.com.mx/,,https://canturealestate.com.mx/property/terreno-en-venta-en-carretera-mahahual/,Terreno en Venta en Carretera Mahahual - Cantú Real Estate,Land/Lot,7200000.00,USD,0,0,20000,m2,"2 hectáreas (20,000 metros cuadrados) Selva MedianaA 100 Mts. de la playaA 5 min. del pueblo- camino de acceso- perímetro delimitado con 20 cm de piedra- tubería de agua en 3 lados del perímetro como sistema de protección de incendios y sistema de riego conectado al pozo vecino- algunos árboles frutales jóvenes UbicaciónKm 4 de",https://secure.gravatar.com/avatar/f0e41510d4d3f0ee9a3e24c416d4dd2c8cea4715bddf37ca642457319e01afa5?s=96&d=mm&r=g,Mexico,Quintana Roo,Playa del Carmen,,,Sale,1,Cantu Real Estate,https://canturealestate.com.mx/property/terreno-en-venta-en-carretera-mahahual/,Playa del Carmen; Other Riviera Maya
Cantu Real Estate,https://canturealestate.com.mx/,,https://canturealestate.com.mx/property/departamento-en-skytown-villas-and-condos-los-cabos/,"Departamento en SkyTown Villas and Condos, Los Cabos - Cantú Real Estate",Condo/Apartment,395000.00,USD,3,2,159.59,m2,"Residencia de Lujo en SkyTown Villas and Condos Área: 159.59 m² Ubicación: Calle Cabo San Lucas & 12 de Octubre, San José del Cabo, BCS, México Precio de venta: $395,000 USD Especificaciones: 3 habitaciones2 baños completosCocina ampliaSala y comedorTerraza de 29.48 m² Descripción:Descubre el encanto y la exclusividad en SkyTown Villas and Condos, ubicado en",https://secure.gravatar.com/avatar/f0e41510d4d3f0ee9a3e24c416d4dd2c8cea4715bddf37ca642457319e01afa5?s=96&d=mm&r=g,Mexico,Quintana Roo,Playa del Carmen,,,Sale,1,Cantu Real Estate,https://canturealestate.com.mx/property/departamento-en-skytown-villas-and-condos-los-cabos/,Playa del Carmen; Baja California Sur; Other Riviera Maya
Cantu Real Estate,https://canturealestate.com.mx/,,https://canturealestate.com.mx/property/terreno-en-venta-en-av-chaac-mool-los-santos-residencial/,"Terreno en Venta en Av Chaac Mool, Los Santos Residencial - Cantú Real Estate",Land/Lot,14064000.00,USD,0,0,2344,m2,"TERRENO EN VENTA EN CANCUN, QUINTANA ROO LOS SANTOS RESIDENCIAL LOTES DE 2344 M2",https://secure.gravatar.com/avatar/f0e41510d4d3f0ee9a3e24c416d4dd2c8cea4715bddf37ca642457319e01afa5?s=96&d=mm&r=g,Mexico,Quintana Roo,Playa del Carmen,,,Sale,1,Cantu Real Estate,https://canturealestate.com.mx/property/terreno-en-venta-en-av-chaac-mool-los-santos-residencial/,Cancun; Playa del Carmen; Other Riviera Maya
Cantu Real Estate,https://canturealestate.com.mx/,,https://canturealestate.com.mx/property/casa-en-venta-en-lomas-de-angelopolis-puebla/,"Terreno en Venta Segunda Línea de Playa, en Naáy, Q. Roo - Cantú Real Estate",Land/Lot,2000000.00,USD,0,0,1484,m2,"Se vende espectacular terreno unifamiliar ubicado en segunda línea de playa dentro de la exclusiva zona residencial de Playa Mujeres Golf Club and Residences. Sus residentes podrán disfrutar de acceso directo al mar y vistas espectaculares, además, el lote colinda al lado norte con el Club de Playa lo cual le da todas las ventajas",https://canturealestate.com.mx/wp-content/uploads/2026/04/7371991_80850076629563498486778083019649702862681787497064546678756889686762322018254.jpg,Mexico,Quintana Roo,Playa del Carmen,,,Sale,1,Cantu Real Estate,https://canturealestate.com.mx/property/casa-en-venta-en-lomas-de-angelopolis-puebla/,Playa del Carmen; Other Riviera Maya
Cantu Real Estate,https://canturealestate.com.mx/,,https://canturealestate.com.mx/property/departamento-en-venta-en-mar-a-bella-costa-mujeres-kc0085/,"Departamento en venta en Mar A bella, Costa Mujeres / KC0085 - Cantú Real Estate",Land/Lot,26455683.00,USD,5,4,416,m2,"Mar Abella SEA FRONT RESIDENCES – Residencia de lujo frente al mar en Isla Mujeres Descubre un estilo de vida exclusivo en Mar Abella SEA FRONT RESIDENCES, un desarrollo frente al mar Caribe que redefine el lujo en la Riviera Maya. Ubicado en las playas paradisíacas de Costa Mujeres, este complejo consta de tres torres",https://secure.gravatar.com/avatar/f0e41510d4d3f0ee9a3e24c416d4dd2c8cea4715bddf37ca642457319e01afa5?s=96&d=mm&r=g,Mexico,Quintana Roo,Playa del Carmen,,,Sale,1,Cantu Real Estate,https://canturealestate.com.mx/property/departamento-en-venta-en-mar-a-bella-costa-mujeres-kc0085/,Playa del Carmen; Other Riviera Maya
Cantu Real Estate,https://canturealestate.com.mx/,,https://canturealestate.com.mx/property/terreno-en-venta-en-buena-vista-zihuatanejo-de-azueta-guerrero-kc0060/,"Terreno en Venta en Buena Vista, Zihuatanejo de Azueta, Guerrero | KC0060 - Cantú Real Estate",Land/Lot,25000000.00,USD,0,0,10000,m2,"Terreno en venta en Buena Vista, Zihuatanejo de Azueta, Guerrero – Ubicación única y lista para desarrollo Este amplio terreno en Buena Vista, Zihuatanejo, ofrece una increíble oportunidad para desarrolladores en una de las zonas más hermosas de Guerrero. Con una extensión de 10,000 m² construibles, 100 metros de frente y 110 metros de fondo,",https://secure.gravatar.com/avatar/f0e41510d4d3f0ee9a3e24c416d4dd2c8cea4715bddf37ca642457319e01afa5?s=96&d=mm&r=g,Mexico,Quintana Roo,Playa del Carmen,,,Sale,1,Cantu Real Estate,https://canturealestate.com.mx/property/terreno-en-venta-en-buena-vista-zihuatanejo-de-azueta-guerrero-kc0060/,Playa del Carmen; Other Riviera Maya
Cantu Real Estate,https://canturealestate.com.mx/,,https://canturealestate.com.mx/property/loft-en-venta-en-los-cabos-kcal0209-1/,Loft en Venta en Los Cabos | KCAL0209-1 - Cantú Real Estate,Land/Lot,3590000.00,USD,1,1,42,m2,"Descubre tu refugio ideal en el corazón de Cabo San Lucas Precio de Venta: $3,590,000.00 MXN Ubicado en una de las zonas más vibrantes de Los Cabos, este loft de 42 m² redefine el estilo de vida moderno con una distribución funcional y acabados de lujo. Desde su cocina con barras de granito hasta su",https://secure.gravatar.com/avatar/f0e41510d4d3f0ee9a3e24c416d4dd2c8cea4715bddf37ca642457319e01afa5?s=96&d=mm&r=g,Mexico,Quintana Roo,Playa del Carmen,,,Sale,1,Cantu Real Estate,https://canturealestate.com.mx/property/loft-en-venta-en-los-cabos-kcal0209-1/,Playa del Carmen; Baja California Sur; Other Riviera Maya
Cantu Real Estate,https://canturealestate.com.mx/,,https://canturealestate.com.mx/property/terreno-en-venta-en-caucel-merida-yucatan-kc01199/,"Terreno en Venta en Caucel, Mérida Yucatán | KC01199 - Cantú Real Estate",Land/Lot,90000000.00,USD,0,0,83454.04,m2,"Terreno en Venta en Caucel, Mérida Yucatán | KC01199 Uso: Solar. Superficie: 83,454.04 m² (8.3 hectáreas). Infraestructura:Conectividad: Ubicado a 9.4 km del anillo periférico de Mérida. Acceso por dos rutas: Ruta 1: 6 km de carretera + 3.4 km de camino blanco.Ruta 2: 7 km de carretera + 3.9 km de camino blanco.Una futura vialidad",https://secure.gravatar.com/avatar/f0e41510d4d3f0ee9a3e24c416d4dd2c8cea4715bddf37ca642457319e01afa5?s=96&d=mm&r=g,Mexico,Quintana Roo,Playa del Carmen,,,Sale,1,Cantu Real Estate,https://canturealestate.com.mx/property/terreno-en-venta-en-caucel-merida-yucatan-kc01199/,Playa del Carmen; Other Riviera Maya
Cantu Real Estate,https://canturealestate.com.mx/,,https://canturealestate.com.mx/property/terreno-en-venta-zona-real-zapopan/,"Terreno en Venta, Zona Real, Zapopan - Cantú Real Estate",Land/Lot,3461000000.00,USD,0,0,76910,m2,"Macro-Lote de Inversión (7.6 Hectáreas) en Zona Real - Zapopan, Jalisco Descripción General Se pone a la venta uno de los predios más estratégicos y de mayor dimensión disponibles en la exclusiva Zona Real de Zapopan. Con una extensión de 76,910 m², este terreno representa una oportunidad única para desarrolladores de alto nivel, ubicado en",https://canturealestate.com.mx/wp-content/uploads/2025/12/7574623_4007749009580074695046135572586359697853406487358426466695326452215136514462.jpg,Mexico,Quintana Roo,Playa del Carmen,,,Sale,1,Cantu Real Estate,https://canturealestate.com.mx/property/terreno-en-venta-zona-real-zapopan/,Playa del Carmen; Other Riviera Maya
Cantu Real Estate,https://canturealestate.com.mx/,,https://canturealestate.com.mx/property/terreno-en-venta-en-isla-holbox-quintana-roo-kc0064/,"Terreno en venta en Isla Holbox, Quintana Roo | KC0064 - Cantú Real Estate",Land/Lot,6622900.00,USD,0,0,947.79,m2,"Terreno en venta en Holbox – A dos cuadras de la playa y cerca del aeropuerto Invierta en un terreno excepcional de 947.79 m² en la isla de Holbox, a solo dos cuadras de las playas de aguas cristalinas y cerca del aeropuerto. Con escritura en regla, esta propiedad ofrece seguridad y transparencia en la",https://secure.gravatar.com/avatar/f0e41510d4d3f0ee9a3e24c416d4dd2c8cea4715bddf37ca642457319e01afa5?s=96&d=mm&r=g,Mexico,Quintana Roo,Playa del Carmen,,,Sale,1,Cantu Real Estate,https://canturealestate.com.mx/property/terreno-en-venta-en-isla-holbox-quintana-roo-kc0064/,Playa del Carmen; Other Riviera Maya
Cantu Real Estate,https://canturealestate.com.mx/,,https://canturealestate.com.mx/property/terreno-en-bahia-de-banderas/,Terreno en Bahía de Banderas - Cantú Real Estate,Land/Lot,1300000000.00,USD,0,0,2460000,m2,"Terreno en venta en Bahía de Banderas, Nayarit, MéxicoPrecioUSD $ 1,300,000,000.00Un Mil Trescientos Millones de Dólares Americanos Financiamiento propio desde el 25% de Engancheo Aportación al 75% Terreno Localizado en Bahía de Banderas Nayarit Localizado a solo 4.7 kms de la Cruz de Huanacaxtle Entre los Hoteles Arena Blanca y Marival Harmony https://maps.app.goo.g l/38zxyPXp8Qcd91XPA Superficie",https://canturealestate.com.mx/wp-content/uploads/2025/11/7560543_64138390846725878969777272051768339246332779611170534243649295368118811126724.jpg,Mexico,Quintana Roo,Playa del Carmen,,,Sale,1,Cantu Real Estate,https://canturealestate.com.mx/property/terreno-en-bahia-de-banderas/,Playa del Carmen; Puerto Vallarta; Other Riviera Maya
Cantu Real Estate,https://canturealestate.com.mx/,,https://canturealestate.com.mx/property/ccasa-en-venta-ciudad-mayakoba-guell-elite-totalmente-amueblada/,CCASA EN VENTA CIUDAD MAYAKOBA GÜELL ELITE TOTALMENTE AMUEBLADA - Cantú Real Estate,Land/Lot,13000000.00,USD,5,5,360,m2,"5 RECAMARAS 5 BAÑOS 3 NIVELES 360 M2 DE CONSTRUCCIÓN 300 M2 DE TERRENO ALBERCA PRIVADA ROOFTOP CON ASOLEADERO JACUZZI ESTACIONAMIENTO PARA 4 AUTOS COCINA EQUIPADA PANELES SOLARES SE VENDE TOTALMENTE AMUEBLADA ESCRITURADA ENTREGA INMEDIATA $ 13,000,000",https://canturealestate.com.mx/wp-content/uploads/2023/12/Logo-horizontal.png; https://canturealestate.com.mx/wp-content/uploads/2020/07/placeholder-592x444.png; https://canturealestate.com.mx/wp-content/uploads/2026/07/8483577_80905134630380122465864560601430707568110522802531658204096965146610447979246-592x444.jpg; https://canturealestate.com.mx/wp-content/themes/houzez/img/profile-avatar.png; https://canturealestate.com.mx/wp-content/uploads/2024/09/Logo-Blanco-completo-cantu-SF.png; https://canturealestate.com.mx/wp-content/uploads/2026/07/8462578_54258960679544656635103900764219890211280503099811697825434658440584762259132.jpg; https://canturealestate.com.mx/wp-content/uploads/2026/07/8462578_104651887925570930841400607505975618910059172480668796871387377362317564443772.jpg; https://canturealestate.com.mx/wp-content/uploads/2026/07/8462578_47161714513820938048874794554190609413659080499519596574709712294338621446632.jpg,Mexico,Quintana Roo,Playa del Carmen,,,Sale,1,Cantu Real Estate,https://canturealestate.com.mx/property/ccasa-en-venta-ciudad-mayakoba-guell-elite-totalmente-amueblada/,Playa del Carmen; Other Riviera Maya
Cantu Real Estate,https://canturealestate.com.mx/,,https://canturealestate.com.mx/property/terreno-de-700-hectareas-en-venta-en-acatlan-de-juarez-kc0315/,Terreno de 700 hectáreas en Venta en Ácatlán de Juárez | KC0315 - Cantú Real Estate,Land/Lot,3500000.00,USD,0,0,7000000,m2,"Terreno Estratégico de 700 Hectáreas Planas en Acatlán de Juárez, Jalisco – Oportunidad Única para Inversionistas Ubicación InmejorableA solo 30 minutos de Guadalajara, este terreno de 700 hectáreas es una oportunidad excepcional para desarrolladores, inversionistas inmobiliarios y empresarios del sector agrícola o industrial. Precio de Venta: $3,500,000.00 MXN por Hectárea Características DestacadasSuperficie total: 7,000,000 m²Precio",https://secure.gravatar.com/avatar/f0e41510d4d3f0ee9a3e24c416d4dd2c8cea4715bddf37ca642457319e01afa5?s=96&d=mm&r=g,Mexico,Quintana Roo,Playa del Carmen,,,Sale,1,Cantu Real Estate,https://canturealestate.com.mx/property/terreno-de-700-hectareas-en-venta-en-acatlan-de-juarez-kc0315/,Playa del Carmen; Other Riviera Maya
Cantu Real Estate,https://canturealestate.com.mx/,,https://canturealestate.com.mx/property/terreno-en-venta-escrituradosobre-carretera-merida-cancun-km-302/,"TERRENO EN VENTA ESCRITURADO,SOBRE CARRETERA MERIDA-CANCUN KM 302 - Cantú Real Estate",Land/Lot,19999000.00,USD,0,0,7284,m2,"TERRENO EN VENTA – ZONA AEROPUERTO CANCÚNIdeal para desarrollo industrial, logístico o de bodegas Precio: $19,990,000 MXN Superficie: 7,284 m²Medidas aproximadas: 109.96 m x 66.24 mTerreno regularAcceso por calle lateral Documentación en regla Ubicación Estratégica ???? A tan solo minutos del Aeropuerto Internacional de Cancún???? Cerca de la Terminal del Tren Maya???? Próximo a la",https://canturealestate.com.mx/wp-content/uploads/2023/12/Logo-horizontal.png; https://canturealestate.com.mx/wp-content/uploads/2020/07/placeholder-592x444.png; https://canturealestate.com.mx/wp-content/uploads/2026/05/8086851_70839786523706812357136548093339755745028323339191354185555019125754953897469-592x444.jpg; https://canturealestate.com.mx/wp-content/themes/houzez/img/profile-avatar.png; https://canturealestate.com.mx/wp-content/uploads/2024/09/Logo-Blanco-completo-cantu-SF.png; https://canturealestate.com.mx/wp-content/uploads/2026/05/8094715_46894364835158354771338136125306089594625901612117994761054168042634573528706.jpg; https://canturealestate.com.mx/wp-content/uploads/2026/05/8094715_113846803043993651088902367391951834993079136136347500907490194343906215385402.jpg; https://canturealestate.com.mx/wp-content/uploads/2026/05/8094715_58970012774321576119675966449652639167872968895032994781505780416686148385002.jpg,Mexico,Quintana Roo,Playa del Carmen,,,Sale,1,Cantu Real Estate,https://canturealestate.com.mx/property/terreno-en-venta-escrituradosobre-carretera-merida-cancun-km-302/,Cancun; Playa del Carmen; Other Riviera Maya
Cantu Real Estate,https://canturealestate.com.mx/,,https://canturealestate.com.mx/property/venta-de-terreno-45-has-camino-a-inifap-bacalar/,VENTA DE TERRENO 45 HAS CAMINO A INIFAP BACALAR - Cantú Real Estate,Land/Lot,90000000.00,USD,0,0,450,m2,"Se vende parcela de 45 hectáreas ubicada en el Camino a Inifap, a solo 450 metros de las vías del tren y con un frente a calle de 226.62 metros. Ideal para proyectos agrícolas, turísticos o de inversión. Características: Superficie: 45 hectáreas Precio: $200 pesos por m² Ubicación: Camino a Inifap, Bacalar Distancia entre parcelas:",https://canturealestate.com.mx/wp-content/uploads/2023/12/Logo-horizontal.png; https://canturealestate.com.mx/wp-content/uploads/2020/07/placeholder-592x444.png; https://canturealestate.com.mx/wp-content/themes/houzez/img/profile-avatar.png; https://canturealestate.com.mx/wp-content/uploads/2024/09/Logo-Blanco-completo-cantu-SF.png; https://canturealestate.com.mx/wp-content/uploads/2025/04/6899353_2653184029786322812611458939435221842417899556902779488672512535710209776862.jpg; https://canturealestate.com.mx/wp-content/uploads/2025/04/6899353_45237767098840016385567034068318069824094120123476806148813290663434374919070.jpg; https://canturealestate.com.mx/wp-content/uploads/2025/04/6899353_4406734217016472130686791096586217786567062247785163395613861839395642700709.jpg; https://canturealestate.com.mx/wp-content/uploads/2025/04/6899353_90533594756761759330472471206424896331363696484155285065831891277102171214667.jpg,Mexico,Quintana Roo,Playa del Carmen,,,Sale,1,Cantu Real Estate,https://canturealestate.com.mx/property/venta-de-terreno-45-has-camino-a-inifap-bacalar/,Playa del Carmen; Other Riviera Maya
Cantu Real Estate,https://canturealestate.com.mx/,,https://canturealestate.com.mx/property/casa-en-venta-en-torres-linda-vista-cdmx-ejc0309/,Casa en Venta en Torres Linda Vista CDMX | EJC0309 - Cantú Real Estate,House,21000000.00,USD,3,4,380,m2,"Casa en Torres Lindavista, CDMX Descubre esta espectacular residencia de 380 m² de construcción en una de las zonas más exclusivas de Gustavo A. Madero, CDMX. Con un diseño funcional y acabados que destacan, esta casa está lista para ser tu nuevo hogar. Precio de Venta. $13,500,000 MXN Características principales:Espacios amplios y cómodos: 3 recámaras",https://secure.gravatar.com/avatar/f0e41510d4d3f0ee9a3e24c416d4dd2c8cea4715bddf37ca642457319e01afa5?s=96&d=mm&r=g,Mexico,Quintana Roo,Playa del Carmen,,,Sale,1,Cantu Real Estate,https://canturealestate.com.mx/property/casa-en-venta-en-torres-linda-vista-cdmx-ejc0309/,Playa del Carmen; Other Riviera Maya
Cantu Real Estate,https://canturealestate.com.mx/,,https://canturealestate.com.mx/property/departamento-en-venta-en-colorado-hills-fase-ii-los-cabos-2/,"Departamento en Venta en Colorado Hills Fase II, Los Cabos - Cantú Real Estate",Condo/Apartment,418180.00,USD,3,2,140,m2,"Residencia Moderna en Colorado Hills Área: 140 m² Ubicación: Calle La Antigua, 23405, San José del Cabo, BCS, México Precio de venta: $418,180 USD Especificaciones: 3 habitaciones2 baños completosCocina modernaSala y comedorTerraza de 17.04 m²Seguridad las 24 horas Descripción:Descubre el confort y la elegancia en Colorado Hills, situado en una ubicación privilegiada en San José",https://secure.gravatar.com/avatar/f0e41510d4d3f0ee9a3e24c416d4dd2c8cea4715bddf37ca642457319e01afa5?s=96&d=mm&r=g,Mexico,Quintana Roo,Playa del Carmen,,,Sale,1,Cantu Real Estate,https://canturealestate.com.mx/property/departamento-en-venta-en-colorado-hills-fase-ii-los-cabos-2/,Playa del Carmen; Baja California Sur; Other Riviera Maya
Cantu Real Estate,https://canturealestate.com.mx/,,https://canturealestate.com.mx/property/terreno-en-venta-en-cancun-kc0210/,Terreno en Venta en Cancún | KC0210 - Cantú Real Estate,Land/Lot,14500000.00,USD,0,0,5000,m2,"¡Oportunidad Inigualable en Cancún! Terreno en Venta en Alfredo V. Bonfil Precio de Venta: $2,900.00 MXN por m² Descubre este terreno de 5,000 m² ubicado en la codiciada Calle Las Flores, Alfredo V. Bonfil, Cancún. Con un precio competitivo de $2,900 MXN por m², esta propiedad es ideal para inversionistas visionarios. Características destacadas:Ubicación estratégica: A",https://secure.gravatar.com/avatar/f0e41510d4d3f0ee9a3e24c416d4dd2c8cea4715bddf37ca642457319e01afa5?s=96&d=mm&r=g,Mexico,Quintana Roo,Playa del Carmen,,,Sale,1,Cantu Real Estate,https://canturealestate.com.mx/property/terreno-en-venta-en-cancun-kc0210/,Cancun; Playa del Carmen; Other Riviera Maya
Cantu Real Estate,https://canturealestate.com.mx/,,https://canturealestate.com.mx/property/terreno-en-venta-en-bahia-petempich-puerto-morelos/,"Terreno en Venta en Bahía Petempich, Puerto Morelos - Cantú Real Estate",Land/Lot,60000000.00,USD,0,0,80000,m2,"Terreno Estratégico en la Riviera Maya: Oportunidad de Inversión Única Descubra el potencial ilimitado de la Riviera Maya con este terreno excepcional, una verdadera joya para inversionistas y desarrolladores con visión de futuro. Ubicado en Bahía Petempich, Puerto Morelos, este predio goza de una ubicación privilegiada con frente a la carretera federal 307, la arteria",https://canturealestate.com.mx/wp-content/uploads/2025/09/7320185_100656179916230318429946284228749518132406978490110994733852226121819204210959.jpg,Mexico,Quintana Roo,Playa del Carmen,,,Sale,1,Cantu Real Estate,https://canturealestate.com.mx/property/terreno-en-venta-en-bahia-petempich-puerto-morelos/,Playa del Carmen; Puerto Morelos; Other Riviera Maya
Cantu Real Estate,https://canturealestate.com.mx/,,https://canturealestate.com.mx/property/departamento-en-venta-en-balena-los-cabos/,"Departamento en Venta en Balena, Los Cabos - Cantú Real Estate",Land/Lot,345000.00,USD,3,0,,,"El más reciente desarrollo de condominios de lujo en El Tezal. Ubicado a solo minutos de la Playa de Medano y a poca distancia de Costco, Walmart y muchas otras tiendas y restaurantes. Amenidades: SNACK AND LOUNGE GYM KIDS AND FAMILY AREA ROOFTOP BAR DEPARTAMENTO EN VENTA 115.25 mts2 Terraza 20.50 mts2 3 Habitaciones 2",https://secure.gravatar.com/avatar/f0e41510d4d3f0ee9a3e24c416d4dd2c8cea4715bddf37ca642457319e01afa5?s=96&d=mm&r=g,Mexico,Quintana Roo,Playa del Carmen,,,Sale,1,Cantu Real Estate,https://canturealestate.com.mx/property/departamento-en-venta-en-balena-los-cabos/,Playa del Carmen; Baja California Sur; Other Riviera Maya
Cantu Real Estate,https://canturealestate.com.mx/,,https://canturealestate.com.mx/property/casa-en-venta-en-senderos-mayakoba-kc0092/,"Casa en venta en Senderos, Mayakoba / KC0092 - Cantú Real Estate",Land/Lot,13500000.00,USD,5,6,450,m2,"Casa de lujo en venta en Ciudad Mayakoba, Solidaridad – Residencia con alberca privada y acceso a casa club Esta impresionante residencia en Ciudad Mayakoba ofrece el equilibrio perfecto entre elegancia, espacio y comodidad. Con 450 m² de construcción y un terreno de 305 m², esta propiedad está diseñada para quienes buscan un estilo de",https://secure.gravatar.com/avatar/f0e41510d4d3f0ee9a3e24c416d4dd2c8cea4715bddf37ca642457319e01afa5?s=96&d=mm&r=g,Mexico,Quintana Roo,Playa del Carmen,,,Sale,1,Cantu Real Estate,https://canturealestate.com.mx/property/casa-en-venta-en-senderos-mayakoba-kc0092/,Playa del Carmen; Other Riviera Maya
Cantu Real Estate,https://canturealestate.com.mx/,,https://canturealestate.com.mx/property/terreno-en-puerto-morelos-2/,Terreno en Puerto Morelos - Cantú Real Estate,Land/Lot,6000000.00,USD,0,0,158,m2,"Paquete de 2 Terrenos en Venta sobre la Carretera Cancún - Puerto Morelos Ubicación Estratégica Exclusiva propiedad en venta entre Puerto Morelos y Playa del Carmen, dentro de uno de los corredores turísticos con mayor crecimiento y plusvalía del Caribe Mexicano. Ubicado en una zona rodeada de resorts de lujo, desarrollos hoteleros de alta gama",https://canturealestate.com.mx/wp-content/uploads/2026/04/7973362_25073848557368114267679739037774364472266734371320721926949726109932088172889.jpg,Mexico,Quintana Roo,Playa del Carmen,,,Sale,1,Cantu Real Estate,https://canturealestate.com.mx/property/terreno-en-puerto-morelos-2/,Cancun; Playa del Carmen; Puerto Morelos; Other Riviera Maya
Cantu Real Estate,https://canturealestate.com.mx/,,https://canturealestate.com.mx/property/terreno-en-venta-en-san-pedro-garza-jardines-de-san-agustin-kc0079/,Terreno en Venta en San Pedro Garza Jardines de San Agustin / KC0079 - Cantú Real Estate,Land/Lot,941720.00,USD,0,0,540,m2,"Terreno exclusivo en venta en Jardines de San Agustín, San Pedro Garza García Ubicado en el prestigioso fraccionamiento Jardines de San Agustín Sector 3 de San Pedro Garza García, este terreno ofrece una excelente oportunidad para construir una residencia de lujo en una de las zonas más exclusivas del área metropolitana de Monterrey. Con una",https://secure.gravatar.com/avatar/f0e41510d4d3f0ee9a3e24c416d4dd2c8cea4715bddf37ca642457319e01afa5?s=96&d=mm&r=g,Mexico,Quintana Roo,Playa del Carmen,,,Sale,1,Cantu Real Estate,https://canturealestate.com.mx/property/terreno-en-venta-en-san-pedro-garza-jardines-de-san-agustin-kc0079/,Playa del Carmen; Other Riviera Maya
Cantu Real Estate,https://canturealestate.com.mx/,,https://canturealestate.com.mx/property/terreno-en-venta-de-37ha-en-guadalajara-jalisco-kc0320/,"Terreno en Venta de 37Ha en Guadalajara, Jalisco | KC0320 - Cantú Real Estate",Land/Lot,814000000.00,USD,0,0,540,m2,"Descubre una oportunidad única de inversión en Tlajomulco de Zúñiga, una de las zonas con mayor crecimiento y potencial de plusvalía en Jalisco. Este terreno de 37 hectáreas cuenta con servicios completos, acceso a fibra óptica, telefonía y transporte público, lo que lo hace ideal para desarrollos residenciales, industriales o comerciales. Superficie: 37 hectáreasUbicación estratégica:",https://secure.gravatar.com/avatar/f0e41510d4d3f0ee9a3e24c416d4dd2c8cea4715bddf37ca642457319e01afa5?s=96&d=mm&r=g,Mexico,Quintana Roo,Playa del Carmen,,,Sale,1,Cantu Real Estate,https://canturealestate.com.mx/property/terreno-en-venta-de-37ha-en-guadalajara-jalisco-kc0320/,Playa del Carmen; Other Riviera Maya
Cantu Real Estate,https://canturealestate.com.mx/,,https://canturealestate.com.mx/property/penthouse-en-cancun-zona-hotelera/,PENTHOUSE EN CANCUN ZONA HOTELERA - Cantú Real Estate,Land/Lot,2963400.00,USD,3,3,,,"PENTHOUSE EN VENTA ZONA HOTELERA/ CANCUN Precio: $2,963,400 USDTipo de propiedad: PenthouseOperación: VentaUbicación: Zona Hotelera, Cancún, Quintana Roo Exclusivo departamento de lujo con vista privilegiada al Mar Caribe y a la Laguna Nichupté, ubicado en una de las zonas más cotizadas de Cancún. Ideal para vivir, vacacionar o invertir con alta plusvalía. DISTRIBUCION 3 recámaras",https://canturealestate.com.mx/wp-content/uploads/2023/12/Logo-horizontal.png; https://canturealestate.com.mx/wp-content/uploads/2026/08/8572087_55487693840568190756399520804751439023637198567648287655900693184754231978205-592x444.jpg; https://canturealestate.com.mx/wp-content/uploads/2020/07/placeholder-592x444.png; https://canturealestate.com.mx/wp-content/uploads/2026/07/8415650_5088795463719265494114678138744909408195660716934478098702588259362962270230-592x444.jpg; https://canturealestate.com.mx/wp-content/themes/houzez/img/profile-avatar.png; https://canturealestate.com.mx/wp-content/uploads/2024/09/Logo-Blanco-completo-cantu-SF.png; https://canturealestate.com.mx/wp-content/uploads/2025/12/7588732_49423301801193088890977251611324132575486685912563306531756336562831168984695.jpg; https://canturealestate.com.mx/wp-content/uploads/2025/12/7588732_38212789422048454659325033333257672620792885157521921604818881190881932950304.jpg,Mexico,Quintana Roo,Playa del Carmen,,,Sale,1,Cantu Real Estate,https://canturealestate.com.mx/property/penthouse-en-cancun-zona-hotelera/,Cancun; Playa del Carmen; Other Riviera Maya
Cantu Real Estate,https://canturealestate.com.mx/,,https://canturealestate.com.mx/property/departamento-en-venta-en-distrito-caribe-isla-mujeres/,"Departamento en Venta en Distrito Caribe, Isla Mujeres - Cantú Real Estate",Condo/Apartment,588106.00,USD,2,2,108.52,m2,"Apartamentos de Lujo en Isla Mujeres Área: 108.52 m² Ubicación: Isla Mujeres, Quintana Roo, México Precio de venta: $588,106 USD Especificaciones: 2 habitaciones2 bañosWalk in closetSalaCocinaComedorEspacio para centro de lavadoTerrazaSeguridad 24/7LobbyRooftop con asoleaderoJacuzzi y albercaGimnasio Descripción:Descubre la serenidad y belleza de Isla Mujeres con estos exclusivos apartamentos. Ubicados en un rincón paradisíaco del Caribe Mexicano,",https://secure.gravatar.com/avatar/f0e41510d4d3f0ee9a3e24c416d4dd2c8cea4715bddf37ca642457319e01afa5?s=96&d=mm&r=g,Mexico,Quintana Roo,Playa del Carmen,,,Sale,1,Cantu Real Estate,https://canturealestate.com.mx/property/departamento-en-venta-en-distrito-caribe-isla-mujeres/,Playa del Carmen; Other Riviera Maya
Cantu Real Estate,https://canturealestate.com.mx/,,https://canturealestate.com.mx/property/terreno-en-venta-de-50-has-tequila-jalisco-kc0335/,"Terreno en Venta de 50 Has, Tequila, Jalisco | KC0335 - Cantú Real Estate",Land/Lot,100000000.00,USD,0,0,540,m2,"Terreno estratégico de 50 hectáreas en la cuna del tequila, Jalisco Ubicado a un costado de la prestigiosa fábrica Cuervo 1800, este terreno de 50 hectáreas representa una oportunidad única para inversionistas en la industria tequilera, agroindustrial y de turismo experiencial. Su ubicación privilegiada en Tequila, Jalisco, le permite aprovechar la creciente demanda de tierras",https://secure.gravatar.com/avatar/f0e41510d4d3f0ee9a3e24c416d4dd2c8cea4715bddf37ca642457319e01afa5?s=96&d=mm&r=g,Mexico,Quintana Roo,Playa del Carmen,,,Sale,1,Cantu Real Estate,https://canturealestate.com.mx/property/terreno-en-venta-de-50-has-tequila-jalisco-kc0335/,Playa del Carmen; Other Riviera Maya
Cantu Real Estate,https://canturealestate.com.mx/,,https://canturealestate.com.mx/property/terreno-en-venta-en-sm-334-av-huaycan-cancun-kc0238/,"Terreno en Venta en SM 334 Av. Huaycán, Cancún | KC0238 - Cantú Real Estate",Land/Lot,262500000.00,USD,0,0,35000,m2,"Venta de Terreno Estratégico en Cancún – 3.5 Hectáreas Precio de Venta: $262,500,000 MXN ¡Una oportunidad única en el corazón de la zona de mayor crecimiento en Cancún! Este terreno de 35,000 m² (3.5 hectáreas), con uso de suelo Mixto M/80, es ideal para desarrollar un centro comercial, departamentos de lujo, o un fraccionamiento residencial",https://secure.gravatar.com/avatar/f0e41510d4d3f0ee9a3e24c416d4dd2c8cea4715bddf37ca642457319e01afa5?s=96&d=mm&r=g,Mexico,Quintana Roo,Playa del Carmen,,,Sale,1,Cantu Real Estate,https://canturealestate.com.mx/property/terreno-en-venta-en-sm-334-av-huaycan-cancun-kc0238/,Cancun; Playa del Carmen; Other Riviera Maya
Cantu Real Estate,https://canturealestate.com.mx/,,https://canturealestate.com.mx/property/venta-de-terreno-a-tan-solo-3-cuadras-del-mar-en-puerto-morelos/,"VENTA DE TERRENO A TAN SOLO 3 CUADRAS DEL MAR, EN PUERTO MORELOS - Cantú Real Estate",Land/Lot,18000000.00,USD,0,0,540,m2,Venta de inmuebles en todo México,https://canturealestate.com.mx/wp-content/uploads/2023/12/Logo-horizontal.png; https://canturealestate.com.mx/wp-content/uploads/2020/07/placeholder-592x444.png; https://canturealestate.com.mx/wp-content/themes/houzez/img/profile-avatar.png; https://canturealestate.com.mx/wp-content/uploads/2024/09/Logo-Blanco-completo-cantu-SF.png; https://canturealestate.com.mx/wp-content/uploads/2026/05/8086565_106742014891235500823591156257849186412793227132670656115155559143332033961662.jpg; https://canturealestate.com.mx/wp-content/uploads/2026/05/8086565_59698047624821786012824206584132169013762068754229684508985594418257771798677.jpg; https://canturealestate.com.mx/wp-content/uploads/2026/05/8086565_75370366757427941177255515941380784251092282928779515495360082118200295019060.jpg; https://canturealestate.com.mx/wp-content/uploads/2026/05/8086565_8680442508611310407322555076868335437120955638262859035754681114684546286054.jpg,Mexico,Quintana Roo,Playa del Carmen,,,Sale,1,Cantu Real Estate,https://canturealestate.com.mx/property/venta-de-terreno-a-tan-solo-3-cuadras-del-mar-en-puerto-morelos/,Playa del Carmen; Puerto Morelos; Other Riviera Maya
Cantu Real Estate,https://canturealestate.com.mx/,,https://canturealestate.com.mx/property/terreno-en-tlajomulco-de-zuniga/,Terreno en Tlajomulco de Zúñiga - Cantú Real Estate,Land/Lot,35000000.00,USD,0,0,15000,m2,"TERRENO EN VENTA OPORTUNIDAD DE INVERSIÓN – TLAJOMULCO, JALISCO Excelente oportunidad de inversión en uno de los corredores con mayor crecimiento del área metropolitana de Guadalajara. Este terreno se encuentra estratégicamente ubicado en Tlajomulco de Zúñiga, Jalisco, a corta distancia del Aeropuerto Internacional de Guadalajara, dentro de una zona con alto potencial de desarrollo logístico,",https://canturealestate.com.mx/wp-content/uploads/2026/03/7850325_41439976298913076834096637515793387864518741235920360624207595226157549081818.jpg,Mexico,Quintana Roo,Playa del Carmen,,,Sale,1,Cantu Real Estate,https://canturealestate.com.mx/property/terreno-en-tlajomulco-de-zuniga/,Playa del Carmen; Other Riviera Maya
Cantu Real Estate,https://canturealestate.com.mx/,,https://canturealestate.com.mx/property/terreno-en-venta-en-san-agustin-tlajomulco-de-zuniga/,"Terreno en Venta en San Agustín, Tlajomulco de Zúñiga - Cantú Real Estate",Land/Lot,366600000.00,USD,0,0,90,m2,"Excelente terreno en venta en esquina A lado de la plaza galerías Santa Anita con 90 metros de frente a av López Mateos y 120 metros con frente a av prolongación niños héroes Son 24440 metros precio 15,000 pesos x m2 Precio total de la transacción $366,600,000 Se puede utilizar para la construcción o actividad",https://secure.gravatar.com/avatar/f0e41510d4d3f0ee9a3e24c416d4dd2c8cea4715bddf37ca642457319e01afa5?s=96&d=mm&r=g,Mexico,Quintana Roo,Playa del Carmen,,,Sale,1,Cantu Real Estate,https://canturealestate.com.mx/property/terreno-en-venta-en-san-agustin-tlajomulco-de-zuniga/,Playa del Carmen; Other Riviera Maya
Cantu Real Estate,https://canturealestate.com.mx/,,https://canturealestate.com.mx/property/terreno-en-venta-en-cancun-quintana-roo-2/,"Terreno en Venta en Cancún, Quintana Roo - Cantú Real Estate",Land/Lot,3335640.00,USD,0,0,1516.20,m2,"OPORTUNIDAD DE TERRENO PREMIUM EN VENTA EN CANCÚN. Invertir en Cancún hoy es asegurar tu lugar en el futuro. Este terreno cuenta con una ubicación estratégica y un potencial de plusvalía garantizado. Ubicado en una de las zonas de mayor desarrollo e infraestructura, este espacio combina valor, accesibilidad y visión a largo plazo. Características Destacadas:",https://canturealestate.com.mx/wp-content/uploads/2023/12/Logo-horizontal.png; https://canturealestate.com.mx/wp-content/uploads/2020/07/placeholder-592x444.png; https://canturealestate.com.mx/wp-content/themes/houzez/img/profile-avatar.png; https://canturealestate.com.mx/wp-content/uploads/2024/09/Logo-Blanco-completo-cantu-SF.png; https://canturealestate.com.mx/wp-content/uploads/2025/10/7384132_82193259774727098072495063958412473777198632603570654799623014868315772019524.jpg; https://canturealestate.com.mx/wp-content/uploads/2025/10/7384132_25807003272061331861669886092521104528053097880277645246301572297399276861266.jpg; https://canturealestate.com.mx/wp-content/uploads/2025/10/7384132_42811670605234209845975403074436296426726636623748338880733588005541459821309.jpg; https://canturealestate.com.mx/wp-content/uploads/2025/10/7384132_34046644632185460768026804057134586155434596783533823243208886144614960831435.jpg,Mexico,Quintana Roo,Playa del Carmen,,,Sale,1,Cantu Real Estate,https://canturealestate.com.mx/property/terreno-en-venta-en-cancun-quintana-roo-2/,Cancun; Playa del Carmen; Other Riviera Maya
Cantu Real Estate,https://canturealestate.com.mx/,,https://canturealestate.com.mx/property/departamento-en-venta-en-vistas-del-tezal-los-cabos/,"Departamento en venta en Vistas del Tezal, Los Cabos - Cantú Real Estate",Condo/Apartment,343750.00,USD,2,2,125.05,m2,"Vistas del Tezal Área: 125.05 m² Ubicación: Tourist Corridor, El Tezal, Cabo San Lucas, Baja California Sur Precio de venta: $343,750 USD Especificaciones: 2 habitaciones2 baños completosCocina modernaSala y comedorTerraza Descripción:Ubicada en el prestigioso Tourist Corridor en El Tezal, Cabo San Lucas, esta residencia ""Prototype E"" en Vistas del Tezal ofrece un diseño sofisticado y",https://secure.gravatar.com/avatar/f0e41510d4d3f0ee9a3e24c416d4dd2c8cea4715bddf37ca642457319e01afa5?s=96&d=mm&r=g,Mexico,Quintana Roo,Playa del Carmen,,,Sale,2,Cantu Real Estate,https://canturealestate.com.mx/property/departamento-en-venta-en-vistas-del-tezal-los-cabos/; https://canturealestate.com.mx/property/departamento-en-venta-vista-vela-iii-los-cabos/,Playa del Carmen; Baja California Sur; Other Riviera Maya
Cantu Real Estate,https://canturealestate.com.mx/,,https://canturealestate.com.mx/property/terreno-en-venta-en-playa-punta-maroma-solidaridad-kc0040/,Terreno en Venta en Playa Punta Maroma Solidaridad | KC0040 - Cantú Real Estate,Land/Lot,22480000.00,USD,0,0,21185.07,m2,"Terreno frente al mar en venta en Playa Punta Maroma, Solidaridad Precio de venta: $22,480,000 USD Descubre una oportunidad de inversión excepcional en la prestigiosa Playa Punta Maroma, en la Riviera Maya. Este terreno de 21,185.07m² con 298 metros de frente de playa es perfecto para desarrolladores que buscan crear un proyecto de lujo frente",https://secure.gravatar.com/avatar/f0e41510d4d3f0ee9a3e24c416d4dd2c8cea4715bddf37ca642457319e01afa5?s=96&d=mm&r=g,Mexico,Quintana Roo,Playa del Carmen,,,Sale,1,Cantu Real Estate,https://canturealestate.com.mx/property/terreno-en-venta-en-playa-punta-maroma-solidaridad-kc0040/,Playa del Carmen; Other Riviera Maya
Cantu Real Estate,https://canturealestate.com.mx/,,https://canturealestate.com.mx/property/oportunidad-de-inversion-venta-de-fraccionamiento-de-237-ha-en-felipe-carrillo-puerto-kc0340/,"Oportunidad de Inversión Venta de Fraccionamiento de 237 Ha, en Felipe Carrillo Puerto | KC0340 - Cantú Real Estate",Land/Lot,284400000.00,USD,0,0,500,m2,"Oportunidad de Inversión: Fraccionamiento en Venta en Felipe Carrillo Puerto, Quintana Roo En venta fraccionamiento de 237 hectáreas con un total de 1,326 lotes de 500 m² cada uno. Proyecto con permisos federales y estatales aprobados, además de licencia de funcionamiento de ecología del estado. Los permisos municipales están en trámite y serán entregados en",https://canturealestate.com.mx/wp-content/uploads/2025/03/6816621_111524532533887554658265720692929807597610669392945782426860120106721234893689.jpg,Mexico,Quintana Roo,Playa del Carmen,,,Sale,1,Cantu Real Estate,https://canturealestate.com.mx/property/oportunidad-de-inversion-venta-de-fraccionamiento-de-237-ha-en-felipe-carrillo-puerto-kc0340/,Playa del Carmen; Other Riviera Maya
Cantu Real Estate,https://canturealestate.com.mx/,,https://canturealestate.com.mx/property/casa-en-venta-en-el-refugio-queretaro-kc0351/,Casa en Venta en el Refugio Queretaro | KC0351 - Cantú Real Estate,Land/Lot,2980000.00,USD,2,2,136,m2,"Casa en Venta en Querétaro | Ubicación Privilegiada y Diseño Funcional Descubre esta casa ideal para quienes buscan seguridad, comodidad y plusvalía en Querétaro. Con un diseño inteligente y espacios bien distribuidos, esta propiedad se adapta perfectamente a familias jóvenes, parejas o inversionistas. Distribución inteligente: 1 habitación en planta baja con baño completo.2 habitaciones en",https://secure.gravatar.com/avatar/f0e41510d4d3f0ee9a3e24c416d4dd2c8cea4715bddf37ca642457319e01afa5?s=96&d=mm&r=g,Mexico,Quintana Roo,Playa del Carmen,,,Sale,1,Cantu Real Estate,https://canturealestate.com.mx/property/casa-en-venta-en-el-refugio-queretaro-kc0351/,Playa del Carmen; Other Riviera Maya
Cantu Real Estate,https://canturealestate.com.mx/,,https://canturealestate.com.mx/property/terreno-en-venta-playa-del-carmen-q-roo/,"Terreno en Venta, Playa del Carmen, Q.Roo - Cantú Real Estate",Land/Lot,25000000.00,USD,0,0,540,m2,"Predio en venta 2.5 hectareas en Playa del Carmen, en km. 260 frente a hotel paladium kantena Cuenta con un cenote. Precio $25,000,000.00 millones de pesos Densidad H4* hasta 75 viviendas x hectareas, escritura publica libertad de gravamen, colindamos con un desarrollo viviendistico de alta gama y cercano a 3 desarrollos residenciales a menos de",https://canturealestate.com.mx/wp-content/uploads/2025/12/7568387_23024222965796625334887890679529552559995085070108388973874339054277354094041.jpg,Mexico,Quintana Roo,Playa del Carmen,,,Sale,1,Cantu Real Estate,https://canturealestate.com.mx/property/terreno-en-venta-playa-del-carmen-q-roo/,Playa del Carmen; Other Riviera Maya
Cantu Real Estate,https://canturealestate.com.mx/,,https://canturealestate.com.mx/property/terreno-en-venta-playa-del-carmen/,TERRENO EN VENTA PLAYA DEL CARMEN - Cantú Real Estate,Land/Lot,4500000.00,USD,0,0,450.363,m2,"¡Oportunidad de Inversión! Terreno en Playa Carmen - Plaza Kantenah Presentamos un LOTE COMERCIAL único, situado sobre la Avenida Kantenah, en una ubicación privilegiada y muy cerca de la Plaza de las Américas. Detalles del Lote No. 2: Frente de Avenida: 16.18 ml Superficie: 450.363 m² Uso de Suelo: Comercial Urbano Documentación en orden Listo",https://canturealestate.com.mx/wp-content/uploads/2023/12/Logo-horizontal.png; https://canturealestate.com.mx/wp-content/uploads/2020/07/placeholder-592x444.png; https://canturealestate.com.mx/wp-content/themes/houzez/img/profile-avatar.png; https://canturealestate.com.mx/wp-content/uploads/2024/09/Logo-Blanco-completo-cantu-SF.png; https://canturealestate.com.mx/wp-content/uploads/2025/04/6889741_107254204928552173765280663177620511951814466123637533462346903195571044320007.jpg; https://canturealestate.com.mx/wp-content/uploads/2025/04/6889741_4085247556717924427951139924440718048145486024797008463227376929617724250283.jpg; https://canturealestate.com.mx/wp-content/uploads/2025/04/6889741_78778290148019845884356999076991388803064825412715458490348491046807543305211.jpg,Mexico,Quintana Roo,Playa del Carmen,,,Sale,1,Cantu Real Estate,https://canturealestate.com.mx/property/terreno-en-venta-playa-del-carmen/,Playa del Carmen; Other Riviera Maya
Cantu Real Estate,https://canturealestate.com.mx/,,https://canturealestate.com.mx/property/venta-de-terreno-escriturado-y-con-servicios/,VENTA DE TERRENO ESCRITURADO Y CON SERVICIOS - Cantú Real Estate,Land/Lot,1300000.00,USD,0,0,800,m2,"TERRENOS RESIDENCIALES EN NATURA – PUERTO MORELOS ???? Invierte rodeado de naturaleza en una de las zonas con mayor crecimiento y plusvalía de la Riviera Maya. ???? Ruta de los Cenotes | Puerto Morelos ? Disponibles:?? 800 m² desde $1,040,000 MXN?? 1,000 m² desde $1,300,000 MXN ?? Escritura pública?? Contrato con CFE?? Pozo de agua",https://canturealestate.com.mx/wp-content/uploads/2026/05/8082314_13771859356394900363843974469779834239110964675336681038112331137683277296052.jpg,Mexico,Quintana Roo,Playa del Carmen,,,Sale,1,Cantu Real Estate,https://canturealestate.com.mx/property/venta-de-terreno-escriturado-y-con-servicios/,Playa del Carmen; Puerto Morelos; Other Riviera Maya
Cantu Real Estate,https://canturealestate.com.mx/,,https://canturealestate.com.mx/property/terreno-en-cancun-prol-la-luna/,TERRENO EN CANCUN/ PROL. LA LUNA - Cantú Real Estate,Land/Lot,16250000.00,USD,0,0,2500,m2,"TERRENO EN VENTA CANCUN PROLONGACION LA LUNA Gran oportunidad de inversión en CancúnTerreno en esquina de 2,500 m² (50 x 50) Uso de suelo MCS, perfecto para proyectos comerciales o residenciales.Ubicado a unos pasos de Prolongación La Luna, en una zona de alta plusvalía y con desarrollos en crecimiento.¡Un punto estratégico para construir el futuro!",https://canturealestate.com.mx/wp-content/uploads/2023/12/Logo-horizontal.png; https://canturealestate.com.mx/wp-content/uploads/2020/07/placeholder-592x444.png; https://canturealestate.com.mx/wp-content/themes/houzez/img/profile-avatar.png; https://canturealestate.com.mx/wp-content/uploads/2024/09/Logo-Blanco-completo-cantu-SF.png; https://canturealestate.com.mx/wp-content/uploads/2025/12/7573340_43335809817858700647459643080385988698940611786754451452551582028506327169570.jpg; https://canturealestate.com.mx/wp-content/uploads/2025/12/7573340_81173073075748829519414880931353818797099736506902711324558713745767704709606.jpg; https://canturealestate.com.mx/wp-content/uploads/2025/12/7573340_1221755979900752447295289837431053624201674362142023994195660151701726774193.jpg,Mexico,Quintana Roo,Playa del Carmen,,,Sale,1,Cantu Real Estate,https://canturealestate.com.mx/property/terreno-en-cancun-prol-la-luna/,Cancun; Playa del Carmen; Other Riviera Maya
Cantu Real Estate,https://canturealestate.com.mx/,,https://canturealestate.com.mx/property/casa-en-senderos-de-maya-koba-kc0098/,Casa en Senderos de Maya Koba / KC0098 - Cantú Real Estate,Land/Lot,13000000.00,USD,4,5,304,m2,"Casa de lujo con alberca privada en Ciudad Mayakoba, Solidaridad – Exclusividad y comodidad en la Riviera Maya Ubicada en la prestigiosa Ciudad Mayakoba, esta residencia de lujo combina diseño contemporáneo y confort en un entorno seguro y rodeado de naturaleza. Con 304 m² de construcción sobre un terreno de 348 m², esta propiedad ofrece",https://secure.gravatar.com/avatar/f0e41510d4d3f0ee9a3e24c416d4dd2c8cea4715bddf37ca642457319e01afa5?s=96&d=mm&r=g,Mexico,Quintana Roo,Playa del Carmen,,,Sale,1,Cantu Real Estate,https://canturealestate.com.mx/property/casa-en-senderos-de-maya-koba-kc0098/,Playa del Carmen; Other Riviera Maya
Cantu Real Estate,https://canturealestate.com.mx/,,https://canturealestate.com.mx/property/terreno-en-venta-en-san-pedro-garza-jardines-de-san-agustin-sector-3-i-kc0030/,Terreno en Venta en San Pedro Garza Jardines de San Agustin Sector 3 I KC0030 - Cantú Real Estate,Land/Lot,980000.00,USD,0,0,1656,m2,"Terreno con infraestructura única en Jardines de San Agustín Sector 3, San Pedro Garza García Precio de venta: $980,000 USD Invierta en una oportunidad exclusiva en una de las zonas más cotizadas de San Pedro Garza García. Este terreno de 1,656 m², ubicado en el prestigioso Jardines de San Agustín Sector 3, ofrece una infraestructura",https://secure.gravatar.com/avatar/f0e41510d4d3f0ee9a3e24c416d4dd2c8cea4715bddf37ca642457319e01afa5?s=96&d=mm&r=g,Mexico,Quintana Roo,Playa del Carmen,,,Sale,1,Cantu Real Estate,https://canturealestate.com.mx/property/terreno-en-venta-en-san-pedro-garza-jardines-de-san-agustin-sector-3-i-kc0030/,Playa del Carmen; Other Riviera Maya
Cantu Real Estate,https://canturealestate.com.mx/,,https://canturealestate.com.mx/property/terreno-en-venta-en-cancun-kc0239/,Terreno en Venta en Cancún | KC0239 - Cantú Real Estate,Land/Lot,19000000.00,USD,0,0,10000,m2,"Oportunidad única en Cancún: Terreno de 10,000 m² en zona de alta plusvalía Precio de venta: $19,000,000 MXN Ubicado entre Calle Ceiba y Calle Ciricote, en el exclusivo fraccionamiento Álamos II, este terreno ofrece una oportunidad excepcional para desarrolladores e inversionistas. Características principales: Superficie: 10,000 m². Uso de suelo: Mixto de Barrio (MB), ideal para",https://secure.gravatar.com/avatar/f0e41510d4d3f0ee9a3e24c416d4dd2c8cea4715bddf37ca642457319e01afa5?s=96&d=mm&r=g,Mexico,Quintana Roo,Playa del Carmen,,,Sale,1,Cantu Real Estate,https://canturealestate.com.mx/property/terreno-en-venta-en-cancun-kc0239/,Cancun; Playa del Carmen; Other Riviera Maya
Cantu Real Estate,https://canturealestate.com.mx/,,https://canturealestate.com.mx/property/departamento-en-venta-en-puerto-cancun-2/,Departamento en Venta en Puerto Cancún - Cantú Real Estate,Condo/Apartment,11698434.00,USD,0,0,127.06,m2,"Apartamentos de Lujo en Puerto Cancún Área: 127.06 m² Ubicación: Puerto Cancún, Quintana Roo, México Precio de venta: $11’698,434.00 MXN Especificaciones: 3 habitaciones3 baños completosWalk-in closetSalaCocinaComedorÁrea para centro de lavadoCuarto de servicio con bañoBalcónEstacionamientoBodegasSeguridad 24/7 Descripción:Ubicado en el corazón de Puerto Cancún, el Distrito Zen ofrece una combinación única de elegancia contemporánea y armonía con",https://secure.gravatar.com/avatar/f0e41510d4d3f0ee9a3e24c416d4dd2c8cea4715bddf37ca642457319e01afa5?s=96&d=mm&r=g,Mexico,Quintana Roo,Playa del Carmen,,,Sale,1,Cantu Real Estate,https://canturealestate.com.mx/property/departamento-en-venta-en-puerto-cancun-2/,Cancun; Playa del Carmen; Other Riviera Maya
Cantu Real Estate,https://canturealestate.com.mx/,,https://canturealestate.com.mx/property/terreno-en-venta-en-temozon-yucatan-24-hectareas/,TERRENO EN VENTA EN TEMOZON YUCATAN 24 HECTÁREAS - Cantú Real Estate,Land/Lot,31000000.00,USD,0,0,700,m2,TERRENO EN VENTA EN TEMOZON YUCATAN 24 HECTáREAS a 2 kilómetros de Temozón Características generales: - Terreno de 24 hectáreas - A 2 kilometros de Temozón ruta Valladolid- Ruinas Ek Balam - Cuenta con 700 metros sobre carretera - Lineas electricas al inicio del predio - Terreno apto para entrada de cualquier vehiculo - Suelo,https://secure.gravatar.com/avatar/f0e41510d4d3f0ee9a3e24c416d4dd2c8cea4715bddf37ca642457319e01afa5?s=96&d=mm&r=g,Mexico,Quintana Roo,Playa del Carmen,,,Sale,1,Cantu Real Estate,https://canturealestate.com.mx/property/terreno-en-venta-en-temozon-yucatan-24-hectareas/,Playa del Carmen; Other Riviera Maya
Cantu Real Estate,https://canturealestate.com.mx/,,https://canturealestate.com.mx/property/venta-terreno-en-bacalar-con-acceso-a-la-laguna/,VENTA TERRENO EN BACALAR CON ACCESO A LA LAGUNA - Cantú Real Estate,Land/Lot,12497500.00,USD,0,0,5000,m2,"VENTA DE TERRENOS EN 33 HA , BACALAR , LOTES DESDE 5000 M2 HASTA 10,000 MTS MANZANA 45 1250 MT2 MANZANA 46,47 ,48 Y 49 800 MT2 TERRENO CON LAGUNA 6,000 MTS 42,000,000 ESCRITURA DE PROPIEDAD PREDIAL AL DIA 2026 30 DÍAS DESPUÉS DE LA COMPRA SE LE ENTREGA SU ESCRITURA LOTES DISPONIBLES MANZANA 45",https://canturealestate.com.mx/wp-content/uploads/2023/12/Logo-horizontal.png; https://canturealestate.com.mx/wp-content/uploads/2020/07/placeholder-592x444.png; https://canturealestate.com.mx/wp-content/themes/houzez/img/profile-avatar.png; https://canturealestate.com.mx/wp-content/uploads/2024/09/Logo-Blanco-completo-cantu-SF.png; https://canturealestate.com.mx/wp-content/uploads/2025/04/6889130_80473404770485301386856874953367505251682104391507499862757854578272273439248.jpg; https://canturealestate.com.mx/wp-content/uploads/2025/04/6889130_113106146580620286728363321682859894596004218532217780642827122950900016524612.jpg; https://canturealestate.com.mx/wp-content/uploads/2025/04/6889130_46144267052297448035333338968274034637282658913915789678971184444305049945739.jpg; https://canturealestate.com.mx/wp-content/uploads/2025/04/6889130_56988718479545095766426002276155240663222563559748466376675746868486642543563.jpg,Mexico,Quintana Roo,Playa del Carmen,,,Sale,1,Cantu Real Estate,https://canturealestate.com.mx/property/venta-terreno-en-bacalar-con-acceso-a-la-laguna/,Playa del Carmen; Other Riviera Maya
Cantu Real Estate,https://canturealestate.com.mx/,,https://canturealestate.com.mx/property/terreno-en-venta-en-puerto-morelos/,Terreno en Venta en Puerto Morelos - Cantú Real Estate,Land/Lot,585000.00,USD,0,0,1080,m2,"Oportunidad Única de Inversión | Ruta de los Cenotes – Puerto Morelos Lotes residenciales en venta con ubicación estratégica sobre la Ruta de los Cenotes, a solo 4 km de Leona Vicario. Una de las zonas con mayor proyección de plusvalía en la Riviera Maya, ideal para quienes buscan invertir con seguridad o desarrollar un",https://canturealestate.com.mx/wp-content/uploads/2025/08/7297696_71814279920355815675025966817373152889187932614457430525016618918075710784618.jpg,Mexico,Quintana Roo,Playa del Carmen,,,Sale,1,Cantu Real Estate,https://canturealestate.com.mx/property/terreno-en-venta-en-puerto-morelos/,Playa del Carmen; Puerto Morelos; Other Riviera Maya
Cantu Real Estate,https://canturealestate.com.mx/,,https://canturealestate.com.mx/property/terreno-en-venta-en-cancun-quintana-roo-3/,"Terreno en Venta en Cancún, Quintana Roo - Cantú Real Estate",Land/Lot,6100000.00,USD,0,0,1652.80,m2,"SE VENDE TERRENO EN CANCÚN CON USO DE SUELO MIXTO (COMERCIAL Y RESIDENCIAL). Invertir en Cancún hoy es asegurar tu lugar en el futuro. Este terreno es una puerta abierta a proyectos rentables, con una ubicación estratégica y un potencial de plusvalía garantizado. Ubicado en una de las zonas de mayor desarrollo e infraestructura, este",https://canturealestate.com.mx/wp-content/uploads/2025/10/7384145_35750444348387772427524159758297856653278219381929660631868748342059021368169.jpg,Mexico,Quintana Roo,Playa del Carmen,,,Sale,1,Cantu Real Estate,https://canturealestate.com.mx/property/terreno-en-venta-en-cancun-quintana-roo-3/,Cancun; Playa del Carmen; Other Riviera Maya
Cantu Real Estate,https://canturealestate.com.mx/,,https://canturealestate.com.mx/property/venta-de-terreno-540-m%C2%B2-a-unas-cuadras-del-mar-en-playa-del-carmen/,Venta de Terreno 540 m² a Unas Cuadras del Mar en Playa del Carmen - Cantú Real Estate,Land/Lot,8000000.00,USD,0,0,540,m2,"TERRENO EN VENTA – PLAYA DEL CARMEN Excelente oportunidad de inversión a tan solo unas cuadras de la playa, ubicado en una de las zonas con mayor crecimiento y plusvalía de Playa del Carmen. Precio: $8,000,000 MXN Características:- Superficie: 540 m²- Medidas: 12 metros de frente x 45 metros de fondo- Terreno plano y completamente",https://canturealestate.com.mx/wp-content/uploads/2023/12/Logo-horizontal.png; https://canturealestate.com.mx/wp-content/uploads/2020/07/placeholder-592x444.png; https://canturealestate.com.mx/wp-content/uploads/2026/05/8086851_70839786523706812357136548093339755745028323339191354185555019125754953897469-592x444.jpg; https://canturealestate.com.mx/wp-content/themes/houzez/img/profile-avatar.png; https://canturealestate.com.mx/wp-content/uploads/2024/09/Logo-Blanco-completo-cantu-SF.png; https://canturealestate.com.mx/wp-content/uploads/2026/06/8416389_6816107767308194152157926988367558808536994782920834348063854568089323977626.jpg; https://canturealestate.com.mx/wp-content/uploads/2026/06/8416389_15576118744260189891530569709742583499215884760712968494501391674383018216983.jpg; https://canturealestate.com.mx/wp-content/uploads/2026/06/8416389_66845442488225883552651802715589039748898400814989905707536682457120636676350.jpg,Mexico,Quintana Roo,Playa del Carmen,,,Sale,2,Cantu Real Estate,https://canturealestate.com.mx/property/venta-de-terreno-540-m%C2%B2-a-unas-cuadras-del-mar-en-playa-del-carmen/; https://canturealestate.com.mx/property/venta-de-terreno-en-puerto-morelos-esquina-buena-ubicacion/,Playa del Carmen; Other Riviera Maya
Cantu Real Estate,https://canturealestate.com.mx/,,https://canturealestate.com.mx/property/venta-de-terreno-1500m2-cerca-de-hayacan-rogelio-castorena-cancun/,VENTA DE TERRENO 1500M2 CERCA DE HAYACAN ROGELIO CASTORENA CANCÚN - Cantú Real Estate,Land/Lot,2500000.00,USD,0,0,1500,m2,"TERRENO EN VENTA – CANCÚN, QUINTANA ROO Excelente oportunidad de inversión en una de las zonas con mayor crecimiento y plusvalía de Cancún. Superficie: 1,499.90 m²Frente: 50.00 m Fondo: 30.00 m Uso de suelo: Habitacional Unifamiliar Terreno listo para desarrollarBardeado con lámina G-R100 en todo su perímetroCuenta con pozo de agua Bajada de energía eléctrica",https://canturealestate.com.mx/wp-content/uploads/2023/12/Logo-horizontal.png; https://canturealestate.com.mx/wp-content/uploads/2020/07/placeholder-592x444.png; https://canturealestate.com.mx/wp-content/uploads/2026/05/8086851_70839786523706812357136548093339755745028323339191354185555019125754953897469-592x444.jpg; https://canturealestate.com.mx/wp-content/themes/houzez/img/profile-avatar.png; https://canturealestate.com.mx/wp-content/uploads/2024/09/Logo-Blanco-completo-cantu-SF.png; https://canturealestate.com.mx/wp-content/uploads/2026/05/8095188_68257995672523464237793585727237915227592650709247586339671717250726058784335.jpg; https://canturealestate.com.mx/wp-content/uploads/2026/05/8095188_10873208956706998622685618467549307216591812017192330499951684684859267460828.jpg; https://canturealestate.com.mx/wp-content/uploads/2026/05/8095188_42759202285627444297631365583376886940722536674309824739092798483050240152355.jpg,Mexico,Quintana Roo,Playa del Carmen,,,Sale,2,Cantu Real Estate,https://canturealestate.com.mx/property/venta-de-terreno-1500m2-cerca-de-hayacan-rogelio-castorena-cancun/; https://canturealestate.com.mx/property/venta-de-terreno-de-2-356-ha-km-18-ruta-de-los-cenotes-puerto-morelos/,Cancun; Playa del Carmen; Other Riviera Maya
Cantu Real Estate,https://canturealestate.com.mx/,,https://canturealestate.com.mx/property/venta-de-terreno-con-frente-de-carretera-en-la-ruta-de-los-cenotes-puerto-morelos/,"VENTA DE TERRENO CON FRENTE DE CARRETERA EN LA RUTA DE LOS CENOTES, PUERTO MORELOS - Cantú Real Estate",Land/Lot,156327000.00,USD,0,0,540,m2,Venta de inmuebles en todo México,https://canturealestate.com.mx/wp-content/uploads/2026/05/8086851_70839786523706812357136548093339755745028323339191354185555019125754953897469.jpg,Mexico,Quintana Roo,Playa del Carmen,,,Sale,1,Cantu Real Estate,https://canturealestate.com.mx/property/venta-de-terreno-con-frente-de-carretera-en-la-ruta-de-los-cenotes-puerto-morelos/,Playa del Carmen; Puerto Morelos; Other Riviera Maya
Cantu Real Estate,https://canturealestate.com.mx/,,https://canturealestate.com.mx/property/terreno-en-rancho-o-rancheria-el-vado/,Terreno en Rancho o rancheria El Vado - Cantú Real Estate,Land/Lot,175067500.00,USD,0,0,140054,m2,"Terreno en Venta, en la ranchería El Vado, Tonalá, Jalisco Ubicado sobre la Carretera Guadalajara - Zapotlanejo Superficie del Terreno: 140,054 m2 Precio: $1,250 por m2 Ideal para bodegas o uso habitacional Ubicación EstratégicaEl terreno se encuentra en la Ranchería El Vado, en el municipio de Tonalá, Jalisco. Su posición sobre la Carretera Guadalajara -",https://canturealestate.com.mx/wp-content/uploads/2026/05/8004908_88736291067002155078103110526360171788822876685902071362015272034185435899361.jpg,Mexico,Quintana Roo,Playa del Carmen,,,Sale,1,Cantu Real Estate,https://canturealestate.com.mx/property/terreno-en-rancho-o-rancheria-el-vado/,Playa del Carmen; Other Riviera Maya
Cantu Real Estate,https://canturealestate.com.mx/,,https://canturealestate.com.mx/property/terreno-en-venta-en-vado-tonala/,Terreno en Venta en Vado Tonalá - Cantú Real Estate,Land/Lot,175000000.00,USD,0,0,250000,m2,"Terreno en Venta en el Vado Tonalá, Jalisco El Vado a bordo de autopista Guadalajara - Zapotlanejo justo debajo del retorno del VadoA 5 minutos del parque acuático El Palmar Posible aportaciónExcelente ubicación,Apto para desarrollo / torre de departamentos / unidades deportivas, sociales y de recreación / naves industriales / agricultura y ganado Superficie de",https://canturealestate.com.mx/wp-content/uploads/2026/01/7717969_87820393323642775853759616318560209179592159166738843632713950501433271656220.jpg,Mexico,Quintana Roo,Playa del Carmen,,,Sale,1,Cantu Real Estate,https://canturealestate.com.mx/property/terreno-en-venta-en-vado-tonala/,Playa del Carmen; Other Riviera Maya
Cantu Real Estate,https://canturealestate.com.mx/,,https://canturealestate.com.mx/property/terreno-en-venta-en-el-arenal-jalisco/,"Terreno en Venta en el Arenal, Jalisco - Cantú Real Estate",Land/Lot,203000000.00,USD,0,0,195.86,m2,"Terreno Plano en Venta en El Arenal, Jalisco 14 Has. con 195.86 metros lineales de frente y 600 metros lineales de fondo. En la Carretera a nogales, frente al Campo de Golf Santa Sofía, un poco antes de El Arenal. Propiedad Privada. $1,450 por m2 Le pasa el Gas y la Vía del tren. https://www.google.com/maps/place/20%C2%B045'42.2%22N+103%C2%B040'37.6%22W/@20.761725,-103.7099302,13z/data=!4m4!3m3!8m2!3d20.761725!4d-103.6771!17m2!4m1!1e3!18m1!1e1?entry=ttu&g_ep=EgoyMDI2MDExOS4wIKXMDSoASAFQAw%3D%3D",https://canturealestate.com.mx/wp-content/uploads/2023/12/Logo-horizontal.png; https://canturealestate.com.mx/wp-content/uploads/2020/07/placeholder-592x444.png; https://canturealestate.com.mx/wp-content/themes/houzez/img/profile-avatar.png; https://canturealestate.com.mx/wp-content/uploads/2024/09/Logo-Blanco-completo-cantu-SF.png; https://canturealestate.com.mx/wp-content/uploads/2026/01/7698282_44345961155468590528569867687572317355290609508972546146447892473309013664952.jpg; https://canturealestate.com.mx/wp-content/uploads/2026/01/7698282_91568467929957123427296428320025928196604089484412370198817015972915767892458.jpg; https://canturealestate.com.mx/wp-content/uploads/2026/01/7698282_21223262879665052668794924434827088152035292790358439348640620281166542831079.jpg; https://canturealestate.com.mx/wp-content/uploads/2026/01/7698282_24215532730192786644504504427113338195431999621653828914054787988832882259688.jpg,Mexico,Quintana Roo,Playa del Carmen,,,Sale,1,Cantu Real Estate,https://canturealestate.com.mx/property/terreno-en-venta-en-el-arenal-jalisco/,Playa del Carmen; Other Riviera Maya
Caribbean Real Estate,https://caribbeanrealestatemls.com/destinations/mexico/,,https://caribbeanrealestatemls.com/real-estate/category/caribbean-beachfront-homes-for-sale/,Caribbean Beachfront Homes for Sale,Land/Lot,1428000,USD,3,,,,,,Mexico,Quintana Roo,Playa del Carmen,,,Sale,1,Caribbean Real Estate,https://caribbeanrealestatemls.com/real-estate/category/caribbean-beachfront-homes-for-sale/,Playa del Carmen; Other Riviera Maya
Casas en Valladolid,https://www.casasenvalladolid.com/,Tokko Broker,"https://www.casasenvalladolid.com/p/6533910-Bodega-comercial-en-Renta-en-Valladolid-Bodega-comercial-en-renta-en-Valladolid,-Yucat%C3%A1n","Bodega comercial en Renta en Valladolid - Bodega comercial en renta en Valladolid, Yucatán",Land/Lot,70000,MXN,,,1000,m2,"¡Oportunidad única! Se renta bodega de 1.000 metros cuadrados, ideal para empresas que requieren espacio para almacenamiento y distribución. Características: - Superficie: 1.000 m²- Ubicación estratégica para transporte y logística- Espacio abierto para almacenamiento y manipulación de mercancías- Posibilidad de adaptación a necesidades específicas Ventajas: Rentar una bodega en Valladolid, Yucatán, puede ser una excelente opción tanto para negocios locales como para empresas de logística y distribución en la región. Aquí te explico algunas de las ventajas: Ubicación Estratégica: Valladolid se",https://blog.casasenvalladolid.com/images/branding/hero-home.webp,Mexico,Quintana Roo,Playa del Carmen,,,Rent,2,Casas en Valladolid,"https://www.casasenvalladolid.com/p/5113086-Casa-en-Renta-en-Valladolid-Centro-Centro-de-Valladolid; https://www.casasenvalladolid.com/p/6533910-Bodega-comercial-en-Renta-en-Valladolid-Bodega-comercial-en-renta-en-Valladolid,-Yucat%C3%A1n",Playa del Carmen; Other Riviera Maya
Cristopher Llantada,https://hometulum.com/,,https://hometulum.com/directory/2-bedroom-condo-oceanview-at-elements-in-playa-del-carmen/,2 bedroom condo oceanview at Elements in Playa del Carmen - Home Tulum Real Estate,Condo/Apartment,1200000.00,USD,2,2,,,"Welcome to Elements Playa del Carmen, where luxury meets the vibrant lifestyle of the Riviera Maya! This spacious 2-bedroom, 2-bathroom condo offers 1,378 sq.",https://hometulum.com/wp-content/uploads/2025/01/The-Elements-223-09182024_110131-768x432.jpg; https://hometulum.com/wp-content/uploads/2025/01/The-Elements-223-09182024_110131-scaled.jpg,Mexico,Quintana Roo,Tulum,,,Sale,2,Cristopher Llantada; HOME,https://hometulum.com/directory/2-bedroom-condo-oceanview-at-elements-in-playa-del-carmen/,Playa del Carmen; Tulum; Other Riviera Maya
Cristopher Llantada,https://hometulum.com/,,https://hometulum.com/directory/amazing-condo-in-cruz-con-mar-playa-del-carmen/,Amazing condo in Cruz con Mar for investment property at Playa del Carmen - Home Tulum Real Estate,Condo/Apartment,855000.00,USD,2,3,,,Amazing condo in Cruz con Mar for investment property at Playa del Carmen,https://hometulum.com/wp-content/uploads/2024/02/20200615_184026-768x346.jpg; https://hometulum.com/wp-content/uploads/2024/02/20200615_184026-scaled.jpg,Mexico,Quintana Roo,Tulum,,,Sale,2,Cristopher Llantada; HOME,https://hometulum.com/directory/amazing-condo-in-cruz-con-mar-playa-del-carmen/,Playa del Carmen; Tulum; Other Riviera Maya
DELYNE Real Estate,https://delyne.mx/,,https://delyne.mx/property/departamento-frente-al-mar-en-playa-del-carmen/,DEPARTAMENTO FRENTE AL MAR EN PLAYA DEL CARMEN,Condo/Apartment,18960320,USD,3,3,154,m²,"Este exclusivo desarrollo en Playa del Carmen ofrece una oportunidad única de vivir en una de las ubicaciones más codiciadas de la Riviera Maya. La torre cuenta con 28 departamentos distribuidos en 6 niveles, con opciones de 3 y 4 recámaras, diseñados para aquellos que buscan lujo, comodidad y una conexión auténtica con el entorno tropical. Diseño contemporáneo que maximiza la luz natural y ofrece vistas impresionantes de Playa del Carmen. AMENIDADES: Club de Playa privado. Rooftop con infinity pool. Coworking Gimnasio. Recepción 24 horas. Servicio de concierge. Infinity pool. Courtyard. Pool ",https://delyne.mx/wp-content/uploads/2024/10/1-5.jpeg; https://delyne.mx/wp-content/uploads/2024/10/1-5.jpeg; https://delyne.mx/wp-content/uploads/2024/10/2-2.png; https://delyne.mx/wp-content/uploads/2024/10/3-1.png; https://delyne.mx/wp-content/uploads/2024/10/4-5.jpeg; https://delyne.mx/wp-content/uploads/2024/10/5-5.jpeg,Mexico,Quintana Roo,Playa del Carmen,20.6248788,-87.07312979999999,Sale,1,DELYNE Real Estate,https://delyne.mx/property/departamento-frente-al-mar-en-playa-del-carmen/,Playa del Carmen; Other Riviera Maya
DELYNE Real Estate,https://delyne.mx/,,https://delyne.mx/property/espectacular-departamento-de-3habs-frente-al-mar-en-playa-del-carmen/,ESPECTACULAR DEPARTAMENTO DE 3HABS FRENTE AL MAR EN PLAYA DEL CARMEN,Condo/Apartment,19689860,USD,3,4,170,m²,"Ubicado en la prestigiosa Playa Mamita’s, este exclusivo desarrollo residencial frente al mar está diseñado para ofrecer un equilibrio entre la vida moderna y la serenidad, brindando una experiencia única en el corazón de la Riviera Maya, destacando por su arquitectura innovadora y su armonía con el entorno natural, convirtiéndose en un santuario donde lujo y tranquilidad coexisten. Amenidades del Proyecto: Spa Alberca y jacuzzi Asoleadero Rooftop con solarium y fogatero Beach club Kids club y área multipropósito Business center Gimnasio y sala de juegos Sala de cine y bowling alley Restaurant",https://delyne.mx/wp-content/uploads/2024/10/1-7.jpeg; https://delyne.mx/wp-content/uploads/2024/10/1-7.jpeg; https://delyne.mx/wp-content/uploads/2024/10/2-6.jpeg; https://delyne.mx/wp-content/uploads/2024/10/3-6.jpeg; https://delyne.mx/wp-content/uploads/2024/10/4-7.jpeg; https://delyne.mx/wp-content/uploads/2024/10/5-7.jpeg; https://delyne.mx/wp-content/uploads/2024/10/7-6.jpeg; https://delyne.mx/wp-content/uploads/2024/10/8-7.jpeg,Mexico,Quintana Roo,Playa del Carmen,20.6320874,-87.0668255,Sale,1,DELYNE Real Estate,https://delyne.mx/property/espectacular-departamento-de-3habs-frente-al-mar-en-playa-del-carmen/,Playa del Carmen; Other Riviera Maya
DELYNE Real Estate,https://delyne.mx/,,https://delyne.mx/property/departamento-2-habs-a-pasos-de-la-playa-en-playa-del-carmen/,DEPARTAMENTO 2 HABS A PASOS DE LA PLAYA EN PLAYA DEL CARMEN,Condo/Apartment,6275000,USD,2,2,82,m²,"Este exclusivo desarrollo en Playa del Carmen ofrece un oasis que supera todas las expectativas, combinando lujo, comodidad y una ubicación privilegiada en el corazón de la ciudad. Situado en el único parque en el centro de Playa, este proyecto ofrece impresionantes vistas panorámicas y acceso a las mejores comodidades de la zona. AMENIDADES: Spa Rooftop con bar, piscina y jacuzzi Zona Lounge Firepit Coworking. Concierge. Estacionamiento Elevador Seguridad 24/7 Acceso controlado. Este desarrollo redefine el lujo costero, ofreciendo a sus residentes una experiencia única de vida en Playa del Ca",https://delyne.mx/wp-content/uploads/2024/10/1-11.jpeg; https://delyne.mx/wp-content/uploads/2024/10/1-11.jpeg; https://delyne.mx/wp-content/uploads/2024/10/2-10.jpeg; https://delyne.mx/wp-content/uploads/2024/10/3-10.jpeg; https://delyne.mx/wp-content/uploads/2024/10/4-11.jpeg; https://delyne.mx/wp-content/uploads/2024/10/5-11.jpeg; https://delyne.mx/wp-content/uploads/2024/10/6-8.jpeg; https://delyne.mx/wp-content/uploads/2024/10/7-10.jpeg,Mexico,Quintana Roo,Playa del Carmen,20.6326771,-87.0698113,Sale,1,DELYNE Real Estate,https://delyne.mx/property/departamento-2-habs-a-pasos-de-la-playa-en-playa-del-carmen/,Playa del Carmen; Other Riviera Maya
DELYNE Real Estate,https://delyne.mx/,,https://delyne.mx/property/espectacular-departamento-en-playacar-playa-del-carmen/,ESPECTACULAR DEPARTAMENTO EN PLAYACAR PLAYA DEL CARMEN,Land/Lot,9000000,USD,2,2,128,m²,"Ubicado en el corazón de la Riviera Maya, este proyecto residencial de lujo ofrece una experiencia única en Playacar, uno de los destinos más exclusivos de Playa del Carmen. Con 230 condominios de lujo distribuidos en torres de 3 niveles, este desarrollo ofrece una vida rodeada de naturaleza, historia y comodidad moderna. Características del Proyecto: 230 condominios de lujo en pre-venta Ubicado en un terreno de 30,000 m², rodeado de áreas naturales y acceso a una zona prehispánica preservada Cercano al famoso aviario Xaman Há, con su diversidad de fauna exótica Amenidades del Proyecto: Campo ",https://delyne.mx/wp-content/uploads/2024/10/Captura-de-Pantalla-2023-08-29-a-las-9.19.56.png; https://delyne.mx/wp-content/uploads/2024/10/Captura-de-Pantalla-2023-08-29-a-las-9.19.56.png; https://delyne.mx/wp-content/uploads/2024/10/Captura-de-Pantalla-2024-09-10-a-las-20.59.28.png; https://delyne.mx/wp-content/uploads/2024/10/Captura-de-Pantalla-2024-09-10-a-las-21.00.11.png; https://delyne.mx/wp-content/uploads/2024/10/Captura-de-Pantalla-2024-09-10-a-las-20.59.59.png; https://delyne.mx/wp-content/uploads/2024/10/Captura-de-Pantalla-2024-09-10-a-las-21.00.32.png; https://delyne.mx/wp-content/uploads/2024/10/Captura-de-Pantalla-2024-09-10-a-las-20.59.48.png; https://delyne.mx/wp-content/uploads/2024/10/Captura-de-Pantalla-2023-08-29-a-las-9.20.53.png,Mexico,Quintana Roo,Playa del Carmen,20.6156529,-87.09062569999999,Sale,1,DELYNE Real Estate,https://delyne.mx/property/espectacular-departamento-en-playacar-playa-del-carmen/,Playa del Carmen; Other Riviera Maya
DELYNE Real Estate,https://delyne.mx/,,https://delyne.mx/property/espectacular-departamento-amueblado-en-veranto/,ESPECTACULAR DEPARTAMENTO AMUEBLADO EN VERANTO,Condo/Apartment,249000,USD,2,2,139,m²,"Lujoso departamento con un diseño vanguardista y acabados premium. Amueblado y equipado con todo lo que necesitas para vivirlo o rentarlo de manera muy cómoda. Ubicado en el corazón de Playa del Carmen, a solo unos minutos de la 5ta Avenida. CARACTERISTICAS: Cocina Sala Comedor 2 Recámaras 2 Baños AMENIDADES: Lobby Rooftop con alberca Gimnasio Estacionamiento Acceso controlado",https://delyne.mx/wp-content/uploads/2024/11/1-scaled.jpg; https://delyne.mx/wp-content/uploads/2024/11/1-scaled.jpg; https://delyne.mx/wp-content/uploads/2024/11/2-scaled.jpg; https://delyne.mx/wp-content/uploads/2024/11/3-scaled.jpg; https://delyne.mx/wp-content/uploads/2024/11/4-scaled.jpg; https://delyne.mx/wp-content/uploads/2024/11/5-scaled.jpg; https://delyne.mx/wp-content/uploads/2024/11/6-scaled.jpg; https://delyne.mx/wp-content/uploads/2024/11/7-scaled.jpg,Mexico,Quintana Roo,Playa del Carmen,20.6316719,-87.076483,Sale,1,DELYNE Real Estate,https://delyne.mx/property/espectacular-departamento-amueblado-en-veranto/,Playa del Carmen; Other Riviera Maya
DELYNE Real Estate,https://delyne.mx/,,https://delyne.mx/property/departamento-amueblado-en-amaite-playa-del-carmen/,DEPARTAMENTO AMUEBLADO EN AMAITE PLAYA DEL CARMEN,Condo/Apartment,169000,USD,2,1,94.12,m²,"Este impresionante apartamento en el centro de Playa del Carmen lo tiene todo: cerca de todas las comodidades (Chedraui, estación Colectivo, Ferry Ultramar y muy cerca de la playa). Con 2 dormitorios , 1 baño, terraza privada, un bonito salón y cocina abierta; Este apartamento es la combinación perfecta de comodidad y estilo. Esta propiedad tiene una hermosa azotea con piscina y un área espaciosa para recibir a sus seres queridos y disfrutar del estilo de vida caribeño. También cuenta con una plaza de aparcamiento privado y taquilla. ¡Contáctenos hoy y haga de esta increíble oportunidad la cas",https://delyne.mx/wp-content/uploads/2024/11/15.jpeg; https://delyne.mx/wp-content/uploads/2024/11/15.jpeg; https://delyne.mx/wp-content/uploads/2024/11/2.jpeg; https://delyne.mx/wp-content/uploads/2024/11/4.jpeg; https://delyne.mx/wp-content/uploads/2024/11/5.jpeg; https://delyne.mx/wp-content/uploads/2024/11/3.jpeg; https://delyne.mx/wp-content/uploads/2024/11/10.jpeg; https://delyne.mx/wp-content/uploads/2024/11/9.jpeg,Mexico,Quintana Roo,Playa del Carmen,20.6246402,-87.0834773,Sale,1,DELYNE Real Estate,https://delyne.mx/property/departamento-amueblado-en-amaite-playa-del-carmen/,Playa del Carmen; Other Riviera Maya
DELYNE Real Estate,https://delyne.mx/,,https://delyne.mx/property/departamento-en-macondo-5ta-avenida-amueblado/,DEPARTAMENTO EN MACONDO 5TA AVENIDA AMUEBLADO,Condo/Apartment,4200000,USD,2,2,84.07,m²,"Macondo 5th Avenue, se encuentra ubicado en la zona más segura y de más rápido crecimiento en Playa del Carmen. Macondo es bien conocido por ser el proyecto que dio inicio al desarrollo de la zona. Mundialmente famoso por sus aguas turquesas, playas de arena blanca y el estilo de vida caribeño, ofrece un ambiente cosmopolita con una variedad de culturas en constante expansión. Este impresionante apartamento de 84,07 m² ubicado en Playa del Carmen, cerca de la playa, ¡lo tiene todo! Con 2 amplias habitaciones y 2 baños, este condominio es la combinación perfecta de confort, modernidad y estilo.",https://delyne.mx/wp-content/uploads/2024/11/1bf07c93-2013-4a16-9c0f-d0aa2d1cd564.jpeg; https://delyne.mx/wp-content/uploads/2024/11/1bf07c93-2013-4a16-9c0f-d0aa2d1cd564.jpeg; https://delyne.mx/wp-content/uploads/2024/11/IMG-20240904-WA0013.jpg; https://delyne.mx/wp-content/uploads/2024/11/IMG-20240904-WA0009.jpg; https://delyne.mx/wp-content/uploads/2024/11/IMG-20240904-WA0010.jpg; https://delyne.mx/wp-content/uploads/2024/11/IMG-20240904-WA0011.jpg; https://delyne.mx/wp-content/uploads/2024/11/9624a53c-8bc9-442e-a953-e43012acb90a.jpeg; https://delyne.mx/wp-content/uploads/2024/11/Captura-de-Pantalla-2024-11-27-a-las-20.58.03.png,Mexico,Quintana Roo,Playa del Carmen,20.6382423,-87.0638104,Sale,1,DELYNE Real Estate,https://delyne.mx/property/departamento-en-macondo-5ta-avenida-amueblado/,Playa del Carmen; Other Riviera Maya
DELYNE Real Estate,https://delyne.mx/,,https://delyne.mx/property/departamento-2-habitaciones-a-pasos-de-la-playa/,DEPARTAMENTO 2 HABITACIONES A PASOS DE LA PLAYA,Condo/Apartment,7139070,USD,2,2,75,m²,"Este desarrollo residencial está diseñado para sumergirte en la vitalidad y estilo de Playa del Carmen. Con una ubicación privilegiada entre la famosa 5ta Avenida y la Avenida 10, este proyecto ofrece una experiencia de vida moderna y sofisticada en el corazón de la Riviera Maya. AMENIDADES: &#8211; Elevador &#8211; Canal de nado &#8211; Fire pit &#8211; Área de masajes &#8211; Bar y restaurante &#8211; Gimnasio &#8211; Sauna y jacuzzi &#8211; Hidroterapia &#8211; Camastros y áreas verdes &#8211; Área infantil Este desarrollo combina lujo, comodidad y un diseño contemporáneo, ofreciendo una ex",https://delyne.mx/wp-content/uploads/2024/10/003-Fachada-Nocturna_1-scaled.jpg; https://delyne.mx/wp-content/uploads/2024/10/003-Fachada-Nocturna_1-scaled.jpg; https://delyne.mx/wp-content/uploads/2024/10/DEPTO-MUESTRA-1-scaled.jpg; https://delyne.mx/wp-content/uploads/2024/10/DEPTO-MUESTRA-scaled.jpg; https://delyne.mx/wp-content/uploads/2024/10/LOBBY-3.jpg; https://delyne.mx/wp-content/uploads/2024/10/LOBBY-TERRAZA.jpg; https://delyne.mx/wp-content/uploads/2024/10/KIDS-ROOM-OLAYA.png; https://delyne.mx/wp-content/uploads/2024/10/SPA-2-OLAYA.png,Mexico,Quintana Roo,Playa del Carmen,20.6290788,-87.072446,Sale,1,DELYNE Real Estate,https://delyne.mx/property/departamento-2-habitaciones-a-pasos-de-la-playa/,Playa del Carmen; Other Riviera Maya
DELYNE Real Estate,https://delyne.mx/,,https://delyne.mx/como-financiar-la-compra-de-una-propiedad-en-cancun-si-vives-en-el-extranjero/,¿Cómo financiar la compra de una propiedad en Cancún si vives en el extranjero? – DELYNE REAL ESTATE,House,,,,,,,,https://delyne.mx/wp-content/plugins/phastpress/phast.php/c2VydmljZT1pbWFnZXMmc3JjPWh0dHBzJTNBJTJGJTJGZGVseW5lLm14JTJGd3AtY29udGVudCUyRnVwbG9hZHMlMkYyMDI0JTJGMTElMkZMb2dvdGlwby0wMy1lMTczMTc4NTY5MzY3Ny5wbmcmY2FjaGVNYXJrZXI9MTczMTc4NTY5My0yMTQ0MCZ0b2tlbj05OTE2MDRkMzdjMTU0NzQ2.q.png; https://delyne.mx/wp-content/plugins/phastpress/phast.php/c2VydmljZT1pbWFnZXMmc3JjPWh0dHBzJTNBJTJGJTJGZGVseW5lLm14JTJGd3AtY29udGVudCUyRnVwbG9hZHMlMkYyMDI0JTJGMTAlMkZoaXBvdGVjYS1qb3Zlbi5qcGVnJmNhY2hlTWFya2VyPTE3Mjk4OTkyMTEtOTE1MTkmdG9rZW49YzkyMjY5M2Q1NDU2ZGI5NQ.q.jpeg; https://delyne.mx/wp-content/uploads/2024/10/llaves-casa-nueva-mexico-1024x683.webp; https://delyne.mx/wp-content/plugins/phastpress/phast.php/c2VydmljZT1pbWFnZXMmc3JjPWh0dHBzJTNBJTJGJTJGZGVseW5lLm14JTJGd3AtY29udGVudCUyRnVwbG9hZHMlMkYyMDI0JTJGMTAlMkYxNi1BRVJFQS0xLTU4NHg0MzguanBnJmNhY2hlTWFya2VyPTE3Mjk4OTkyMTEtNTQ3Nzc4JnRva2VuPWNiNGFiZmFlMDgzOTU2YzI.q.jpg; https://delyne.mx/wp-content/plugins/phastpress/phast.php/c2VydmljZT1pbWFnZXMmc3JjPWh0dHBzJTNBJTJGJTJGZGVseW5lLm14JTJGd3AtY29udGVudCUyRnVwbG9hZHMlMkYyMDI0JTJGMTAlMkZQbGF5YS1kZWwtQ2FybWVuLXZzLUNhbmN1bi0xLTEtNTg0eDQzOC5qcGcmY2FjaGVNYXJrZXI9MTcyOTg5OTIxMS0zODk2NjQmdG9rZW49NmZkNjc4MmYxMDZhZTRkMw.q.jpg; https://delyne.mx/wp-content/plugins/phastpress/phast.php/c2VydmljZT1pbWFnZXMmc3JjPWh0dHBzJTNBJTJGJTJGZGVseW5lLm/14JTJGd3AtY29udGVudCUyRnVwbG9hZHMlMkYyMDI0JTJGMTAlMkZtYW4td2l0aC1iYWNrcGFjay1sb29raW5nLW1hcC13aGlsZS10b3VyaW5nLWZvcmVpZ24tY2l0eS1nZW5lcmF0aXZlLWFpXzg3NTYxLTE0MDg5LTU4NHg0MzguanBnJmNhY2hlTWFya2VyPTE3Mjk4OTkyMTEtMjUzMjk5JnRva2VuPTUwMDg1ZjRhY2I3ZjRhZmY.q.jpg; https://delyne.mx/wp-content/plugins/phastpress/phast.php/c2VydmljZT1pbWFnZXMmc3JjPWh0dHBzJTNBJTJGJTJGZGVseW5lLm14JTJGd3AtY29udGVudCUyRnVwbG9hZHMlMkYyMDI0JTJGMTElMkZMb2dvdGlwby0xNS1lMTczMTczMTExOTQ2NS0xNTB4MTUwLnBuZyZjYWNoZU1hcmtlcj0xNzMxNzMxMTE5LTE1MjQ5JnRva2VuPWJmMzY0M2IyMzE0M2ZmZmM.q.png; https://delyne.mx/wp-content/plugins/phastpress/phast.php/c2VydmljZT1pbWFnZX/Mmc3JjPWh0dHBzJTNBJTJGJTJGZGVseW5lLm14JTJGd3AtY29udGVudCUyRnVwbG9hZHMlMkZlbGVtZW50b3IlMkZ0aHVtYnMlMkZMb2dvdGlwby0xMy00LXF3dHF5Mm9tb2llMXY1eGx3Nmg4aTVzczVtaXdtaHpqN2gweDB1aTEycy5wbmcmY2FjaGVNYXJrZXI9MTczMTE5NjI3OS02ODIwJnRva2VuPTNlOGQxMzlmMTViMDI3YTA.q.png,Mexico,Quintana Roo,Playa del Carmen,,,Sale,2,DELYNE Real Estate,https://delyne.mx/como-financiar-la-compra-de-una-propiedad-en-cancun-si-vives-en-el-extranjero/; https://delyne.mx/top-5-consejos-para-comprar-una-propiedad-en-la-riviera-maya-como-extranjero/,Cancun; Playa del Carmen; Other Riviera Maya
DRabago Inmobiliaria,https://www.drabagoinmobiliaria.com/,Tokko Broker,https://www.drabagoinmobiliaria.com/p/7791675-Departamento-en-Venta-en-Quintas-del-Carmen-Por-Kantenah-y-Calle-34-Nte-mx-100-a-pasos-de-la-5ta-avenida-y-del-mar-,Departamento en Venta en Quintas del Carmen - Calle 34 Nte mx 100,Condo/Apartment,270000,USD,4,2,85,m2,"Se vende departamento de 85 m2 con 1 recámara, amplia sala y comedor, cocina equipada, baño completo con Cancelería y amplia terraza, está ubicado a unas cuadras del mar y de la quinta avenida de Playa del Carmen, donde podrás encontrar los mejores restaurantes, bares, centros comerciales, boutiques, supermercados, entretenimiento y más. Solea Condos es un exclusivo desarrollo inmobiliario en el cual podrás disfrutar de un hermoso roof top con alberca, regaderas, baños, gimnasio, área de snack y con una hermosa vista al mar caribe El acceso es controlado en todo el edificio, cuenta con estacio",https://static.tokkobroker.com/sm_pics/117756699_og.jpg,Mexico,Quintana Roo,Playa del Carmen,,,Sale,1,DRabago Inmobiliaria,https://www.drabagoinmobiliaria.com/p/7791675-Departamento-en-Venta-en-Quintas-del-Carmen-Por-Kantenah-y-Calle-34-Nte-mx-100-a-pasos-de-la-5ta-avenida-y-del-mar-,Playa del Carmen; Other Riviera Maya
Frank Ruíz,https://frankruizrealtygroup.com/,,https://frankruizrealtygroup.com/boutique-condo-investment-riviera-maya/,Boutique Condo Investment Riviera Maya: Best 9.62% ROI in 2026,Land/Lot,75000,USD,,,52,m2,"Find the best boutique condo investment Riviera Maya with Frank Ruiz, Coldwell Banker. Proven 9.62% annual ROI and 12.57% appreciation in Playa del Carmen.",https://secure.gravatar.com/avatar/af6418b64bf6b175e8bf687d142d0ac2050d52fbc0dbbac0e8dff962d7cc67a6?s=96&amp;d=mm&amp;r=g,México,Q.R.,Campestre Playa del Carmen,,,Rent,3,Frank Ruíz,https://frankruizrealtygroup.com/belle-ame-boutique-condos-in-downtown-playa-del-carmen/; https://frankruizrealtygroup.com/boutique-condo-investment-riviera-maya/; https://frankruizrealtygroup.com/how-to-buy-a-condo-in-playa-del-carmen/,Playa del Carmen; Other Riviera Maya
Frank Ruíz,https://frankruizrealtygroup.com/,,https://frankruizrealtygroup.com/distrito-xcalacoco-beach-condos-for-sale/,Distrito Xcalacoco Beach Condos for Sale: Best Pricing 2026,Land/Lot,75000,USD,2,,105,m2,"Distrito Xcalacoco Beach condos for sale — only 9 units left delivering 2026. Phase 2 from $200,171 USD. Private beach club. Frank Ruiz, Coldwell Banker Riviera Maya.",https://secure.gravatar.com/avatar/af6418b64bf6b175e8bf687d142d0ac2050d52fbc0dbbac0e8dff962d7cc67a6?s=96&amp;d=mm&amp;r=g,México,Q.R.,Campestre Playa del Carmen,,,Sale,1,Frank Ruíz,https://frankruizrealtygroup.com/distrito-xcalacoco-beach-condos-for-sale/,Playa del Carmen; Other Riviera Maya
Frank Ruíz,https://frankruizrealtygroup.com/,,https://frankruizrealtygroup.com/real-estate/boutique-condos-for-sale-in-playa-del-carmen/,42 Boutique Condos for Sale in Playa del Carmen | Wave,Land/Lot,75000,USD,1,1,73.43,m2,"Wave Residences offers boutique condos for sale in Playa del Carmen from $3,214,800 MXN. Frank Ruiz, Coldwell Banker Riviera Maya. Flexible presale plans.",https://frankruizrealtygroup.com/wp-content/uploads/2026/08/wave-residences-playa-del-carmen-departamentos-de-lujo-1-13.jpg; https://frankruizrealtygroup.com/wp-content/uploads/2026/08/wave-residences-playa-del-carmen-departamentos-de-lujo-1-13.jpg,Mexico,Quintana Roo,Tulum,,,Sale,2,Frank Ruíz,https://frankruizrealtygroup.com/real-estate/boutique-condos-for-sale-in-playa-del-carmen/; https://frankruizrealtygroup.com/real-estate/oversized-1-bedroom-condo-for-sale-downtown-playa-del-carmen/,Playa del Carmen; Tulum; Other Riviera Maya
Frank Ruíz,https://frankruizrealtygroup.com/,,https://frankruizrealtygroup.com/real-estate/gated-lots-for-sale-in-playa-del-carmen/,Valenia — Stunning Gated Lots for Sale in Playa del Carmen,Land/Lot,75000,USD,1,1,230,m2,"Valenia offers gated lots for sale in Playa del Carmen from $2.1M MXN. 15+ ha, 18 amenities, immediate delivery. Frank Ruiz, Coldwell Banker Riviera Maya.",https://frankruizrealtygroup.com/wp-content/uploads/2026/08/valenia-stunning-gated-lots-for-sale-in-playa-1-8-1024x684.jpg; https://frankruizrealtygroup.com/wp-content/uploads/2026/08/valenia-stunning-gated-lots-for-sale-in-playa-1-8-scaled.jpg,Mexico,Quintana Roo,Tulum,,,Sale,1,Frank Ruíz,https://frankruizrealtygroup.com/real-estate/gated-lots-for-sale-in-playa-del-carmen/,Playa del Carmen; Tulum; Other Riviera Maya
Frank Ruíz,https://frankruizrealtygroup.com/,,https://frankruizrealtygroup.com/real-estate/residential-lots-for-sale-in-playa-del-carmen/,Montenia — Exclusive Residential Lots for Sale in Playa del Carmen From 1.2M MXN,Land/Lot,75000,USD,,1,147,m2,"Montenia offers residential lots for sale in Playa del Carmen from $1.2M MXN. 16+ ha, full amenities. Frank Ruiz, Coldwell Banker Riviera Maya.",https://frankruizrealtygroup.com/wp-content/uploads/2026/08/montenia-exclusive-residential-lots-for-sale-in-playa-1-6-1024x819.png; https://frankruizrealtygroup.com/wp-content/uploads/2026/08/montenia-exclusive-residential-lots-for-sale-in-playa-1-6-scaled.png,Mexico,Quintana Roo,Tulum,,,Sale,1,Frank Ruíz,https://frankruizrealtygroup.com/real-estate/residential-lots-for-sale-in-playa-del-carmen/,Playa del Carmen; Tulum; Other Riviera Maya
Frank Ruíz,https://frankruizrealtygroup.com/,,https://frankruizrealtygroup.com/real-estate/turnkey-condos-for-sale-playa-del-carmen-bojo/,"BOJO — Best Turnkey Condos for Sale Playa del Carmen, 2026",Land/Lot,75000,USD,1,1,37.38,m2,"BOJO Luxury Residences offers turnkey condos for sale Playa del Carmen from $179,487 USD, fully furnished. Contact Frank Ruiz, Coldwell Banker Riviera Maya.",https://frankruizrealtygroup.com/wp-content/uploads/2026/08/bojo-luxury-residences-turnkey-condos-for-sale-in-1-46-1024x576.jpg; https://frankruizrealtygroup.com/wp-content/uploads/2026/08/bojo-luxury-residences-turnkey-condos-for-sale-in-1-46-scaled.jpg,Mexico,Quintana Roo,Tulum,,,Sale,3,Frank Ruíz,https://frankruizrealtygroup.com/real-estate/belle-ame-playa-del-carmen-condos-for-sale/; https://frankruizrealtygroup.com/real-estate/condo-hotel-in-downtown-playa-del-carmen/; https://frankruizrealtygroup.com/real-estate/turnkey-condos-for-sale-playa-del-carmen-bojo/,Playa del Carmen; Tulum; Other Riviera Maya
Frank Ruíz,https://frankruizrealtygroup.com/,,https://frankruizrealtygroup.com/real-estate/condo-for-sale-in-playa-del-carmen-downtown/,2BR Condo for Sale in Playa del Carmen Downtown | Best Location,Land/Lot,75000,USD,2,2,1152,sqft,"Condo for sale in Playa del Carmen downtown. Unit 303 Papaya Plus: 2BR, 2BA, fully furnished, rooftop pool, parking. $315,000 USD. Contact Frank Ruiz today.",https://frankruizrealtygroup.com/wp-content/uploads/2026/04/condo-for-sale-playa-del-carmen-downtown-papaya-plus-best-location.png; https://frankruizrealtygroup.com/wp-content/uploads/2026/04/condo-for-sale-playa-del-carmen-downtown-papaya-plus-best-location.png,Mexico,Quintana Roo,Tulum,,,Sale,1,Frank Ruíz,https://frankruizrealtygroup.com/real-estate/condo-for-sale-in-playa-del-carmen-downtown/,Playa del Carmen; Tulum; Other Riviera Maya
Frank Ruíz,https://frankruizrealtygroup.com/,,https://frankruizrealtygroup.com/real-estate/home-for-sale-senderos-mayakoba-playa-del-carmen/,Home for sale Senderos Mayakoba Playa del Carmen Serralves32,Land/Lot,75000,USD,3,5,310.47,m2,"Home for Sale Senderos Mayakoba Playa del Carmen — Serralves 32 offers modern design, private pool, and double security. Exclusive listing by Frank Ruiz Realty Group | Coldwell Banker Riviera Maya.",https://frankruizrealtygroup.com/wp-content/uploads/2025/10/serralves-32-front-facade-senderos-mayakoba.png; https://frankruizrealtygroup.com/wp-content/uploads/2025/10/serralves-32-front-facade-senderos-mayakoba.png,Mexico,Quintana Roo,Tulum,,,Sale,1,Frank Ruíz,https://frankruizrealtygroup.com/real-estate/home-for-sale-senderos-mayakoba-playa-del-carmen/,Playa del Carmen; Tulum; Other Riviera Maya
Frank Ruíz,https://frankruizrealtygroup.com/,,https://frankruizrealtygroup.com/real-estate/5-bedroom-house-for-sale-playa-del-carmen/,Elegant 5 Bedroom House for Sale Playa del Carmen,Land/Lot,75000,USD,5,5.5,600,m2,"Discover this stunning 5 bedroom house for sale Playa del Carmen, ideal for luxurious living and investment opportunities.",https://frankruizrealtygroup.com/wp-content/uploads/2025/10/5-bedroom-house-for-sale-playa-del-carmen-bedroom-garden.jpg; https://frankruizrealtygroup.com/wp-content/uploads/2025/10/5-bedroom-house-for-sale-playa-del-carmen-bedroom-garden.jpg,Mexico,Quintana Roo,Tulum,,,Sale,1,Frank Ruíz,https://frankruizrealtygroup.com/real-estate/5-bedroom-house-for-sale-playa-del-carmen/,Playa del Carmen; Tulum; Other Riviera Maya
Frank Ruíz,https://frankruizrealtygroup.com/,,https://frankruizrealtygroup.com/real-estate/land-for-sale-playa-del-carmen-nativa/,Nativa Residencial — Prime Land for Sale Playa del Carmen #1,Land/Lot,75000,USD,1,1,120,m2,"Nativa Residencial offers land for sale Playa del Carmen from $980,000 MXN. Nature reserve community. Frank Ruiz, Coldwell Banker Riviera Maya.",https://frankruizrealtygroup.com/wp-content/uploads/2026/08/nativa-residencial-land-for-sale-in-playa-del-1-59-1024x576.png; https://frankruizrealtygroup.com/wp-content/uploads/2026/08/nativa-residencial-land-for-sale-in-playa-del-1-59-scaled.png,Mexico,Quintana Roo,Tulum,,,Sale,1,Frank Ruíz,https://frankruizrealtygroup.com/real-estate/land-for-sale-playa-del-carmen-nativa/,Playa del Carmen; Tulum; Other Riviera Maya
Frank Ruíz,https://frankruizrealtygroup.com/,,https://frankruizrealtygroup.com/real-estate/holbox-investment-land-for-sale/,Best Holbox Investment Land for Sale | Lotes Paraíso 37 Titled Lots,Land/Lot,480000,MXN,,,150,m2,"Holbox investment land for sale — 37 fully titled lots of 150 m² at Lotes Paraíso. 400m from the beach. From $480,000 MXN with 30% down and 24 months interest-free. Frank Ruiz Realty Group.",https://frankruizrealtygroup.com/wp-content/uploads/2026/05/titled-land-holbox-aerial-drone-lotes-paraiso-scaled.jpg,México,Q.R.,Campestre Playa del Carmen,,,Sale,1,Frank Ruíz,https://frankruizrealtygroup.com/real-estate/holbox-investment-land-for-sale/,Playa del Carmen; Other Riviera Maya
G&V Bienes Raices,https://www.gvbienesraices.com/,Tokko Broker,https://www.gvbienesraices.com/p/8637566-Casa-en-Venta-en-Canc%C3%BAn-Residencial-Altria,Casa en Venta en Cancún - Residencial Altria,House,4100000,MXN,3,3,,,"Casa en venta en Playa del Carmen 3 recámaras con alberca en Residencial Altaria Residencia ubicada en Residencial Altaria, un desarrollo con ambiente familiar y excelentes amenidades en Playa del Carmen. Ideal para quienes buscan una casa cómoda, segura y con gran potencial de plusvalía, ya sea para vivir o como inversión. Precio:$4,100,000 MXN Medidas y tipologíaCasa de 3 recámaras, 2.5 baños, sala, comedor, cocina y estacionamiento. Características * 3 recámaras* 2.5 baños* Sala y comedor* Cocina* Espacios amplios y funcionales* Excelente distribución* Ideal para familias o inversión* Ubica",https://static.tokkobroker.com/sm_pics/8637566_8608470284682036599660570271841766476695949082782931010205093802964563085897_og.jpg,Mexico,Quintana Roo,Playa del Carmen,,,Sale,1,G&V Bienes Raices,https://www.gvbienesraices.com/p/8637566-Casa-en-Venta-en-Canc%C3%BAn-Residencial-Altria,Cancun; Playa del Carmen; Other Riviera Maya
G&V Bienes Raices,https://www.gvbienesraices.com/,Tokko Broker,https://www.gvbienesraices.com/p/8597121-Terreno-en-Venta-en-Playa-del-Carmen--Av.-Universidades,Terreno en Venta en Playa del Carmen -  Av. Universidades,Land/Lot,2995000,MXN,,,1150,m2,"Terreno en venta en Playa del Carmen 1,150 m² sobre Av. Universidades Terreno con excelente ubicación sobre Av. Universidades, en una de las zonas con mayor crecimiento de Playa del Carmen. Ideal para desarrollar un proyecto habitacional, comercial o realizar una inversión patrimonial con gran potencial de plusvalía. Precio:$2,995,000 MXN Medidas y tipología1,150 m² de superficie.Frente: 25 m.Fondo: 46 m. Características * Terreno de 1,150 m²* Frente de 25 m* Fondo de 46 m* A pie de calle* Zona de alta plusvalía* Parque público y áreas verdes cercanas* Fácil acceso por Av. Universidades* Listo",https://static.tokkobroker.com/sm_pics/8597121_52210608169274432500634804618426973720740636210436438736694181106539323588629_og.jpg,Mexico,Quintana Roo,Playa del Carmen,,,Sale,1,G&V Bienes Raices,https://www.gvbienesraices.com/p/8597121-Terreno-en-Venta-en-Playa-del-Carmen--Av.-Universidades,Playa del Carmen; Other Riviera Maya
Gelena Doehmel Realtor Mexico,https://yucatanexpert.com/,,https://yucatanexpert.com/real-estate/3-bedrooms-condo-with-rooftop-for-sale-in-playa-del-carmen/,3 Bedrooms Condo with Rooftop for Sale in Playa del Carmen - Yucatan Expert,Land/Lot,3700000,MXN,3,3,,,Discover a 3 bedrooms condo with rooftop for sale in Playa del Carmen. Enjoy the secure gated community close to the beach.,https://storage.googleapis.com/yucatanexpert/2023/12/Gelenaweddings-small.jpg.webp,Mexico,Quintana Roo,Tulum,,,Sale,1,Gelena Doehmel Realtor Mexico,https://yucatanexpert.com/real-estate/3-bedrooms-condo-with-rooftop-for-sale-in-playa-del-carmen/,Playa del Carmen; Tulum; Other Riviera Maya
Gregorio Mendoza,https://gregoriore.com/properties/,,https://gregoriore.com/properties/listing/Houston/13043769//Premium-Family-Entertainment-Resort,"Premium Family Entertainment Resort, , , ",Unknown,410000000,USD,280,,,,from mls: Premium family-oriented hospitality opportunity located along the Mexican Caribbean within a prime beachfront tourism corridor. This upper-upscale resort operates in the family entertainment and experiential travel segment and features approximately 280 high-category guest suites within a high-density beachfront setting designed to maximize revenue per square meter. The property operates as a fully functioning resort with strong entertainment-driven demand and multiple revenue channels beyond room sales. Amenities and programming support significant ancillary income through food and ,https://photos.prod.cirrussystem.net/4962/15cec1d30b1d258f4c06af1a6d7acb1a/3139008477.jpeg?width=1200&height=630,Mexico,Quintana Roo,Playa del Carmen,,,Sale,1,Gregorio Mendoza,https://gregoriore.com/properties/listing/Houston/13043769//Premium-Family-Entertainment-Resort,Playa del Carmen; Other Riviera Maya
Gregorio Mendoza,https://gregoriore.com/properties/,,https://gregoriore.com/properties/listing/Houston/12310025//Large-Beachfront-Hotel-In-Cancun,"Large Beachfront Hotel In Cancun, , , ",Land/Lot,385000000,USD,300,,484375,sqft,"from mls: Large-scale beachfront hospitality real estate opportunity located in the Cancún Hotel Zone along the Mexican Caribbean. This vertical hospitality asset sits on approximately 36,000 m² of beachfront land with roughly 45,000 m² of constructed space and significant linear beach frontage. The property features more than 300 guest rooms and suites with a standardized inventory designed for efficient large-scale hotel operations. The asset currently operates as an established hotel with stable occupancy supported by the region’s mature international tourism market. Recent capital expendit",https://photos.prod.cirrussystem.net/4962/b178287a02721d9b7cd2ec79ac1e5020/1378697680.jpeg?width=1200&height=630,Mexico,Quintana Roo,Playa del Carmen,,,Sale,1,Gregorio Mendoza,https://gregoriore.com/properties/listing/Houston/12310025//Large-Beachfront-Hotel-In-Cancun,Cancun; Playa del Carmen; Other Riviera Maya
Gregorio Mendoza,https://gregoriore.com/properties/,,https://gregoriore.com/properties/listing/Houston/76585728//Adults-Only-Luxury-Resort-In-The-Mexican-Caribbean,"Adults Only Luxury Resort In The Mexican Caribbean, , , ",Land/Lot,225000000,USD,600,,,,from mls: Adults-only luxury resort opportunity located along the Mexican Caribbean in one of the region’s most desirable beachfront destinations. This high-end hospitality asset operates in the luxury romance and experiential travel segment and features more than 650 guest accommodations within a low-density beachfront setting. The property sits on an extensive land holding with additional area for future expansion or development. The resort operates as a fully integrated hospitality operation with strong service standards and a high staff-to-guest ratio. Amenities include multiple food and b,https://photos.prod.cirrussystem.net/4962/f594890a9d81139d7af716180c4cb2d4/3186729632.jpeg?width=1200&height=630,Mexico,Quintana Roo,Playa del Carmen,,,Sale,1,Gregorio Mendoza,https://gregoriore.com/properties/listing/Houston/76585728//Adults-Only-Luxury-Resort-In-The-Mexican-Caribbean,Playa del Carmen; Other Riviera Maya
Gregorio Mendoza,https://gregoriore.com/properties/,,https://gregoriore.com/properties/listing/Houston/4698876//Destination-Weddings-And-Romance-Resort,"Destination Weddings And Romance Resort, , , ",Unknown,220000000,USD,380,,,,"from mls: Destination weddings and romance-focused resort opportunity located along the Mexican Caribbean within a prime beachfront tourism destination. This hospitality asset operates in the couples, events, and destination wedding segment and features approximately 380 guest suites designed to accommodate group travel and celebrations. The property sits on a prime beachfront parcel with a layout suited for private ceremonies, weddings, and event programming. The resort operates as a fully functioning hospitality property with established infrastructure supporting weddings, group bookings, an",https://photos.prod.cirrussystem.net/4962/f480f259633501d8a717bc85074d1808/763418132.jpeg?width=1200&height=630,Mexico,Quintana Roo,Playa del Carmen,,,Sale,1,Gregorio Mendoza,https://gregoriore.com/properties/listing/Houston/4698876//Destination-Weddings-And-Romance-Resort,Playa del Carmen; Other Riviera Maya
Gregorio Mendoza,https://gregoriore.com/properties/,,https://gregoriore.com/properties/listing/Houston/62450465//Large-Beachfront-Hotel-In-The-Mexican-Caribbean,"Large Beachfront Hotel In The Mexican Caribbean, , , ",Unknown,176400000,USD,420,,538195,sqft,"from mls: Large-scale beachfront hospitality opportunity located within a prime coastal tourism corridor of the Mexican Caribbean. This operating full-service resort is configured as a large-format, family-oriented hospitality asset within an established international tourism market. The property features a substantial suite inventory with standardized layouts designed for efficient large-scale operations and guest flexibility. The site includes a sizable beachfront parcel with significant ocean frontage and a dense hospitality development footprint supporting resort amenities and guest servic",https://photos.prod.cirrussystem.net/4962/156e0d78ddcf699fc35c591ea8a4f0f4/3148189665.jpeg?width=1200&height=630,Mexico,Quintana Roo,Playa del Carmen,,,Sale,1,Gregorio Mendoza,https://gregoriore.com/properties/listing/Houston/62450465//Large-Beachfront-Hotel-In-The-Mexican-Caribbean,Playa del Carmen; Other Riviera Maya
Gregorio Mendoza,https://gregoriore.com/properties/,,https://gregoriore.com/properties/listing/Houston/86930715//Large-Beachfront-Hotel-In-The-Mexican-Caribbean,"Large Beachfront Hotel In The Mexican Caribbean, , , ",Unknown,128100000,USD,305,,344445,sqft,"from mls: Large-scale beachfront hospitality opportunity located along the Riviera Maya coastal corridor of the Mexican Caribbean (exact location disclosed at a later stage). This operating full-service resort is configured as a large-format, family-oriented hospitality asset within a mature international tourism destination. The property features a substantial suite inventory with standardized layouts designed for efficient operations and flexible guest accommodation. The site includes an expansive beachfront parcel with significant ocean frontage and a well-developed resort footprint support",https://photos.prod.cirrussystem.net/4962/9e48a991bf54a9c206ea7c03742fc175/1719475289.jpeg?width=1200&height=630,Mexico,Quintana Roo,Playa del Carmen,,,Sale,1,Gregorio Mendoza,https://gregoriore.com/properties/listing/Houston/86930715//Large-Beachfront-Hotel-In-The-Mexican-Caribbean,Playa del Carmen; Other Riviera Maya
Gregorio Mendoza,https://gregoriore.com/properties/,,https://gregoriore.com/properties/listing/NTREIS/20854653/Dallas/5619-Walnut-Hill-Lane,"5619 Walnut Hill Lane, Dallas, TX, 75229",Unknown,64000000,USD,10,12.5,27092,sqft,"from mls: A symbol of an era, a setting for the future — Dallas’ most legendary estate is ready for its next chapter. Since 1938, the prestigious Crespi Estate has hosted presidents, dignitaries and icons like Coco Chanel and the Duke and Duchess of Windsor. Designed by Swiss architect Maurice Fatio for Italian count Pio Crespi, this palatial French-style chateau blends intimacy with grandeur across more than 27,000 square feet. With 10 bedrooms, 12.5 baths, a ballroom, an Art Deco bar, two wine cellars, a conservatory, a library imported from France, a media room and a 3,000-square-foot prima",https://photos.prod.cirrussystem.net/444/252e2fad2437471c0c6d5bca77d40527/3420881232.jpeg?width=1200&height=630,Mexico,Quintana Roo,Playa del Carmen,,,Sale,1,Gregorio Mendoza,https://gregoriore.com/properties/listing/NTREIS/20854653/Dallas/5619-Walnut-Hill-Lane,Playa del Carmen; Other Riviera Maya
Gregorio Mendoza,https://gregoriore.com/properties/,,https://gregoriore.com/properties/listing/Austin/5200716/Lago-Vista/19101-Veranda-WALK,"19101 Veranda WALK, Lago Vista, TX, 78645",Land/Lot,63000000,USD,0,,8400,sqft,"from mls: Riviera at Lake Travis is a 287-acre master-planned mixed-use development in Lago Vista, Texas. The property includes approximately 202 residential lots, 17 luxury estate lots, commercial development parcels, amenity areas, Shores/Villa development areas, existing improvements, infrastructure, utility systems, and future development land within a planned lakeside community. Existing roadways, utilities, gated access, and development components support residential, commercial, hospitality, resort, and mixed-use uses. Multiple parcels are included.",https://photos.prod.cirrussystem.net/501/27cde7883161bfc57a28f93ba8b979f6/2321056047.jpeg?width=1200&height=630,Mexico,Quintana Roo,Playa del Carmen,,,Sale,2,Gregorio Mendoza,https://gregoriore.com/properties/listing/Austin/1042309/Lago-Vista/19101-Veranda-WALK; https://gregoriore.com/properties/listing/Austin/5200716/Lago-Vista/19101-Veranda-WALK,Playa del Carmen; Other Riviera Maya
Gregorio Mendoza,https://gregoriore.com/properties/,,https://gregoriore.com/properties/listing/Austin/6262808/Lago-Vista/19101-Veranda-WALK,"19101 Veranda WALK, Lago Vista, TX, 78645",Land/Lot,63000000,USD,,,,,"from mls: Riviera at Lake Travis is a rare approximately 287-acre gross mixed-use master-planned development opportunity in Lago Vista. The offering includes 17 developed estate lots, 35 developed standard lots, residential land planned for future single-family development, commercial and multifamily parcels, amenity areas, existing roads and utilities, an approximately 8,400-square-foot shell building, and lake-oriented development tracts. Rolling Hill Country terrain offers lake, canyon and panoramic views, with waterfront characteristics varying by parcel. Existing infrastructure supports p",https://photos.prod.cirrussystem.net/501/c5923a83bd6dfb11f870973e38e5cf26/2321056047.jpeg?width=1200&height=630,Mexico,Quintana Roo,Playa del Carmen,,,Sale,1,Gregorio Mendoza,https://gregoriore.com/properties/listing/Austin/6262808/Lago-Vista/19101-Veranda-WALK,Playa del Carmen; Other Riviera Maya
Gregorio Mendoza,https://gregoriore.com/properties/,,https://gregoriore.com/properties/listing/Austin/7103639/Lago-Vista/0-Lohman-Ford-Road-Lohman-Ford-RD,"0 Lohman Ford Road Lohman Ford RD, Lago Vista, TX, 78645",Unknown,58950000,USD,0,,,,"from mls: A rare opportunity to own two large tracts of property on Lake Travis. Seller is open to sell one or both tracts. The expansive 514.069-acre property offers 4000+ feet of deep waterfront access, 2 coves, mature oak trees, open pastures, and secure fencing. Deep water lake frontage on lake Travis is ideal for docks and recreational amenities. Natural features include large oak and cedar trees, and expansive pastures with relatively flat topography. This property is perfect for a large family ranch/compound, luxury estates, or master planned subdivision leveraging Lake Travis proximity",https://photos.prod.cirrussystem.net/501/7b66298109af6cf4994406e097340fd4/2069596056.jpeg?width=1200&height=630,Mexico,Quintana Roo,Playa del Carmen,,,Sale,1,Gregorio Mendoza,https://gregoriore.com/properties/listing/Austin/7103639/Lago-Vista/0-Lohman-Ford-Road-Lohman-Ford-RD,Playa del Carmen; Other Riviera Maya
Gregorio Mendoza,https://gregoriore.com/properties/,,https://gregoriore.com/properties/listing/Houston/64903654/Montgomery/2268-S-Fm-1486,"2268 S Fm 1486, Montgomery, TX, 77316",Land/Lot,56997000,USD,0,,,,"from mls: The last one! This spectacular 745 +/- acre Ranch has approx. 285' of frontage on FM 1486. It is the last large acreage tract immediately south of Hwy 105 in Dobbin. Located 8 miles from Montgomery, 6 miles from the 249/Aggie Expressway and approx 10 miles from Magnolia, there will be no more like this one! The ranch, or some form of it, has been in the same family for over a century and has rarely been subdivided. The last tract out of the ranch to be sold was the neighboring Blaketree golf course, now known as Bluejack National. This property features some of the prettiest land in ",https://photos.prod.cirrussystem.net/4962/4d03c7b6ad70b107c2f5898bd70787c5/1648259454.jpeg?width=1200&height=630,Mexico,Quintana Roo,Playa del Carmen,,,Sale,1,Gregorio Mendoza,https://gregoriore.com/properties/listing/Houston/64903654/Montgomery/2268-S-Fm-1486,Playa del Carmen; Other Riviera Maya
Gregorio Mendoza,https://gregoriore.com/properties/,,https://gregoriore.com/properties/listing/Houston/58446519/Other/225-Interstate-65,"225 Interstate 65, Other, AL, 36507",Land/Lot,52515000,USD,,,,,"from mls: GREAT INVESTMENT OPPORTUNITY in BALDWIN COUNTY, AL Property is located on GREAT corner on full interchange. With 2.7 miles of frontage on I-65N - do not miss out on this great opportunity! Baldwin County is 8th fastest growing MSA in the nation and the largest and FASTEST GROWING county in Alabama. Population has grown by 40% since 2000 Property is located adjacent to Alabama Mega Site and the new 2.5B Novelis Aluminum plant.",https://photos.prod.cirrussystem.net/4962/9835aaebb8b63f9c2f5a62e9e0e349ac/949096402.jpeg?width=1200&height=630,Mexico,Quintana Roo,Playa del Carmen,,,Sale,1,Gregorio Mendoza,https://gregoriore.com/properties/listing/Houston/58446519/Other/225-Interstate-65,Playa del Carmen; Other Riviera Maya
Gregorio Mendoza,https://gregoriore.com/properties/,,https://gregoriore.com/properties/listing/NTREIS/21244806/Sweetwater/SH-70-&-CR-108-SH-70-&-CR-108,"SH 70 & CR 108 SH 70 & CR 108, Sweetwater, TX, 79556",Land/Lot,48330900,USD,0,,,,from mls:,https://photos.prod.cirrussystem.net/444/c2e639cfe36132e8a77acfa527b1d2e9/2055114320.jpeg?width=1200&height=630,Mexico,Quintana Roo,Playa del Carmen,,,Sale,1,Gregorio Mendoza,https://gregoriore.com/properties/listing/NTREIS/21244806/Sweetwater/SH-70-&-CR-108-SH-70-&-CR-108,Playa del Carmen; Other Riviera Maya
Gregorio Mendoza,https://gregoriore.com/properties/,,https://gregoriore.com/properties/listing/NTREIS/21121842/Celina/TBD-Fm-2478,"TBD Fm 2478, Celina, TX, 75009",Land/Lot,47584944,USD,0,,,,"from mls: Positioned directly in the path of growth at the Southwest Corner of the Collin County Outerloop and Custer Rd. Added access on Chaote Rd. There is no floodplain, no pipeline, water is available at Custer Rd and electric is already on onsite. Surrounded by Mustang Lakes Master Planned Community, Ten Mile Creek, and Cross Creek Meadows, this is the ideal site for commercial development, retail, multi-family. Located within the City limits of Celina and currently has an AG exemption.",https://photos.prod.cirrussystem.net/444/070171f5f851854bfc7b8af3e4d920b1/2413332413.jpeg?width=1200&height=630,Mexico,Quintana Roo,Playa del Carmen,,,Sale,1,Gregorio Mendoza,https://gregoriore.com/properties/listing/NTREIS/21121842/Celina/TBD-Fm-2478,Playa del Carmen; Other Riviera Maya
Gregorio Mendoza,https://gregoriore.com/properties/,,https://gregoriore.com/properties/listing/NTREIS/21302468/Kaufman/13358-CO-RD-109,"13358 CO RD 109, Kaufman, TX, 75142",Land/Lot,47473020,USD,0,,,,"from mls: Rare opportunity to acquire 2,637± contiguous acres in rapidly growing Kaufman County, Texas. Currently Ag Exempt and located in unincorporated Kaufman County, this property offers significant long-term development potential with minimal restrictions",https://photos.prod.cirrussystem.net/444/9fa0c3c4c40a7e9bfb372b0501da50e0/1797023581.jpeg?width=1200&height=630,Mexico,Quintana Roo,Playa del Carmen,,,Sale,1,Gregorio Mendoza,https://gregoriore.com/properties/listing/NTREIS/21302468/Kaufman/13358-CO-RD-109,Playa del Carmen; Other Riviera Maya
Gregorio Mendoza,https://gregoriore.com/properties/,,https://gregoriore.com/properties/listing/NTREIS/20542717/Haughton/00-I-20@Hwy-157,"00 I-20@Hwy 157, Haughton, LA, 71037",Land/Lot,45302400,USD,0,,,,"from mls: Prime tract of land adjacent to I-20 at Haughton Exit 33. 270 acres at exit ramp, north side of I-20 and east side of Hwy 157 and runs from I-20 to Hwy 80 with road frontage at I-20, at Hwy 157, and Hwy 80. Seller will subdivide acreage and priced from $4.00 to $12.00 per sq ft. This is an ideal location for a travel center, hotel, restaurants, residential and multi family, fuel companies, distribution centers, car dealerships, medical industry, pharmacies, banks, grocery stores and much more. Property is not in a flood zone. Call realtor today for more info.",https://photos.prod.cirrussystem.net/444/7906516aae6cae159dcd570b509b1a44/2110850651.jpeg?width=1200&height=630,Mexico,Quintana Roo,Playa del Carmen,,,Sale,1,Gregorio Mendoza,https://gregoriore.com/properties/listing/NTREIS/20542717/Haughton/00-I-20@Hwy-157,Playa del Carmen; Other Riviera Maya
Gregorio Mendoza,https://gregoriore.com/properties/,,https://gregoriore.com/properties/listing/NTREIS/21302675/Cleburne/12946-FM-1434,"12946 FM-1434, Cleburne, TX, 76033",Land/Lot,44100000,USD,0,,,,"from mls: Sprawling 2,100± acre premier land opportunity in Johnson County. This contiguous assemblage includes multiple parcels with situs addresses at both 12946 FM 1434 and 7200 FM 1434, as well as frontage & access points along County Road 1250. Sold as a single tract or will subdivide",https://photos.prod.cirrussystem.net/444/2a4237548a7e1884e14284454d8708e1/1339955588.jpeg?width=1200&height=630,Mexico,Quintana Roo,Playa del Carmen,,,Sale,1,Gregorio Mendoza,https://gregoriore.com/properties/listing/NTREIS/21302675/Cleburne/12946-FM-1434,Playa del Carmen; Other Riviera Maya
Gregorio Mendoza,https://gregoriore.com/properties/,,https://gregoriore.com/properties/listing/Austin/3554985/Spicewood/1033-Flying-X-RD,"1033 Flying X RD, Spicewood, TX, 78669",Unknown,43945000,USD,0,,,,"from mls: Set amid the rolling topography of the Texas Hill Country, 1033 Flying X Road spans approximately 517 acres of unspoiled beauty with nearly 80 feet of elevation change, offering a rare blend of usability and dramatic scenery. Elevated vantage points capture breathtaking 360-degree panoramic views across the valley and distant ridgelines, including unobstructed views of the 33,000-acre Balcones Canyonlands National Wildlife Refuge stretching from Lago Vista to Marble Falls. A standout feature is the active ~2,900-foot grass runway, providing the ultimate convenience for private fly-in",https://photos.prod.cirrussystem.net/501/74ac42da728ebf4df438c30559b10ca5/494394456.jpeg?width=1200&height=630,Mexico,Quintana Roo,Playa del Carmen,,,Sale,1,Gregorio Mendoza,https://gregoriore.com/properties/listing/Austin/3554985/Spicewood/1033-Flying-X-RD,Playa del Carmen; Other Riviera Maya
Gregorio Mendoza,https://gregoriore.com/properties/,,https://gregoriore.com/properties/listing/NTREIS/21283880/Rhome/00-Hwy-114,"00 Hwy 114, Rhome, TX, 76078",Land/Lot,43257825,USD,0,,,,"from mls: A RARE OPPORTUNITY to acquire 961.285 exceptional acres strategically positioned at the high-visibility Northwest corner of Highway 114 and Highway 287 in the direct path of the North Texas growth corridor. This premier commercial development opportunity offers outstanding frontage, unmatched accessibility, and tremendous exposure along one of the most heavily traveled growth corridors in North Texas. Ideally located between Fort Worth and Decatur, the property sits in the direct path of explosive residential, commercial, and industrial expansion fueled by the continued growth of the",https://photos.prod.cirrussystem.net/444/b065d3ed198633cf2d7b8e2de070bf3c/3107804198.jpeg?width=1200&height=630,Mexico,Quintana Roo,Playa del Carmen,,,Sale,1,Gregorio Mendoza,https://gregoriore.com/properties/listing/NTREIS/21283880/Rhome/00-Hwy-114,Playa del Carmen; Other Riviera Maya
Gregorio Mendoza,https://gregoriore.com/properties/,,https://gregoriore.com/properties/listing/NTREIS/21217117/Granbury/6600-Old-Granbury-Road,"6600 Old Granbury Road, Granbury, TX, 76049",Land/Lot,41868500,USD,0,,,,"from mls: Spanning an impressive 837 acres, this working cattle ranch offers a rare blend of productivity, beauty, and future opportunity. Gently rolling topography provides ideal grazing conditions, complemented by well-maintained perimeter and cross fencing that supports efficient livestock management. The land’s natural layout and expansive views create a classic ranch setting with wide-open potential. Strategically located just minutes from Granbury, this property is perfectly positioned for long-term investment or development. With strong accessibility and proximity to one of the area’s f",https://photos.prod.cirrussystem.net/444/e79912224483f3d0e6982817bb12d4a1/1774772293.jpeg?width=1200&height=630,Mexico,Quintana Roo,Playa del Carmen,,,Sale,1,Gregorio Mendoza,https://gregoriore.com/properties/listing/NTREIS/21217117/Granbury/6600-Old-Granbury-Road,Playa del Carmen; Other Riviera Maya
Gregorio Mendoza,https://gregoriore.com/properties/,,https://gregoriore.com/properties/listing/NTREIS/21331050/Terrell/TBD-FM-2728-Road,"TBD FM 2728 Road, Terrell, TX, 75161",Land/Lot,40000000,USD,0,,,,from mls:,https://photos.prod.cirrussystem.net/444/aafae2c0a2690bf11dcfea5b8503d27c/4001496517.jpeg?width=1200&height=630,Mexico,Quintana Roo,Playa del Carmen,,,Sale,1,Gregorio Mendoza,https://gregoriore.com/properties/listing/NTREIS/21331050/Terrell/TBD-FM-2728-Road,Playa del Carmen; Other Riviera Maya
Gregorio Mendoza,https://gregoriore.com/properties/,,https://gregoriore.com/properties/listing/NTREIS/20943684/Fort-Worth/FM-1187-Bankhead-HWY,"FM 1187 Bankhead HWY, Fort Worth, TX, 76008",Land/Lot,40000000,USD,0,,,,"from mls: Located at FM 1187 and Bankhead HWY. See photos for map and survey plat. Dean Ranch is a 1,825-acre, mixed-use, master-planned development to be located along the Fort Worth & Aledo border at Bailey Ranch Road and FM 1187. About 238 acres of that development will soon be annexed. The last 20 years or so has seen explosive growth in the county, with more employers moving their businesses west and a hot market for real estate and retail. Weatherford ISD is now a Class 6A district – the largest classification in the state – and Aledo ISD is a 5A district. see pdf attachments. The develo",https://photos.prod.cirrussystem.net/444/2fc8e9f05eeab701c6e56137ed6751ee/1827552228.jpeg?width=1200&height=630,Mexico,Quintana Roo,Playa del Carmen,,,Sale,1,Gregorio Mendoza,https://gregoriore.com/properties/listing/NTREIS/20943684/Fort-Worth/FM-1187-Bankhead-HWY,Playa del Carmen; Other Riviera Maya
Gregorio Mendoza,https://gregoriore.com/properties/,,https://gregoriore.com/properties/listing/Houston/96993567//469A-Beach-Bay-Road-701,"469A Beach Bay Road 701, , , ",Penthouse,39000000,USD,5,,12181,sqft,"from mls: Mandarin Oriental Residences, Grand Cayman | Ocean House Penthouse represents a rare convergence of architecture, privacy, and five-star resort living. Designed by AW², the residence offers more than 12,000 SF of private indoor–outdoor space, including a dramatic terrace and infinity pool suspended above St. James Point. A private elevator opens to 6,242 SF of refined interiors with 12'10"" ceilings, expansive glazing, four ensuite bedrooms, a sanctuary-like primary suite, cinema, and both chef and show kitchens. Residents enjoy exclusive access to the Ocean House Club and Mandarin Or",https://photos.prod.cirrussystem.net/4962/c490121b42cd7a31fa6e0db49a79d050/704358135.jpeg?width=1200&height=630,Mexico,Quintana Roo,Playa del Carmen,,,Sale,1,Gregorio Mendoza,https://gregoriore.com/properties/listing/Houston/96993567//469A-Beach-Bay-Road-701,Playa del Carmen; Other Riviera Maya
Gregorio Mendoza,https://gregoriore.com/properties/,,"https://gregoriore.com/properties/listing/Houston/30392959//10,478.39-Acres---Beach-Front-Ocean-Lagoon-River-Jungle","10,478.39 Acres - Beach Front-Ocean-Lagoon-River-Jungle, , AK, 99999",Land/Lot,38999500,USD,,,,,"from mls: 10,478.39 Island Acreage Mixed Used Commercial/Residential with lots of possibilities in Bomba just due west of the tourist destination of Ambergris Caye in the Beautiful Caribbean destination of Belize. Just a skip and a hop from the United States and any part of the world.",https://photos.prod.cirrussystem.net/496/4778fda9b81520d8282331c1b7ebf212/3491872045.jpeg?width=1200&height=630,Mexico,Quintana Roo,Playa del Carmen,,,Sale,1,Gregorio Mendoza,"https://gregoriore.com/properties/listing/Houston/30392959//10,478.39-Acres---Beach-Front-Ocean-Lagoon-River-Jungle",Playa del Carmen; Other Riviera Maya
Gregorio Mendoza,https://gregoriore.com/properties/,,https://gregoriore.com/properties/listing/NTREIS/13938214/Dallas/2523-Mckinney-Avenue,"2523 Mckinney Avenue, Dallas, TX, 75201",Land/Lot,36000000,USD,0,,7593,sqft,"from mls: Optimally located in the heart of Uptown Dallas, McKinney Courtyard is a package only offering comprised of the following adjacent property addresses: 2523 McKinney Ave, 2533 McKinney Ave, 2609 Routh St, and 2615 Routh St. Although tenant spaces are currently leased, the true value of this portfolio is the aggregate land which combined will total more than 55,000 sqft. Property of this size is very rare in Uptown and makes this offering a prime opportunity for vertical development.",https://photos.prod.cirrussystem.net/444/2d5eaea40fb47a7f75c70280f50a2d9a/2286779434.jpeg?width=1200&height=630,Mexico,Quintana Roo,Playa del Carmen,,,Sale,1,Gregorio Mendoza,https://gregoriore.com/properties/listing/NTREIS/13938214/Dallas/2523-Mckinney-Avenue,Playa del Carmen; Other Riviera Maya
Gregorio Mendoza,https://gregoriore.com/properties/,,https://gregoriore.com/properties/listing/NTREIS/21357502/Sherman/62AC-Heritage-(FM-1417)-Parkway,"62AC Heritage (FM 1417) Parkway, Sherman, TX, 75092",Land/Lot,35500000,USD,0,,,,"from mls: 62.8108-acre development opportunity strategically located at the northeast corner of Heritage Parkway (FM 1417) and Washington Street in Sherman, Texas. The property is situated immediately south of an established retail strip center and directly adjacent to the growing Washington Meadows residential community, creating an excellent setting for future residential, commercial, or mixed-use development. The tract offers prominent frontage along Heritage Parkway (FM 1417), one of Sherman’s important north-south growth corridors, with convenient access to major transportation routes and",https://photos.prod.cirrussystem.net/444/48f49b6703f089e4b9c4969cf67372fb/2103599314.jpeg?width=1200&height=630,Mexico,Quintana Roo,Playa del Carmen,,,Sale,1,Gregorio Mendoza,https://gregoriore.com/properties/listing/NTREIS/21357502/Sherman/62AC-Heritage-(FM-1417)-Parkway,Playa del Carmen; Other Riviera Maya
Gregorio Mendoza,https://gregoriore.com/properties/,,https://gregoriore.com/properties/listing/Austin/5230796/Hutto/1500-Chris-Kelley-BLVD,"1500 Chris Kelley BLVD, Hutto, TX, 78634",Unknown,35000000,USD,0,,2500,sqft,"from mls: 93.4 acres for sale (ask about potential less acres or potential build to suit options) directly off Toll 130 and Chris Kelley Blvd in Hutto with tons of frontage and quick access to Samsung, Tesla, Amazon, airport, etc. The MUD has efficiently operated its own sewer treatment plant since 2010. MUD allows an extremely attractive density potential. The ingress/egress to the property will be greatly benefited with the potential addition of Tollway 130 frontage roads in the near future - the location between Chris Kelly Blvd and Tollway 130 could not be better. Dirt from the high points",https://photos.prod.cirrussystem.net/501/fa33c7039f5e7ecd242591d6b4f1f4c6/403044348.jpeg?width=1200&height=630,Mexico,Quintana Roo,Playa del Carmen,,,Sale,1,Gregorio Mendoza,https://gregoriore.com/properties/listing/Austin/5230796/Hutto/1500-Chris-Kelley-BLVD,Playa del Carmen; Other Riviera Maya
Gregorio Mendoza,https://gregoriore.com/properties/,,https://gregoriore.com/properties/listing/Austin/4702999/Hutto/1500-Chris-Kelley-Blvd,"1500 Chris Kelley Blvd, Hutto, TX, 78634",Land/Lot,35000000,USD,,,,,"from mls: 93.4 acres for sale (ask about potential less acres or potential build to suit options) directly off Toll 130 and Chris Kelley Blvd in Hutto with tons of frontage and quick access to Samsung, Tesla, Amazon, airport, etc. The MUD has efficiently operated its own sewer treatment plant since 2010. MUD allows an extremely attractive density potential. The ingress/egress to the property will be greatly benefited with the potential addition of Tollway 130 frontage roads in the near future - the location between Chris Kelly Blvd and Tollway 130 could not be better. Dirt from the high points",https://photos.prod.cirrussystem.net/501/8ecb0d7a3da3881b46c17ce37ed73490/403044348.jpeg?width=1200&height=630,Mexico,Quintana Roo,Playa del Carmen,,,Sale,1,Gregorio Mendoza,https://gregoriore.com/properties/listing/Austin/4702999/Hutto/1500-Chris-Kelley-Blvd,Playa del Carmen; Other Riviera Maya
Gregorio Mendoza,https://gregoriore.com/properties/,,https://gregoriore.com/properties/listing/Austin/7371911/Horseshoe-Bay/24434-E-Highway-71,"24434 E Highway 71, Horseshoe Bay, TX, 78657",Land/Lot,32900000,USD,6,,6000,sqft,"from mls: Prime Ranch location, approximately 400 +/- acres on Hwy 71, right off 2147. Multiple properties on the ranch. Unique main property with 25-foot vaulted ceilings with wraparound porches surrounded by French doors opening to hill country views. Gourmet kitchen with stainless steel appliances, dining area, loft bedroom area, several seating areas, a Party hot tub, enormous fire pit, and a three-car carport. The entire property is fenced, with several small lakes, a hunting pavilion with a half bath, electrical, and storage. Two service properties and one caretaker's home. Plus barn & g",https://photos.prod.cirrussystem.net/501/8911c6e834d43ab23c3ac04e7cbd98c8/1261200003.jpeg?width=1200&height=630,Mexico,Quintana Roo,Playa del Carmen,,,Sale,1,Gregorio Mendoza,https://gregoriore.com/properties/listing/Austin/7371911/Horseshoe-Bay/24434-E-Highway-71,Playa del Carmen; Other Riviera Maya
Gregorio Mendoza,https://gregoriore.com/properties/,,https://gregoriore.com/properties/listing/Austin/7716803/Wimberley/5055-Wayside-DR,"5055 Wayside DR, Wimberley, TX, 78676",Land/Lot,32500000,USD,0,,,,"from mls: The 4-S Ranch is a prestigious 471+/- acre legacy retreat with abundant live water and meticulously designed luxury enhancements. Located in Wimberley, TX, the ranch is within easy reach of Austin and San Antonio, while maintaining its own distinct, small-town charm—a perfect backdrop for a property of this caliber. Water: With some of the finest live water in the region, the ranch has over 4,000ft of Blanco River frontage, providing crystal-clear waters, connected by a paved low-water crossing that unites the eastern and western parcels. Additionally, year-round Carpers Creek and Du",https://photos.prod.cirrussystem.net/501/1ea1f40b47b655b24ffb19c91cf4e5b1/2921142570.jpeg?width=1200&height=630,Mexico,Quintana Roo,Playa del Carmen,,,Sale,1,Gregorio Mendoza,https://gregoriore.com/properties/listing/Austin/7716803/Wimberley/5055-Wayside-DR,Playa del Carmen; Other Riviera Maya
Gregorio Mendoza,https://gregoriore.com/properties/,,https://gregoriore.com/properties/listing/SanAntonio/1841163/Hunt/3288-Highway-39,"3288 Highway 39, Hunt, TX, 78024",Commercial,32000000,USD,14,,12000,sqft,"from mls: Hunt River Ranch 880 Acres in Hunt, Texas Discover an extraordinary 880-acre ranch along the pristine Guadalupe River in Hunt, Texas, where history and modern luxury converge. This premier Hill Country retreat boasts brand-new improvements designed for ultimate comfort and entertainment. At the heart of the property is the Upper Lodge, a stunning architectural masterpiece crafted from a repurposed northeastern barn frame. It features a three-bedroom, three-bath residence with a gourmet kitchen and an adjacent commercial kitchen, perfect for hosting large gatherings. Surrounding a bre",https://photos.prod.cirrussystem.net/676/b4f93f564944be1979bf1209e285c704/4151325494.jpeg?width=1200&height=630,Mexico,Quintana Roo,Playa del Carmen,,,Sale,1,Gregorio Mendoza,https://gregoriore.com/properties/listing/SanAntonio/1841163/Hunt/3288-Highway-39,Playa del Carmen; Other Riviera Maya
Gregorio Mendoza,https://gregoriore.com/properties/,,https://gregoriore.com/properties/listing/Houston/68201639/Monterrey/450-Calle-Privada-Rio-Rosas,"450 Calle Privada Rio Rosas, Monterrey, KS, 66220",Land/Lot,32000000,USD,,,13983,m2,"from mls: Prime land opportunity in the heart of San Pedro Garza García, Monterrey's most exclusive and sought-after municipality. This expansive 13,983 m² (150,513 sq ft / 3.45 acres) private lot is nestled in the prestigious Del Valle neighborhood, just behind the iconic Palacio de Hierro — one of the most recognized landmarks in the area. A rare opportunity to build your dream luxury home or develop a private subdivision in one of the most coveted addresses in northern Mexico. This offering places you steps away from Monterrey's finest dining, luxury shopping, top-rated schools, and world-c",https://photos.prod.cirrussystem.net/4962/37cead93dbd3189c10e4f669bcd19607/3902138250.jpeg?width=1200&height=630,Mexico,Quintana Roo,Playa del Carmen,,,Sale,1,Gregorio Mendoza,https://gregoriore.com/properties/listing/Houston/68201639/Monterrey/450-Calle-Privada-Rio-Rosas,Playa del Carmen; Other Riviera Maya
Gregorio Mendoza,https://gregoriore.com/properties/,,https://gregoriore.com/properties/listing/Houston/57710681/Troy/0000-N-I-35,"0000 N I-35, Troy, TX, 76579",Land/Lot,31999000,USD,,,,,"from mls: 9,000 LINEAR FEET OF INTERSTATE 35 FRONTAGE - TREMENDOUS INVESTMENT OPPORTUNITY! - 733 acres on I-35 near Bruceville-Eddy, TX in Bell County and Falls County - 14 Parcels: 63899, 63901, 63902, 63907, and 364000 in Bell County & 1800002, 7031001, 7031002, 7031003, 7032001, 7032002, 12139001, 12139002, and 12139003 in Falls County - Owner Agent",https://photos.prod.cirrussystem.net/496/1a40cdfdb6d6de1b9aab198b8544da24/1816090732.jpeg?width=1200&height=630,Mexico,Quintana Roo,Playa del Carmen,,,Sale,1,Gregorio Mendoza,https://gregoriore.com/properties/listing/Houston/57710681/Troy/0000-N-I-35,Playa del Carmen; Other Riviera Maya
Gregorio Mendoza,https://gregoriore.com/properties/,,https://gregoriore.com/properties/listing/Austin/9406984/Taylor/TBD-FM-1660,"TBD FM 1660, Taylor, TX, 76574",Land/Lot,30000000,USD,0,,,,"from mls: This 272.62-acre tract in Williamson County is a rare opportunity for residential development at scale in one of Central Texas’ fastest-growing corridors. Situated at the corner of FM 973 and FM 1660, the property offers 2,068+ feet of frontage, dual access from FM 1660 and FM 973 (via CR 485), level topography, and a rectangular configuration—ideal for efficient subdivision or master-planned community design. With no FEMA floodplain, Manville Water service available, wastewater nearby, and a designated Opportunity Zone location, this tract checks every box for developers and builder",https://photos.prod.cirrussystem.net/501/28703f124e439756d8bef667257ba2a3/415789389.jpeg?width=1200&height=630,Mexico,Quintana Roo,Playa del Carmen,,,Sale,3,Gregorio Mendoza,https://gregoriore.com/properties/listing/Austin/5470474/Taylor/TBD-FM-1660; https://gregoriore.com/properties/listing/Austin/7898392/Taylor/00-FM-1660; https://gregoriore.com/properties/listing/Austin/9406984/Taylor/TBD-FM-1660,Playa del Carmen; Other Riviera Maya
Gregorio Mendoza,https://gregoriore.com/properties/,,https://gregoriore.com/properties/listing/SanAntonio/1994332/Georgetown/11301-E-STATE-HIGHWAY-29,"11301 E STATE HIGHWAY 29, Georgetown, TX, 78626",Land/Lot,30000000,USD,,,,,"from mls: This tract of land for sale at 11301 E State Hwy 29 in Georgetown, Texas is comprised of 244.57 +/- Acres. Located approximately ten miles from downtown Georgetown, near Interstate 35 and Toll 130, outside the ETJ and minutes away from multiple retail amenities, this site is an ideal location for a new development. The current owners have a proposed site plan that accounts for 1,227 lots consisting of 40 ft lots for residential use. The property is located in an Opportunity Zone. The utilities to the site plan have not been completed. This is an opportunity for a buyer to purchase pr",https://photos.prod.cirrussystem.net/676/dd49fdbeb53b391b56dd07de3cd7b678/2898058213.jpeg?width=1200&height=630,Mexico,Quintana Roo,Playa del Carmen,,,Sale,1,Gregorio Mendoza,https://gregoriore.com/properties/listing/SanAntonio/1994332/Georgetown/11301-E-STATE-HIGHWAY-29,Playa del Carmen; Other Riviera Maya
Gregorio Mendoza,https://gregoriore.com/properties/,,https://gregoriore.com/properties/listing/Austin/9198154/Florence/2700-County-Road-245,"2700 County Road 245, Florence, TX, 76527",Land/Lot,29999993,USD,0,,,,from mls: Investment Opportunity in GISD super close to the newest HEB! Residential / Commercial / Mixed Development potential for this 260 Acre tract. Waste water treatment plan coming soon. City of Georgetown large water line at the road. No known deed restrictions & currently in Ag Status. Directly across the street from Feathergrass Luxury Home Development. About 1700' of road frontage with Berry Creek Live Water Frontage in the back. Amazing Elevation Points on the property offering Estate Views for High End Homes and a One of a Kind Community Gathering Event Center! Must tour to get the ,https://photos.prod.cirrussystem.net/501/4bd692a4e4bdc325d67d20da1c46545f/30148593.jpeg?width=1200&height=630,Mexico,Quintana Roo,Playa del Carmen,,,Sale,1,Gregorio Mendoza,https://gregoriore.com/properties/listing/Austin/9198154/Florence/2700-County-Road-245,Playa del Carmen; Other Riviera Maya
Gregorio Mendoza,https://gregoriore.com/properties/,,https://gregoriore.com/properties/listing/SanAntonio/1897694/Blanco/3067-Ranch-Road-1888,"3067 Ranch Road 1888, Blanco, TX, 78606",Land/Lot,29998500,USD,5,,4367,sqft,"from mls: Welcome to Falls Ranch, a breathtaking 776+/- acre unrestricted, legacy property nestled in the heart of the Texas Hill Country, just 10 minutes from downtown Blanco and within an hour's drive to both San Antonio and Austin. This secluded and expansive ranch boasts an impressive 400+ feet of elevation change, with five independent mountain peaks rising to over 1,840 feet-offering stunning 360-degree views that capture the true essence of the Texas Hill Country. With nearly a mile of Blanco River frontage and the convergence of Falls Creek on-site, water features abound across the lan",https://photos.prod.cirrussystem.net/676/f7295f7e0c5c04e2252152e2d68f5414/4021284855.jpeg?width=1200&height=630,Mexico,Quintana Roo,Playa del Carmen,,,Sale,1,Gregorio Mendoza,https://gregoriore.com/properties/listing/SanAntonio/1897694/Blanco/3067-Ranch-Road-1888,Playa del Carmen; Other Riviera Maya
Gregorio Mendoza,https://gregoriore.com/properties/,,https://gregoriore.com/properties/listing/Austin/2203514/Blanco/3067-Ranch-Road-1888,"3067 Ranch Road 1888, Blanco, TX, 78606",Land/Lot,29998500,USD,0,,4367,sqft,"from mls: Welcome to Falls Ranch, a 776-acre Unrestricted legacy property nestled in the heart of the Texas Hill Country, just 10 minutes from downtown Blanco and within an hour’s drive to both San Antonio and Austin. This secluded and expansive ranch boasts an impressive 400+ feet of elevation change, with five independent mountain peaks rising to over 1,840 feet—offering stunning 360-degree views that capture the true essence of Central Texas. With nearly a mile of Blanco River frontage and the convergence of Falls Creek on-site, water features abound across the landscape. Multiple tributari",https://photos.prod.cirrussystem.net/501/9dc2fcd064b1b048ccb98e6ab9c7904c/649314411.jpeg?width=1200&height=630,Mexico,Quintana Roo,Playa del Carmen,,,Sale,1,Gregorio Mendoza,https://gregoriore.com/properties/listing/Austin/2203514/Blanco/3067-Ranch-Road-1888,Playa del Carmen; Other Riviera Maya
Gregorio Mendoza,https://gregoriore.com/properties/,,https://gregoriore.com/properties/listing/SanAntonio/1868380/Sonora/8300-SCR-314,"8300 SCR 314, Sonora, TX, 76950",Land/Lot,28950000,USD,3,,,,"from mls: Featuring 11,610+/- acres of pure secluded beauty with stunning views - Dragoo Draw Ranch is one of the nicest land-managed ranches that we have been on in many years! The gentle roll provides some of the most captivating views found in the area. Plentiful hardwoods and native grasses fill the pastures. Within the main part of the ranch, the cedar, mesquite, and cactus have been methodically eradicated over many decades. Some cedar remains on the rest of the ranch to ensure ample cover for wildlife.",https://photos.prod.cirrussystem.net/676/780e75d78971101dbf8ba7f7b4508510/1735355250.jpeg?width=1200&height=630,Mexico,Quintana Roo,Playa del Carmen,,,Sale,1,Gregorio Mendoza,https://gregoriore.com/properties/listing/SanAntonio/1868380/Sonora/8300-SCR-314,Playa del Carmen; Other Riviera Maya
Gregorio Mendoza,https://gregoriore.com/properties/,,https://gregoriore.com/properties/listing/SanAntonio/1927493/Del-Rio/000-Old-Hamilton-Rd,"000 Old Hamilton Rd, Del Rio, TX, 78841",Land/Lot,28840000,USD,,,,,"from mls: Prime Development Opportunity - Ideal for Renewable Energy, Battery Storage, or Data Center Unlock the potential of this strategically located property, perfectly suited for renewable energy or technology infrastructure projects. This parcel offers an ideal foundation for solar farms, battery energy storage systems (BESS), data centers, or hybrid clean-tech facilities. Key Features: Proximity to major transmission and current BESS and substation infrastructure. Excellent access Fiber connectivity nearby Flat, developable land Favorable permitting environment - Located within a pro-de",https://photos.prod.cirrussystem.net/676/95ea0734145fe6ea9218c063a4d0e327/1047248584.jpeg?width=1200&height=630,Mexico,Quintana Roo,Playa del Carmen,,,Sale,1,Gregorio Mendoza,https://gregoriore.com/properties/listing/SanAntonio/1927493/Del-Rio/000-Old-Hamilton-Rd,Playa del Carmen; Other Riviera Maya
Gregorio Mendoza,https://gregoriore.com/properties/,,https://gregoriore.com/properties/listing/Houston/57225443//0-Hwy-307,"0 Hwy 307, , , ",Land/Lot,28700000,USD,,,0,sqft,"from mls: 40 Hectares (101.324 Acres) in Playa Del Carmen by HWY 307. 700 meters of HWY 307 frontage, two kilometers from the beach, located between Maroma Beach Club Resort and Kanai St Regis Resort. Near many other tourist attractions and major hotels. Property has been owned by same owner since 1976. 10 rooms can be built per hectare.",https://photos.prod.cirrussystem.net/496/83625c044f57a72894d4baa9e3807b1b/1025188872.jpeg?width=1200&height=630,Mexico,Quintana Roo,Playa del Carmen,,,Sale,1,Gregorio Mendoza,https://gregoriore.com/properties/listing/Houston/57225443//0-Hwy-307,Playa del Carmen; Other Riviera Maya
Gregorio Mendoza,https://gregoriore.com/properties/,,https://gregoriore.com/properties/listing/NTREIS/21141644/Godley/8256-W-Fm-4,"8256 W Fm 4, Godley, TX, 76044",Land/Lot,27990000,USD,,,,,"from mls: ±622.11 ac Godley, TX -Size: 622.11 acres -Zoning: PD – Master Planned Community -Price: $45,000 Per AC -Utilities: MUD and Discharge Permit Approved -Westfork Bend is planned as a large-scale, mixed-use community with approximately 1,830 single-family homesites across a variety of lot sizes, 201 multifamily units, and a well-balanced mix of commercial, open space, and amenity areas. The intent is to create a community that grows naturally with the area, not one that feels overbuilt or forced. -The project includes roughly 42 acres of commercial land along Highway 4 and FM 2331, givi",https://photos.prod.cirrussystem.net/444/b271e0ef88fa729a0d39ec8b6178e7e1/976515883.jpeg?width=1200&height=630,Mexico,Quintana Roo,Playa del Carmen,,,Sale,1,Gregorio Mendoza,https://gregoriore.com/properties/listing/NTREIS/21141644/Godley/8256-W-Fm-4,Playa del Carmen; Other Riviera Maya
Gregorio Mendoza,https://gregoriore.com/properties/,,https://gregoriore.com/properties/listing/NTREIS/14539136/Haughton/0-I-20@Hwy-157--211-ACRE-Road,"0 I-20@Hwy 157 -211 ACRE Road, Haughton, LA, 71037",Land/Lot,27573480,USD,0,,,,"from mls: Experience the immense potential of this prime piece of real estate located right on the bustling interchange of I-20 and the Haughton Exit. With approximately 211 sprawling acres set against the vibrant backdrop of the I-20 On Ramp heading East, this location boasts convenience and accessibility. Seamlessly connected, you can easily reach this property by taking the I-20 Haughton Exit 33. From Exit 33, stay in the right lane trajectory onto Hwy 157, make a smooth left turn on La-3227, and another left on Aqua Drive. The easy ingress and egress this location offers make it easily acc",https://photos.prod.cirrussystem.net/444/94722ba737b5f6e4800a968154e38437/1536244992.jpeg?width=1200&height=630,Mexico,Quintana Roo,Playa del Carmen,,,Sale,1,Gregorio Mendoza,https://gregoriore.com/properties/listing/NTREIS/14539136/Haughton/0-I-20@Hwy-157--211-ACRE-Road,Playa del Carmen; Other Riviera Maya
Gregorio Mendoza,https://gregoriore.com/properties/,,https://gregoriore.com/properties/listing/Houston/77821306/Houston/2120-Post-Oak-Boulevard-PH3,"2120 Post Oak Boulevard PH3, Houston, TX, 77056",Unknown,27500000,USD,5,,9715,sqft,"from mls: The Ritz-Carlton Residences, Houston is an ultra-luxury residential and hospitality tower located at 2120 Post Oak Boulevard in Houston’s prestigious Uptown/Galleria district. The 45-story development will feature 112 private branded residences above a Ritz-Carlton hotel, offering panoramic views of the Houston skyline, Uptown, and surrounding neighborhoods. The property is designed with timeless architecture, refined interiors, and amenities synonymous with The Ritz-Carlton brand. Residents will enjoy a private residential entrance and motor court, dedicated concierge and valet serv",https://photos.prod.cirrussystem.net/4962/41f48d23f204d1b22cdf9291f869d703/733358399.jpeg?width=1200&height=630,Mexico,Quintana Roo,Playa del Carmen,,,Sale,1,Gregorio Mendoza,https://gregoriore.com/properties/listing/Houston/77821306/Houston/2120-Post-Oak-Boulevard-PH3,Playa del Carmen; Other Riviera Maya
Gregorio Mendoza,https://gregoriore.com/properties/,,https://gregoriore.com/properties/listing/Houston/18093959/Salado/19463-S-I-35,"19463 S I-35, Salado, TX, 76571",Land/Lot,27000000,USD,,,,,from mls: - Owner Agent,https://photos.prod.cirrussystem.net/496/f2e9abfe119bcc450b0bb4194298ee2f/235310849.jpeg?width=1200&height=630,Mexico,Quintana Roo,Playa del Carmen,,,Sale,1,Gregorio Mendoza,https://gregoriore.com/properties/listing/Houston/18093959/Salado/19463-S-I-35,Playa del Carmen; Other Riviera Maya
Gregorio Mendoza,https://gregoriore.com/properties/,,https://gregoriore.com/properties/listing/NTREIS/21296668/Terrell/13695-Co-Rd-352,"13695 Co Rd 352, Terrell, TX, 75161",Unknown,26673980,USD,0,,,,"from mls: Rarely does an opportunity of this scale become available in North Texas. Encompassing approximately 1,333+- contiguous acres across four parcels under single ownership, this exceptional Kaufman County property offers a unique combination of size, accessibility, natural beauty, and long-term investment potential. Situated adjacent to Terrell City Lake and less than 45 miles from Downtown Dallas, the ranch features a diverse landscape of open pasture, native timber, rolling terrain, wildlife habitat, scenic views, and extensive road frontage. The property's impressive scale spans near",https://photos.prod.cirrussystem.net/444/4161682f285c2fa2724e862067e9fc54/1223789786.jpeg?width=1200&height=630,Mexico,Quintana Roo,Playa del Carmen,,,Sale,1,Gregorio Mendoza,https://gregoriore.com/properties/listing/NTREIS/21296668/Terrell/13695-Co-Rd-352,Playa del Carmen; Other Riviera Maya
Gregorio Mendoza,https://gregoriore.com/properties/,,https://gregoriore.com/properties/listing/SanAntonio/1909662/La-Vernia/8841-Fm-775,"8841 Fm 775, La Vernia, TX, 78121",Land/Lot,26500000,USD,3,,5500,sqft,"from mls: Discover 980 acres of exceptional premier land situated entirely within the coveted La Vernia Independent School District. Just 7 minutes from downtown La Vernia and a mere 20 minutes to the heart of San Antonio, this location combines convenience with tranquility. Property can be purchased with the homestead of 627 acres on FM 775, +/- 354 acres on CR 319 or together as 980 acres. Among its many notable features is a stunning 5,500 square foot residence that includes 3 bedrooms, 2 full bathrooms, and 2 half bathrooms. The home boasts a bar/trophy room, a pool house complete with a f",https://photos.prod.cirrussystem.net/676/50203148f32ee00e758ce43fcbf9f8cb/2610838659.jpeg?width=1200&height=630,Mexico,Quintana Roo,Playa del Carmen,,,Sale,1,Gregorio Mendoza,https://gregoriore.com/properties/listing/SanAntonio/1909662/La-Vernia/8841-Fm-775,Playa del Carmen; Other Riviera Maya
Gregorio Mendoza,https://gregoriore.com/properties/,,https://gregoriore.com/properties/listing/NTREIS/21311533/Ennis/196019-W-Highway-287,"196019 W Highway 287, Ennis, TX, 75119",Land/Lot,25272375,USD,0,,,,from mls: Excellent location south of Ennis and along HWY 287 with .67miles (3576') frontage. Very close to 287 & 45 intersection with heavy commercial businesses. Approximately 3 miles from Ennis downtown.,https://photos.prod.cirrussystem.net/444/3657a31c24ecfefe605356c1e744866a/1316157423.jpeg?width=1200&height=630,Mexico,Quintana Roo,Playa del Carmen,,,Sale,1,Gregorio Mendoza,https://gregoriore.com/properties/listing/NTREIS/21311533/Ennis/196019-W-Highway-287,Playa del Carmen; Other Riviera Maya
Gregorio Mendoza,https://gregoriore.com/properties/,,https://gregoriore.com/properties/listing/Houston/36337543/Beaumont/11357-I-10,"11357 I-10, Beaumont, TX, 77705",Land/Lot,25150000,USD,,,,,from mls: - Owner Agent,https://photos.prod.cirrussystem.net/496/1e8578508e094b55e6ac458fed802f09/774103520.jpeg?width=1200&height=630,Mexico,Quintana Roo,Playa del Carmen,,,Sale,1,Gregorio Mendoza,https://gregoriore.com/properties/listing/Houston/36337543/Beaumont/11357-I-10,Playa del Carmen; Other Riviera Maya
Gregorio Mendoza,https://gregoriore.com/properties/,,https://gregoriore.com/properties/listing/Austin/1363484/Taylor/3501-County-Road-409,"3501 County Road 409, Taylor, TX, 76574",Land/Lot,25000000,USD,0,,2800,sqft,"from mls: 247 acres of agricultural land for sale in Taylor, Texas. One of the fastest-growing cities in Williamson County and the entire Austin metro. Located at 3501 CR 409, Taylor, TX 76574, this large acreage tract is currently ag-exempt and sits directly in the path of Central Texas's most significant economic expansion in decades. Turkey Creek runs through the property, offering natural drainage, green belt potential, and premium creek-front lot opportunities ideal for a master-planned residential subdivision or residential development. The tract backs directly to the new Chandler Road E",https://photos.prod.cirrussystem.net/501/9abe49022b9a885e553c488d917eef2a/2781076657.jpeg?width=1200&height=630,Mexico,Quintana Roo,Playa del Carmen,,,Sale,1,Gregorio Mendoza,https://gregoriore.com/properties/listing/Austin/1363484/Taylor/3501-County-Road-409,Playa del Carmen; Other Riviera Maya
Gregorio Mendoza,https://gregoriore.com/properties/,,https://gregoriore.com/properties/listing/NTREIS/21144464/Tioga/2465-Harpole-Road,"2465 Harpole Road, Tioga, TX, 76271",Land/Lot,25000000,USD,,,,,"from mls: Offered at $25,000,000 MLS #21144464 An iconic North Texas land offering — 161 pristine acres in the heart of scenic Tioga, Cooke County — now available for the first time at $25,000,000. This rare acreage presents an unparalleled opportunity for equestrian estates, investment ranchland, recreational retreat, or legacy homestead development. Property Highlights: -161 expansive acres of prime improved land — a rare offering in this highly desirable region. -A sweeping landscape of open pasture, wooded groves, hardwood trees, and cleared fields provides both privacy and natural beauty.",https://photos.prod.cirrussystem.net/444/cf588539cbeaf9859abd64fe63675ed8/3733126185.jpeg?width=1200&height=630,Mexico,Quintana Roo,Playa del Carmen,,,Sale,1,Gregorio Mendoza,https://gregoriore.com/properties/listing/NTREIS/21144464/Tioga/2465-Harpole-Road,Playa del Carmen; Other Riviera Maya
Gregorio Mendoza,https://gregoriore.com/properties/,,https://gregoriore.com/properties/listing/Houston/97891097/Hempstead/19204-Fm-359-Road,"19204 Fm 359 Road, Hempstead, TX, 77445",Land/Lot,25000000,USD,11,2,4208,sqft,"from mls: 550 Acres Angel Pines Ranch is located southeast of Hempstead, can be accessed four miles south of Highway 290 on FM 359 and 20 miles north of Brookshire from I-10. Zone to Waller County schools. The vintage ranch is lined with 3 miles of shaded trails surrounded by iconic pines planted in the 1960s. Leading to the property is three Mile Creek flowing on both sides, there are 3 bridges, a beautiful 2 bed/2bath barndominium, 2 mobile homes, 4 barns, 28 stalls, a lighted arena, a pipe fenced round pen, 9 smooth wired horse pastures, and 4 scenic ponds. 3 of the ponds cascade down to th",https://photos.prod.cirrussystem.net/496/dede1b354f44ee484e842c91b1520844/530810536.jpeg?width=1200&height=630,Mexico,Quintana Roo,Playa del Carmen,,,Sale,1,Gregorio Mendoza,https://gregoriore.com/properties/listing/Houston/97891097/Hempstead/19204-Fm-359-Road,Playa del Carmen; Other Riviera Maya
Gregorio Mendoza,https://gregoriore.com/properties/,,https://gregoriore.com/properties/listing/NTREIS/21190599/Dallas/10010-Strait-Lane,"10010 Strait Lane, Dallas, TX, 75229",Unknown,24999900,USD,7,,16684,sqft,"from mls: NOW COMPLETE, brand new construction on Dallas’s most iconic street, known as Billionaire’s Row. Poised on 2.2 expansive acres along Bachman Creek, 10010 Strait Lane blends craftsmanship, elegance, & luxury. Interiors ft soaring ceilings, clean lines, & floor-to-ceiling Kolbe windows. Designed for comfort & entertaining, chefs kitchen boasts 2 La Cornue dual-fuel ranges (10-burners total), Subzero, Wolf, & Miele appliances, & Thomas OBrien chandeliers. Catering kitchen includes elevator access to support events with ease. Sunroom & Formal Living space soar w 24 ceilings, glass walls,",https://photos.prod.cirrussystem.net/444/2a26a9a55eb6c8716da6d7381154d22a/2496704295.jpeg?width=1200&height=630,Mexico,Quintana Roo,Playa del Carmen,,,Sale,1,Gregorio Mendoza,https://gregoriore.com/properties/listing/NTREIS/21190599/Dallas/10010-Strait-Lane,Playa del Carmen; Other Riviera Maya
Gregorio Mendoza,https://gregoriore.com/properties/,,https://gregoriore.com/properties/listing/Austin/7464656/Taylor/2005-County-Road-405,"2005 County Road 405, Taylor, TX, 76574",Land/Lot,24504000,USD,0,,,,"from mls: Premium location just south of Taylor outside ETJ, southeast of the Samsung facility, and less than a mile south of the Samsung Highway eastward extension toward Highway 95. Easy access to Samsung, Taylor, and Austin. Several ranch building on the property including several barns, working pens, and a brick ranch house with about 1,675 sf under roof. Manville WSC provided rural water, and onsite septic system. Road frontage on CR 406 and owned access to CR 405. Property is Ag exempt. Additional prime acreage available. Priced at $24,504,000. ($3.53 per sf. for 163.36 acres).",https://photos.prod.cirrussystem.net/501/df249a11065c4142e13548aaddfe2476/3211797429.jpeg?width=1200&height=630,Mexico,Quintana Roo,Playa del Carmen,,,Sale,2,Gregorio Mendoza,https://gregoriore.com/properties/listing/Austin/7464656/Taylor/2005-County-Road-405; https://gregoriore.com/properties/listing/SanAntonio/1943147/Taylor/2005-County-Road-405,Playa del Carmen; Other Riviera Maya
Gregorio Mendoza,https://gregoriore.com/properties/,,https://gregoriore.com/properties/listing/Houston/12074733/Richards/0-Fm-149-E,"0 Fm-149 E, Richards, TX, 77873",Land/Lot,24000000,USD,,,,,"from mls: Discover an extraordinary opportunity to own 1,200 pristine acres of unspoiled Texas countryside — a rare gem offering endless potential for development, recreation, or private retreat. This expansive ranch features rolling pastures, mature hardwoods, multiple stocked ponds, a year-round creek, and a natural spring, creating the perfect blend of beauty and functionality. With ample road frontage and utilities, this property is ideally positioned for a master-planned community, luxury ranch subdivision, or private estate, located in an up-and-coming area seeing rapid growth and develo",https://photos.prod.cirrussystem.net/4962/df36341d9d3aa2f93423ab2660efd0cb/1152472722.jpeg?width=1200&height=630,Mexico,Quintana Roo,Playa del Carmen,,,Sale,1,Gregorio Mendoza,https://gregoriore.com/properties/listing/Houston/12074733/Richards/0-Fm-149-E,Playa del Carmen; Other Riviera Maya
Gregorio Mendoza,https://gregoriore.com/properties/,,https://gregoriore.com/properties/listing/NTREIS/20890467/Royse-City/TBD-FM-2755-Highway,"TBD FM 2755 Highway, Royse City, TX, 75189",Land/Lot,24000000,USD,0,,,,from mls: Beautiful acreage with gorgeous sunrises and sunsets and a picturesque lake. Great location between Royse City and Lavon. Unbelievable views and peaceful with FM 2755 access. Perfect for developing or building. Highly sought after growing area that has a country setting and just minutes from anything you may want to access. Multiple homes with additional land is also available and touches this property.,https://photos.prod.cirrussystem.net/444/aad9a4b80fb5949a2606ba17d5ede48b/1743349985.jpeg?width=1200&height=630,Mexico,Quintana Roo,Playa del Carmen,,,Sale,1,Gregorio Mendoza,https://gregoriore.com/properties/listing/NTREIS/20890467/Royse-City/TBD-FM-2755-Highway,Playa del Carmen; Other Riviera Maya
Gregorio Mendoza,https://gregoriore.com/properties/,,https://gregoriore.com/properties/listing/Houston/94316683/Hempstead/21729-Fm-1887-Road,"21729 Fm 1887 Road, Hempstead, TX, 77445",House,24000000,USD,4,3,11347,sqft,"from mls: Less than an hour’s drive from Houston, the incomparable Broad Oaks Ranch in Hempstead, TX includes 1,245± acres of 3.5 miles of Brazos River frontage with beaches, several ponds, 12± acre stocked fishing lake, 5 water wells, improved/extensive open pastures with native Pecan trees/Mixed Oak and Mesquite trees, and thick woods providing natural habitat for wildlife. A truly unequaled high-fence hunting ranch with white tail deer, exotics, waterfowl and upland game birds. Exquisitely appointed 4 bedroom/5 full-bath/6 half-bath main house with outdoor fire pit/oversized heated pool/ in",https://photos.prod.cirrussystem.net/4962/5cd3e2bcda7e61f88b1d5d157f17a116/2524092796.jpeg?width=1200&height=630,Mexico,Quintana Roo,Playa del Carmen,,,Sale,1,Gregorio Mendoza,https://gregoriore.com/properties/listing/Houston/94316683/Hempstead/21729-Fm-1887-Road,Playa del Carmen; Other Riviera Maya
Gregorio Mendoza,https://gregoriore.com/properties/,,https://gregoriore.com/properties/listing/NTREIS/21309297/Westlake/1525-Meandering-Way-Drive,"1525 Meandering Way Drive, Westlake, TX, 76262",Unknown,23975000,USD,6,,12220,sqft,"from mls: INTRODUCING 'THE ESTATE AT MEANDERING MEADOWS' a truly exquisite Napa inspired Estate in coveted Quail Hollow-Westlake. ESTIMATED COMPLETION AUGUST 2026. Built by the Esteemed SCH Homes, this Architectural Masterpiece spans over 12,000+ square feet, built with a fully integrated TESLA SOLAR Roof and is thoughtfully designed to blur the lines between indoor & outdoor living, w expansive walls of Glass framing picturesque Views. Approach via beautifully landscaped grounds, featuring drystacked stone retaining walls, Tranquil Water Features & Mature Trees. This Earthy Modern residence e",https://photos.prod.cirrussystem.net/444/0dafa099a59c92c348ab7d9741b237dc/2705780215.jpeg?width=1200&height=630,Mexico,Quintana Roo,Playa del Carmen,,,Sale,1,Gregorio Mendoza,https://gregoriore.com/properties/listing/NTREIS/21309297/Westlake/1525-Meandering-Way-Drive,Playa del Carmen; Other Riviera Maya
Gregorio Mendoza,https://gregoriore.com/properties/,,https://gregoriore.com/properties/listing/SanAntonio/1936914/Taylor/4669-Fm-973,"4669 Fm 973, Taylor, TX, 76574",Land/Lot,23719500,USD,0,,,,"from mls: Located just minutes outside of the city limits of Taylor, Texas the 158.14+/- acre, Taylor Farms, sits approximately 2.8 miles South of the Samsung Semiconductor Plant. In an area experiencing tremendous growth, this property is a prime candidate for single family residential, commercial or mixed- use development. The 158.14 acre tract offers dual frontage on both FM 973 and FM 1660 in Rices Crossing. Located just outside the Taylor City Limits and within the ETJ, the property is situated in an Opportunity Zone and entirely outside of FEMA Floodplain areas, further enhancing develop",https://photos.prod.cirrussystem.net/676/04661d9260ded8dec13637f4c898d73a/1815607311.jpeg?width=1200&height=630,Mexico,Quintana Roo,Playa del Carmen,,,Sale,2,Gregorio Mendoza,https://gregoriore.com/properties/listing/SanAntonio/1936914/Taylor/4669-Fm-973; https://gregoriore.com/properties/listing/SanAntonio/1937409/Taylor/4669-Fm-973,Playa del Carmen; Other Riviera Maya
Gregorio Mendoza,https://gregoriore.com/properties/,,https://gregoriore.com/properties/listing/NTREIS/21217448/Westlake/1730-J-T-Ottinger-Road,"1730 J T Ottinger Road, Westlake, TX, 76262",Land/Lot,23000000,USD,,,,,"from mls: A rare opportunity to own one of the area’s most expansive and versatile land offerings! Presenting a truly exceptional offering approx. 43 acres of prime land in the prestigious Westlake-Keller area, with the majority of the property nestled within highly coveted Westlake. A gated entrance welcomes you into a world of privacy, natural beauty, and limitless possibility. Gently rolling acreage, two serene ponds, and sweeping views set the stage for an extraordinary custom estate. Whether envisioned as a private equestrian retreat or a legacy property, the land accommodates horses and ",https://photos.prod.cirrussystem.net/444/cf889a75adfe4693eb43a384fc7d2180/632482214.jpeg?width=1200&height=630,Mexico,Quintana Roo,Playa del Carmen,,,Sale,1,Gregorio Mendoza,https://gregoriore.com/properties/listing/NTREIS/21217448/Westlake/1730-J-T-Ottinger-Road,Playa del Carmen; Other Riviera Maya
Gregorio Mendoza,https://gregoriore.com/properties/,,https://gregoriore.com/properties/listing/NTREIS/21250711/Greenville/281-Acres-Highway-380,"281 Acres Highway 380, Greenville, TX, 75401",Land/Lot,22242450,USD,0,,,,"from mls: 281.55 acres of prime commercial land for sale on US Highway 380 in Greenville Texas with over 3,000 linear feet of direct highway frontage. This is one of the largest contiguous tracts available on the Highway 380 corridor in North Texas and represents a rare large acreage investment opportunity for commercial developers, industrial users, logistics operators, and land investors. The property offers dual road access via US Highway 380 and County Road 2148, providing the multi-directional entry configuration required for large scale commercial, industrial, and mixed use development. ",https://photos.prod.cirrussystem.net/444/da4a25679d40bb0307c0f03bd0fb11d1/1831103831.jpeg?width=1200&height=630,Mexico,Quintana Roo,Playa del Carmen,,,Sale,2,Gregorio Mendoza,https://gregoriore.com/properties/listing/NTREIS/21250711/Greenville/281-Acres-Highway-380; https://gregoriore.com/properties/listing/NTREIS/21272346/Greenville/281-Acres-HIGHWAY--380,Playa del Carmen; Other Riviera Maya
Gregorio Mendoza,https://gregoriore.com/properties/,,https://gregoriore.com/properties/listing/Austin/1561751/Johnson-City/8577-Ranch-Road-2766,"8577 Ranch Road 2766, Johnson City, TX, 78636",House,22022000,USD,2,,1456,sqft,"from mls: Spanning 572 highly improved acres and situated among thousands of acres development protected properties, the secluded 5 Seven 2 Ranch enjoys the privacy afforded by only having two large-acreage neighbors. Located near Henly between Dripping Springs and Johnson City in Blanco County, the Ranch is less than 24 miles from Bee Cave or 38 miles from Downtown Austin. With frontage on Ranch Road 2766 (Robinson Road, which feeds into Fitzhugh Road in West Austin and 9 miles East to Johnson City) and less than a quarter mile from the entrance to Pedernales Falls State Park, modern convenie",https://photos.prod.cirrussystem.net/501/b277186e82ab043a3281f3f608f18d89/1614059677.jpeg?width=1200&height=630,Mexico,Quintana Roo,Playa del Carmen,,,Sale,1,Gregorio Mendoza,https://gregoriore.com/properties/listing/Austin/1561751/Johnson-City/8577-Ranch-Road-2766,Playa del Carmen; Other Riviera Maya
Gregorio Mendoza,https://gregoriore.com/properties/,,https://gregoriore.com/properties/listing/NTREIS/21227478/Bells/223-Dex's-Lane,"223 Dex's Lane, Bells, TX, 75414",Unknown,22000000,USD,0,,,,"from mls: ± 169 acres that is very well situated for a data center, industrial development, and or possibly residential and retail development. There is approximately 1,175.4 MW of power generation nearby and a substation directly across Hwy 82 to the south. Water is available nearby or from the aquifer. Currently the front ±5.4 acres along Hwy 69 are in Bells city limits and the remainder of the property is in the ETJ. There are several planned developments nearby and a 55 acre planned development next to the High School which is just to the east of the property. Sherman, where the new $40bn ",https://photos.prod.cirrussystem.net/444/58eca4308b1df9692df65c5ad6b7524b/3400600913.jpeg?width=1200&height=630,Mexico,Quintana Roo,Playa del Carmen,,,Sale,1,Gregorio Mendoza,https://gregoriore.com/properties/listing/NTREIS/21227478/Bells/223-Dex's-Lane,Playa del Carmen; Other Riviera Maya
Gregorio Mendoza,https://gregoriore.com/properties/,,"https://gregoriore.com/properties/listing/Houston/88700834//KM-41.8-Carr-Fed,-Cuernavaca---Chilpancingo-Route","KM 41.8 Carr Fed, Cuernavaca - Chilpancingo Route, , IL, 62642",House,22000000,USD,22,,80700,sqft,"from mls: Discover the Timeless Elegance of Hacienda San Gabriel de las Palmas nestled in the heart of Morelos, Mexico, the stunning 80,700 sqft Main House is a meticulously restored 16th-century estate originally founded by Hernán Cortés in 1529. Spanning nearly 55 acres, this remarkable property features breathtaking gardens adorned with vibrant flora, majestic trees, the lake complemented by the soothing sound of cascading waterfalls that enhance its serene ambiance. A rare and valuable gem, the estate offers diverse opportunities, serving as a five-star hotel, an idyllic venue for weddings",https://photos.prod.cirrussystem.net/4962/39bdc71cc2edfc6012c9366325a45557/948665459.jpeg?width=1200&height=630,Mexico,Quintana Roo,Playa del Carmen,,,Sale,1,Gregorio Mendoza,"https://gregoriore.com/properties/listing/Houston/88700834//KM-41.8-Carr-Fed,-Cuernavaca---Chilpancingo-Route",Playa del Carmen; Other Riviera Maya
Gregorio Mendoza,https://gregoriore.com/properties/,,https://gregoriore.com/properties/listing/NTREIS/21355979/Southlake/801-Shady-Oaks,"801 Shady Oaks, Southlake, TX, 76092",Land/Lot,21890000,USD,,,,,"from mls: A truly extraordinary offering in one of the nation's most prestigious communities, this approximately 40-acre property represents one of the last remaining large-scale land opportunities in Southlake, Texas. Currently improved with an existing school campus, the property presents a rare opportunity for investors, developers, institutions, or visionary end users seeking a significant land holding in one of the most supply-constrained luxury markets in North Texas. With substantial acreage, prime positioning, and exceptional accessibility, the property offers compelling long-term pote",https://photos.prod.cirrussystem.net/444/2b34d93685e12221799f9056676290f4/2891023583.jpeg?width=1200&height=630,Mexico,Quintana Roo,Playa del Carmen,,,Sale,1,Gregorio Mendoza,https://gregoriore.com/properties/listing/NTREIS/21355979/Southlake/801-Shady-Oaks,Playa del Carmen; Other Riviera Maya
Gregorio Mendoza,https://gregoriore.com/properties/,,https://gregoriore.com/properties/listing/NTREIS/21333010/Southlake/801-Shady-Oaks,"801 Shady Oaks, Southlake, TX, 76092",Land/Lot,21890000,USD,0,,132000,sqft,"from mls: A truly extraordinary offering in one of the nation's most prestigious communities, this approximately 40-acre property represents one of the last remaining large-scale land opportunities in Southlake, Texas. Currently improved with an existing school campus, the property presents a rare opportunity for investors, developers, institutions, or visionary end users seeking a significant land holding in one of the most supply-constrained luxury markets in North Texas. With substantial acreage, prime positioning, and exceptional accessibility, the property offers compelling long-term pote",https://photos.prod.cirrussystem.net/444/f1b02c91e84e7bdf0438372e2b408524/2891023583.jpeg?width=1200&height=630,Mexico,Quintana Roo,Playa del Carmen,,,Sale,1,Gregorio Mendoza,https://gregoriore.com/properties/listing/NTREIS/21333010/Southlake/801-Shady-Oaks,Playa del Carmen; Other Riviera Maya
Gregorio Mendoza,https://gregoriore.com/properties/,,https://gregoriore.com/properties/listing/NTREIS/21091969/Waxahachie/5365-S-77-Highway,"5365 S 77 Highway, Waxahachie, TX, 75165",Land/Lot,21791210,USD,0,,,,from mls:,https://photos.prod.cirrussystem.net/444/eb6de8df8427339e07832976e15c39ee/2444678035.jpeg?width=1200&height=630,Mexico,Quintana Roo,Playa del Carmen,,,Sale,1,Gregorio Mendoza,https://gregoriore.com/properties/listing/NTREIS/21091969/Waxahachie/5365-S-77-Highway,Playa del Carmen; Other Riviera Maya
Gregorio Mendoza,https://gregoriore.com/properties/,,https://gregoriore.com/properties/listing/NTREIS/20746531/Wilmer/1501-E-Belt-Line-Road,"1501 E Belt Line Road, Wilmer, TX, 75172",Land/Lot,21770325,USD,0,,,,"from mls: This prime 69 acre mixed use development, located close to I45, is perfectly positioned for growth. Divisible lots from 3 to 23 acres are available for a range of projects, including hotel, townhomes, single-family homes, multi-family housing, warehouse flex space, retail, and office space. Just 15 miles from downtown Dallas, the site has easy access to major highways and city utilities. Key corporations like Amazon, Unilever, Whirlpool, and Procter & Gamble are nearby, making this a strategic location. Lot 1 Townhomes 14 buildings, two stories on 10 acres, Lot 2 Hotel 23,400 sq. ft.",https://photos.prod.cirrussystem.net/444/8964273d338b9e2388e1174887e31956/1499677211.jpeg?width=1200&height=630,Mexico,Quintana Roo,Playa del Carmen,,,Sale,1,Gregorio Mendoza,https://gregoriore.com/properties/listing/NTREIS/20746531/Wilmer/1501-E-Belt-Line-Road,Playa del Carmen; Other Riviera Maya
Gregorio Mendoza,https://gregoriore.com/properties/,,https://gregoriore.com/properties/listing/NTREIS/20819355/Forney/197-Acres-FM-RD-548,"197 Acres FM RD 548, Forney, TX, 75126",Land/Lot,21538736,USD,0,,,,"from mls: 197.785 Acres in a prime growth area in Forney, TX! Property is just North of the new North Forney High School with several new subdivisions being built nearby and is outside city limits. There is approximately 1800 feet of frontage on FM 548 and property is over 5000' deep. Ag exempt with no floodplain. Currently all crop. There are new water and gas lines currently being installed on FM 548. For more information on utilities, contact the City of Forney.",https://photos.prod.cirrussystem.net/444/3ab046784b38ff22d19bb6ffcdc68dc2/86901126.jpeg?width=1200&height=630,Mexico,Quintana Roo,Playa del Carmen,,,Sale,1,Gregorio Mendoza,https://gregoriore.com/properties/listing/NTREIS/20819355/Forney/197-Acres-FM-RD-548,Playa del Carmen; Other Riviera Maya
Gregorio Mendoza,https://gregoriore.com/properties/,,https://gregoriore.com/properties/listing/SanAntonio/1999412/Fredericksburg/1634-KALLENBERG--KLINKSEIK,"1634 KALLENBERG -KLINKSEIK, Fredericksburg, TX, 78624",Unknown,21500000,USD,4,,,,"from mls: One of the Finest Ranches in the Hill Country! Premier Fredericksburg address, just outside all the hustle and bustle of town proper. Enjoy a private and serene setting while being just minutes from all that Fredericksburg and the 290 Wine Strip have to offer! Located 10 +/- miles from Downtown Fredericksburg ( and 1.5 miles from Bankersmith, a quaint little stop similar to nearby Luckenbach and Albert ) just about a mile off Old No.9 on Kallenberg- Klinksek Rd on the Gillespie/Kendall County line Once you enter thru the Gated stone entrance, it becomes obvious the ranch has been ver",https://photos.prod.cirrussystem.net/676/2d87a530e75b3cdc11ed4016a34defaa/2126365463.jpeg?width=1200&height=630,Mexico,Quintana Roo,Playa del Carmen,,,Sale,1,Gregorio Mendoza,https://gregoriore.com/properties/listing/SanAntonio/1999412/Fredericksburg/1634-KALLENBERG--KLINKSEIK,Playa del Carmen; Other Riviera Maya
Hana Suzuki by iKU MEXICO,https://www.ikumexico.com/,EasyBroker,https://www.ikumexico.com/property/playacar-divino-departamento-con-jacuzzy,PLAYACAR  DIVINO DEPARTAMENTO CON JACUZZY,Condo/Apartment,36999,USD,3,3,240,m2,"PLAYACAR DEPARTAMENTO 1er nivel 🏡🏢 amueblado 🛋️ $40,000 mn No mascotas 3 recacamara + estudio 🛌 3 baños completos + medio baño 🚽🚿 Remodelado a estrenar ✨ Cocina equipada con lavavajillas 🍽️ Terraza...",https://assets.easybroker.com/property_images/5141598/88271209/EB-ST1598.jpg?height=300&version=1744845824&width=450,Mexico,Quintana Roo,Tulum,,,Sale,2,Hana Suzuki by iKU MEXICO,https://www.ikumexico.com/property/departamento-tipo-lockoff; https://www.ikumexico.com/property/playacar-divino-departamento-con-jacuzzy,Playa del Carmen; Tulum; Other Riviera Maya
Hana Suzuki by iKU MEXICO,https://www.ikumexico.com/,EasyBroker,https://www.ikumexico.com/property/construye-tu-proyecto-en-la-mejor-zona-de-playa-del-carmen-ciudad-mayakoba,"TERRENO, SENDEROS DE CIUDAD MAYAKOBA , PLAYA DEL CARMEN",Land/Lot,4500000,USD,2,2,355.43,m2,"MAYAKOBA, Increible Terreno Plano en Senderos OPORTUNIDAD ESCRITURADO........ CUENTA CON ANTEPROYECTO PARA HERMOSA CASA Terreno plano, en exclusiva zona residencial en la Rivera Maya. Espectacular ...",https://assets.easybroker.com/property_images/2192954/33760178/EB-HK2954.jpg?height=300&version=1619761932&width=450,Mexico,Quintana Roo,Tulum,,,Sale,1,Hana Suzuki by iKU MEXICO,https://www.ikumexico.com/property/construye-tu-proyecto-en-la-mejor-zona-de-playa-del-carmen-ciudad-mayakoba,Playa del Carmen; Tulum; Other Riviera Maya
Hana Suzuki by iKU MEXICO,https://www.ikumexico.com/,EasyBroker,https://www.ikumexico.com/property/hermoso-departamento-playacar-playa-car-fase-ii,HERMOSO DEPA GARDEN PLAYACAR 2,Condo/Apartment,570000,USD,3,3,167,m2,"Hermosos departamentos VENTA, en uno de los lugares mas espectaculares de Playacar fase 2. A solo unos pasos de la Quinta Avenida. Con un Cenote en el interior del Condominio. Con acceso directo a ...",https://assets.easybroker.com/property_images/5381745/93003256/EB-TR1745.jpeg?height=300&version=1752530837&width=450,Mexico,Quintana Roo,Playa del Carmen,,,Sale,1,Hana Suzuki by iKU MEXICO,https://www.ikumexico.com/property/hermoso-departamento-playacar-playa-car-fase-ii,Playa del Carmen; Other Riviera Maya
Hana Suzuki by iKU MEXICO,https://www.ikumexico.com/,EasyBroker,https://www.ikumexico.com/property/terreno-descendente-en-olinala,TERRENO DOBLE FRENTE  EN OLINALA,Land/Lot,11999000,USD,2,2,1783.55,m2,Terreno en OLINALA con doble frente. Descendente desde la calle Encino y ascendente desde la calle Cedro. Cuenta con 2 frentes (por la calle Encino y por la calle Cedro) Cuenta con Proyecto arquite...,https://assets.easybroker.com/property_images/4871516/82735521/EB-RS1516.jpeg?height=300&version=1772732954&width=450,Mexico,Quintana Roo,Playa del Carmen,,,Sale,1,Hana Suzuki by iKU MEXICO,https://www.ikumexico.com/property/terreno-descendente-en-olinala,Playa del Carmen; Other Riviera Maya
Hana Suzuki by iKU MEXICO,https://www.ikumexico.com/,EasyBroker,https://www.ikumexico.com/properties/commercial-storage-unit-type?sort_by=published_at-desc,Propiedades en venta |iKU México,Land/Lot,55000000,USD,,10,2839,m2,,https://www.facebook.com/tr?id=1148922563939942&ev=PageView&noscript=1; https://assets.easybroker.com/organization_files/65415/iKu_logotipo_blanco.png; https://assets.easybroker.com/organization_files/65415/_J7A7731__1_.jpg; https://assets.easybroker.com/property_images/4499935/75363271/EB-QG9935.jpeg?height=300&version=1752600810&width=450; https://assets.easybroker.com/property_images/5138145/88207776/EB-SS8145.jpeg?height=300&version=1743476946&width=450,Mexico,Quintana Roo,Playa del Carmen,,,Sale,1,Hana Suzuki by iKU MEXICO,https://www.ikumexico.com/properties/commercial-storage-unit-type?sort_by=published_at-desc,Playa del Carmen; Other Riviera Maya
Hana Suzuki by iKU MEXICO,https://www.ikumexico.com/,EasyBroker,https://www.ikumexico.com/property/hermoso-departamento-macondo,HERMOSO DEPARTAMENTO MACONDO,Condo/Apartment,4400000,USD,1,1,44.63,m2,"🌴 Departamento en Venta – Macondo Fase 2, Playa del Carmen 📍 Ubicado sobre la Quinta Avenida Vive o invierte en uno de los desarrollos con mayor plusvalía de Playa del Carmen. Un espacio moderno, p...",https://assets.easybroker.com/property_images/5666261/98892428/EB-UT6261.jpeg?height=300&version=1764119721&width=450,Mexico,Quintana Roo,Tulum,,,Sale,1,Hana Suzuki by iKU MEXICO,https://www.ikumexico.com/property/hermoso-departamento-macondo,Playa del Carmen; Tulum; Other Riviera Maya
Hana Suzuki by iKU MEXICO,https://www.ikumexico.com/,EasyBroker,https://www.ikumexico.com/property/amplia-casa-fracc-sendas-del-portal,AMPLIA CASA FRACC. SENDAS DEL PORTAL,Land/Lot,4400000,USD,2,2,165,m2,"🏡✨ ¡TU NUEVA CASA EN PLAYA DEL CARMEN TE ESPERA! ✨🏊‍♂️ $4,400,000 MXN – Entrega inmediata Llave en mano • Residencial Sendas del Portal Vive en una amplia casa de diseño moderno, con alberca privad...",https://assets.easybroker.com/property_images/5675708/99104405/EB-UU5708.jpeg?height=300&version=1764629712&width=450,Mexico,Quintana Roo,Tulum,,,Sale,1,Hana Suzuki by iKU MEXICO,https://www.ikumexico.com/property/amplia-casa-fracc-sendas-del-portal,Playa del Carmen; Tulum; Other Riviera Maya
Hana Suzuki by iKU MEXICO,https://www.ikumexico.com/,EasyBroker,https://www.ikumexico.com/property/iluminado-ph-3-recamaras-playacar-playa-del-carmen,"ILUMINADO PH 3 RECAMARAS PLAYACAR, PLAYA DEL CARMEN",Condo/Apartment,550000,USD,3,3,210,m2,🏠 Hermoso e iluminado PH en Playacar 🛌 3 habitaciones 🚿 3.5 baños 🧺 cuarto de lavado 🚘 2 lugares de estacionamiento 🏊🏻‍♀️ Alberca común 🏖️ Solario con pérgola y alberca privada ⛳️ Vista franca al c...,https://assets.easybroker.com/property_images/6071097/107408715/EB-WI1097.jpeg?height=300&version=1782222442&width=450,Mexico,Quintana Roo,Tulum,,,Sale,1,Hana Suzuki by iKU MEXICO,https://www.ikumexico.com/property/iluminado-ph-3-recamaras-playacar-playa-del-carmen,Playa del Carmen; Tulum; Other Riviera Maya
Hana Suzuki by iKU MEXICO,https://www.ikumexico.com/,EasyBroker,https://www.ikumexico.com/property/exclusivo-departamento-en-corasol-mareazul-beach-feont-playa-del-carmen,"EXCLUSIVO DEPARTAMENTO EN CORASOL MAREAZUL(BEACH FEONT) , PLAYA DEL CARMEN,",Condo/Apartment,15000000,USD,2,3,174,m2,"Departamento de 2 recámaras, completamente amueblado en el Condominio CORASOL - MAREAZUL BEACH FRONT CONDOS.El departamento consta de: - Recámara principal con cama, King size, amplio, baño, privad...",https://assets.easybroker.com/property_images/5388332/93134977/EB-TR8332.jpeg?height=300&version=1752773539&width=450,Mexico,Quintana Roo,Playa del Carmen,,,Sale,1,Hana Suzuki by iKU MEXICO,https://www.ikumexico.com/property/exclusivo-departamento-en-corasol-mareazul-beach-feont-playa-del-carmen,Playa del Carmen; Other Riviera Maya
Hana Suzuki by iKU MEXICO,https://www.ikumexico.com/,EasyBroker,https://www.ikumexico.com/property/departamento-a-pasos-de-la-playa-latitud-20,"DEPARTAMENTO A PASOS DE LA PLAYA, LATITUD 20 r e",Condo/Apartment,7300000,USD,3,3,142,m2,"Departamento en venta en LATITUD 20, Playa del carmen qr., a una cuadra del mar y a una cuadra de la quinta avenida. Consta de: -3 Recámaras; una con cama king size y otra recámara con 2 camas matr...",https://assets.easybroker.com/property_images/5378743/92940883/EB-TQ8743.jpeg?height=300&version=1752338919&width=450,Mexico,Quintana Roo,Tulum,,,Sale,1,Hana Suzuki by iKU MEXICO,https://www.ikumexico.com/property/departamento-a-pasos-de-la-playa-latitud-20,Playa del Carmen; Tulum; Other Riviera Maya
Hana Suzuki by iKU MEXICO,https://www.ikumexico.com/,EasyBroker,https://www.ikumexico.com/property/terreno-en-venta-residencial-con-casa-club-planes-de-pago,"TERRENO EN VENTA, RESIDENCIAL CON CASA CLUB, PLANES DE PAGO",Land/Lot,1272000,USD,4,3,160,m2,MAGNIFICA OPORTUNIDAD DE TERRENOS EN REEIDENCIAL CON CASA CLUB DE PRIMER NIVEL. Contamos con Planes de pago hasta 4 años. Si estás buscando una inversión sólida y rentable en una de las zonas de má...,https://assets.easybroker.com/property_images/5121192/87860839/EB-SR1192.jpeg?height=300&version=1742868932&width=450,Mexico,Quintana Roo,Playa del Carmen,,,Sale,1,Hana Suzuki by iKU MEXICO,https://www.ikumexico.com/property/terreno-en-venta-residencial-con-casa-club-planes-de-pago,Playa del Carmen; Other Riviera Maya
Hana Suzuki by iKU MEXICO,https://www.ikumexico.com/,EasyBroker,https://www.ikumexico.com/property/lujoso-departamento-ph-3r-y-alberca-privada-en-playacar-playa-del-carmen,"LUJOSO DEPARTAMENTO PH, 3R y ALBERCA PRIVADA, EN PLAYACAR. PLAYA DEL CARMEN",Penthouse,500000,USD,3,3,178,m2,"¡Descubre el hogar de tus sueños en Playa del Carmen! Espacioso Penthouse en VENTA (sin muebles), ubicado en un condominio de lujo en el exclusivo fraccionamiento privado Playacar. Este magnífico P...",https://assets.easybroker.com/property_images/4628457/107408572/EB-QT8457.jpeg?height=300&version=1782221525&width=450,Mexico,Quintana Roo,Tulum,,,Sale,1,Hana Suzuki by iKU MEXICO,https://www.ikumexico.com/property/lujoso-departamento-ph-3r-y-alberca-privada-en-playacar-playa-del-carmen,Playa del Carmen; Tulum; Other Riviera Maya
Hana Suzuki by iKU MEXICO,https://www.ikumexico.com/,EasyBroker,https://www.ikumexico.com/property/ph-con-exclente-ubicacion-excelente-rentabilidad,"PH CON EXCLENTE UBICACION, EXCELENTE RENTABILIDAD",Penthouse,5500000,USD,3,2,94,m2,"DEPARTAMENTO PH EN EL CORAZON DE PLAYA DEL CARMEN, EXCELENTE RENTABILIDAD. A PASOS DE LA 5ta AVENIDA Y A TAN SOLO UNAS CALLES DE LA PLAYA La propiedad cuenta con 3 habitaciones completamente amuebl...",https://assets.easybroker.com/property_images/4599525/78096121/EB-QQ9525.jpg?height=300&version=1722117264&width=450,Mexico,Quintana Roo,Tulum,,,Sale,1,Hana Suzuki by iKU MEXICO,https://www.ikumexico.com/property/ph-con-exclente-ubicacion-excelente-rentabilidad,Playa del Carmen; Tulum; Other Riviera Maya
Hana Suzuki by iKU MEXICO,https://www.ikumexico.com/,EasyBroker,https://www.ikumexico.com/property/oportunidad-departamento-en-venta-punta-estrella-playa-del-carmen,"OPORTUNIDAD!  DEPARTAMENTO EN VENTA, PUNTA ESTRELLA, PLAYA DEL CARMEN",Condo/Apartment,1800000,USD,2,2,82,m2,Bonito departamento sin muebles 2 Recámaras 2 Baños completos Sala-comedor Cocina equipada Lavandería 1 lugar de estacionamiento Ubicado en Planta baja Equipada con aires acondicionados y ventilado...,https://assets.easybroker.com/property_images/4526775/104747979/EB-QJ6775.jpeg?height=300&version=1776781651&width=450,Mexico,Quintana Roo,Tulum,,,Sale,1,Hana Suzuki by iKU MEXICO,https://www.ikumexico.com/property/oportunidad-departamento-en-venta-punta-estrella-playa-del-carmen,Playa del Carmen; Tulum; Other Riviera Maya
Hana Suzuki by iKU MEXICO,https://www.ikumexico.com/,EasyBroker,https://www.ikumexico.com/property/moderna-casa-en-privada-con-hermoso-jardin-privado-playacar,CASA EN PRIVADA CON JARDÍN Y TERRAZA PRIVADOS. PANELES SOLARES. PLAYACAR,Land/Lot,15000000,USD,3,2,162,m2,"CASA DE 3 RECAMARAS EN CLUB REAL RECIEN REMODELADA CON PANELES SOLARES Consta de: + 3 Recamaras Recamara principal con baño completo y doble vestidor, regadera con vista al cielo que da la sensació...",https://assets.easybroker.com/property_images/4363812/87766354/EB-PT3812.jpeg?height=300&version=1742619091&width=450,Mexico,Quintana Roo,Tulum,,,Sale,1,Hana Suzuki by iKU MEXICO,https://www.ikumexico.com/property/moderna-casa-en-privada-con-hermoso-jardin-privado-playacar,Playa del Carmen; Tulum; Other Riviera Maya
Hana Suzuki by iKU MEXICO,https://www.ikumexico.com/,EasyBroker,https://www.ikumexico.com/property/moderna-casa-con-roof-piscina-y-bar-4-r-senderos-de-mayakoba-playa-del-carme,"MODERNA CASA NUEVA CON Roof, piscina y bar, 4 R,Playa del Carmen",Land/Lot,9000000,USD,4,4,325,m2,"Moderna casa de 3 niveles, 4 habitaciones en 3 niveles con Roof, piscina y bar -4 Recamaras cada una con baño completo - Sala -Comedor -Cocina con cubierta de granito, equipada con horno, Parrilla ...",https://assets.easybroker.com/property_images/4344219/72417047/EB-PR4219.jpeg?height=300&version=1709777835&width=450,Mexico,Quintana Roo,Tulum,,,Sale,1,Hana Suzuki by iKU MEXICO,https://www.ikumexico.com/property/moderna-casa-con-roof-piscina-y-bar-4-r-senderos-de-mayakoba-playa-del-carme,Playa del Carmen; Tulum; Other Riviera Maya
Hana Suzuki by iKU MEXICO,https://www.ikumexico.com/,EasyBroker,https://www.ikumexico.com/property/casa-en-venta-fracc-la-joya-cerrada-diamante-mz1-lt24-v23,"CASA EN VENTA, PRIVADA LA JOYA",Land/Lot,3350000,USD,3,2,144.13,m2,"CASA DE 3 RECAMARAS EN VENTA, EN PRIVADO CON ACCESO DE SEGURIDAD Y EN LA ZONA RESIDENCIAL PREMIUM DE PLAYA DEL CARMEN. Recámara principal con baño vestidor Recamaras secundarias con armario 2.5 Bañ...",https://assets.easybroker.com/property_images/2944788/46813180/EB-KH4788.jpg?height=300&version=1651550691&width=450,Mexico,Quintana Roo,Tulum,,,Sale,1,Hana Suzuki by iKU MEXICO,https://www.ikumexico.com/property/casa-en-venta-fracc-la-joya-cerrada-diamante-mz1-lt24-v23,Playa del Carmen; Tulum; Other Riviera Maya
Hana Suzuki by iKU MEXICO,https://www.ikumexico.com/,EasyBroker,https://www.ikumexico.com/property/ph-en-renta-y-o-venta-en-playacar-3-recamaras-vista-al-selva,"""PH En Renta Y/ O VENTA  En Playacar - 3 Recámaras - Vista Al  Selva""",Penthouse,550000,USD,3,3,355,m2,"EXCLUSIVO PH EN VENTA O RENTA: Playacar Frente al Hoyo 18 | Privacidad Absoluta y Alberca Privada El verdadero significado de exclusividad: Un Penthouse de baja densidad, rodeado de naturaleza y co...",https://assets.easybroker.com/property_images/6107438/108192211/EB-WL7438.HEIC?height=300&version=1783968252&width=450,Mexico,Quintana Roo,Tulum,,,Sale,1,Hana Suzuki by iKU MEXICO,https://www.ikumexico.com/property/ph-en-renta-y-o-venta-en-playacar-3-recamaras-vista-al-selva,Playa del Carmen; Tulum; Other Riviera Maya
Hana Suzuki by iKU MEXICO,https://www.ikumexico.com/,EasyBroker,https://www.ikumexico.com/property/cara-aldea-serena-playa-del-carmen,CASA ALDEA SERENA PLAYA DEL CARMEN,Land/Lot,6200000,USD,4,3,250,m2,"🏡 CASA EN VENTA/RENTA – ALDEA SERENA (SIN AMUEBLAR) 📍 Playa del Carmen ✨ Hermosa casa moderna en Aldea Serena, una de las privadas más tranquilas y exclusivas de la zona. Ideal para vivir o inverti...",https://assets.easybroker.com/property_images/5870085/103191966/EB-VO0085.jpeg?height=300&version=1773514542&width=450,Mexico,Quintana Roo,Playa del Carmen,,,Sale,1,Hana Suzuki by iKU MEXICO,https://www.ikumexico.com/property/cara-aldea-serena-playa-del-carmen,Playa del Carmen; Other Riviera Maya
Hana Suzuki by iKU MEXICO,https://www.ikumexico.com/,EasyBroker,https://www.ikumexico.com/property/amplio-ph-con-estudio-en-playacar-sin-muebles-playa-car-fase-ii,AMPLIO PH CON ESTUDIO EN PLAYACAR SIN MUEBLES,Condo/Apartment,6100000,USD,3,3,288,m2,181m2 estancia interior 11m2 terrazas balcones 11.25 terraza 2 6m2 escalera 4.39m2 bodega 107m2 roof Amplio PH dentro de Fraccionamiento exclusivo de PLAYACAR . Ubicado a pasos de acceso a Playa y ...,https://assets.easybroker.com/property_images/4245458/70556915/EB-PH5458.jpg?height=300&version=1705988106&width=450,Mexico,Quintana Roo,Playa del Carmen,,,Sale,2,Hana Suzuki by iKU MEXICO,https://www.ikumexico.com/property/amplio-ph-con-estudio-en-playacar-sin-muebles; https://www.ikumexico.com/property/amplio-ph-con-estudio-en-playacar-sin-muebles-playa-car-fase-ii,Playa del Carmen; Other Riviera Maya
Hana Suzuki by iKU MEXICO,https://www.ikumexico.com/,EasyBroker,https://www.ikumexico.com/property/departamento-en-la-mejor-zona-de-playa-del-carmen-a-solo-unos-pasos-de-5ta-ave,"DEPARTAMENTO con bodega  A SOLO UNOS PASOS DE 5TA AVE ,",Condo/Apartment,3250000,USD,1,1,48.26,m2,"#33 Departamento 1 recámara Bodega ¡Descubre tu nuevo hogar en Playa del Carmen! Este espectacular departamento en venta está estratégicamente ubicado a solo unos metros del mar, a pasos de la famo...",https://assets.easybroker.com/property_images/4877909/82862792/EB-RS7909.jpg?height=300&version=1753146501&width=450,Mexico,Quintana Roo,Tulum,,,Sale,2,Hana Suzuki by iKU MEXICO,https://www.ikumexico.com/property/departamento-en-la-mejor-zona-de-playa-del-carmen-a-solo-unos-pasos-de-5ta-ave; https://www.ikumexico.com/property/ultimo-departamento-con-magnifica-ubicacion-5ta-avenida,Playa del Carmen; Tulum; Other Riviera Maya
Hana Suzuki by iKU MEXICO,https://www.ikumexico.com/,EasyBroker,https://www.ikumexico.com/property/amplios-espacios-casa-en-playacar-con-alberca-privada,AMPLIOS ESPACIOS CASA EN PLAYACAR CON ALBERCA PRIVADA,Land/Lot,21000000,USD,4,4,452,m2,"Presentamos una propiedad de ensueño, ideal para quienes buscan lujo, confort y una ubicación privilegiada. Nuestra casa cuenta con 4 recámaras amplias, perfectas para toda la familia o para recibi...",https://assets.easybroker.com/property_images/4527041/75893434/EB-QJ7041.JPG?height=300&version=1717540036&width=450,Mexico,Quintana Roo,Playa del Carmen,,,Sale,1,Hana Suzuki by iKU MEXICO,https://www.ikumexico.com/property/amplios-espacios-casa-en-playacar-con-alberca-privada,Playa del Carmen; Other Riviera Maya
Hana Suzuki by iKU MEXICO,https://www.ikumexico.com/,EasyBroker,https://www.ikumexico.com/property/playacar-casa-en-venta-a-solo-5minutos-de-la-playa,PLAYACAR CASA EN VENTA A SOLO 5MINUTOS DE LA PLAYA,Land/Lot,1070000,USD,3,4,320,m2,"UBICADA EN CONDOMINIO LOL-HA EN PLAYA CAR , 5 MINUTOS A PIE DE LA PLAYA Y 1,5 KM DEL CENTRO DE PLAYA DEL CARMEN (QUINTA AVENIDA). 3 RECAMARAS, CADA UNA CON BAÑO PRIVADO, 4 BAÑOS COMPLETOS,MAS MEDIO...",https://assets.easybroker.com/property_images/5897661/103764407/EB-VQ7661.jpg?height=300&version=1774710816&width=450,Mexico,Quintana Roo,Tulum,,,Sale,1,Hana Suzuki by iKU MEXICO,https://www.ikumexico.com/property/playacar-casa-en-venta-a-solo-5minutos-de-la-playa,Playa del Carmen; Tulum; Other Riviera Maya
Hana Suzuki by iKU MEXICO,https://www.ikumexico.com/,EasyBroker,https://www.ikumexico.com/property/casa-oportunidad-en-playa-del-carmen,"CASA OPORTUNIDAD NUEVO PLAYA DEL SOL , EN PLAYA DEL CARMEN",Land/Lot,2700000,USD,3,1,84,m2,Terreno: 105 $m^2$ (¡Espacio excedente para jardín!). Construcción: 84 $m^2$ distribuidos eficientemente. Recámaras: 3 habitaciones amplias y luminosas (incluyendo recámara principal). Baños: 1.5 b...,https://assets.easybroker.com/property_images/5887494/103555503/EB-VP7494.jpeg?height=300&version=1774375715&width=450,Mexico,Quintana Roo,Tulum,,,Sale,1,Hana Suzuki by iKU MEXICO,https://www.ikumexico.com/property/casa-oportunidad-en-playa-del-carmen,Playa del Carmen; Tulum; Other Riviera Maya
Hana Suzuki by iKU MEXICO,https://www.ikumexico.com/,EasyBroker,https://www.ikumexico.com/property/renta-casa-amueblada-en-playacar-playa-del-carmen-seguridad-y-tenis,Renta Casa Amueblada en Playacar Playa del Carmen | Seguridad y Tenis,House,11500000,USD,4,3,370,m2,"Vive la exclusividad en el corazón de la Riviera Maya! Ubicada en la zona más segura y prestigiosa de Playa del Carmen, esta impresionante residencia de 370 m² en Playacar Fase II ofrece el equilib...",https://assets.easybroker.com/property_images/5799466/101693602/EB-VG9466.jpg?height=300&version=1770748995&width=450,Mexico,Quintana Roo,Tulum,,,Sale,1,Hana Suzuki by iKU MEXICO,https://www.ikumexico.com/property/renta-casa-amueblada-en-playacar-playa-del-carmen-seguridad-y-tenis,Playa del Carmen; Tulum; Other Riviera Maya
Hana Suzuki by iKU MEXICO,https://www.ikumexico.com/,EasyBroker,https://www.ikumexico.com/property/7-amplias-recamaras-acabados-de-lujo-fracc-playacar-playa-del-carmen,"7 AMPLIAS RECAMARAS, ACABADOS DE LUJO ,FRACC PLAYACAR , PLAYA DEL CARMEN",Land/Lot,1195000,USD,7,8,580,m2,Hermosa casa Muy amplia e iluminada Acabados de lujo 7 recámaras con baño Cuarto servicio con entrada independiente. Amplia área social Cocina italiana Cortinas eléctricas anticiclonitas Alberca pr...,https://assets.easybroker.com/property_images/5712651/99866221/EB-UY2651.jpg?height=300&version=1766535989&width=450,Mexico,Quintana Roo,Tulum,,,Sale,1,Hana Suzuki by iKU MEXICO,https://www.ikumexico.com/property/7-amplias-recamaras-acabados-de-lujo-fracc-playacar-playa-del-carmen,Playa del Carmen; Tulum; Other Riviera Maya
Hana Suzuki by iKU MEXICO,https://www.ikumexico.com/,EasyBroker,https://www.ikumexico.com/property/ubicacion-a-solo-pasos-de-la-famosa-5ta-ave-y-acceso-a-playa-playa-car-fase-ii,CASA EN EXCUSIVO FRACC PLAYACAR A PASOS DE LA 5TA AVE Y ACCESO AL MAR,Land/Lot,21200000,USD,5,6,443,m2,🌴 ¡Bienvenido al paraíso en Playacar Fase 2! 🌴 Sumérgete en el lujo y la comodidad con esta impresionante residencia ubicada en el famoso condominio privado de Playacar Fase 2. Con acceso privado y...,https://assets.easybroker.com/property_images/5516997/99108413/EB-UE6997.jpg?height=300&version=1764633590&width=450,Mexico,Quintana Roo,Tulum,,,Sale,1,Hana Suzuki by iKU MEXICO,https://www.ikumexico.com/property/ubicacion-a-solo-pasos-de-la-famosa-5ta-ave-y-acceso-a-playa-playa-car-fase-ii,Playa del Carmen; Tulum; Other Riviera Maya
Hana Suzuki by iKU MEXICO,https://www.ikumexico.com/,EasyBroker,https://www.ikumexico.com/property/casa-moderna-en-fracc-exclusivo-playacar,"CASA MODERNA  EN FRACC EXCLUSIVO PLAYACAR ,",Land/Lot,21000000,USD,4,3,500,m2,"Hermosa casa con Ventanales que permite ser una casa muy luminosa. Entrada espectacular con un bello espejo de agua , maravillosa doble altura y un grandioso jardín interior . Moderna cocina super ...",https://assets.easybroker.com/property_images/5516928/95764906/EB-UE6928.jpg?height=300&version=1766108644&width=450,Mexico,Quintana Roo,Tulum,,,Sale,1,Hana Suzuki by iKU MEXICO,https://www.ikumexico.com/property/casa-moderna-en-fracc-exclusivo-playacar,Playa del Carmen; Tulum; Other Riviera Maya
Hana Suzuki by iKU MEXICO,https://www.ikumexico.com/,EasyBroker,https://www.ikumexico.com/property/departamento-a-estrenar-the-leaf-playacar-con-excelente-ubicacion,DEPARTAMENTO A ESTRENAR THE LEAF PLAYACAR CON EXCELENTE UBICACION,Condo/Apartment,10999999,USD,3,2,140,m2,"Departamento en Venta Planta Baja Leaf Playacar con Lock Off Ubicado en la exclusiva comunidad residencial de Playacar, este departamento en planta baja combina confort, modernidad y una ubicación ...",https://assets.easybroker.com/property_images/5506431/95551939/EB-UD6431.jpg?height=300&version=1757376234&width=450,Mexico,Quintana Roo,Tulum,,,Sale,1,Hana Suzuki by iKU MEXICO,https://www.ikumexico.com/property/departamento-a-estrenar-the-leaf-playacar-con-excelente-ubicacion,Playa del Carmen; Tulum; Other Riviera Maya
Hana Suzuki by iKU MEXICO,https://www.ikumexico.com/,EasyBroker,https://www.ikumexico.com/property/departamento-en-calle-52-y-5ta-ave,DEPARTAMENTO EN CALLE 52 Y  5TA AVE,Condo/Apartment,3250000,USD,1,1,49.25,m2,"#33 Departamento 1 recámara + BODEGA ¡Descubre tu nuevo hogar en Playa del Carmen! Este espectacular departamento en venta está estratégicamente ubicado a solo unos metros del mar, a pasos de la fa...",https://assets.easybroker.com/property_images/4967194/84792394/EB-SB7194.jpg?height=300&version=1737070698&width=450,Mexico,Quintana Roo,Playa del Carmen,,,Sale,1,Hana Suzuki by iKU MEXICO,https://www.ikumexico.com/property/departamento-en-calle-52-y-5ta-ave,Playa del Carmen; Other Riviera Maya
Hana Suzuki by iKU MEXICO,https://www.ikumexico.com/,EasyBroker,https://www.ikumexico.com/property/arcos-bambu-hermosa-casa-con-jardin-interior-playa-del-carmen-quintana-roo,"ARCOS BAMBU,HERMOSA CASA CON JARDIN INTERIOR , PLAYA DEL CARMEN ,QUINTANA ROO",Land/Lot,5550000,USD,3,3,165,m2,"CASA CONSTRUIDA EN FRACCIONAMIENTO PRIVADO ,RODEADO DE LAS MEJORES TIENDAS DE AUTO SERVICIOS , CERCANO A COLEGIOS PRIVADOS Y LAS MEJORES VIAS DE ACCESO . A SOLO UNOS CUANTOS KM DE PARQUE XCARET . D...",https://assets.easybroker.com/property_images/3594597/58531250/EB-MU4597.jpg?height=300&version=1772826126&width=450,Mexico,Quintana Roo,Tulum,,,Sale,1,Hana Suzuki by iKU MEXICO,https://www.ikumexico.com/property/arcos-bambu-hermosa-casa-con-jardin-interior-playa-del-carmen-quintana-roo,Playa del Carmen; Tulum; Other Riviera Maya
Hana Suzuki by iKU MEXICO,https://www.ikumexico.com/,EasyBroker,https://www.ikumexico.com/property/estrena-departamento-en-selvanova-playa-del-carmen-quintana-roo,"DEPARTAMENTO EN SELVANOVA COTO 8,PLAYA DEL CARMEN ,QUINTANA ROO",Condo/Apartment,3600000,USD,3,2,100,m2,Precioso departamento amueblado listo para vivir Con excelente gusto en decoración. .......Nuevo ... Acabados de lujo en privada coto 8. Con elevador y excelente vista de terraza . Disfruta de ampl...,https://assets.easybroker.com/property_images/2380469/36993489/EB-ID0469.jpg?height=300&version=1764560126&width=450,Mexico,Quintana Roo,Tulum,,,Sale,1,Hana Suzuki by iKU MEXICO,https://www.ikumexico.com/property/estrena-departamento-en-selvanova-playa-del-carmen-quintana-roo,Playa del Carmen; Tulum; Other Riviera Maya
Hana Suzuki by iKU MEXICO,https://www.ikumexico.com/,EasyBroker,https://www.ikumexico.com/property/vive-en-playacar-y-disfruta-el-mar-a-solo-unos-paso-del-acceso-a-fase-1,VIVE EN  PLAYACAR  Y DISFRUTA EL MAR A SOLO UNOS PASO DEL ACCESO A FASE 1,Land/Lot,18500000,USD,3,3,200,m2,"¿Buscas la exclusividad de Fase 1 con la infraestructura moderna de Fase 2? Esta es la propiedad Ubicada en el corazón de Playacar Fase 2, esta residencia redefine la inversión inteligente en la Ri...",https://assets.easybroker.com/property_images/5974168/105305505/EB-VY4168.jpg?height=300&version=1777923007&width=450,Mexico,Quintana Roo,Playa del Carmen,,,Sale,1,Hana Suzuki by iKU MEXICO,https://www.ikumexico.com/property/vive-en-playacar-y-disfruta-el-mar-a-solo-unos-paso-del-acceso-a-fase-1,Playa del Carmen; Other Riviera Maya
Hana Suzuki by iKU MEXICO,https://www.ikumexico.com/,EasyBroker,https://www.ikumexico.com/property/excelente-ubicacion-en-playacar-renta-o-venta,EXCELENTE UBICACION EN PLAYACAR RENTA O VENTA,Condo/Apartment,5900000,USD,2,2,211,m2,Una super ubicación Departamento en playacar 2 recámaras muy amplias con baño 1 baño visitas 1 cajón de estacionamiento 2 NIVELES NO BROKERS El mejor lugar para vivir,https://assets.easybroker.com/property_images/5962063/105049899/EB-VX2063.jpg?height=300&version=1777332467&width=450,Mexico,Quintana Roo,Tulum,,,Sale,1,Hana Suzuki by iKU MEXICO,https://www.ikumexico.com/property/excelente-ubicacion-en-playacar-renta-o-venta,Playa del Carmen; Tulum; Other Riviera Maya
Hana Suzuki by iKU MEXICO,https://www.ikumexico.com/,EasyBroker,https://www.ikumexico.com/property/amplio-departamento-sin-muebles-playacar,"AMPLIO DEPARTAMENTO SIN MUEBLES,  PLAYACAR, PLAYA DEL CARMEN",Condo/Apartment,3750000,USD,2,2,,,"Departamento sin muebles , mantenimiento recientemente dado . Amplios espacios. 2 habitaciones Cuarto de lavado 2 baños completos . Área social con palapa y alberca Disfruta de las ventajas de vivi...",https://assets.easybroker.com/property_images/2336327/36206518/EB-HY6327.jpg?height=300&version=1626011770&width=450,Mexico,Quintana Roo,Tulum,,,Sale,1,Hana Suzuki by iKU MEXICO,https://www.ikumexico.com/property/amplio-departamento-sin-muebles-playacar,Playa del Carmen; Tulum; Other Riviera Maya
Hana Suzuki by iKU MEXICO,https://www.ikumexico.com/,EasyBroker,https://www.ikumexico.com/property/ipana-hermoso-departamento,IPANA HERMOSO DEPARTAMENTO,Condo/Apartment,270000,USD,1,1,50.8,m2,✨ Hermoso Departamento en IPANA Un espacio diseñado para disfrutar Playa del Carmen con lujo y comodidad. • 1 Recámara | 1 Baño • Sala – Comedor – Área de lavado (con lavadora) • Terraza techada • ...,https://assets.easybroker.com/property_images/5509339/95610504/EB-UD9339.jpeg?height=300&version=1757468577&width=450,Mexico,Quintana Roo,Playa del Carmen,,,Sale,1,Hana Suzuki by iKU MEXICO,https://www.ikumexico.com/property/ipana-hermoso-departamento,Playa del Carmen; Other Riviera Maya
Hana Suzuki by iKU MEXICO,https://www.ikumexico.com/,EasyBroker,https://www.ikumexico.com/property/hermosa-casa-tipo-hacienda-independencia,HERMOSA CASA TIPO HACIENDA,Land/Lot,59000000,USD,6,5,621,m2,"Hermosa casa tipo Hacienda en COZUMEL EXCELENTE UBICACIÓN ZONA EN DONDE ES PERMITIDO POR DESARROLLÓ URBANO CONSTRUIR HASTA 5 PISOS o 14 MTS DE ALTURA. PRECIO: $59,000,000.00 MN MEDIDAS: 897 terreno...",https://assets.easybroker.com/property_images/5117523/87790895/EB-SQ7523.jpeg?height=300&version=1748045383&width=450,Mexico,Quintana Roo,Playa del Carmen,,,Sale,1,Hana Suzuki by iKU MEXICO,https://www.ikumexico.com/property/hermosa-casa-tipo-hacienda-independencia,Playa del Carmen; Other Riviera Maya
Hana Suzuki by iKU MEXICO,https://www.ikumexico.com/,EasyBroker,https://www.ikumexico.com/property/lotes-en-montenia-playa-del-carmen,LOTES RESIDENCIALES EN VENTA EN COSTA MONTENIA,Land/Lot,8152,USD,1,2,180,m2,"🌴 INVIERTE EN COSTA MONTENIA, PLAYA DEL CARMEN Descubre una excelente oportunidad de inversión en una de las zonas con mayor crecimiento de México. Costa Montenia es un exclusivo desarrollo residen...",https://assets.easybroker.com/property_images/6036003/106679766/EB-WE6003.jpeg?height=300&version=1780582923&width=450,Mexico,Quintana Roo,Tulum,,,Sale,1,Hana Suzuki by iKU MEXICO,https://www.ikumexico.com/property/lotes-en-montenia-playa-del-carmen,Playa del Carmen; Tulum; Other Riviera Maya
Hana Suzuki by iKU MEXICO,https://www.ikumexico.com/,EasyBroker,https://www.ikumexico.com/property/ultimas-casas-disponibles-en-nubba-residencial,ÚLTIMAS CASAS DISPONIBLES EN NUBBA RESIDENCIAL,Land/Lot,5795000,USD,3,3,125,m2,"💥CONOCE NUBBA Preventa desde $5,7 MDP Donde comienza tu nueva historia en Playa del Carmen🫶🏻🏡 Entrega Primera Fase Diciembre 2027🔥 NUBBA nace como un concepto residencial pensado para quienes desea...",https://assets.easybroker.com/property_images/6039345/106726814/EB-WE9345.jpeg?height=300&version=1780673113&width=450,Mexico,Quintana Roo,Tulum,,,Sale,1,Hana Suzuki by iKU MEXICO,https://www.ikumexico.com/property/ultimas-casas-disponibles-en-nubba-residencial,Playa del Carmen; Tulum; Other Riviera Maya
Hana Suzuki by iKU MEXICO,https://www.ikumexico.com/,EasyBroker,https://www.ikumexico.com/property/macondo-playacar-super-oportunidad,MACONDO PLAYACAR SUPER OPORTUNIDAD,Condo/Apartment,5400000,USD,1,1,77.89,m2,SÚPER OPORTUNIDAD Precio de lista actual arriba de 6 Millones de pesos Diseñado como un club privado para ciudadanos del mundo y una oportunidad de elevar el portafolio de aquellos que no tienen lí...,https://assets.easybroker.com/property_images/5965908/105131205/EB-VX5908.jpeg?height=300&version=1777477811&width=450,Mexico,Quintana Roo,Tulum,,,Sale,1,Hana Suzuki by iKU MEXICO,https://www.ikumexico.com/property/macondo-playacar-super-oportunidad,Playa del Carmen; Tulum; Other Riviera Maya
Hana Suzuki by iKU MEXICO,https://www.ikumexico.com/,EasyBroker,https://www.ikumexico.com/property/departamento-en-macondo-5ta-ave,DEPARTAMENTO CON CANCHA DE PÁDEL EN MACONDO 5ta AVE.,Condo/Apartment,4400000,USD,3,1,44.63,m2,"✨ Departamento en Venta – Macondo Fase II, 5ta Avenida Loft moderno con terraza privada Vive en el corazón de Playa del Carmen, a unos pasos de la icónica 5ta Avenida, en un desarrollo boutique con...",https://assets.easybroker.com/property_images/5676146/99112964/EB-UU6146.jpeg?height=300&version=1764682664&width=450,Mexico,Quintana Roo,Playa del Carmen,,,Sale,1,Hana Suzuki by iKU MEXICO,https://www.ikumexico.com/property/departamento-en-macondo-5ta-ave,Playa del Carmen; Other Riviera Maya
Hana Suzuki by iKU MEXICO,https://www.ikumexico.com/,EasyBroker,https://www.ikumexico.com/property/casa-kiin-estilo-que-inspira,CASA KIIN A PASOS DEL MAR,House,8500000,USD,3,3,220,m2,"Magnífica casa-hotel en Playa del Carmen, diseñada para ofrecer una experiencia exclusiva y cómoda. La propiedad cuenta con tres suites independientes, cada una con acabados de lujo y un baño priva...",https://assets.easybroker.com/property_images/5939431/104611273/EB-VU9431.jpeg?height=300&version=1776448882&width=450,Mexico,Quintana Roo,Playa del Carmen,,,Sale,1,Hana Suzuki by iKU MEXICO,https://www.ikumexico.com/property/casa-kiin-estilo-que-inspira,Playa del Carmen; Other Riviera Maya
Hana Suzuki by iKU MEXICO,https://www.ikumexico.com/,EasyBroker,https://www.ikumexico.com/property/departamento-condominio-taak,DEPARTAMENTO CONDOMINIO TAAK,Condo/Apartment,2500000,USD,1,1,50,m2,Zona Diamante💎✨ Cerca del Centro Maya A pocos km del Mar🌊 45mts2 1 recámara 1 baño 2 balcones Cocina equipada Sala con sofá cama 1 bodega Área común Alberca Gimnasio Área de asador Baños Diamond Zo...,https://assets.easybroker.com/property_images/3466660/78452064/EB-MH6660.jpeg?height=300&version=1722949958&width=450,Mexico,Quintana Roo,Playa del Carmen,,,Sale,1,Hana Suzuki by iKU MEXICO,https://www.ikumexico.com/property/departamento-condominio-taak,Playa del Carmen; Other Riviera Maya
Hana Suzuki by iKU MEXICO,https://www.ikumexico.com/,EasyBroker,https://www.ikumexico.com/property/macondo-residences-playacar-playa-car-fase-ii-playa-del-carmen,MACONDO RESIDENCES PLAYACAR- LUJO Y EXCLUSIVIDAD EN EL CARIBE,Unknown,8191431,USD,3,3,201,m2,"Departamentos en venta en Playacar – Vive el lujo en el Caribe ✨ Invierte o vive en una de las zonas más exclusivas de Playa del Carmen 🌴, rodeado de naturaleza, seguridad y alta plusvalía. Estas u...",https://assets.easybroker.com/property_images/5943205/106226410/EB-VV3205.jpeg?height=300&version=1779718520&width=450,Mexico,Quintana Roo,Tulum,,,Sale,1,Hana Suzuki by iKU MEXICO,https://www.ikumexico.com/property/macondo-residences-playacar-playa-car-fase-ii-playa-del-carmen,Playa del Carmen; Tulum; Other Riviera Maya
Hana Suzuki by iKU MEXICO,https://www.ikumexico.com/,EasyBroker,https://www.ikumexico.com/property/ph-playacar-2-recamaras-playa-car-fase-ii,"PH PLAYACAR,  2 RECÁMARAS",Condo/Apartment,275000,USD,2,2,,,Departamento ubicado en condominio Azul Playacar fase 2 Ph 3er nivel 2 recámaras 2 baños completos Roff privado En 2do nivel lavanderia lavadoravy secadora con baño completo 1 cajon estacionamiento...,https://assets.easybroker.com/property_images/5971648/105253495/EB-VY1648.jpg?height=300&version=1777746713&width=450,Mexico,Quintana Roo,Playa del Carmen,,,Sale,1,Hana Suzuki by iKU MEXICO,https://www.ikumexico.com/property/ph-playacar-2-recamaras-playa-car-fase-ii,Playa del Carmen; Other Riviera Maya
Hana Suzuki by iKU MEXICO,https://www.ikumexico.com/,EasyBroker,https://www.ikumexico.com/property/playacar-hermoso-estudio-a-estrenar,"PLAYACAR,  HERMOSO ESTUDIO A ESTRENAR",Condo/Apartment,4100000,USD,2025,1,57.92,m2,Departamento tipo estudio 🏢 Ubicado en fraccionamiento privado Playacar 🏘️ Condominio The Leaf 🌳 Totalmente equipado y amueblado 🛋️ Con terraza privada ⛱️,https://assets.easybroker.com/property_images/5345706/97289658/EB-TN5706.jpg?height=300&version=1763732565&width=450,Mexico,Quintana Roo,Playa del Carmen,,,Sale,1,Hana Suzuki by iKU MEXICO,https://www.ikumexico.com/property/playacar-hermoso-estudio-a-estrenar,Playa del Carmen; Other Riviera Maya
Hana Suzuki by iKU MEXICO,https://www.ikumexico.com/,EasyBroker,https://www.ikumexico.com/property/magnifica-oportunidad-para-contruir-casa-en-privada,MAGNIFICA OPORTUNIDAD PARA CONTRUIR CASA EN PRIVADA,Land/Lot,210000,USD,2,2,249,m2,Terrenos residenciales en zona exclusiva de playacar fase 2 Últimos terrenos . Muy cercano al acceso principal de Playacar Fase 2.-Acceso vehicular en concreto de actualidad y optimizado.-Zona comú...,https://assets.easybroker.com/property_images/3502558/56861751/EB-ML2558.jpg?height=300&version=1674356536&width=450,Mexico,Quintana Roo,Tulum,,,Sale,1,Hana Suzuki by iKU MEXICO,https://www.ikumexico.com/property/magnifica-oportunidad-para-contruir-casa-en-privada,Playa del Carmen; Tulum; Other Riviera Maya
Hana Suzuki by iKU MEXICO,https://www.ikumexico.com/,EasyBroker,https://www.ikumexico.com/property/departamento-en-las-huastecas-027feb49-51bf-41da-9d85-0a5eac8ac64f,Departamento en Las Huastecas,Condo/Apartment,8100000,USD,2,2,,,"Hermoso Departamento con opción a Renta o Venta Amueblado y con vistas increíbles en Torre Las Huastecas. 2 Recámaras, 2 Baños completos, Sala, Comedor, Cocina. 2 cajones de estacionamiento. La Tor...",https://assets.easybroker.com/property_images/5550542/96455718/EB-UI0542.JPG?height=300&version=1759264012&width=450,Mexico,Quintana Roo,Playa del Carmen,,,Sale,1,Hana Suzuki by iKU MEXICO,https://www.ikumexico.com/property/departamento-en-las-huastecas-027feb49-51bf-41da-9d85-0a5eac8ac64f,Playa del Carmen; Other Riviera Maya
Hana Suzuki by iKU MEXICO,https://www.ikumexico.com/,EasyBroker,https://www.ikumexico.com/property/terreno-campestre-allende-nl,Terreno Campestre Allende NL,Land/Lot,5050000,USD,3,1,5580,m2,"Oportunidad imponente Terreno Campestre en Las Flores, Lazarillos de Abajo, Allende N.L.5,580 mts2 / $5,050,000 Vistas Panorámicas a las montañas y al valle A solo 200 mts de Carretera Nacional - S...",https://assets.easybroker.com/property_images/5364610/92659116/EB-TP4610.jpeg?height=300&version=1751908546&width=450,Mexico,Quintana Roo,Playa del Carmen,,,Sale,1,Hana Suzuki by iKU MEXICO,https://www.ikumexico.com/property/terreno-campestre-allende-nl,Playa del Carmen; Other Riviera Maya
Hana Suzuki by iKU MEXICO,https://www.ikumexico.com/,EasyBroker,https://www.ikumexico.com/property/confortable-departamento-a-unos-pasos-de-la-quinta-avenidad-y-el-mar,DEPARTAMENTO  EN OCEANA PLAYA DEL CARMEN,Condo/Apartment,18500000,USD,3,2,217,m2,HERMOSO DEPARTAMENTO EN UNA DE LAS ZONAS MAS BONITAS Y CENTRICAS DE PLAYA DEL CARMEN A SOLO UNOS CUANTOS PASOS DE LA QUINTA AVENIDA Y LA PLAYA. - 3 TORRES DE 5 NIVELES - PISO DE MARMOL - INCLUYE MU...,https://assets.easybroker.com/property_images/3125004/49933866/EB-KZ5004.jpeg?height=300&version=1657909953&width=450,Mexico,Quintana Roo,Tulum,,,Sale,1,Hana Suzuki by iKU MEXICO,https://www.ikumexico.com/property/confortable-departamento-a-unos-pasos-de-la-quinta-avenidad-y-el-mar,Playa del Carmen; Tulum; Other Riviera Maya
Hana Suzuki by iKU MEXICO,https://www.ikumexico.com/,EasyBroker,https://www.ikumexico.com/property/hermoso-departamento-en-zona-centrica-playa-del-carmen,HERMOSO DEPARTAMENTO EN OCEANA PLAYA DEL CARMEN,Condo/Apartment,8200000,USD,2,2,80,m2,HERMOSO DEPARTAMENTO EN UNA DE LAS ZONAS MAS BONITAS Y CENTRICAS DE PLAYA DEL CARMEN A SOLO UNOS CUANTOS PASOS DE LA QUINTA AVENIDA Y LA PLAYA. - 3 TORRES DE 5 NIVELES - PISO DE MARMOL - INCLUYE MU...,https://assets.easybroker.com/property_images/3124958/49933066/EB-KZ4958.jpeg?height=300&version=1657908697&width=450,Mexico,Quintana Roo,Tulum,,,Sale,1,Hana Suzuki by iKU MEXICO,https://www.ikumexico.com/property/hermoso-departamento-en-zona-centrica-playa-del-carmen,Playa del Carmen; Tulum; Other Riviera Maya
Hana Suzuki by iKU MEXICO,https://www.ikumexico.com/,EasyBroker,https://www.ikumexico.com/property/magnifica-casa-moderna-en-playacar-excelente-ubicacion,"MAGNIFICA CASA MODERNA E,  PLAYACAR, EXCELENTE UBICACION",Land/Lot,30000000,USD,4,4,435,m2,¡Por supuesto! Aquí tienes un anuncio de venta para esa impresionante propiedad: 🏡 ¡Bienvenido al hogar de tus sueños en la hermosa costa! Descubre esta extraordinaria residencia ubicada en una de ...,https://assets.easybroker.com/property_images/4467673/74760602/EB-QD7673.jpeg?height=300&version=1715046732&width=450,Mexico,Quintana Roo,Tulum,,,Sale,1,Hana Suzuki by iKU MEXICO,https://www.ikumexico.com/property/magnifica-casa-moderna-en-playacar-excelente-ubicacion,Playa del Carmen; Tulum; Other Riviera Maya
Hana Suzuki by iKU MEXICO,https://www.ikumexico.com/,EasyBroker,https://www.ikumexico.com/property/oficina-nueva-en-venta-renta-equipada-carretera-nacional,"OFICINA NUEVA EN VENTA/RENTA  EQUIPADA, CARRETERA NACIONAL",Commercial,4800000,USD,3,4,47,m2,"Estrena Oficina NUEVA en VENTA/RENTA, AMUEBLADA Y EQUIPADA Consta de: -1 Privado -Sala de juntas -Area de trabajo abierta -1 bodega (aprox 3m) -2 estacionamientos",https://assets.easybroker.com/property_images/3509349/56978615/EB-ML9349.jpeg?height=300&version=1674610233&width=450,Mexico,Quintana Roo,Playa del Carmen,,,Sale,1,Hana Suzuki by iKU MEXICO,https://www.ikumexico.com/property/oficina-nueva-en-venta-renta-equipada-carretera-nacional,Playa del Carmen; Other Riviera Maya
Hana Suzuki by iKU MEXICO,https://www.ikumexico.com/,EasyBroker,https://www.ikumexico.com/property/bakaba-vida-en-armonia-playa-del-carmen,"LANZAMIENTO OFICIAL ,BAKABÁ VIDA EN ARMONÍA PLAYA DEL CARMEN",Condo/Apartment,3945020,USD,1,1,68,m2,VIDA EN ARMONÍA PREGUNTA POR ACTUALIZACION PRECIOS Uno de los elementos centrales para una vida en armonía es la naturaleza. Un destino residencial inmerso en setenta mil metros cuadrados de selva ...,https://assets.easybroker.com/property_images/4480386/75004976/EB-QF0386.png?height=300&version=1715656644&width=450,Mexico,Quintana Roo,Playa del Carmen,,,Sale,1,Hana Suzuki by iKU MEXICO,https://www.ikumexico.com/property/bakaba-vida-en-armonia-playa-del-carmen,Playa del Carmen; Other Riviera Maya
Hana Suzuki by iKU MEXICO,https://www.ikumexico.com/,EasyBroker,https://www.ikumexico.com/property/vive-una-experiencia-de-lujo-en-tu-depa-junto-al-mar-caribe-zona-industrial,VIVE UNA EXPERIENCIA DE LUJO EN TU DEPA JUNTO AL MAR CARIBE,Condo/Apartment,226000,USD,2,2,97,m2,Vive una Experiencia de Lujo en tu Depa Junto al Mar Caribe Características 2 Recamara 2 Baño Cajón de Estacionamiento Terraza y Comedor Clóset Vestidor Clóset para Blancos Cocina Equipada Área de ...,https://assets.easybroker.com/property_images/4482587/75047892/EB-QF2587.png?height=300&version=1715737053&width=450,Mexico,Quintana Roo,Playa del Carmen,,,Sale,1,Hana Suzuki by iKU MEXICO,https://www.ikumexico.com/property/vive-una-experiencia-de-lujo-en-tu-depa-junto-al-mar-caribe-zona-industrial,Playa del Carmen; Other Riviera Maya
Hana Suzuki by iKU MEXICO,https://www.ikumexico.com/,EasyBroker,https://www.ikumexico.com/property/solar-playa-studios-tu-estudio-en-playa-del-carmen,SOLAR PLAYA STUDIOS TU ESTUDIO EN PLAYA DEL CARMEN,Condo/Apartment,215300,USD,3,3,29,m2,"Precios según tipología, pregunte por disponibilidad. **Una Escapada al Paraíso Solar** Deja que SOLAR te sorprenda y embarcate en una aventura llena de magia. Comienza la operación del hotel en **...",https://assets.easybroker.com/property_images/4214997/70025939/EB-PE4997.png?height=300&version=1704939595&width=450,Mexico,Quintana Roo,Tulum,,,Sale,1,Hana Suzuki by iKU MEXICO,https://www.ikumexico.com/property/solar-playa-studios-tu-estudio-en-playa-del-carmen,Playa del Carmen; Tulum; Other Riviera Maya
Hana Suzuki by iKU MEXICO,https://www.ikumexico.com/,EasyBroker,https://www.ikumexico.com/property/macondo-residences-playacar-playa-car-fase-ii-solidaridad,MACONDO RESIDENCES PLAYACAR,Condo/Apartment,9662400,USD,3,3,230,m2,"MACONDO RESIDENCES PLAYACAR Despertar, correr, nadar, disfrutar la vida a tu ritmo. Diseñado como un club privado para ciudadanos del mundo y una oportunidad de elevar el portafolio de aquellos que...",https://assets.easybroker.com/property_images/4367017/72844928/EB-PT7017.png?height=300&version=1710647943&width=450,Mexico,Quintana Roo,Tulum,,,Sale,1,Hana Suzuki by iKU MEXICO,https://www.ikumexico.com/property/macondo-residences-playacar-playa-car-fase-ii-solidaridad,Playa del Carmen; Tulum; Other Riviera Maya
Hana Suzuki by iKU MEXICO,https://www.ikumexico.com/,EasyBroker,https://www.ikumexico.com/property/macondo-residences-playacar-playa-car-fase-ii,MACONDO RESIDENCES PLAYACAR,Condo/Apartment,7444800,USD,3,3,190,m2,"MACONDO RESIDENCES PLAYACAR Despertar, correr, nadar, disfrutar la vida a tu ritmo. Diseñado como un club privado para ciudadanos del mundo y una oportunidad de elevar el portafolio de aquellos que...",https://assets.easybroker.com/property_images/4367007/72844739/EB-PT7007.png?height=300&version=1710646712&width=450,Mexico,Quintana Roo,Tulum,,,Sale,1,Hana Suzuki by iKU MEXICO,https://www.ikumexico.com/property/macondo-residences-playacar-playa-car-fase-ii,Playa del Carmen; Tulum; Other Riviera Maya
Hana Suzuki by iKU MEXICO,https://www.ikumexico.com/,EasyBroker,https://www.ikumexico.com/property/macondo-residences-playacar,MACONDO RESIDENCES PLAYACAR,Condo/Apartment,7603200,USD,2,2,190,m2,"MACONDO RESIDENCES PLAYACAR Despertar, correr, nadar, disfrutar la vida a tu ritmo. Diseñado como un club privado para ciudadanos del mundo y una oportunidad de elevar el portafolio de aquellos que...",https://assets.easybroker.com/property_images/4367004/72844641/EB-PT7004.png?height=300&version=1710646133&width=450,Mexico,Quintana Roo,Tulum,,,Sale,1,Hana Suzuki by iKU MEXICO,https://www.ikumexico.com/property/macondo-residences-playacar,Playa del Carmen; Tulum; Other Riviera Maya
Hana Suzuki by iKU MEXICO,https://www.ikumexico.com/,EasyBroker,https://www.ikumexico.com/property/donde-tu-nueva-vida-comienza-la-selva-residences,DONDE TU NUEVA VIDA COMIENZA La Selva Residences,Condo/Apartment,2575000,USD,2,2,84,m2,"Precios según tipología, pregunte por disponibilidad. Vive a tu estilo en el mejor destino playa del Carmen es la ciudad con mayor crecimiento y plusvalía del caribe mexicano de privilegiada ubicac...",https://assets.easybroker.com/property_images/4214872/70022740/EB-PE4872.png?height=300&version=1704936451&width=450,Mexico,Quintana Roo,Playa del Carmen,,,Sale,1,Hana Suzuki by iKU MEXICO,https://www.ikumexico.com/property/donde-tu-nueva-vida-comienza-la-selva-residences,Playa del Carmen; Other Riviera Maya
Hana Suzuki by iKU MEXICO,https://www.ikumexico.com/,EasyBroker,https://www.ikumexico.com/property/magnifica-ubicacion-departamento-playa-del-carmen-quintana-roo,"MAGNIFICA UBICACION DEPARTAMENTO 5ta bis , PLAYA DEL CARMEN , QUINTANA ROO.",Condo/Apartment,162000,USD,2,1,92,m2,"Venta Renta largo plazo $25,000mxn Ubicacion privilegiada a pasos de la mejor calle de lav5ta ave . CALLE 38 donde encontrarás restaurantes y acceso a la playa Excelente inversión o pata vivir en l...",https://assets.easybroker.com/property_images/2428958/37789873/EB-IH8958.jpg?height=300&version=1629869202&width=450,Mexico,Quintana Roo,Tulum,,,Sale,3,Andrea Burgos; Hana Suzuki by iKU MEXICO; Pilar Reynoso,https://realestateplayadelcarmen.com.mx/property/2-bedroom-condo-for-sale-in-la-veleta-tulum-164/; https://www.ikumexico.com/property/magnifica-ubicacion-departamento-playa-del-carmen-quintana-roo,Playa del Carmen; Tulum; Other Riviera Maya
Hana Suzuki by iKU MEXICO,https://www.ikumexico.com/,EasyBroker,https://www.ikumexico.com/property/condo-boutique-5ta-avenida-playa-del-carmen,"CONDO BOUTIQUE 5TA AVENIDA , PLAYA DEL CARMEN",Condo/Apartment,142928,USD,1,1,39.98,m2,"Estudios y departamentos de 1 recamara, en ubicación privilegiada, con sólo 16 unidades listo para entrega inmediata, cuenta con régimen condominio por lo que son Bienvenidos los créditos bancarios...",https://assets.easybroker.com/property_images/2816269/44541288/EB-JU6269.jpg?height=300&version=1646576233&width=450,Mexico,Quintana Roo,Tulum,,,Sale,2,Hana Suzuki by iKU MEXICO; Sam Chávez,https://www.buyrivieramaya.com.mx/property/modern-studio-in-the-heart-of-playa-del-carmen-furnished-with-amenities; https://www.ikumexico.com/property/condo-boutique-5ta-avenida-playa-del-carmen,Playa del Carmen; Tulum; Other Riviera Maya
Hana Suzuki by iKU MEXICO,https://www.ikumexico.com/,EasyBroker,https://www.ikumexico.com/property/divino-departamento-playacar,"DIVINO DEPARTAMENTO PLAYACAR CON JARDIN PRIVADO , PLANTA BAJA",Condo/Apartment,32000,USD,2,2,,,"PLAYACAR* LA RIOJA 🏖️🏡 Departamento 2 recámaras 🛏️🛌 DISPONIBLE JUNIO 2026 2 1/2 baños 🚽🚿 Planta baja 🪴 con jardín privado 🌴 renta largo plazo 📅 AMUEBLADO 🛋️ *$32,000* 💲 *remodelado* ✨",https://assets.easybroker.com/property_images/5196614/89974730/EB-SY6614.jpg?height=300&version=1746829518&width=450,Mexico,Quintana Roo,Tulum,,,Sale,1,Hana Suzuki by iKU MEXICO,https://www.ikumexico.com/property/divino-departamento-playacar,Playa del Carmen; Tulum; Other Riviera Maya
Hana Suzuki by iKU MEXICO,https://www.ikumexico.com/,EasyBroker,https://www.ikumexico.com/property/playacar-departamento-3-recamaras-30-marzo-disponible,PLAYACAR DEPARTAMENTO 3 RECAMARAS,Condo/Apartment,22000,USD,3,2,97,m2,Disponible Ubicado condominio WAYAK Magnifico departamento ubicado en planta baja 3 recámaras ( originalmente el departamento es de 2 recamaras y se le hizo modificacion a la terraza de recamara pr...,https://assets.easybroker.com/property_images/2712029/79380266/EB-JK2029.jpg?height=300&version=1724867083&width=450,Mexico,Quintana Roo,Tulum,,,Sale,2,Hana Suzuki by iKU MEXICO; Tulum Rental Homes,https://www.ikumexico.com/property/playacar-departamento-3-recamaras-30-marzo-disponible; https://www.tulumrentalhomes.com.mx/property/kayum-203,Playa del Carmen; Tulum; Other Riviera Maya
Hana Suzuki by iKU MEXICO,https://www.ikumexico.com/,EasyBroker,https://www.ikumexico.com/property/departamento-de-lujo-en-la-mejor-zona-de-cancun,DEPARTAMENTO DE LUJO EN LA MEJOR ZONA DE CANCÚN ALTEA CUMBRES,Condo/Apartment,26500,USD,2,2,109,m2,"✨ Vive la exclusividad y el confort en Altea Via Cumbres, un desarrollo residencial boutique ubicado dentro de una de las zonas con mayor plusvalía y crecimiento de Cancún. Su privilegiada ubicació...",https://assets.easybroker.com/property_images/5997885/106069387/EB-WA7885.jpeg?height=300&version=1779305278&width=450,Mexico,Quintana Roo,Playa del Carmen,,,Sale,1,Hana Suzuki by iKU MEXICO,https://www.ikumexico.com/property/departamento-de-lujo-en-la-mejor-zona-de-cancun,Cancun; Playa del Carmen; Other Riviera Maya
Hana Suzuki by iKU MEXICO,https://www.ikumexico.com/,EasyBroker,https://www.ikumexico.com/property/casa-en-renta-en-selvamar-doble-seguridad-y-club-de-playa-selvamar,"CASA 4 RECÁMARAS, SELVAMAR",House,26000,USD,4,4,,,"CASA SIN MUEBLES CON AMPLIOS ESPACIOS DENTRO DEL RESIDENCIAL SELVAMAR CON DOBLE CASETA DE SEGURIDAD, A 5 MIN. DE LA PLAYA Y 12 MINUTOS DE LA 5TA. AVENIDA La casa cuenta con: * 3 Recamaras * Estudio...",https://assets.easybroker.com/property_images/3104185/79333851/EB-KX4185.jpeg?height=300&version=1724786051&width=450,Mexico,Quintana Roo,Playa del Carmen,,,Sale,1,Hana Suzuki by iKU MEXICO,https://www.ikumexico.com/property/casa-en-renta-en-selvamar-doble-seguridad-y-club-de-playa-selvamar,Playa del Carmen; Other Riviera Maya
Hana Suzuki by iKU MEXICO,https://www.ikumexico.com/,EasyBroker,https://www.ikumexico.com/property/departamento-frente-al-tec-de-mty-tecnologico,DEPARTAMENTO FRENTE AL TEC DE MTY,Condo/Apartment,27000,USD,1,1,,,"Departamentos de 1 recámara, para 2 personas, estratégicamente ubicado frente al TEC de Monterrey. Completamente amueblado, equipado y decorado. desde $27,000 pesos -1 Recámara con closet y 2 camas...",https://assets.easybroker.com/property_images/3751203/62366247/EB-NK1203.jpeg?height=300&version=1686435739&width=450,Mexico,Quintana Roo,Playa del Carmen,,,Sale,2,Hana Suzuki by iKU MEXICO,https://www.ikumexico.com/property/departamento-frente-al-tec-de-mty; https://www.ikumexico.com/property/departamento-frente-al-tec-de-mty-tecnologico,Playa del Carmen; Other Riviera Maya
Hana Suzuki by iKU MEXICO,https://www.ikumexico.com/,EasyBroker,https://www.ikumexico.com/property/hermoso-departamento-en-renta-playa-del-carmen,HERMOSO DEPARTAMENTO EN RENTA PLAYA DEL CARMEN,Condo/Apartment,17000,USD,2,1,97,m2,"Descripción: Bienvenido a este encantador departamento de 2 recámara, 1 baño, equipado y amueblado para tu comodidad. Este hogar cuenta con todo lo necesario para una experiencia de vida excepciona...",https://assets.easybroker.com/property_images/4464766/74702017/EB-QD4766.jpg?height=300&version=1714872688&width=450,Mexico,Quintana Roo,Tulum,,,Sale,1,Hana Suzuki by iKU MEXICO,https://www.ikumexico.com/property/hermoso-departamento-en-renta-playa-del-carmen,Playa del Carmen; Tulum; Other Riviera Maya
Hana Suzuki by iKU MEXICO,https://www.ikumexico.com/,EasyBroker,https://www.ikumexico.com/property/departamento-acabados-de-lujo-ejidal,"DEPARTAMENTO ACABADOS DE LUJO, SELVANOVA, COTO, PLAYA DEL CARMEN",Condo/Apartment,20000,USD,3,2,16,m2,"COTO 6 Departamento con elevador en condominio 3 recamaras 2 baños completos con terminados de lujo Sala , comedor y gran terraza techada de 16m2 Cocina nueva , semi equipada Cuarto de lavado con c...",https://assets.easybroker.com/property_images/2181296/33559850/EB-HJ1296.jpg?height=300&version=1619391459&width=450,Mexico,Quintana Roo,Tulum,,,Sale,1,Hana Suzuki by iKU MEXICO,https://www.ikumexico.com/property/departamento-acabados-de-lujo-ejidal,Playa del Carmen; Tulum; Other Riviera Maya
Hana Suzuki by iKU MEXICO,https://www.ikumexico.com/,EasyBroker,https://www.ikumexico.com/property/departamento-en-chipinque-valle-de-chipinque,DEPARTAMENTO EN CHIPINQUE,Condo/Apartment,25000,USD,2,2,85,m2,DISPONIBLE A MEDIADOS DE JUNIO 2025 Departamento en Chipinque 2 Recámaras 2 Baños Sala Comedor Terraza Cocina (equipada) Centro de lavado NO AMUEBLADO,https://assets.easybroker.com/property_images/2689524/43208205/EB-JH9524.jpeg?height=300&version=1643647612&width=450,Mexico,Quintana Roo,Playa del Carmen,,,Sale,1,Hana Suzuki by iKU MEXICO,https://www.ikumexico.com/property/departamento-en-chipinque-valle-de-chipinque,Playa del Carmen; Other Riviera Maya
Hana Suzuki by iKU MEXICO,https://www.ikumexico.com/,EasyBroker,https://www.ikumexico.com/property/estrena-departamento-torre-acacia,ESTRENA DEPARTAMENTO TORRE ACACIA,Condo/Apartment,65000,USD,2,2,102,m2,"Hermoso departamento en ARMIDA- TORRE ACACIA 1 VALLE ORIENTE *Renta $65,000 (ya incluye mtto.)* Localizado en esquina con hermosas vistas a la ciudad. Piso 29 ( último piso ) • Mide 102 mts2 • 2 re...",https://assets.easybroker.com/property_images/4820321/81727897/EB-RN0321.jpeg?height=300&version=1729909874&width=450,Mexico,Quintana Roo,Playa del Carmen,,,Sale,1,Hana Suzuki by iKU MEXICO,https://www.ikumexico.com/property/estrena-departamento-torre-acacia,Playa del Carmen; Other Riviera Maya
Hana Suzuki by iKU MEXICO,https://www.ikumexico.com/,EasyBroker,https://www.ikumexico.com/property/bellisima-casa-en-privada-cerrada-selvamar-playa-del-carmen,"EXCLUSIVA CASA EN PRIVADA SÚPER SEGURA. SELVAMAR, PLAYA DEL CARMEN",House,50000,USD,4,3,,,"CASA EN RENTA UNICA EN SU TIPO, 4 RECAMARAS EN PRIVADA CON DOBLE SEGURIDAD EN SELVAMAR Hermosa casa en fraccionamiento con doble seguridad completamente amueblada, equipada y decorada. Amplios vent...",https://assets.easybroker.com/property_images/2885591/45767188/EB-KB5591.jpeg?height=300&version=1648875540&width=450,Mexico,Quintana Roo,Tulum,,,Sale,1,Hana Suzuki by iKU MEXICO,https://www.ikumexico.com/property/bellisima-casa-en-privada-cerrada-selvamar-playa-del-carmen,Playa del Carmen; Tulum; Other Riviera Maya
Hana Suzuki by iKU MEXICO,https://www.ikumexico.com/,EasyBroker,https://www.ikumexico.com/property/exclusivo-departamento-ph-playacar-playa-del-carmen,"EXCLUSIVO  PH  PLAYACAR, PLAYA DEL CARMEN",Condo/Apartment,45500,USD,2,2,,,"LUJOSO PH CON ROOFTOP PRIVADO EN PLAYACAR El condominio Vaivén está catalogado como uno de los más exclusivos de Playa del Carmen, ubicado en el desarrollo privado Playacar y es reconocido por sus ...",https://assets.easybroker.com/property_images/2837729/44906438/EB-JW7729.jpeg?height=300&version=1647381665&width=450,Mexico,Quintana Roo,Tulum,,,Sale,1,Hana Suzuki by iKU MEXICO,https://www.ikumexico.com/property/exclusivo-departamento-ph-playacar-playa-del-carmen,Playa del Carmen; Tulum; Other Riviera Maya
Hana Suzuki by iKU MEXICO,https://www.ikumexico.com/,EasyBroker,https://www.ikumexico.com/property/estrena-casa-en-exclusivo-residencial-con-ubicacion-privilegiada,"CASA AMUEBLADA EN EXCLUSIVO RESIDENCIAL PRIVADO , PLAYA DEL CARMEN",House,40000,USD,3,3,,,"CASA EN RENTA LISTA PARA ESTRENAR! EN EXCLUSIVO RESIDENCIAL PALMARA. UBICADA CERCA DE LOS MEJORES COLEGIOS Y PARQUES COMO XCARET, XPLORE, XENSES, ETC. EN PLAYA DEL CARMEN CON AMENIDADES DE 1er NIVE...",https://assets.easybroker.com/property_images/2786141/44044088/EB-JR6141.jpeg?height=300&version=1646510687&width=450,Mexico,Quintana Roo,Tulum,,,Sale,1,Hana Suzuki by iKU MEXICO,https://www.ikumexico.com/property/estrena-casa-en-exclusivo-residencial-con-ubicacion-privilegiada,Playa del Carmen; Tulum; Other Riviera Maya
Hana Suzuki by iKU MEXICO,https://www.ikumexico.com/,EasyBroker,https://www.ikumexico.com/property/casa-en-renta-en-fracc-privado-allegranza-playa-del-carmen,"CASA EN RENTA  EN FRACC.PRIVADO ALLEGRANZA, PLAYA DEL CARMEN",House,26000,USD,3,3,,,CASA DE 3 RECÁMARAS AMUEBLADA Y EQUIPADA EN FRACCIONAMIENTO PRIVADO. + 3 Recámaras ( 1 en Planta baja) + 3 baños completos + 1 medio baño área social. + Jardín Excelente ambiente Familiar Fracciona...,https://assets.easybroker.com/property_images/3124865/49931443/EB-KZ4865.jpeg?height=300&version=1657906911&width=450,Mexico,Quintana Roo,Tulum,,,Sale,1,Hana Suzuki by iKU MEXICO,https://www.ikumexico.com/property/casa-en-renta-en-fracc-privado-allegranza-playa-del-carmen,Playa del Carmen; Tulum; Other Riviera Maya
Hana Suzuki by iKU MEXICO,https://www.ikumexico.com/,EasyBroker,https://www.ikumexico.com/property/casa-en-renta-en-playacar-playa-del-carmen,"CASA EN RENTA EN PLAYACAR, PLAYA DEL CARMEN",House,30000,USD,3,3,,,"CASA EN RENTA EN RESIDENCIAL PRIVADO PLAYACAR, PLAYA DEL CARMEN Completamente amueblada y decorada. Cerca área comercial y restaurantes. Consta de -3 recámaras -3 Baños ( 1 tina de baño) -Cocina eq...",https://assets.easybroker.com/property_images/3048389/48614487/EB-KR8389.jpeg?height=300&version=1655476222&width=450,Mexico,Quintana Roo,Tulum,,,Sale,1,Hana Suzuki by iKU MEXICO,https://www.ikumexico.com/property/casa-en-renta-en-playacar-playa-del-carmen,Playa del Carmen; Tulum; Other Riviera Maya
Hana Suzuki by iKU MEXICO,https://www.ikumexico.com/,EasyBroker,https://www.ikumexico.com/property/casa-amueblada-en-exclusivo-residencial-privado-con-cenote-playa-del-carmen,"CASA EN EXCLUSIVO RESIDENCIAL PRIVADO ,CON CENOTE , PLAYA DEL CARMEN",House,45000,USD,3,4,,,"CASA AMUEBLADA, EN FRACCIONAMIENTO EXCLUSIVO CON DOBLE SEGURIDAD EN ZONA DIAMANTE, PLAYA DEL CARMEN 3 Recamaras cada una con baño completo, una de ellas en planta baja. + 1 Recamara para visitas/se...",https://assets.easybroker.com/property_images/2891815/64321827/EB-KC1815.jpeg?height=300&version=1690553923&width=450,Mexico,Quintana Roo,Playa del Carmen,,,Sale,1,Hana Suzuki by iKU MEXICO,https://www.ikumexico.com/property/casa-amueblada-en-exclusivo-residencial-privado-con-cenote-playa-del-carmen,Playa del Carmen; Other Riviera Maya
Hana Suzuki by iKU MEXICO,https://www.ikumexico.com/,EasyBroker,https://www.ikumexico.com/property/re-estrena-casa-en-playacar,"CASA EN PLAYACAR, REMODELADA,",House,44000,USD,3,2,,,Casa remodelada en Playacar. Totalmente Amueblada y equipada a escasos pasos de la alberca comunal. Disfruta de su enorme terraza con vista a la alberca y grandes árboles de la región. La casa cuen...,https://assets.easybroker.com/property_images/2756404/43539416/EB-JO6404.jpeg?height=300&version=1644392012&width=450,Mexico,Quintana Roo,Tulum,,,Sale,1,Hana Suzuki by iKU MEXICO,https://www.ikumexico.com/property/re-estrena-casa-en-playacar,Playa del Carmen; Tulum; Other Riviera Maya
Hana Suzuki by iKU MEXICO,https://www.ikumexico.com/,EasyBroker,https://www.ikumexico.com/property/estrenar-departamento-planta-baja-jardines-de-mayakoba-playa-del-carmen-quin,"DEPARTAMENTO PLANTA BAJA  JARDINES DE MAYAKOBA, PLAYA DEL CARMEN, Quintana Roo",Condo/Apartment,11500,USD,3,1,70.37,m2,"Magnifico departamento en planta baja ,ubicado en esquina frontal, estacionamiento a la puerta. Alberca a pasos de departamento. Área común con palapa , asadores , alberca y camastros. Ubicado en F...",https://assets.easybroker.com/property_images/2363207/36692071/EB-IB3207.jpg?height=300&version=1627100822&width=450,Mexico,Quintana Roo,Playa del Carmen,,,Sale,1,Hana Suzuki by iKU MEXICO,https://www.ikumexico.com/property/estrenar-departamento-planta-baja-jardines-de-mayakoba-playa-del-carmen-quin,Playa del Carmen; Other Riviera Maya
Hana Suzuki by iKU MEXICO,https://www.ikumexico.com/,EasyBroker,https://www.ikumexico.com/property/awa-largo-plazo-departamento-playa-car-fase-ii,"AWA , LARGO PLAZO DEPARTAMENTO",Condo/Apartment,40000,USD,1,1,,,Hermoso departamento de 1 recamara completa y una segunda habitación pequeña . Desarrollo awa lo más nuevo de playacar Alberca con camastros Gym Lobby Estacionamiento asignado,https://assets.easybroker.com/property_images/3956672/65176453/EB-OE6672.jpg?height=300&version=1692417177&width=450,Mexico,Quintana Roo,Tulum,,,Sale,1,Hana Suzuki by iKU MEXICO,https://www.ikumexico.com/property/awa-largo-plazo-departamento-playa-car-fase-ii,Playa del Carmen; Tulum; Other Riviera Maya
Hana Suzuki by iKU MEXICO,https://www.ikumexico.com/,EasyBroker,https://www.ikumexico.com/property/awa-largo-plazo-departamento,"AWA , LARGO PLAZO DEPARTAMENTO",Condo/Apartment,39000,USD,2,1,,,Hermoso departamento de 1 recamara completa y una segunda habitación pequeña . Desarrollo awa lo más nuevo de playacar Alberca con camastros Gym Lobby Estacionamiento asignado,https://assets.easybroker.com/property_images/3782907/62007073/EB-NN2907.jpg?height=300&version=1685643835&width=450,Mexico,Quintana Roo,Tulum,,,Sale,1,Hana Suzuki by iKU MEXICO,https://www.ikumexico.com/property/awa-largo-plazo-departamento,Playa del Carmen; Tulum; Other Riviera Maya
Hana Suzuki by iKU MEXICO,https://www.ikumexico.com/,EasyBroker,https://www.ikumexico.com/property/amplia-casa-con-estilo-unico-playacar-playa-carmen,"CASA AMPLIA CON GRAN PATIO TRASERO ,PLAYACAR , PLAYA CARMEN",Land/Lot,5000,USD,4,5,350,m2,"Hermosa casa en fraccionamiento exclusivo playacar fase 2 . Hermoso y amplio jardín con alberca , terreno excedente que hace de esta casa un paraíso. Con alberca privada y terraza equipada para pas...",https://assets.easybroker.com/property_images/2966344/47188418/EB-KJ6344.jpg?height=300&version=1652325242&width=450,Mexico,Quintana Roo,Tulum,,,Sale,1,Hana Suzuki by iKU MEXICO,https://www.ikumexico.com/property/amplia-casa-con-estilo-unico-playacar-playa-carmen,Playa del Carmen; Tulum; Other Riviera Maya
Hana Suzuki by iKU MEXICO,https://www.ikumexico.com/,EasyBroker,https://www.ikumexico.com/property/casa-con-alberca-privada-selvamar,"CASA CON ALBERCA PRIVADA, SELVAMAR,PLAYA DEL CARMEN",House,4000,USD,4,4,,,Hermosa casa en fraccionamiento selvamar Alberca privada 4 amplias recámaras,https://assets.easybroker.com/property_images/3247546/52060798/EB-LL7546.jpg?height=300&version=1662835867&width=450,Mexico,Quintana Roo,Tulum,,,Sale,1,Hana Suzuki by iKU MEXICO,https://www.ikumexico.com/property/casa-con-alberca-privada-selvamar,Playa del Carmen; Tulum; Other Riviera Maya
Hana Suzuki by iKU MEXICO,https://www.ikumexico.com/,EasyBroker,https://www.ikumexico.com/property/hermoso-departamento-playa-car-playa-del-carmen-quintana-roo,"HERMOSO DEPARTAMENTO, PLAYA CAR, PLAYA DEL CARMEN ,QUINTANA ROO",Condo/Apartment,38000,USD,4,3,,,Hermoso y muy amplio departamentos En condominio de playacar fasec2 Cuenta con 3 albercas muy bien cuidadas . Terraza privada con jacuzzi 3 recámaras 1 estudio Lock off sala Comedor cocina Aire inv...,https://assets.easybroker.com/property_images/2363997/36705756/EB-IB3997.jpg?height=300&version=1627185060&width=450,Mexico,Quintana Roo,Playa del Carmen,,,Sale,1,Hana Suzuki by iKU MEXICO,https://www.ikumexico.com/property/hermoso-departamento-playa-car-playa-del-carmen-quintana-roo,Playa del Carmen; Other Riviera Maya
Hana Suzuki by iKU MEXICO,https://www.ikumexico.com/,EasyBroker,https://www.ikumexico.com/property/departamento-en-playacar-50bb5b7a-497c-432b-a900-bcac2c626e1e,DEPARTAMENTO EN PLAYACAR,Condo/Apartment,58000,USD,3,3,,,"Condominio equipado con gym , lobby . Alberca climatizada Estacionamiento techado Elevador Renta diaria precio varía Según temporada Solo renta vacacional hasta julio",https://assets.easybroker.com/property_images/2782093/43972110/EB-JR2093.jpg?height=300&version=1645319567&width=450,Mexico,Quintana Roo,Tulum,,,Sale,1,Hana Suzuki by iKU MEXICO,https://www.ikumexico.com/property/departamento-en-playacar-50bb5b7a-497c-432b-a900-bcac2c626e1e,Playa del Carmen; Tulum; Other Riviera Maya
Hana Suzuki by iKU MEXICO,https://www.ikumexico.com/,EasyBroker,https://www.ikumexico.com/property/playacar-departamento-renta,"PLAYACAR, DEPARTAMENTO RENTA",Condo/Apartment,21000,USD,1,1,,,"Hermoso departamento de 1 habitacion muy amplia Equipado y amueblado Fibra óptica Elevador Terraza con espectacular vista al campo de golf Alberca , camastros área social",https://assets.easybroker.com/property_images/2521670/39360524/EB-IR1670.jpg?height=300&version=1633788504&width=450,Mexico,Quintana Roo,Tulum,,,Sale,1,Hana Suzuki by iKU MEXICO,https://www.ikumexico.com/property/playacar-departamento-renta,Playa del Carmen; Tulum; Other Riviera Maya
InmoNetwork,https://www.inmonetwork.com,Tokko Broker,https://www.inmonetwork.com/p/8587741-Casa-en-condominio-en-Venta-en-Fraccionamiento-La-Joya-Casa-Amueblada-en-Venta-en-Residencial-La-Joya-Playa-del-Carmen-de-3-Rec%C3%A1maras,Casa en condominio en Venta en Fraccionamiento La Joya - Casa Amueblada en Venta en Residencial La Joya Playa del Carmen de 3 Recámaras,House,3300000,MXN,3,8,160,m2,"CASA EN VENTA EN RESIDENCIAL LA JOYA PLAYA DEL CARMEN CON 3 RECÁMARAS Y JARDÍN PRIVADO 120 m² de terreno160.22 m² de construcción3 recámaras2.5 bañosRecámara principal con vestidor y baño privadoÁrea de estudioCocina integral equipadaCuarto de lavadoJardín privadoSeguridad 24/7 Descubre esta excelente casa en venta dentro de Residencial La Joya, un desarrollo residencial reconocido por su ambiente familiar, seguridad y estratégica ubicación al sur de Playa del Carmen, con acceso inmediato a las principales vialidades de la ciudad. La propiedad cuenta con 120 m² de terreno y 160.22 m² de constr",https://static.tokkobroker.com/sm_pics/8587741_28863704527306895888133824478162434390216650727588826971728978469829203412099_og.jpg,Mexico,Quintana Roo,Tulum,,,Sale,1,InmoNetwork,https://www.inmonetwork.com/p/8587741-Casa-en-condominio-en-Venta-en-Fraccionamiento-La-Joya-Casa-Amueblada-en-Venta-en-Residencial-La-Joya-Playa-del-Carmen-de-3-Rec%C3%A1maras,Playa del Carmen; Tulum; Other Riviera Maya
InmoNetwork,https://www.inmonetwork.com,Tokko Broker,https://www.inmonetwork.com/p/8572388-Terreno-en-Venta-en-Residencial-Cumbres-Terreno-para-Desarrollo-Residencial-o-Comercial-en-Zona-Cumbres-Canc%C3%BAn,Terreno en Venta en Residencial Cumbres - Terreno para Desarrollo Residencial o Comercial en Zona Cumbres Cancún,Land/Lot,9000,MXN,,,12637,m2,"TERRENO EN VENTA EN CANCÚN DE 12,637 M² CERCA DE AVENIDA COLOSIO Y PLAZA CUMBRES 12,637 m² de superficieEscrituradoEntrega inmediataExcelente ubicaciónIdeal para desarrollo residencial, comercial o de usos mixtos Extraordinaria oportunidad para desarrolladores e inversionistas que buscan una reserva territorial en una de las zonas con mayor crecimiento y plusvalía de Cancún. Este terreno cuenta con una superficie total de 12,637 m² y forma parte del mismo conjunto de predios ubicados en el corredor de Avenida Luis Donaldo Colosio. Aunque este lote no tiene frente directo a la avenida, su ubica",https://static.tokkobroker.com/sm_pics/8572388_19135543598954881026300496262873735544615150046503003199543629278049921612234_og.jpg,Mexico,Quintana Roo,Playa del Carmen,,,Sale,1,InmoNetwork,https://www.inmonetwork.com/p/8572388-Terreno-en-Venta-en-Residencial-Cumbres-Terreno-para-Desarrollo-Residencial-o-Comercial-en-Zona-Cumbres-Canc%C3%BAn,Cancun; Playa del Carmen; Other Riviera Maya
InmoNetwork,https://www.inmonetwork.com,Tokko Broker,https://www.inmonetwork.com/p/8572385-Terreno-en-Venta-en-Residencial-Cumbres-Terrenos-Comerciales-en-Venta-sobre-Av-Colosio-Canc%C3%BAn-Frente-a-Plaza-Cumbres,Terreno en Venta en Residencial Cumbres - Terrenos Comerciales en Venta sobre Av Colosio Cancún Frente a Plaza Cumbres,Land/Lot,36000000,MXN,,,3000,m2,"TERRENOS COMERCIALES EN VENTA SOBRE AVENIDA COLOSIO FRENTE A PLAZA CUMBRES CANCÚN 3 terrenos disponibles2 terrenos contiguos con posibilidad de unificarse30 metros de frente por terreno60 metros de frente disponibles al adquirir dos terrenos juntos100 metros de fondoEscrituradosSobre Avenida ColosioFrente a Plaza CumbresUso ideal para desarrollo comercial o corporativo Extraordinaria oportunidad para inversionistas y desarrolladores que buscan una ubicación estratégica sobre el principal corredor de crecimiento de Cancún. Se ofrecen tres terrenos comerciales, cada uno con 30 metros de frente s",https://static.tokkobroker.com/sm_pics/8572385_36227100843261810140042630238322996651060167845919935371841697077419073257106_og.jpg,Mexico,Quintana Roo,Playa del Carmen,,,Sale,1,InmoNetwork,https://www.inmonetwork.com/p/8572385-Terreno-en-Venta-en-Residencial-Cumbres-Terrenos-Comerciales-en-Venta-sobre-Av-Colosio-Canc%C3%BAn-Frente-a-Plaza-Cumbres,Cancun; Playa del Carmen; Other Riviera Maya
InmoNetwork,https://www.inmonetwork.com,Tokko Broker,https://www.inmonetwork.com/p/8516615-Departamento-en-Venta-en-Playa-Car-Fase-II-Departamento-Amueblado-en-PB-en-Venta-dentro-de-Playacar-con-2-rec%C3%A1maras,Departamento en Venta en Playa Car Fase II - Departamento Amueblado en PB en Venta dentro de Playacar con 2 recámaras,Condo/Apartment,3300000,MXN,2,2,70,m2,"DEPARTAMENTO AMUEBLADO EN VENTA EN PLAYACAR EN PLANTA BAJA 70 m² | Planta baja 2 recámaras1.5 bañosTerraza privada con salida a la alberca1 estacionamiento asignado + visitas Amenidades:AlbercaPalapaAsador JardinesCamastrosSeguridad y acceso controlado Ubicado dentro de Playacar, el residencial más exclusivo de Playa del Carmen, con amplias áreas verdes, ciclovías y seguridad 24/7. A pocos minutos de la playa, Quinta Avenida, Paseo del Carmen, supermercados, restaurantes y todos los servicios. Agenda tu visita hoy mismo",https://static.tokkobroker.com/sm_pics/8516615_92328380247329194871708201501854157815811960968482577381080554121670122081280_og.jpg,Mexico,Quintana Roo,Playa del Carmen,,,Sale,1,InmoNetwork,https://www.inmonetwork.com/p/8516615-Departamento-en-Venta-en-Playa-Car-Fase-II-Departamento-Amueblado-en-PB-en-Venta-dentro-de-Playacar-con-2-rec%C3%A1maras,Playa del Carmen; Other Riviera Maya
InmoNetwork,https://www.inmonetwork.com,Tokko Broker,https://www.inmonetwork.com/p/8493935-Departamento-en-Venta-en-Playa-del-Carmen-Venta-Departamento-de-1-Rec%C3%A1mara-con-Amenidades-Premium-a-pasos-de-la-Quinta-Av.-y-ADO-,Departamento en Venta en Playa del Carmen - Venta Departamento de 1 Recámara con Amenidades Premium a pasos de la Quinta Av. y ADO ,Condo/Apartment,3650000,MXN,1,1,70,m2,"DEPARTAMENTO EN VENTA EN ANAH PLAYA, PLAYA DEL CARMEN, A DOS CUADRAS DE LA QUINTA AVENIDA 70 m² de construcción1 recámara1 baño completoGran terraza con vista exteriorMuy iluminado1 lugar de estacionamiento subterráneoBodega privadaExcelentes acabados en mármol y granitoInfinity Pool panorámicaJacuzzisGimnasio de gran tamañoSalón de yogaRecepción y conciergeSeguridad 24/7Elevadores Descubre este exclusivo departamento en Anah Playa, uno de los desarrollos residenciales mejor ubicados y con mayor prestigio de Playa del Carmen. Diseñado para ofrecer una experiencia residencial superior, combina ",https://static.tokkobroker.com/sm_pics/8493935_97598006970318191904799707306300991777046148119690155233824451876972176651768_og.jpg,Mexico,Quintana Roo,Playa del Carmen,,,Sale,1,InmoNetwork,https://www.inmonetwork.com/p/8493935-Departamento-en-Venta-en-Playa-del-Carmen-Venta-Departamento-de-1-Rec%C3%A1mara-con-Amenidades-Premium-a-pasos-de-la-Quinta-Av.-y-ADO-,Playa del Carmen; Other Riviera Maya
InmoNetwork,https://www.inmonetwork.com,Tokko Broker,https://www.inmonetwork.com/p/8472940-Departamento-en-Venta-en-Playa-Car-Fase-II-Venta-Departamento-en-PB-Playacar-2-Rec%C3%A1maras.-Alberca-y-Terraza-Privada-,Departamento en Venta en Playa Car Fase II - Venta Departamento en PB Playacar 2 Recámaras. Alberca y Terraza Privada ,Condo/Apartment,3400000,MXN,2,2,90,m2,"DEPARTAMENTO EN VENTA EN PLAYACAR PLAYA DEL CARMEN CON TERRAZA PRIVADA Está a solo 20 minutos caminando a la playa 90 m² de construcciónPlanta baja2 recámaras2 baños completosRecámara principal con vestidor y terraza privadaSala y comedorCocina equipadaCuarto de lavado con lavadora y secadora1 lugar de estacionamientoAlberca comúnPalapa para eventosSeguridad y acceso controlado Descubre este excelente departamento en venta dentro del Condominio Wayak, ubicado en Playacar, la comunidad residencial con mayor prestigio y plusvalía de Playa del Carmen. Con 90 m² de construcción y una cómoda ubicac",https://static.tokkobroker.com/sm_pics/8472940_108742842530436805826673699856911693403649196356829965605069420301298969056465_og.jpg,Mexico,Quintana Roo,Playa del Carmen,,,Sale,1,InmoNetwork,https://www.inmonetwork.com/p/8472940-Departamento-en-Venta-en-Playa-Car-Fase-II-Venta-Departamento-en-PB-Playacar-2-Rec%C3%A1maras.-Alberca-y-Terraza-Privada-,Playa del Carmen; Other Riviera Maya
Julian Bienes Raices,https://julianbienesraices.com,,https://julianbienesraices.com/inmueble/casa-en-renta-en-parques-zafiro-residencial-garcia/,"Casa en renta en Parques Zafiro Residencial, Garcia – Julián",Land/Lot,10900,USD,3,3,2,m2,,https://julianbienesraices.com/wp-content/uploads/2025/05/final-e1752866776414-120x120.png; https://julianbienesraices.com/wp-content/uploads/2026/07/537c6b56-763b-4edb-8e81-5eaa64ecd71b.jpg; https://julianbienesraices.com/wp-content/uploads/2026/07/1b10e27c-8ae1-46ff-ab24-88547e2bfe69.jpg; https://julianbienesraices.com/wp-content/uploads/2026/07/5b66eeea-5f2f-4f89-8fe3-60d6c5922822.jpg; https://julianbienesraices.com/wp-content/uploads/2026/07/5c089fb2-169d-4960-a1ce-2fce3e05a342.jpg; https://julianbienesraices.com/wp-content/uploads/2026/07/6d7e52cd-a227-44bf-aa71-1f2b4036727a.jpg; https://julianbienesraices.com/wp-content/uploads/2026/07/6eaaf641-c0c7-4cb2-9565-5852c686dbfb.jpg; https://julianbienesraices.com/wp-content/uploads/2026/07/7b0fcd06-660f-4f90-b066-55c384527c67.jpg,Mexico,Quintana Roo,Playa del Carmen,,,Sale,1,Julian Bienes Raices,https://julianbienesraices.com/inmueble/casa-en-renta-en-parques-zafiro-residencial-garcia/,Playa del Carmen; Other Riviera Maya
Julian Bienes Raices,https://julianbienesraices.com,,https://julianbienesraices.com/inmueble/casa-en-renta-amueblada-en-almeria-apodaca/,"Casa en Renta Amueblada en Almería, Apodaca – Julián",Land/Lot,25000,USD,4,4,3,m2,,https://julianbienesraices.com/wp-content/uploads/2025/05/final-e1752866776414-120x120.png; https://julianbienesraices.com/wp-content/uploads/2026/07/Captura-de-pantalla-2026-07-01-a-las-11.17.43-a.m.jpg; https://julianbienesraices.com/wp-content/uploads/2026/07/Captura-de-pantalla-2026-07-01-a-las-11.18.01-a.m.jpg; https://julianbienesraices.com/wp-content/uploads/2026/07/Captura-de-pantalla-2026-07-01-a-las-11.18.08-a.m.jpg; https://julianbienesraices.com/wp-content/uploads/2026/07/Captura-de-pantalla-2026-07-01-a-las-11.18.13-a.m.jpg; https://julianbienesraices.com/wp-content/uploads/2026/07/Captura-de-pantalla-2026-07-01-a-las-11.18.19-a.m.jpg; https://julianbienesraices.com/wp-content/uploads/2026/07/Captura-de-pantalla-2026-07-01-a-las-11.18.25-a.m.jpg; https://julianbienesraices.com/wp-content/uploads/2026/07/Captura-de-pantalla-2026-07-01-a-las-11.18.30-a.m.jpg,Mexico,Quintana Roo,Playa del Carmen,,,Sale,1,Julian Bienes Raices,https://julianbienesraices.com/inmueble/casa-en-renta-amueblada-en-almeria-apodaca/,Playa del Carmen; Other Riviera Maya
Julian Bienes Raices,https://julianbienesraices.com,,https://julianbienesraices.com/inmueble/departamento-amueblado-en-constituyentes-guadalupe/,"Departamento amueblado en constituyentes, Guadalupe – Julián",Land/Lot,22000,USD,2,2,2,m2,,https://julianbienesraices.com/wp-content/uploads/2025/05/final-e1752866776414-120x120.png; https://julianbienesraices.com/wp-content/uploads/2026/07/IMG-20260721-WA0038.jpg; https://julianbienesraices.com/wp-content/uploads/2026/07/IMG-20260721-WA0039.jpg; https://julianbienesraices.com/wp-content/uploads/2026/07/IMG-20260721-WA0040.jpg; https://julianbienesraices.com/wp-content/uploads/2026/07/IMG-20260721-WA0041.jpg; https://julianbienesraices.com/wp-content/uploads/2026/07/IMG-20260721-WA0042.jpg; https://julianbienesraices.com/wp-content/uploads/2026/07/IMG-20260721-WA0043.jpg; https://julianbienesraices.com/wp-content/uploads/2026/07/IMG-20260721-WA0044.jpg,Mexico,Quintana Roo,Playa del Carmen,,,Sale,2,Julian Bienes Raices,https://julianbienesraices.com/inmueble/departamento-amueblado-en-constituyentes-guadalupe/; https://julianbienesraices.com/inmueble/departamento-renta-en-centrika-centro-de-monterrey/,Playa del Carmen; Other Riviera Maya
Julian Bienes Raices,https://julianbienesraices.com,,https://julianbienesraices.com/inmueble/departamento-en-renta-en-nuevo-sur-ladrillera-monterrey/,"Departamento en Renta en Nuevo Sur, Ladrillera, Monterrey – Julián",Land/Lot,35000,USD,2,2,2,m2,,https://julianbienesraices.com/wp-content/uploads/2025/05/final-e1752866776414-120x120.png; https://julianbienesraices.com/wp-content/uploads/2026/07/ac24d33d-0cc8-4788-92d4-735084bc834a-copied-media2.jpg; https://julianbienesraices.com/wp-content/uploads/2026/07/bebda7e5-8581-4aae-ba01-1f9fe2e5c856-copied-media2.jpg; https://julianbienesraices.com/wp-content/uploads/2026/07/c1df162e-1a7e-4b27-84b0-509b6cd1718d-copied-media2.jpg; https://julianbienesraices.com/wp-content/uploads/2026/07/IMG_20230826_121441154.jpg; https://julianbienesraices.com/wp-content/uploads/2026/07/IMG_20230826_121448723_BURST000_COVER.jpg; https://julianbienesraices.com/wp-content/uploads/2026/07/IMG_20230826_121455620.jpg; https://julianbienesraices.com/wp-content/uploads/2026/07/IMG_20230826_121508740_HDR.jpg,Mexico,Quintana Roo,Playa del Carmen,,,Sale,1,Julian Bienes Raices,https://julianbienesraices.com/inmueble/departamento-en-renta-en-nuevo-sur-ladrillera-monterrey/,Playa del Carmen; Other Riviera Maya
Karina Sayed,https://playarealtors.co,Tokko Broker,https://playarealtors.co/listings/high-value-residential-land-in-playacar-phase-2-riviera-maya-for-sale/,High-Value Residential Land in Playacar Phase 2 Riviera Maya for Sale - Playa Realtors,Land/Lot,646800,USD,,,0.00,m2,"As the President and Broker of Playa Realtors, Karina brings a wealth of expertise, extensive knowledge, and a remarkable professional journey to the forefront.",https://playarealtors.co/wp-content/uploads/2026/05/playarealtors-social.jpg,Mexico,Q.R.,Gonzalo Guerrero,,,Sale,1,Karina Sayed,https://playarealtors.co/listings/high-value-residential-land-in-playacar-phase-2-riviera-maya-for-sale/,Playa del Carmen; Other Riviera Maya
Karina Sayed,https://playarealtors.co,Tokko Broker,https://playarealtors.co/listings/studio-for-sale-in-playa-del-carmen-ready-to-generate-income-from-day-1/,Studio for Sale in Playa del Carmen – Ready to Generate Income from Day 1 - Playa Realtors,Land/Lot,206146,USD,,2,32,m2,"As the President and Broker of Playa Realtors, Karina brings a wealth of expertise, extensive knowledge, and a remarkable professional journey to the forefront.",https://playarealtors.co/wp-content/uploads/2026/05/playarealtors-social.jpg,Mexico,Q.R.,Gonzalo Guerrero,,,Sale,5,Karina Sayed,https://playarealtors.co/listings/land-for-sale-in-mahahual-wake-up-to-the-sound-of-the-sea-2-meters-of-pristine-coastline/; https://playarealtors.co/listings/studio-condo-for-sale-in-playa-del-carmen-5-min-from-the-beach-with-guaranteed-rental-income/; https://playarealtors.co/listings/studio-for-sale-in-playa-del-carmen-ready-to-generate-income-from-day-1/; https://playarealtors.co/listings/studio-for-sale-in-the-heart-of-playa-del-carmen-steps-from-fifth-avenue/; https://playarealtors.co/listings/studio-for-sale-with-terrace-live-the-caribbean-lifestyle-in-playa-del-carmen/,Playa del Carmen
Karina Sayed,https://playarealtors.co,Tokko Broker,https://playarealtors.co/listings/hotel-building-with-pool-for-sale-in-playa-del-carmen-heart-of-the-riviera-maya-investment-with-immediate-rental-income/,"Hotel building with pool for sale in Playa del Carmen, heart of the Riviera Maya. Investment with immediate rental income. - Playa Realtors",Land/Lot,3000000,USD,2,8,360,m2,"As the President and Broker of Playa Realtors, Karina brings a wealth of expertise, extensive knowledge, and a remarkable professional journey to the forefront.",https://playarealtors.co/wp-content/uploads/2026/05/playarealtors-social.jpg,Mexico,Q.R.,Gonzalo Guerrero,,,Sale,1,Karina Sayed,https://playarealtors.co/listings/hotel-building-with-pool-for-sale-in-playa-del-carmen-heart-of-the-riviera-maya-investment-with-immediate-rental-income/,Playa del Carmen; Other Riviera Maya
Karina Sayed,https://playarealtors.co,Tokko Broker,https://playarealtors.co/listings/el-encuentro-casa-en-venta-en-playa-del-carmen-de-3-recamaras-y-paneles-solares/,El Encuentro - 3-bedroom house for sale in Playa del Carmen with solar panels - Playa Realtors,Land/Lot,250000,USD,3,3,200,m2,"As the President and Broker of Playa Realtors, Karina brings a wealth of expertise, extensive knowledge, and a remarkable professional journey to the forefront.",https://playarealtors.co/wp-content/uploads/2026/05/playarealtors-social.jpg,Mexico,Q.R.,Gonzalo Guerrero,,,Sale,2,Karina Sayed,https://playarealtors.co/listings/1-bedroom-apartment-exclusive-terrace-for-sale-in-puerto-aventuras-luxury-comfort-steps-from-the-caribbean/; https://playarealtors.co/listings/el-encuentro-casa-en-venta-en-playa-del-carmen-de-3-recamaras-y-paneles-solares/,Playa del Carmen
Karina Sayed,https://playarealtors.co,Tokko Broker,https://playarealtors.co/listings/torre-48-studio-for-sale-with-privileged-view-and-rooftop-pool-in-playa-del-carmen-2/,Torre 48 - Studio for Sale with Privileged View and Rooftop Pool in Playa del Carmen - Playa Realtors,Land/Lot,139000,USD,,2,45.55,m2,"As the President and Broker of Playa Realtors, Karina brings a wealth of expertise, extensive knowledge, and a remarkable professional journey to the forefront.",https://playarealtors.co/wp-content/uploads/2026/05/playarealtors-social.jpg,Mexico,Q.R.,Gonzalo Guerrero,,,Rent,4,Karina Sayed,https://playarealtors.co/listings/for-sale-305-m%C2%B2-residential-commercial-lot-in-playa-del-carmen-riviera-maya/; https://playarealtors.co/listings/terreno-en-venta-en-chemuyil-lote-de-339-m2-para-construir-en-tulum/; https://playarealtors.co/listings/torre-48-studio-for-sale-with-privileged-view-and-rooftop-pool-in-playa-del-carmen-2/; https://playarealtors.co/listings/torre-48-studio-for-sale-with-privileged-view-and-rooftop-pool-in-playa-del-carmen/,Playa del Carmen
Karina Sayed,https://playarealtors.co,Tokko Broker,https://playarealtors.co/listings/menesse-38-2-independent-studios-for-sale-smart-investment-in-playa-del-carmen/,Menesse 38 - 2 independent studios for sale – Smart investment in Playa del Carmen - Playa Realtors,Land/Lot,255555,USD,,2,64.05,m2,"As the President and Broker of Playa Realtors, Karina brings a wealth of expertise, extensive knowledge, and a remarkable professional journey to the forefront.",https://playarealtors.co/wp-content/uploads/2026/05/playarealtors-social.jpg,Mexico,Q.R.,Gonzalo Guerrero,,,Rent,4,Karina Sayed,https://playarealtors.co/listings/land-with-24-7-security-and-mixed-use-zoning-in-playacar-playa-del-carmen/; https://playarealtors.co/listings/menesse-38-2-independent-studios-for-sale-smart-investment-in-playa-del-carmen/; https://playarealtors.co/listings/prime-540-m%C2%B2-lot-for-sale-in-playa-del-carmen-with-world-class-amenities/; https://playarealtors.co/listings/studio-condo-for-sale-in-playa-del-carmen-modern-design-high-appreciation-rental-income/,Playa del Carmen
Karina Sayed,https://playarealtors.co,Tokko Broker,https://playarealtors.co/listings/investment-opportunity-264-8-m%C2%B2-premium-lot-in-a-sustainable-playa-del-carmen-development/,Investment Opportunity: 264.8 m² Premium Lot in a Sustainable Playa del Carmen Development - Playa Realtors,Land/Lot,117688,USD,,,264.8,m2,"As the President and Broker of Playa Realtors, Karina brings a wealth of expertise, extensive knowledge, and a remarkable professional journey to the forefront.",https://playarealtors.co/wp-content/uploads/2026/05/playarealtors-social.jpg,Mexico,Q.R.,Gonzalo Guerrero,,,Sale,1,Karina Sayed,https://playarealtors.co/listings/investment-opportunity-264-8-m%C2%B2-premium-lot-in-a-sustainable-playa-del-carmen-development/,Playa del Carmen
Karina Sayed,https://playarealtors.co,Tokko Broker,https://playarealtors.co/listings/playa-heaven-12-bedroom-hostel-with-coworking-space-rooftop-for-sale-in-playa-del-carmen/,Playa Heaven - 12-Bedroom Hostel with Coworking Space &amp; Rooftop for Sale in Playa del Carmen - Playa Realtors,Land/Lot,472222,USD,12,9,133.76,m2,"As the President and Broker of Playa Realtors, Karina brings a wealth of expertise, extensive knowledge, and a remarkable professional journey to the forefront.",https://playarealtors.co/wp-content/uploads/2026/05/playarealtors-social.jpg,Mexico,Q.R.,Gonzalo Guerrero,,,Sale,1,Karina Sayed,https://playarealtors.co/listings/playa-heaven-12-bedroom-hostel-with-coworking-space-rooftop-for-sale-in-playa-del-carmen/,Playa del Carmen
Karina Sayed,https://playarealtors.co,Tokko Broker,https://playarealtors.co/listings/house-for-sale-in-playa-del-carmen-3-bedrooms-with-pool-and-amenities/,House for Sale in Playa del Carmen – 3 Bedrooms with Pool and Amenities - Playa Realtors,Land/Lot,305555,USD,3,3,125,m2,"As the President and Broker of Playa Realtors, Karina brings a wealth of expertise, extensive knowledge, and a remarkable professional journey to the forefront.",https://playarealtors.co/wp-content/uploads/2026/05/playarealtors-social.jpg,Mexico,Q.R.,Gonzalo Guerrero,,,Sale,1,Karina Sayed,https://playarealtors.co/listings/house-for-sale-in-playa-del-carmen-3-bedrooms-with-pool-and-amenities/,Playa del Carmen
Karina Sayed,https://playarealtors.co,Tokko Broker,https://playarealtors.co/listings/casa-valenia-3-bedroom-house-for-sale-with-private-pool-in-gated-community-in-playa-del-carmen/,Casa Valenia - 3-Bedroom House for Sale with Private Pool in Gated Community in Playa del Carmen - Playa Realtors,Land/Lot,588888,USD,3,3,368.06,m2,"As the President and Broker of Playa Realtors, Karina brings a wealth of expertise, extensive knowledge, and a remarkable professional journey to the forefront.",https://playarealtors.co/wp-content/uploads/2026/05/playarealtors-social.jpg,Mexico,Q.R.,Gonzalo Guerrero,,,Sale,1,Karina Sayed,https://playarealtors.co/listings/casa-valenia-3-bedroom-house-for-sale-with-private-pool-in-gated-community-in-playa-del-carmen/,Playa del Carmen
LUXURY HABITAT REAL ESTATE,https://www.luxuryhabitat.com.mx/,EasyBroker,https://www.luxuryhabitat.com.mx/property/venta-de-departamento-en-playa-del-carmen-quintana-roo-mexico,"Venta de Departamento en Playa del Carmen, Quintana Roo México",Condo/Apartment,1221735,USD,0,1,25,m2,"extraordinarias amenidades; Alberca, sistema de seguridad, servicio de concierge, estacionamiento, elev palapa,ador, grill, asoleadero, área para motos y bicis, recepción, Precio desde Estudio desd...",https://assets.easybroker.com/property_images/5956655/107250960/EB-VW6655.jpeg?height=300&version=1781803838&width=450,Mexico,Quintana Roo,Tulum,,,Sale,2,LUXURY HABITAT REAL ESTATE; Luxury Habitat,https://www.luxuryhabitat.com.mx/property/venta-de-departamento-en-playa-del-carmen-quintana-roo-mexico,Playa del Carmen; Tulum; Other Riviera Maya
LUXURY HABITAT REAL ESTATE,https://www.luxuryhabitat.com.mx/,EasyBroker,https://www.luxuryhabitat.com.mx/property/venta-de-departamento-ph-con-alberca-amueblado-en-playa-del-carmen-quintana-roo,Venta de departamento ph con alberca amueblado en Playa del Carmen Quintana Roo,Condo/Apartment,4165000,USD,1,1,48,m2,¡A tan solo unos pasos de las increíbles playas del Mar Caribe! Reconocida Mundialmente como Playa Cocobeach Hermosos departamentos estudios y PH ubicados en una zona paradisíaca en la Riviera Maya...,https://assets.easybroker.com/property_images/5952037/104854493/EB-VW2037.jpg?height=300&version=1776898825&width=450,Mexico,Quintana Roo,Tulum,,,Sale,4,LUXURY HABITAT REAL ESTATE; Luxury Habitat,https://www.luxuryhabitat.com.mx/property/venta-de-departamento-1-rec-en-playa-del-carmen-quintana-roo; https://www.luxuryhabitat.com.mx/property/venta-de-departamento-ph-con-alberca-amueblado-en-playa-del-carmen-quintana-roo,Playa del Carmen; Tulum; Other Riviera Maya
Luxury Habitat,https://www.luxuryhabitat.com.mx/,EasyBroker,https://www.luxuryhabitat.com.mx/property/venta-de-pent-house-en-playa-del-carmen-luis-donaldo-colosio,Venta de Pent House en Playa del Carmen,Condo/Apartment,14283050,USD,2,3,80.59,m2,"Ubicado en Calle 40 y 5ª Avenida Diagonal Norte, ofrece un equilibrio inigualable entre conexión y calma — a unos pasos del mar, pero rodeado de serenidad. Vive y vacaciona con la atención y servic...",https://assets.easybroker.com/property_images/5904221/106400212/EB-VR4221.jpg?height=300&version=1779990104&width=450,Mexico,Quintana Roo,Playa del Carmen,,,Sale,1,Luxury Habitat,https://www.luxuryhabitat.com.mx/property/venta-de-pent-house-en-playa-del-carmen-luis-donaldo-colosio,Playa del Carmen; Other Riviera Maya
MELO BUENO BIENES RAICES,https://melobueno.com,EasyBroker,https://www.melobueno.com/property/departamento-fraccionamiento-playa-car-fase-i-playa-del-carmen,Departamento - Fraccionamiento Playa Car Fase I,Condo/Apartment,10500000,USD,3,3,300,m2,"Lujoso PH, super equipado y amueblado 300m2, 3 recamara con baño y walking closet, sala, comedor, cocina muy amplia,lavanderia, planta alta con jacuzzi con asador y terraza techado y muebles de jardin",https://assets.easybroker.com/property_images/1124168/16731033/EB-DH4168.jpg?height=300&version=1560980995&width=450,Mexico,Quintana Roo,Playa del Carmen,,,Sale,1,MELO BUENO BIENES RAICES,https://www.melobueno.com/property/departamento-fraccionamiento-playa-car-fase-i-playa-del-carmen,Playa del Carmen; Other Riviera Maya
Myan Realty,https://myanrealty.com.mx,Tokko Broker,https://www.myanrealty.com.mx/p/7781787-Departamento-en-Venta-en-Gonzalo-Guerrero-Exclusivo-Condo-Hotel-de-Dise%C3%B1o-en-Zona-de-Alta-Plusval%C3%ADa:-Estudio-con-Terraza,Departamento en Venta en Gonzalo Guerrero - Exclusivo Condo Hotel de Diseño en Zona de Alta Plusvalía: Estudio con Terraza,Condo/Apartment,179487,USD,,1,31,m2,"Descubre un concepto que redefine la inversión inmobiliaria en el corazón de Playa del Carmen: un exclusivo condo hotel boutique donde el lujo, el diseño y la rentabilidad se integran en una sola experiencia. Este proyecto único en su categoría ha sido creado para ofrecer el máximo beneficio al inversionista y, al mismo tiempo, brindar experiencias de hospedaje memorables. Aquí no solo adquieres una propiedad, sino un modelo inteligente de inversión. Residencia + Negocio Hotelero, TODO EN UNO El modelo condo hotel te permite disfrutar tu propiedad durante tus vacaciones y generar ingresos cuan",https://static.tokkobroker.com/sm_pics/117539117_og.jpg,Mexico,Quintana Roo,Playa del Carmen,,,Sale,1,Myan Realty,https://www.myanrealty.com.mx/p/7781787-Departamento-en-Venta-en-Gonzalo-Guerrero-Exclusivo-Condo-Hotel-de-Dise%C3%B1o-en-Zona-de-Alta-Plusval%C3%ADa:-Estudio-con-Terraza,Playa del Carmen; Other Riviera Maya
Myan Realty,https://myanrealty.com.mx,Tokko Broker,"https://www.myanrealty.com.mx/p/7781867-Departamento-en-Venta-en-Gonzalo-Guerrero-Hermoso-Departamento-de-2-Recs.-con-Jacuzzi,-cerca-del-mar","Departamento en Venta en Gonzalo Guerrero - Hermoso Departamento de 2 Recs. con Jacuzzi, cerca del mar",Condo/Apartment,330926,USD,,2,60,m2,"Descubre un concepto que redefine la inversión inmobiliaria en el corazón de Playa del Carmen: un exclusivo condo hotel boutique donde el lujo, el diseño y la rentabilidad se integran en una sola experiencia. Este proyecto único en su categoría ha sido creado para ofrecer el máximo beneficio al inversionista y, al mismo tiempo, brindar experiencias de hospedaje memorables. Aquí no solo adquieres una propiedad, sino un modelo inteligente de inversión. Residencia + Negocio Hotelero, TODO EN UNO El modelo condo hotel te permite disfrutar tu propiedad durante tus vacaciones y generar ingresos cuan",https://static.tokkobroker.com/sm_pics/117541490_og.jpg,Mexico,Quintana Roo,Playa del Carmen,,,Sale,1,Myan Realty,"https://www.myanrealty.com.mx/p/7781867-Departamento-en-Venta-en-Gonzalo-Guerrero-Hermoso-Departamento-de-2-Recs.-con-Jacuzzi,-cerca-del-mar",Playa del Carmen; Other Riviera Maya
Myan Realty,https://myanrealty.com.mx,Tokko Broker,https://www.myanrealty.com.mx/p/4957271-Departamento-en-Venta-en-Puerto-Canc%C3%BAn-Departamento-amplio-de-3-Recs.-en-Puerto-Cancun,Departamento en Venta en Puerto Cancún - Departamento amplio de 3 Recs. en Puerto Cancun,Condo/Apartment,19255996,MXN,3,3,217,m2,"Lo máximo de privacidad y lujo, vista espectacular, viviendo en Puerto Cancún. ¡Listo para mudarse! Amplio, luminoso departamento de 3 recámaras, vistas a la Marina y al mar. 4,5 baños. Ofreciendo balcones, un espacio de tv/oficina, y un cuarto de servicio, y una entrada de servicio separada. Amenidades: Acceso privado, Seguridad 24/7, Estacionamiento subterráneo, Lobby, Concierge, Centro de negocios, Sala de juntas, Área lounge, 2 piscinas, Gimnasio, Club de niños, Spa, Elevadores Acceso a playa y club de golf. Entrega Inmediata! Myan Realty, provides over 25 years of local knowledge at the R",https://static.tokkobroker.com/sm_pics/60991230_og.jpg,Mexico,Quintana Roo,Playa del Carmen,,,Sale,1,Myan Realty,https://www.myanrealty.com.mx/p/4957271-Departamento-en-Venta-en-Puerto-Canc%C3%BAn-Departamento-amplio-de-3-Recs.-en-Puerto-Cancun,Cancun; Playa del Carmen; Other Riviera Maya
Myan Realty,https://myanrealty.com.mx,Tokko Broker,https://www.myanrealty.com.mx/p/8073773-Departamento-en-Venta-en-Puerto-Aventuras-Vive-el-Caribe-con-Elegancia-y-Exclusividad:-PH-3-Recs.-Rootop-y-Alberca,Departamento en Venta en Puerto Aventuras - Vive el Caribe con Elegancia y Exclusividad: PH 3 Recs. Rootop y Alberca,Condo/Apartment,11339685,MXN,,3,108,m2,"Dentro de una de las comunidades residenciales más exclusivas de la Riviera Maya, esta residencial se distingue por su elegante arquitectura inspirada en el estilo europeo de finales del siglo XIX, fusionada con la esencia caribeña y detalles contemporáneos que resaltan la pureza de sus líneas, la armonía de sus columnas y la belleza de cada espacio. Un concepto único que combina aventura, seguridad, elegancia y confort, creando el escenario perfecto para disfrutar un estilo de vida incomparable en el Caribe Mexicano. Vive la experiencia de despertar rodeado de naturaleza, navegar por su exclu",https://static.tokkobroker.com/sm_pics/8073773_92297306378279915601611371167886287945963268828761318115579693204498725317250_og.jpg,Mexico,Quintana Roo,Playa del Carmen,,,Sale,1,Myan Realty,https://www.myanrealty.com.mx/p/8073773-Departamento-en-Venta-en-Puerto-Aventuras-Vive-el-Caribe-con-Elegancia-y-Exclusividad:-PH-3-Recs.-Rootop-y-Alberca,Playa del Carmen; Other Riviera Maya
Myan Realty,https://myanrealty.com.mx,Tokko Broker,"https://www.myanrealty.com.mx/p/8073677-Departamento-en-Venta-en-Puerto-Aventuras-Penhouse-en-la-Marina,-con-Rootop-y-Alberca","Departamento en Venta en Puerto Aventuras - Penhouse en la Marina, con Rootop y Alberca",Condo/Apartment,11847203,MXN,,2,105,m2,"Dentro de una de las comunidades residenciales más exclusivas de la Riviera Maya, esta residencial se distingue por su elegante arquitectura inspirada en el estilo europeo de finales del siglo XIX, fusionada con la esencia caribeña y detalles contemporáneos que resaltan la pureza de sus líneas, la armonía de sus columnas y la belleza de cada espacio. Un concepto único que combina aventura, seguridad, elegancia y confort, creando el escenario perfecto para disfrutar un estilo de vida incomparable en el Caribe Mexicano. Vive la experiencia de despertar rodeado de naturaleza, navegar por su exclu",https://static.tokkobroker.com/sm_pics/8073677_24274406119494795661624855121515502169610721803149041124892682854256319161087_og.jpg,Mexico,Quintana Roo,Playa del Carmen,,,Sale,1,Myan Realty,"https://www.myanrealty.com.mx/p/8073677-Departamento-en-Venta-en-Puerto-Aventuras-Penhouse-en-la-Marina,-con-Rootop-y-Alberca",Playa del Carmen; Other Riviera Maya
Myan Realty,https://myanrealty.com.mx,Tokko Broker,https://www.myanrealty.com.mx/p/8070566-Departamento-en-Venta-en-Puerto-Aventuras-Departamento-2-Recs.-en-la-Marina,Departamento en Venta en Puerto Aventuras - Departamento 2 Recs. en la Marina,Condo/Apartment,8974140,MXN,,2,110,m2,"Dentro de una de las comunidades residenciales más exclusivas de la Riviera Maya, esta residencial se distingue por su elegante arquitectura inspirada en el estilo europeo de finales del siglo XIX, fusionada con la esencia caribeña y detalles contemporáneos que resaltan la pureza de sus líneas, la armonía de sus columnas y la belleza de cada espacio. Un concepto único que combina aventura, seguridad, elegancia y confort, creando el escenario perfecto para disfrutar un estilo de vida incomparable en el Caribe Mexicano. Vive la experiencia de despertar rodeado de naturaleza, navegar por su exclu",https://static.tokkobroker.com/sm_pics/8070566_16198684273735180468479065054128800754643314872285891230880825200621684059501_og.jpg,Mexico,Quintana Roo,Playa del Carmen,,,Sale,1,Myan Realty,https://www.myanrealty.com.mx/p/8070566-Departamento-en-Venta-en-Puerto-Aventuras-Departamento-2-Recs.-en-la-Marina,Playa del Carmen; Other Riviera Maya
Myan Realty,https://myanrealty.com.mx,Tokko Broker,https://www.myanrealty.com.mx/p/6603849-Departamento-en-Venta-en-Puerto-Aventuras-Vive-Donde-Empieza-la-Aventura.-Condo-2-Recs.-con-Vista-a-los-Canales-en-la-Exclusiva-Puerto-Aventuras,Departamento en Venta en Puerto Aventuras - Vive Donde Empieza la Aventura. Condo 2 Recs. con Vista a los Canales en la Exclusiva Puerto Aventuras,Condo/Apartment,639000,USD,,2,110,m2,"Descubre el lujo y la tranquilidad en esta espectacular Condo ubicado en la exclusiva comunidad de Puerto Aventuras. Con una inigualable vista a los canales y rodeada de naturaleza, esta residencia ofrece un estilo de vida único en uno de los desarrollos con mayor plusvalía de la Riviera Maya. Puerto Aventuras se destaca por su seguridad, marina de clase mundial, campo de golf y una ubicación estratégica cerca de las mejores playas y atracciones de la región. Ideal para quienes buscan un hogar o una inversión con gran proyección de valor. Haz realidad tu sueño de vivir en el paraíso. Entrega I",https://static.tokkobroker.com/sm_pics/91273452_og.jpg,Mexico,Quintana Roo,Playa del Carmen,,,Sale,1,Myan Realty,https://www.myanrealty.com.mx/p/6603849-Departamento-en-Venta-en-Puerto-Aventuras-Vive-Donde-Empieza-la-Aventura.-Condo-2-Recs.-con-Vista-a-los-Canales-en-la-Exclusiva-Puerto-Aventuras,Playa del Carmen; Other Riviera Maya
Myan Realty,https://myanrealty.com.mx,Tokko Broker,"https://www.myanrealty.com.mx/p/6400833-Departamento-en-Venta-en-Puerto-Aventuras-Departamento-3-Recs.-con-Terraza,-frente-la-marina","Departamento en Venta en Puerto Aventuras - Departamento 3 Recs. con Terraza, frente la marina",Condo/Apartment,773790,USD,3,3,150,m2,"Descubre este elegante departamento de 3 recámaras, ubicado en uno de los desarrollos residenciales más exclusivos de Playa del Carmen, con un enfoque claro en estilo de vida. El proyecto combina arquitectura de lujo, materiales naturales y un concepto orientado al bienestar, creando un entorno sofisticado tanto para vivir como para invertir. La unidad ofrece espacios amplios, ventanales de piso a techo y una distribución funcional que maximiza la luz natural y la ventilación. Las amplias terrazas extienden la vida interior hacia el exterior, integrando el entorno tropical de manera natural. U",https://static.tokkobroker.com/sm_pics/122575600_og.jpg,Mexico,Quintana Roo,Playa del Carmen,,,Sale,1,Myan Realty,"https://www.myanrealty.com.mx/p/6400833-Departamento-en-Venta-en-Puerto-Aventuras-Departamento-3-Recs.-con-Terraza,-frente-la-marina",Playa del Carmen; Other Riviera Maya
Myan Realty,https://myanrealty.com.mx,Tokko Broker,"https://www.myanrealty.com.mx/p/7453086-Departamento-en-Venta-en-Zazil-Ha-Departamento-de-lujo,-2-Recs.-con-Balc%C3%B3n,-amueblado,-cerca-de-la-5nta-Av.-y-la-playa","Departamento en Venta en Zazil Ha - Departamento de lujo, 2 Recs. con Balcón, amueblado, cerca de la 5nta Av. y la playa",Condo/Apartment,437245,USD,2,2,69,m2,"Descubre esta elegante residencia de 2 recámaras, ubicada en una de las zonas más deseadas de Playa del Carmen, a solo unos pasos de la Quinta Avenida y del mar Caribe. Diseñado con un enfoque arquitectónico contemporáneo, este desarrollo combina materiales naturales, texturas cálidas, paisajismo cuidado y tecnología moderna, creando un entorno equilibrado enfocado en el bienestar y la comodidad. La unidad ofrece una distribución funcional con interiores luminosos, acabados de alta calidad y una conexión fluida entre los espacios interiores y exteriores. Está pensada tanto para una vida cómoda",https://static.tokkobroker.com/sm_pics/7453086_6146874593228309186823614790218883829068551798418960938354592883212144386044_og.jpg,Mexico,Quintana Roo,Playa del Carmen,,,Sale,1,Myan Realty,"https://www.myanrealty.com.mx/p/7453086-Departamento-en-Venta-en-Zazil-Ha-Departamento-de-lujo,-2-Recs.-con-Balc%C3%B3n,-amueblado,-cerca-de-la-5nta-Av.-y-la-playa",Playa del Carmen; Other Riviera Maya
Myan Realty,https://myanrealty.com.mx,Tokko Broker,"https://www.myanrealty.com.mx/p/7452862-Departamento-en-Venta-en-Zazil-Ha-Departamento-1-Rec.-con-Balc%C3%B3n,-a-pasos-de-la-5nta-Av.-y-la-playa","Departamento en Venta en Zazil Ha - Departamento 1 Rec. con Balcón, a pasos de la 5nta Av. y la playa",Condo/Apartment,296042,USD,1,1,46,m2,"Descubre esta elegante residencia de 1 recámara, ubicada en una de las zonas más deseadas de Playa del Carmen, a solo unos pasos de la Quinta Avenida y del mar Caribe. Diseñado con un enfoque arquitectónico contemporáneo, este desarrollo combina materiales naturales, texturas cálidas, paisajismo cuidado y tecnología moderna, creando un entorno equilibrado enfocado en el bienestar y la comodidad. La unidad ofrece una distribución funcional con interiores luminosos, acabados de alta calidad y una conexión fluida entre los espacios interiores y exteriores. Está pensada tanto para una vida cómoda ",https://static.tokkobroker.com/sm_pics/7452862_63960092955536404318994665601495385074590644986608477989488079514927562397894_og.jpg,Mexico,Quintana Roo,Playa del Carmen,,,Sale,1,Myan Realty,"https://www.myanrealty.com.mx/p/7452862-Departamento-en-Venta-en-Zazil-Ha-Departamento-1-Rec.-con-Balc%C3%B3n,-a-pasos-de-la-5nta-Av.-y-la-playa",Playa del Carmen; Other Riviera Maya
Myan Realty,https://myanrealty.com.mx,Tokko Broker,"https://www.myanrealty.com.mx/p/6499797-Departamento-en-Venta-en-Playa-del-Carmen-Centro-Departamento-Moderno,-2-Recs.-con-amenidades-y-servicios","Departamento en Venta en Playa del Carmen Centro - Departamento Moderno, 2 Recs. con amenidades y servicios",Condo/Apartment,4027880,MXN,2,2,82,m2,"Una nueva visión de la Riviera Maya. Descubre un entorno diseñado para la vida en familia, que ofrece una variedad de amenidades y espacios comerciales adaptados a tu estilo de vida. Combina la comodidad de residencias modernas con la conveniencia de un área comercial vibrante, ofreciendo un proyecto de usos mixtos que satisface todas tus necesidades diarias. 2 recámaras, 1 vestidor, 1 clóset, 2 baños, cocina, comedor, sala, centro de lavado, 2 balcones y terraza. Ubicado en zona de mayor plusvalía en el área. Amenidades 1. Alberca 2. Chapoteadero 3. Asoleaderos secos y húmedos 4. Gimnasio 5. ",https://static.tokkobroker.com/sm_pics/89218734_og.jpg,Mexico,Quintana Roo,Playa del Carmen,,,Sale,1,Myan Realty,"https://www.myanrealty.com.mx/p/6499797-Departamento-en-Venta-en-Playa-del-Carmen-Centro-Departamento-Moderno,-2-Recs.-con-amenidades-y-servicios",Playa del Carmen; Other Riviera Maya
Myan Realty,https://myanrealty.com.mx,Tokko Broker,"https://www.myanrealty.com.mx/p/5518124-Departamento-en-Venta-en-Playa-del-Carmen-Centro-Departamento-de-1-Rec.-a-pasos-de-la-5nta-Av.-y-la-playa-,-con-alberca-privada,-amueblado","Departamento en Venta en Playa del Carmen Centro - Departamento de 1 Rec. a pasos de la 5nta Av. y la playa , con alberca privada, amueblado",Condo/Apartment,3123482,MXN,1,1,48,m2,"Residencia de 1 Recámara en Planta Baja con Alberca Privada | Playa del Carmen Descubre esta excepcional residencia de 1 recámara en planta baja con alberca privada, ubicada en una de las zonas más privilegiadas de Playa del Carmen, a solo unos pasos de la Quinta Avenida y del mar Caribe. Diseñado con un fuerte enfoque en el arte, la artesanía y el bienestar, este desarrollo ofrece un concepto residencial único donde la arquitectura, la naturaleza y el estilo de vida se integran en perfecta armonía. Texturas cálidas, materiales naturales, paisajismo y tecnología se combinan cuidadosamente para",https://static.tokkobroker.com/sm_pics/70891171_og.jpg,Mexico,Quintana Roo,Playa del Carmen,,,Sale,1,Myan Realty,"https://www.myanrealty.com.mx/p/5518124-Departamento-en-Venta-en-Playa-del-Carmen-Centro-Departamento-de-1-Rec.-a-pasos-de-la-5nta-Av.-y-la-playa-,-con-alberca-privada,-amueblado",Playa del Carmen; Other Riviera Maya
Myan Realty,https://myanrealty.com.mx,Tokko Broker,"https://www.myanrealty.com.mx/p/7423718-Departamento-en-Venta-en-Playa-del-Carmen-Departamento-1-Rec.-con-Balc%C3%B3n,-a-pasos-de-la-5nta-Av.-y-la-playa","Departamento en Venta en Playa del Carmen - Departamento 1 Rec. con Balcón, a pasos de la 5nta Av. y la playa",Condo/Apartment,2900000,MXN,1,1,38,m2,"Moderno departamento de 1 recámara y 40 m², diseñado para ofrecer un espacio cómodo, funcional y contemporáneo. Su distribución aprovecha eficientemente cada metro cuadrado, integrando sala-comedor, cocina, recámara, baño completo y balcón. El diseño moderno y los espacios bien aprovechados lo convierten en una excelente opción tanto para disfrutar como residencia vacacional como para utilizarlo como propiedad de inversión. El desarrollo ofrece una completa selección de amenidades enfocadas en bienestar, relajación y convivencia. AmenidadesAlbercaAsoleaderoJacuzziSaunaGimnasioCoworkingÁrea de ",https://static.tokkobroker.com/sm_pics/109750002_og.jpg,Mexico,Quintana Roo,Playa del Carmen,,,Sale,1,Myan Realty,"https://www.myanrealty.com.mx/p/7423718-Departamento-en-Venta-en-Playa-del-Carmen-Departamento-1-Rec.-con-Balc%C3%B3n,-a-pasos-de-la-5nta-Av.-y-la-playa",Playa del Carmen; Other Riviera Maya
Myan Realty,https://myanrealty.com.mx,Tokko Broker,"https://www.myanrealty.com.mx/p/6383221-Terreno-en-Venta-en-Pueblo-Chabihau-Terrento-frente-al-mar,-HA2","Terreno en Venta en Pueblo Chabihau - Terrento frente al mar, HA2",Land/Lot,3300000,MXN,,,591,m2,"Venta de Terreno frente al mar, de 591m2 (6361 sq.ft.) Uso de suelo: HA2, Cus 1, Cos 40% Frente al mar: 8m Fondo carretera: 74m con acceso directo a la laguna por la parte atras. Chabihau es uno de los pocos puertos costeros en Yucatán que ha conservado su encanto de pueblo pequeño. Es el refugio ideal para relajarse y contemplar los bellos atardeceres. El puerto de Chabihau cuenta con todos los servicios necesarios (Farmacias, Restaurantes, Tiendas, etc) Red de energía eléctrica sobre la carretera. Cuenta con escritura. Myan Realty, provides over 25 years of local knowledge at the Riviera May",https://static.tokkobroker.com/sm_pics/86783530_og.jpg,Mexico,Quintana Roo,Playa del Carmen,,,Sale,1,Myan Realty,"https://www.myanrealty.com.mx/p/6383221-Terreno-en-Venta-en-Pueblo-Chabihau-Terrento-frente-al-mar,-HA2",Playa del Carmen; Other Riviera Maya
Myan Realty,https://myanrealty.com.mx,Tokko Broker,"https://www.myanrealty.com.mx/p/7763155-Terreno-en-Venta-en-Playa-del-Carmen-Exclusivo-Terreno-en-Esquina-en-Valenia,-Residencial-de-Lujo","Terreno en Venta en Playa del Carmen - Exclusivo Terreno en Esquina en Valenia, Residencial de Lujo",Land/Lot,2500000,MXN,,,391,m2,"Fantástico terreno en esquina en residencial de lujo VALENIA – Ubicación privilegiada cerca de Centro Maya Oportunidad única para construir la residencia de tus sueños o desarrollar un proyecto de alto nivel dentro de VALENIA, uno de los residenciales más exclusivos y completos de la zona. Este amplio terreno en esquina ofrece excelente orientación, mayor privacidad y un gran potencial constructivo. Superficie: 391.95 m² (4,208.68 ft²)HOA: $3,436 MXN mensualesCOS: 0.70CUS: 1.30 Vivir en Valenia es disfrutar de un entorno seguro, moderno y rodeado de naturaleza, con amenidades de primer nivel d",https://static.tokkobroker.com/sm_pics/117113982_og.jpg,Mexico,Quintana Roo,Playa del Carmen,,,Sale,1,Myan Realty,"https://www.myanrealty.com.mx/p/7763155-Terreno-en-Venta-en-Playa-del-Carmen-Exclusivo-Terreno-en-Esquina-en-Valenia,-Residencial-de-Lujo",Playa del Carmen; Other Riviera Maya
Myan Realty,https://myanrealty.com.mx,Tokko Broker,"https://www.myanrealty.com.mx/p/7017522-Terreno-en-Venta-en-Cozumel-Terreno-Frente-al-Mar-en-Cozumel,-12-ha,-1.2-km-de-playa","Terreno en Venta en Cozumel - Terreno Frente al Mar en Cozumel, 12 ha, 1.2 km de playa",Land/Lot,208250000,MXN,,,120000,m2,"Terreno en Venta con Proyecto Autorizado en la Playa de Cozumel – 12 Hectáreas Frente al Mar ¡Oportunidad única de inversión en Cozumel! Se vende espectacular terreno de 12 hectáreas con 1.2 km de playa virgen, una de las más hermosas de la isla, con arena blanca sin rocas. Ubicado junto a la famosa zona de El Cielo, ideal para desarrollo turístico de alto nivel. Este terreno cuenta con proyecto autorizado Manifestación de Impacto Ambiental (MIA) vigente y actualizada, y toda la documentación en regla, listo para iniciar desarrollo. Características destacadas: 12 hectáreas frente al mar Caribe",https://static.tokkobroker.com/sm_pics/100638325_og.jpg,Mexico,Quintana Roo,Playa del Carmen,,,Sale,1,Myan Realty,"https://www.myanrealty.com.mx/p/7017522-Terreno-en-Venta-en-Cozumel-Terreno-Frente-al-Mar-en-Cozumel,-12-ha,-1.2-km-de-playa",Playa del Carmen; Other Riviera Maya
Myan Realty,https://myanrealty.com.mx,Tokko Broker,"https://www.myanrealty.com.mx/p/8153501-Terreno-en-Venta-en-Conkal-Oportunidad,-Terreno-2200-m2,-en-San-Jose-Kuche,-Conkal,-Merida","Terreno en Venta en Conkal - Oportunidad, Terreno 2200 m2, en San Jose Kuche, Conkal, Merida",Land/Lot,137086,USD,,,2200,m2,"Este terreno ofrece una excelente oportunidad para desarrollar un proyecto residencial en la zona norte de Mérida. Está ubicado en San José Kuché, un área en crecimiento que colinda con Chablekal y que ha venido incrementando su plusvalía gracias a su cercanía con desarrollos de alto nivel. Además, se encuentra a corta distancia de plazas comerciales, hospitales, escuelas y a pocos minutos de la playa. La propiedad goza de una ubicación estratégica, cercana a importantes puntos como Cabo Norte, Plaza La Isla Mérida, Hospital El Faro, Yucatán Country Club, la Universidad Anáhuac Mayab, Madison ",https://static.tokkobroker.com/sm_pics/8153501_97172559924114925131676111586258963419603998744192009188829191719111591378153_og.jpg,Mexico,Quintana Roo,Playa del Carmen,,,Sale,1,Myan Realty,"https://www.myanrealty.com.mx/p/8153501-Terreno-en-Venta-en-Conkal-Oportunidad,-Terreno-2200-m2,-en-San-Jose-Kuche,-Conkal,-Merida",Playa del Carmen; Other Riviera Maya
Myan Realty,https://myanrealty.com.mx,Tokko Broker,https://www.myanrealty.com.mx/p/6250329-Terreno-en-Venta-en-Xpu-Ha-Terreno-con-Casa-Club-en-Xpu-Ha,Terreno en Venta en Xpu Ha - Terreno con Casa Club en Xpu-Ha,Land/Lot,3500000,MXN,4,,605,m2,"Terreno en Xpu-Ha, ubicada a sólo 20 min. de Playa del Carmen y Tulum, es una tranquila y hermosa playa de arena blanca y aguas turquesas. Con una atmósfera familiar y segura, se ha convertido en una de las principales atracciones para locales y turistas. Rápidamente ha ganado reconocimiento y está marcando tendencia entre las playas mexicanas. AMENIDADES DENTRO DE OASIS • Club de Playa Privado con Beneficios Exclusivos* CASA CLUB (JULIO 2026) • Piscina • Área de comedor • Espejo de agua • Gimnasio • Sala de juegos: Mesas de billar y futbolito • Solárium • Vestidores con lockers • Baños y rega",https://static.tokkobroker.com/sm_pics/84136218_og.jpg,Mexico,Quintana Roo,Tulum,,,Sale,1,Myan Realty,https://www.myanrealty.com.mx/p/6250329-Terreno-en-Venta-en-Xpu-Ha-Terreno-con-Casa-Club-en-Xpu-Ha,Playa del Carmen; Tulum; Other Riviera Maya
Myan Realty,https://myanrealty.com.mx,Tokko Broker,"https://www.myanrealty.com.mx/p/7261317-Terreno-en-Venta-en-Akumal-Un-hogar-entre-cenotes-y-selva,-Lotes-Residenciales-en-Akumal","Terreno en Venta en Akumal - Un hogar entre cenotes y selva, Lotes Residenciales en Akumal",Land/Lot,1890000,MXN,,,301,m2,"Descubre un nuevo y exclusivo proyecto de Lotes Residenciales en Akumal, en el corazón de la Riviera Maya, diseñado para invitarte a vivir un auténtico estilo de vida tropical en perfecta armonía con la naturaleza. Cada espacio refleja un estilo elegante que se integra de manera orgánica con el entorno, creando una experiencia visual y sensorial única en cada rincón. El desarrollo se concibe a partir de anillos de conservación que protegen siete cenotes sagrados, preservando la vegetación nativa y garantizando la conexión de corredores biológicos para las especies locales y migratorias. Zona A",https://static.tokkobroker.com/sm_pics/106095116_og.jpg,Mexico,Quintana Roo,Playa del Carmen,,,Sale,1,Myan Realty,"https://www.myanrealty.com.mx/p/7261317-Terreno-en-Venta-en-Akumal-Un-hogar-entre-cenotes-y-selva,-Lotes-Residenciales-en-Akumal",Playa del Carmen; Other Riviera Maya
Myan Realty,https://myanrealty.com.mx,Tokko Broker,https://www.myanrealty.com.mx/p/5500665-Terreno-en-Venta-en-Playa-del-Carmen-Oportunidad-de-Inversion-Lotes-Residenciales,Terreno en Venta en Playa del Carmen - Oportunidad de Inversion Lotes Residenciales,Land/Lot,71771,USD,,,160,m2,"El proyecto de tus sueños puede ser una realidad en alguno de nuestros lotes desde 160 m2. Cuentan con todo lo necesario para un estilo de vida ideal:* Ciclovía* Minigolf* Casa Club* Juegos Infantiles* Asadores* Lago Artificial* Parques* Jardines* Seguridad 24/7 CASA CLUBEncuentra la actividad perfecta para relajarte y divertirte, cuenta con:* Bar* Restaurante* Alberca para adultos* Alberca con carril de nado* Playroom* Teen Lounge* Gimnasio* Spa* Vapor* Jacuzzi CANCHAS DEPORTIVASDisfruta de tus deportes favoritos en alguna de nuestras canchas:* Canchas de Pádel* Canchas de Tenis* Cancha de Fu",https://static.tokkobroker.com/sm_pics/70597073_og.jpg,Mexico,Quintana Roo,Playa del Carmen,,,Sale,1,Myan Realty,https://www.myanrealty.com.mx/p/5500665-Terreno-en-Venta-en-Playa-del-Carmen-Oportunidad-de-Inversion-Lotes-Residenciales,Playa del Carmen; Other Riviera Maya
Myan Realty,https://myanrealty.com.mx,Tokko Broker,https://www.myanrealty.com.mx/p/5973369-Terreno-en-Venta-en-Isla-de-Holbox-Oportunidad-de-Inversion!-Lote-en-esquina-a-pocas-cuadras-de-la-playa-en-Isla-Holbox,Terreno en Venta en Isla de Holbox - Oportunidad de Inversion! Lote en esquina a pocas cuadras de la playa en Isla Holbox,Land/Lot,1000000,USD,,,989,m2,"Isla Holbox Lote esquina: 989.38 m2(49.73m x 19.90m) Ubicación 1 cuadra y media de la playa. Incluye construcción de: 10 cuartos, semi amuebladosCuarto de Lavandería El lote cuenta con escrituraPredial 2024: $ 2,552 Pesos MN Myan Realty, provides over 25 years of local knowledge at the Riviera Maya. Certified agents / Broker License Matricula: 1992623GD0BBHFS088000751 Member of AMPI Mexico and NAR Realtors We speak English, Spanish, French and German. Contact us today: Yvonne Riba +52 984 169 3231",https://static.tokkobroker.com/sm_pics/78773151_og.jpg,Mexico,Quintana Roo,Playa del Carmen,,,Sale,1,Myan Realty,https://www.myanrealty.com.mx/p/5973369-Terreno-en-Venta-en-Isla-de-Holbox-Oportunidad-de-Inversion!-Lote-en-esquina-a-pocas-cuadras-de-la-playa-en-Isla-Holbox,Playa del Carmen; Other Riviera Maya
Myan Realty,https://myanrealty.com.mx,Tokko Broker,https://www.myanrealty.com.mx/p/6567198-Terreno-en-Venta-en-Xpu-Ha-Terrenos-con-Casa-Club-y-Exclusivas-Amenidades-en-Xpu-Ha,Terreno en Venta en Xpu Ha - Terrenos con Casa Club y Exclusivas Amenidades en Xpu Ha,Land/Lot,145000,USD,,,665,m2,"Proyecto de Lotes Residenciales con un concepto de edificación horizontal y de baja densidad, que ofrece la oportunidad de vivir en espacios naturales y con todas las amenidades para disfrutar de una vida de calidad y tranquilidad. Es el primer proyecto en el Caribe Mexicano que ofrece 2 cenotes visitable como parte de las amenidades wellness para sus residentes. Se encuentra ubicado en Xpu-Ha, Riviera Maya. Amenidades: * 2 cenotes para realizar actividades diversas * Parque para Mascotas * Casa Club con recepción, lounge bar, alberca para adultos, club de niños con alberca, salón de coworking",https://static.tokkobroker.com/sm_pics/90521789_og.jpg,Mexico,Quintana Roo,Playa del Carmen,,,Sale,1,Myan Realty,https://www.myanrealty.com.mx/p/6567198-Terreno-en-Venta-en-Xpu-Ha-Terrenos-con-Casa-Club-y-Exclusivas-Amenidades-en-Xpu-Ha,Playa del Carmen; Other Riviera Maya
Myan Realty,https://myanrealty.com.mx,Tokko Broker,https://www.myanrealty.com.mx/p/6352166-Casa-en-Venta-en-Playa-del-Carmen-Centro-Casa-de-Doble-Altura-3-Rec-con-Alberca-Privada,Casa en Venta en Playa del Carmen Centro - Casa de Doble Altura 3 Rec con Alberca Privada,House,315205,USD,,3,133,m2,"Exclusivo proyecto residencial, sólo con 10 casas, diseño único, en privada, en la mejor zona de “Playa del Carmen” Excelente ubicación, infraestructura y accesibilidad. En un entorno natural con la comodidad de la vida contemporánea. • Cerca de supermercados, centro de Playa del Carmen, zonas comerciales y a 5 minutos a pie de la zona de Hospitales. Entrega Inmediata! Myan Realty, provides over 25 years of local knowledge at the Riviera Maya. Certified agents / Broker License Matricula: 1992623GD0BBHFS088000751 Member of AMPI Mexico and NAR Realtors We speak English, Spanish, French and Germa",https://static.tokkobroker.com/sm_pics/6352166_2232422585081748364019420208990185944621235411438807431266430673530351403383_og.jpg,Mexico,Quintana Roo,Playa del Carmen,,,Sale,1,Myan Realty,https://www.myanrealty.com.mx/p/6352166-Casa-en-Venta-en-Playa-del-Carmen-Centro-Casa-de-Doble-Altura-3-Rec-con-Alberca-Privada,Playa del Carmen; Other Riviera Maya
Myan Realty,https://myanrealty.com.mx,Tokko Broker,https://www.myanrealty.com.mx/p/8646157-Casa-en-Venta-en-Ejidal-Casa-Llave-en-Mano-con-2-Unidades-Independientes-y-Alberca-Privada,Casa en Venta en Ejidal - Casa Llave en Mano con 2 Unidades Independientes y Alberca Privada,Land/Lot,8500000,MXN,4,4,300,m2,"Casa con 2 Departamentos Independientes, Piscina y Jardín Tropical en Playa del Carmen Una propiedad versátil con excelente potencial para vivir, generar ingresos o ambas cosas. Esta propiedad renovada ofrece 300 m² de construcción sobre un terreno de 309 m², distribuida en dos departamentos completamente independientes de aproximadamente 150 m² cada uno. Su configuración permite adaptarse a diferentes estilos de vida y estrategias de inversión: puede utilizarse como residencia principal con una unidad destinada a renta, como propiedad para renta de largo plazo, renta vacacional o como una exc",https://static.tokkobroker.com/sm_pics/8646157_45120335699045640560902844559432740656353066960569385274287922311294938959030_og.jpg,Mexico,Quintana Roo,Playa del Carmen,,,Sale,1,Myan Realty,https://www.myanrealty.com.mx/p/8646157-Casa-en-Venta-en-Ejidal-Casa-Llave-en-Mano-con-2-Unidades-Independientes-y-Alberca-Privada,Playa del Carmen; Other Riviera Maya
Myan Realty,https://myanrealty.com.mx,Tokko Broker,"https://www.myanrealty.com.mx/p/8046215-Casa-en-Venta-en-Isla-de-Holbox-Beachfront-Villa,-4-Br.-,-Un-sue%C3%B1o-en-Holbox","Casa en Venta en Isla de Holbox - Beachfront Villa, 4 Br. , Un sueño en Holbox",Land/Lot,3000000,USD,,4,143,m2,"Descubre una joya frente al mar en el paraíso de Isla Holbox. Esta espectacular residencia combina privacidad, confort y el encanto natural del Caribe Mexicano, convirtiéndose en una oportunidad única tanto para disfrutar como para invertir en uno de los destinos con mayor crecimiento y plusvalía de la región. Con una extensión de 1,500 m² de terreno frente al mar. Con impresionantes vistas al mar y espacios diseñados para relajarse y conectar con la naturaleza, esta propiedad ofrece el equilibrio perfecto entre exclusividad y rentabilidad. Situada a tan solo 15 minutos caminando del vibrante ",https://static.tokkobroker.com/sm_pics/8046215_17896748996676899771085713459715391852287757937668992119632653512256930207966_og.jpg,Mexico,Quintana Roo,Playa del Carmen,,,Sale,1,Myan Realty,"https://www.myanrealty.com.mx/p/8046215-Casa-en-Venta-en-Isla-de-Holbox-Beachfront-Villa,-4-Br.-,-Un-sue%C3%B1o-en-Holbox",Playa del Carmen; Other Riviera Maya
Myan Realty,https://myanrealty.com.mx,Tokko Broker,"https://www.myanrealty.com.mx/p/8635824-Casa-en-Venta-en-Ver%C3%B3n-Punta-Cana-Casa-2-Recs.-con-alberca,-en-Vistacana","Casa en Venta en Verón Punta Cana - Casa 2 Recs. con alberca, en Vistacana",Land/Lot,217500,USD,3,2,110,m2,"Villas de 2 Recámaras en Vista Cana | Punta CanaDiseño contemporáneo, tecnología inteligente y estilo de vida tipo resort Ubicadas dentro de la prestigiosa comunidad de Vista Cana, estas exclusivas villas de 2 recámaras ofrecen una combinación perfecta entre arquitectura moderna, confort y un entorno natural cuidadosamente planificado, ideal tanto para vivir como para invertir en el Caribe. Se trata de un conjunto limitado de residencias tipo dúplex, diseñadas en dos niveles, con una distribución funcional que maximiza los espacios, la privacidad y la conexión con las áreas exteriores. Cada vi",https://static.tokkobroker.com/sm_pics/8635824_111487900352472463024624158087777221796300814475763698875081858094022855502209_og.jpg,Mexico,Quintana Roo,Playa del Carmen,,,Sale,1,Myan Realty,"https://www.myanrealty.com.mx/p/8635824-Casa-en-Venta-en-Ver%C3%B3n-Punta-Cana-Casa-2-Recs.-con-alberca,-en-Vistacana",Playa del Carmen; Other Riviera Maya
Myan Realty,https://myanrealty.com.mx,Tokko Broker,"https://www.myanrealty.com.mx/p/5638360-Casa-en-Venta-en-Region-15-Kukulcan-Consciente-en-la-selva-maya,-Casa-3-Recamaras,-Alberca-Privada-+-Lock-Off.","Casa en Venta en Region 15 Kukulcan - Consciente en la selva maya, Casa 3 Recamaras, Alberca Privada + Lock Off.",House,302857,USD,3,3,225,m2,"Este desarrollo es un proyecto que ofrece a su comunidad espacios diseñados para coexistir con un entorno natural, cuidando su vegetación endémica, utilizando materiales naturales de la región, brindando confort en un ambiente de profundo respeto a la naturaleza. Ubicado en medio de la selva maya, este desarrollo es una comunidad de 54 exclusivas residencias creadas para aquellos que disfrutan tener un estilo de vida versátil en un entorno natural. Cada espacio esta diseñado para satisfacer las necesidades de quién lo habita, brindando seguridad, exclusividad y mayor privacidad. El corazón del",https://static.tokkobroker.com/sm_pics/92621977_og.jpg,Mexico,Quintana Roo,Playa del Carmen,,,Sale,1,Myan Realty,"https://www.myanrealty.com.mx/p/5638360-Casa-en-Venta-en-Region-15-Kukulcan-Consciente-en-la-selva-maya,-Casa-3-Recamaras,-Alberca-Privada-+-Lock-Off.",Playa del Carmen; Other Riviera Maya
Myan Realty,https://myanrealty.com.mx,Tokko Broker,"https://www.myanrealty.com.mx/p/7134892-Casa-en-Venta-en-Akumal-Espacio,-elegancia-y-conexi%C3%B3n-natural:-Casa-4-Recs,-Alberca-Privada-en-Yal-Ku","Casa en Venta en Akumal - Espacio, elegancia y conexión natural: Casa 4 Recs, Alberca Privada en Yal-Ku",House,2857143,USD,4,4,544,m2,"Este proyecto propone una nueva forma de vivir: con alma, emoción, belleza y profundidad, brindando placer tanto al cuerpo como al espíritu. Cada detalle del proceso creativo tiene una intención clara, marcada por una profunda exploración filosófica y conceptual. Son proyectos que se experimentan como esculturas inmersivas: obras que se pueden vivir, tocar, oler, escuchar y sentir. Distribución: 4 recámaras con baños completos, Cocina + Isla, Comedor, Sala, Bar, Jacuzzi + Terraza, Jardín Alberca central + Terraza, Cuarto de servicio + baño, Cuarto de máquinas, Patio de servicio, Baño de visita",https://static.tokkobroker.com/sm_pics/103540561_og.jpg,Mexico,Quintana Roo,Playa del Carmen,,,Sale,1,Myan Realty,"https://www.myanrealty.com.mx/p/7134892-Casa-en-Venta-en-Akumal-Espacio,-elegancia-y-conexi%C3%B3n-natural:-Casa-4-Recs,-Alberca-Privada-en-Yal-Ku",Playa del Carmen; Other Riviera Maya
Myan Realty,https://myanrealty.com.mx,Tokko Broker,https://www.myanrealty.com.mx/p/6117102-Casa-en-Venta-en-Isla-de-Holbox-Donde-el-Azul-del-Mar-es-Parte-de-Tu-Hogar.-Amplia-Casa-2-Recs-a-dos-cuadras-de-la-playa,Casa en Venta en Isla de Holbox - Donde el Azul del Mar es Parte de Tu Hogar. Amplia Casa 2 Recs a dos cuadras de la playa,Land/Lot,382857,USD,,2,137,m2,"Hermosa casa construida hace 5 años, en excelente estado con los mejores materiales, en una de las mejores zonas del paraíso en Isla Holbox, Quintana Roo Mx., zona tranquila, a 350 mts de la mejor playa y 500 mts del centro. Terreno de 300 m2 totalmente cercado con giles y portón doble hoja de madera. Casa principal de 90 m2 - techos altos de 3 mts., decorados con troncos, mas bodega al fondo del mismo material de 17 m2 y 30 m2 de terraza perimetral a sus tres lados con un TOTAL CONSTRUIDO de 137 m2. Totalmente equipada y amueblada: Sala-comedor, cocina integral, electrodomésticos,estufa, horn",https://static.tokkobroker.com/sm_pics/81528194_og.jpg,Mexico,Quintana Roo,Playa del Carmen,,,Sale,1,Myan Realty,https://www.myanrealty.com.mx/p/6117102-Casa-en-Venta-en-Isla-de-Holbox-Donde-el-Azul-del-Mar-es-Parte-de-Tu-Hogar.-Amplia-Casa-2-Recs-a-dos-cuadras-de-la-playa,Playa del Carmen; Other Riviera Maya
NATIIVNAH Boutique Inmobiliaria,https://nahboutiqueinmobiliaria.com,Tokko Broker,"https://www.nahboutiqueinmobiliaria.com/p/8560521-Oficina-en-Venta-en-Playa-Sol-Oficina-en-Venta-Magnuus-Center,--Desarrollo-comercial-Mixto,-Playa-del-Carmen","Oficina en Venta en Playa Sol - Oficina en Venta Magnuus Center,  Desarrollo comercial Mixto, Playa del Carmen",Commercial,5600000,MXN,,,73,m2,"Oficina en Venta Magnuus Center, Desarrollo comercial Mixto, Playa del Carmen Magnnus Center es el primer corporativo de clase mundial en la Riviera Maya con 46 oficinas y 23 locales comerciales, lo que lo hace un Desarrollo Comercial Mixto, ubicado en Playa del Carmen, cuenta con una ubicación estratégica, lo que le permite dar servicio a empresas que se encuentren establecidas en toda la Riviera Maya, estamos a 35 minutos del Aeropuerto Internacional de Cancún y a 70 Km de Tulum. Magnnus Center cuenta con la mejor infraestructura corporativa de la Riviera Maya Oficina ubicada en el cuarto ni",https://static.tokkobroker.com/sm_pics/8560521_73086631732516913690184398581643267048110600099058921995214435439980054435305_og.jpg,Mexico,Quintana Roo,Tulum,,,Sale,1,NATIIVNAH Boutique Inmobiliaria,"https://www.nahboutiqueinmobiliaria.com/p/8560521-Oficina-en-Venta-en-Playa-Sol-Oficina-en-Venta-Magnuus-Center,--Desarrollo-comercial-Mixto,-Playa-del-Carmen",Cancun; Playa del Carmen; Tulum; Other Riviera Maya
NATIIVNAH Boutique Inmobiliaria,https://nahboutiqueinmobiliaria.com,Tokko Broker,"https://www.nahboutiqueinmobiliaria.com/p/8559983-Departamento-en-Venta-en-Playa-del-Carmen-Mayan-Monk,-Venta-de-Departamento,--Playa-del-Carmen","Departamento en Venta en Playa del Carmen - Mayan Monk, Venta de Departamento,  Playa del Carmen",Condo/Apartment,3100000,MXN,1,3,47,m2,"Venta de Departamento 1 Recamara Mayan Monk, Playa del Carmen Mayan Monk Suites es un complejo de condominios y suites ubicado en el centro de Playa del Carmen, muy cerca de la famosa Quinta Avenida y de la playa Mamitas. El departamento esta ubicado en Planta Baja y consta de: . Sala/comedor . Cocina Integral . Baño completo . Recamara . Terraza Amenidades: . Gimnasio . Área de Pic Nic con Asador . Alberca en el Roof Top con una vista espectacular . Asoleaderos y muebles de exterior . Área social Servicios: . Elevador . Lavandería de Autoservicio . Área para Fumadores . Recepción con Horario ",https://static.tokkobroker.com/sm_pics/8559983_51029758024565377981063703412260627097398563040367469542895755282362515951658_og.jpg,Mexico,Quintana Roo,Playa del Carmen,,,Sale,1,NATIIVNAH Boutique Inmobiliaria,"https://www.nahboutiqueinmobiliaria.com/p/8559983-Departamento-en-Venta-en-Playa-del-Carmen-Mayan-Monk,-Venta-de-Departamento,--Playa-del-Carmen",Playa del Carmen; Other Riviera Maya
NATIIVNAH Boutique Inmobiliaria,https://nahboutiqueinmobiliaria.com,Tokko Broker,"https://www.nahboutiqueinmobiliaria.com/p/5474449-Terreno-en-Venta-en-Fraccionamiento-Ciudad-Mayakoba-Terreno-premium--en-venta-en-Ciudad-Mayakob%C3%A1,-Playa-del-Carmen,-Quintana-Roo","Terreno en Venta en Fraccionamiento Ciudad Mayakoba - Terreno premium  en venta en Ciudad Mayakobá, Playa del Carmen, Quintana Roo",Land/Lot,3870000,MXN,4,,322,m2,"Mayakoba ofrece una espectacular colección de residencias situadas entre la red de canales y lagunas cristalinas, los verdes paisajes del campo de golf y los frondosos manglares de la comunidad privada. La oferta residencial incluye la colección de villas privadas de Rosewood Residences, las residencias y penthouses de Fairmont Residences en sus modalidades completa y fraccional, y The Reserve. Los propietarios pueden disfrutar, llave en mano, de servicios de concierge con especial atención al detalle y acceso sin límites a las amenidades de los resorts dentro de Mayakoba. ¡No te pierdas esta ",https://static.tokkobroker.com/sm_pics/70135587_og.jpg,Mexico,Quintana Roo,Playa del Carmen,,,Sale,1,NATIIVNAH Boutique Inmobiliaria,"https://www.nahboutiqueinmobiliaria.com/p/5474449-Terreno-en-Venta-en-Fraccionamiento-Ciudad-Mayakoba-Terreno-premium--en-venta-en-Ciudad-Mayakob%C3%A1,-Playa-del-Carmen,-Quintana-Roo",Playa del Carmen; Other Riviera Maya
Ohana Real Estate,https://ohanarealestate.com.mx,Tokko Broker,https://www.ohanarealestate.com.mx/p/5937370-Departamento-en-Venta-en-Solidaridad-Estudio-en-5ta-av-de-Playa-del-Carmen,Departamento en Venta en Solidaridad - Solidaridad,Land/Lot,240000,USD,,1,40,m2,"Excelente Oportunidad de Inversión en el Corazón de Playa del Carmen. Ubicada en la calle 14 entre Avenida 5ta y 10 Av en Menesse Perfect Place Amenidades de proyecto: -Lobby con recepción y sala de espera -Concierge -Elevador -Rooftop con alberca Infinity -Jacuzzi - Vista al Mar - Bar &amp; Grill con area de estar -Zona de Camastros -Baños y regaderas -Gimnasio - Spa y Sauna. Venta $240,000 USD Estudio 40 m2, llave en mano. Operando actualmente en Airbnb. 1 Nivel Solo Cliente Directo",https://static.tokkobroker.com/sm_pics/78064441_og.jpg,Mexico,Quintana Roo,Playa del Carmen,,,Sale,1,Ohana Real Estate,https://www.ohanarealestate.com.mx/p/5937370-Departamento-en-Venta-en-Solidaridad-Estudio-en-5ta-av-de-Playa-del-Carmen,Playa del Carmen; Other Riviera Maya
Ohana Real Estate,https://ohanarealestate.com.mx,Tokko Broker,https://www.ohanarealestate.com.mx/p/5619786-Terreno-en-Venta-en-Grand-Sirenis-Terreno-en-Venta-Sirenis-Residencial,Terreno en Venta en Grand Sirenis - Grand Sirenis,Land/Lot,250000,USD,,,1000,m2,"Este exclusivo residencia tipo resort en la riviera maya está compuesto por propietarios dedicados que solo se conforman con lo mejor. el complejo sirenis está lleno de exuberantes espacios verdes con varios cenotes y senderos para caminar. convenientemente ubicado a tan solo 25 minutos en coche de playa del carmen o tulum, rodeado de selva tropical y a poca distancia de las playas de arena blanca y la belleza natural de la costa caribeña. este atractivo complejo turístico es seguro y tranquilo con entrada controlada y seguridad las 24 horas, es el lugar perfecto para construir la casa de sus ",https://static.tokkobroker.com/sm_pics/72590261_og.jpg,Mexico,Quintana Roo,Tulum,,,Sale,1,Ohana Real Estate,https://www.ohanarealestate.com.mx/p/5619786-Terreno-en-Venta-en-Grand-Sirenis-Terreno-en-Venta-Sirenis-Residencial,Playa del Carmen; Tulum; Other Riviera Maya
Philip Glen,https://www.philipglen.com/,EasyBroker,https://www.philipglen.com/property/olaya-playa-del-carmen-reside-in-the-heart-of-the-action-playa-del-carmen-centro,Olaya Playa del Carmen Reside in the Heart of the Action,Condo/Apartment,349000,USD,2,2,68.27,m2,"Discover Olaya, the contemporary residential development designed for a dynamic urban lifestyle. Now accepting reservations for a limited selection of residences, this project offers a forward-look...",https://assets.easybroker.com/property_images/5733292/100303483/EB-VA3292.png?height=300&version=1768233630&width=450,Mexico,Quintana Roo,Tulum,,,Sale,1,Philip Glen,https://www.philipglen.com/property/olaya-playa-del-carmen-reside-in-the-heart-of-the-action-playa-del-carmen-centro,Playa del Carmen; Tulum; Other Riviera Maya
Philip Glen,https://www.philipglen.com/,EasyBroker,https://www.philipglen.com/property/olaya-playa-del-carmen-reside-in-the-heart-of-the-action,Olaya Playa del Carmen Reside in the Heart of the Action,Condo/Apartment,209150,USD,0,1,48,m2,"Discover Olaya, the contemporary residential development designed for a dynamic urban lifestyle. Now accepting reservations for a limited selection of residences, this project offers a forward-look...",https://assets.easybroker.com/property_images/5733286/100303380/EB-VA3286.jpg?height=300&version=1768233423&width=450,Mexico,Quintana Roo,Tulum,,,Sale,1,Philip Glen,https://www.philipglen.com/property/olaya-playa-del-carmen-reside-in-the-heart-of-the-action,Playa del Carmen; Tulum; Other Riviera Maya
Playa4You,https://www.playa4you.com.mx/,Tokko Broker,https://www.playa4you.com.mx/p/4986142-Casa-en-Venta-en-Playa-del-Carmen-Jardines-de-Ciudad-Mayakoba-%7C-Casa-en-venta-en-Playa-del-Carmen-%7C-Orqu%C3%ADdea,Casa en Venta en Playa del Carmen - Jardines de Ciudad Mayakoba | Casa en venta en Playa del Carmen | Orquídea,House,2799000,MXN,3,3,95,m2,"Descubre el modelo Orquídea en Jardines de Ciudad Mayakoba, una casa de 2 plantas diseñada para el confort y bienestar de tu familia. Ubicada en una comunidad integrada y rodeada de naturaleza, esta propiedad ofrece una distribución ideal con sala comedor, cocina, 3 recámaras, 2.5 baños y 2 cajones de estacionamiento. El proyecto arquitectónico de Jardines de Ciudad Mayakoba se basa en la integración de comunidades, brindando a los residentes un entorno seguro y armonioso. En nuestras privadas, disfruta de amenidades como piscina compartida, asador, áreas verdes y palapa compartida, perfectas ",https://static.tokkobroker.com/sm_pics/85477394_og.jpg,Mexico,Quintana Roo,Playa del Carmen,,,Sale,1,Playa4You,https://www.playa4you.com.mx/p/4986142-Casa-en-Venta-en-Playa-del-Carmen-Jardines-de-Ciudad-Mayakoba-%7C-Casa-en-venta-en-Playa-del-Carmen-%7C-Orqu%C3%ADdea,Playa del Carmen; Other Riviera Maya
Playa4You,https://www.playa4you.com.mx/,Tokko Broker,https://www.playa4you.com.mx/p/7940229-Departamento-en-Venta-en-Playa-del-Carmen-Penthouse-en-venta-en-Playa-del-Carmen-vista-al-mar-Zona-Centro,Departamento en Venta en Playa del Carmen - Penthouse en venta en Playa del Carmen vista al mar Zona Centro,Penthouse,11480000,MXN,2,3,105,m2,"Descubre Kabax, un exclusivo desarrollo boutique en el corazón de Playa del Carmen que fusiona el estilo bohemio con la esencia del Caribe. Este proyecto cuenta con solo 18 unidades, incluyendo estudios, lofts, departamentos de 2 habitaciones y penthouses, cada uno con un diseño único que brinda personalidad, confort y una experiencia auténtica para vivir o invertir. Desarrollado por Grupo Colorado, empresa 100% local con sólida trayectoria, Kabax representa su segundo proyecto tras el éxito rotundo de Amaya, completamente vendido y entregado durante la pandemia. Su concepto se basa en crear e",https://static.tokkobroker.com/sm_pics/121107084_og.jpg,Mexico,Quintana Roo,Playa del Carmen,,,Sale,1,Playa4You,https://www.playa4you.com.mx/p/7940229-Departamento-en-Venta-en-Playa-del-Carmen-Penthouse-en-venta-en-Playa-del-Carmen-vista-al-mar-Zona-Centro,Playa del Carmen; Other Riviera Maya
Playa4You,https://www.playa4you.com.mx/,Tokko Broker,https://www.playa4you.com.mx/p/7939980-Departamento-en-Venta-en-Playa-del-Carmen-Departamento-en-venta-en-Playa-del-Carmen-Vista-al-Mar-zona-centro,Departamento en Venta en Playa del Carmen - Departamento en venta en Playa del Carmen Vista al Mar zona centro,Condo/Apartment,5950850,MXN,2,2,66,m2,"Descubre Kabax, un exclusivo desarrollo boutique en Playa del Carmen que combina a la perfección el estilo bohemio con la esencia del Caribe. Este proyecto ofrece únicamente 18 unidades, incluyendo estudios, lofts, departamentos de 2 habitaciones y penthouses, cada uno con diseños únicos que brindan personalidad y un ambiente auténtico para vivir o invertir. Desarrollado por Grupo Colorado, una empresa 100% local reconocida por su calidad y confiabilidad, Kabax es su segundo proyecto tras el éxito de Amaya, completamente vendido y entregado durante la pandemia. Su filosofía se basa en crear es",https://static.tokkobroker.com/sm_pics/121101626_og.jpg,Mexico,Quintana Roo,Playa del Carmen,,,Sale,1,Playa4You,https://www.playa4you.com.mx/p/7939980-Departamento-en-Venta-en-Playa-del-Carmen-Departamento-en-venta-en-Playa-del-Carmen-Vista-al-Mar-zona-centro,Playa del Carmen; Other Riviera Maya
Playa4You,https://www.playa4you.com.mx/,Tokko Broker,https://www.playa4you.com.mx/p/7939979-Departamento-en-Venta-en-Playa-del-Carmen-Departamento-en-venta-en-Playa-del-Carmen-centro-Tipologia-estudio-Kabax,Departamento en Venta en Playa del Carmen - Departamento en venta en Playa del Carmen centro Tipologia estudio Kabax,Condo/Apartment,2750000,MXN,1,1,25,m2,"Desarrollador: Grupo Colorado, empresa local de Playa del Carmen Estilo bohemio-caribeño con diseños únicos entre las 18 unidades Enfoque en diseños interesantes y maximización de unidades en el terreno Ubicado a 750 metros de la playa y del Parque Fundadores A solo 6 calles de la Quinta Avenida Zona segura en Playa del Carmen Estructura en concreto pigmentado de color naranja Acabados de concreto pulido en paredes y pisos Encimeras de cocina de granito negro Puertas y armarios de madera de parota y tzalam Viguetas y bovedillas aparentes en los techos Unidades completamente equipadas con aire ",https://static.tokkobroker.com/sm_pics/121102331_og.jpg,Mexico,Quintana Roo,Playa del Carmen,,,Sale,1,Playa4You,https://www.playa4you.com.mx/p/7939979-Departamento-en-Venta-en-Playa-del-Carmen-Departamento-en-venta-en-Playa-del-Carmen-centro-Tipologia-estudio-Kabax,Playa del Carmen; Other Riviera Maya
Playa4You,https://www.playa4you.com.mx/,Tokko Broker,https://www.playa4you.com.mx/p/5027923-Terreno-en-Venta-en-Playa-del-Carmen-LOTE-RESIDENCIAL-PRE-VENTA-XPU--HA-CLUB-DE-PLAYA-FINANCIAMIENTO-CON-EL-DESARROLLADOR,Terreno en Venta en Playa del Carmen - LOTE RESIDENCIAL PRE VENTA XPU- HA CLUB DE PLAYA FINANCIAMIENTO CON EL DESARROLLADOR,Land/Lot,4600000,MXN,,,602.48,m2,"CONTACTANOS Y AGENDA UNA VIDEO LLAMADA! Es el momento de invertir! RESIDENTIAL RESORT Vive en un oasis tropical RIVIERA MAYA, MX Conoce Xpu-Ha Beach XPU-HA BEACH es un complejo turístico - residencial ubicado a 27 Km del centro de Playa del Carmen y a solo 42 Km de Tulum. Adquiere tu lote para disfrutar la privacidad de la selva y la alegría del mar con los beneficios de las ciudades cercanas. Ven y conoce nuestra quinta etapa: PALMA Disfruta el Club de Playa CLUB DE PLAYA es un espacio para convivir, relajarse y descansar de tus actividades diarias. Disfruta cada momento con todas las amenida",https://static.tokkobroker.com/sm_pics/62390387_og.jpg,Mexico,Quintana Roo,Tulum,,,Sale,1,Playa4You,https://www.playa4you.com.mx/p/5027923-Terreno-en-Venta-en-Playa-del-Carmen-LOTE-RESIDENCIAL-PRE-VENTA-XPU--HA-CLUB-DE-PLAYA-FINANCIAMIENTO-CON-EL-DESARROLLADOR,Playa del Carmen; Tulum; Other Riviera Maya
Playa4You,https://www.playa4you.com.mx/,Tokko Broker,https://www.playa4you.com.mx/p/5027919-Terreno-en-Venta-en-Playa-del-Carmen-LOTE-RESIDENCIAL-EN-CONSTRUCCION-XPUHA-FINANCIAMIENTO-CON-CLUB-DE-PLAYA,Terreno en Venta en Playa del Carmen - LOTE RESIDENCIAL EN CONSTRUCCION XPUHA FINANCIAMIENTO CON CLUB DE PLAYA,Land/Lot,4950000,MXN,,,885.16,m2,"CONTACTANOS Y AGENDA UNA VIDEO LLAMADA! Es el momento de invertir! RESIDENTIAL RESORT Vive en un oasis tropical RIVIERA MAYA, MX Conoce Xpu-Ha Beach XPU-HA BEACH es un complejo turístico - residencial ubicado a 27 Km del centro de Playa del Carmen y a solo 42 Km de Tulum. Adquiere tu lote para disfrutar la privacidad de la selva y la alegría del mar con los beneficios de las ciudades cercanas. Ven y conoce nuestra quinta etapa: PALMA Disfruta el Club de Playa CLUB DE PLAYA es un espacio para convivir, relajarse y descansar de tus actividades diarias. Disfruta cada momento con todas las amenida",https://static.tokkobroker.com/sm_pics/62390334_og.jpg,Mexico,Quintana Roo,Tulum,,,Sale,1,Playa4You,https://www.playa4you.com.mx/p/5027919-Terreno-en-Venta-en-Playa-del-Carmen-LOTE-RESIDENCIAL-EN-CONSTRUCCION-XPUHA-FINANCIAMIENTO-CON-CLUB-DE-PLAYA,Playa del Carmen; Tulum; Other Riviera Maya
Playa4You,https://www.playa4you.com.mx/,Tokko Broker,https://www.playa4you.com.mx/p/5027924-Terreno-en-Venta-en-Playa-del-Carmen-LOTE-RESIDENCIAL-PREVENTA-XPU-HA--CON-FINANCIAMIENTO-CLUB-DE-PLAYA-,Terreno en Venta en Playa del Carmen - LOTE RESIDENCIAL PREVENTA XPU HA  CON FINANCIAMIENTO CLUB DE PLAYA ,Land/Lot,4160000,MXN,,,743.47,m2,"CONTACTANOS Y AGENDA UNA VIDEO LLAMADA! Es el momento de invertir! RESIDENTIAL RESORT Vive en un oasis tropical RIVIERA MAYA, MX Conoce Xpu-Ha Beach XPU-HA BEACH es un complejo turístico - residencial ubicado a 27 Km del centro de Playa del Carmen y a solo 42 Km de Tulum. Adquiere tu lote para disfrutar la privacidad de la selva y la alegría del mar con los beneficios de las ciudades cercanas. Ven y conoce nuestra quinta etapa: PALMA Disfruta el Club de Playa CLUB DE PLAYA es un espacio para convivir, relajarse y descansar de tus actividades diarias. Disfruta cada momento con todas las amenida",https://static.tokkobroker.com/sm_pics/62390390_og.jpg,Mexico,Quintana Roo,Tulum,,,Sale,1,Playa4You,https://www.playa4you.com.mx/p/5027924-Terreno-en-Venta-en-Playa-del-Carmen-LOTE-RESIDENCIAL-PREVENTA-XPU-HA--CON-FINANCIAMIENTO-CLUB-DE-PLAYA-,Playa del Carmen; Tulum; Other Riviera Maya
Royal Casa Bienes Raíces,https://royalcasa.com.mx,Tokko Broker,https://www.royalcasa.com.mx/p/7763474-Departamento-en-Venta-en-Luis-Donaldo-Colosio-DEPARTAMENTO-EN-VENTA-CON-VISTA-AL-MAR-DESDE-EL-ROOFTOP-TIPO-ESTUDIO-EN-PLAYA-DEL-CARMEN,Departamento en Venta en Luis Donaldo Colosio - DEPARTAMENTO EN VENTA CON VISTA AL MAR DESDE EL ROOFTOP TIPO ESTUDIO EN PLAYA DEL CARMEN,Condo/Apartment,2090000,MXN,2,1,24,m2,"DEPARTAMENTO EN VENTA CON VISTA AL MAR DESDE EL ROOFTOP TIPO ESTUDIO EN PLAYA DEL CARMEN Adquiere esta excepcional propiedad que ya está produciendo ingresos pasivos en una de las zonas más cotizadas de la Riviera Maya. Ubicado a pasos de la icónica Quinta Avenida y cerca de las mejores playas del Caribe mexicano. UBICACION: A pocas calles de la mundialmente famosa Quinta Avenida Proximidad inmediata a playas de arena blanca y aguas cristalinas Rodeado del mejor entretenimiento, gastronomía y vida nocturna Zona de alta demanda turística garantizada durante todo el año CARACTERISTICAS: 1 recáma",https://static.tokkobroker.com/sm_pics/117121080_og.jpg,Mexico,Quintana Roo,Playa del Carmen,,,Sale,1,Royal Casa Bienes Raíces,https://www.royalcasa.com.mx/p/7763474-Departamento-en-Venta-en-Luis-Donaldo-Colosio-DEPARTAMENTO-EN-VENTA-CON-VISTA-AL-MAR-DESDE-EL-ROOFTOP-TIPO-ESTUDIO-EN-PLAYA-DEL-CARMEN,Playa del Carmen; Other Riviera Maya
Royal Casa Bienes Raíces,https://royalcasa.com.mx,Tokko Broker,https://www.royalcasa.com.mx/p/6791719-Departamento-en-Venta-en-Playa-del-Carmen-Centro-DEPARTAMENTO-EN-VENTA-1-REC.--67-m2-EN-PLAYA-DEL-CARMEN-A-MEDIA-CUADRA-DE-LA-5TA-AV.,Departamento en Venta en Playa del Carmen Centro - DEPARTAMENTO EN VENTA 1 REC.  67 m2 EN PLAYA DEL CARMEN A MEDIA CUADRA DE LA 5TA AV.,Land/Lot,4795000,MXN,1,1,67,m2,"DEPARTAMENTO EN VENTA 1REC 1BAÑO 67M2 EN PLAYA DEL CARMEN A MEDIA CUADRA DE LA 5TA AV Ubicación Inmejorable: Av. 10 con Calle 34, frente al deportivo Mario Villanueva. Características: 1 Recámara | 1 Baño | 66.59 m²Cuarto nivel con balcón frontal Llave en mano – totalmente amueblado y equipado Amenidades: Alberca infinita y sky bar Gimnasio y solárium Concierge y seguridad 24/7 Estacionamiento cubierto y Wi-Fi Administración de propiedades Equipamiento Incluido: TV 65” y 70” | Cama King Size | Sala y comedor completos Aire acondicionado | Sillas de playa | Centro de lavado Disfruta la tranquil",https://static.tokkobroker.com/sm_pics/95285400_og.jpg,Mexico,Quintana Roo,Playa del Carmen,,,Sale,1,Royal Casa Bienes Raíces,https://www.royalcasa.com.mx/p/6791719-Departamento-en-Venta-en-Playa-del-Carmen-Centro-DEPARTAMENTO-EN-VENTA-1-REC.--67-m2-EN-PLAYA-DEL-CARMEN-A-MEDIA-CUADRA-DE-LA-5TA-AV.,Playa del Carmen; Other Riviera Maya
Royal Casa Bienes Raíces,https://royalcasa.com.mx,Tokko Broker,https://www.royalcasa.com.mx/p/6010203-Terreno-en-Venta-en-Fraccionamiento-La-Joya-Xamanha-TERRENO-EN-VENTA-EN-PLAYA-DEL-CARMEN--225M2-EN-PRIVADA-CON-ALBERCA,Terreno en Venta en Fraccionamiento La Joya Xamanha - TERRENO EN VENTA EN PLAYA DEL CARMEN  225M2 EN PRIVADA CON ALBERCA,Land/Lot,1979000,MXN,,,225,m2,"TERRENO EN VENTA 225 m2EN PLAYA DEL CARMEN EN PRIVADA CON ALBERCA CONECTIVIDAD EXCEPCIONAL: A solo 3 minutos de la Avenida Federal con acceso inmediato a centros comerciales, escuelas reconocidas, hospitales de calidad y todos los servicios urbanos que necesitas para tu día a día. TERRENO DE 225 m² CON DIMENSIONES PERFECTAS - 10 metros de frente x 22.4 metros de fondo- Proporción ideal para construir la casa de tus sueños- Amplio espacio para jardín, área de entretenimiento y estacionamiento- Excelente orientación y aprovechamiento del terreno AMENIDADES INCLUIDAS: - Caseta de vigilancia con s",https://static.tokkobroker.com/sm_pics/79412427_og.jpg,Mexico,Quintana Roo,Playa del Carmen,,,Sale,1,Royal Casa Bienes Raíces,https://www.royalcasa.com.mx/p/6010203-Terreno-en-Venta-en-Fraccionamiento-La-Joya-Xamanha-TERRENO-EN-VENTA-EN-PLAYA-DEL-CARMEN--225M2-EN-PRIVADA-CON-ALBERCA,Playa del Carmen; Other Riviera Maya
Royal Casa Bienes Raíces,https://royalcasa.com.mx,Tokko Broker,https://www.royalcasa.com.mx/p/8459503-Casa-en-Venta-en-Los-Olivos-CASA-EN-VENTA-EN-LOS-OLIVOS-SIN-MUEBLES-LISTA-PARA-ESCRITURAR,Casa en Venta en Los Olivos - CASA EN VENTA EN LOS OLIVOS SIN MUEBLES LISTA PARA ESCRITURAR,Land/Lot,1749000,MXN,2,2,65,m2,"Casa en Venta en Paseo Los Olivos – Playa del Carmen Disfruta de la comodidad y tranquilidad de vivir en una de las privadas con mayor demanda de Playa del Carmen. Esta casa es ideal para quienes buscan un hogar funcional o una excelente opción de inversión. Características: 2 recámaras.Ampliación en planta baja, ideal como estudio, sala de TV, oficina o tercera recámara.1 baño completo y 1 medio baño.Aires acondicionados.Estacionamiento para un vehículo. Amenidades de la privada: Alberca.Palapa con baños.Cancha de básquetbol.Amplias áreas verdes y jardines.Acceso controlado y seguridad 24/7. ",https://static.tokkobroker.com/sm_pics/8459503_114874496776801534201746926179699281783077721796228094435789912646864262745620_og.jpg,Mexico,Quintana Roo,Playa del Carmen,,,Sale,1,Royal Casa Bienes Raíces,https://www.royalcasa.com.mx/p/8459503-Casa-en-Venta-en-Los-Olivos-CASA-EN-VENTA-EN-LOS-OLIVOS-SIN-MUEBLES-LISTA-PARA-ESCRITURAR,Playa del Carmen; Other Riviera Maya
Royal Casa Bienes Raíces,https://royalcasa.com.mx,Tokko Broker,https://www.royalcasa.com.mx/p/8432910-Departamento-en-Venta-en-Playa-del-Carmen-Centro-DEPARTAMENTO-PLANTA-BAJA-EN-VENTA-CON-AMENIDADES-EN-PLAYA-DEL-CARMEN,Departamento en Venta en Playa del Carmen Centro - DEPARTAMENTO PLANTA BAJA EN VENTA CON AMENIDADES EN PLAYA DEL CARMEN,Condo/Apartment,1899000,MXN,3,1,50,m2,"DEPARTAMENTO PLANTA BAJA EN VENTA CON AMENIDADES EN PLAYA DEL CARMEN Ubicación: Zona Sur, Playa del Carmen Superficie: 50 m² Habitaciones: 1 recámara / 1 baño completo Uso ideal: Alquiler vacacional (Airbnb/Booking) o segundo hogar Al estar situado en la planta baja, ofrece una comodidad inigualable: olvídate de cargar maletas o el súper por las escaleras. Cuenta con una distribución inteligente que maximiza cada metro cuadrado, ofreciendo una atmósfera iluminada, fresca y moderna. Su diseño de una habitación es el favorito de parejas, viajeros solteros y nómadas digitales, garantizándote una ",https://static.tokkobroker.com/sm_pics/8432910_47861003794111875210888490992135219971252133776817897607535184570904501965564_og.jpg,Mexico,Quintana Roo,Playa del Carmen,,,Sale,1,Royal Casa Bienes Raíces,https://www.royalcasa.com.mx/p/8432910-Departamento-en-Venta-en-Playa-del-Carmen-Centro-DEPARTAMENTO-PLANTA-BAJA-EN-VENTA-CON-AMENIDADES-EN-PLAYA-DEL-CARMEN,Playa del Carmen; Other Riviera Maya
Royal Casa Bienes Raíces,https://royalcasa.com.mx,Tokko Broker,https://www.royalcasa.com.mx/p/8428640-Casa-en-Venta-en-Los-Olivos-CASA-EN-VENTA-EN-LOS-OLIVOS-DE-3-REC.-EN-PLAYA-DEL-CARMEN,Casa en Venta en Los Olivos - CASA EN VENTA EN LOS OLIVOS DE 3 REC. EN PLAYA DEL CARMEN,Land/Lot,3590000,MXN,6,3,112,m2,"CASA EN VENTA - LOS OLIVOS III, PLAYA DEL CARMEN Descubre esta excepcional casa de 3 recámaras completamente amueblada en el fraccionamiento Los Olivos III, diseñada para quienes buscan comodidad, funcionalidad y espacios únicos de entretenimiento en su hogar. DISTRIBUCIÓN INTELIGENTE: 3 recámaras con distribución funcionalSala y comedor integrados con diseño amuebladoMedio baño en planta baja - conveniencia para visitasRecámara principal con baño completo y vestidor - suite de lujo2 recámaras secundarias que comparten 1 baño completoEstacionamiento techado - protección total para tu vehículo ",https://static.tokkobroker.com/sm_pics/8428640_12053593462562395024318917977537076332189593101663230538404008809805852449282_og.jpg,Mexico,Quintana Roo,Playa del Carmen,,,Sale,1,Royal Casa Bienes Raíces,https://www.royalcasa.com.mx/p/8428640-Casa-en-Venta-en-Los-Olivos-CASA-EN-VENTA-EN-LOS-OLIVOS-DE-3-REC.-EN-PLAYA-DEL-CARMEN,Playa del Carmen; Other Riviera Maya
Royal Casa Bienes Raíces,https://royalcasa.com.mx,Tokko Broker,"https://www.royalcasa.com.mx/p/7955615-Departamento-en-Venta-en-Zazil-Ha-Depa-1-Rec.-Amueblado-a-Pasos-de-Av.-10-%E2%80%94-Playa-del-Carmen,-Listo-para-Habitar","Departamento en Venta en Zazil Ha - Depa 1 Rec. Amueblado a Pasos de Av. 10 — Playa del Carmen, Listo para Habitar",Condo/Apartment,2559000,MXN,,1,40,m2,"INVERSIÓN LLAVE EN MANO EN EL CORAZÓN DE PLAYA DEL CARMEN — A PASOS DE LA PLAYA ¿Buscas una inversión sólida en una de las zonas más cotizadas del Caribe Mexicano? Este departamento amueblado en Condominio Newport te lo da todo: ubicación, diseño y rentabilidad inmediata. Ubicado en la exclusiva zona de Zazil Ha, sobre Av. 10 esquina Calle 44 —a unos pasos de la playa y muy cerca de la 5ta Avenida— esta unidad de 40.7 m² fue diseñada en concepto abierto para maximizar cada espacio, con amplitud, comodidad e iluminación natural todo el día. Se entrega completamente amueblado, equipado y decorad",https://static.tokkobroker.com/sm_pics/121461375_og.jpg,Mexico,Quintana Roo,Playa del Carmen,,,Sale,1,Royal Casa Bienes Raíces,"https://www.royalcasa.com.mx/p/7955615-Departamento-en-Venta-en-Zazil-Ha-Depa-1-Rec.-Amueblado-a-Pasos-de-Av.-10-%E2%80%94-Playa-del-Carmen,-Listo-para-Habitar",Playa del Carmen; Other Riviera Maya
Royal Casa Bienes Raíces,https://royalcasa.com.mx,Tokko Broker,https://www.royalcasa.com.mx/p/7269295-Departamento-en-Venta-en-Playa-del-Carmen-DEPARTAMENTO--EN-VENTA-CON-VISTA-AL-MAR-1-REC-64-M2-EN-PLAYA-DEL-CARMEN,Departamento en Venta en Playa del Carmen - DEPARTAMENTO  EN VENTA CON VISTA AL MAR 1 REC 64 M2 EN PLAYA DEL CARMEN,Land/Lot,3195000,MXN,1,1,64,m2,DEPARTAMENTO CON VISTA AL MAR DESDE EL ROOFTOP 1 REC 64 M2 EN VENTA UBICACIÓN: Directamente sobre la icónica Quinta AvenidaIntersección estratégica: 5ta Avenida y Calle 28A solo 2 cuadras de la exclusiva Playa MamitasEn el epicentro del turismo internacional de la Riviera Maya CARACTERÍSTICAS DEL INMUEBLE 64 m² de distribución inteligente y funcional1 recámara principal con excelente iluminaciónSofá cama adicional para máxima versatilidad2 baños completos con acabados de calidadCocina integral completamente funcionalTerraza privada con vista al movimiento cosmopolita COMPLETAMENTE EQUIPADO - E,https://static.tokkobroker.com/sm_pics/7269295_39429531905130704273887718962325670431532342744844458139871361892631139831568_og.jpg,Mexico,Quintana Roo,Playa del Carmen,,,Sale,1,Royal Casa Bienes Raíces,https://www.royalcasa.com.mx/p/7269295-Departamento-en-Venta-en-Playa-del-Carmen-DEPARTAMENTO--EN-VENTA-CON-VISTA-AL-MAR-1-REC-64-M2-EN-PLAYA-DEL-CARMEN,Playa del Carmen; Other Riviera Maya
Royal Casa Bienes Raíces,https://royalcasa.com.mx,Tokko Broker,"https://www.royalcasa.com.mx/p/6775282-Hotel-en-Venta-en-Akumal-HOTEL-EN-VENTA--DE-15-HAB-EN-AKUMAL,-RIVERA-MAYA,-QUINTANA-ROO--COMPLETAMENTE-EQUIPADO","Hotel en Venta en Akumal - HOTEL EN VENTA  DE 15 HAB EN AKUMAL, RIVERA MAYA, QUINTANA ROO- COMPLETAMENTE EQUIPADO",Land/Lot,29900000,MXN,,,3550,m2,"Hotel en Venta en Akumal, Riviera Maya – Oportunidad Única para Inversionistas ¡Invierte en el paraíso! Se vende hotel en Akumal, Riviera Maya, en perfectas condiciones y en plena operación. Ubicado a pocos minutos de la espectacular playa de Xpu-Ha, este hotel ofrece una oportunidad inmejorable para inversionistas que buscan un negocio rentable en uno de los destinos turísticos más exclusivos de México. Listo para operar: Con registro activo, historial de reservas y excelente reputación.Ubicación privilegiada: Cerca de playas paradisíacas, cenotes y atracciones turísticas.Infraestructura impe",https://static.tokkobroker.com/sm_pics/94889887_og.jpg,Mexico,Quintana Roo,Playa del Carmen,,,Sale,1,Royal Casa Bienes Raíces,"https://www.royalcasa.com.mx/p/6775282-Hotel-en-Venta-en-Akumal-HOTEL-EN-VENTA--DE-15-HAB-EN-AKUMAL,-RIVERA-MAYA,-QUINTANA-ROO--COMPLETAMENTE-EQUIPADO",Playa del Carmen; Other Riviera Maya
Royal Casa Bienes Raíces,https://royalcasa.com.mx,Tokko Broker,https://www.royalcasa.com.mx/p/6814657-Terreno-en-Venta-en-Playa-del-Carmen-LOTE-RESIDENCIAL-EN-VENTA-185M2-EN-RESIDENCIAL-PLAYA-DEL-CARMEN,Terreno en Venta en Playa del Carmen - LOTE RESIDENCIAL EN VENTA 185M2 EN RESIDENCIAL PLAYA DEL CARMEN,Land/Lot,1485000,MXN,,,185,m2,"LOTE EN VENTA 185M2 EN RESIDENCIAL PLAYA DEL CARMEN Características: Superficie: 185 m² : Ideal para construir una villa privada, residencia vacacional o proyecto de inversión. Ubicación premium: Dentro de una zona cerrada con seguridad 24/7, a solo minutos de playas vírgenes y la vibrante 5ta Avenida. Entorno exclusivo: Rodeado de áreas verdes, campos de golf de clase mundial y centros comerciales de alto nivel. Plusvalía garantizada: En una de las zonas de mayor crecimiento y demanda en Playa del Carmen. No pierdas la oportunidad de ser parte de este exclusivo desarrollo. Manda mensaje ahora",https://static.tokkobroker.com/sm_pics/95839767_og.jpg,Mexico,Quintana Roo,Playa del Carmen,,,Sale,1,Royal Casa Bienes Raíces,https://www.royalcasa.com.mx/p/6814657-Terreno-en-Venta-en-Playa-del-Carmen-LOTE-RESIDENCIAL-EN-VENTA-185M2-EN-RESIDENCIAL-PLAYA-DEL-CARMEN,Playa del Carmen; Other Riviera Maya
Royal Casa Bienes Raíces,https://royalcasa.com.mx,Tokko Broker,https://www.royalcasa.com.mx/p/8583614-Terreno-en-Venta-en-Ejidal-TERRENO-EN-VENTA-EN-EL-EJIDO-%7C-A-1-CUADRA-DE-AV.-JU%C3%81REZ-%7C-USO-DE-SUELO-MIXTO,Terreno en Venta en Ejidal - TERRENO EN VENTA EN EL EJIDO | A 1 CUADRA DE AV. JUÁREZ | USO DE SUELO MIXTO,Land/Lot,2800000,MXN,2,2,313,m2,"TERRENO EN VENTA EN EL EJIDO | A 1 CUADRA DE AV. JUÁREZ | USO DE SUELO MIXTO Excelente oportunidad de inversión en una de las zonas con mayor crecimiento y plusvalía de Playa del Carmen. Ubicado a tan solo una cuadra de la Avenida Juárez, este terreno ofrece el espacio y la ubicación ideal para desarrollar un proyecto habitacional, comercial o de renta gracias a su uso de suelo mixto. Características: • Terreno de 313 m²• Uso de suelo mixto• Documentación completamente en regla• Construcción existente con: 2 habitaciones1 baño completoÁrea posterior en obra gris con posibilidad de ampliación L",https://static.tokkobroker.com/sm_pics/8583614_52494592332755802430826452697073699148189751479048029853182980088748302585621_og.jpg,Mexico,Quintana Roo,Playa del Carmen,,,Sale,1,Royal Casa Bienes Raíces,https://www.royalcasa.com.mx/p/8583614-Terreno-en-Venta-en-Ejidal-TERRENO-EN-VENTA-EN-EL-EJIDO-%7C-A-1-CUADRA-DE-AV.-JU%C3%81REZ-%7C-USO-DE-SUELO-MIXTO,Playa del Carmen; Other Riviera Maya
Royal Casa Bienes Raíces,https://royalcasa.com.mx,Tokko Broker,https://www.royalcasa.com.mx/p/8565121-Casa-en-Venta-en-Fraccionamiento-La-Guadalupana-CASA-EN-VENTA-CON-UNIDADES-INDEPENDIENTES-Y-POTENCIAL-COMERCIAL-LA-GUADALUPANA-PLAYA-DEL-CARMEN,Casa en Venta en Fraccionamiento La Guadalupana - CASA EN VENTA CON UNIDADES INDEPENDIENTES Y POTENCIAL COMERCIAL LA GUADALUPANA-PLAYA DEL CARMEN,Land/Lot,2690000,MXN,3,5,150,m2,"Casa en esquina con dos unidades independientes y potencial comercial en La Guadalupana Excelente oportunidad para invertir en una propiedad versátil, ubicada en esquina dentro del fraccionamiento La Guadalupana. Su distribución en dos niveles, con accesos independientes, permite utilizarla como vivienda familiar, generar ingresos por renta o adaptarla para actividades comerciales. Lo que te encantará: Planta Baja: 3 recámaras, sala-comedor, cocina, 2 baños, bodega y acceso lateral ideal para local u oficina. Planta Alta: Unidad independiente con 2 recámaras, sala-comedor, cocina y una amplia ",https://static.tokkobroker.com/sm_pics/8565121_98844412448117864600026628443754049457725808169646248894501127190514503345005_og.jpg,Mexico,Quintana Roo,Playa del Carmen,,,Sale,1,Royal Casa Bienes Raíces,https://www.royalcasa.com.mx/p/8565121-Casa-en-Venta-en-Fraccionamiento-La-Guadalupana-CASA-EN-VENTA-CON-UNIDADES-INDEPENDIENTES-Y-POTENCIAL-COMERCIAL-LA-GUADALUPANA-PLAYA-DEL-CARMEN,Playa del Carmen; Other Riviera Maya
Royal Casa Bienes Raíces,https://royalcasa.com.mx,Tokko Broker,https://www.royalcasa.com.mx/p/7307065-Casa-en-Venta-en-Fraccionamiento-Altaria-Residencial-CASA-EN-VENTA-SIN-MUEBLES--3-REC-CON-CASA-CLUB-EN-PLAYA-DEL-CARMEN,Casa en Venta en Fraccionamiento Altaria Residencial - CASA EN VENTA SIN MUEBLES  3 REC CON CASA CLUB EN PLAYA DEL CARMEN,House,4625000,MXN,3,3,166,m2,"CASA EN VENTA SIN MUEBLES 3 REC 166 M2 EN PLAYA DEL CARMEN CON CASA CLUB Esta hermosa casa de 3 recámaras en el exclusivo residencial Altaria no es solo una propiedad, es tu próximo capítulo de vida. Un espacio pensado para ti: 3 recámaras perfectas para toda la familia, incluyendo un elegante walking closet en la principal2 baños completos más un medio baño para visitas Sala de TVCocina completamente equipada Terraza y jardín privado **Se vende sin muebles El residencial te ofrece un estilo de vida único con Casa Club que incluye: Alberca Chapoteadero para los pequeños Gimnasio para mantenert",https://static.tokkobroker.com/sm_pics/117891770_og.jpg,Mexico,Quintana Roo,Playa del Carmen,,,Sale,1,Royal Casa Bienes Raíces,https://www.royalcasa.com.mx/p/7307065-Casa-en-Venta-en-Fraccionamiento-Altaria-Residencial-CASA-EN-VENTA-SIN-MUEBLES--3-REC-CON-CASA-CLUB-EN-PLAYA-DEL-CARMEN,Playa del Carmen; Other Riviera Maya
Royal Casa Bienes Raíces,https://royalcasa.com.mx,Tokko Broker,https://www.royalcasa.com.mx/p/6933974-Departamento-en-Venta-en-Gonzalo-Guerrero-DEPARTAMENTO-EN-EL-CENTRO-2-REC-CON-ROOFTOP-Y-JACUZZI-EN-PLAYA-DEL-CARMEN,Departamento en Venta en Gonzalo Guerrero - DEPARTAMENTO EN EL CENTRO 2 REC CON ROOFTOP Y JACUZZI EN PLAYA DEL CARMEN,Land/Lot,3229000,MXN,3,2,72,m2,DEPARTAMENTO EN EL CENTRO 2 REC CON ROOFTOP Y JACUZZI EN PLAYA DEL CARMEN Esta ubicación te coloca a minutos caminando de la legendaria Quinta Avenida y con acceso inmediato a playas de arena blanca caribeña. CONECTIVIDAD TOTAL CON LO MEJOR DE LA RIVIERA MAYA: Proximidad directa a restaurantes gourmet y boutiques internacionalesVida nocturna al alcanceConectividad completa con centros comerciales y servicios médicosAcceso directo a transporte principal Este departamento de 72 metros cuadrados combina funcionalidad inteligente con estética internacional y elementos caribeños auténticos. CARACTE,https://static.tokkobroker.com/sm_pics/98604680_og.jpg,Mexico,Quintana Roo,Playa del Carmen,,,Sale,1,Royal Casa Bienes Raíces,https://www.royalcasa.com.mx/p/6933974-Departamento-en-Venta-en-Gonzalo-Guerrero-DEPARTAMENTO-EN-EL-CENTRO-2-REC-CON-ROOFTOP-Y-JACUZZI-EN-PLAYA-DEL-CARMEN,Playa del Carmen; Other Riviera Maya
Royal Casa Bienes Raíces,https://royalcasa.com.mx,Tokko Broker,https://www.royalcasa.com.mx/p/6769278-Departamento-en-Venta-en-Playa-Car-DEPARTAMENTO-DE-2-RECAMARAS-60M2--EN-VENTA-EN-PLAYACAR-PLAYA-DEL-CARMEN,Departamento en Venta en Playa Car - DEPARTAMENTO DE 2 RECAMARAS 60M2  EN VENTA EN PLAYACAR PLAYA DEL CARMEN,Land/Lot,2469000,MXN,2,2,60,m2,DEPARTAMENTO DE 2 REC 60M2 EN VENTA EN PLAYACAR PLAYA DEL CARMEN Caracteristicas: Dos recámaras. Baño completo con acabados modernos Patio privado Cajón de estacionamiento exclusivo Completamente Amueblado y Listo para Habitar: Electrodomésticos y equipamiento completo incluido La Oportunidad que No Puedes Dejar Pasar Estos departamentos representan mucho más que un lugar donde vivir; son tu acceso directo a la experiencia completa del Caribe mexicano. No dejes que esta oportunidad pase a otras manos. Contáctanos ahora para más detalles. Tu vida en Playacar comienza con una llamada. WAL6769 Ll,https://static.tokkobroker.com/sm_pics/108408505_og.jpg,Mexico,Quintana Roo,Playa del Carmen,,,Sale,1,Royal Casa Bienes Raíces,https://www.royalcasa.com.mx/p/6769278-Departamento-en-Venta-en-Playa-Car-DEPARTAMENTO-DE-2-RECAMARAS-60M2--EN-VENTA-EN-PLAYACAR-PLAYA-DEL-CARMEN,Playa del Carmen; Other Riviera Maya
Royal Casa Bienes Raíces,https://royalcasa.com.mx,Tokko Broker,https://www.royalcasa.com.mx/p/6327806-Departamento-en-Venta-en-Playa-del-Carmen-Centro-PENTHOUSE-EN-VENTA-EN-PLAYA-DEL-CARMEN-EN-PLAYA-MAMITAS,Departamento en Venta en Playa del Carmen Centro - PENTHOUSE EN VENTA EN PLAYA DEL CARMEN EN PLAYA MAMITAS,Penthouse,385000,USD,4,4,172,m2,"PENTHOUSE EXCLUSIVO EN VENTA - PLAYA DEL CARMEN CENTRO Descubre esta excepcional oportunidad de inversión: un penthouse de lujo estratégicamente ubicado en el corazón de Playa del Carmen, con acceso directo a la reconocida Playa Mamitas por la Calle 28. CARACTERÍSTICAS DESTACADAS: 4 recámaras amplias con 4.5 baños completos 172 m² de construcción optimizada Diseño inteligente de 2 niveles independientes Cada nivel cuenta con cocina totalmente equipada Sistema Lock-off que permite rentar ambos niveles por separado VENTAJAS ÚNICAS: Esta propiedad representa una inversión inteligente gracias a su",https://static.tokkobroker.com/sm_pics/85587417_og.jpg,Mexico,Quintana Roo,Playa del Carmen,,,Sale,1,Royal Casa Bienes Raíces,https://www.royalcasa.com.mx/p/6327806-Departamento-en-Venta-en-Playa-del-Carmen-Centro-PENTHOUSE-EN-VENTA-EN-PLAYA-DEL-CARMEN-EN-PLAYA-MAMITAS,Playa del Carmen; Other Riviera Maya
Royal Casa Bienes Raíces,https://royalcasa.com.mx,Tokko Broker,https://www.royalcasa.com.mx/p/6689289-Edificio-Comercial-en-Venta-en-Ejidal-EDIFICIO-EN-VENTA-CON-HOSTAL-Y-ROOF-TOP-BAR-EN--PLAYA-DEL-CARMEN,Edificio Comercial en Venta en Ejidal - EDIFICIO EN VENTA CON HOSTAL Y ROOF TOP BAR EN  PLAYA DEL CARMEN,Land/Lot,468000,USD,,12,574,m2,"EDIFICIO EN VENTA CON HOSTAL Y ROOF TOP BAR EN PLAYA DEL CARMEN ¿Buscas una inversión segura en una ubicación privilegiada? Este hostal en Playa del Carmen, ubicado en la zona Ejidal, sobre Diagonal 80 casi esquina Av. Juárez, es la oportunidad que estabas esperando. Disfruta de la comodidad de estar a sólo 10 minutos de la Playa y la famosa 5ta Avenida. Características del Hostal: 5 niveles con 120 camas 574 m² de construcción ROOF TOP con snack bar y área de asoleadero 10 regaderas y 11 sanitarios 26 paneles solares para eficiencia energética 12 equipos de aire acondicionado para máximo conf",https://static.tokkobroker.com/sm_pics/95538783_og.jpg,Mexico,Quintana Roo,Playa del Carmen,,,Sale,1,Royal Casa Bienes Raíces,https://www.royalcasa.com.mx/p/6689289-Edificio-Comercial-en-Venta-en-Ejidal-EDIFICIO-EN-VENTA-CON-HOSTAL-Y-ROOF-TOP-BAR-EN--PLAYA-DEL-CARMEN,Playa del Carmen; Other Riviera Maya
Royal Casa Bienes Raíces,https://royalcasa.com.mx,Tokko Broker,https://www.royalcasa.com.mx/p/6181995-Casa-en-Venta-en-Puerto-Morelos-CASA-EN-VENTA-4-REC-4.5-BA%C3%91OS--EN-RIVIERA-MAYA-PUERTO-MORELOS-CON-ALBERCA-PRIVADA,Casa en Venta en Puerto Morelos - CASA EN VENTA 4 REC 4.5 BAÑOS  EN RIVIERA MAYA PUERTO MORELOS CON ALBERCA PRIVADA,House,5950000,MXN,,4.5,265,m2,"CASA EN VENTA 4 REC 4.5 BAÑOS EN RIVIERA MAYA PUERTO MORELOS CON ALBERCA PRIVADA Casa en venta en Residencial Regatta en Puerto Morelos a sólo 10 minutos del aeropuerto de Cancún. Este Fracc. se encuentra muy cerca de la playa y de centros comerciales. Son 4 REC. con 4 Baños y medio. Tiene 265 m2 útiles con 160 m2 de terreno. La casa se entrega totalmente equipada y amueblada. Aires acondicionados, ventiladores de techo, closets, hidroneumático y alberca privada en el jardín trasero. La privada ofrece las siguientes amenidades: - Seguridad 24 hrs. - Área de asadores - Palapas - Albercas - Jueg",https://static.tokkobroker.com/sm_pics/82791979_og.jpg,Mexico,Quintana Roo,Playa del Carmen,,,Sale,1,Royal Casa Bienes Raíces,https://www.royalcasa.com.mx/p/6181995-Casa-en-Venta-en-Puerto-Morelos-CASA-EN-VENTA-4-REC-4.5-BA%C3%91OS--EN-RIVIERA-MAYA-PUERTO-MORELOS-CON-ALBERCA-PRIVADA,Cancun; Playa del Carmen; Puerto Morelos; Other Riviera Maya
Royal Casa Bienes Raíces,https://royalcasa.com.mx,Tokko Broker,"https://www.royalcasa.com.mx/p/7788529-Terreno-en-Venta-en-Fraccionamiento-Los-Arrecifes-TERRENO-EN-VENTA-DE-1,150-M2-ZONA-ESCOLAR-A-PASOS-DEL-DEPORTIVO-EN-PLAYA-DEL-CARMEN","Terreno en Venta en Fraccionamiento Los Arrecifes - TERRENO EN VENTA DE 1,150 M2 ZONA ESCOLAR A PASOS DEL DEPORTIVO EN PLAYA DEL CARMEN",Land/Lot,2729000,MXN,,,1150,m2,"TERRENO EN VENTA EN PLAYA DEL CARMEN DE 1,175 M2 SUPER UBICADO Se ubica a un lado de la unidad deportiva Riviera Maya que cuenta con canchas de Beisbol, Basquetbol, Futbol, Tennis y alberca olímpica, entre otros. A sólo 10 minutos del centro y con centros comerciales a la vuelta como Walmart y Chedraui. Son 1,175 m2 con 25 m de frente x 47 m de fondo Una buena oportunidad para construir una casa con amplio jardín o como inversión de largo plazo para ganar plusvalía. Manda mensaje para más información. WAL7788 Llámanos para más Información.",https://static.tokkobroker.com/sm_pics/127743045_og.jpg,Mexico,Quintana Roo,Playa del Carmen,,,Sale,1,Royal Casa Bienes Raíces,"https://www.royalcasa.com.mx/p/7788529-Terreno-en-Venta-en-Fraccionamiento-Los-Arrecifes-TERRENO-EN-VENTA-DE-1,150-M2-ZONA-ESCOLAR-A-PASOS-DEL-DEPORTIVO-EN-PLAYA-DEL-CARMEN",Playa del Carmen; Other Riviera Maya
Royal Casa Bienes Raíces,https://royalcasa.com.mx,Tokko Broker,https://www.royalcasa.com.mx/p/7653980-Terreno-en-Venta-en-Fraccionamiento-Ciudad-Mayakoba-TERRENO-EN-VENTALISTO-PARA-CONSTRUIR-DE-166-M2--SENDEROS-MAYAKOBA--EN-PLAYA-DEL-CARMEN,Terreno en Venta en Fraccionamiento Ciudad Mayakoba - TERRENO EN VENTALISTO PARA CONSTRUIR DE 166 M2  SENDEROS MAYAKOBA  EN PLAYA DEL CARMEN,Land/Lot,1414900,MXN,,,166,m2,"TERRENO EN VENTA EN PLAYA DEL CARMEN SENDEROS MAYAKOBA PONIENTE Descubre esta excepcional oportunidad de adquirir un terreno, con documentación en orden y acceso a amenidades de lujo. ESPECIFICACIONES DEL TERRENO: Superficie total: 166.48 m² Dimensiones: 8 metros de frente x 20 metros de fondo Proporción ideal para construcción residencial Topografía favorable para desarrollo DOCUMENTACIÓN IMPECABLE - LISTO PARA CONSTRUIR: Ya escriturado Papeles legales completamente en orden Lotificado Transparencia absoluta en documentación AMENIDADES: Dos albercas Dos canchas de tenis Dos canchas de fútbol ",https://static.tokkobroker.com/sm_pics/114700646_og.jpg,Mexico,Quintana Roo,Playa del Carmen,,,Sale,1,Royal Casa Bienes Raíces,https://www.royalcasa.com.mx/p/7653980-Terreno-en-Venta-en-Fraccionamiento-Ciudad-Mayakoba-TERRENO-EN-VENTALISTO-PARA-CONSTRUIR-DE-166-M2--SENDEROS-MAYAKOBA--EN-PLAYA-DEL-CARMEN,Playa del Carmen; Other Riviera Maya
Royal Casa Bienes Raíces,https://royalcasa.com.mx,Tokko Broker,"https://www.royalcasa.com.mx/p/7272917-Departamento-en-Venta-en-Playa-del-Carmen-Centro-Depto-1-Rec.-56-m%C2%B2-Listo-para-Escriturar-%E2%80%94-Central-Park,-Playa-del-Carmen","Departamento en Venta en Playa del Carmen Centro - Depto 1 Rec. 56 m² Listo para Escriturar — Central Park, Playa del Carmen",Condo/Apartment,3550000,MXN,1,1,56,m2,"DEPARTAMENTO AMUEBLADO 1 REC. 56 M² EN CENTRAL PARK — A 3 CUADRAS DEL MAR, LISTO PARA ESCRITURAR Imagina despertar donde la tranquilidad del Caribe se encuentra con todo al alcance de tu mano. Este exclusivo departamento de 56 m², completamente amueblado y equipado, forma parte de Central Park: un desarrollo boutique de solo 38 unidades, ubicado en Calle 24 con Av. 10, a un paso de la 5ta Avenida y a solo 3 cuadras del mar. Diseñado para vivir bien o para rentar bien: 1 recámara amplia, 56 m² totalmente amueblados y equipadosEntrega inmediata — listo para habitar o poner en Airbnb desde el pri",https://static.tokkobroker.com/sm_pics/110864213_og.jpg,Mexico,Quintana Roo,Playa del Carmen,,,Sale,1,Royal Casa Bienes Raíces,"https://www.royalcasa.com.mx/p/7272917-Departamento-en-Venta-en-Playa-del-Carmen-Centro-Depto-1-Rec.-56-m%C2%B2-Listo-para-Escriturar-%E2%80%94-Central-Park,-Playa-del-Carmen",Playa del Carmen; Other Riviera Maya
Sally,https://theagencyrerivieramaya.com/agent-sally-sudol.html,,https://theagencyrerivieramaya.com/playa-del-carmen-listings.html,Playa del Carmen Real Estate | Listings Playa del Carmen | Condos for sale Playa del Carmen,House,488172,USD,4,5,,,,https://theagencyrerivieramaya.com/assets/images/logo.png; https://theagencyrerivieramaya.com/assets/images/properties/playa-del-carmen/zonna-branded-residences-thumb.jpg; https://theagencyrerivieramaya.com/images/properties/playa-del-carmen/naomi/naomi-thumb-main.webp; https://theagencyrerivieramaya.com/images/properties/playa-del-carmen/costalina/costalina-main-thumb.webp; https://theagencyrerivieramaya.com/images/properties/playa-del-carmen/calatt/calatt-main-thumb.webp; https://theagencyrerivieramaya.com/images/properties/playa-del-carmen/paraiso/paraiso-main-thumb.webp; https://theagencyrerivieramaya.com/images/properties/playa-del-carmen/elemnts/elemnts-main-thumb.webp; https://theagencyrerivieramaya.com/images/properties/playa-del-carmen/the-shore/the-shore-main-thumb.webp,Mexico,Quintana Roo,Tulum,,,Sale,1,Sally,https://theagencyrerivieramaya.com/playa-del-carmen-listings.html,Playa del Carmen; Tulum; Other Riviera Maya
Select Realty Mexico,https://selectrealtymexico.com/en/,,https://selectrealtymexico.com/en/propiedad/casa-itzamna-playa-magna-playa-del-carmen/,"Casa Itzamná | Playa Magna, Playa del Carmen",Land/Lot,790000,USD,4,3.1,1000,m2,"A villa designed for those who value spacious areas, privacy, and the tranquility of a residential community. Located within the exclusive Playa Magna development, this property is built on two lots totaling over 1,000 m², with a single-level layout offering comfort and functionality. It features 4 bedrooms and 3.5 bathrooms, spacious social areas connected to the garden, a separate bungalow, a private pool, and a natural wooded environment that provides privacy and serenity. Playa Magna also offers 24/7 security, a clubhouse, gym, communal pool, sports courts, and extensive green areas. A ver",https://selectrealtymexico.com/wp-content/uploads/2026/03/14-scaled.jpg; https://selectrealtymexico.com/wp-content/uploads/2026/03/9-scaled.jpg; https://selectrealtymexico.com/wp-content/uploads/2026/03/1-1.jpg; https://selectrealtymexico.com/wp-content/uploads/2026/03/2-1.jpg; https://selectrealtymexico.com/wp-content/uploads/2026/03/8-scaled.jpg; https://selectrealtymexico.com/wp-content/uploads/2026/03/3.jpg; https://selectrealtymexico.com/wp-content/uploads/2026/03/4.jpg; https://selectrealtymexico.com/wp-content/uploads/2026/03/13-scaled.jpg,Mexico,Quintana Roo,Playa del Carmen,20.680365,-87.043933,Sale,1,Select Realty Mexico,https://selectrealtymexico.com/en/propiedad/casa-itzamna-playa-magna-playa-del-carmen/,Playa del Carmen; Other Riviera Maya
Select Realty Mexico,https://selectrealtymexico.com/en/,,https://selectrealtymexico.com/en/propiedad/edificio-en-venta-en-playa-del-carmen-zona-hollywood-duplicate-30174/,Edificio en venta en Playa del Carmen | Zona Hollywood,Condo/Apartment,2250000,USD,1,,250,SQM,"Edificio completo en venta, ubicado en el corazón de Playa del Carmen, dentro de la reconocida zona Hollywood, una de las áreas con mayor actividad comercial y turística de la ciudad. Su excelente ubicación permite llegar caminando en pocos minutos tanto a la Quinta Avenida como a la playa, rodeado de restaurantes, comercios y negocios consolidados. Características generales: Tipo de propiedad: Edificio completo Ubicación: Playa del Carmen, Quintana Roo Terreno: 250 m² Construcción: 731 m² Uso: Mixto (habitacional y comercial) Distribución del inmueble: 3 locales comerciales en planta baja Act",https://selectrealtymexico.com/wp-content/uploads/2025/12/WhatsApp-Image-2026-01-27-at-12.58.04-PM.jpeg; https://selectrealtymexico.com/wp-content/uploads/2025/12/7007-2-1.jpeg; https://selectrealtymexico.com/wp-content/uploads/2025/12/nn-1.jpg; https://selectrealtymexico.com/wp-content/uploads/2025/12/mm-1.jpg; https://selectrealtymexico.com/wp-content/uploads/2025/12/50-1.jpg; https://selectrealtymexico.com/wp-content/uploads/2025/12/15-1.jpg; https://selectrealtymexico.com/wp-content/uploads/2025/12/24-1.jpg; https://selectrealtymexico.com/wp-content/uploads/2025/12/40-1.jpg,Mexico,Quintana Roo,Playa del Carmen,20.635236,-87.071675,Sale,1,Select Realty Mexico,https://selectrealtymexico.com/en/propiedad/edificio-en-venta-en-playa-del-carmen-zona-hollywood-duplicate-30174/,Playa del Carmen; Other Riviera Maya
Sena Real Estate,https://www.sena-realestate.com/,Tokko Broker,https://www.sena-realestate.com/p/8039233-Casa-en-Venta-en-Playa-del-Carmen-VENTA-CASA-5-REC.-PLAYACAR-PLAYA-DEL-CARMEN,Casa en Venta en Playa del Carmen - Playa del Carmen,Land/Lot,16000000,MXN,5,5,420,m2,"CASA EN VENTA EN PLAYACAR FASE II PRECIO: $16,000,000 MXN Ubicada dentro del exclusivo fraccionamiento Club Real, en Playacar Fase II, Playa del Carmen, Quintana Roo. La propiedad cuenta con: • 5 habitaciones• 4 baños completos• 1 medio baño• Sala y comedor• Cocina equipada e integral• Terraza y balcón• Alberca privada• Jardín• Cuarto de servicio• Estacionamiento• Cisterna• Aire acondicionado• Ventiladores• Clósets• Servicios de agua, gas natural, electricidad e internet La casa se vende sin amueblar. Amenidades del condominio Club Real: • Seguridad• Albercas• Canchas de tenis• Senderos para c",https://static.tokkobroker.com/sm_pics/8039233_1098837076122479413836520338726436623653925409469739114647342193234602450266_og.jpg,Mexico,Quintana Roo,Playa del Carmen,,,Sale,1,Sena Real Estate,https://www.sena-realestate.com/p/8039233-Casa-en-Venta-en-Playa-del-Carmen-VENTA-CASA-5-REC.-PLAYACAR-PLAYA-DEL-CARMEN,Playa del Carmen; Other Riviera Maya
Sena Real Estate,https://www.sena-realestate.com/,Tokko Broker,https://www.sena-realestate.com/p/7199599-Terreno-en-Venta-en-Playa-del-Carmen-VENTA-DE-TERRENO-AV.-10-Y-15-NORTE--PLAYA-DEL-CARMEN,Terreno en Venta en Playa del Carmen - Playa del Carmen,Land/Lot,3500000,MXN,,,240,m2,"Terreno en venta en el corazón de Playa del Carmen!!! Ubicación privilegiada entre la 10 Av. Norte y la 15 Av. Norte. A solo 4 minutos de la playa en bicicleta, este terreno es una excelente oportunidad para inversionistas o desarrolladores que buscan estar cerca del mar y del movimiento urbano. Características_ Superficie total: 240 m² Dimensiones: 12 m x 20 m Precio: $3,500,000 MXN Escriturado y con documentación en regla. Ideal para construir vivienda o un proyecto comercial en una zona de alta plusvalía.!!! Contáctame para más información o para agendar una visita. Sena Real Estate cumple ",https://static.tokkobroker.com/sm_pics/104878226_og.jpg,Mexico,Quintana Roo,Playa del Carmen,,,Sale,1,Sena Real Estate,https://www.sena-realestate.com/p/7199599-Terreno-en-Venta-en-Playa-del-Carmen-VENTA-DE-TERRENO-AV.-10-Y-15-NORTE--PLAYA-DEL-CARMEN,Playa del Carmen; Other Riviera Maya
Virtual Realty Riviera Maya,https://www.virtualrealtyrivieramaya.com/,Tokko Broker,https://www.virtualrealtyrivieramaya.com/p/7985887-Departamento-en-Venta-en-Tequisquiapan-Centro-Queretaro-centro-Tequisquiapan-(1615),Departamento en Venta en Tequisquiapan Centro - Queretaro centro Tequisquiapan (1615),Condo/Apartment,9680000,MXN,2,2,201,m2,"Información actualizada en Agosto 2026. Pent houses de 2 recámaras con 2 baños con roof garden privado con jacuzzi grande, pergola, medio baño, regadera externa. El Relox branded residences tienen la opción que el departamento lo administraría una empresa de renombre internacional en la administración de pequeños hoteles boutique de lujo con más de 30 años de experiencia y más de 40 hoteles en diferentes partes del mundo con retornos de inversión proyectados sobre un 13-14% anual. Primer desarrollo de departamentos en preventa de 2 recàmaras en el centro de Tequisquiapan, a solo unos pasos a l",https://static.tokkobroker.com/sm_pics/122146125_og.jpg,Mexico,Quintana Roo,Playa del Carmen,,,Sale,1,Virtual Realty Riviera Maya,https://www.virtualrealtyrivieramaya.com/p/7985887-Departamento-en-Venta-en-Tequisquiapan-Centro-Queretaro-centro-Tequisquiapan-(1615),Playa del Carmen; Other Riviera Maya
Virtual Realty Riviera Maya,https://www.virtualrealtyrivieramaya.com/,Tokko Broker,https://www.virtualrealtyrivieramaya.com/p/7629138-Departamento-en-Renta-en-Tequisquiapan-Centro-Calle-Morelos--centro-Tequisquiapan-Quer%C3%A9taro(1608),Departamento en Renta en Tequisquiapan Centro - Calle Morelos  centro Tequisquiapan Querétaro(1608),Condo/Apartment,35000,MXN,2,2,122,m2,"Departamento amueblado de lujo en el nuevo Relox Branded Residences en el centro de Tequisquiapan. Departamento de 2 recámaras con 2.5 baños totalmente equipado y amueblado: Cortinas Persianas black out Aires acondicionados Centro de lavado Estufa Horno Microondas Refrigerador Lava vajillas Jacuzzi Domótica A un costado de la nueva plaza comercial del Relox donde encontrarás, cafetería, galería, crepería, chocolatería, boutiques de ropa y muchos otros comercios. Estacionamiento subterráneo Se pide un mes de depòsito y poliza jurídica Renta mínima 1 año. Renovables Entrega inmediata *Precios y ",https://static.tokkobroker.com/sm_pics/7629138_59991940844390050366870295445817167511698074287768610452411287342149627901061_og.jpg,Mexico,Quintana Roo,Playa del Carmen,,,Sale,1,Virtual Realty Riviera Maya,https://www.virtualrealtyrivieramaya.com/p/7629138-Departamento-en-Renta-en-Tequisquiapan-Centro-Calle-Morelos--centro-Tequisquiapan-Quer%C3%A9taro(1608),Playa del Carmen; Other Riviera Maya
Virtual Realty Riviera Maya,https://www.virtualrealtyrivieramaya.com/,Tokko Broker,https://www.virtualrealtyrivieramaya.com/p/2352136-Departamento-en-Venta-en-Playa-del-Carmen-Departamento-nuevo-en-venta-en-Playa-del-Carmen-(606),Departamento en Venta en Playa del Carmen - Departamento nuevo en venta en Playa del Carmen (606),Condo/Apartment,4500000,MXN,2,2,131,m2,"EL PROYECTO MAS COMPLETO DE PLAYA DEL CARMEN A SOLO 7 MIN DE LA QUINTA AVENIDA Y MAR CARIBE. Desarrollo único en su tipo en Playa del Carmen, similar a los desarrollos turísticos de Cancún, con grandes espacios tanto interiores como los exteriores, sobre una gran avenida amplia y arbolada. Departamento de 2 recámaras con alberca privada y asoleadero privado con pergola Proyecto de uso mixto, todas las comodidades a solo unos pasos de su Residencia. Plaza Comercial La alberca mas grande Salón de Eventos Club Deportivo Cancha de Tennis Cancha de Usos Multiples SPA Gym Asadores Estacionamiento te",https://static.tokkobroker.com/sm_pics/83432702_og.jpg,Mexico,Quintana Roo,Playa del Carmen,,,Sale,1,Virtual Realty Riviera Maya,https://www.virtualrealtyrivieramaya.com/p/2352136-Departamento-en-Venta-en-Playa-del-Carmen-Departamento-nuevo-en-venta-en-Playa-del-Carmen-(606),Cancun; Playa del Carmen; Other Riviera Maya
Virtual Realty Riviera Maya,https://www.virtualrealtyrivieramaya.com/,Tokko Broker,https://www.virtualrealtyrivieramaya.com/p/2352114-Departamento-en-Venta-en-Playa-del-Carmen-Departamento-nuevo--en-venta-en-Playa-del-Carmen-(605),Departamento en Venta en Playa del Carmen - Departamento nuevo  en venta en Playa del Carmen (605),Condo/Apartment,5600000,MXN,3,3,179,m2,"EL PROYECTO MAS COMPLETO DE PLAYA DEL CARMEN A SOLO 7 MIN DE LA QUINTA AVENIDA Y MAR CARIBE. Cerca del principal centro comercial de Playa del Carmen. Desarrollo único en su tipo en Playa del Carmen, similar a los desarrollos turísticos de Cancún, con grandes espacios tanto interiores como los exteriores, sobre una gran avenida amplia y arbolada. En uno de los edificios màs altos de Playa del Carmen con vistas a la ciudad o a la selva. Departamento de 3 recàmaras con jardin privado nuevo Proyecto de uso mixto, todas las comodidades a solo unos pasos de su Residencia. Plaza Comercial La alberca",https://static.tokkobroker.com/sm_pics/83432002_og.jpg,Mexico,Quintana Roo,Playa del Carmen,,,Sale,1,Virtual Realty Riviera Maya,https://www.virtualrealtyrivieramaya.com/p/2352114-Departamento-en-Venta-en-Playa-del-Carmen-Departamento-nuevo--en-venta-en-Playa-del-Carmen-(605),Cancun; Playa del Carmen; Other Riviera Maya
Virtual Realty Riviera Maya,https://www.virtualrealtyrivieramaya.com/,Tokko Broker,https://www.virtualrealtyrivieramaya.com/p/5619966-Departamento-en-Venta-en-Playa-Car-Fase-II-Departamento-en-venta-en-Playacar-fase-2-Playa-del-Carmen-(1343),Departamento en Venta en Playa Car Fase II - Departamento en venta en Playacar fase 2 Playa del Carmen (1343),Condo/Apartment,13770000,MXN,3,3,233,m2,"Pent house de 3 recámaras en la zona residencial turìstica màs exclusiva de Playa del Carmen, Playacar fase 2 De 3 niveles con roof garden privado con alberca. PLAYACAR FASE 2 tiene campo de golf de 18 hoyos, acceso a club de playa de Playacar, zonas comerciales, escuelas, hospitales, muchas àreas verdes con fauna nativa y colindando con la zona del centro de Playa del Carmen. AMENIDADES Alberca principal Canche de paddle Area de coworking Area de Yoga Zona de juegos para niños Spa Gym Area Lounge FECHA DE ENTREGA : VERANO 2026 *Precios y Disponibilidad están sujetos a cambios sin previo aviso",https://static.tokkobroker.com/sm_pics/5619966_20483993117747685468200317363533531748139028806115500849148686585639476219031_og.jpg,Mexico,Quintana Roo,Playa del Carmen,,,Sale,1,Virtual Realty Riviera Maya,https://www.virtualrealtyrivieramaya.com/p/5619966-Departamento-en-Venta-en-Playa-Car-Fase-II-Departamento-en-venta-en-Playacar-fase-2-Playa-del-Carmen-(1343),Playa del Carmen; Other Riviera Maya
Virtual Realty Riviera Maya,https://www.virtualrealtyrivieramaya.com/,Tokko Broker,https://www.virtualrealtyrivieramaya.com/p/1666186-Departamento-en-Venta-en-Playa-del-Carmen-Departamento-en-venta-en-el-centro-en-Playa-del-Carmen-(480),Departamento en Venta en Playa del Carmen - Departamento en venta en el centro en Playa del Carmen (480),Condo/Apartment,4900000,MXN,1,1,130,m2,"Departamento tipo estudio Pent house con asoleadero privado en venta. En sus detalles se encuentra reflejada la especie más cercana a los seres humanos: el simio. Símbolo de evolución, fuerza e inteligencia. Descubre cómo la conexión con la naturaleza puede dar un sentido más genuino y libre a tu estilo de vida. Cuenta con una ubicación privilegiada, a tan solo 8 cuadras del mar caribe. Un lugar que facilita la movilidad a todo Playa del Carmen y garantiza la accesibilidad a la Quinta Avenida. HOTEL PLAZA COMERCIAL ÁREA DE RESTAURANTES ALBERCAS ESTACIONAMIENTO SUBTERRÁNEO GIMNASIO Fecha de ent",https://static.tokkobroker.com/sm_pics/57908308_og.jpg,Mexico,Quintana Roo,Playa del Carmen,,,Sale,1,Virtual Realty Riviera Maya,https://www.virtualrealtyrivieramaya.com/p/1666186-Departamento-en-Venta-en-Playa-del-Carmen-Departamento-en-venta-en-el-centro-en-Playa-del-Carmen-(480),Playa del Carmen; Other Riviera Maya
Virtual Realty Riviera Maya,https://www.virtualrealtyrivieramaya.com/,Tokko Broker,"https://www.virtualrealtyrivieramaya.com/p/7527002-Casa-en-Venta-en-Zar%C3%BA-Zaru-El-Marqu%C3%A9s,-Quer%C3%A9taro-(1601)","Casa en Venta en Zarú - Zaru El Marqués, Querétaro (1601)",Land/Lot,2730000,MXN,3,3,122,m2,"Casa en venta en residencial nuevo en privada con acceso controlado en el Marqués en Querétaro. Casa de 3 recámaras con 2.5 baños Conjunto con amenidades: Alberca Casa club Juegos infantiles Areas verdes * El precio de esta publicación no inlcuye canceles de baños, closets, minisplits o cocina equipada. Cada unose puede añadir por separado o todo junto con costos adicionales. Aproveche descuento temporal de $150,000 pesos ya descontado en el precio de esta publicación Se aceptan todos los crèditos hipotecarios e infonavit Listo para entregar y escriturar. *Precios y Disponibilidad están sujeto",https://static.tokkobroker.com/sm_pics/111942368_og.jpg,Mexico,Quintana Roo,Playa del Carmen,,,Sale,1,Virtual Realty Riviera Maya,"https://www.virtualrealtyrivieramaya.com/p/7527002-Casa-en-Venta-en-Zar%C3%BA-Zaru-El-Marqu%C3%A9s,-Quer%C3%A9taro-(1601)",Playa del Carmen; Other Riviera Maya
Virtual Realty Riviera Maya,https://www.virtualrealtyrivieramaya.com/,Tokko Broker,https://www.virtualrealtyrivieramaya.com/p/7510653-Casa-en-Venta-en-El-Marqu%C3%A9s-Anillo-Vial--El-Marqu%C3%A9s-Quer%C3%A9taro-(1598),Casa en Venta en El Marqués - Anillo Vial  El Marqués Querétaro (1598),Land/Lot,1730000,MXN,3,3,88,m2,"En el Marqués , Querétaro Aproveche descuento temporal ya aplicado en el precio de esta publicación de $90,000 pesos Casa nueva de 3 recámaras en privada con increíbles amenidades!! En un entorno de armonía y tranquilidad, disfrutarás de los paisajes naturales y los mejores diseños contemporáneos que sólo este lugar te ofrece. Características 3 Recámaras Comedor 2 Baños Sala Lavandería techada Cocina Cochera doble Diseño contemporáneo.Acabados de lujo. En el precio de esta publicación no se incluye el costo de la cocina equipada, canceles y closets, aires acondicionados, estos tienen un costo ",https://static.tokkobroker.com/sm_pics/111592941_og.jpg,Mexico,Quintana Roo,Playa del Carmen,,,Sale,1,Virtual Realty Riviera Maya,https://www.virtualrealtyrivieramaya.com/p/7510653-Casa-en-Venta-en-El-Marqu%C3%A9s-Anillo-Vial--El-Marqu%C3%A9s-Quer%C3%A9taro-(1598),Playa del Carmen; Other Riviera Maya
Virtual Realty Riviera Maya,https://www.virtualrealtyrivieramaya.com/,Tokko Broker,https://www.virtualrealtyrivieramaya.com/p/6991288-Departamento-en-Venta-en-Tequisquiapan-Centro-Queretaro-Tequisquiapan-colonia-Centro-Tequisquiapan-(1518),Departamento en Venta en Tequisquiapan Centro - Queretaro Tequisquiapan colonia Centro Tequisquiapan (1518),Condo/Apartment,2080000,MXN,1,1,32,m2,"First great opportunity to invest in a vacation rental property in downtown Tequisquiapan. Just steps from the city center and a 5-minute walk from Tequisquiapan's main square. This small boutique development of only 7 units is designed specifically for investors who want to realize capital gains by purchasing during the pre-sale phase with excellent prices, as well as generating income from vacation rentals. Currently, there is almost no competition for this type of property in downtown Tequis, and the returns could be even higher than those of other vacation properties in areas like the Rivi",https://static.tokkobroker.com/sm_pics/99992585_og.jpg,Mexico,Quintana Roo,Playa del Carmen,,,Sale,2,Virtual Realty Riviera Maya,https://www.virtualrealtyrivieramaya.com/p/6897804-Departamento-en-Venta-en-Tequisquiapan-Quer%C3%A9taro-colonia-Tequisquiapan-centro-Tequisquiapan-(1492); https://www.virtualrealtyrivieramaya.com/p/6991288-Departamento-en-Venta-en-Tequisquiapan-Centro-Queretaro-Tequisquiapan-colonia-Centro-Tequisquiapan-(1518),Playa del Carmen; Other Riviera Maya
Virtual Realty Riviera Maya,https://www.virtualrealtyrivieramaya.com/,Tokko Broker,https://www.virtualrealtyrivieramaya.com/p/8171688-Casa-en-Venta-en-Congregacion-La-Trinidad-Comunidad-de-la-trinidad-Tequisquiapan-Queretaro-(1617),Casa en Venta en Congregacion La Trinidad - Comunidad de la trinidad Tequisquiapan Queretaro (1617),House,5300000,MXN,4,4,375,m2,"Gran oportunidad de obtener una espectacular casa de campo en la apacible comunidad de la Trinidad a solo 15 minutos de Tequisquiapan. La comunidad de la trinidad es conocida por sus minas de ópalo y un entorno campestre tranquilo y seguro junto a una gran reserva natural. Casa con un terreno muy amplio de 1,850 m2 con 4 recámaras y 2.5 baños, alberca privada, áreas deportivas, muchos árboles frutales, 2 chimeneas, caballeriza. Disfrute de la vida campestre y tranquila!! Fantastic opportunity to own a spectacular country home in the peaceful community of La Trinidad, just 15 minutes from Tequi",https://static.tokkobroker.com/sm_pics/8171688_102454227096548734294050132471885960599400943620962865300709787420779806251950_og.jpg,Mexico,Quintana Roo,Playa del Carmen,,,Sale,1,Virtual Realty Riviera Maya,https://www.virtualrealtyrivieramaya.com/p/8171688-Casa-en-Venta-en-Congregacion-La-Trinidad-Comunidad-de-la-trinidad-Tequisquiapan-Queretaro-(1617),Playa del Carmen; Other Riviera Maya
Virtual Realty Riviera Maya,https://www.virtualrealtyrivieramaya.com/,Tokko Broker,https://www.virtualrealtyrivieramaya.com/p/2742849-Departamento-en-Venta-en-Puerto-Aventuras-Departamento-hasta-25-a%C3%B1os-de-financiamiento-en-la-marina-de-Puerto-Aventuras-(795),Departamento en Venta en Puerto Aventuras - Departamento hasta 25 años de financiamiento en la marina de Puerto Aventuras (795),Condo/Apartment,170000,USD,1,1,31,m2,"HASTA 25 AÑOS CON FINANCIAMIENTO DIRECTO NO BANCARIO en la marina de Puerto Aventuras. Este proyecto tiene características únicas, como su propio muelle, una alberca, area lounge para disfrutar del sol y Jacuzzis en el rooftop con vista a la marina. Departamento tipo Estudio amueblado. Financiamiento: - Mexicanos 50% Enganche/ 50% Financiado entre 5 y 25 años c/ Interes entre 9 y 11.9%- Extranjeros 35% Enganche/ 65% Financiado entre 5 y 25 años c/ Interes entre 9 y 11.9% . Otras amenidades importantes de mencionar son el club de playa, club de vela, la marina, heladerías, bares, farmacias, vet",https://static.tokkobroker.com/sm_pics/61744291_og.jpg,Mexico,Quintana Roo,Playa del Carmen,,,Sale,1,Virtual Realty Riviera Maya,https://www.virtualrealtyrivieramaya.com/p/2742849-Departamento-en-Venta-en-Puerto-Aventuras-Departamento-hasta-25-a%C3%B1os-de-financiamiento-en-la-marina-de-Puerto-Aventuras-(795),Playa del Carmen; Other Riviera Maya
Virtual Realty Riviera Maya,https://www.virtualrealtyrivieramaya.com/,Tokko Broker,https://www.virtualrealtyrivieramaya.com/p/3832864-Departamento-en-Venta-en-Akumal-Departamento--con-financiamiento-directo-hasta-por-25-a%C3%B1os-en-Akumal-(974),Departamento en Venta en Akumal - Departamento  con financiamiento directo hasta por 25 años en Akumal (974),Condo/Apartment,309000,USD,2,2,104,m2,Hasta 25 años de financiamiento directo con el desarrollador dentro de Bahía príncipe en Akumal. En el campo de Golf. Departamento de 2 recámaras con increíbles vistas a la selva y que contarán dentro de sus amenidades con uso de los exclusivos club de playa y wellness center en Bahía principe y en la playa en Akumal. Financiamiento: - Mexicanos 50% Enganche/ 50% Financiado entre 5 y 25 años c/ Interes entre 9 y 11.9%- Extranjeros 35% Enganche/ 65% Financiado entre 5 y 25 años c/ Interes entre 9 y 11.9% . Amenidades Pista para correr en roof top Acceso a club de playa exclusivo Acceso a spa ex,https://static.tokkobroker.com/sm_pics/86918650_og.jpg,Mexico,Quintana Roo,Playa del Carmen,,,Sale,1,Virtual Realty Riviera Maya,https://www.virtualrealtyrivieramaya.com/p/3832864-Departamento-en-Venta-en-Akumal-Departamento--con-financiamiento-directo-hasta-por-25-a%C3%B1os-en-Akumal-(974),Playa del Carmen; Other Riviera Maya
Virtual Realty Riviera Maya,https://www.virtualrealtyrivieramaya.com/,Tokko Broker,https://www.virtualrealtyrivieramaya.com/p/2742884-Departamento-en-Venta-en-Puerto-Aventuras-Departamento-de-2-rec%C3%A0maras-con-hasta-25-a%C3%B1os-de-financiamiento-en-la--marina-en-Puerto-Aventuras-(796),Departamento en Venta en Puerto Aventuras - Departamento de 2 recàmaras con hasta 25 años de financiamiento en la  marina en Puerto Aventuras (796),Condo/Apartment,389000,USD,2,2,67,m2,"Con hasta 25 años de financiamiento directo en el exclusivo desarrollo maestro de Puerto Aventuras, sobre el canal con muelle, departamento nuevo en venta de 2 recàmaras. Financiamiento: - Mexicanos 50% Enganche/ 50% Financiado entre 5 y 25 años c/ Interes entre 9 y 11.9%- Extranjeros 35% Enganche/ 65% Financiado entre 5 y 25 años c/ Interes entre 9 y 11.9% . A distancia corta caminando a una de las playas más bonitas y apacibles de la riviera maya. Campo de golf, marina, área comercial, actividades con animales para niños, seguridad 24 hrs. Amueblados y equipados. Entrega : Inmediata *Precios",https://static.tokkobroker.com/sm_pics/79556134_og.jpg,Mexico,Quintana Roo,Playa del Carmen,,,Sale,1,Virtual Realty Riviera Maya,https://www.virtualrealtyrivieramaya.com/p/2742884-Departamento-en-Venta-en-Puerto-Aventuras-Departamento-de-2-rec%C3%A0maras-con-hasta-25-a%C3%B1os-de-financiamiento-en-la--marina-en-Puerto-Aventuras-(796),Playa del Carmen; Other Riviera Maya
Virtual Realty Riviera Maya,https://www.virtualrealtyrivieramaya.com/,Tokko Broker,https://www.virtualrealtyrivieramaya.com/p/8093989-Terreno-en-Venta-en-Centro-colonia-centro-San-Juan-del-R%C3%ADo-Quer%C3%A9taro-(1616),Terreno en Venta en Centro - colonia centro San Juan del Río Querétaro (1616),Land/Lot,1875000,MXN,,,250,m2,"Invierta en lotes residenciales en la mejor zona de San Juan del Río Querétaro 23 hectáreas- 320 lotes- Medidas: 250 a 600 metros cuadrados- Todos los servicios- Portafolio legal (en la notaría 7 en San Juan de Rio)- Pozo de agua (17,500 metros cúbicos suministro mensual)- Más de 800 árboles en el fraccionamiento- Acceso exclusivo para residentes y visitantes- Acceso especial para proveedores y servicios- Cuenta con portafolio de certeza jurídica en la notaría 7.- Cuenta con reglamento de construcción (estilo Mexicano Moderno Contemporáneo- Casa club con canchas deportivas, alberca, salón de u",https://static.tokkobroker.com/sm_pics/8093989_28279791522685745224503644994842959074814045641053699566698643785866472143242_og.jpg,Mexico,Quintana Roo,Playa del Carmen,,,Sale,1,Virtual Realty Riviera Maya,https://www.virtualrealtyrivieramaya.com/p/8093989-Terreno-en-Venta-en-Centro-colonia-centro-San-Juan-del-R%C3%ADo-Quer%C3%A9taro-(1616),Playa del Carmen; Other Riviera Maya
Virtual Realty Riviera Maya,https://www.virtualrealtyrivieramaya.com/,Tokko Broker,https://www.virtualrealtyrivieramaya.com/p/7203697-Terreno-en-Venta-en-Congregacion-La-Trinidad-Quer%C3%A9taro--La-trinidad-Tequisquiapan-(1556),Terreno en Venta en Congregacion La Trinidad - Querétaro  La trinidad Tequisquiapan (1556),Land/Lot,975000,MXN,,,1500,m2,"En venta oportunidad de inversión en lotes ecológicos en la comunidad de la Trinidad, a solo 10 minutos del pueblo mágico de Tequisquiapan en Querétaro. Solo 4 lotes disponibles de 1,500m2 cada uno en la comunidad de la Trinidad y muy cerca del área natural protegida. Lotes ecológicos para construir pequeñas cabañas, huertos, caballerizas, jardines, alberca en un entorno natural y ecológico, con servicios de luz y agua. Ideal para proyectos tipo glamping en la naturaleza y cerca de las famosas minas de ópalo de la Trinidad. Se pueden construir hasta 400 m2 en dos niveles, 200m2 por nivel más j",https://static.tokkobroker.com/sm_pics/104965376_og.jpg,Mexico,Quintana Roo,Playa del Carmen,,,Sale,1,Virtual Realty Riviera Maya,https://www.virtualrealtyrivieramaya.com/p/7203697-Terreno-en-Venta-en-Congregacion-La-Trinidad-Quer%C3%A9taro--La-trinidad-Tequisquiapan-(1556),Playa del Carmen; Other Riviera Maya
Virtual Realty Riviera Maya,https://www.virtualrealtyrivieramaya.com/,Tokko Broker,https://www.virtualrealtyrivieramaya.com/p/6937602-Terreno-en-Venta-en-Tequisquiapan-Centro-Quer%C3%A9taro-colonia-centro-Tequisquiapan-(1500),Terreno en Venta en Tequisquiapan Centro - Querétaro colonia centro Tequisquiapan (1500),Land/Lot,3600000,MXN,,,440,m2,"Oportunidad en el centro de Tequisquiapan, terreno en venta de 440m2 con 8 metros de frente por 55 metros de fondo a solo 5 minutos caminando de la plaza principal Miguel Hidalgo, el corazón turístico de tequisquiapan. Ideal para realizar su casa de sus sueños o para desarrollar. Cuenta con un área construida de unos 60 metros cuadrados para remodelar No cuenta con estacionamiento En calle céntrica, no està en alguna privada residencial y no se pagan cuotas de mantenimiento Servicios: luz, agua, drenaje, completamente bardeado Entrega inmediata *Precios y Disponibilidad están sujetos a cambios",https://static.tokkobroker.com/sm_pics/98682002_og.jpg,Mexico,Quintana Roo,Playa del Carmen,,,Sale,1,Virtual Realty Riviera Maya,https://www.virtualrealtyrivieramaya.com/p/6937602-Terreno-en-Venta-en-Tequisquiapan-Centro-Quer%C3%A9taro-colonia-centro-Tequisquiapan-(1500),Playa del Carmen; Other Riviera Maya
Virtual Realty Riviera Maya,https://www.virtualrealtyrivieramaya.com/,Tokko Broker,https://www.virtualrealtyrivieramaya.com/p/7520121-Terreno-en-Venta-en-Fraccionamiento-Ciudad-Mayakoba---Mayakoba-Playa-del-Carmen-Solidaridad-Quintana-Roo-(1599),Terreno en Venta en Fraccionamiento Ciudad Mayakoba -   Mayakoba Playa del Carmen Solidaridad Quintana Roo (1599),Land/Lot,1800000,MXN,,,204,m2,"Promoción temporal!! solo 25% de enganche y saldo hasta en 48 mensualidades fijas!! En la primera comunidad integral, planeada y sustentable en la Riviera Maya, comprometida con el cuidado del entorno y la calidad de vida desus habitantes. Se extiende sobre 509 hectáreas, de las cuales más del 32% son deconservación natural. Se ubica en un punto privilegiado a sólo 30 minutos del Aeropuerto Internacionalde Cancún, en el área de mayor crecimiento y plusvalía de Playa del Carmen, elcorazón de la Riviera Maya. Es un espacio que integra modernos desarrollos residenciales y viviendas dedistintas ca",https://static.tokkobroker.com/sm_pics/111790532_og.jpg,Mexico,Quintana Roo,Playa del Carmen,,,Sale,1,Virtual Realty Riviera Maya,https://www.virtualrealtyrivieramaya.com/p/7520121-Terreno-en-Venta-en-Fraccionamiento-Ciudad-Mayakoba---Mayakoba-Playa-del-Carmen-Solidaridad-Quintana-Roo-(1599),Cancun; Playa del Carmen; Other Riviera Maya
Virtual Realty Riviera Maya,https://www.virtualrealtyrivieramaya.com/,Tokko Broker,https://www.virtualrealtyrivieramaya.com/p/1665724-Terreno-en-Venta-en-Playa-del-Carmen-Lotes-residenciales-en-venta-en-Playa-del-Carmen-(477),Terreno en Venta en Playa del Carmen - Lotes residenciales en venta en Playa del Carmen (477),Land/Lot,2218000,MXN,,,260,m2,"¡¡¡¡¡Lotes unifamiliares en privada en la zona con mayor crecimiento de Playa, a solo 15 minutos de la playa!!! 1.- Para lotes unifamiliares se indica la superficie permitida a construir por lote, un 70% de COEFICIENTE DE OCUPACION DEL SUELO (COS) y hasta 130% de COEFICIENTE DE USO DEL SUELO (CUS). Es un desarrollo que se ubica en un entorno seguro en Playa del Carmen con amenidades para relajarse y disfrutar del lugar. Los lotes unifamiliares son el espacio ideal para construir una casa de ensueño, totalmente a la medida y al gusto de cada cliente. • 18 exclusivas amenidades que la diferencia",https://static.tokkobroker.com/sm_pics/93975776_og.jpg,Mexico,Quintana Roo,Tulum,,,Sale,1,Virtual Realty Riviera Maya,https://www.virtualrealtyrivieramaya.com/p/1665724-Terreno-en-Venta-en-Playa-del-Carmen-Lotes-residenciales-en-venta-en-Playa-del-Carmen-(477),Playa del Carmen; Tulum; Other Riviera Maya
Virtual Realty Riviera Maya,https://www.virtualrealtyrivieramaya.com/,Tokko Broker,https://www.virtualrealtyrivieramaya.com/p/2543616-Terreno-en-Venta-en-Playa-del-Carmen-Lotes-con-financiamiento-hasta-4-a%C3%B1os-con-club-de-playa-en-Xpuha--(738),Terreno en Venta en Playa del Carmen - Lotes con financiamiento hasta 4 años con club de playa en Xpuha  (738),Land/Lot,2570000,MXN,,,352,m2,"¡¡¡Oportunidad única, lotes residenciales con club de playa privado a 20 minutos de Playa del Carmen en una de las más bellas playas en toda la riviera maya!!!! con financiamiento directo hasta 4 años sin inetreses. A solo 5 minutos de la playa entre Playa del Carmen y Akumal Con urbanización de primer nivel con calles de concreto hidráulico y senderos peatonales de concreto estampado; también contará con todos los servicios (luz, agua, drenaje y teléfono). Plan maestro dividido en varias privadas y una secciòn de àrea comùn. Amenidades increíbles, con su propio club de playa privado , con res",https://static.tokkobroker.com/sm_pics/79045511_og.jpg,Mexico,Quintana Roo,Playa del Carmen,,,Sale,1,Virtual Realty Riviera Maya,https://www.virtualrealtyrivieramaya.com/p/2543616-Terreno-en-Venta-en-Playa-del-Carmen-Lotes-con-financiamiento-hasta-4-a%C3%B1os-con-club-de-playa-en-Xpuha--(738),Playa del Carmen; Other Riviera Maya
Virtual Realty Riviera Maya,https://www.virtualrealtyrivieramaya.com/,Tokko Broker,https://www.virtualrealtyrivieramaya.com/p/5720092-Terreno-en-Venta-en-Playa-del-Carmen-Lote-residencial-en-privada-en-venta-en-Playa-del-Carmen-(1362),Terreno en Venta en Playa del Carmen - Lote residencial en privada en venta en Playa del Carmen (1362),Land/Lot,1110000,MXN,,,160,m2,"Lote unifamiliar en venta en privada con multiples amenidades en la zona de mayor crecimiento de Playa del Carmen. AMENIDADES DE LA PRIVADA Casa club Alberca con carril de nado Alberca para adultos Gym Canchas deportivas (tennis, paddel, futbol) Area de juegos para niños Restaurante Min golf Ciclovia Lago artificial Spa Vigilancia 24 hrs Barda perimetral Diferentes formas de pagos con descuentos y financiamiento hasta 24 meses sin intereses y hasta 60 meses con intereses Enganche del 30% Pago al 100% con 10% descuento sobre el precio de lista * EL PRECIO DE ESTE ANUNCIO YA INCLUYE UN 5% DE DES",https://static.tokkobroker.com/sm_pics/74295993_og.jpg,Mexico,Quintana Roo,Playa del Carmen,,,Sale,1,Virtual Realty Riviera Maya,https://www.virtualrealtyrivieramaya.com/p/5720092-Terreno-en-Venta-en-Playa-del-Carmen-Lote-residencial-en-privada-en-venta-en-Playa-del-Carmen-(1362),Playa del Carmen; Other Riviera Maya
Virtual Realty Riviera Maya,https://www.virtualrealtyrivieramaya.com/,Tokko Broker,https://www.virtualrealtyrivieramaya.com/p/4829153-Terreno-en-Venta-en-Playa-Car-Fase-II-Terrenos-residenciales-en-venta-en-Playacar-Fase-II-Playa-del-Carmen-(1252),Terreno en Venta en Playa Car Fase II - Terrenos residenciales en venta en Playacar Fase II Playa del Carmen (1252),Land/Lot,207900,USD,,,247,m2,"En venta terrenos residenciales unifamiliares y multifamiliares en venta con esquemas de pagos de hasta 3 años en el exclusivo Fraccionamiento de Playacar Fase 2, uno de los complejos más seguros en la ciudad de Playa del Carmen, cuenta con centros comerciales, hospitales, escuelas, hoteles, campo de golf y club de playa. Una zona altamente privilegiada. -Muy cercano al acceso principal de Playacar Fase 2. (No están en la playa) -Acceso vehicular en concreto de actualidad y optimizado. -Zona común central con mucha vegetación. -Caseta de control y vigilancia 24 hrs. -Barda perimetral de seguri",https://static.tokkobroker.com/sm_pics/97787041_og.jpg,Mexico,Quintana Roo,Playa del Carmen,,,Sale,1,Virtual Realty Riviera Maya,https://www.virtualrealtyrivieramaya.com/p/4829153-Terreno-en-Venta-en-Playa-Car-Fase-II-Terrenos-residenciales-en-venta-en-Playacar-Fase-II-Playa-del-Carmen-(1252),Playa del Carmen; Other Riviera Maya
Virtual Realty Riviera Maya,https://www.virtualrealtyrivieramaya.com/,Tokko Broker,https://www.virtualrealtyrivieramaya.com/p/6972281-Terreno-en-Venta-en-Canc%C3%BAn-Quintana-Roo-Benito-Juarez-Ave-Huayacan-Canc%C3%BAn-(1512),Terreno en Venta en Cancún - Quintana Roo Benito Juarez Ave Huayacan Cancún (1512),Land/Lot,1548000,MXN,,,199,m2,"Nuevo proyecto residencial ubicado sobre la av. Huayacán, compuesto por 604 lotes unifamiliares con un metraje promedio de 227m2, 8 lotes condominales, casa club y áreas deportivas, todo sobre una superficie de 27 hectáreas. La playa más cercana y zona hotelera a 20 min. Aeropuerto y estación de tren maya a menos de 10 min. Servicios subterráneos a pie de lote. Boulevard principal de 3 carriles por cada sentido. Doble acceso controlado. Amenidades y áreas deportivas. 40% del proyecto son áreas naturales. AMENIDADES Servicios subterráneos a pie de lote. Restaurante Teatro al aire libre Sauna / ",https://static.tokkobroker.com/sm_pics/99515524_og.jpg,Mexico,Quintana Roo,Playa del Carmen,,,Sale,1,Virtual Realty Riviera Maya,https://www.virtualrealtyrivieramaya.com/p/6972281-Terreno-en-Venta-en-Canc%C3%BAn-Quintana-Roo-Benito-Juarez-Ave-Huayacan-Canc%C3%BAn-(1512),Cancun; Playa del Carmen; Other Riviera Maya
White City Properties,https://whitecityproperties.com/,,https://whitecityproperties.com/properties/4556,Two Long Plots for Sale | White City Properties,Land/Lot,363322,USD,,,,,"Seller is asking $ 6,300,000 pesos. These two lands are located in front of one of the main streets of Xmatkuil since it is the main access road to the center of this busy town, they are ideal for any...",https://whitecityproperties.com/WCP/public/fotos-propiedades/4556_1720286235.jpeg,Mexico,Quintana Roo,Playa del Carmen,,,Sale,1,White City Properties,https://whitecityproperties.com/properties/4556,Playa del Carmen; Other Riviera Maya
www.wviviendas.com,https://www.wviviendas.com/,,https://www.wviviendas.com/desarrollos/renta-local-comercial-calle-3-sur-playa-del-carmen/,Renta Local Comercial – Calle 3 Sur – Playa Del Carmen - Wviviendas,Commercial,7300.00,USD,,,50,m2,Renta Local Comercial – Calle 3 Sur – Playa Del Carmen,https://www.wviviendas.com/wp-content/uploads/2026/04/1.jpeg,Mexico,Quintana Roo,Tulum,,,Sale,1,www.wviviendas.com,https://www.wviviendas.com/desarrollos/renta-local-comercial-calle-3-sur-playa-del-carmen/,Playa del Carmen; Tulum; Other Riviera Maya
elimar properties,https://elimarproperties.com/,,https://elimarproperties.com/playa-del-carmen-real-estate/,Playa del Carmen Real Estate - Elimar Properties,Land/Lot,2800000,USD,3,,,,"Experience the vibrant Playa del Carmen real estate scene. Search for condos, houses, and investment properties in Playa del Carmen.",https://storage.googleapis.com/elimar/2024/11/photo_2024-11-12_13-47-22-1731432414897.jpg.webp,Mexico,Quintana Roo,Tulum,,,Sale,1,elimar properties,https://elimarproperties.com/playa-del-carmen-real-estate/,Playa del Carmen; Tulum; Other Riviera Maya
elimar properties,https://elimarproperties.com/,,https://elimarproperties.com/all-mexican-caribbean-real-estate/,All Mexican Caribbean Real Estate - Elimar Properties,Land/Lot,7370000,USD,3,,,,"Explore a wide range of stunning properties in Tulum, Akumal, Puerto Aventuras, Playa del Carmen, Playa Paraiso, Cancun, and Cozumel.",https://storage.googleapis.com/elimar/2024/11/photo_2024-11-12_13-47-22-1731432414897.jpg.webp,Mexico,Quintana Roo,Tulum,,,Sale,5,elimar properties,https://elimarproperties.com/all-mexican-caribbean-real-estate/; https://elimarproperties.com/featured-mexican-caribbean-properties-for-sale/; https://elimarproperties.com/investment-property-for-sale-in-mexican-caribbean/; https://elimarproperties.com/mexican-caribbean-beachfront-properties-for-sale/,Cancun; Playa del Carmen; Tulum; Other Riviera Maya
elimar properties,https://elimarproperties.com/,,https://elimarproperties.com/mexican-caribbean-condos-for-sale/,Mexican Caribbean Condos for Sale - Elimar Properties,Land/Lot,1722204,USD,3,,,,"Find your perfect condo in paradise. Browse our listings of beachfront and downtown condominiums for sale in Tulum, Akumal, Playa del Carmen, and more, with Elimar Properties.",https://storage.googleapis.com/elimar/2024/11/photo_2024-11-12_13-47-22-1731432414897.jpg.webp,Mexico,Quintana Roo,Tulum,,,Sale,1,elimar properties,https://elimarproperties.com/mexican-caribbean-condos-for-sale/,Playa del Carmen; Tulum; Other Riviera Maya
elimar properties,https://elimarproperties.com/,,https://elimarproperties.com/lcentral_listings/royal-palms-penthouse-playa/,Royal Palms Penthouse Playa - Elimar Properties,Land/Lot,459000,USD,,2,,,"Luxury Penthouse Playa del Carmen at Royal Palms Penthouse Playa. Fully furnished with rooftop terrace, jacuzzi, and steps from the beach.",https://storage.googleapis.com/elimar/2026/02/Elizabeth-Gregg-Thumb-square-1772205427493.jpg.webp,Mexico,Quintana Roo,Tulum,,,Sale,1,elimar properties,https://elimarproperties.com/lcentral_listings/royal-palms-penthouse-playa/,Playa del Carmen; Tulum; Other Riviera Maya
elimar properties,https://elimarproperties.com/,,https://elimarproperties.com/lcentral_listings/bosque-de-los-aluxes-103-playa-del-carmen/,Bosque de los Aluxes 103 Playa del Carmen - Elimar Properties,Land/Lot,675000,USD,,4,362,m2,"Elegant 4-bedroom residence at Bosque de los Aluxes 103 Playa del Carmen. Terraces, a private pool, and a prime location near 5th Avenue!",https://storage.googleapis.com/elimar/2026/02/Elizabeth-Gregg-Thumb-square-1772205427493.jpg.webp,Mexico,Quintana Roo,Tulum,,,Sale,1,elimar properties,https://elimarproperties.com/lcentral_listings/bosque-de-los-aluxes-103-playa-del-carmen/,Playa del Carmen; Tulum; Other Riviera Maya
elimar properties,https://elimarproperties.com/,,https://elimarproperties.com/lcentral_listings/marila-panoramic-ocean-view-penthouse/,Panoramic Ocean View Penthouse | Marila Playa del Carmen - Elimar Properties,Land/Lot,1599000,USD,,3,331,m2,"Panoramic Ocean View Penthouse in Playa del Carmen's Golden Zone with sweeping Caribbean views, private plunge pool, and luxury amenities.",https://storage.googleapis.com/elimar/2026/02/Elizabeth-Gregg-Thumb-square-1772205427493.jpg.webp,Mexico,Quintana Roo,Tulum,,,Sale,1,elimar properties,https://elimarproperties.com/lcentral_listings/marila-panoramic-ocean-view-penthouse/,Playa del Carmen; Tulum; Other Riviera Maya
elimar properties,https://elimarproperties.com/,,https://elimarproperties.com/lcentral_listings/boutique-hotel-playa-del-carmen/,Hotel Kinbe Playa del Carmen - Elimar Properties,Land/Lot,2800000,USD,,30,50,m2,"Boutique hotel Playa del Carmen investment opportunity steps from the beach with 30 rooms, expansion potential and an operating hospitality business.",https://storage.googleapis.com/elimar/2026/02/Elizabeth-Gregg-Thumb-square-1772205427493.jpg.webp,Mexico,Quintana Roo,Tulum,,,Sale,1,elimar properties,https://elimarproperties.com/lcentral_listings/boutique-hotel-playa-del-carmen/,Playa del Carmen; Tulum; Other Riviera Maya
I Brokers,https://ibrokersmexico.com/en/,,https://ibrokersmexico.com/en/property/nubba-exclusivas-casas-en-el-corazon-de-playa-del-carmen/,Nubba - Exclusivas casas en el corazón de Playa del Carmen - iBrokers México,House,1000.00,USD,3,10,125,m2,Exclusivas casas en playa del carmen con acabados de primera calidad y fachadas con un diseño arquitectónico de vanguardia,https://ibrokersmexico.com/wp-content/uploads/2026/06/Nubba.jpg,Mexico,Quintana Roo,Tulum,,,Sale,4,I Brokers,https://ibrokersmexico.com/en/property/departamento-en-venta-en-tulum-akumal-con-acabados-de-lujo-y-amenidades-inigualables/; https://ibrokersmexico.com/en/property/kaan-kuja-desarrollo-en-tulum-unidades-con-jacuzzi-o-alberca/; https://ibrokersmexico.com/en/property/nubba-exclusivas-casas-en-el-corazon-de-playa-del-carmen/; https://ibrokersmexico.com/en/property/onric-desarrollo-en-tulum-en-zona-altamente-privilegiada/,Playa del Carmen; Tulum; Other Riviera Maya
I Brokers,https://ibrokersmexico.com/en/,,https://ibrokersmexico.com/en/property/uma-playacar-departamentos-de-lujo-en-playa-del-carmen/,Uma Playacar - Departamentos de lujo en Playa del Carmen - iBrokers México,House,744033,USD,3,,201,m2,"Proyecto con un concepto único residencial de 3 niveles, con 38 departamentos de 2 y 3 recámaras más cuarto de servicio, con metrajes desde 201 m2 hasta 547 m2, todos con amplias terrazas.",https://ibrokersmexico.com/wp-content/uploads/2024/03/Uma-Playacar-1.png,Mexico,Quintana Roo,Tulum,,,Sale,1,I Brokers,https://ibrokersmexico.com/en/property/uma-playacar-departamentos-de-lujo-en-playa-del-carmen/,Playa del Carmen; Tulum; Other Riviera Maya
I Brokers,https://ibrokersmexico.com/en/,,https://ibrokersmexico.com/en/property/valle-aurora-desarrollo-en-playa-del-carmen-departamentos-de-lujo-entrega-inmediata/,"Valle Aurora, Desarrollo en Playa del Carmen, Departamentos de lujo entrega inmediata - iBrokers México",House,1000.00,USD,4,10,124.40,m2,"Es un desarrollo residencial y comercial en el nuevo Centro Urbano de Playa del Carmen a tan solo 7 minutos de la Quinta Avenida y del Mar Caribe, con mayor previsión de crecimiento y plusvalía",https://ibrokersmexico.com/wp-content/uploads/2024/01/Valle-Aurora.jpg,Mexico,Quintana Roo,Tulum,,,Sale,1,I Brokers,https://ibrokersmexico.com/en/property/valle-aurora-desarrollo-en-playa-del-carmen-departamentos-de-lujo-entrega-inmediata/,Playa del Carmen; Tulum; Other Riviera Maya
I Brokers,https://ibrokersmexico.com/en/,,https://ibrokersmexico.com/en/property/the-leaf-desarrollo-en-playa-del-carmen-ubicado-dentro-de-playacar/,"The Leaf - Desarrollo en Playa del Carmen, ubicado dentro de Playacar - iBrokers México",House,1000.00,USD,1,10,30000,m2,"The Leaf Condos es el más nuevo de proyecto multifamiliar al interior de Playacar, con espectaculares amenidades, acabados de primer nivel, con un estilo totalmente vanguardista",https://ibrokersmexico.com/wp-content/uploads/2024/01/TheLeaf.png,Mexico,Quintana Roo,Playa del Carmen,,,Sale,1,I Brokers,https://ibrokersmexico.com/en/property/the-leaf-desarrollo-en-playa-del-carmen-ubicado-dentro-de-playacar/,Playa del Carmen; Other Riviera Maya
I Brokers,https://ibrokersmexico.com/en/,,https://ibrokersmexico.com/en/property/the-reserve-mayakoba-desarrollo-en-playa-del-carmen-ubicado-en-el-corazon-de-mayakoba/,"The Reserve Mayakoba - Desarrollo en Playa del Carmen, ubicado en el corazón de Mayakoba - iBrokers México",House,1000.00,USD,4,10,66408,m2,"Se encuentra ubicado en el corazón del célebre Mayakoba, que deleitará a sus residentes con una exquisita arquitectura que combina a la perfección del lujo con la naturaleza.",https://ibrokersmexico.com/wp-content/uploads/2024/01/the-reserve.png,Mexico,Quintana Roo,Tulum,,,Sale,1,I Brokers,https://ibrokersmexico.com/en/property/the-reserve-mayakoba-desarrollo-en-playa-del-carmen-ubicado-en-el-corazon-de-mayakoba/,Playa del Carmen; Tulum; Other Riviera Maya
I Brokers,https://ibrokersmexico.com/en/,,https://ibrokersmexico.com/en/property/olaya-desarrollo-en-playa-del-carmen-con-vista-al-mar-ubicado-en-la-mejor-zona/,Venta de propiedades en Playa del Carmen - Olaya,House,1000.00,USD,2,10,45.35,m2,"Venta de propiedades en Playa del Carmen - Olaya, brinda una sensación placentera para disfrutar de todos los beneficios que ofrece la zona.",https://ibrokersmexico.com/wp-content/uploads/2023/12/OLAYA.jpeg,Mexico,Quintana Roo,Tulum,,,Sale,2,I Brokers,https://ibrokersmexico.com/en/property/departamento-en-venta-en-playa-del-carmen-a-unos-cuantos-pasos-del-mar-2/; https://ibrokersmexico.com/en/property/olaya-desarrollo-en-playa-del-carmen-con-vista-al-mar-ubicado-en-la-mejor-zona/,Playa del Carmen; Tulum; Other Riviera Maya
I Brokers,https://ibrokersmexico.com/en/,,https://ibrokersmexico.com/en/property/desarrollo-marila-en-playa-del-carmen-con-maravillosa-vista-al-mar/,Venta de departamentos en Playa Del Carmen - Marila,House,1000.00,USD,2,10,143.54,m2,"Venta de departamentos en Playa Del Carmen - Marila, formas que se acentúan en un diseño contemporáneo, moderno y vanguardista.",https://ibrokersmexico.com/wp-content/uploads/2023/12/Marila.png,Mexico,Quintana Roo,Tulum,,,Sale,4,I Brokers,https://ibrokersmexico.com/en/property/departamento-en-venta-en-tulum-chemuyil-a-solo-5-minutos-de-las-mejores-playas-de-riviera-maya/; https://ibrokersmexico.com/en/property/departamento-frente-al-nar-con-club-de-golf-y-playa-privada-en-playa-del-carmen-mexico/; https://ibrokersmexico.com/en/property/desarrollo-en-venta-en-tulum-country-senzik-rodeado-del-pga-maya-golf-campo/; https://ibrokersmexico.com/en/property/desarrollo-marila-en-playa-del-carmen-con-maravillosa-vista-al-mar/,Playa del Carmen; Tulum; Other Riviera Maya
I Brokers,https://ibrokersmexico.com/en/,,https://ibrokersmexico.com/en/property/departamento-en-playa-del-carmen-cerca-de-la-5-avenida-en-una-de-las-mejores-zonas-con-mayor-plusvalia/,Venta de Departamentos en Playa del Carmen - Quinta Avenida,House,1000.00,USD,,10,41.43,m2,"Venta de Departamentos en Playa del Carmen - Quinta Avenida, ofreciendo viviendas para quienes buscan privacidad, descanso y cercanía.",https://ibrokersmexico.com/wp-content/uploads/2023/12/studio34.png,Mexico,Quintana Roo,Tulum,,,Sale,1,I Brokers,https://ibrokersmexico.com/en/property/departamento-en-playa-del-carmen-cerca-de-la-5-avenida-en-una-de-las-mejores-zonas-con-mayor-plusvalia/,Playa del Carmen; Tulum; Other Riviera Maya
I Brokers,https://ibrokersmexico.com/en/,,https://ibrokersmexico.com/en/property/departamento-en-venta-en-playa-del-carmen-con-vistas-inigualables-al-mar-caribe/,Venta de departamento en Playa del Carmen - Corasol,Condo/Apartment,1000.00,USD,4,10,42000,m2,"Venta de departamento en Playa del Carmen - Corasol, una de las comunidades residenciales más segura de la Riviera Maya.",https://ibrokersmexico.com/wp-content/uploads/2023/12/costacorasol.png,Mexico,Quintana Roo,Tulum,,,Sale,2,I Brokers,https://ibrokersmexico.com/en/property/departamento-en-venta-en-playa-del-carmen-con-amplio-jardin-privado/; https://ibrokersmexico.com/en/property/departamento-en-venta-en-playa-del-carmen-con-vistas-inigualables-al-mar-caribe/,Playa del Carmen; Tulum; Other Riviera Maya
Mary D. Serrano,https://mexicorealtyliving.com,,https://mexicorealtyliving.com/real-estate/high-class-condo-for-sale-in-playcar/,High-class condo for Sale in Playa del Carmen - Mexico Realty Living,Land/Lot,584574,USD,3,3,,,"Condo unit filled with character and charm in PlayaCar. South of Playa del Carmen’s urban area and next to the beginning of the famous 5th Avenue is the exclusive residential-touristic complex Playacar, which enjoys the highest value of the Riviera Maya. Recognized as the most prestigious development in the heart of the Riviera Maya, inside […]",https://storage.googleapis.com/mexicorealtyliving/2025/01/Mary-D-Serrano-1737737959561.jpg.webp,Mexico,Quintana Roo,Tulum,,,Sale,1,Mary D. Serrano,https://mexicorealtyliving.com/real-estate/high-class-condo-for-sale-in-playcar/,Playa del Carmen; Tulum; Other Riviera Maya
NASPLAYA,https://nasplaya.com,,https://nasplaya.com/how-non-mexican-residents-get-an-rfc-to-pay-rental-taxes-in-playa-del-carmen-the-riviera-maya/,How Non-Mexican Residents Get an RFC to Pay Rental Taxes in Playa del Carmen & the Riviera Maya - NAS Playa,Commercial,,,,,,,"If you own rental property in Playa del Carmen, Tulum, Akumal, or anywhere in the Riviera Maya, and you are not a Mexican resident, you are still legally required to register for taxes in Mexico and declare your rental income. The key requirement is obtaining an RFC (Registro Federal de Contribuyentes) from Mexico’s tax authority. […]",https://secure.gravatar.com/avatar/68e9c03ddb0905163d23c2005116f9a340319953e2e2fd4421e13599e72c3da4?s=96&d=mm&r=g,Mexico,Quintana Roo,Tulum,,,Rent,5,I-VEO Synergy España; NASPLAYA; Sergio Wong,https://i-veo.com/formalities-and-taxes-to-anticipate-after-buying-or-selling-a-property-in-spain/; https://i-veo.com/guia-para-comprar-casa-en-roses-lo-que-nadie-te-cuenta/; https://i-veo.com/inheriting-a-property-in-spain-i-veo-real-estate/; https://nasplaya.com/how-non-mexican-residents-get-an-rfc-to-pay-rental-taxes-in-playa-del-carmen-the-riviera-maya/; https://nowproperties.mx/puerto-vallarta-playa-oficial-mundial-2026/,Playa del Carmen; Tulum; Other Riviera Maya
Luis Enrique Barreto,https://palmarealtors.com/,,https://palmarealtors.com/property/luxury-home-for-sale-in-residencial-ximbalkin-playa-del-carmen,"Luxury Home for Sale in Residencial Ximbalkin, Playa del Carmen",Land/Lot,6500000,USD,4,4,335,m2,Sale,https://palmarealtors.com/storage/properties/44f2d38a726e4a7bf6647e79d4203fac.jpg,Mexico,Quintana Roo,Playa del Carmen,,,Sale,2,Luis Enrique Barreto; Rocio Mariana Barreto,https://palmarealtors.com/property/luxury-home-for-sale-in-residencial-ximbalkin-playa-del-carmen,Playa del Carmen; Other Riviera Maya
Luis Enrique Barreto,https://palmarealtors.com/,,https://palmarealtors.com/property/house-for-sale-in-residencial-el-encuentro-playa-del-carmen-or-3-bedroom-home-with-resort-style-amenities,"House for Sale in Residencial El Encuentro, Playa del Carmen | 3-Bedroom Home with Resort-Style Amenities",Land/Lot,4400000,USD,4,2.5,135,m2,Sale,https://palmarealtors.com/storage/properties/32b33d909820a8cd5bcc78a443e884b8.jpg,Mexico,Quintana Roo,Playa del Carmen,,,Sale,2,Luis Enrique Barreto; Rocio Mariana Barreto,https://palmarealtors.com/property/house-for-sale-in-residencial-el-encuentro-playa-del-carmen-or-3-bedroom-home-with-resort-style-amenities,Playa del Carmen; Other Riviera Maya
Luis Enrique Barreto,https://palmarealtors.com/,,https://palmarealtors.com/property/3-bedroom-home-for-sale-in-residencial-altaria-playa-del-carmen,"3-Bedroom Home for Sale in Residencial Altaria, Playa del Carmen",Land/Lot,4500000,USD,3,2.5,140,m2,Sale,https://palmarealtors.com/storage/properties/7b2c4e204d25e4591d92c14248461dff.jpg,Mexico,Quintana Roo,Playa del Carmen,,,Sale,4,Luis Enrique Barreto; Rocio Mariana Barreto,https://palmarealtors.com/property/3-bedroom-home-for-sale-in-residencial-altaria-playa-del-carmen; https://palmarealtors.com/property/house-for-sale-in-residencial-el-encuentro,Playa del Carmen; Other Riviera Maya
Luis Enrique Barreto,https://palmarealtors.com/,,https://palmarealtors.com/property/penthouse-400-meters-from-the-beach-playa-del-carmen,PENTHOUSE 400 METERS FROM THE BEACH | Playa del Carmen,Land/Lot,790000,USD,3,4.5,220,m2,Sale,https://palmarealtors.com/storage/properties/d32e8f96db34a43bb82fe203c291ad26.jpg,Mexico,Quintana Roo,Playa del Carmen,,,Sale,2,Luis Enrique Barreto; Rocio Mariana Barreto,https://palmarealtors.com/property/penthouse-400-meters-from-the-beach-playa-del-carmen,Playa del Carmen; Other Riviera Maya
Luis Enrique Barreto,https://palmarealtors.com/,,https://palmarealtors.com/property/aldea-ha-home-or-pool-rooftop-studio,Aldea Ha Home | Pool • Rooftop • Studio,Land/Lot,5000000,USD,4,4,198,m2,Sale,https://palmarealtors.com/storage/properties/9b67d4f97467d4358760c9fc57b6c18d.jpg,Mexico,Quintana Roo,Playa del Carmen,,,Sale,2,Luis Enrique Barreto; Rocio Mariana Barreto,https://palmarealtors.com/property/aldea-ha-home-or-pool-rooftop-studio,Playa del Carmen; Other Riviera Maya
Luis Enrique Barreto,https://palmarealtors.com/,,https://palmarealtors.com/property/your-home-away-from-home-5-suites-caribbean-sun-and-247-security,"Your Home Away From Home: 5 Suites, Caribbean Sun & 24/7 Security",Land/Lot,2600000,USD,4,5,550,m2,Sale,https://palmarealtors.com/storage/properties/2c108756cecd1556ca6d395f0c88af56.jpg,Mexico,Quintana Roo,Playa del Carmen,,,Sale,2,Luis Enrique Barreto; Rocio Mariana Barreto,https://palmarealtors.com/property/your-home-away-from-home-5-suites-caribbean-sun-and-247-security,Playa del Carmen; Other Riviera Maya
Luis Enrique Barreto,https://palmarealtors.com/,,https://palmarealtors.com/property/family-home-in-balamtun-comfort-and-style-in-playa-del-carmen,Family Home in Balamtun: Comfort and Style in Playa del Carmen,Land/Lot,150000,USD,4,3,125,m2,Sale,https://palmarealtors.com/storage/properties/64c8499466cc61d75940110d71a3d1b1.jpg,Mexico,Quintana Roo,Playa del Carmen,,,Sale,2,Luis Enrique Barreto; Rocio Mariana Barreto,https://palmarealtors.com/property/family-home-in-balamtun-comfort-and-style-in-playa-del-carmen,Playa del Carmen; Other Riviera Maya
Luis Enrique Barreto,https://palmarealtors.com/,,https://palmarealtors.com/property/your-new-home-awaits-in-zendala-playa-del-carmen,"Your New Home Awaits in Zendala, Playa del Carmen",Land/Lot,2650000,USD,3,3,58,m2,Sold,https://palmarealtors.com/storage/properties/5225a18492eabf9fea76c42595c92973.jpg,Mexico,Quintana Roo,Playa del Carmen,,,Sale,2,Luis Enrique Barreto; Rocio Mariana Barreto,https://palmarealtors.com/property/your-new-home-awaits-in-zendala-playa-del-carmen,Playa del Carmen; Other Riviera Maya
Luis Enrique Barreto,https://palmarealtors.com/,,https://palmarealtors.com/property/contemporary-residence-or-playa-del-carmen-mexico,"Contemporary Residence °|° Playa del Carmen, Mexico",Land/Lot,23502541,USD,3,5,708,m2,Sale,https://palmarealtors.com/storage/properties/5890e397b1ec19ca8a85fe97c4a04a42.jpg,Mexico,Quintana Roo,Playa del Carmen,,,Sale,2,Luis Enrique Barreto; Rocio Mariana Barreto,https://palmarealtors.com/property/contemporary-residence-or-playa-del-carmen-mexico,Playa del Carmen; Other Riviera Maya
Luis Enrique Barreto,https://palmarealtors.com/,,https://palmarealtors.com/property/house-walking-to-the-beach,HOUSE WALKING TO THE BEACH,Land/Lot,4990000,USD,3,3,210,m2,Sale,https://palmarealtors.com/storage/properties/a3df357cce07ecd1cd320c2b3f2dfaa5.jpg,Mexico,Quintana Roo,Playa del Carmen,,,Sale,2,Luis Enrique Barreto; Rocio Mariana Barreto,https://palmarealtors.com/property/house-walking-to-the-beach,Playa del Carmen; Other Riviera Maya
Luis Enrique Barreto,https://palmarealtors.com/,,https://palmarealtors.com/property/exquisite-dream-home-in-cancuns-prime-location,Exquisite Dream Home in Cancun's Prime Location,Land/Lot,1550000,USD,4,4.5,333,m2,Sale,https://palmarealtors.com/storage/properties/d291a19ef69d57843c5631c16eefb608.jpg,Mexico,Quintana Roo,Playa del Carmen,,,Sale,2,Luis Enrique Barreto; Rocio Mariana Barreto,https://palmarealtors.com/property/exquisite-dream-home-in-cancuns-prime-location,Cancun; Playa del Carmen; Other Riviera Maya
Luis Enrique Barreto,https://palmarealtors.com/,,https://palmarealtors.com/property/beautiful-house-in-puerto-morelos,BEAUTIFUL HOUSE IN PUERTO MORELOS,Land/Lot,2350000,USD,5,7,3000,sqft,Sale,https://palmarealtors.com/storage/properties/58630f4d87e782d9eb80017a35a1a3b8.jpg,Mexico,Quintana Roo,Playa del Carmen,,,Sale,2,Luis Enrique Barreto; Rocio Mariana Barreto,https://palmarealtors.com/property/beautiful-house-in-puerto-morelos,Playa del Carmen; Puerto Morelos; Other Riviera Maya
Mike Burgoyne,https://mexicorealestatesolutions.com/properties-for-sale/,,https://mexicorealestatesolutions.com/property/selvamar-3br-home-with-elevator/,"🏡 Price reduced!! Elevator Living, Garden Vibes: Rare 3BR Home in La Ceiba, Playa del Carmen - Mexico Real Estate Solutions",House,449000,USD,3,3.5,2915,sqft,"A rare 3-bedroom accessible home in Playa del Carmen's La Ceiba community. Enjoy elevator access, a lush garden terrace, and flexible space just minutes from the beach.",https://mexicorealestatesolutions.com/wp-content/uploads/2025/05/IMG_0009.jpg,Mexico,Quintana Roo,Tulum,,,Sale,1,Mike Burgoyne,https://mexicorealestatesolutions.com/property/selvamar-3br-home-with-elevator/,Playa del Carmen; Tulum; Other Riviera Maya
Susann Rottloff,https://www.susannrottloff.com,,https://susannrottloff.com/property/saint-marine-playa-del-carmen/,SAINT MARINE – PLAYA DEL CARMEN – SUSANN ROTTLOFF | REAL ESTATE AGENT IN THE RIVIERA MAYA,House,982400,USD,400,3,,,,https://susannrottloff.com/wp-content/uploads/2021/05/SusannR_LOGO-01-e1623222526647-removebg-preview.png; https://susannrottloff.com/wp-content/uploads/2021/06/SusannR_LOGO-01.jpg; https://susannrottloff.com/wp-content/uploads/2021/05/sr_logo-02_1.webp; https://susannrottloff.com/wp-content/uploads/2021/05/Logo_High_The_Agency_plain-01_1-2.webp,Mexico,Quintana Roo,Tulum,,,Sale,1,Susann Rottloff,https://susannrottloff.com/property/saint-marine-playa-del-carmen/,Playa del Carmen; Tulum; Other Riviera Maya
Susann Rottloff,https://www.susannrottloff.com,,https://susannrottloff.com/property/playacaroceanfront-playa-del-carmen/,PLAYACAR OCEAN FRONT – PLAYA DEL CARMEN – SUSANN ROTTLOFF | REAL ESTATE AGENT IN THE RIVIERA MAYA,House,3800000,USD,000,4,,,,https://susannrottloff.com/wp-content/uploads/2021/05/SusannR_LOGO-01-e1623222526647-removebg-preview.png; https://susannrottloff.com/wp-content/uploads/2021/06/SusannR_LOGO-01.jpg; https://susannrottloff.com/wp-content/uploads/2021/05/sr_logo-02_1.webp; https://susannrottloff.com/wp-content/uploads/2021/05/Logo_High_The_Agency_plain-01_1-2.webp,Mexico,Quintana Roo,Tulum,,,Sale,1,Susann Rottloff,https://susannrottloff.com/property/playacaroceanfront-playa-del-carmen/,Playa del Carmen; Tulum; Other Riviera Maya
TONANZI GONZALEZ MARQUEZ,https://www.caribbeanproperties.mx,Tokko Broker,"https://www.caribbeanproperties.mx/p/7717298-Casa-en-Venta-en-Playa-del-Carmen-AR-P.%C2%BA-Copan,-Ejidal","Casa en Venta en Playa del Carmen - AR P.º Copan, Ejidal",House,4300000,MXN,3,3,157,m2,"Casa amueblada en residencial privadoUbicación premium + seguridad 24/7Modelo Aquila Características: -3 recámaras | 2 niveles-2.5 recámaras-Total de construcción: 157.6 m2 (1,697 ft2)-Sala, comedor y cocina equipada + pantalla TV-Área de lavado-Recámara principal con baño privado + walking closet + cama Queen-2ª recámara con cama King + pantalla TV -3ª recámara: oficina o posibilidad de 3ª cama-Totalmente Climatizado-Amueblado y Equipado Amenidades exclusivas: -Casa club-2 albercas-Gimnasio-Áreas de asadores-Juegos infantiles Cuenta actualmente con un gravamen con BBVA **Precio sujeto a cambi",https://static.tokkobroker.com/sm_pics/116024296_og.jpg,Mexico,Quintana Roo,Playa del Carmen,,,Sale,1,TONANZI GONZALEZ MARQUEZ,"https://www.caribbeanproperties.mx/p/7717298-Casa-en-Venta-en-Playa-del-Carmen-AR-P.%C2%BA-Copan,-Ejidal",Playa del Carmen; Other Riviera Maya
TONANZI GONZALEZ MARQUEZ,https://www.caribbeanproperties.mx,Tokko Broker,https://www.caribbeanproperties.mx/p/7717344-Casa-en-Venta-en-Zona-comercial-Nuevo-Centro-Urbano-RA-av-lilis-casi-esquina-CTM,Casa en Venta en Zona comercial Nuevo Centro Urbano - RA av lilis casi esquina CTM,Land/Lot,2925000,MXN,3,3,116,m2,"Casa de 3 recámaras sin muebles 16 minutos-6.1 km -3.79 millas de la playa 7 minutos - 2.5 km - 1.5 millas del centro comercial Características: -Terreno: 120 m2 -1,291 sq ft-construcción: 116 m²-1,248 sq ft-3 recamaras-2.5 baños Equipamiento:-Cocina-closets abiertos -Tanque estacionario-Se entrega con muros blancos -Se entrega sin muebles **Precios sujetos a cambios sin previo aviso Los precios y la disponibilidad puede cambiar sin previo aviso. El precio es en Pesos Mexicanos al tipo de cambio del día. TONANZI GONZÁLEZ asesora inmobiliaria acreditada por el Estado de Quintana Roo. Matricula:",https://static.tokkobroker.com/sm_pics/116025355_og.jpg,Mexico,Quintana Roo,Playa del Carmen,,,Sale,1,TONANZI GONZALEZ MARQUEZ,https://www.caribbeanproperties.mx/p/7717344-Casa-en-Venta-en-Zona-comercial-Nuevo-Centro-Urbano-RA-av-lilis-casi-esquina-CTM,Playa del Carmen; Other Riviera Maya
TONANZI GONZALEZ MARQUEZ,https://www.caribbeanproperties.mx,Tokko Broker,https://www.caribbeanproperties.mx/p/7716930-Departamento-en-Venta-en-Ejidal-RT-Calle-23-sur,Departamento en Venta en Ejidal - RT Calle 23 sur,Condo/Apartment,2550000,MXN,2,2,70,m2,"Departamento 2 recámaras en Calle 23 sur , col. Ejidal Características: - 70m2-753 sq ft - Departamento en primer nivel- 2 Recámaras+Bodega- 2 Baños- Aire Acondicionado- Totalmente amueblado y equipadoCocina totalmente renovada Amenidades : -Rooftop-Jacuzzi -Alberca -Elevador -Estacionamiento techado -Acceso controlado -Jungle gym **Precio sujeto a cambios sin previo aviso Actualmente tien un credito hipotecario en INFONAVIT Los precios y la disponibilidad puede cambiar sin previo aviso. El precio es en Pesos Mexicanos al tipo de cambio del día. TONANZI GONZÁLEZ asesora inmobiliaria acreditada",https://static.tokkobroker.com/sm_pics/116015968_og.jpg,Mexico,Quintana Roo,Playa del Carmen,,,Sale,1,TONANZI GONZALEZ MARQUEZ,https://www.caribbeanproperties.mx/p/7716930-Departamento-en-Venta-en-Ejidal-RT-Calle-23-sur,Playa del Carmen; Other Riviera Maya
TONANZI GONZALEZ MARQUEZ,https://www.caribbeanproperties.mx,Tokko Broker,"https://www.caribbeanproperties.mx/p/7749479-Departamento-en-Venta-en-Playa-del-Carmen-Avenida-20-Nte,-Esquina-Calle-20-norte","Departamento en Venta en Playa del Carmen - Avenida 20 Nte, Esquina Calle 20 norte",Condo/Apartment,3250000,MXN,2,2,77.6,m2,"Departamento 2 recámaras en condominio boutique de solo 6 departamentos Características: -2 recámaras -2 baños-balcón-Amueblado y equipado-77.6 m² (835.27 ft2) Amenidades: -Rooftop con alberca -Elevador-Estacionamiento-Acceso controlado HOA $3,800 MXNIdeal para vivir o invertir en el centro **Precio sujeto a cambios sin previo aviso Los precios y la disponibilidad puede cambiar sin previo aviso. El precio es en Pesos Mexicanos al tipo de cambio del día. TONANZI GONZÁLEZ asesora inmobiliaria acreditada por el Estado de Quintana Roo. Matricula: 7161321HEAAAIFS008000673",https://static.tokkobroker.com/sm_pics/116765654_og.jpg,Mexico,Quintana Roo,Playa del Carmen,,,Sale,1,TONANZI GONZALEZ MARQUEZ,"https://www.caribbeanproperties.mx/p/7749479-Departamento-en-Venta-en-Playa-del-Carmen-Avenida-20-Nte,-Esquina-Calle-20-norte",Playa del Carmen; Other Riviera Maya
TONANZI GONZALEZ MARQUEZ,https://www.caribbeanproperties.mx,Tokko Broker,"https://www.caribbeanproperties.mx/p/7887657-Departamento-en-Venta-en-Ejidal-Riviera-Towers-2.-Calle-23-Sur,--Colonia-Ejidal","Departamento en Venta en Ejidal - Riviera Towers 2. Calle 23 Sur,  Colonia Ejidal",Condo/Apartment,2500000,MXN,2,2,70,m2,"Departamento 2 recámaras Zona Centro Maya Características: 2 recámaras con closets2 baños completos103 m2 (1,108.68 ft2)Cocina equipadaAires acondicionadosBalcónLavanderíaNO SE ACEPTAN MASCOTASMantenimiento incluido Amenidades:ElevadorTerraza con jacuzzi y BBQ Alberca y áreas de descansoLobbySeguridad 24/7Estacionamiento subterráneoPlanta baja **Precio sujeto a cambios sin previo aviso Los precios y la disponibilidad puede cambiar sin previo aviso. El precio es en Pesos Mexicanos al tipo de cambio del día. TONANZI GONZÁLEZ asesora inmobiliaria acreditada por el Estado de Quintana Roo. Matricul",https://static.tokkobroker.com/sm_pics/119916416_og.jpg,Mexico,Quintana Roo,Playa del Carmen,,,Sale,1,TONANZI GONZALEZ MARQUEZ,"https://www.caribbeanproperties.mx/p/7887657-Departamento-en-Venta-en-Ejidal-Riviera-Towers-2.-Calle-23-Sur,--Colonia-Ejidal",Playa del Carmen; Other Riviera Maya
Uly Savchenko,https://playadelcarmenrealestatemexico.com,,https://playadelcarmenrealestatemexico.com/riviera-maya-condos-for-sale/,Riviera Maya Condos for Sale - Living Riviera Maya Real Estate,Land/Lot,220000,USD,,,,,Riviera Maya Condos for Sale: Explore our curated selection of luxury condos in prime locations like Playa del Carmen and Tulum at Living Riviera Maya.,https://storage.googleapis.com/playa2tutlumcom/2024/02/lrm-logo-horizontal-whiteBg-green.jpg.webp,Mexico,Quintana Roo,Tulum,,,Sale,2,Uly Savchenko,https://playadelcarmenrealestatemexico.com/riviera-maya-condos-for-sale/; https://playadelcarmenrealestatemexico.com/riviera-maya-real-estate-search/?minPrice=0&maxPrice=250000&post_type=lcentral_listings,Playa del Carmen; Tulum; Other Riviera Maya
Uly Savchenko,https://playadelcarmenrealestatemexico.com,,https://playadelcarmenrealestatemexico.com/riviera-maya-homes-for-sale/,Riviera Maya Homes for Sale - Living Riviera Maya Real Estate,Land/Lot,255000,USD,3,,,,Riviera Maya Homes for Sale: Discover luxury properties in Playa del Carmen and Tulum. Exclusive homes await you at Living Riviera Maya.,https://storage.googleapis.com/playa2tutlumcom/2024/02/lrm-logo-horizontal-whiteBg-green.jpg.webp,Mexico,Quintana Roo,Tulum,,,Sale,1,Uly Savchenko,https://playadelcarmenrealestatemexico.com/riviera-maya-homes-for-sale/,Playa del Carmen; Tulum; Other Riviera Maya
Uly Savchenko,https://playadelcarmenrealestatemexico.com,,https://playadelcarmenrealestatemexico.com/riviera-maya-land-for-sale/,Riviera Maya Land for Sale - Living Riviera Maya Real Estate,Land/Lot,205900,USD,,,,,"Explore prime land for sale in Riviera Maya, featuring exclusive lots in Playa del Carmen and Tulum. Secure your piece of paradise with Living Riviera Maya.",https://storage.googleapis.com/playa2tutlumcom/2024/02/lrm-logo-horizontal-whiteBg-green.jpg.webp,Mexico,Quintana Roo,Tulum,,,Sale,1,Uly Savchenko,https://playadelcarmenrealestatemexico.com/riviera-maya-land-for-sale/,Playa del Carmen; Tulum; Other Riviera Maya
Uly Savchenko,https://playadelcarmenrealestatemexico.com,,https://playadelcarmenrealestatemexico.com/real-estate/mara-residences-3-bedroom-penthouse-for-sale-in-playa-del-carmen/,Mara Residences: 3-Bedroom Penthouse for Sale in Playacar - Living Riviera Maya Real Estate,Land/Lot,1294250,USD,,3,,,Explore luxurious living in Mara Residences: 3-Bedroom penthouse for Sale in Playacar. Perfect investment opportunity.,https://storage.googleapis.com/playa2tutlumcom/2024/02/Judi-Shaw.jpg.webp,Mexico,Quintana Roo,Tulum,,,Sale,1,Uly Savchenko,https://playadelcarmenrealestatemexico.com/real-estate/mara-residences-3-bedroom-penthouse-for-sale-in-playa-del-carmen/,Playa del Carmen; Tulum; Other Riviera Maya
Uly Savchenko,https://playadelcarmenrealestatemexico.com,,https://playadelcarmenrealestatemexico.com/real-estate/house-and-large-lot-for-sale-downtown-playa-del-carmen/,House on Large Lot for Sale Downtown Playa del Carmen - Living Riviera Maya Real Estate,Land/Lot,915000,USD,1,,11530,sqft,Discover this versatile house and large lot for sale downtown Playa del Carmen. Perfect for investment or personal use. Great value!,https://storage.googleapis.com/playa2tutlumcom/2024/02/Judi-Shaw.jpg.webp,Mexico,Quintana Roo,Tulum,,,Sale,1,Uly Savchenko,https://playadelcarmenrealestatemexico.com/real-estate/house-and-large-lot-for-sale-downtown-playa-del-carmen/,Playa del Carmen; Tulum; Other Riviera Maya
Uly Savchenko,https://playadelcarmenrealestatemexico.com,,https://playadelcarmenrealestatemexico.com/real-estate/el-cielo-3-bedroom-house-for-sale-in-playa-del-carmen/,El Cielo: 3 Bedroom House For Sale in Playa Del Carmen - Living Riviera Maya Real Estate,Land/Lot,425000,USD,3,3,,,"Your dream home awaits! 3-bedroom house for sale in Playa del Carmen, featuring breathtaking city views, solar panels, and a private swim-up pool.",https://storage.googleapis.com/playa2tutlumcom/2024/02/Judi-Shaw.jpg.webp,Mexico,Quintana Roo,Tulum,,,Sale,1,Uly Savchenko,https://playadelcarmenrealestatemexico.com/real-estate/el-cielo-3-bedroom-house-for-sale-in-playa-del-carmen/,Playa del Carmen; Tulum; Other Riviera Maya
Uly Savchenko,https://playadelcarmenrealestatemexico.com,,https://playadelcarmenrealestatemexico.com/real-estate/lorena-ochoa-2-bedroom-condo-for-sale-in-playa-del-carmen-world-class-golf-course/,2 Bedroom Condo For Sale in Playa del Carmen - Living Riviera Maya Real Estate,Land/Lot,279000,USD,2,2,,,Explore this 2 bedroom condo with golf course view for sale in Playa del Carmen. Enjoy private beach access and modern amenities.,https://storage.googleapis.com/playa2tutlumcom/2024/02/Judi-Shaw.jpg.webp,Mexico,Quintana Roo,Tulum,,,Sale,1,Uly Savchenko,https://playadelcarmenrealestatemexico.com/real-estate/lorena-ochoa-2-bedroom-condo-for-sale-in-playa-del-carmen-world-class-golf-course/,Playa del Carmen; Tulum; Other Riviera Maya
Uly Savchenko,https://playadelcarmenrealestatemexico.com,,https://playadelcarmenrealestatemexico.com/real-estate/piedra-viva-3-2-bedroom-condo-for-sale-in-playa-del-carmen/,Reduced: Bright 2-Bedroom Condo in Piedra Viva – Steps from 5th Avenue in Playa del Carmen - Living Riviera Maya Real Estate,Land/Lot,249000,USD,2,2,,,Discover this Bright 2-Bedroom Condo for Sale in Playa del Carmen Near 5th Avenue -Piedra Viva 03. Move-in ready urban living. Greatly reduced price,https://storage.googleapis.com/playa2tutlumcom/2024/02/Bea.jpg.webp,Mexico,Quintana Roo,Tulum,,,Sale,1,Uly Savchenko,https://playadelcarmenrealestatemexico.com/real-estate/piedra-viva-3-2-bedroom-condo-for-sale-in-playa-del-carmen/,Playa del Carmen; Tulum; Other Riviera Maya
Uly Savchenko,https://playadelcarmenrealestatemexico.com,,https://playadelcarmenrealestatemexico.com/real-estate/casa-price-3-bedroom-house-in-playacar/,Casa Price: 3-Bedroom Playacar Phase 1 Home for Sale - Living Riviera Maya Real Estate,Land/Lot,1150000,USD,3,3,,,"Discover this stunning 3-Bedroom House in Playacar, just steps from the beach. A great investment opportunity awaits!",https://storage.googleapis.com/playa2tutlumcom/2024/02/Judi-Shaw.jpg.webp,Mexico,Quintana Roo,Tulum,,,Sale,1,Uly Savchenko,https://playadelcarmenrealestatemexico.com/real-estate/casa-price-3-bedroom-house-in-playacar/,Playa del Carmen; Tulum; Other Riviera Maya
Uly Savchenko,https://playadelcarmenrealestatemexico.com,,https://playadelcarmenrealestatemexico.com/real-estate/hacienda-style-3-bedroom-house-for-sale-in-playa-del-carmen/,Hacienda style 3 bedroom house for sale in Playa del Carmen - Living Riviera Maya Real Estate,Land/Lot,400000,USD,3,3,,,"Discover your dream Hacienda style 3 bedroom house for sale in Playa del Carmen, featuring beautiful architecture and vibrant surroundings.",https://storage.googleapis.com/playa2tutlumcom/2024/02/Matt.jpg.webp,Mexico,Quintana Roo,Tulum,,,Sale,1,Uly Savchenko,https://playadelcarmenrealestatemexico.com/real-estate/hacienda-style-3-bedroom-house-for-sale-in-playa-del-carmen/,Playa del Carmen; Tulum; Other Riviera Maya
Uly Savchenko,https://playadelcarmenrealestatemexico.com,,https://playadelcarmenrealestatemexico.com/real-estate/casa-amanecer-spacious-home-for-sale-in-el-cielo-residencial/,Casa Amanecer: Sustainable open-concept home for sale in El Cielo - Living Riviera Maya Real Estate,Land/Lot,619000,USD,3,,,,"Welcome to Casa Amanecer, a spacious two-story home in the peaceful, private gated community of El Cielo, just a 10-minute drive from the center of Playa del Carmen. This home offers a blend of comfort and convenience, perfect for a relaxed coastal lifestyle. Key Features: Gated Community: Enjoy peace of mind with 24-hour security. Prime […]",https://storage.googleapis.com/playa2tutlumcom/2024/02/Judi-Shaw.jpg.webp,Mexico,Quintana Roo,Tulum,,,Sale,1,Uly Savchenko,https://playadelcarmenrealestatemexico.com/real-estate/casa-amanecer-spacious-home-for-sale-in-el-cielo-residencial/,Playa del Carmen; Tulum; Other Riviera Maya
Uly Savchenko,https://playadelcarmenrealestatemexico.com,,https://playadelcarmenrealestatemexico.com/real-estate/it-beach-stunning-2-bedroom-beachfront-condo-for-sale-in-playa-del-carmen/,IT Beach: Stunning 2 bedroom beachfront condo for sale in Playa del Carmen - Living Riviera Maya Real Estate,Land/Lot,750000,USD,2,2,,,"IT Beach: Stunning 2 bedroom beachfront condo for sale in Playa del Carmen, Quintana Roo, Mexico. Welcome to your seaside sanctuary in the heart of Playa del Carmen – a two-bedroom, two-bathroom condo that embodies the epitome of exclusivity. In a world where some treasures are meant for a select few, this residence stands as […]",https://storage.googleapis.com/playa2tutlumcom/2024/02/Judi-Shaw.jpg.webp,Mexico,Quintana Roo,Tulum,,,Sale,2,Uly Savchenko,https://playadelcarmenrealestatemexico.com/real-estate/it-beach-stunning-2-bedroom-beachfront-condo-for-sale-in-playa-del-carmen/; https://playadelcarmenrealestatemexico.com/real-estate/quintas-del-carmen-lot-with-existing-house-for-sale-in-playa-del-carmen/,Playa del Carmen; Tulum; Other Riviera Maya
Uly Savchenko,https://playadelcarmenrealestatemexico.com,,https://playadelcarmenrealestatemexico.com/real-estate/ground-floor-greatness-2-bedroom-condo-for-sale-in-tulum/,Discounted Poolside 2 Bedroom Condo for Sale in Tulum - Living Riviera Maya Real Estate,Land/Lot,189000,USD,2,2,,,"Modern, 2-bedroom, 2 1/2 bathroom ground floor Condo for sale in Aldea Zama Tulum. Large bedrooms with built-in closets, and ensuite bathrooms with marble sinks. The kitchen has granite countertops and stainless steel appliances. Fully furnished with custom furniture from renowned furniture maker at Casona, in Playa del Carmen Really, there is a lot of […]",https://storage.googleapis.com/playa2tutlumcom/2024/02/Judi-Shaw.jpg.webp,Mexico,Quintana Roo,Tulum,,,Sale,1,Uly Savchenko,https://playadelcarmenrealestatemexico.com/real-estate/ground-floor-greatness-2-bedroom-condo-for-sale-in-tulum/,Playa del Carmen; Tulum; Other Riviera Maya
Uly Savchenko,https://playadelcarmenrealestatemexico.com,,https://playadelcarmenrealestatemexico.com/real-estate/playa-del-carmen-2-bedroom-penthouse-for-sale-premium-amenities/,Playa del Carmen 2-Bedroom Penthouse for Sale - Premium Amenities - Living Riviera Maya Real Estate,Land/Lot,324500,USD,,2,,,"Discover this Playa del Carmen 2-Bedroom Penthouse for Sale - Premium Amenities, featuring rooftop pool and stunning views.",https://storage.googleapis.com/playa2tutlumcom/2024/02/Judi-Shaw.jpg.webp,Mexico,Quintana Roo,Tulum,,,Sale,2,Uly Savchenko,https://playadelcarmenrealestatemexico.com/real-estate/playa-del-carmen-2-bedroom-condo-for-sale-prime-location/; https://playadelcarmenrealestatemexico.com/real-estate/playa-del-carmen-2-bedroom-penthouse-for-sale-premium-amenities/,Playa del Carmen; Tulum; Other Riviera Maya
ASAEL ALEX,https://rivieramayarealtor.com/,,https://rivieramayarealtor.com/real-estate/villa-for-sale-in-lagunas-de-mayakoba-3-bedroom-home-in-playa-del-carmen-mexico/,Playa Del Carmen House for Sale in Ciudad Mayakoba - Riviera Maya Realtor,Land/Lot,5200000,MXN,,3,,,Find your dream Playa del Carmen house for sale in the desirable Ciudad Mayakoba community with modern amenities.,https://storage.googleapis.com/rivieramayarealtor/2024/07/Lupita.jpg.webp,Mexico,Quintana Roo,Tulum,,,Rent,1,ASAEL ALEX,https://rivieramayarealtor.com/real-estate/villa-for-sale-in-lagunas-de-mayakoba-3-bedroom-home-in-playa-del-carmen-mexico/,Playa del Carmen; Tulum; Other Riviera Maya
Sam Chávez,https://www.buyrivieramaya.com.mx/,EasyBroker,https://www.buyrivieramaya.com.mx/property/playacar-1-2bed-condos-with-controlled-access-and-amenities-showroom-available,Playacar 1-2Bed Condos with controlled access and amenities. Showroom Available.,Land/Lot,239999,USD,2,1,57.67,m2,"THE LEAF is a new concept where amenities are a fundamental part of daily life to offer experiences that enrich your stay, without leaving the development. The complex has an extensive garden area ...",https://assets.easybroker.com/property_images/4954199/84534065/EB-SA4199.jpg?height=300&version=1736711981&width=450,Mexico,Quintana Roo,Tulum,,,Rent,9,ASAEL ALEX; Andrea Burgos; Pilar Reynoso; Sam Chávez,https://realestateplayadelcarmen.com.mx/property/apartments-for-sale-in-playa-del-carmen-095/; https://realestateplayadelcarmen.com.mx/property/furnished-2-bedroom-condo-for-sale-in-playa-del-carmen-with-lock-off-layout-218/; https://realestateplayadelcarmen.com.mx/property/playa-del-carmen-condo-for-sale-2br-hollywood-180/; https://rivieramayarealtor.com/real-estate/2-bedroom-condo-for-sale-in-karanda-tulum-private-terrace-resort-style-amenities/; https://rivieramayarealtor.com/real-estate/2-bedroom-condo-for-sale-in-playa-del-carmen-walk-to-beach-5th-avenue-aqua-terra-little-italy/; https://www.buyrivieramaya.com.mx/property/playacar-1-2bed-condos-with-controlled-access-and-amenities-showroom-available,Playa del Carmen; Tulum; Other Riviera Maya
ASAEL ALEX,https://rivieramayarealtor.com/,,https://rivieramayarealtor.com/real-estate/oceanfront-luxury-condo-for-sale-in-corasol-playa-del-carmen-4-bedroom-beachfront-residence-with-private-elevator/,Beachfront Condo Playa del Carmen with Ocean Views - Riviera Maya Realtor,Land/Lot,2450000,USD,4,4,42000,m2,"Discover your dream beachfront condo Playa del Carmen in the exclusive Corasol community, offering oceanfront living at its finest.",https://storage.googleapis.com/rivieramayarealtor/2024/07/Asael.jpg.webp,Mexico,Quintana Roo,Tulum,,,Rent,1,ASAEL ALEX,https://rivieramayarealtor.com/real-estate/oceanfront-luxury-condo-for-sale-in-corasol-playa-del-carmen-4-bedroom-beachfront-residence-with-private-elevator/,Playa del Carmen; Tulum; Other Riviera Maya
ASAEL ALEX,https://rivieramayarealtor.com/,,https://rivieramayarealtor.com/real-estate/penthouse-for-sale-in-playa-del-carmen-with-private-rooftop-jacuzzi-prime-opportunity-in-riviera-maya/,Playa del Carmen Penthouse for Sale Near Beach Access - Riviera Maya Realtor,Land/Lot,4500000,MXN,1,2,130,m2,Find your ideal getaway with this Playa del Carmen penthouse for sale. A blend of comfort and investment opportunity awaits you.,https://storage.googleapis.com/rivieramayarealtor/2024/07/Lupita.jpg.webp,Mexico,Quintana Roo,Tulum,,,Rent,1,ASAEL ALEX,https://rivieramayarealtor.com/real-estate/penthouse-for-sale-in-playa-del-carmen-with-private-rooftop-jacuzzi-prime-opportunity-in-riviera-maya/,Playa del Carmen; Tulum; Other Riviera Maya
ASAEL ALEX,https://rivieramayarealtor.com/,,https://rivieramayarealtor.com/real-estate/playa-del-carmen-home-for-sale/,Playa del Carmen House for Sale with Modern Design - Riviera Maya Realtor %,Land/Lot,5699000,MXN,3,3,242,m2,Explore this stunning Playa del Carmen house for sale. A modern 3 bedroom home in a desirable gated community awaits you.,https://storage.googleapis.com/rivieramayarealtor/2024/07/Asael.jpg.webp,Mexico,Quintana Roo,Tulum,,,Rent,1,ASAEL ALEX,https://rivieramayarealtor.com/real-estate/playa-del-carmen-home-for-sale/,Playa del Carmen; Tulum; Other Riviera Maya
ASAEL ALEX,https://rivieramayarealtor.com/,,https://rivieramayarealtor.com/real-estate/studio-for-sale-in-kaab-south-beach-playa-del-carmen/,"Studio for sale in Kaab South Beach, Playa del Carmen - Riviera Maya Realtor",Land/Lot,3500000,MXN,,,53,m2,"Discover a charming studio for sale in Playa del Carmen, perfect for investment or a cozy getaway. Don't miss this opportunity!",https://storage.googleapis.com/rivieramayarealtor/2024/07/Lupita.jpg.webp,Mexico,Quintana Roo,Tulum,,,Rent,1,ASAEL ALEX,https://rivieramayarealtor.com/real-estate/studio-for-sale-in-kaab-south-beach-playa-del-carmen/,Playa del Carmen; Tulum; Other Riviera Maya
ASAEL ALEX,https://rivieramayarealtor.com/,,https://rivieramayarealtor.com/real-estate/2-bedroom-condo-for-sale-in-the-shore-playa-del-carmen/,2 bedroom condo for sale in The Shore Playa del Carmen - Riviera Maya Realtor,Land/Lot,325000,USD,2,2,82.83,m2,Discover your dream home with this 2 bedroom condo for sale in Playa del Carmen. Perfect for relaxation and adventure.,https://storage.googleapis.com/rivieramayarealtor/2024/07/Asael.jpg.webp,Mexico,Quintana Roo,Tulum,,,Rent,1,ASAEL ALEX,https://rivieramayarealtor.com/real-estate/2-bedroom-condo-for-sale-in-the-shore-playa-del-carmen/,Playa del Carmen; Tulum; Other Riviera Maya
ASAEL ALEX,https://rivieramayarealtor.com/,,https://rivieramayarealtor.com/real-estate/beachfront-3-bedroom-house-for-sale-in-playacar/,Beachfront 3 bedroom house for sale in Playacar - Riviera Maya Realtor,Land/Lot,2200000,USD,3,3,,,"Discover this stunning Beachfront 3 bedroom house for sale in Playacar, perfect for your dream coastal lifestyle.",https://storage.googleapis.com/rivieramayarealtor/2024/07/Asael.jpg.webp,Mexico,Quintana Roo,Tulum,,,Rent,1,ASAEL ALEX,https://rivieramayarealtor.com/real-estate/beachfront-3-bedroom-house-for-sale-in-playacar/,Playa del Carmen; Tulum; Other Riviera Maya
ASAEL ALEX,https://rivieramayarealtor.com/,,https://rivieramayarealtor.com/real-estate/beachfront-3-bedroom-condo-for-sale-in-downtown-playa-del-carmen-luna-encantada-a1/,Condo for Sale Playa del Carmen with Ocean Views - Riviera Maya Realtor,Land/Lot,670000,USD,3,3,,,"Live the ultimate coastal lifestyle in Playa del Carmen with this condo for sale, complete with elegant finishes and ocean views.",https://storage.googleapis.com/rivieramayarealtor/2024/07/Lupita.jpg.webp,Mexico,Quintana Roo,Tulum,,,Rent,1,ASAEL ALEX,https://rivieramayarealtor.com/real-estate/beachfront-3-bedroom-condo-for-sale-in-downtown-playa-del-carmen-luna-encantada-a1/,Playa del Carmen; Tulum; Other Riviera Maya
ASAEL ALEX,https://rivieramayarealtor.com/,,https://rivieramayarealtor.com/real-estate/1-bedroom-2bath-condo-in-zilha-42-downtown-playa-del-carmen/,1 Bedroom 2Bath Condo in Zilha 42 downtown Playa del Carmen - Riviera Maya Realtor,Land/Lot,168000,USD,1,2,44,m2,"Discover this stunning 1 Bedroom 2 Bath Condo in Zilha 42, located in vibrant downtown Playa del Carmen. Your dream home awaits!",https://storage.googleapis.com/rivieramayarealtor/2024/07/Asael.jpg.webp,Mexico,Quintana Roo,Tulum,,,Rent,1,ASAEL ALEX,https://rivieramayarealtor.com/real-estate/1-bedroom-2bath-condo-in-zilha-42-downtown-playa-del-carmen/,Playa del Carmen; Tulum; Other Riviera Maya
ASAEL ALEX,https://rivieramayarealtor.com/,,https://rivieramayarealtor.com/real-estate/2-bedroom-2-bathroom-condo-for-sale-in-el-cielo-playa-del-carmen/,Playa del Carmen Condo for Sale Near the Beach - Riviera Maya Realtor,Land/Lot,193600,USD,2,2,,,"Explore this stunning Playa del Carmen condo for sale in El Cielo Residential Community, perfect for privacy and comfort.",https://storage.googleapis.com/rivieramayarealtor/2024/07/Asael.jpg.webp,Mexico,Quintana Roo,Tulum,,,Rent,1,ASAEL ALEX,https://rivieramayarealtor.com/real-estate/2-bedroom-2-bathroom-condo-for-sale-in-el-cielo-playa-del-carmen/,Playa del Carmen; Tulum; Other Riviera Maya
ASAEL ALEX,https://rivieramayarealtor.com/,,https://rivieramayarealtor.com/real-estate/3-bedroom-2-5-bath-condo-with-ocean-views-located-in-coco-beach-downtown-playa-del-carmen/,Playa Del Carmen Condo for Sale with Ocean Views - Riviera Maya Realtor,Land/Lot,569000,USD,3,2.5,107,m2,"Discover this stunning 3 bedroom 2.5 bath condo with ocean views in Coco Beach, Downtown Playa del Carmen. Your dream home awaits!",https://storage.googleapis.com/rivieramayarealtor/2024/07/Asael.jpg.webp,Mexico,Quintana Roo,Tulum,,,Rent,1,ASAEL ALEX,https://rivieramayarealtor.com/real-estate/3-bedroom-2-5-bath-condo-with-ocean-views-located-in-coco-beach-downtown-playa-del-carmen/,Playa del Carmen; Tulum; Other Riviera Maya
ASAEL ALEX,https://rivieramayarealtor.com/,,https://rivieramayarealtor.com/real-estate/beachfront-4-bedroom-condo-for-sale-in-costa-corasol-playa-del-carmen/,Beachfront Condo for Sale in Costa with Exclusive Amenities - Riviera Maya Realtor,Land/Lot,2600000,USD,4,4,312,m2,"Explore the exclusive beachfront condo for sale in Costa Playa del Carmen, offering luxury living and incredible sea views.",https://storage.googleapis.com/rivieramayarealtor/2024/07/Asael.jpg.webp,Mexico,Quintana Roo,Tulum,,,Rent,2,ASAEL ALEX; Gelena Doehmel Realtor Mexico,https://rivieramayarealtor.com/real-estate/beachfront-4-bedroom-condo-for-sale-in-costa-corasol-playa-del-carmen/; https://yucatanexpert.com/real-estate/beachfront-4-bedroom-condo-for-sale-in-costa-corasol-playa-del-carmen/,Playa del Carmen; Tulum; Other Riviera Maya
ASAEL ALEX,https://rivieramayarealtor.com/,,https://rivieramayarealtor.com/real-estate/beachfront-3-bedroom-3-bath-condo-in-corasol-playa-del-carmen/,Beachfront 3 Bedroom 3 Bath Condo in Playa del Carmen for Sale - Riviera Maya Realtor,Land/Lot,42403000,MXN,3,3,,,"Discover this stunning Beachfront 3 Bedroom 3 Bath Condo in Playa del Carmen, perfect for luxury living by the sea.",https://storage.googleapis.com/rivieramayarealtor/2024/07/Asael.jpg.webp,Mexico,Quintana Roo,Tulum,,,Rent,1,ASAEL ALEX,https://rivieramayarealtor.com/real-estate/beachfront-3-bedroom-3-bath-condo-in-corasol-playa-del-carmen/,Playa del Carmen; Tulum; Other Riviera Maya
ASAEL ALEX,https://rivieramayarealtor.com/,,https://rivieramayarealtor.com/real-estate/presale-ocean-view-3-bedroom-condo-in-downtown-playa-del-carmen/,Condo Playa del Carmen: Ocean View with Rooftop - Riviera Maya Realtor,Land/Lot,39853523,MXN,3,3,,,"Discover this stunning Beachfront 3 Bedroom Condo in Downtown Playa del Carmen, perfect for luxury living by the sea!",https://storage.googleapis.com/rivieramayarealtor/2024/07/Asael.jpg.webp,Mexico,Quintana Roo,Tulum,,,Rent,1,ASAEL ALEX,https://rivieramayarealtor.com/real-estate/presale-ocean-view-3-bedroom-condo-in-downtown-playa-del-carmen/,Playa del Carmen; Tulum; Other Riviera Maya
ASAEL ALEX,https://rivieramayarealtor.com/,,https://rivieramayarealtor.com/real-estate/5-bed-6-bath-house-for-sale-in-playacar-1-playa-del-carmen/,5 bed 6 bath house for sale in Playacar 1 Playa del Carmen - Riviera Maya Realtor,Land/Lot,2000000,USD,5,6,,,Discover this stunning 5 bed 6 bath house for sale in Playacar 1 Playa del Carmen. Luxury living awaits you!,https://storage.googleapis.com/rivieramayarealtor/2024/07/Asael.jpg.webp,Mexico,Quintana Roo,Tulum,,,Rent,1,ASAEL ALEX,https://rivieramayarealtor.com/real-estate/5-bed-6-bath-house-for-sale-in-playacar-1-playa-del-carmen/,Playa del Carmen; Tulum; Other Riviera Maya
ASAEL ALEX,https://rivieramayarealtor.com/,,https://rivieramayarealtor.com/real-estate/presale-beachfront-3-bedroom-condo-with-parcial-ocean-view-in-downtown-playa-del-carmen/,Presale Beachfront 3 Bedroom condo with Parcial Ocean view in Downtown Playa del Carmen - Riviera Maya Realtor,Land/Lot,33411904,MXN,3,3,,,"Discover this stunning Beachfront 3 Bedroom condo in Downtown Playa del Carmen, perfect for luxury living and investment!",https://storage.googleapis.com/rivieramayarealtor/2024/07/Asael.jpg.webp,Mexico,Quintana Roo,Tulum,,,Rent,1,ASAEL ALEX,https://rivieramayarealtor.com/real-estate/presale-beachfront-3-bedroom-condo-with-parcial-ocean-view-in-downtown-playa-del-carmen/,Playa del Carmen; Tulum; Other Riviera Maya
Adoquin Inmobiliaria,https://www.adoquininmobiliaria.com/,Tokko Broker,"https://www.adoquininmobiliaria.com/p/8510255-Oficina-en-Renta-en-Playa-del-Carmen-Centro-Plaza-Mabor,-Diag.-Aeropuerto,-Playacar,-77710-Playa-del-Carmen,-Q.R.-3","Oficina en Renta en Playa del Carmen Centro - Plaza Mabor, Diag. Aeropuerto, Playacar, 77710 Playa del Carmen, Q.R. 3",Commercial,45000,MXN,,2,141,m2,"Oficinas Corporativas en Renta | 264 m² | Plaza Mabor | Junto a Playacar | Playa del Carmen ¡Instala tu empresa en una de las mejores ubicaciones de Playa del Carmen! Excelente espacio corporativo en Plaza Mabor, sobre Avenida Aviación, a un costado de Playacar, ideal para empresas que buscan oficinas listas para operar con una distribución funcional y excelente imagen corporativa. Características:147 m² de construcción24 espacios de trabajo o cubículos1 oficina directivaLocales comerciales en planta bajaAires acondicionados instalados2 bañosBodega tipo tapanco ideal para archivoEspacios ampli",https://static.tokkobroker.com/sm_pics/131096124_og.jpg,Mexico,Quintana Roo,Tulum,,,Rent,1,Adoquin Inmobiliaria,"https://www.adoquininmobiliaria.com/p/8510255-Oficina-en-Renta-en-Playa-del-Carmen-Centro-Plaza-Mabor,-Diag.-Aeropuerto,-Playacar,-77710-Playa-del-Carmen,-Q.R.-3",Playa del Carmen; Tulum; Other Riviera Maya
Adoquin Inmobiliaria,https://www.adoquininmobiliaria.com/,Tokko Broker,https://www.adoquininmobiliaria.com/p/8175291-Departamento-en-Renta-en-Playa-del-Carmen-Centro-calle-6-norte-bis-y-calle-25-playa-del-carmen-centro-Palacio-Municipal,Departamento en Renta en Playa del Carmen Centro - calle 6 norte bis y calle 25 playa del carmen centro Palacio Municipal,Villa,14500,MXN,4,2,95,m2,"Departamento en Renta en Villa Amalfi, una excelente opción para quienes desean vivir en el corazón de Playa del Carmen. Este acogedor departamento se encuentra en la privilegiada ubicación de Calle 6 Norte Bis y Avenida 25, a solo una cuadra del Palacio Municipal y el Ayuntamiento. Disfruta de la comodidad de moverte sin automóvil, ya que tendrás todo a tu alcance. El departamento cuenta con 2 recámaras, cada una con clóset, y 2 baños, ofreciendo el espacio ideal para una vida cómoda. Con un total de 4 habitaciones, este espacio es perfecto para familias o parejas que buscan comodidad y funci",https://static.tokkobroker.com/sm_pics/125961304_og.jpg,Mexico,Quintana Roo,Tulum,,,Rent,1,Adoquin Inmobiliaria,https://www.adoquininmobiliaria.com/p/8175291-Departamento-en-Renta-en-Playa-del-Carmen-Centro-calle-6-norte-bis-y-calle-25-playa-del-carmen-centro-Palacio-Municipal,Playa del Carmen; Tulum; Other Riviera Maya
Adoquin Inmobiliaria,https://www.adoquininmobiliaria.com/,Tokko Broker,"https://www.adoquininmobiliaria.com/p/8443912-Oficina-en-Renta-Renta-temporal-en-Playa-del-Carmen-Kantenah,-Ejidal,-77712-Playa-del-Carmen","Oficina en Renta-Renta temporal en Playa del Carmen - Kantenah, Ejidal, 77712 Playa del Carmen",Commercial,350,MXN,,,140,m2,"Locales Comerciales en Renta | Plaza Kantenah | Playa del Carmen ¡Haz crecer tu negocio en una de las zonas con mayor movimiento comercial de Playa del Carmen! Plaza Kantenah ofrece espacios comerciales con entrega inmediata, excelente imagen corporativa y una ubicación estratégica, ideales para oficinas, consultorios, despachos, agencias, boutiques, academias, estudios y negocios de servicios. Locales disponibles Local 1 – Planta Baja 140 m²Renta: $450 MXN/m²Excelente exposición comercial Local 102 – Primer Piso 50 m²Obra grisRenta: $350 MXN/m² Local 202 – Segundo Piso 90.37 m²Con terrazaRent",https://static.tokkobroker.com/sm_pics/8443912_89081294412429141618840688269680241677856022430698144731741552290429363733981_og.jpg,Mexico,Quintana Roo,Tulum,,,Rent,2,Adoquin Inmobiliaria,"https://www.adoquininmobiliaria.com/p/8443912-Oficina-en-Renta-Renta-temporal-en-Playa-del-Carmen-Kantenah,-Ejidal,-77712-Playa-del-Carmen; https://www.adoquininmobiliaria.com/p/8443912-Oficina-en-Renta-en-Playa-del-Carmen-Kantenah,-Ejidal,-77712-Playa-del-Carmen",Playa del Carmen; Tulum; Other Riviera Maya
Adoquin Inmobiliaria,https://www.adoquininmobiliaria.com/,Tokko Broker,"https://www.adoquininmobiliaria.com/p/8434255-Bodega-comercial-en-Renta-en-Villas-del-Sol-%22Plus%22-Av-Pavo-Real-3,-Villas-del-Sol,-PLaya-del-Carmen","Bodega comercial en Renta en Villas del Sol ""Plus"" - Av Pavo Real 3, Villas del Sol, PLaya del Carmen",Commercial,54000,MXN,5,,300,m2,"¡Bienvenidos a CELOPLAYA, el corazón logístico de Playa del Carmen! Ubicado en la zona de Villas del Sol Plus, este centro logístico ofrece un espacio de 18,000 m2 de área total rentable, diseñado para satisfacer necesidades comerciales, industriales y de almacenaje. Con un total de 60 bodegas, cada una de 300 m2 (10 x 30 metros), CELOPLAYA es el lugar ideal para hacer crecer tu negocio. Las instalaciones cuentan con una red general sanitaria, hidráulica y eléctrica subterránea, garantizando un entorno moderno y eficiente. El patio de maniobras está construido con concreto de 12 cm de espesor,",https://static.tokkobroker.com/sm_pics/8434255_67155734830819798457364236977394164791243753586113411085756961586849259643497_og.jpg,Mexico,Quintana Roo,Tulum,,,Rent,1,Adoquin Inmobiliaria,"https://www.adoquininmobiliaria.com/p/8434255-Bodega-comercial-en-Renta-en-Villas-del-Sol-%22Plus%22-Av-Pavo-Real-3,-Villas-del-Sol,-PLaya-del-Carmen",Playa del Carmen; Tulum; Other Riviera Maya
Adoquin Inmobiliaria,https://www.adoquininmobiliaria.com/,Tokko Broker,"https://www.adoquininmobiliaria.com/p/8438605-Oficina-en-Renta-Renta-temporal-en-Playa-del-Carmen-carretera-federal-307-esquina-calle-41-sur,-Edificio-Riviera-Centre,-77710-Playa-del-Carmen,-Q.R.","Oficina en Renta-Renta temporal en Playa del Carmen - carretera federal 307 esquina calle 41 sur, Edificio Riviera Centre, 77710 Playa del Carmen, Q.R.",Commercial,15000,MXN,,,55,m2,"Oficina disponible en el corazón de Playa del Carmen, ubicada en la carretera federal 307 esquina arco vial, Edificio Riviera Centre. Este inmueble, con oficinas desde 55 m², es ideal para empresas que buscan establecerse en una zona estratégica de Quintana Roo. El edificio está diseñado para satisfacer las necesidades de negocios modernos. El espacio ofrece una terraza y una ambiente corporativo perfecto para encuentros profesionales y networking. Además, cuenta con baños disponibles en cada piso para uso compartido, asegurando comodidad para empleados y visitantes. La oficina está equipada c",https://static.tokkobroker.com/sm_pics/129475555_og.jpg,Mexico,Quintana Roo,Tulum,,,Rent,2,Adoquin Inmobiliaria,"https://www.adoquininmobiliaria.com/p/8438605-Oficina-en-Renta-Renta-temporal-en-Playa-del-Carmen-carretera-federal-307-esquina-calle-41-sur,-Edificio-Riviera-Centre,-77710-Playa-del-Carmen,-Q.R.; https://www.adoquininmobiliaria.com/p/8438605-Oficina-en-Renta-en-Playa-del-Carmen-carretera-federal-307-esquina-calle-41-sur,-Edificio-Riviera-Centre,-77710-Playa-del-Carmen,-Q.R.",Playa del Carmen; Tulum; Other Riviera Maya
Adoquin Inmobiliaria,https://www.adoquininmobiliaria.com/,Tokko Broker,"https://www.adoquininmobiliaria.com/p/8470834-Local-en-Renta-en-Punta-Estrella-Fracc.-La-Gran-Plaza-de-la-Riviera,-Av-CTM,-Av.-Punta-Estrella-esq,-77712-Playa-del-Carmen,-Q.R.","Local en Renta en Punta Estrella - Fracc. La Gran Plaza de la Riviera, Av CTM, Av. Punta Estrella esq, 77712 Playa del Carmen, Q.R.",Commercial,43500,MXN,,1,72,m2,"Locales Comerciales en Renta – Plaza Trastevere | Av. CTM, Playa del Carmen Invierte en una de las zonas con mayor crecimiento comercial de Playa del Carmen TRASTEVERE URBAN PLAZA es un desarrollo comercial de alto nivel estratégicamente ubicado sobre **Av. CTM, esquina con Av. Punta Estrella**, en una de las zonas con mayor crecimiento residencial y comercial de Playa del Carmen. Su ubicación la convierte en un punto ideal para franquicias, bancos, restaurantes, cafeterías, clínicas, consultorios, veterinarias, gimnasios, tiendas de conveniencia, boutiques y negocios que buscan alta exposició",https://static.tokkobroker.com/sm_pics/8470834_111212003574481384395425789575185833865693146812706198350019921100810779086353_og.jpg,Mexico,Quintana Roo,Tulum,,,Rent,1,Adoquin Inmobiliaria,"https://www.adoquininmobiliaria.com/p/8470834-Local-en-Renta-en-Punta-Estrella-Fracc.-La-Gran-Plaza-de-la-Riviera,-Av-CTM,-Av.-Punta-Estrella-esq,-77712-Playa-del-Carmen,-Q.R.",Playa del Carmen; Tulum; Other Riviera Maya
Adoquin Inmobiliaria,https://www.adoquininmobiliaria.com/,Tokko Broker,https://www.adoquininmobiliaria.com/p/8490756-Local-en-Renta-en-Cruz-de-Servicios-Av-Paseo-Central,Local en Renta en Cruz de Servicios - Av Paseo Central,Land/Lot,120000,MXN,,5,282,m2,"Descubre este local comercial estratégicamente ubicado frente a Plaza Las Américas en Playa del Carmen, en la zona de Cruz de Servicios. Con una superficie de 282 m² en un primer nivel, este espacio es ideal para establecer un restaurante o un asadero. Además, cuenta con una amplia terraza de 282 m² que ofrece un ambiente perfecto para disfrutar del aire libre. Anteriormente operó como El Rinconcito de la Salsa y un billar, lo que evidencia su versatilidad y atractivo para el público. La propiedad se encuentra al lado de un lavaautos, lo que podría atraer una base constante de clientes locales",https://static.tokkobroker.com/sm_pics/8490756_39865777329533942744165813485544286765094514603314506281957434437252656783536_og.jpg,Mexico,Quintana Roo,Tulum,,,Rent,1,Adoquin Inmobiliaria,https://www.adoquininmobiliaria.com/p/8490756-Local-en-Renta-en-Cruz-de-Servicios-Av-Paseo-Central,Playa del Carmen; Tulum; Other Riviera Maya
Adoquin Inmobiliaria,https://www.adoquininmobiliaria.com/,Tokko Broker,https://www.adoquininmobiliaria.com/p/8438667-Oficina-en-Renta-Venta-en-Cruz-de-Servicios-AV-PASEO-CENTRAL-ESQUINA-GLORIETA-CHEMUYIL-CRUZ-DE-SERVICIOS-PLAYA-DEL-CARMEN,Oficina en Renta-Venta en Cruz de Servicios - AV PASEO CENTRAL ESQUINA GLORIETA CHEMUYIL CRUZ DE SERVICIOS PLAYA DEL CARMEN,Commercial,18000,MXN,,,1200,m2,"Las mejores empresas eligen las mejores ubicaciones. La tuya merece Humana Workcenter. Si estás buscando una oficina corporativa o un consultorio médico en Playa del Carmen, esta es la oportunidad que estabas esperando. Humana Workcenter se ha consolidado como el principal edificio corporativo de la zona Cruz de Servicios, rodeado de las mejores marcas y servicios de la ciudad: Brasa &amp; Piedra Restaurante Sports BarUniversidad Tecnológica de Playacar – Ciencias de la SaludStarbucksSmart FitToksLa Casa de los AbuelosChedrauiPlaza Las AméricasGoMart y gasolineraBancos, cafeterías, restaurante",https://static.tokkobroker.com/sm_pics/8438667_83294607517811484823972941698364437476373369889493708236786581674328640483925_og.jpg,Mexico,Quintana Roo,Tulum,,,Rent,3,Adoquin Inmobiliaria,https://www.adoquininmobiliaria.com/p/8438667-Oficina-en-Renta-Venta-en-Cruz-de-Servicios-AV-PASEO-CENTRAL-ESQUINA-GLORIETA-CHEMUYIL-CRUZ-DE-SERVICIOS-PLAYA-DEL-CARMEN; https://www.adoquininmobiliaria.com/p/8438667-Oficina-en-Renta-en-Cruz-de-Servicios-AV-PASEO-CENTRAL-ESQUINA-GLORIETA-CHEMUYIL-CRUZ-DE-SERVICIOS-PLAYA-DEL-CARMEN; https://www.adoquininmobiliaria.com/p/8438667-Oficina-en-Venta-en-Cruz-de-Servicios-AV-PASEO-CENTRAL-ESQUINA-GLORIETA-CHEMUYIL-CRUZ-DE-SERVICIOS-PLAYA-DEL-CARMEN,Playa del Carmen; Tulum; Other Riviera Maya
Adoquin Inmobiliaria,https://www.adoquininmobiliaria.com/,Tokko Broker,https://www.adoquininmobiliaria.com/p/7962424-Oficina-en-Renta-en-Playa-del-Carmen-Renta-Consultorios-Medicos-av-Paseo-Central-y-Chemuyil-Playa-del-Carmen,Oficina en Renta en Playa del Carmen - Renta Consultorios Medicos av Paseo Central y Chemuyil Playa del Carmen,Commercial,24500,MXN,,,40,m2,"OFICINAS PREMIUM EN RENTA | DISEÑO JAPANDI | UBICACIÓN ESTRATÉGICA Eleva la experiencia de tu consultorio o espacio profesional con oficinas diseñadas para transmitir armonía, paz y estatus. Ideales para profesionales de la salud o bienestar que buscan un entorno que conecte con sus pacientes desde el primer momento. Diseño único Japandi + esencia Wabi-Sabi Espacios que inspiran relajación, claridad mental y equilibrio, con excelente iluminación natural. OFICINAS DE 50 m² • 2 disponibles • Vista a Plaza Las Américas o Av. Central • Baño completo • Buffer de privacidad en acceso • Muros acústic",https://static.tokkobroker.com/sm_pics/121600700_og.jpg,Mexico,Quintana Roo,Tulum,,,Rent,1,Adoquin Inmobiliaria,https://www.adoquininmobiliaria.com/p/7962424-Oficina-en-Renta-en-Playa-del-Carmen-Renta-Consultorios-Medicos-av-Paseo-Central-y-Chemuyil-Playa-del-Carmen,Playa del Carmen; Tulum; Other Riviera Maya
Adoquin Inmobiliaria,https://www.adoquininmobiliaria.com/,Tokko Broker,https://www.adoquininmobiliaria.com/p/8492871-Local-en-Renta-en-Playa-del-Carmen-Centro-Renta-local-equipado-para-restaurante-Centro-Playa-del-Carmen,Local en Renta en Playa del Carmen Centro - Renta local equipado para restaurante Centro Playa del Carmen,Commercial,50000,MXN,,2,196,m2,"Se ofrece en renta un excepcional local comercial completamente equipado y listo para operar como restaurante, ubicado en una de las zonas más privilegiadas de Playa del Carmen Centro. Situado estratégicamente entre la famosa Quinta Avenida y la Avenida 10, este local es una oportunidad única para emprendedores gastronómicos que desean iniciar su negocio sin necesidad de invertir en remodelaciones. El local cuenta con un diseño atractivo que seguramente captará la atención de los clientes. Dispone de una superficie techada de 196 metros cuadrados que incluye cocina completamente equipada, baño",https://static.tokkobroker.com/sm_pics/8492871_59324699217305428816274917753592456534099862322594663677509694936593543323695_og.jpg,Mexico,Quintana Roo,Tulum,,,Rent,1,Adoquin Inmobiliaria,https://www.adoquininmobiliaria.com/p/8492871-Local-en-Renta-en-Playa-del-Carmen-Centro-Renta-local-equipado-para-restaurante-Centro-Playa-del-Carmen,Playa del Carmen; Tulum; Other Riviera Maya
Adoquin Inmobiliaria,https://www.adoquininmobiliaria.com/,Tokko Broker,https://www.adoquininmobiliaria.com/p/7207158-Local-en-Renta-en-Punta-Estrella-Avenida-CTM-58-norte-junto-a-Little-Caesars-Pizza-Playa-del-Carmen,Local en Renta en Punta Estrella - Avenida CTM 58 norte junto a Little Caesars Pizza Playa del Carmen,Commercial,600,MXN,,12,72,m2,"Locales comerciales en renta en Plaza Trastevere, ubicada estratégicamente en la esquina de Av. CTM y Av. Punta Estrella. Esta nueva plaza comercial de lujo se encuentra en una zona de alta afluencia vehicular y peatonal, con más de 80,000 habitantes en su área de influencia, lo que la convierte en un lugar ideal para negocios que buscan visibilidad y tráfico constante. La plaza ofrece locales comerciales con superficies desde 90 m² hasta 600 m², con la opción de unir locales adyacentes para satisfacer las necesidades de espacio de tu negocio. Los metros cuadrados indicados comprenden tanto el",https://static.tokkobroker.com/sm_pics/105036137_og.jpg,Mexico,Quintana Roo,Tulum,,,Rent,1,Adoquin Inmobiliaria,https://www.adoquininmobiliaria.com/p/7207158-Local-en-Renta-en-Punta-Estrella-Avenida-CTM-58-norte-junto-a-Little-Caesars-Pizza-Playa-del-Carmen,Playa del Carmen; Tulum; Other Riviera Maya
Adoquin Inmobiliaria,https://www.adoquininmobiliaria.com/,Tokko Broker,https://www.adoquininmobiliaria.com/p/8069327-Local-en-Renta-en-Solidaridad-Renta-Local-call-12-la-mas-famosa-de-Playa-del-Carmen--esq-Quinta-Ave-y-1,Local en Renta en Solidaridad - Renta Local call 12 la mas famosa de Playa del Carmen  esq Quinta Ave y 1,Commercial,199500,MXN,,10,320,m2,"LOCAL COMERCIAL PREMIUM EN RENTA | QUINTA AVENIDA &amp; CALLE 12 | PLAYA DEL CARMEN Ubicado en una de las esquinas con mayor exposición comercial, flujo peatonal y vida nocturna de Playa del Carmen, este espacio representa una oportunidad estratégica para grupos restauranteros, hospitality y conceptos lifestyle. frente a calle corazon, H&amp;M , Harrys Restaurnte , Ilios Porfirios y muchos centros nocturnos de moda... Mandala , La Vaquita , Prana Características del inmueble: Planta baja: 167 m² aprox. Sótano: 80 m² aprox. Roof / tapanco: 80 m² aprox. Superficie total aproximada: 327 m² 26 met",https://static.tokkobroker.com/sm_pics/8069327_19827097700327890086417186842679154716314653371843203859050746952233078585689_og.jpg,Mexico,Quintana Roo,Tulum,,,Rent,1,Adoquin Inmobiliaria,https://www.adoquininmobiliaria.com/p/8069327-Local-en-Renta-en-Solidaridad-Renta-Local-call-12-la-mas-famosa-de-Playa-del-Carmen--esq-Quinta-Ave-y-1,Playa del Carmen; Tulum; Other Riviera Maya
Adoquin Inmobiliaria,https://www.adoquininmobiliaria.com/,Tokko Broker,https://www.adoquininmobiliaria.com/p/8444376-Departamento-en-Renta-en-Playa-del-Carmen-Corasol-Playa-del-Carmen-Carretera-Cancun-Playa-del-Carmen,Departamento en Renta en Playa del Carmen - Corasol Playa del Carmen Carretera Cancun Playa del Carmen,Condo/Apartment,35000,MXN,,2,120,m2,"Descubre un oasis de lujo y comodidad en el lugar mas exclusivo de Playa del Carmen con este lujoso departamento en planta baja, ubicado en el prestigioso complejo de Corasol. Diseñado para ofrecer una experiencia de vida sin igual, este espacio te brinda acceso directo desde la calle, eliminando la necesidad de escaleras y ofreciendo la máxima comodidad. Uno de los puntos más destacados de esta propiedad es su alberca privada, situada en tu propia terraza. Imagina disfrutar de un refrescante chapuzón en cualquier momento del día, con total privacidad y comodidad. El departamento cuenta con do",https://static.tokkobroker.com/sm_pics/8444376_36542391632294143755792871500235321156441113736798318837675629408088828415148_og.jpg,Mexico,Quintana Roo,Tulum,,,Rent,1,Adoquin Inmobiliaria,https://www.adoquininmobiliaria.com/p/8444376-Departamento-en-Renta-en-Playa-del-Carmen-Corasol-Playa-del-Carmen-Carretera-Cancun-Playa-del-Carmen,Cancun; Playa del Carmen; Tulum; Other Riviera Maya
Adoquin Inmobiliaria,https://www.adoquininmobiliaria.com/,Tokko Broker,https://www.adoquininmobiliaria.com/p/7238969-Oficina-en-Venta-en-Playa-del-Carmen-Venta-o-Renta-Humana-Workcenter-oficina-77m2-av-Paseo-Central-Playa-del-Carmen,Oficina en Renta-Venta en Playa del Carmen - Venta o Renta Humana Workcenter oficina 77m2 av Paseo Central Playa del Carmen,Commercial,37000,MXN,,5,77,m2,"Tu nueva oficina en el corazón de Playa del Carmen te está esperando Renta ahora 77 m² de espacio totalmente amueblado y listo para operar, ideal para: • Notarías • Agencias inmobiliarias • Oficinas de turismo y operadores de viajes • Despachos de abogados y contadores • Y mucho más Ubicada en el 4° piso con vista panorámica hacia Plaza Las Américas y Av. Chemuyil, dentro del moderno Cruz de Servicios, la zona de mayor proyección en Playa del Carmen. Amenidades exclusivas para propietarios e inquilinos: Sala de juntas para 20 personasTerraza para eventos y coworking exteriorCocina equipada par",https://static.tokkobroker.com/sm_pics/105689816_og.jpg,Mexico,Quintana Roo,Tulum,,,Rent,1,Adoquin Inmobiliaria,https://www.adoquininmobiliaria.com/p/7238969-Oficina-en-Venta-en-Playa-del-Carmen-Venta-o-Renta-Humana-Workcenter-oficina-77m2-av-Paseo-Central-Playa-del-Carmen,Playa del Carmen; Tulum; Other Riviera Maya
BUSTAMANTE GROUP REAL ESTATE,https://www.bustamantegrouprealestate.com/,Tokko Broker,https://www.bustamantegrouprealestate.com/p/8639849-Casa-en-Renta-en-Playa-Car-Casa-en-Renta-en-Playa-del-Carmen-en-Club-Real-Playacar-Fase-II-Amueblado,Casa en Renta en Playa Car - Casa en Renta en Playa del Carmen en Club Real Playacar Fase II Amueblado,Land/Lot,110000,MXN,4,4,505,m2,"Ubicada en Club Real Playacar Fase II, Playa del Carmen, esta casa en renta se encuentra dentro de una comunidad residencial privada que ofrece un entorno familiar, seguridad y diferentes espacios recreativos. La propiedad presenta un estilo moderno, dobles alturas, amplios espacios y una distribución funcional.--La residencia cuenta con 356.84 m² de terreno y 505 m² de construcción. Dispone de 4 recámaras y 4.5 baños, y se entrega totalmente amueblada. Además, cuenta con 16 paneles solares. Precio de renta: $110,000 MXN mensuales.--Club Real Playacar Fase II ofrece caseta de vigilancia, canch",https://static.tokkobroker.com/sm_pics/8639849_46579777292234751282623042822092405903838261731525130613780399419659672857186_og.jpg,Mexico,Quintana Roo,Playa del Carmen,,,Rent,1,BUSTAMANTE GROUP REAL ESTATE,https://www.bustamantegrouprealestate.com/p/8639849-Casa-en-Renta-en-Playa-Car-Casa-en-Renta-en-Playa-del-Carmen-en-Club-Real-Playacar-Fase-II-Amueblado,Playa del Carmen; Other Riviera Maya
BUSTAMANTE GROUP REAL ESTATE,https://www.bustamantegrouprealestate.com/,Tokko Broker,https://www.bustamantegrouprealestate.com/p/8607709-Departamento-en-Renta-en-Canc%C3%BAn-Centro-Casa-en-Renta-en-Club-Real-PlayaCar-en-Cancun,Departamento en Renta en Cancún Centro - Casa en Renta en Club Real PlayaCar en Cancun,Land/Lot,110000,MXN,4,4,356,m2,"Ubicada en Club Real Playacar Fase II, Playa del Carmen, esta residencia en renta se encuentra dentro de una de las comunidades residenciales más exclusivas y consolidadas de la Riviera Maya. Su entorno combina privacidad, seguridad y amplias áreas recreativas, además de brindar acceso a Club de Playa.--La residencia cuenta con 505 m² de construcción sobre un terreno de 356.84 m², con un diseño moderno que destaca por sus dobles alturas, espacios amplios y excelente distribución. Dispone de 4 recámaras, 4 baños completos y medio baño y se entrega totalmente amueblada. Además, cuenta con 16 pan",https://static.tokkobroker.com/sm_pics/8607709_12005566980322349931335369327692764542729413054075174715536486737355653712023_og.jpg,Mexico,Quintana Roo,Playa del Carmen,,,Rent,1,BUSTAMANTE GROUP REAL ESTATE,https://www.bustamantegrouprealestate.com/p/8607709-Departamento-en-Renta-en-Canc%C3%BAn-Centro-Casa-en-Renta-en-Club-Real-PlayaCar-en-Cancun,Cancun; Playa del Carmen; Other Riviera Maya
BUSTAMANTE GROUP REAL ESTATE,https://www.bustamantegrouprealestate.com/,Tokko Broker,https://www.bustamantegrouprealestate.com/p/8597164-Local-en-Renta-en-Playa-del-Carmen-Local-Comercial-en-Renta-en-Playa-del-Carmen-en-Plaza-Kantenah,Local en Renta en Playa del Carmen - Local Comercial en Renta en Playa del Carmen en Plaza Kantenah,Commercial,49000,MXN,,,109,m2,"Ubicado en Plaza Kantenah, Playa del Carmen, Quintana Roo, este local se encuentra dentro de una plaza comercial de categoría premium, en una zona de importante desarrollo y proyección. Su ubicación ofrece excelente visibilidad y afluencia, siendo una opción ideal para oficina, consultorio, boutique, estudio o comercio ligero. La plaza alberga marcas e instituciones que generan flujo constante de visitantes y se encuentra estratégicamente próxima a servicios y sucursales bancarias como BBVA.• • El local cuenta con 109 m² y se ofrece en renta por $49,000 MXN mensuales, con mantenimiento incluid",https://static.tokkobroker.com/sm_pics/8597164_8951579674900873449809128205165513377047743816203566162789056046214267911040_og.jpg,Mexico,Quintana Roo,Playa del Carmen,,,Rent,1,BUSTAMANTE GROUP REAL ESTATE,https://www.bustamantegrouprealestate.com/p/8597164-Local-en-Renta-en-Playa-del-Carmen-Local-Comercial-en-Renta-en-Playa-del-Carmen-en-Plaza-Kantenah,Playa del Carmen; Other Riviera Maya
BUSTAMANTE GROUP REAL ESTATE,https://www.bustamantegrouprealestate.com/,Tokko Broker,https://www.bustamantegrouprealestate.com/p/8597162-Oficina-en-Renta-en-Playa-del-Carmen-Local-Comercial-en-Renta-en-Playa-del-Carmen-en-Plaza-Kantenah,Oficina en Renta en Playa del Carmen - Local Comercial en Renta en Playa del Carmen en Plaza Kantenah,Commercial,72000,MXN,,,160,m2,"Ubicado en Plaza Kantenah, Playa del Carmen, Quintana Roo, este local se encuentra dentro de una plaza comercial de categoría premium, en una zona de importante desarrollo y proyección. Su ubicación ofrece excelente visibilidad y afluencia, siendo una opción ideal para oficina, consultorio, boutique, estudio o comercio ligero. La plaza alberga marcas e instituciones que generan flujo constante de visitantes y se encuentra estratégicamente próxima a servicios y sucursales bancarias como BBVA.• • El local cuenta con 160 m² y se ofrece en renta por $72,000 MXN mensuales, con mantenimiento incluid",https://static.tokkobroker.com/sm_pics/8597162_21914480904996463931897816386007539509702553666864158140773771461701040271562_og.jpg,Mexico,Quintana Roo,Playa del Carmen,,,Rent,1,BUSTAMANTE GROUP REAL ESTATE,https://www.bustamantegrouprealestate.com/p/8597162-Oficina-en-Renta-en-Playa-del-Carmen-Local-Comercial-en-Renta-en-Playa-del-Carmen-en-Plaza-Kantenah,Playa del Carmen; Other Riviera Maya
BUSTAMANTE GROUP REAL ESTATE,https://www.bustamantegrouprealestate.com/,Tokko Broker,https://www.bustamantegrouprealestate.com/p/8597160-Local-en-Renta-en-Playa-del-Carmen-Local-Comercial-en-Renta-en-Playa-del-Carmen-en-Plaza-Kantenah,Local en Renta en Playa del Carmen - Local Comercial en Renta en Playa del Carmen en Plaza Kantenah,Commercial,63000,MXN,,,140,m2,"Ubicado en Plaza Kantenah, Playa del Carmen, Quintana Roo, este local se encuentra dentro de una plaza comercial de categoría premium, en una zona de importante desarrollo y proyección. Su ubicación ofrece excelente visibilidad y afluencia, siendo una opción ideal para oficina, consultorio, boutique, estudio o comercio ligero. La plaza alberga marcas e instituciones que generan flujo constante de visitantes y se encuentra estratégicamente próxima a servicios y sucursales bancarias como BBVA.• • El local cuenta con 140 m² y se ofrece en renta por $63,000 MXN mensuales, con mantenimiento incluid",https://static.tokkobroker.com/sm_pics/8597160_55563558189680680163746822261688928215873356544914283756233776035482871224644_og.jpg,Mexico,Quintana Roo,Playa del Carmen,,,Rent,1,BUSTAMANTE GROUP REAL ESTATE,https://www.bustamantegrouprealestate.com/p/8597160-Local-en-Renta-en-Playa-del-Carmen-Local-Comercial-en-Renta-en-Playa-del-Carmen-en-Plaza-Kantenah,Playa del Carmen; Other Riviera Maya
BUSTAMANTE GROUP REAL ESTATE,https://www.bustamantegrouprealestate.com/,Tokko Broker,https://www.bustamantegrouprealestate.com/p/8597150-Local-en-Renta-en-Playa-del-Carmen-Local-Comercial-en-Renta-en-Playa-del-Carmen-en-Plaza-Kantenah,Local en Renta en Playa del Carmen - Local Comercial en Renta en Playa del Carmen en Plaza Kantenah,Commercial,22500,MXN,,,50,m2,"Ubicado en Plaza Kantenah, Playa del Carmen, Quintana Roo, este local se encuentra dentro de una plaza comercial de categoría premium, en una zona de importante desarrollo y proyección. Su ubicación ofrece excelente visibilidad y afluencia, siendo una opción ideal para oficina, consultorio, boutique, estudio o comercio ligero. La plaza alberga marcas e instituciones que generan flujo constante de visitantes y se encuentra estratégicamente próxima a servicios y sucursales bancarias como BBVA.• • El local cuenta con 50 m² y se ofrece en renta por $22,500 MXN mensuales, con mantenimiento incluido",https://static.tokkobroker.com/sm_pics/8597150_88171086314836034836700067595049720931332027470998166315620064997082863690441_og.jpg,Mexico,Quintana Roo,Playa del Carmen,,,Rent,1,BUSTAMANTE GROUP REAL ESTATE,https://www.bustamantegrouprealestate.com/p/8597150-Local-en-Renta-en-Playa-del-Carmen-Local-Comercial-en-Renta-en-Playa-del-Carmen-en-Plaza-Kantenah,Playa del Carmen; Other Riviera Maya
BuyPlaya Real Estate Advisors,https://buyplaya.com/,,https://buyplaya.com/property/acalai-beach-1-bedroom-2-2-2-2-2/,Acalai Beach 3 Bedrooms - Playa Del Carmen Real Estate - Tulum Real Estate,Land/Lot,1000,USD,3,0,237.30,m2,New beachfront condos for sale on Tankah Bay,https://buyplaya.com/wp-content/uploads/2024/01/006_acalai_entrance_night.jpg; https://buyplaya.com/wp-content/uploads/2024/01/006_acalai_entrance_night.jpg,Mexico,Quintana Roo,Tulum,,,Rent,8,BuyPlaya Real Estate Advisors; Marieke,https://buyplaya.com/property/acalai-beach-1-bedroom-2-2-2-2-2/; https://buyplaya.com/property/macondo-residences-playacar-1-bed-2-2/; https://buyplaya.com/property/soleii-3-bed-garden-house-with-private-pool-2-2-2/; https://buyplaya.com/property/soleii-3-bed-garden-house-with-private-pool/,Playa del Carmen; Tulum; Other Riviera Maya
BuyPlaya Real Estate Advisors,https://buyplaya.com/,,https://buyplaya.com/property/boutique-condo-hotel-akumal-2/,Boutique Hotel Akumal - Playa Del Carmen Real Estate - Tulum Real Estate,Land/Lot,1000,USD,0,0,3560,m2,Turn-Key Rental Investment Opportunity in Akumal,https://buyplaya.com/wp-content/uploads/2024/11/arkah11.jpg; https://buyplaya.com/wp-content/uploads/2024/11/arkah11.jpg,Mexico,Quintana Roo,Tulum,,,Rent,2,BuyPlaya Real Estate Advisors; Marieke,https://buyplaya.com/property/boutique-condo-hotel-akumal-2/,Playa del Carmen; Tulum; Other Riviera Maya
BuyPlaya Real Estate Advisors,https://buyplaya.com/,,https://buyplaya.com/property/limas-tulum-5-bed-villa-with-pool/,Limas Tulum 5 bed villa with pool - Playa Del Carmen Real Estate - Tulum Real Estate,Land/Lot,1000,USD,5,0,23109,m2,New condos for sale in the heart of Tulum,https://buyplaya.com/wp-content/uploads/2024/01/41__fachada_2_y_3_hab.jpg; https://buyplaya.com/wp-content/uploads/2024/01/41__fachada_2_y_3_hab.jpg,Mexico,Quintana Roo,Tulum,,,Rent,2,BuyPlaya Real Estate Advisors; Marieke,https://buyplaya.com/property/limas-tulum-5-bed-villa-with-pool/,Playa del Carmen; Tulum; Other Riviera Maya
BuyPlaya Real Estate Advisors,https://buyplaya.com/,,https://buyplaya.com/property/limas-tulum-4-bed-villa-with-pool/,Limas Tulum 4 bed villa with pool - Playa Del Carmen Real Estate - Tulum Real Estate,Land/Lot,1000,USD,4,0,23109,m2,New condos for sale in the heart of Tulum,https://buyplaya.com/wp-content/uploads/2024/01/41__fachada_2_y_3_hab.jpg; https://buyplaya.com/wp-content/uploads/2024/01/41__fachada_2_y_3_hab.jpg,Mexico,Quintana Roo,Tulum,,,Rent,2,BuyPlaya Real Estate Advisors; Marieke,https://buyplaya.com/property/limas-tulum-4-bed-villa-with-pool/,Playa del Carmen; Tulum; Other Riviera Maya
BuyPlaya Real Estate Advisors,https://buyplaya.com/,,https://buyplaya.com/property/punta-paraiso-residential-lots-2/,Punta Paraiso Residential Lots-Ocean Front - Playa Del Carmen Real Estate - Tulum Real Estate,Land/Lot,1000,USD,0,0,1280.18,m2,Prices in USD will vary depending on the exchange rate of the day.,https://buyplaya.com/wp-content/uploads/2024/06/02-club-fachada-puntaparaiso-render02.jpg; https://buyplaya.com/wp-content/uploads/2024/06/02-club-fachada-puntaparaiso-render02.jpg,Mexico,Quintana Roo,Tulum,,,Rent,2,BuyPlaya Real Estate Advisors; Marieke,https://buyplaya.com/property/punta-paraiso-residential-lots-2/,Playa del Carmen; Tulum; Other Riviera Maya
BuyPlaya Real Estate Advisors,https://buyplaya.com/,,https://buyplaya.com/property/kaan-ha-luxury-garden-condo/,Kaan Ha Luxury Garden Condo - Playa Del Carmen Real Estate - Tulum Real Estate,Land/Lot,1000,USD,0,0,121,m2,Flexible Lock-Off Garden Condo with Pool Access & Rental Potential,https://buyplaya.com/wp-content/uploads/2023/12/buyplaya-logo100x188.png; https://buyplaya.com/wp-content/themes/houzez/img/placeholder.png; https://buyplaya.com/wp-content/uploads/2026/03/DSC_0001-1.jpg; https://buyplaya.com/wp-content/uploads/2026/03/DSC_0031.jpg; https://buyplaya.com/wp-content/uploads/2026/03/DSC_0034.jpg; https://buyplaya.com/wp-content/uploads/2026/03/DSC_0003.jpg; https://buyplaya.com/wp-content/uploads/2026/03/DSC_0006-1.jpg; https://buyplaya.com/wp-content/uploads/2026/03/DSC_0009-2.jpg,Mexico,Quintana Roo,Tulum,,,Rent,2,BuyPlaya Real Estate Advisors; Marieke,https://buyplaya.com/property/kaan-ha-luxury-garden-condo/,Playa del Carmen; Tulum; Other Riviera Maya
BuyPlaya Real Estate Advisors,https://buyplaya.com/,,https://buyplaya.com/property/akumal-chic-2-bed-garden-level/,Akumal Chic 2 bed Garden Level - Playa Del Carmen Real Estate - Tulum Real Estate,Land/Lot,1000,USD,2,0,1000,m2,Bright Garden Level Condo with Resort-Style Amenities,https://buyplaya.com/wp-content/uploads/2026/02/DSC_0001-5.jpg; https://buyplaya.com/wp-content/uploads/2026/02/DSC_0001-5.jpg,Mexico,Quintana Roo,Tulum,,,Rent,2,BuyPlaya Real Estate Advisors; Marieke,https://buyplaya.com/property/akumal-chic-2-bed-garden-level/,Playa del Carmen; Tulum; Other Riviera Maya
BuyPlaya Real Estate Advisors,https://buyplaya.com/,,https://buyplaya.com/property/soleii-3-bed-garden-house-with-private-pool-2-2/,Soleii 4 bedrooms - Playa Del Carmen Real Estate - Tulum Real Estate,Land/Lot,1000,USD,4,0,245,m2,New Playacar Condos with Rooftop Amenities,https://buyplaya.com/wp-content/uploads/2024/12/001_Photo-3.jpg; https://buyplaya.com/wp-content/uploads/2024/12/001_Photo-3.jpg,Mexico,Quintana Roo,Tulum,,,Rent,4,BuyPlaya Real Estate Advisors; Marieke,https://buyplaya.com/property/soleii-3-bed-garden-house-with-private-pool-2-2/; https://buyplaya.com/property/soleii-3-bed-garden-house-with-private-pool-2/,Playa del Carmen; Tulum; Other Riviera Maya
Cantu Real Estate,https://canturealestate.com.mx/,,https://canturealestate.com.mx/property/departamento-en-venta-cancun-q-roo-3/,"Departamento en Venta, Cancún, Q. Roo - Cantú Real Estate",Land/Lot,5700000.00,USD,2,2,159,m2,"Disfrute de la cúspide del lujo y la comodidad en este impresionante Departamento en Cancún. Ubicado en el décimo piso de un exclusivo desarrollo, esta propiedad de 159 m² ha sido meticulosamente diseñada para ofrecer un estilo de vida de altura. Con sus acabados de lujo, vistas inigualables y amenidades de primera, este departamento es",https://canturealestate.com.mx/wp-content/uploads/2025/09/7297723_71117330457957957660966382847529815729943668213206150467446464601105232808959.jpg,Mexico,Quintana Roo,Playa del Carmen,,,Rent,1,Cantu Real Estate,https://canturealestate.com.mx/property/departamento-en-venta-cancun-q-roo-3/,Cancun; Playa del Carmen; Other Riviera Maya
Cantu Real Estate,https://canturealestate.com.mx/,,https://canturealestate.com.mx/property/edificio-comercial-en-guadalajara-2/,Edificio Comercial en Guadalajara - Cantú Real Estate,Land/Lot,495000000.00,USD,0,0,1912,m2,"Edificio de Estacionamiento en Venta – Guadalajara, Jalisco Información GeneralUbicación: GuadalajaraPrecio de Venta: $495,000,000 MXNSuperficie de terreno: 1,912 m²Superficie construida: 12,185 m²Desarrollo vertical de 8 niveles más azotea funcionalTotal de niveles: 9Capacidad total: 306 cajones de estacionamientoPromedio de 34 cajones por nivelDescripción del Activo Activo inmobiliario institucional diseñado para operación de estacionamiento público y corporativo",https://canturealestate.com.mx/wp-content/uploads/2026/05/8039555_6306749599571064731632103796635136342491072723340695458926494839990106585323.jpg,Mexico,Quintana Roo,Playa del Carmen,,,Rent,1,Cantu Real Estate,https://canturealestate.com.mx/property/edificio-comercial-en-guadalajara-2/,Playa del Carmen; Other Riviera Maya
Cantu Real Estate,https://canturealestate.com.mx/,,https://canturealestate.com.mx/property/departamento-en-residencial-cumbres/,Departamento en Residencial Cumbres - Cantú Real Estate,Land/Lot,12800000.00,USD,4,4,303,m2,"IEntiendo perfectamente, buscamos un diseño más limpio y sofisticado sin esa estructura de lista numerada. Aquí tienes la versión de la Residencia en Vía Cumbres con un formato más orgánico y elegante: Residencia Minimalista de Autor | Vía Cumbres | 303 m² de Construcción | Bono Exclusivo de Navegación Ubicada en el desarrollo con mayor",https://canturealestate.com.mx/wp-content/uploads/2026/03/7841801_42103470576594308579224700552562427973737325688635133603903640268753413746144.jpg,Mexico,Quintana Roo,Playa del Carmen,,,Rent,1,Cantu Real Estate,https://canturealestate.com.mx/property/departamento-en-residencial-cumbres/,Playa del Carmen; Other Riviera Maya
Cantu Real Estate,https://canturealestate.com.mx/,,https://canturealestate.com.mx/property/departamento-en-benito-juarez/,Departamento en Benito Juárez - Cantú Real Estate,Condo/Apartment,23000000.00,USD,3,2,220,m2,"Un estilo de vida exclusivo en el corazón de la Ciudad de México. En el piso 30 de Reforma, se encuentra un departamento diseñado para quienes buscan lo extraordinario. Con 220 m² de interiores finamente distribuidos y una terraza panorámica de 85 m², esta residencia ofrece una experiencia inigualable de amplitud, luminosidad y vistas incomparables",https://canturealestate.com.mx/wp-content/uploads/2025/08/7275354_60907915932450198515796325968214757756240477907440396318460525115117152050449.jpg,Mexico,Quintana Roo,Playa del Carmen,,,Rent,1,Cantu Real Estate,https://canturealestate.com.mx/property/departamento-en-benito-juarez/,Playa del Carmen; Other Riviera Maya
Cantu Real Estate,https://canturealestate.com.mx/,,https://canturealestate.com.mx/property/departamento-garden-en-puerto-morelos/,DEPARTAMENTO GARDEN EN PUERTO MORELOS - Cantú Real Estate,Land/Lot,430000.00,USD,1,2,,,"HERMOSO DEPARTAMENTO GARDEN Vive frente al mar Caribe en este precioso departamento tipo garden en venta en Puerto Morelos, una de las joyas costeras más tranquilas y exclusivas de la Riviera Maya. Con acceso directo a la playa y un diseño que combina confort, privacidad y elegancia, esta propiedad es ideal como inversión vacacional o",https://canturealestate.com.mx/wp-content/uploads/2023/12/Logo-horizontal.png; https://canturealestate.com.mx/wp-content/uploads/2026/08/8572087_55487693840568190756399520804751439023637198567648287655900693184754231978205-592x444.jpg; https://canturealestate.com.mx/wp-content/uploads/2020/07/placeholder-592x444.png; https://canturealestate.com.mx/wp-content/uploads/2026/07/8415650_5088795463719265494114678138744909408195660716934478098702588259362962270230-592x444.jpg; https://canturealestate.com.mx/wp-content/themes/houzez/img/profile-avatar.png; https://canturealestate.com.mx/wp-content/uploads/2024/09/Logo-Blanco-completo-cantu-SF.png; https://canturealestate.com.mx/wp-content/uploads/2025/12/7572899_101827763387257339327247599784820175617964097797022776157281255699508294997461.jpg; https://canturealestate.com.mx/wp-content/uploads/2025/12/7572899_58849415293389665642004947867039229310233657442327823569960623454314340098016.jpg,Mexico,Quintana Roo,Playa del Carmen,,,Rent,1,Cantu Real Estate,https://canturealestate.com.mx/property/departamento-garden-en-puerto-morelos/,Playa del Carmen; Puerto Morelos; Other Riviera Maya
Cantu Real Estate,https://canturealestate.com.mx/,,https://canturealestate.com.mx/property/departamento-en-venta-puerto-aventuras-quintana-roo/,"Departamento en Venta, Puerto Aventuras, Quintana Roo - Cantú Real Estate",Land/Lot,3825000.00,USD,1,1,74.23,m2,"Departamento en Venta con Vista al Golf en Puerto Aventuras Se ofrece una excelente oportunidad de inversión en Puerto Aventuras, Solidaridad, Quintana Roo, uno de los desarrollos residenciales privados más seguros y exclusivos de la Riviera Maya. Esta localidad combina a la perfección el lujo con un entorno paradisíaco, acceso a hermosas playas de arena",https://canturealestate.com.mx/wp-content/uploads/2025/09/7376511_84633580497420732076556423963499341487150029080241922451773746053765719759588.jpg,Mexico,Quintana Roo,Playa del Carmen,,,Rent,1,Cantu Real Estate,https://canturealestate.com.mx/property/departamento-en-venta-puerto-aventuras-quintana-roo/,Playa del Carmen; Other Riviera Maya
Cantu Real Estate,https://canturealestate.com.mx/,,https://canturealestate.com.mx/property/departamento-en-cancun-centro-2/,Departamento en Cancún Centro - Cantú Real Estate,Condo/Apartment,4400000.00,USD,2,2,,,"Oportunidad de Inversión | Torre Panamá 402 | Totalmente Amueblado | Historial de Rentas de 10 Años Ubicado en el corazón del desarrollo de uso mixto más exitoso de Cancún, este departamento en el cuarto piso de Torre Panamá representa una inversión con riesgo nulo. A diferencia de otras propiedades, esta unidad cuenta con un",https://canturealestate.com.mx/wp-content/uploads/2026/03/7841847_70919443701172460231356401221144195519548695495147362493976044140280344750129.jpg,Mexico,Quintana Roo,Playa del Carmen,,,Rent,1,Cantu Real Estate,https://canturealestate.com.mx/property/departamento-en-cancun-centro-2/,Cancun; Playa del Carmen; Other Riviera Maya
Cantu Real Estate,https://canturealestate.com.mx/,,https://canturealestate.com.mx/property/departamento-en-cancun-centro-4/,Departamento en Cancún Centro - Cantú Real Estate,Penthouse,7500000.00,USD,3,3,,,"Penthouse de Lujo Malecón Américas | Vista al Mar y Laguna | Corazón de Cancún RESIDENCIA VERTICAL DE ALTA GAMA | PENTHOUSE MALECÓN AMÉRICASUbicación Estratégica • Vistas Panorámicas • Conectividad Urbana TotalUbicado en el punto más dinámico y cosmopolita de la ciudad, este Penthouse en Malecón Américas ofrece una experiencia de vida inigualable. Al situarse",https://canturealestate.com.mx/wp-content/uploads/2026/03/7858138_86960616618579174177108599614832200324173053036802496057292272851872281879512.jpg,Mexico,Quintana Roo,Playa del Carmen,,,Rent,1,Cantu Real Estate,https://canturealestate.com.mx/property/departamento-en-cancun-centro-4/,Cancun; Playa del Carmen; Other Riviera Maya
Cantu Real Estate,https://canturealestate.com.mx/,,https://canturealestate.com.mx/property/departamento-en-venta-merida/,DEPARTAMENTO EN VENTA MERIDA - Cantú Real Estate,Land/Lot,5718000.00,USD,2,2,96,m2,"DEPARTAMENTO EN VENTA Mérida,Yucatán Exclusivo departamento en venta ubicado en una de las zonas con mayor crecimiento y plusvalía de Mérida. Diseñado para brindar confort, funcionalidad y un estilo de vida moderno. CARACTERISTICAS 2 recámaras 2 baños completos Sala Comedor Cocina integral Closets Aires acondicionados Superficie total: 96 m² Acabados de primera calidad AMENIDADES Áreas",https://canturealestate.com.mx/wp-content/uploads/2023/12/Logo-horizontal.png; https://canturealestate.com.mx/wp-content/uploads/2026/08/8572087_55487693840568190756399520804751439023637198567648287655900693184754231978205-592x444.jpg; https://canturealestate.com.mx/wp-content/uploads/2020/07/placeholder-592x444.png; https://canturealestate.com.mx/wp-content/uploads/2026/07/8415650_5088795463719265494114678138744909408195660716934478098702588259362962270230-592x444.jpg; https://canturealestate.com.mx/wp-content/themes/houzez/img/profile-avatar.png; https://canturealestate.com.mx/wp-content/uploads/2024/09/Logo-Blanco-completo-cantu-SF.png; https://canturealestate.com.mx/wp-content/uploads/2025/12/7588682_12449878885409272387787689973561825879607193236764841296981302313663112184677.jpg; https://canturealestate.com.mx/wp-content/uploads/2025/12/7588682_115274948621560342881370078474441778544004973360761467079103699197618836714627.jpg,Mexico,Quintana Roo,Playa del Carmen,,,Rent,1,Cantu Real Estate,https://canturealestate.com.mx/property/departamento-en-venta-merida/,Playa del Carmen; Other Riviera Maya
Cantu Real Estate,https://canturealestate.com.mx/,,https://canturealestate.com.mx/property/penthouse-en-cancun-huayacan/,PENTHOUSE EN CANCUN / HUAYACAN - Cantú Real Estate,Land/Lot,9000000.00,USD,3,2,260.93,m2,"PENTHOUSE EN CANCUN Exclusivo Penthouse en venta sobre la Av. Huayacán, una de las zonas de mas alta plusvalia al sur de Cancun. Excelente OPORTUNIDAD de vivir o invertir en la mejor ubicación de Cancún, cerca de todo... Aeropuertp, zona hotelera, puente nichupte y centros comerciales.Cuenta con 3 recamaras, 3 baños completos, cocina equipada y",https://canturealestate.com.mx/wp-content/uploads/2023/12/Logo-horizontal.png; https://canturealestate.com.mx/wp-content/uploads/2026/08/8572087_55487693840568190756399520804751439023637198567648287655900693184754231978205-592x444.jpg; https://canturealestate.com.mx/wp-content/uploads/2020/07/placeholder-592x444.png; https://canturealestate.com.mx/wp-content/uploads/2026/07/8415650_5088795463719265494114678138744909408195660716934478098702588259362962270230-592x444.jpg; https://canturealestate.com.mx/wp-content/themes/houzez/img/profile-avatar.png; https://canturealestate.com.mx/wp-content/uploads/2024/09/Logo-Blanco-completo-cantu-SF.png; https://canturealestate.com.mx/wp-content/uploads/2025/12/7570739_88522490162914181327172396276315986479550611473299860003532165405236326210914.jpg; https://canturealestate.com.mx/wp-content/uploads/2025/12/7570739_19719389654663291758379267939192892830720730195238698935299743146644467864141.jpg,Mexico,Quintana Roo,Playa del Carmen,,,Rent,1,Cantu Real Estate,https://canturealestate.com.mx/property/penthouse-en-cancun-huayacan/,Cancun; Playa del Carmen; Other Riviera Maya
Cantu Real Estate,https://canturealestate.com.mx/,,https://canturealestate.com.mx/property/departamento-en-cancun-centro-3/,Departamento en Cancún Centro - Cantú Real Estate,Condo/Apartment,4500000.00,USD,2,2,,,"Oportunidad Torre Panamá | Malecón Américas | Piso 6 | 2 Recámaras | $4.5 MDP Ubicado en el corazón del centro de Cancún, este departamento en el Piso 6 de Torre Panamá representa la inversión más inteligente tanto para residencia propia como para el mercado de rentas. Malecón Américas es el desarrollo de uso mixto",https://canturealestate.com.mx/wp-content/uploads/2026/03/7841860_20263223676059616489378508621661144362854783337131889343725463312204175995307.jpg,Mexico,Quintana Roo,Playa del Carmen,,,Rent,1,Cantu Real Estate,https://canturealestate.com.mx/property/departamento-en-cancun-centro-3/,Cancun; Playa del Carmen; Other Riviera Maya
Cantu Real Estate,https://canturealestate.com.mx/,,https://canturealestate.com.mx/property/departamento-en-venta-en-huayacan-cancun/,"Departamento en Venta en Huayacán, Cancún - Cantú Real Estate",Land/Lot,5670000.00,USD,2,2,224,m2,"¡Tu nuevo hogar de lujo te espera en Cancún! Imagina vivir en la zona de mayor crecimiento y plusvalía de Cancún, a solo un paso de la Av. Huayacán y cerca de los mejores colegios. Este exclusivo departamento, totalmente nuevo, es el lugar perfecto para quienes buscan un estilo de vida de lujo, comodidad y",https://canturealestate.com.mx/wp-content/uploads/2025/09/7320169_31328037703549315871673038666158686848546637385960021711703079325118246992157.jpg,Mexico,Quintana Roo,Playa del Carmen,,,Rent,1,Cantu Real Estate,https://canturealestate.com.mx/property/departamento-en-venta-en-huayacan-cancun/,Cancun; Playa del Carmen; Other Riviera Maya
Cantu Real Estate,https://canturealestate.com.mx/,,https://canturealestate.com.mx/property/edificio-comercial-en-guadalajara/,Edificio Comercial en Guadalajara - Cantú Real Estate,Land/Lot,168600000.00,USD,0,0,1120,m2,"Gasolinera Tapatía en Venta en Avenida Vallarta, Guadalajara Propiedad icónica con más de 80 años de operación en una ubicación privilegiada sobre Avenida Vallarta, junto a Los Arcos y cerca de la Glorieta Minerva, dos monumentos emblemáticos de Guadalajara. Datos Generales 1 Ubicación: Av. Vallarta, Guadalajara, Jalisco,2 Tipo de propiedad: Terreno propio3 Superficie del terreno:",https://canturealestate.com.mx/wp-content/uploads/2026/03/7906828_39197300840703945473021223495676366587794543208585416372353640649911367331500.jpg,Mexico,Quintana Roo,Playa del Carmen,,,Rent,1,Cantu Real Estate,https://canturealestate.com.mx/property/edificio-comercial-en-guadalajara/,Playa del Carmen; Puerto Vallarta; Other Riviera Maya
Cantu Real Estate,https://canturealestate.com.mx/,,https://canturealestate.com.mx/property/edificio-comercial-en-ahualulco-de-mercado-centro/,Edificio Comercial en Ahualulco de Mercado Centro - Cantú Real Estate,Land/Lot,142600000.00,USD,0,0,3000,m2,"Gasolinera en Venta en Ahualulco de Mercado, Jalisco Estación de servicio en la entrada principal al pueblo Ahualulco de Mercado, con acceso a la carretera principal y a la Avenida Dr. Oliva dentro del pueblo. La mitad de la propiedad está desocupada y es ideal para desarrollar una plaza comercial con una tienda de conveniencia.",https://canturealestate.com.mx/wp-content/uploads/2026/03/7906927_34668540706671553471024445260652891591911664656861098643803333472199334412467.jpg,Mexico,Quintana Roo,Playa del Carmen,,,Rent,1,Cantu Real Estate,https://canturealestate.com.mx/property/edificio-comercial-en-ahualulco-de-mercado-centro/,Playa del Carmen; Other Riviera Maya
Cantu Real Estate,https://canturealestate.com.mx/,,https://canturealestate.com.mx/property/venta-de-hostal-en-playa-del-carmen/,VENTA DE HOSTAL EN PLAYA DEL CARMEN - Cantú Real Estate,Land/Lot,639000.00,USD,0,11,120,m2,"HOSTAL EN VENTA – PLAYA DEL CARMEN, QUINTANA ROO Precio: USD $639,000 Excelente oportunidad de inversión en una de las zonas con mayor crecimiento y demanda turística de Playa del Carmen. Hostal completamente equipado y en operación, ideal para continuar generando ingresos desde el primer día. Características Generales120 m² de terreno613 m² de construcciónEdificio de",https://canturealestate.com.mx/wp-content/uploads/2023/12/Logo-horizontal.png; https://canturealestate.com.mx/wp-content/uploads/2026/08/8608832_6260985391088295027409507212952435875891109309524256365774768946912191069985-592x444.jpg; https://canturealestate.com.mx/wp-content/uploads/2026/07/8427028_73212387464024221895430865313524912385934904798440195469558115547514694926174-592x444.jpg; https://canturealestate.com.mx/wp-content/uploads/2020/07/placeholder-592x444.png; https://canturealestate.com.mx/wp-content/uploads/2026/05/8039555_6306749599571064731632103796635136342491072723340695458926494839990106585323-592x444.jpg; https://canturealestate.com.mx/wp-content/themes/houzez/img/profile-avatar.png; https://canturealestate.com.mx/wp-content/uploads/2024/09/Logo-Blanco-completo-cantu-SF.png; https://canturealestate.com.mx/wp-content/uploads/2026/07/8416253_53081612715962083354066010238306999395888187699307534545816400770796436804713.jpg,Mexico,Quintana Roo,Playa del Carmen,,,Rent,1,Cantu Real Estate,https://canturealestate.com.mx/property/venta-de-hostal-en-playa-del-carmen/,Playa del Carmen; Other Riviera Maya
Cantu Real Estate,https://canturealestate.com.mx/,,https://canturealestate.com.mx/property/departamento-en-venta-en-lomas-de-juriquilla-queretaro/,"Departamento en venta en Lomas de Juriquilla, Querétaro - Cantú Real Estate",Land/Lot,2937000.00,USD,20,1,20921.74,m2,"Departamentos en Venta en Lomas de Juriquilla, Querétaro Únicas torres de departamentos dentro de Lomas de Juriquilla, con las vistas más hermosas, amenidades premium, seguridad, y todos los detalles para el estilo de vida que mereces. Ubicado al norte de Querétaro, Juriquilla es la zona de residenciales de lujo donde encontrarás todos los servicios premium",https://canturealestate.com.mx/wp-content/uploads/2026/01/7700875_67639216501548166290586924920623400331327523639632613663856064042050651319400.jpg,Mexico,Quintana Roo,Playa del Carmen,,,Rent,1,Cantu Real Estate,https://canturealestate.com.mx/property/departamento-en-venta-en-lomas-de-juriquilla-queretaro/,Playa del Carmen; Other Riviera Maya
Cantu Real Estate,https://canturealestate.com.mx/,,https://canturealestate.com.mx/property/departamento-en-merida-yucatan/,"DEPARTAMENTO EN MERIDA, YUCATAN - Cantú Real Estate",Land/Lot,3500000.00,USD,1,1,55,m2,"Departamento Residencial de Lujo UBICACIÓN: Mérida, Yucatán (Zona Norte / Alta Plusvalía) PRECIO DE LISTA: $3,500,000.00 MXN DESCRIPCIÓN DEL INMUEBLESituado en uno de los corredores de mayor dinamismo inmobiliario del sureste mexicano, este departamento en el desarrollo Armoran representa una oportunidad excepcional de inversión patrimonial. Con una superficie de 55 m², la propiedad ha sido",https://canturealestate.com.mx/wp-content/uploads/2023/12/Logo-horizontal.png; https://canturealestate.com.mx/wp-content/uploads/2026/08/8572087_55487693840568190756399520804751439023637198567648287655900693184754231978205-592x444.jpg; https://canturealestate.com.mx/wp-content/uploads/2020/07/placeholder-592x444.png; https://canturealestate.com.mx/wp-content/uploads/2026/07/8415650_5088795463719265494114678138744909408195660716934478098702588259362962270230-592x444.jpg; https://canturealestate.com.mx/wp-content/themes/houzez/img/profile-avatar.png; https://canturealestate.com.mx/wp-content/uploads/2024/09/Logo-Blanco-completo-cantu-SF.png; https://canturealestate.com.mx/wp-content/uploads/2025/12/7588692_81206116408743622433372595414700067312665820412253471789383425850279405512740.jpg; https://canturealestate.com.mx/wp-content/uploads/2025/12/7588692_45527809663716232998230275935556769247549571716071458533416084031681959723402.jpg,Mexico,Quintana Roo,Playa del Carmen,,,Rent,1,Cantu Real Estate,https://canturealestate.com.mx/property/departamento-en-merida-yucatan/,Playa del Carmen; Other Riviera Maya
Cantu Real Estate,https://canturealestate.com.mx/,,https://canturealestate.com.mx/property/departamento-en-venta-zona-cancun/,"DEPARTAMENTO EN VENTA , ZONA CANCUN - Cantú Real Estate",Land/Lot,1200000.00,USD,3,2,215,m2,"DEPARTAMENTO EN VENTA – ZONA HOTELERA, CANCÚN Excelente oportunidad de inversión en una de las zonas con mayor plusvalía de Cancún. Precio de venta: USD $1,200,000 Características: 215 m² Ubicado en el 3er nivel Construido y entregado en 2004 Aire acondicionado central en funcionamiento 24/7 para prevenir humedad y moho. Chillers independientes ubicados en la",https://canturealestate.com.mx/wp-content/uploads/2023/12/Logo-horizontal.png; https://canturealestate.com.mx/wp-content/uploads/2026/08/8572087_55487693840568190756399520804751439023637198567648287655900693184754231978205-592x444.jpg; https://canturealestate.com.mx/wp-content/uploads/2026/07/8415650_5088795463719265494114678138744909408195660716934478098702588259362962270230-592x444.jpg; https://canturealestate.com.mx/wp-content/uploads/2020/07/placeholder-592x444.png; https://canturealestate.com.mx/wp-content/uploads/2026/06/8174707_60167170995525921075173516075746971149941082151483336912437996892013861143092-592x444.jpg; https://canturealestate.com.mx/wp-content/themes/houzez/img/profile-avatar.png; https://canturealestate.com.mx/wp-content/uploads/2024/09/Logo-Blanco-completo-cantu-SF.png; https://canturealestate.com.mx/wp-content/uploads/2026/07/8507343_54395548756746540900289745420015213657008495694128879670090951923703251748584.jpg,Mexico,Quintana Roo,Playa del Carmen,,,Rent,1,Cantu Real Estate,https://canturealestate.com.mx/property/departamento-en-venta-zona-cancun/,Cancun; Playa del Carmen; Other Riviera Maya
Cantu Real Estate,https://canturealestate.com.mx/,,https://canturealestate.com.mx/property/playa-del-carmen-departamento-en-venta/,PLAYA DEL CARMEN DEPARTAMENTO EN VENTA - Cantú Real Estate,Condo/Apartment,2404500.00,USD,1,1,40,m2,"Departamento en Venta Departamento ubicado en segundo nivel, ideal para inversión o uso residencial, en una de las zonas con mayor plusvalía de Playa del Carmen y excelente cercanía a la Quinta Avenida y las playas del Caribe Mexicano. Distribución: 1 recámara 1 baño completo Sala y comedor Cocina equipada Superficie: 40 m² Características: Segundo",https://canturealestate.com.mx/wp-content/uploads/2023/12/Logo-horizontal.png; https://canturealestate.com.mx/wp-content/uploads/2026/08/8572087_55487693840568190756399520804751439023637198567648287655900693184754231978205-592x444.jpg; https://canturealestate.com.mx/wp-content/uploads/2020/07/placeholder-592x444.png; https://canturealestate.com.mx/wp-content/uploads/2026/07/8415650_5088795463719265494114678138744909408195660716934478098702588259362962270230-592x444.jpg; https://canturealestate.com.mx/wp-content/themes/houzez/img/profile-avatar.png; https://canturealestate.com.mx/wp-content/uploads/2024/09/Logo-Blanco-completo-cantu-SF.png; https://canturealestate.com.mx/wp-content/uploads/2025/12/7620233_49954933406712943774532932849519937110159116624884465272726726768749050726062.jpg; https://canturealestate.com.mx/wp-content/uploads/2025/12/7620233_25409557285894816799821013262680118087991019796098909825786261004394566893495.jpg,Mexico,Quintana Roo,Playa del Carmen,,,Rent,1,Cantu Real Estate,https://canturealestate.com.mx/property/playa-del-carmen-departamento-en-venta/,Playa del Carmen; Other Riviera Maya
Cantu Real Estate,https://canturealestate.com.mx/,,https://canturealestate.com.mx/property/departamento-en-cancun-venta/,DEPARTAMENTO EN CANCUN/ VENTA - Cantú Real Estate,Land/Lot,9930000.00,USD,3,3,207,m2,"DEPARTAMENTO EN VENTA Ubicado en Vela Towers en zona de muy alta plusvalia y cerca de todo. El modelo Vela es un espacio donde el lujo y el estilo de vida se encuentran.Departamento de 207 m² totales, con interiores de 182 m², terraza privada de 25 m² y cuarto de servicio, diseñado para disfrutar cada",https://canturealestate.com.mx/wp-content/uploads/2023/12/Logo-horizontal.png; https://canturealestate.com.mx/wp-content/uploads/2026/08/8572087_55487693840568190756399520804751439023637198567648287655900693184754231978205-592x444.jpg; https://canturealestate.com.mx/wp-content/uploads/2020/07/placeholder-592x444.png; https://canturealestate.com.mx/wp-content/uploads/2026/07/8415650_5088795463719265494114678138744909408195660716934478098702588259362962270230-592x444.jpg; https://canturealestate.com.mx/wp-content/themes/houzez/img/profile-avatar.png; https://canturealestate.com.mx/wp-content/uploads/2024/09/Logo-Blanco-completo-cantu-SF.png; https://canturealestate.com.mx/wp-content/uploads/2025/12/7570575_16205790001729425883353985405105815797607289299874571918736439845351813304544.jpg; https://canturealestate.com.mx/wp-content/uploads/2025/12/7570575_99801801175292686891899495676961709133413713421689742946152946829251808252213.jpg,Mexico,Quintana Roo,Playa del Carmen,,,Rent,1,Cantu Real Estate,https://canturealestate.com.mx/property/departamento-en-cancun-venta/,Cancun; Playa del Carmen; Other Riviera Maya
Cantu Real Estate,https://canturealestate.com.mx/,,https://canturealestate.com.mx/property/departamento-en-venta-en-bacalar/,DEPARTAMENTO EN VENTA EN BACALAR - Cantú Real Estate,Condo/Apartment,8235000.00,USD,2,3,133,m2,"Departamento de Lujo en Venta en Bacalar Descubra este exclusivo departamento en Bacalar, considerado la nueva joya del Caribe Mexicano y uno de los destinos con mayor crecimiento y plusvalía. Ubicado en el tercer nivel del desarrollo, ofrece una inigualable vista a la laguna y un entorno que combina naturaleza, confort y diseño contemporáneo. Ideal",https://canturealestate.com.mx/wp-content/uploads/2023/12/Logo-horizontal.png; https://canturealestate.com.mx/wp-content/uploads/2026/08/8572087_55487693840568190756399520804751439023637198567648287655900693184754231978205-592x444.jpg; https://canturealestate.com.mx/wp-content/uploads/2020/07/placeholder-592x444.png; https://canturealestate.com.mx/wp-content/uploads/2026/07/8415650_5088795463719265494114678138744909408195660716934478098702588259362962270230-592x444.jpg; https://canturealestate.com.mx/wp-content/themes/houzez/img/profile-avatar.png; https://canturealestate.com.mx/wp-content/uploads/2024/09/Logo-Blanco-completo-cantu-SF.png; https://canturealestate.com.mx/wp-content/uploads/2025/12/7623243_23999112058413561460309289658060187604794286733621549947734309871553612118948.jpg; https://canturealestate.com.mx/wp-content/uploads/2025/12/7623243_99316634626697760806214470653338569339072241937734098739202198240914482681979.jpg,Mexico,Quintana Roo,Playa del Carmen,,,Rent,1,Cantu Real Estate,https://canturealestate.com.mx/property/departamento-en-venta-en-bacalar/,Playa del Carmen; Other Riviera Maya
Cantu Real Estate,https://canturealestate.com.mx/,,https://canturealestate.com.mx/property/departamento-en-venta-en-interlomas-cdmx-3/,"Departamento en Venta en Interlomas, CDMX - Cantú Real Estate",Land/Lot,6600000.00,USD,3,3,208,m2,"RESIDENCIA DE ALTURA EN INTERLOMASVista Panorámica | Piso 18 | Equipamiento IntegralEsta propiedad representa una oportunidad excepcional en Interlomas, combinando una superficie generosa de 208 m² con una distribución arquitectónica que privilegia la iluminación natural y la privacidad. Ubicada en uno de los niveles más altos de la torre, ofrece una perspectiva inigualable de la",https://canturealestate.com.mx/wp-content/uploads/2025/08/7264400_4919765578302098745341820337558614031121442214276253031671507870808577639349.jpg,Mexico,Quintana Roo,Playa del Carmen,,,Rent,1,Cantu Real Estate,https://canturealestate.com.mx/property/departamento-en-venta-en-interlomas-cdmx-3/,Playa del Carmen; Other Riviera Maya
Cantu Real Estate,https://canturealestate.com.mx/,,https://canturealestate.com.mx/property/venta-departamento-amara-puerta-del-mar-cancun-qr/,"Venta Departamento, Amara Puerta del Mar, Cancún, QR - Cantú Real Estate",Land/Lot,7990000.00,USD,2,2,,,"Departamento Frente al Mar con Acceso Directo a la Playa Se ofrece a la venta este magnífico departamento, ideal para disfrutar de la vida de playa con todas las comodidades y la seguridad. Precio: $7,990,000 MXN Características del DepartamentoEl diseño interior está pensado para el confort y la funcionalidad, con espacios amplios y bien iluminados:",https://canturealestate.com.mx/wp-content/uploads/2025/09/7372023_8132446254244310505730952564956161450127646838390976822238416435195751564438.jpg,Mexico,Quintana Roo,Playa del Carmen,,,Rent,1,Cantu Real Estate,https://canturealestate.com.mx/property/venta-departamento-amara-puerta-del-mar-cancun-qr/,Cancun; Playa del Carmen; Other Riviera Maya
Cantu Real Estate,https://canturealestate.com.mx/,,https://canturealestate.com.mx/property/venta-de-espectacular-departamento-en-piso-13-preciosas-vistas/,VENTA DE ESPECTACULAR DEPARTAMENTO EN PISO 13 PRECIOSAS VISTAS - Cantú Real Estate,Land/Lot,8450000.00,USD,2,2,160,m2,"DEPARTAMENTO EN VENTAResidencial Isola – Puerto Cancún Precio de Venta: $8,450,000 MXN Descripción General Exclusivo departamento ubicado en el piso 13 de Residencial Isola, dentro de Puerto Cancún, uno de los desarrollos náutico-residenciales más prestigiosos de México. Con una superficie de 160 m², esta propiedad ofrece espacios amplios, excelente distribución y una espectacular terraza con",https://canturealestate.com.mx/wp-content/uploads/2023/12/Logo-horizontal.png; https://canturealestate.com.mx/wp-content/uploads/2026/08/8572087_55487693840568190756399520804751439023637198567648287655900693184754231978205-592x444.jpg; https://canturealestate.com.mx/wp-content/uploads/2020/07/placeholder-592x444.png; https://canturealestate.com.mx/wp-content/uploads/2026/07/8415650_5088795463719265494114678138744909408195660716934478098702588259362962270230-592x444.jpg; https://canturealestate.com.mx/wp-content/uploads/2026/06/8174707_60167170995525921075173516075746971149941082151483336912437996892013861143092-592x444.jpg; https://canturealestate.com.mx/wp-content/themes/houzez/img/profile-avatar.png; https://canturealestate.com.mx/wp-content/uploads/2024/09/Logo-Blanco-completo-cantu-SF.png; https://canturealestate.com.mx/wp-content/uploads/2026/07/8416173_83605286238265585624165785024403301838797606386501507652971208065047979504599.jpg,Mexico,Quintana Roo,Playa del Carmen,,,Rent,1,Cantu Real Estate,https://canturealestate.com.mx/property/venta-de-espectacular-departamento-en-piso-13-preciosas-vistas/,Cancun; Playa del Carmen; Other Riviera Maya
Cantu Real Estate,https://canturealestate.com.mx/,,https://canturealestate.com.mx/property/estudio-en-venta-playa-del-carmen/,ESTUDIO EN VENTA PLAYA DEL CARMEN - Cantú Real Estate,Land/Lot,4980000.00,USD,0,1,53.36,m2,"Unidad 03 – EstudioNivel: Planta BajaSuperficie: 53.36 m² (574.36 sqft)Tipología: EstudioPrecio: $4,980,000 MXNEstatus: DisponiblePerfecta para quienes valoran un espacio más amplio, con acabados de alta calidad y excelente potencial de plusvalía.AmenidadesRecepción, Elevador, Estacionamiento, Rooftop, Gimnasio, Alberca, Spa, SaunaJacuzzi hidroterapia, Lavandería",https://canturealestate.com.mx/wp-content/uploads/2023/12/Logo-horizontal.png; https://canturealestate.com.mx/wp-content/uploads/2026/08/8572087_55487693840568190756399520804751439023637198567648287655900693184754231978205-592x444.jpg; https://canturealestate.com.mx/wp-content/uploads/2020/07/placeholder-592x444.png; https://canturealestate.com.mx/wp-content/uploads/2026/07/8415650_5088795463719265494114678138744909408195660716934478098702588259362962270230-592x444.jpg; https://canturealestate.com.mx/wp-content/themes/houzez/img/profile-avatar.png; https://canturealestate.com.mx/wp-content/uploads/2024/09/Logo-Blanco-completo-cantu-SF.png; https://canturealestate.com.mx/wp-content/uploads/2025/11/7567486_94960343118820841958599171018637340776411306305219806995128953022441347473588.jpg; https://canturealestate.com.mx/wp-content/uploads/2025/11/7567486_31359910692251367626994013265151348032285694163616886629472781627114867212613.jpg,Mexico,Quintana Roo,Playa del Carmen,,,Rent,1,Cantu Real Estate,https://canturealestate.com.mx/property/estudio-en-venta-playa-del-carmen/,Playa del Carmen; Other Riviera Maya
Cantu Real Estate,https://canturealestate.com.mx/,,https://canturealestate.com.mx/property/edificio-comercial-en-san-marcos/,Edificio Comercial en San Marcos - Cantú Real Estate,Land/Lot,57600000.00,USD,0,0,1550,m2,"Gasolinera en Venta, Carretera a San Marcos, Jalisco Estación de servicio sobre la carretera principal. Cuenta con 2 locales comerciales dentro de la propiedad, ideales para tienda de conveniencia, restaurante o parador turístico. Tipo de Propiedad Terreno propio Superficie Total 1,550 m²Uso de Suelo Comercial (permitido para mínimo 2 niveles)Antigüedad de la Estación 5 años",https://canturealestate.com.mx/wp-content/uploads/2026/03/7906939_60534197450210665898548403753298351168446543205328243904946300198600825968221.jpg,Mexico,Quintana Roo,Playa del Carmen,,,Rent,1,Cantu Real Estate,https://canturealestate.com.mx/property/edificio-comercial-en-san-marcos/,Playa del Carmen; Other Riviera Maya
Cantu Real Estate,https://canturealestate.com.mx/,,https://canturealestate.com.mx/property/departamento-en-playa-del-carmen-3/,Departamento en Playa del Carmen - Cantú Real Estate,Land/Lot,6800000.00,USD,2,2,110.81,m2,"Oportunidad Playa del Carmen | Planta Baja | A 3 Cuadras del Mar | Edificio Haab RESIDENCIA URBANA EN EL CORAZÓN DE PLAYA DEL CARMENUbicación Premium • Cercanía a la 5ta Avenida • Alta Rentabilidad VacacionalSituado en el exclusivo desarrollo Haab, sobre la calle 5 Diagonal Norte, este departamento de 110.81 m2 ofrece el equilibrio",https://canturealestate.com.mx/wp-content/uploads/2026/03/7886250_27860412222816052361384410465404013298281804216631409621630731524730990557451.jpg,Mexico,Quintana Roo,Playa del Carmen,,,Rent,1,Cantu Real Estate,https://canturealestate.com.mx/property/departamento-en-playa-del-carmen-3/,Playa del Carmen; Other Riviera Maya
Cantu Real Estate,https://canturealestate.com.mx/,,https://canturealestate.com.mx/property/preparatoria-y-secundaria/,Preparatoria y Secundaria - Cantú Real Estate,Land/Lot,38500000.00,USD,0,0,2620,m2,"INMUEBLE EN VENTA EN ALTAMIRA, TAMAULIPAS Excelente Oportunidad de Inversión Inmobiliaria Propiedad de gran escala ubicada en una zona estratégica de Altamira, Tamaulipas, ideal para inversionistas, instituciones educativas, corporativos, centros de salud y desarrolladores que buscan un inmueble con infraestructura existente y amplias posibilidades de reconversión. Por sus dimensiones, ubicación y características constructivas, representa una",https://canturealestate.com.mx/wp-content/uploads/2026/08/8608832_6260985391088295027409507212952435875891109309524256365774768946912191069985.jpg,Mexico,Quintana Roo,Playa del Carmen,,,Rent,1,Cantu Real Estate,https://canturealestate.com.mx/property/preparatoria-y-secundaria/,Playa del Carmen; Other Riviera Maya
Cantu Real Estate,https://canturealestate.com.mx/,,https://canturealestate.com.mx/property/estudio-en-venta-playa-del-carmen-41-mts-escriturado/,ESTUDIO EN VENTA PLAYA DEL CARMEN 41 MTS ESCRITURADO - Cantú Real Estate,Land/Lot,130000.00,USD,1,1,,,"GRAN OPORTUNIDAD DE ADQUIRIR ESTE ESTUDIO DE 41MTS AMUEBLADO Y EQUIPADO LLAVE EN MANO ESCRITURADO 8 MIN CAMINANDO A LA QUINTA AV PLAYA DEL CARMEN 130,000 USD NEGOCIABLES EDIFICIO DE 6 PISOS ROOF TOP CON PISCINA ZONA DE BAR RECEPCIÓN SEGURIDAD",https://canturealestate.com.mx/wp-content/uploads/2026/08/8572087_55487693840568190756399520804751439023637198567648287655900693184754231978205.jpg,Mexico,Quintana Roo,Playa del Carmen,,,Rent,1,Cantu Real Estate,https://canturealestate.com.mx/property/estudio-en-venta-playa-del-carmen-41-mts-escriturado/,Playa del Carmen; Other Riviera Maya
Cantu Real Estate,https://canturealestate.com.mx/,,https://canturealestate.com.mx/property/venta-de-casa-amueblada-en-ciudad-mayakoba-madrid-pdc/,VENTA DE CASA AMUEBLADA EN CIUDAD MAYAKOBA MADRID PDC - Cantú Real Estate,Land/Lot,14500000.00,USD,5,7,350,m2,"5 RECAMARAS 7 BAÑOS 350 M2 CONSTRUIDOS 373.16 DE TERRENO 2 NIVELES ALBERCA PRIVADA AREA DE ASADOR ESTACIONAMIENTO PARA 2 AUTOS COCINA EQUIPADA COMPLETAMENTE AMUEBLADA ESCRITURADA $ 14,500,000 MDP",https://canturealestate.com.mx/wp-content/uploads/2023/12/Logo-horizontal.png; https://canturealestate.com.mx/wp-content/uploads/2020/07/placeholder-592x444.png; https://canturealestate.com.mx/wp-content/uploads/2026/07/8483577_80905134630380122465864560601430707568110522802531658204096965146610447979246-592x444.jpg; https://canturealestate.com.mx/wp-content/themes/houzez/img/profile-avatar.png; https://canturealestate.com.mx/wp-content/uploads/2024/09/Logo-Blanco-completo-cantu-SF.png; https://canturealestate.com.mx/wp-content/uploads/2026/07/8462629_66643704756556430380849106544465842892983248757707820995155894212430304234969.jpg; https://canturealestate.com.mx/wp-content/uploads/2026/07/8462629_42189317992248327608595328899884673672224174705828694633504088147594655665246.jpg; https://canturealestate.com.mx/wp-content/uploads/2026/07/8462629_46889868963136993222860738724600026449148129065854567260266475683303914199987.jpg,Mexico,Quintana Roo,Playa del Carmen,,,Rent,1,Cantu Real Estate,https://canturealestate.com.mx/property/venta-de-casa-amueblada-en-ciudad-mayakoba-madrid-pdc/,Playa del Carmen; Other Riviera Maya
Cantu Real Estate,https://canturealestate.com.mx/,,https://canturealestate.com.mx/property/casa-venta-en-residencial-el-encuentro-en-playa-del-carmen/,CASA VENTA EN RESIDENCIAL EL ENCUENTRO EN PLAYA DEL CARMEN - Cantú Real Estate,Land/Lot,8200000.00,USD,4,4,320,m2,"CASA EN VENTA – Playa del Carmen, Quintana Roo Le presento esta magnífica residencia de tres niveles ubicada dentro de una exclusiva privada en una de las zonas con mayor crecimiento y plusvalía de Playa del Carmen. Su diseño contemporáneo, amplios espacios y excelente distribución la convierten en una opción ideal tanto para vivir como",https://canturealestate.com.mx/wp-content/uploads/2023/12/Logo-horizontal.png; https://canturealestate.com.mx/wp-content/uploads/2020/07/placeholder-592x444.png; https://canturealestate.com.mx/wp-content/uploads/2026/07/8483577_80905134630380122465864560601430707568110522802531658204096965146610447979246-592x444.jpg; https://canturealestate.com.mx/wp-content/themes/houzez/img/profile-avatar.png; https://canturealestate.com.mx/wp-content/uploads/2024/09/Logo-Blanco-completo-cantu-SF.png; https://canturealestate.com.mx/wp-content/uploads/2026/06/8416290_77222851767588149869398532185066033145037889574491572927882051478076282249005.jpg; https://canturealestate.com.mx/wp-content/uploads/2026/06/8416290_36705040649024354012739087002655959528329398113355957691451038981057803591989.jpg; https://canturealestate.com.mx/wp-content/uploads/2026/06/8416290_9841695098913947518890298406043564656674046208543906069280671154401858600295.jpg,Mexico,Quintana Roo,Tulum,,,Rent,1,Cantu Real Estate,https://canturealestate.com.mx/property/casa-venta-en-residencial-el-encuentro-en-playa-del-carmen/,Playa del Carmen; Tulum; Other Riviera Maya
Cantu Real Estate,https://canturealestate.com.mx/,,https://canturealestate.com.mx/property/venta-de-casa-mitraya-senderos-norte-ciudad-mayakoba-playa-del-carmen/,Venta de Casa Mitraya Senderos Norte Ciudad Mayakoba Playa del Carmen - Cantú Real Estate,Land/Lot,7290000.00,USD,4,4,159.99,m2,"CASA MITRAYA – Senderos Norte, Ciudad Mayakoba, Playa del Carmen Precio de venta: $7,290,000 MXN Le presento esta moderna residencia ubicada en Senderos Norte, dentro de Ciudad Mayakoba, uno de los desarrollos con mayor crecimiento, plusvalía y calidad de vida en Playa del Carmen. La propiedad cuenta con 159.99 m² de terreno y 226 m²",https://canturealestate.com.mx/wp-content/uploads/2023/12/Logo-horizontal.png; https://canturealestate.com.mx/wp-content/uploads/2020/07/placeholder-592x444.png; https://canturealestate.com.mx/wp-content/uploads/2026/07/8483577_80905134630380122465864560601430707568110522802531658204096965146610447979246-592x444.jpg; https://canturealestate.com.mx/wp-content/themes/houzez/img/profile-avatar.png; https://canturealestate.com.mx/wp-content/uploads/2024/09/Logo-Blanco-completo-cantu-SF.png; https://canturealestate.com.mx/wp-content/uploads/2026/06/8416317_105081329353861602842835955882975730960453767694577797876663565010805739208488.jpg; https://canturealestate.com.mx/wp-content/uploads/2026/06/8416317_947678674121578392112654736803669265845378471786321100783270174117469225371.jpg; https://canturealestate.com.mx/wp-content/uploads/2026/06/8416317_94410822697585611836713745590670906102775539805196341226313386160112209728644.jpg,Mexico,Quintana Roo,Playa del Carmen,,,Rent,1,Cantu Real Estate,https://canturealestate.com.mx/property/venta-de-casa-mitraya-senderos-norte-ciudad-mayakoba-playa-del-carmen/,Playa del Carmen; Other Riviera Maya
Cantu Real Estate,https://canturealestate.com.mx/,,https://canturealestate.com.mx/property/edificio-en-venta-sm-23-5-pisos-con-elevador-cancun-centro/,EDIFICIO EN VENTA SM 23 5 PISOS CON ELEVADOR | CANCÚN CENTRO - Cantú Real Estate,Land/Lot,23900000.00,USD,0,10,240,m2,"EDIFICIO COMERCIAL EN VENTA – CANCÚN CENTRO $23,900,000 MXN Excelente oportunidad para inversionistas, corporativos, clínicas, escuelas, despachos, coworking o empresas que buscan un edificio completo en una ubicación estratégica de Cancún. Ubicado en Supermanzana 23, sobre Retorno Cedro, con fácil acceso a las principales avenidas de la ciudad. Características: • Terreno: 240 m²• Construcción: 1,235.26",https://canturealestate.com.mx/wp-content/uploads/2023/12/Logo-horizontal.png; https://canturealestate.com.mx/wp-content/uploads/2026/08/8608832_6260985391088295027409507212952435875891109309524256365774768946912191069985-592x444.jpg; https://canturealestate.com.mx/wp-content/uploads/2026/07/8427028_73212387464024221895430865313524912385934904798440195469558115547514694926174-592x444.jpg; https://canturealestate.com.mx/wp-content/uploads/2020/07/placeholder-592x444.png; https://canturealestate.com.mx/wp-content/uploads/2026/05/8039555_6306749599571064731632103796635136342491072723340695458926494839990106585323-592x444.jpg; https://canturealestate.com.mx/wp-content/themes/houzez/img/profile-avatar.png; https://canturealestate.com.mx/wp-content/uploads/2024/09/Logo-Blanco-completo-cantu-SF.png; https://canturealestate.com.mx/wp-content/uploads/2026/06/8370328_38906380319973057990393391216133839052644027636226951940400359268165113486379.jpg,Mexico,Quintana Roo,Playa del Carmen,,,Rent,1,Cantu Real Estate,https://canturealestate.com.mx/property/edificio-en-venta-sm-23-5-pisos-con-elevador-cancun-centro/,Cancun; Playa del Carmen; Other Riviera Maya
Cantu Real Estate,https://canturealestate.com.mx/,,https://canturealestate.com.mx/property/penthouse-de-lujo-en-venta-the-fives-beach-hotel-residences-playa-del-carmen/,PENTHOUSE DE LUJO EN VENTA THE FIVES BEACH HOTEL & RESIDENCES | PLAYA DEL CARMEN - Cantú Real Estate,Land/Lot,13500000.00,USD,2,2,224.97,m2,"PENTHOUSE DE LUJO EN VENTATHE FIVES BEACH HOTEL & RESIDENCES | PLAYA DEL CARMEN Precio: $13,500,000 MXN Exclusivo Penthouse de dos niveles ubicado dentro de The Fives Beach Hotel & Residences, uno de los desarrollos más reconocidos de la Riviera Maya. Con una superficie total de 224.97 m², esta propiedad combina amplitud, privacidad y amenidades",https://canturealestate.com.mx/wp-content/uploads/2026/06/8174707_60167170995525921075173516075746971149941082151483336912437996892013861143092.jpg,Mexico,Quintana Roo,Playa del Carmen,,,Rent,1,Cantu Real Estate,https://canturealestate.com.mx/property/penthouse-de-lujo-en-venta-the-fives-beach-hotel-residences-playa-del-carmen/,Playa del Carmen; Other Riviera Maya
Cantu Real Estate,https://canturealestate.com.mx/,,https://canturealestate.com.mx/property/edificio-comercial-en-tlaquepaque/,Edificio Comercial en Tlaquepaque - Cantú Real Estate,Land/Lot,151600000.00,USD,0,0,3290,m2,"Gasolinera en Venta, Tlquepaque, Jalisco 1. Datos Generales Dirección: Tlaquepaque, Jalisco,Tipo de propiedad: Terreno propioSuperficie total: 3,290 m²Uso de suelo: Comercial – hasta 2 plantas Antigüedad: 8 años 2. Operación y Suministro Marca de suministro: Marca reconocid - Inicio de contrato: Abril 2025Tipo de estación: Servicio completo (gasolina y diésel) 3. Capacidad de AlmacenamientoTanques marca",https://canturealestate.com.mx/wp-content/uploads/2026/03/7906855_21258674122787460270282445049774940061846429297600987685135664624188456423641.jpg,Mexico,Quintana Roo,Playa del Carmen,,,Rent,1,Cantu Real Estate,https://canturealestate.com.mx/property/edificio-comercial-en-tlaquepaque/,Playa del Carmen; Other Riviera Maya
Cantu Real Estate,https://canturealestate.com.mx/,,https://canturealestate.com.mx/property/departamento-en-cancun-centro-5/,Departamento en Cancún Centro - Cantú Real Estate,Land/Lot,4700000.00,USD,0,0,95,m2,"Preventa Exclusiva Loreta WOW Condos | Cancún | Desde $3.5 MDP | Inversión Inteligente CONDOMINIOS DE LUJO EN LAUSANA RESIDENCIALDiseño Vanguardista • Ubicación Estratégica • Amenidades Nivel ResortLoreta WOW Condos redefine el concepto de vida urbana en Cancún. Situado dentro de la exclusiva comunidad planeada de Lausana Residencial, este desarrollo ofrece departamentos de 2 recámaras",https://canturealestate.com.mx/wp-content/uploads/2026/03/7886230_2368582203753625142582079324220571354447361845380382423129497158775714471857.jpg,Mexico,Quintana Roo,Playa del Carmen,,,Rent,1,Cantu Real Estate,https://canturealestate.com.mx/property/departamento-en-cancun-centro-5/,Cancun; Playa del Carmen; Other Riviera Maya
Cantu Real Estate,https://canturealestate.com.mx/,,https://canturealestate.com.mx/property/departamento-en-playa-del-carmen-2/,Departamento en Playa del Carmen - Cantú Real Estate,Penthouse,315000.00,USD,1,2,,,"Esta propuesta para el Penthouse en The Fives está diseñada para el perfil de inversionista que busca un activo de ""cero preocupaciones"". He estructurado la información para resaltar el Rental Pool Program, que es el mayor atractivo financiero de esta propiedad al eliminar los costos operativos para el dueño. Inversión Patrimonial Inteligente | The Fives",https://canturealestate.com.mx/wp-content/uploads/2026/03/7886222_8157710043139788789966037930916351617317797352577593577147535387392302680447.jpg,Mexico,Quintana Roo,Playa del Carmen,,,Rent,1,Cantu Real Estate,https://canturealestate.com.mx/property/departamento-en-playa-del-carmen-2/,Playa del Carmen; Other Riviera Maya
Cantu Real Estate,https://canturealestate.com.mx/,,https://canturealestate.com.mx/property/departamento-en-puerto-morelos/,Departamento en Puerto Morelos - Cantú Real Estate,Land/Lot,6800000.00,USD,3,3,170,m2,"Residencia de Lujo dentro de Aldea Ha | Puerto Morelos | Terraza con Jacuzzi Privado ESTRATEGIA INMOBILIARIA | RESIDENCIAL ALDEA HADiseño Contemporáneo • Entorno Natural • Alta PlusvalíaUbicada en el corazón de Aldea Ha, esta propiedad de 170 m² de construcción representa el equilibrio perfecto entre la arquitectura moderna y la serenidad de la naturaleza.",https://canturealestate.com.mx/wp-content/uploads/2026/03/7868459_85609920854664816114058931739649107843940553701836466277577279020633475308225.jpg,Mexico,Quintana Roo,Playa del Carmen,,,Rent,1,Cantu Real Estate,https://canturealestate.com.mx/property/departamento-en-puerto-morelos/,Playa del Carmen; Puerto Morelos; Other Riviera Maya
Cantu Real Estate,https://canturealestate.com.mx/,,https://canturealestate.com.mx/property/departamento-en-cancun-centro/,Departamento en Cancún Centro - Cantú Real Estate,Condo/Apartment,3800000.00,USD,3,2,140,m2,"Residencia Vertical Kaan Town House | Modelo Grande 140 m² | Roof Privado | Ubicación Estratégica Situado en una de las zonas con mayor dinamismo y conectividad de Cancún, este departamento de 140 m² en Residencial Kaan Town House representa el equilibrio perfecto entre amplitud y funcionalidad urbana. Al tratarse del modelo de mayor superficie",https://canturealestate.com.mx/wp-content/uploads/2026/03/7841812_8600514884901799513137498330179637597068867759466719850511041103044937306158.jpg,Mexico,Quintana Roo,Playa del Carmen,,,Rent,1,Cantu Real Estate,https://canturealestate.com.mx/property/departamento-en-cancun-centro/,Cancun; Playa del Carmen; Other Riviera Maya
Cantu Real Estate,https://canturealestate.com.mx/,,https://canturealestate.com.mx/property/departamento-en-pok-ta-pok/,Departamento en Pok Ta Pok - Cantú Real Estate,Condo/Apartment,8000000.00,USD,3,3,,,"Oportunidad de Inversión | Pok Ta Pok Zona Hotelera | Totalmente Remodelado | Vista a Laguna Nichupté Ubicado en el exclusivo corazón de la Zona Hotelera, dentro de la emblemática área de Pok Ta Pok, este departamento representa una pieza inmobiliaria de alto valor. Recientemente sometido a una remodelación integral, la propiedad combina un diseño",https://canturealestate.com.mx/wp-content/uploads/2026/03/7841823_39538055376178090328635424732942490729389937625479415547321960443216772386048.jpg,Mexico,Quintana Roo,Playa del Carmen,,,Rent,1,Cantu Real Estate,https://canturealestate.com.mx/property/departamento-en-pok-ta-pok/,Playa del Carmen; Other Riviera Maya
Cantu Real Estate,https://canturealestate.com.mx/,,https://canturealestate.com.mx/property/departamento-en-venta-en-calle-del-lago-queretaro/,"Departamento en Venta en Calle del Lago, Querétaro - Cantú Real Estate",Land/Lot,3337000.00,USD,0,0,88,m2,"Departamento en Venta en Cañadas del Lago, Lake Cañadas, Querétaro. Es el concepto de departamentos de lujo más exclusivo y conectado con la naturaleza en Querétaro, un proyecto en el que cada uno de sus espacios fue concebido para vivir la máxima expresión de la naturaleza cuya base arquitectónica respeta y se integra al entorno",https://canturealestate.com.mx/wp-content/uploads/2026/01/7718168_2198197445335742477350263095900568101998518688077213502995635039893138877539.jpg,Mexico,Quintana Roo,Playa del Carmen,,,Rent,1,Cantu Real Estate,https://canturealestate.com.mx/property/departamento-en-venta-en-calle-del-lago-queretaro/,Playa del Carmen; Other Riviera Maya
Cantu Real Estate,https://canturealestate.com.mx/,,https://canturealestate.com.mx/property/departamento-en-venta-en-cancun-2/,Departamento en Venta en Cancún - Cantú Real Estate,Land/Lot,5800000.00,USD,3,3,184.33,m2,DEPARTAMENTO EN VENTA TORRE BONAMPAK ” En una de las Zonas más Privilegiadas de Cancún. Condominio con Seguridad y TranquilidadIdeal para Familias ???? Construcción 184.33m2 ????? 3 Rec + estudio???? 3.5Baños???? 3 Nivel???? Terraza en Área de Sala????????? Cocina Integral???? Closet en Habitación y Walk-in Closet en Recámara Principal???? Cuarto de Lavado???? Bodega???? Estacionamiento para,https://canturealestate.com.mx/wp-content/uploads/2026/01/7708711_53253064287670729231412465242790102957416974844158456881338729990141307995089.jpg,Mexico,Quintana Roo,Playa del Carmen,,,Rent,1,Cantu Real Estate,https://canturealestate.com.mx/property/departamento-en-venta-en-cancun-2/,Cancun; Playa del Carmen; Other Riviera Maya
Cantu Real Estate,https://canturealestate.com.mx/,,https://canturealestate.com.mx/property/departmamento-de-lujo-en-cancun-zona-hotelera/,DEPARTMAMENTO DE LUJO EN CANCUN/ ZONA HOTELERA - Cantú Real Estate,Land/Lot,809630.00,USD,2,2,,,"DEPARTEMENTO DE LUJO Zona Hotelera, Cancún Exclusivo departamento ubicado en el corazón de la Zona Hotelera de Cancún, con vista privilegiada tanto al Mar Caribe como a la Laguna Nichupté . Una propiedad de alta gama diseñada para quienes buscan lujo, confort y alta rentabilidad. CARACTERISTICAS 2 recámaras 2 baños Sala y comedor de gran",https://canturealestate.com.mx/wp-content/uploads/2023/12/Logo-horizontal.png; https://canturealestate.com.mx/wp-content/uploads/2026/08/8572087_55487693840568190756399520804751439023637198567648287655900693184754231978205-592x444.jpg; https://canturealestate.com.mx/wp-content/uploads/2020/07/placeholder-592x444.png; https://canturealestate.com.mx/wp-content/uploads/2026/07/8415650_5088795463719265494114678138744909408195660716934478098702588259362962270230-592x444.jpg; https://canturealestate.com.mx/wp-content/themes/houzez/img/profile-avatar.png; https://canturealestate.com.mx/wp-content/uploads/2024/09/Logo-Blanco-completo-cantu-SF.png; https://canturealestate.com.mx/wp-content/uploads/2025/12/7588738_65359153345299142822985138215282611715917960257512387254526646233126514779702.jpg; https://canturealestate.com.mx/wp-content/uploads/2025/12/7588738_68021067968144334407048633674124933339724973535727108175085888911973126497244.jpg,Mexico,Quintana Roo,Playa del Carmen,,,Rent,1,Cantu Real Estate,https://canturealestate.com.mx/property/departmamento-de-lujo-en-cancun-zona-hotelera/,Cancun; Playa del Carmen; Other Riviera Maya
Cantu Real Estate,https://canturealestate.com.mx/,,https://canturealestate.com.mx/property/departamento-en-venta-bacalar/,Departamento en venta BACALAR - Cantú Real Estate,Land/Lot,3675000.00,USD,1,1,,,Venta de inmuebles en todo México,https://canturealestate.com.mx/wp-content/uploads/2023/12/Logo-horizontal.png; https://canturealestate.com.mx/wp-content/uploads/2026/08/8572087_55487693840568190756399520804751439023637198567648287655900693184754231978205-592x444.jpg; https://canturealestate.com.mx/wp-content/uploads/2020/07/placeholder-592x444.png; https://canturealestate.com.mx/wp-content/uploads/2026/07/8415650_5088795463719265494114678138744909408195660716934478098702588259362962270230-592x444.jpg; https://canturealestate.com.mx/wp-content/themes/houzez/img/profile-avatar.png; https://canturealestate.com.mx/wp-content/uploads/2024/09/Logo-Blanco-completo-cantu-SF.png; https://canturealestate.com.mx/wp-content/uploads/2025/12/7623291_105522021059706740790711487824080010308487955459697600577002000805164420003650.jpg; https://canturealestate.com.mx/wp-content/uploads/2025/12/7623291_74296453454711493510693361064586243461809393293660255639972122477017849685658.jpg,Mexico,Quintana Roo,Playa del Carmen,,,Rent,1,Cantu Real Estate,https://canturealestate.com.mx/property/departamento-en-venta-bacalar/,Playa del Carmen; Other Riviera Maya
Cantu Real Estate,https://canturealestate.com.mx/,,https://canturealestate.com.mx/property/departamento-en-venta-en-playa-del-carmen-3/,DEPARTAMENTO EN VENTA EN PLAYA DEL CARMEN - Cantú Real Estate,Land/Lot,3619000.00,USD,2,2,5875,m2,"Departamento en Venta en Playa del Carmen Departamento ubicado en primer nivel, con excelente distribución y acabados de primera calidad. Ideal para vivir, vacacionar o invertir en una de las zonas con mayor demanda y plusvalía de Playa del Carmen. Características del departamento: 2 recámaras 2 baños completos Sala y comedor Cocina equipada Superficie: 58,75",https://canturealestate.com.mx/wp-content/uploads/2023/12/Logo-horizontal.png; https://canturealestate.com.mx/wp-content/uploads/2026/08/8572087_55487693840568190756399520804751439023637198567648287655900693184754231978205-592x444.jpg; https://canturealestate.com.mx/wp-content/uploads/2020/07/placeholder-592x444.png; https://canturealestate.com.mx/wp-content/uploads/2026/07/8415650_5088795463719265494114678138744909408195660716934478098702588259362962270230-592x444.jpg; https://canturealestate.com.mx/wp-content/themes/houzez/img/profile-avatar.png; https://canturealestate.com.mx/wp-content/uploads/2024/09/Logo-Blanco-completo-cantu-SF.png; https://canturealestate.com.mx/wp-content/uploads/2025/12/7620221_9914811897283175085522331551516279574607186984011467593127328553619492058067.jpg; https://canturealestate.com.mx/wp-content/uploads/2025/12/7620221_51423810506760378619135550195605915525319808242236083146618107457840778565649.jpg,Mexico,Quintana Roo,Playa del Carmen,,,Rent,1,Cantu Real Estate,https://canturealestate.com.mx/property/departamento-en-venta-en-playa-del-carmen-3/,Playa del Carmen; Other Riviera Maya
Caribbean Real Estate,https://caribbeanrealestatemls.com/destinations/mexico/,,https://caribbeanrealestatemls.com/real-estate/riviera-maya/3aabdc-1-bedroom-condos-for-sale-the-fives-oceanfront-puerto-morelos-mexico/,"1 Bedroom Condos for Sale, The Fives Oceanfront, Puerto Morelos, Mexico",Condo/Apartment,249000,USD,1,1,818,sqft,,,Mexico,Quintana Roo,Playa del Carmen,,,Rent,1,Caribbean Real Estate,https://caribbeanrealestatemls.com/real-estate/riviera-maya/3aabdc-1-bedroom-condos-for-sale-the-fives-oceanfront-puerto-morelos-mexico/,Playa del Carmen; Puerto Morelos; Other Riviera Maya
Caribbean Real Estate,https://caribbeanrealestatemls.com/destinations/mexico/,,https://caribbeanrealestatemls.com/real-estate/riviera-maya/a6a34a-2-bedroom-condos-for-sale-sabor-a-miel-playa-del-carmen-mexico/,"2 Bedroom Condos for Sale, Sabor a Miel, Playa del Carmen, Mexico",Unknown,372463,USD,2,2,1149,sqft,,,Mexico,Quintana Roo,Playa del Carmen,,,Rent,1,Caribbean Real Estate,https://caribbeanrealestatemls.com/real-estate/riviera-maya/a6a34a-2-bedroom-condos-for-sale-sabor-a-miel-playa-del-carmen-mexico/,Playa del Carmen; Other Riviera Maya
Caribbean Real Estate,https://caribbeanrealestatemls.com/destinations/mexico/,,https://caribbeanrealestatemls.com/real-estate/riviera-maya/d8bc0f-3-bedroom-condos-for-sale-the-fives-playa-del-carmen-mexico/,"3 Bedroom Condos for Sale, The Fives, Playa del Carmen, Mexico",House,589000,USD,3,3,3439,sqft,,,Mexico,Quintana Roo,Playa del Carmen,,,Rent,1,Caribbean Real Estate,https://caribbeanrealestatemls.com/real-estate/riviera-maya/d8bc0f-3-bedroom-condos-for-sale-the-fives-playa-del-carmen-mexico/,Playa del Carmen; Other Riviera Maya
Caribbean Real Estate,https://caribbeanrealestatemls.com/destinations/mexico/,,https://caribbeanrealestatemls.com/real-estate/riviera-maya/afa1c2-2-bedroom-condos-for-sale-awa-residences-playacar-playa-del-carmen-mexico/,"2 Bedroom Condos for Sale, AWA Residences, Playacar, Playa del Carmen, Mexico",Condo/Apartment,377000,USD,2,2,1259,sqft,,,Mexico,Quintana Roo,Playa del Carmen,,,Rent,1,Caribbean Real Estate,https://caribbeanrealestatemls.com/real-estate/riviera-maya/afa1c2-2-bedroom-condos-for-sale-awa-residences-playacar-playa-del-carmen-mexico/,Playa del Carmen; Other Riviera Maya
Caribe Brokers property investments mx,https://www.caribebrokers.com/,Tokko Broker,https://www.caribebrokers.com/p/7647903-Departamento-en-Venta-Alquiler-en-Playa-del-Carmen-Selvanova-departamento-venta-renta-playa-del-carmen,Departamento en Venta-Alquiler en Playa del Carmen - Selvanova departamento venta renta playa del carmen,Condo/Apartment,3.100.000,MXN,1,3,,,"Descubre tu nuevo hogar en este exclusivo departamento en Selvanova, Playa del Carmen, ideal tanto para vivir como para invertir. Su distribución funcional ofrece comodidad y espacios bien aprovechados. La propiedad cuenta con 1 recámara principal y 2 recámaras espejo, cocina moderna, sala-comedor y balcón, creando un ambiente cómodo y agradable para la vida diaria. El desarrollo ofrece amenidades como alberca, gimnasio y seguridad 24/7, brindando tranquilidad y un estilo de vida completo dentro de un entorno bien planeado. Agenda tu cita y conoce este departamento en Selvanova, Playa del Carm",https://static.tokkobroker.com/sm_pics/115146827_og.jpg,Mexico,Quintana Roo,Playa del Carmen,,,Rent,2,Caribe Brokers property investments mx,https://www.caribebrokers.com/p/7647903-Departamento-en-Venta-Alquiler-en-Playa-del-Carmen-Selvanova-departamento-venta-renta-playa-del-carmen; https://www.caribebrokers.com/p/7647903-Departamento-en-Venta-en-Playa-del-Carmen-Selvanova-departamento-venta-renta-playa-del-carmen,Playa del Carmen; Other Riviera Maya
Cristopher Llantada,https://hometulum.com/,,https://hometulum.com/directory/for-rent-luxury-furnished-studio-at-altra-condos-playa-del-carmen/,For Rent: Luxury Furnished Studio at Altra Condos | Playa del Carmen - Home Tulum Real Estate,Condo/Apartment,900.00,USD,3,1,,,Your perfect long-term home in the heart of Playa del Carmen,https://www.facebook.com/tr?id=985178795543829&ev=PageView&noscript=1; https://hometulum.com/wp-content/uploads/2023/09/home-tulum-100px-padding.png; https://hometulum.com/wp-content/uploads/2026/08/00fac018-4d7d-4d58-8ee3-fb19660556b1.avif; https://hometulum.com/wp-content/uploads/2026/08/2d9a3224-62e2-495f-a0d9-0c5ce327a25a.avif; https://hometulum.com/wp-content/uploads/2026/08/3d2a9769-cd1f-429b-96fa-bc94a60603b5.avif; https://hometulum.com/wp-content/uploads/2026/08/5cfcc283-5b8d-487c-a2af-8cc16f30cd4f.webp; https://hometulum.com/wp-content/uploads/2026/08/6b4c5ce0-982c-4a36-94c6-b6de050bbbbd.avif; https://hometulum.com/wp-content/uploads/2026/08/7c9ffc6a-86be-4a82-8036-0900b72cf5ec.avif,Mexico,Quintana Roo,Tulum,,,Rent,2,Cristopher Llantada; HOME,https://hometulum.com/directory/for-rent-luxury-furnished-studio-at-altra-condos-playa-del-carmen/,Playa del Carmen; Tulum; Other Riviera Maya
Cristopher Llantada,https://hometulum.com/,,https://hometulum.com/directory/for-rent-3-bedroom-penthouse-for-rent-in-bali-playa-del-carmen-private-jacuzzi-parking-pool/,FOR RENT: 3 Bedroom Penthouse for Rent in Bali Playa del Carmen | Private Jacuzzi | Parking | Pool - Home Tulum Real Estate,Penthouse,1300.00,USD,3,2,,,SE ALQUILA: Ático de 3 habitaciones en Bali Playa del Carmen | Jacuzzi privado | Estacionamiento | Piscina,https://hometulum.com/wp-content/uploads/2026/03/WhatsApp-Image-2026-04-17-at-11.15.59-AM.jpeg; https://hometulum.com/wp-content/uploads/2026/03/WhatsApp-Image-2026-04-17-at-11.15.59-AM.jpeg,Mexico,Quintana Roo,Tulum,,,Rent,2,Cristopher Llantada; HOME,https://hometulum.com/directory/for-rent-3-bedroom-penthouse-for-rent-in-bali-playa-del-carmen-private-jacuzzi-parking-pool/,Playa del Carmen; Tulum; Other Riviera Maya
DRabago Inmobiliaria,https://www.drabagoinmobiliaria.com/,Tokko Broker,https://www.drabagoinmobiliaria.com/p/7729829-Departamento-en-Renta-en-Los-Olivos-COMMUNITY-LA-SELVA-RESIDENCES,Departamento en Renta en Los Olivos - COMMUNITY LA SELVA RESIDENCES,Condo/Apartment,12000,MXN,,5,110,m2,"Hermoso Departamento en RENTA en Residencial LA SELVA, cuenta con excelente ubicación al estar en el arco vial de Playa del Carmen, cerca de avenidas principales, centros comerciales, escuelas, restaurantes y cerca de la playa y de la 5ta avenida. Encontrarás todo lo necesario para vivir en un ambiente familiar con tranquilidad y armonía, áreas verdes, alberca, área de palapa, estacionamiento y vigilancia 24 horas. Autorización: Matricula Sedetus # 191135GBAB0IFS005000600",https://static.tokkobroker.com/sm_pics/116801589_og.jpg,Mexico,Quintana Roo,Playa del Carmen,,,Rent,1,DRabago Inmobiliaria,https://www.drabagoinmobiliaria.com/p/7729829-Departamento-en-Renta-en-Los-Olivos-COMMUNITY-LA-SELVA-RESIDENCES,Playa del Carmen; Other Riviera Maya
DRabago Inmobiliaria,https://www.drabagoinmobiliaria.com/,Tokko Broker,"https://www.drabagoinmobiliaria.com/p/8003830-Departamento-en-Renta-en-Fraccionamiento-Ciudad-Mayakoba-Corasol,-Lorena-Ochoa-",Departamento en Renta en Fraccionamiento Ciudad Mayakoba - Carretera Cancún Chetumal km 274 Piso 1,Condo/Apartment,50000,MXN,8,3,170,m2,"Vive en la zona exclusiva de Playa del Carmen Se ofrece en renta un departamento en amueblado y equipado en planta baja en la exclusiva zona de Lorena Ochoa, Corasol, en Playa del Carmen, cerca del Hotel Secrets Moxche y el club de Golf “Gran Coyote” La propiedad cuenta con cuatro recámaras, tres baños, área de lavado, cocina equipada, terraza con alberca privada, albercas comunitarias, área de juegos infantiles, canchas y acceso al beach club. Además, se dispone de traslados en carrito de golf dentro del complejo. Autorización: Matricula Sedetus # 191135GBAB0IFS005000600",https://static.tokkobroker.com/sm_pics/122558691_og.jpg,Mexico,Quintana Roo,Playa del Carmen,,,Rent,1,DRabago Inmobiliaria,"https://www.drabagoinmobiliaria.com/p/8003830-Departamento-en-Renta-en-Fraccionamiento-Ciudad-Mayakoba-Corasol,-Lorena-Ochoa-",Cancun; Playa del Carmen; Other Riviera Maya
Fabi Realtor Cancun,https://www.tulumlandandproperty.com/team-member/faby-zamora,,https://www.tulumlandandproperty.com/listing/2-bedroom-penthouse-at-naomi-beach-playa-del-carmen,"2-Bedroom Penthouse at Naomi Beach, Playa del Carmen",Land/Lot,1476000,USD,3,2,216,m2,"2BR penthouse with private rooftop at Naomi Beach, Playa del Carmen. Boutique beachfront luxury. From $25M MXN / $1.47M USD.",https://cdn.prod.website-files.com/67dc8427d817f0abf6465164/68f7c58a30acfc6636fd9ac9_NaomiBeachExterior_CamAerea_01%20copy.webp,MX,Quintana Roo,Playa del Carmen,,,Rent,2,Fabi Realtor Cancun; Jeremy,https://www.tulumlandandproperty.com/listing/2-bedroom-penthouse-at-naomi-beach-playa-del-carmen,Cancun; Playa del Carmen; Other Riviera Maya
Fabi Realtor Cancun,https://www.tulumlandandproperty.com/team-member/faby-zamora,,https://www.tulumlandandproperty.com/listing/2-bedroom-oceanview-villa-at-naomi-beach-playa-del-carmen,"2-Bedroom Oceanview Villa at Naomi Beach, Playa del Carmen",Land/Lot,1358000,USD,2,2,186,m2,"2BR villa with oceanview terrace in Naomi Beach, Playa del Carmen. Boutique beachfront community. From $23M MXN / $1.35M USD.",https://cdn.prod.website-files.com/67dc8427d817f0abf6465164/68f7c58a930fbfed983f6ae9_NaomiBeach_Villas-205%20copy.webp,MX,Quintana Roo,Playa del Carmen,,,Rent,2,Fabi Realtor Cancun; Jeremy,https://www.tulumlandandproperty.com/listing/2-bedroom-oceanview-villa-at-naomi-beach-playa-del-carmen,Cancun; Playa del Carmen; Other Riviera Maya
Fabi Realtor Cancun,https://www.tulumlandandproperty.com/team-member/faby-zamora,,https://www.tulumlandandproperty.com/listing/3-bedroom-penthouse-with-ocean-views-at-naomi-beach,3-Bedroom Penthouse with Ocean Views at Naomi Beach,Land/Lot,1962000,USD,3,3,308,m2,"3BR penthouse with rooftop, sea views, and plunge pool at Naomi Beach. Exclusive beachfront living from $33.2M MXN / $1.96M USD.",https://cdn.prod.website-files.com/67dc8427d817f0abf6465164/68f7c58a9c1b295c2b9ce513_NaomiBeach_Villas-101%20copy.webp,MX,Quintana Roo,Playa del Carmen,,,Rent,2,Fabi Realtor Cancun; Jeremy,https://www.tulumlandandproperty.com/listing/3-bedroom-penthouse-with-ocean-views-at-naomi-beach,Cancun; Playa del Carmen; Other Riviera Maya
Fabi Realtor Cancun,https://www.tulumlandandproperty.com/team-member/faby-zamora,,https://www.tulumlandandproperty.com/listing/3-bedroom-beachfront-residence-with-terrace-at-naomi-beach-villa-cobalto,3-Bedroom Beachfront Residence with Terrace at Naomi Beach | Villa Cobalto,Land/Lot,1832000,USD,3,3,266,m2,"3BR oceanview villa with terrace at Naomi Beach, Playa del Carmen. Boutique beachfront living. From $31M MXN / $1.83M USD.",https://cdn.prod.website-files.com/67dc8427d817f0abf6465164/68f7c58a41404d4843f871ae_NaomiBeach_CamFachadaPlaya%20copy.webp,MX,Quintana Roo,Playa del Carmen,,,Rent,2,Fabi Realtor Cancun; Jeremy,https://www.tulumlandandproperty.com/listing/3-bedroom-beachfront-residence-with-terrace-at-naomi-beach-villa-cobalto,Cancun; Playa del Carmen; Other Riviera Maya
Fabi Realtor Cancun,https://www.tulumlandandproperty.com/team-member/faby-zamora,,https://www.tulumlandandproperty.com/listing/3-bedroom-beachfront-residence-at-naomi-beach-villa-marina,3-Bedroom Beachfront Residence at Naomi Beach | Villa Marina,Land/Lot,1715000,USD,3,3,253,m2,"3BR villa with oceanview terrace at Naomi Beach, Playa del Carmen. Steps from the beach. From $29M MXN / $1.71M USD.",https://cdn.prod.website-files.com/67dc8427d817f0abf6465164/68f7c58a41404d4843f871ae_NaomiBeach_CamFachadaPlaya%20copy.webp,MX,Quintana Roo,Playa del Carmen,,,Rent,2,Fabi Realtor Cancun; Jeremy,https://www.tulumlandandproperty.com/listing/3-bedroom-beachfront-residence-at-naomi-beach-villa-marina,Cancun; Playa del Carmen; Other Riviera Maya
Fabi Realtor Cancun,https://www.tulumlandandproperty.com/team-member/faby-zamora,,https://www.tulumlandandproperty.com/listing/3-bedroom-ground-floor-beachfront-residence-at-naomi-beach,3-Bedroom Ground Floor Beachfront Residence at Naomi Beach,Land/Lot,2740000,USD,3,3,347,m2,"Ground-level 3BR beachfront villa in Naomi Beach, Playa del Carmen. 3,735 ft² of luxury. Direct beach access. From $46.4M MXN / $2.74M USD.",https://cdn.prod.website-files.com/67dc8427d817f0abf6465164/68f7c5784e0847abd1d08ccc_NaomiBeach_Villas-100-Area_Social%20copy.webp,MX,Quintana Roo,Playa del Carmen,,,Rent,2,Fabi Realtor Cancun; Jeremy,https://www.tulumlandandproperty.com/listing/3-bedroom-ground-floor-beachfront-residence-at-naomi-beach,Cancun; Playa del Carmen; Other Riviera Maya
Fabi Realtor Cancun,https://www.tulumlandandproperty.com/team-member/faby-zamora,,https://www.tulumlandandproperty.com/listing/4-bedroom-beachfront-penthouse-at-zonna-playa-del-carmen,4-Bedroom Beachfront Penthouse at ZONNA Playa del Carmen,Land/Lot,1880000,USD,4,,3516,sqft,"Beachfront 4BR penthouse at ZONNA Playa del Carmen. Ocean terrace, top-tier amenities, Mamita&#39;s Beach. 3,516 sqft, $1,880,000 USD.",https://cdn.prod.website-files.com/67dc8427d817f0abf6465164/68f7bd73e9d50eca741ed038_6%20PMC-ZNN.webp,MX,Quintana Roo,Playa del Carmen,,,Rent,2,Fabi Realtor Cancun; Jeremy,https://www.tulumlandandproperty.com/listing/4-bedroom-beachfront-penthouse-at-zonna-playa-del-carmen,Cancun; Playa del Carmen; Other Riviera Maya
Fabi Realtor Cancun,https://www.tulumlandandproperty.com/team-member/faby-zamora,,https://www.tulumlandandproperty.com/listing/3-bedroom-beachfront-residence-at-zonna-playa-del-carmen,3-Bedroom Beachfront Residence at ZONNA Playa del Carmen,Land/Lot,1183000,USD,3,,177.15,m2,"Beachfront 3BR condo at ZONNA Playa del Carmen. Ocean terrace, top-tier amenities, Mamita’s Beach. From $19.9M MXN / $1.18M USD.",https://cdn.prod.website-files.com/67dc8427d817f0abf6465164/68f7bd73e9d50eca741ed038_6%20PMC-ZNN.webp,MX,Quintana Roo,Playa del Carmen,,,Rent,2,Fabi Realtor Cancun; Jeremy,https://www.tulumlandandproperty.com/listing/3-bedroom-beachfront-residence-at-zonna-playa-del-carmen,Cancun; Playa del Carmen; Other Riviera Maya
Fabi Realtor Cancun,https://www.tulumlandandproperty.com/team-member/faby-zamora,,https://www.tulumlandandproperty.com/listing/2-bedroom-beachfront-residence-at-zonna-playa-del-carmen,2-Bedroom Beachfront Residence at ZONNA Playa del Carmen,Land/Lot,905000,USD,2,,141.77,m2,"2BR condo with oceanview terrace at ZONNA Playa del Carmen. Luxury beach amenities, steps to Mamita’s Beach. From $15.2M MXN / $905K USD.",https://cdn.prod.website-files.com/67dc8427d817f0abf6465164/68f7b50584dfcc3858e7be51_3%20PMC-ZNN.webp,MX,Quintana Roo,Playa del Carmen,,,Rent,2,Fabi Realtor Cancun; Jeremy,https://www.tulumlandandproperty.com/listing/2-bedroom-beachfront-residence-at-zonna-playa-del-carmen,Cancun; Playa del Carmen; Other Riviera Maya
Fabi Realtor Cancun,https://www.tulumlandandproperty.com/team-member/faby-zamora,,https://www.tulumlandandproperty.com/listing/1-bedroom-beachfront-loft-residence-at-zonna-playa-del-carmen,1-Bedroom Beachfront Loft Residence at ZONNA Playa del Carmen,Land/Lot,595000,USD,1,,82,m2,"Beachfront 1BR Loft at ZONNA Playa del Carmen. Terrace, luxury amenities, direct access to Mamita’s Beach. From $10M MXN / $595K USD.",https://cdn.prod.website-files.com/67dc8427d817f0abf6465164/68f7b4fb761a1c1863a40ab1_1%20PMC-ZNN.webp,MX,Quintana Roo,Playa del Carmen,,,Rent,2,Fabi Realtor Cancun; Jeremy,https://www.tulumlandandproperty.com/listing/1-bedroom-beachfront-loft-residence-at-zonna-playa-del-carmen,Cancun; Playa del Carmen; Other Riviera Maya
Frank Ruíz,https://frankruizrealtygroup.com/,,https://frankruizrealtygroup.com/real-estate/pre-sale-condos-downtown-playa-del-carmen-portofino-28/,Pre Sale Condos Downtown Playa del Carmen – 7 Smart Reasons to Buy Portofino 28,Land/Lot,75000,USD,1,1,,,Pre Sale Condos Downtown Playa del Carmen – 7 Smart Reasons to Buy Portofino 28,https://frankruizrealtygroup.com/wp-content/uploads/2026/02/portofino-28-main-exterior-downtown-playa-del-carmen.jpg; https://frankruizrealtygroup.com/wp-content/uploads/2026/02/portofino-28-main-exterior-downtown-playa-del-carmen.jpg,Mexico,Quintana Roo,Tulum,,,Rent,1,Frank Ruíz,https://frankruizrealtygroup.com/real-estate/pre-sale-condos-downtown-playa-del-carmen-portofino-28/,Playa del Carmen; Tulum; Other Riviera Maya
G&V Bienes Raices,https://www.gvbienesraices.com/,Tokko Broker,"https://www.gvbienesraices.com/p/8596998-Departamento-en-Renta-en-Playa-del-Carmen-Privada-Huatulco,-Porto-Alto,-Playa-del-Carmen","Departamento en Renta en Playa del Carmen - Privada Huatulco, Porto Alto, Playa del Carmen",Condo/Apartment,9000,MXN,2,1,,,"Departamento en renta en Playa del Carmen 2 recámaras en privada con alberca Departamento dúplex ubicado en planta alta dentro de un residencial con doble filtro de seguridad y excelentes amenidades. Una excelente opción para quienes buscan comodidad, seguridad y una ubicación estratégica cerca de supermercados, plazas comerciales y servicios. Precio:$9,000 MXN mensuales Medidas y tipologíaDepartamento dúplex en planta alta con 2 recámaras, 1 baño completo, sala, comedor, cocina integral y estacionamiento para 1 auto. Características * 2 recámaras* 1 baño completo* Cocina integral equipada* Re",https://static.tokkobroker.com/sm_pics/8596998_48831844647059705889403719945003566779031008511838287781809059986018888275966_og.jpg,Mexico,Quintana Roo,Playa del Carmen,,,Rent,1,G&V Bienes Raices,"https://www.gvbienesraices.com/p/8596998-Departamento-en-Renta-en-Playa-del-Carmen-Privada-Huatulco,-Porto-Alto,-Playa-del-Carmen",Playa del Carmen; Other Riviera Maya
G&V Bienes Raices,https://www.gvbienesraices.com/,Tokko Broker,"https://www.gvbienesraices.com/p/8157908-Departamento-en-Renta-en-Playa-del-Carmen-Residencial-Sak-Ya,-Playa-del-Carmen","Departamento en Renta en Playa del Carmen - Residencial Sak-Ya, Playa del Carmen",Condo/Apartment,14500,MXN,2,2,84,m2,"Departamento en renta en Playa del Carmen 2 recámaras amueblado con alberca Departamento amueblado ubicado en una zona residencial de Playa del Carmen, ideal para quienes buscan comodidad, espacios funcionales y acceso a áreas recreativas. Se encuentra en primer nivel y está listo para habitar. Precio:$15,000 MXN mensuales Medidas y tipología84 m² de construcción.Departamento de 2 recámaras, 2 baños completos, sala, comedor, cocina equipada y cuarto de lavado. Características * Totalmente amueblado* 2 recámaras* 2 baños completos* Cocina equipada* Cuarto de lavado* Estacionamiento para 1 auto*",https://static.tokkobroker.com/sm_pics/8157908_59615676371452351784285677303477317557396766773766099957472145662253168806673_og.jpg,Mexico,Quintana Roo,Playa del Carmen,,,Rent,1,G&V Bienes Raices,"https://www.gvbienesraices.com/p/8157908-Departamento-en-Renta-en-Playa-del-Carmen-Residencial-Sak-Ya,-Playa-del-Carmen",Playa del Carmen; Other Riviera Maya
Gelena Doehmel Realtor Mexico,https://yucatanexpert.com/,,https://yucatanexpert.com/real-estate/3-bedrooms-condo-with-ocean-view-for-sale-in-playa-del-carmen/,3 Bedrooms Condo with Ocean View for Sale in Playa del Carmen - Yucatan Expert,Land/Lot,449000,USD,3,3,,,Discover this amazing 3 bedrooms condo with ocean view for sale in Playa del Carmen. Luxurious features await you!,https://storage.googleapis.com/yucatanexpert/2023/12/Gelenaweddings-small.jpg.webp,Mexico,Quintana Roo,Tulum,,,Rent,1,Gelena Doehmel Realtor Mexico,https://yucatanexpert.com/real-estate/3-bedrooms-condo-with-ocean-view-for-sale-in-playa-del-carmen/,Playa del Carmen; Tulum; Other Riviera Maya
Gelena Doehmel Realtor Mexico,https://yucatanexpert.com/,,https://yucatanexpert.com/real-estate/family-home-with-jacuzzi-for-sale-in-playa-del-carmen/,Stylish House close to the beach for Sale in Playa del Carmen - Yucatan Expert,Land/Lot,7350000,MXN,,4,,,Discover this Family Home with Jacuzzi for Sale in Playa del Carmen; a spacious 4-bed house near the beach!,https://storage.googleapis.com/yucatanexpert/2023/12/Gelenaweddings-small.jpg.webp,Mexico,Quintana Roo,Tulum,,,Rent,1,Gelena Doehmel Realtor Mexico,https://yucatanexpert.com/real-estate/family-home-with-jacuzzi-for-sale-in-playa-del-carmen/,Playa del Carmen; Tulum; Other Riviera Maya
Gelena Doehmel Realtor Mexico,https://yucatanexpert.com/,,https://yucatanexpert.com/real-estate/house-for-sale-playa-del-carmen-paraiso-playa-encantada/,Turnkey 3-Bedroom House for Sale in Playa del Carmen with Pool - Yucatan Expert,Land/Lot,4800000,MXN,3,3,155.15,m2,"Turnkey 3-bedroom house for sale in Playa del Carmen with a private rooftop pool. Gated community, 10 minutes to the beach. $4,800,000 MXN.",https://storage.googleapis.com/yucatanexpert/2023/12/Gelenaweddings-small.jpg.webp,Mexico,Quintana Roo,Tulum,,,Rent,1,Gelena Doehmel Realtor Mexico,https://yucatanexpert.com/real-estate/house-for-sale-playa-del-carmen-paraiso-playa-encantada/,Playa del Carmen; Tulum; Other Riviera Maya
Gelena Doehmel Realtor Mexico,https://yucatanexpert.com/,,https://yucatanexpert.com/real-estate/3-bedrooms-condo-with-resort-style-amenities-for-sale-in-playa-del-carmen/,3 Bedrooms Condo with Resort-Style Amenities Awaits - Yucatan Expert,Land/Lot,3950000,MXN,3,3,,,"Explore this 3 bedrooms condo with resort-style amenities for sale in Playa del Carmen, featuring great rental potential and prime location.",https://storage.googleapis.com/yucatanexpert/2023/12/Gelenaweddings-small.jpg.webp,Mexico,Quintana Roo,Tulum,,,Rent,1,Gelena Doehmel Realtor Mexico,https://yucatanexpert.com/real-estate/3-bedrooms-condo-with-resort-style-amenities-for-sale-in-playa-del-carmen/,Playa del Carmen; Tulum; Other Riviera Maya
Gelena Doehmel Realtor Mexico,https://yucatanexpert.com/,,https://yucatanexpert.com/real-estate/beachfront-studio-for-sale-in-playa-del-carmen/,Beachfront Studio for Sale in Playa del Carmen - Yucatan Expert,Land/Lot,195000,USD,,1,47,m2,Explore this beachfront studio for sale in Playa del Carmen with stunning beach view. Ideal for living and investing!,https://storage.googleapis.com/yucatanexpert/2023/12/Gelenaweddings-small.jpg.webp,Mexico,Quintana Roo,Tulum,,,Rent,1,Gelena Doehmel Realtor Mexico,https://yucatanexpert.com/real-estate/beachfront-studio-for-sale-in-playa-del-carmen/,Playa del Carmen; Tulum; Other Riviera Maya
Gelena Doehmel Realtor Mexico,https://yucatanexpert.com/,,https://yucatanexpert.com/real-estate/condo-for-sale-playa-del-carmen/,1 Bedroom Condo Loft for Sale in Playa del Carmen - Yucatan Expert,Land/Lot,190000,USD,1,1,,,"Don't miss this 1 Bedroom Loft for Sale in Playa del Carmen, an affordable condo with amazing rental potential!",https://storage.googleapis.com/yucatanexpert/2023/12/Gelenaweddings-small.jpg.webp,Mexico,Quintana Roo,Tulum,,,Rent,1,Gelena Doehmel Realtor Mexico,https://yucatanexpert.com/real-estate/condo-for-sale-playa-del-carmen/,Playa del Carmen; Tulum; Other Riviera Maya
Gelena Doehmel Realtor Mexico,https://yucatanexpert.com/,,https://yucatanexpert.com/real-estate/commercial-space-for-sale-turnkey-playa-del-carmen/,Commercial Space for Sale Turnkey Playa del Carmen - Yucatan Expert,Land/Lot,178640,USD,,,110,m2,Discover prime Investment properties Playa del Carmen Plaza Paraíso - a 110 m² turnkey commercial space available now!,https://storage.googleapis.com/yucatanexpert/2023/12/Gelenaweddings-small.jpg.webp,Mexico,Quintana Roo,Tulum,,,Rent,1,Gelena Doehmel Realtor Mexico,https://yucatanexpert.com/real-estate/commercial-space-for-sale-turnkey-playa-del-carmen/,Playa del Carmen; Tulum; Other Riviera Maya
Gelena Doehmel Realtor Mexico,https://yucatanexpert.com/,,https://yucatanexpert.com/real-estate/playa-del-carmen-beachfront-land-for-sale-playa-paraiso/,Playa del Carmen Beachfront Land for Sale - Playa Paraiso - Yucatan Expert,Land/Lot,14000000,USD,,,,,"Discover the ideal investment with this Playa del Carmen Beachfront Land for Sale, perfect for a boutique hotel development.",https://storage.googleapis.com/yucatanexpert/2023/12/Gelenaweddings-small.jpg.webp,Mexico,Quintana Roo,Tulum,,,Rent,1,Gelena Doehmel Realtor Mexico,https://yucatanexpert.com/real-estate/playa-del-carmen-beachfront-land-for-sale-playa-paraiso/,Playa del Carmen; Tulum; Other Riviera Maya
Gelena Doehmel Realtor Mexico,https://yucatanexpert.com/,,https://yucatanexpert.com/real-estate/bold-and-bright-downtown-condos/,Bold and Bright Downtown Condos - Yucatan Expert,Land/Lot,1828561,USD,,3,403,m2,"Discover luxurious Playa del Carmen condos! This spacious penthouse features 3 beds, 4 baths, and an incredible downtown location.",https://storage.googleapis.com/yucatanexpert/2023/12/Gelenaweddings-small.jpg.webp,Mexico,Quintana Roo,Tulum,,,Rent,1,Gelena Doehmel Realtor Mexico,https://yucatanexpert.com/real-estate/bold-and-bright-downtown-condos/,Playa del Carmen; Tulum; Other Riviera Maya
Gregorio Mendoza,https://gregoriore.com/properties/,,https://gregoriore.com/properties/listing/Austin/1944427/Lampasas/7947-County-Road-1255,"7947 County Road 1255, Lampasas, TX, 76550",House,22273260,USD,0,,3536,sqft,"from mls: Pitt Creek Ranch is one of the few ranches left of its size. Extremely rare and in the most desirable area of Lampasas County! This 2,819.4-acre ranch has over 2.8 Miles of CR frontage on the South side & an additional .3 miles of CR access on the North side. The large main residence, foreman home & livestock barn offer panoramic views of the Hill Country and picturesque high mesas. 3 hunting cabins & guest cabin are fully operational for lodging or rental income. A 4-inch water main provided by Corix water lies along CR 1255 as well as established Pedernales Electric service. Native",https://photos.prod.cirrussystem.net/501/040a6f897f14c083827ef7c8aa82206d/1509328206.jpeg?width=1200&height=630,Mexico,Quintana Roo,Playa del Carmen,,,Rent,2,Gregorio Mendoza,https://gregoriore.com/properties/listing/Austin/1944427/Lampasas/7947-County-Road-1255; https://gregoriore.com/properties/listing/NTREIS/21345907/Lampasas/7947-CR-1255,Playa del Carmen; Other Riviera Maya
Hana Suzuki by iKU MEXICO,https://www.ikumexico.com/,EasyBroker,https://www.ikumexico.com/property/ph-3-recamaras-excelente-ubicacion-y-rentabilidad,"PH 3 RECAMARAS, EXCELENTE UBICACION Y RENTABILIDAD",Penthouse,5300000,USD,3,2,94,m2,"DEPARTAMENTO PH EN EL CORAZON DE PLAYA DEL CARMEN, EXCELENTE RENTABILIDAD. A PASOS DE LA 5ta AVENIDA Y A TAN SOLO UNAS CALLES DE LA PLAYA La propiedad cuenta con 3 amplias habitaciones completament...",https://assets.easybroker.com/property_images/5112918/87688174/EB-SQ2918.jpeg?height=300&version=1742521241&width=450,Mexico,Quintana Roo,Playa del Carmen,,,Rent,1,Hana Suzuki by iKU MEXICO,https://www.ikumexico.com/property/ph-3-recamaras-excelente-ubicacion-y-rentabilidad,Playa del Carmen; Other Riviera Maya
Hana Suzuki by iKU MEXICO,https://www.ikumexico.com/,EasyBroker,https://www.ikumexico.com/property/oportunidad-unica-precio-por-debajo-del-mercado,🚨VALLE AURORA/ OPORTUNIDAD UNICA | PRECIO POR DEBAJO DEL MERCADO 🚨,Condo/Apartment,5900000,USD,3,2,147,m2,"✨ ikuMexico Luxury Real Estate ✨ 🏡 Residencia de Lujo – 3 Recámaras en esquina | Playa del Carmen 2.5 baños Hermosas vistas Descubra una propiedad excepcional totalmente amueblada y equipada, ubica...",https://assets.easybroker.com/property_images/5775416/101183866/EB-VE5416.jpeg?height=300&version=1769657098&width=450,Mexico,Quintana Roo,Tulum,,,Rent,1,Hana Suzuki by iKU MEXICO,https://www.ikumexico.com/property/oportunidad-unica-precio-por-debajo-del-mercado,Playa del Carmen; Tulum; Other Riviera Maya
Hana Suzuki by iKU MEXICO,https://www.ikumexico.com/,EasyBroker,https://www.ikumexico.com/property/tu-hogar-sonado-en-playacar-fase-1-te-espera,Tu hogar soñado en Playacar Fase 1 te espera,Land/Lot,1900000,USD,4,3,352,m2,"Descubre el lujo y la exclusividad en la comunidad más privilegiada de Playa del Carmen. Esta espectacular propiedad, ubicada a solo una cuadra del mar, combina una ubicación inigualable con comodi...",https://assets.easybroker.com/property_images/4960748/84660693/EB-SB0748.jpeg?height=300&version=1736895042&width=450,Mexico,Quintana Roo,Tulum,,,Rent,1,Hana Suzuki by iKU MEXICO,https://www.ikumexico.com/property/tu-hogar-sonado-en-playacar-fase-1-te-espera,Playa del Carmen; Tulum; Other Riviera Maya
Hana Suzuki by iKU MEXICO,https://www.ikumexico.com/,EasyBroker,https://www.ikumexico.com/property/se-renta-habitacion-con-bano-privado-en-casa-compartida-la-joya-xamanha-solidaridad,"SE RENTA HABITACION CON BAÑO PRIVADO , EN CASA COMPARTIDA",Condo/Apartment,6900,USD,1,1,,,Recamara EN LA JOYA. A 5 min del centro maya Incluye todos los servicios Comparten áreas comunes de la casa - cama matrimonial - Baño vestidor privado - Roof - Alberca - Áreas verdes - Palapa - Cam...,https://assets.easybroker.com/property_images/4449769/74420445/EB-QB9769.jpg?height=300&version=1714260272&width=450,Mexico,Quintana Roo,Playa del Carmen,,,Rent,2,Hana Suzuki by iKU MEXICO,https://www.ikumexico.com/property/se-renta-habitacion-con-bano-privado-en-casa-compartida-la-joya-xamanha; https://www.ikumexico.com/property/se-renta-habitacion-con-bano-privado-en-casa-compartida-la-joya-xamanha-solidaridad,Playa del Carmen; Other Riviera Maya
InmoNetwork,https://www.inmonetwork.com,Tokko Broker,https://www.inmonetwork.com/p/8587628-Casa-en-condominio-en-Renta-en-Fraccionamiento-La-Joya-Casa-Amueblada-en-Renta-Residencial-La-Joya-Playa-del-Carmen-de-3-Rec%C3%A1maras,Casa en condominio en Renta en Fraccionamiento La Joya - Casa Amueblada en Renta Residencial La Joya Playa del Carmen de 3 Recámaras,House,20000,MXN,3,8,160,m2,"CASA EN RENTA EN RESIDENCIAL LA JOYA PLAYA DEL CARMEN CON 3 RECÁMARAS Y JARDÍN Mantenimiento incluido120 m² de terreno160.22 m² de construcción3 recámaras2.5 bañosRecámara principal con vestidor y bañoÁrea de estudioCocina integral equipadaCuarto de lavadoJardín privadoSeguridad 24/7 Disfruta de la comodidad y tranquilidad de vivir en Residencial La Joya, uno de los fraccionamientos con mayor demanda en Playa del Carmen gracias a su excelente ubicación, ambiente familiar y rápida conexión con los principales puntos de la ciudad. La casa ofrece una distribución funcional con tres amplias recáma",https://static.tokkobroker.com/sm_pics/8587628_60482742499150436685325638221310485385872743947709653113077437135329734277932_og.jpg,Mexico,Quintana Roo,Playa del Carmen,,,Rent,1,InmoNetwork,https://www.inmonetwork.com/p/8587628-Casa-en-condominio-en-Renta-en-Fraccionamiento-La-Joya-Casa-Amueblada-en-Renta-Residencial-La-Joya-Playa-del-Carmen-de-3-Rec%C3%A1maras,Playa del Carmen; Other Riviera Maya
InmoNetwork,https://www.inmonetwork.com,Tokko Broker,https://www.inmonetwork.com/p/8572170-Departamento-en-Renta-en-Fraccionamiento-Lolkaatun-Renta-Departamento-de-2-Rec%C3%A1maras-y-Roof-en-Lol-Ka-Tun-Playa-Xcalacoco,Departamento en Renta en Fraccionamiento Lolkaatun - Renta Departamento de 2 Recámaras y Roof en Lol Ka Tun Playa Xcalacoco,Condo/Apartment,12000,MXN,2,2,90,m2,"DEPARTAMENTO EN RENTA EN LOL KA TUN PLAYA DEL CARMEN CON ROOF GARDEN CERCA DE PLAYA XCALACOCO 2 recámaras2 baños completosSin mueblesRoof garden privadoCocina integralSala y comedorAlberca comúnParque centralJardinesCaseta de seguridadComunidad privada y tranquila Disfruta de un estilo de vida rodeado de naturaleza en Lol Ka Tun, un exclusivo residencial ubicado en la zona de Xcalacoco, una de las áreas más tranquilas y con mayor calidad de vida de Playa del Carmen. El desarrollo se encuentra a pocos minutos de la hermosa Playa Xcalacoco, reconocida por su ambiente relajado, arena blanca y agu",https://static.tokkobroker.com/sm_pics/8572170_17566294670312645012614822608919794161692357117143741605545271367752281238324_og.jpg,Mexico,Quintana Roo,Playa del Carmen,,,Rent,1,InmoNetwork,https://www.inmonetwork.com/p/8572170-Departamento-en-Renta-en-Fraccionamiento-Lolkaatun-Renta-Departamento-de-2-Rec%C3%A1maras-y-Roof-en-Lol-Ka-Tun-Playa-Xcalacoco,Playa del Carmen; Other Riviera Maya
InmoNetwork,https://www.inmonetwork.com,Tokko Broker,https://www.inmonetwork.com/p/8516529-Departamento-en-Renta-en-Playa-Car-Fase-II-Departamento-Amueblado-en-renta-en-Playacar-con-2-recs,Departamento en Renta en Playa Car Fase II - Departamento Amueblado en renta en Playacar con 2 recs,Land/Lot,16500,MXN,2,2,70,m2,"DEPARTAMENTO AMUEBLADO EN RENTA EN PLAYACAR EN PLANTA BAJA $16,500 MXN mensualesMantenimiento incluido 70 m² | Planta baja 2 recámaras1.5 bañosTerraza privada con salida a la alberca1 estacionamiento asignado + visitas Amenidades:AlbercaPalapaAsador JardinesCamastrosSeguridad y acceso controlado Ubicado dentro de Playacar, el residencial más exclusivo de Playa del Carmen, con amplias áreas verdes, ciclovías y seguridad 24/7. A pocos minutos de la playa, Quinta Avenida, Paseo del Carmen, supermercados, restaurantes y todos los servicios. Agenda tu visita hoy mismo",https://static.tokkobroker.com/sm_pics/8516529_106678174284257577308535958782191049390563664963187937784075036782631619962327_og.jpg,Mexico,Quintana Roo,Playa del Carmen,,,Rent,1,InmoNetwork,https://www.inmonetwork.com/p/8516529-Departamento-en-Renta-en-Playa-Car-Fase-II-Departamento-Amueblado-en-renta-en-Playacar-con-2-recs,Playa del Carmen; Other Riviera Maya
InmoNetwork,https://www.inmonetwork.com,Tokko Broker,https://www.inmonetwork.com/p/8472913-Departamento-en-Renta-en-Playa-Car-Fase-II-RENTA-Departamento-Amueblado-en-PB-de-2-Rec%C3%A1maras-con-Alberca-Playacar,Departamento en Renta en Playa Car Fase II - RENTA Departamento Amueblado en PB de 2 Recámaras con Alberca Playacar,Condo/Apartment,17000,MXN,2,2,90,m2,"DEPARTAMENTO AMUEBLADO EN PB RENTA EN PLAYACAR PLAYA DEL CARMEN CON TERRAZA PRIVADA Mantenimiento incluido90 m² de construcciónPlanta baja2 recámaras2 baños completosRecámara principal con vestidor y terraza privadaSala y comedorCocina equipadaCuarto de lavado con lavadora y secadora1 lugar de estacionamientoAlberca comúnPalapa para eventosSeguridad y acceso controlado Vive dentro de Playacar, la comunidad residencial más exclusiva y consolidada de Playa del Carmen, reconocida por sus amplias áreas verdes, calles arboladas, seguridad permanente y un entorno residencial de primer nivel. Este de",https://static.tokkobroker.com/sm_pics/8472913_75624572473727478970349133387811900099626312669951405832868218476465416174706_og.jpg,Mexico,Quintana Roo,Playa del Carmen,,,Rent,1,InmoNetwork,https://www.inmonetwork.com/p/8472913-Departamento-en-Renta-en-Playa-Car-Fase-II-RENTA-Departamento-Amueblado-en-PB-de-2-Rec%C3%A1maras-con-Alberca-Playacar,Playa del Carmen; Other Riviera Maya
InmoNetwork,https://www.inmonetwork.com,Tokko Broker,https://www.inmonetwork.com/p/8381893-Bodega-Industrial-en-Renta-en-Residencial-Cumbres-Bodega-Industrial-nueva-en-RENTA-en-Infinity-Park-Canc%C3%BAn,Bodega Industrial en Renta en Residencial Cumbres - Bodega Industrial nueva en RENTA en Infinity Park Cancún,Land/Lot,140000,MXN,,,937,m2,"BODEGA INDUSTRIAL EN RENTA EN INFINITY PARK CANCÚN CON 2 ANDENES 937 m² de superficie totalAltura libre de 9 metros con techo térmico y acústicoEstructura de concreto de alta resistenciaPiso de concreto pulido con capacidad industrial12 estacionamientos al frente2 andenes propios para carga y descargaAcceso controlado 24/7 Ubicada dentro de Infinity Park, el desarrollo industrial más moderno de Cancún, esta nave industrial está diseñada para empresas que buscan infraestructura de alto nivel, conectividad y operación eficiente. La propiedad cuenta con 937 m² de superficie total, altura libre de",https://static.tokkobroker.com/sm_pics/8381893_45162507068016930462151410541901815728396789033903716664901103393046243885376_og.jpg,Mexico,Quintana Roo,Playa del Carmen,,,Rent,1,InmoNetwork,https://www.inmonetwork.com/p/8381893-Bodega-Industrial-en-Renta-en-Residencial-Cumbres-Bodega-Industrial-nueva-en-RENTA-en-Infinity-Park-Canc%C3%BAn,Cancun; Playa del Carmen; Other Riviera Maya
Karina Sayed,https://playarealtors.co,Tokko Broker,https://playarealtors.co/listings/prime-luxury-land-in-playa-del-carmen-with-golf-and-beach-access/,Prime Luxury Land in Playa del Carmen with Golf and Beach Access - Playa Realtors,Land/Lot,242000,USD,,,500,m2,"As the President and Broker of Playa Realtors, Karina brings a wealth of expertise, extensive knowledge, and a remarkable professional journey to the forefront.",https://playarealtors.co/wp-content/uploads/2026/05/playarealtors-social.jpg,Mexico,Q.R.,Gonzalo Guerrero,,,Rent,1,Karina Sayed,https://playarealtors.co/listings/prime-luxury-land-in-playa-del-carmen-with-golf-and-beach-access/,Playa del Carmen
Karina Sayed,https://playarealtors.co,Tokko Broker,https://playarealtors.co/listings/angelina-2-bedroom-apartment-for-rent-in-downtown-playa-del-carmen/,Angelina - 2 Bedroom Apartment for Rent in Downtown Playa del Carmen - Playa Realtors,Land/Lot,25000,MXN,2,2,114,m2,"As the President and Broker of Playa Realtors, Karina brings a wealth of expertise, extensive knowledge, and a remarkable professional journey to the forefront.",https://playarealtors.co/wp-content/uploads/2026/05/playarealtors-social.jpg,Mexico,Q.R.,Gonzalo Guerrero,,,Rent,1,Karina Sayed,https://playarealtors.co/listings/angelina-2-bedroom-apartment-for-rent-in-downtown-playa-del-carmen/,Playa del Carmen
Karina Sayed,https://playarealtors.co,Tokko Broker,https://playarealtors.co/listings/golf-drive-2-bedroom-apartment-for-rent-in-playacar-phase-2-furnished-with-golf-course-view/,"GOLF DRIVE - 2 Bedroom Apartment For Rent in Playacar Phase 2 - Furnished, with Golf Course View - Playa Realtors",Land/Lot,27000,MXN,2,2,75,m2,"As the President and Broker of Playa Realtors, Karina brings a wealth of expertise, extensive knowledge, and a remarkable professional journey to the forefront.",https://playarealtors.co/wp-content/uploads/2026/05/playarealtors-social.jpg,Mexico,Q.R.,Gonzalo Guerrero,,,Rent,1,Karina Sayed,https://playarealtors.co/listings/golf-drive-2-bedroom-apartment-for-rent-in-playacar-phase-2-furnished-with-golf-course-view/,Playa del Carmen
Karina Sayed,https://playarealtors.co,Tokko Broker,https://playarealtors.co/listings/starlight-3-bedroom-condominium-for-sale-in-playa-del-carmen-with-incredible-sunset-views-and-dual-income-opportunity/,STARLIGHT - 3 Bedroom Condominium for Sale in Playa del Carmen with Incredible Sunset Views and Dual Income Opportunity - Playa Realtors,Land/Lot,437500,USD,3,4,205.00,m2,"As the President and Broker of Playa Realtors, Karina brings a wealth of expertise, extensive knowledge, and a remarkable professional journey to the forefront.",https://playarealtors.co/wp-content/uploads/2026/05/playarealtors-social.jpg,Mexico,Q.R.,Gonzalo Guerrero,,,Rent,1,Karina Sayed,https://playarealtors.co/listings/starlight-3-bedroom-condominium-for-sale-in-playa-del-carmen-with-incredible-sunset-views-and-dual-income-opportunity/,Playa del Carmen
Karina Sayed,https://playarealtors.co,Tokko Broker,https://playarealtors.co/listings/casa-nava-1-story-house-for-sale-in-playa-del-carmen-with-garden-and-expansion-potential/,Casa NAVA - 1-Story House for Sale in Playa del Carmen with Garden and Expansion Potential - Playa Realtors,Land/Lot,196875,USD,1,2,312,m2,"As the President and Broker of Playa Realtors, Karina brings a wealth of expertise, extensive knowledge, and a remarkable professional journey to the forefront.",https://playarealtors.co/wp-content/uploads/2026/05/playarealtors-social.jpg,Mexico,Q.R.,Gonzalo Guerrero,,,Rent,1,Karina Sayed,https://playarealtors.co/listings/casa-nava-1-story-house-for-sale-in-playa-del-carmen-with-garden-and-expansion-potential/,Playa del Carmen
Karina Sayed,https://playarealtors.co,Tokko Broker,https://playarealtors.co/listings/luxury-2-bedroom-apartment-for-sale-in-playa-del-carmen-excellent-investment-and-appreciation/,Luxury 2-Bedroom Apartment for Sale in Playa del Carmen – Excellent Investment and Appreciation - Playa Realtors,Land/Lot,544516,USD,2,2,82.87,m2,"As the President and Broker of Playa Realtors, Karina brings a wealth of expertise, extensive knowledge, and a remarkable professional journey to the forefront.",https://playarealtors.co/wp-content/uploads/2026/05/playarealtors-social.jpg,Mexico,Q.R.,Gonzalo Guerrero,,,Rent,1,Karina Sayed,https://playarealtors.co/listings/luxury-2-bedroom-apartment-for-sale-in-playa-del-carmen-excellent-investment-and-appreciation/,Playa del Carmen
Karina Sayed,https://playarealtors.co,Tokko Broker,https://playarealtors.co/listings/1-bedroom-apartment-for-sale-in-playa-del-carmen-steps-away-from-the-beach/,1-Bedroom Apartment for Sale in Playa del Carmen – Steps Away from the Beach - Playa Realtors,Land/Lot,307673,USD,2,1,44.36,m2,"As the President and Broker of Playa Realtors, Karina brings a wealth of expertise, extensive knowledge, and a remarkable professional journey to the forefront.",https://playarealtors.co/wp-content/uploads/2026/05/playarealtors-social.jpg,Mexico,Q.R.,Gonzalo Guerrero,,,Rent,2,Karina Sayed,https://playarealtors.co/listings/1-bedroom-apartment-for-sale-in-playa-del-carmen-steps-away-from-the-beach/; https://playarealtors.co/listings/3-bedroom-3-bathroom-villa-for-sale-in-playa-del-carmen-light-spaciousness-and-interior-garden/,Playa del Carmen
Karina Sayed,https://playarealtors.co,Tokko Broker,https://playarealtors.co/listings/zilha-42-studio-for-sale-in-playa-del-carmen-ideal-for-vacation-rentals/,"ZILHA 42 - Studio for Sale in Playa del Carmen, ideal for vacation rentals. - Playa Realtors",Land/Lot,120000,USD,1,1,22.35,m2,"As the President and Broker of Playa Realtors, Karina brings a wealth of expertise, extensive knowledge, and a remarkable professional journey to the forefront.",https://playarealtors.co/wp-content/uploads/2026/05/playarealtors-social.jpg,Mexico,Q.R.,Gonzalo Guerrero,,,Rent,2,Karina Sayed,https://playarealtors.co/listings/furnished-1-bedroom-apartment-for-sale-in-playa-del-carmen-riviera-towers-area-of-high-added-value/; https://playarealtors.co/listings/zilha-42-studio-for-sale-in-playa-del-carmen-ideal-for-vacation-rentals/,Playa del Carmen
Karina Sayed,https://playarealtors.co,Tokko Broker,https://playarealtors.co/listings/casa-perla-4-bedroom-villa-for-sale-in-playacar-phase-2-playa-del-carmen-with-private-pool/,"Villa Pakal - 4-Bedroom Villa for Sale in Playacar Phase 2, Playa del Carmen with Private Pool - Playa Realtors",Land/Lot,675000,USD,4,4,555.44,m2,"As the President and Broker of Playa Realtors, Karina brings a wealth of expertise, extensive knowledge, and a remarkable professional journey to the forefront.",https://playarealtors.co/wp-content/uploads/2026/05/playarealtors-social.jpg,Mexico,Q.R.,Gonzalo Guerrero,,,Rent,1,Karina Sayed,https://playarealtors.co/listings/casa-perla-4-bedroom-villa-for-sale-in-playacar-phase-2-playa-del-carmen-with-private-pool/,Playa del Carmen
Karina Sayed,https://playarealtors.co,Tokko Broker,https://playarealtors.co/listings/perfect-place-studio-for-sale-in-playa-del-carmen-steps-from-fifth-avenue-with-high-vacation-rental-potential/,"PERFECT PLACE - Studio for Sale in Playa del Carmen, steps from Fifth Avenue with high vacation rental potential - Playa Realtors",Land/Lot,213888,USD,1,1,37.52,m2,"As the President and Broker of Playa Realtors, Karina brings a wealth of expertise, extensive knowledge, and a remarkable professional journey to the forefront.",https://playarealtors.co/wp-content/uploads/2026/05/playarealtors-social.jpg,Mexico,Q.R.,Gonzalo Guerrero,,,Rent,1,Karina Sayed,https://playarealtors.co/listings/perfect-place-studio-for-sale-in-playa-del-carmen-steps-from-fifth-avenue-with-high-vacation-rental-potential/,Playa del Carmen
Karina Sayed,https://playarealtors.co,Tokko Broker,https://playarealtors.co/listings/ocean-near-studio-for-sale-in-playa-del-carmen-live-the-caribbean-life/,Ocean-Near Studio for Sale in Playa del Carmen - Live the Caribbean Life - Playa Realtors,Land/Lot,289028,USD,2,1,29.10,m2,"As the President and Broker of Playa Realtors, Karina brings a wealth of expertise, extensive knowledge, and a remarkable professional journey to the forefront.",https://playarealtors.co/wp-content/uploads/2026/05/playarealtors-social.jpg,Mexico,Q.R.,Gonzalo Guerrero,,,Rent,3,Karina Sayed,https://playarealtors.co/listings/1-bedroom-condo-for-sale-in-costa-mujeres-ideal-for-oceanfront-vacation-investment/; https://playarealtors.co/listings/3-bedroom-villa-for-sale-in-zona-diamante-two-level-spaces-perfect-for-families/; https://playarealtors.co/listings/ocean-near-studio-for-sale-in-playa-del-carmen-live-the-caribbean-life/,Playa del Carmen
Karina Sayed,https://playarealtors.co,Tokko Broker,https://playarealtors.co/listings/papaya-2-bedroom-ph-apartment-for-sale-in-playa-del-carmen-with-private-jacuzzi-and-strategic-downtown-location/,PAPAYA - 2-Bedroom PH Apartment for Sale in Playa del Carmen with Private Jacuzzi and Strategic Downtown Location - Playa Realtors,Land/Lot,315000,USD,2,2,183.01,m2,"As the President and Broker of Playa Realtors, Karina brings a wealth of expertise, extensive knowledge, and a remarkable professional journey to the forefront.",https://playarealtors.co/wp-content/uploads/2026/05/playarealtors-social.jpg,Mexico,Q.R.,Gonzalo Guerrero,,,Rent,1,Karina Sayed,https://playarealtors.co/listings/papaya-2-bedroom-ph-apartment-for-sale-in-playa-del-carmen-with-private-jacuzzi-and-strategic-downtown-location/,Playa del Carmen
Karina Sayed,https://playarealtors.co,Tokko Broker,https://playarealtors.co/listings/kuxtal-1-bedroom-apartment-for-sale-in-playa-del-carmen-riviera-maya-steps-from-quinta-avenida-and-the-sea/,"KUXTAL - 1 Bedroom Apartment for Sale in Playa del Carmen, Riviera Maya, Steps from Quinta Avenida and the Sea - Playa Realtors",Land/Lot,256250,USD,1,1,55.00,m2,"As the President and Broker of Playa Realtors, Karina brings a wealth of expertise, extensive knowledge, and a remarkable professional journey to the forefront.",https://playarealtors.co/wp-content/uploads/2026/05/playarealtors-social.jpg,Mexico,Q.R.,Gonzalo Guerrero,,,Rent,1,Karina Sayed,https://playarealtors.co/listings/kuxtal-1-bedroom-apartment-for-sale-in-playa-del-carmen-riviera-maya-steps-from-quinta-avenida-and-the-sea/,Playa del Carmen; Other Riviera Maya
Karina Sayed,https://playarealtors.co,Tokko Broker,https://playarealtors.co/listings/kuxtal-penthouse-for-sale-in-playa-del-carmen-with-ocean-view-and-private-rooftop-pool/,KUXTAL- Penthouse for Sale in Playa del Carmen with Ocean View and Private Rooftop Pool - Playa Realtors,Land/Lot,712500,USD,3,5,190,m2,"As the President and Broker of Playa Realtors, Karina brings a wealth of expertise, extensive knowledge, and a remarkable professional journey to the forefront.",https://playarealtors.co/wp-content/uploads/2026/05/playarealtors-social.jpg,Mexico,Q.R.,Gonzalo Guerrero,,,Rent,1,Karina Sayed,https://playarealtors.co/listings/kuxtal-penthouse-for-sale-in-playa-del-carmen-with-ocean-view-and-private-rooftop-pool/,Playa del Carmen
Karina Sayed,https://playarealtors.co,Tokko Broker,https://playarealtors.co/listings/azul-playacar-3-bedroom-penthouse-for-sale-in-playacar-phase-ii-with-private-rooftop-and-jungle-view/,"Azul Playacar - 3 Bedroom Penthouse for Sale in Playacar Phase II with Private Rooftop, solar panels and Jungle View - Playa Realtors",Land/Lot,493750,USD,3,3.5,208,m2,"As the President and Broker of Playa Realtors, Karina brings a wealth of expertise, extensive knowledge, and a remarkable professional journey to the forefront.",https://playarealtors.co/wp-content/uploads/2026/05/playarealtors-social.jpg,Mexico,Q.R.,Gonzalo Guerrero,,,Rent,1,Karina Sayed,https://playarealtors.co/listings/azul-playacar-3-bedroom-penthouse-for-sale-in-playacar-phase-ii-with-private-rooftop-and-jungle-view/,Playa del Carmen
Karina Sayed,https://playarealtors.co,Tokko Broker,https://playarealtors.co/listings/studio-for-sale-in-playa-del-carmen-secure-investment-with-high-appreciation-in-a-consolidated-area/,Studio for Sale in Playa del Carmen – Secure Investment with High Appreciation in a Consolidated Area - Playa Realtors,Land/Lot,200679,USD,,2,45,m2,"As the President and Broker of Playa Realtors, Karina brings a wealth of expertise, extensive knowledge, and a remarkable professional journey to the forefront.",https://playarealtors.co/wp-content/uploads/2026/05/playarealtors-social.jpg,Mexico,Q.R.,Gonzalo Guerrero,,,Rent,2,Karina Sayed,https://playarealtors.co/listings/land-for-sale-in-pueblo-sacbe-playa-del-carmen-the-opportunity-to-live-surrounded-by-nature/; https://playarealtors.co/listings/studio-for-sale-in-playa-del-carmen-secure-investment-with-high-appreciation-in-a-consolidated-area/,Playa del Carmen
Karina Sayed,https://playarealtors.co,Tokko Broker,https://playarealtors.co/listings/stunning-3-bedroom-penthouse-with-panoramic-caribbean-sea-views-for-sale-in-playa-del-carmen/,Stunning 3-Bedroom Penthouse with Panoramic Caribbean Sea Views – For Sale in Playa del Carmen - Playa Realtors,Land/Lot,3242400,USD,2,3,386,m2,"As the President and Broker of Playa Realtors, Karina brings a wealth of expertise, extensive knowledge, and a remarkable professional journey to the forefront.",https://playarealtors.co/wp-content/uploads/2026/05/playarealtors-social.jpg,Mexico,Q.R.,Gonzalo Guerrero,,,Rent,1,Karina Sayed,https://playarealtors.co/listings/stunning-3-bedroom-penthouse-with-panoramic-caribbean-sea-views-for-sale-in-playa-del-carmen/,Playa del Carmen
Karina Sayed,https://playarealtors.co,Tokko Broker,https://playarealtors.co/listings/2-bedroom-beachfront-mangrove-view-condo-for-sale-in-playa-del-carmen/,2-Bedroom Beachfront &amp; Mangrove View Condo for Sale in Playa del Carmen - Playa Realtors,Land/Lot,739338,USD,2,2,110,m2,"As the President and Broker of Playa Realtors, Karina brings a wealth of expertise, extensive knowledge, and a remarkable professional journey to the forefront.",https://playarealtors.co/wp-content/uploads/2026/05/playarealtors-social.jpg,Mexico,Q.R.,Gonzalo Guerrero,,,Rent,1,Karina Sayed,https://playarealtors.co/listings/2-bedroom-beachfront-mangrove-view-condo-for-sale-in-playa-del-carmen/,Playa del Carmen
Karina Sayed,https://playarealtors.co,Tokko Broker,https://playarealtors.co/listings/1-bedroom-apartment-with-luxury-finishes-for-sale-in-playa-del-carmen/,1 Bedroom Apartment with Luxury Finishes - For Sale in Playa del Carmen - Playa Realtors,Land/Lot,365750,USD,1,1,50,m2,"As the President and Broker of Playa Realtors, Karina brings a wealth of expertise, extensive knowledge, and a remarkable professional journey to the forefront.",https://playarealtors.co/wp-content/uploads/2026/05/playarealtors-social.jpg,Mexico,Q.R.,Gonzalo Guerrero,,,Rent,1,Karina Sayed,https://playarealtors.co/listings/1-bedroom-apartment-with-luxury-finishes-for-sale-in-playa-del-carmen/,Playa del Carmen
Karina Sayed,https://playarealtors.co,Tokko Broker,https://playarealtors.co/listings/aleda-residencial-175-m2-lot-for-sale-ideal-to-build-your-home-in-playa-del-carmen/,"ALEDA Residencial - 175 m2 Lot for Sale, ideal to build your home in Playa del Carmen - Playa Realtors",Land/Lot,90625,USD,,,175,m2,"As the President and Broker of Playa Realtors, Karina brings a wealth of expertise, extensive knowledge, and a remarkable professional journey to the forefront.",https://playarealtors.co/wp-content/uploads/2026/05/playarealtors-social.jpg,Mexico,Q.R.,Gonzalo Guerrero,,,Rent,1,Karina Sayed,https://playarealtors.co/listings/aleda-residencial-175-m2-lot-for-sale-ideal-to-build-your-home-in-playa-del-carmen/,Playa del Carmen
Karina Sayed,https://playarealtors.co,Tokko Broker,https://playarealtors.co/listings/levitat-high-value-studio-for-sale-in-playa-del-carmen-a-smart-investment-2/,"LEVITAT 32 - Studio for Sale in Playa del Carmen, excellent location - Playa Realtors",Land/Lot,155555,USD,,2,43.12,m2,"As the President and Broker of Playa Realtors, Karina brings a wealth of expertise, extensive knowledge, and a remarkable professional journey to the forefront.",https://playarealtors.co/wp-content/uploads/2026/05/playarealtors-social.jpg,Mexico,Q.R.,Gonzalo Guerrero,,,Rent,4,Karina Sayed,https://playarealtors.co/listings/levitat-32-high-value-studio-apartment-for-sale-in-playa-del-carmen-smart-investment/; https://playarealtors.co/listings/levitat-high-value-studio-for-sale-in-playa-del-carmen-a-smart-investment-2/; https://playarealtors.co/listings/studio-for-sale-with-rooftop-sunset-views-in-the-heart-of-playa-del-carmen/; https://playarealtors.co/listings/the-ultimate-574-08-m%C2%B2-lot-in-tulum-pure-paradise-prime-location-just-5-minutes-from-the-ocean/,Playa del Carmen
Karina Sayed,https://playarealtors.co,Tokko Broker,https://playarealtors.co/listings/el-faro-2-bedroom-apartment-for-sale-in-playa-del-carmen-with-one-of-the-best-oceanfront-locations/,El FARO - 2-Bedroom Apartment for Sale in Playa del Carmen with One of the Best Oceanfront Locations. - Playa Realtors,Land/Lot,949000,USD,2,2,168.24,m2,"As the President and Broker of Playa Realtors, Karina brings a wealth of expertise, extensive knowledge, and a remarkable professional journey to the forefront.",https://playarealtors.co/wp-content/uploads/2026/05/playarealtors-social.jpg,Mexico,Q.R.,Gonzalo Guerrero,,,Rent,3,Karina Sayed,https://playarealtors.co/listings/2-bedroom-apartment-for-sale-in-cozumel-terrace-with-paradise-views/; https://playarealtors.co/listings/el-faro-2-bedroom-apartment-for-sale-in-playa-del-carmen-with-one-of-the-best-oceanfront-locations/; https://playarealtors.co/listings/luxury-2-bedroom-condo-for-sale-luxury-finishes-and-caribbean-views/,Playa del Carmen
Karina Sayed,https://playarealtors.co,Tokko Broker,https://playarealtors.co/listings/3-bedroom-house-for-sale-in-palmas-ii-with-private-pool-excellent-price-in-playa-del-carmen/,3-bedroom House for Sale in Palmas II with Private Pool - Excellent Price in Playa del Carmen - Playa Realtors,Land/Lot,150000,USD,3,2,105,m2,"As the President and Broker of Playa Realtors, Karina brings a wealth of expertise, extensive knowledge, and a remarkable professional journey to the forefront.",https://playarealtors.co/wp-content/uploads/2026/05/playarealtors-social.jpg,Mexico,Q.R.,Gonzalo Guerrero,,,Rent,2,Karina Sayed,https://playarealtors.co/listings/3-bedroom-house-for-sale-in-palmas-ii-with-private-pool-excellent-price-in-playa-del-carmen/; https://playarealtors.co/listings/best-priced-3-bedroom-home-for-sale-in-playa-del-carmen-furnished-move-in-ready/,Playa del Carmen
Karina Sayed,https://playarealtors.co,Tokko Broker,https://playarealtors.co/listings/corner-home-for-sale-in-playa-del-carmen-2-bedrooms-expansion-potential-in-la-toscana/,Corner Home for Sale in Playa del Carmen | 2 Bedrooms | Expansion Potential in La Toscana - Playa Realtors,Land/Lot,138300,USD,2,1,88.87,m2,"As the President and Broker of Playa Realtors, Karina brings a wealth of expertise, extensive knowledge, and a remarkable professional journey to the forefront.",https://playarealtors.co/wp-content/uploads/2026/05/playarealtors-social.jpg,Mexico,Q.R.,Gonzalo Guerrero,,,Rent,1,Karina Sayed,https://playarealtors.co/listings/corner-home-for-sale-in-playa-del-carmen-2-bedrooms-expansion-potential-in-la-toscana/,Playa del Carmen
Karina Sayed,https://playarealtors.co,Tokko Broker,https://playarealtors.co/listings/habanero-living-spacious-furnished-one-bedroom-apartment-for-sale-in-playa-del-carmen/,HABANERO LIVING - Spacious furnished one-bedroom apartment for sale in Playa del Carmen - Playa Realtors,Land/Lot,166666,USD,1,1,45.47,m2,"As the President and Broker of Playa Realtors, Karina brings a wealth of expertise, extensive knowledge, and a remarkable professional journey to the forefront.",https://playarealtors.co/wp-content/uploads/2026/05/playarealtors-social.jpg,Mexico,Q.R.,Gonzalo Guerrero,,,Rent,1,Karina Sayed,https://playarealtors.co/listings/habanero-living-spacious-furnished-one-bedroom-apartment-for-sale-in-playa-del-carmen/,Playa del Carmen
Karina Sayed,https://playarealtors.co,Tokko Broker,https://playarealtors.co/listings/house-for-sale-in-playacar-phase-ii-riviera-maya-one-of-a-kind-luxury-design/,"House for Sale in Playacar Phase II, Riviera Maya – One-of-a-Kind Luxury Design - Playa Realtors",Land/Lot,1950000,USD,6,6,710,m2,"As the President and Broker of Playa Realtors, Karina brings a wealth of expertise, extensive knowledge, and a remarkable professional journey to the forefront.",https://playarealtors.co/wp-content/uploads/2026/05/playarealtors-social.jpg,Mexico,Q.R.,Gonzalo Guerrero,,,Rent,1,Karina Sayed,https://playarealtors.co/listings/house-for-sale-in-playacar-phase-ii-riviera-maya-one-of-a-kind-luxury-design/,Playa del Carmen; Other Riviera Maya
Karina Sayed,https://playarealtors.co,Tokko Broker,https://playarealtors.co/listings/mixed-use-land-two-cabins-commercial-space-and-independent-studio-in-playa-del-carmen-unique-opportunity/,"Mixed-use land - Two cabins, commercial space and independent studio in Playa del Carmen - Unique opportunity - Playa Realtors",Land/Lot,240277,USD,2,3,312.50,m2,"As the President and Broker of Playa Realtors, Karina brings a wealth of expertise, extensive knowledge, and a remarkable professional journey to the forefront.",https://playarealtors.co/wp-content/uploads/2026/05/playarealtors-social.jpg,Mexico,Q.R.,Gonzalo Guerrero,,,Rent,2,Karina Sayed,https://playarealtors.co/listings/condo-for-sale-in-tulum-1-bedroom-in-the-premium-zone-with-private-terrace/; https://playarealtors.co/listings/mixed-use-land-two-cabins-commercial-space-and-independent-studio-in-playa-del-carmen-unique-opportunity/,Playa del Carmen
Karina Sayed,https://playarealtors.co,Tokko Broker,https://playarealtors.co/listings/penthouse-vaiven-del-viento-luxury-with-private-pool-in-playacar-phase-2/,Penthouse Vaivén del Viento - Luxury with private pool in Playacar Phase 2 - Playa Realtors,Land/Lot,455555,USD,2,2.5,125,m2,"As the President and Broker of Playa Realtors, Karina brings a wealth of expertise, extensive knowledge, and a remarkable professional journey to the forefront.",https://playarealtors.co/wp-content/uploads/2026/05/playarealtors-social.jpg,Mexico,Q.R.,Gonzalo Guerrero,,,Rent,4,Karina Sayed,https://playarealtors.co/listings/2-bedroom-condo-for-sale-playa-del-carmens-diamond-district-with-high-appreciation-and-international-connectivity/; https://playarealtors.co/listings/2-bedroom-condo-with-30-amenities-for-sale-oceanview-pool-gym-and-coworking-space/; https://playarealtors.co/listings/2-bedroom-condo-with-stunning-ocean-views-for-sale-in-playa-del-carmen/; https://playarealtors.co/listings/penthouse-vaiven-del-viento-luxury-with-private-pool-in-playacar-phase-2/,Playa del Carmen
Karina Sayed,https://playarealtors.co,Tokko Broker,https://playarealtors.co/listings/lot-for-sale-on-avenida-universidades-playa-del-carmen-with-appreciation-potential-ideal-for-investors/,"Lot for sale on Avenida Universidades, Playa del Carmen - With appreciation potential, ideal for investors - Playa Realtors",Land/Lot,330555,USD,,,1176.25,m2,"As the President and Broker of Playa Realtors, Karina brings a wealth of expertise, extensive knowledge, and a remarkable professional journey to the forefront.",https://playarealtors.co/wp-content/uploads/2026/05/playarealtors-social.jpg,Mexico,Q.R.,Gonzalo Guerrero,,,Rent,1,Karina Sayed,https://playarealtors.co/listings/lot-for-sale-on-avenida-universidades-playa-del-carmen-with-appreciation-potential-ideal-for-investors/,Playa del Carmen
Karina Sayed,https://playarealtors.co,Tokko Broker,https://playarealtors.co/listings/studio-condo-for-sale-in-playa-del-carmen-steps-from-fifth-avenue-high-tourist-demand-and-professional-management/,Studio Condo for Sale in Playa del Carmen – Steps from Fifth Avenue – High Tourist Demand and Professional Management - Playa Realtors,Land/Lot,223111,USD,1,2,386.00,m2,"As the President and Broker of Playa Realtors, Karina brings a wealth of expertise, extensive knowledge, and a remarkable professional journey to the forefront.",https://playarealtors.co/wp-content/uploads/2026/05/playarealtors-social.jpg,Mexico,Q.R.,Gonzalo Guerrero,,,Rent,2,Karina Sayed,https://playarealtors.co/listings/1-bedroom-condo-for-sale-in-playa-del-carmen-high-appreciation-and-rooftop-pool/; https://playarealtors.co/listings/studio-condo-for-sale-in-playa-del-carmen-steps-from-fifth-avenue-high-tourist-demand-and-professional-management/,Playa del Carmen
Karina Sayed,https://playarealtors.co,Tokko Broker,https://playarealtors.co/listings/1-bedroom-condo-for-sale-invest-in-the-heart-of-playa-del-carmen-with-high-appreciation/,1 Bedroom Condo for Sale – Invest in the Heart of Playa del Carmen with High Appreciation - Playa Realtors,Land/Lot,233061,USD,1,1,386.00,m2,"As the President and Broker of Playa Realtors, Karina brings a wealth of expertise, extensive knowledge, and a remarkable professional journey to the forefront.",https://playarealtors.co/wp-content/uploads/2026/05/playarealtors-social.jpg,Mexico,Q.R.,Gonzalo Guerrero,,,Rent,1,Karina Sayed,https://playarealtors.co/listings/1-bedroom-condo-for-sale-invest-in-the-heart-of-playa-del-carmen-with-high-appreciation/,Playa del Carmen
Karina Sayed,https://playarealtors.co,Tokko Broker,https://playarealtors.co/listings/2-bedroom-condo-for-sale-playa-del-carmen-sustainable-development-with-high-appreciation/,"2-Bedroom Condo for Sale – Playa del Carmen, Sustainable Development with High Appreciation - Playa Realtors",Land/Lot,396975,USD,2,2,158.79,m2,"As the President and Broker of Playa Realtors, Karina brings a wealth of expertise, extensive knowledge, and a remarkable professional journey to the forefront.",https://playarealtors.co/wp-content/uploads/2026/05/playarealtors-social.jpg,Mexico,Q.R.,Gonzalo Guerrero,,,Rent,3,Karina Sayed,https://playarealtors.co/listings/2-bedroom-condo-for-sale-in-tulum-with-5-star-hotel-amenities/; https://playarealtors.co/listings/2-bedroom-condo-for-sale-playa-del-carmen-sustainable-development-with-high-appreciation/; https://playarealtors.co/listings/condo-for-sale-in-tulum-2-bedrooms-private-plunge-pool-award-winning-design/,Playa del Carmen
Karina Sayed,https://playarealtors.co,Tokko Broker,https://playarealtors.co/listings/3-bedroom-house-for-sale-in-playa-del-carmen-perfect-for-family-living/,3-Bedroom House for Sale in Playa del Carmen – Perfect for Family Living - Playa Realtors,Land/Lot,214020,USD,3,2.5,130,m2,"As the President and Broker of Playa Realtors, Karina brings a wealth of expertise, extensive knowledge, and a remarkable professional journey to the forefront.",https://playarealtors.co/wp-content/uploads/2026/05/playarealtors-social.jpg,Mexico,Q.R.,Gonzalo Guerrero,,,Rent,1,Karina Sayed,https://playarealtors.co/listings/3-bedroom-house-for-sale-in-playa-del-carmen-perfect-for-family-living/,Playa del Carmen
Karina Sayed,https://playarealtors.co,Tokko Broker,https://playarealtors.co/listings/3-bedroom-house-for-sale-in-playa-del-carmen-with-terrace/,3-Bedroom House for Sale in Playa del Carmen with Terrace - Playa Realtors,Land/Lot,345504,USD,3,3.5,212,m2,"As the President and Broker of Playa Realtors, Karina brings a wealth of expertise, extensive knowledge, and a remarkable professional journey to the forefront.",https://playarealtors.co/wp-content/uploads/2026/05/playarealtors-social.jpg,Mexico,Q.R.,Gonzalo Guerrero,,,Rent,1,Karina Sayed,https://playarealtors.co/listings/3-bedroom-house-for-sale-in-playa-del-carmen-with-terrace/,Playa del Carmen
Karina Sayed,https://playarealtors.co,Tokko Broker,https://playarealtors.co/listings/3-bedroom-villa-for-sale-in-playa-del-carmen-barefoot-luxury-architecture-that-converses-with-the-trees/,3-Bedroom Villa for Sale in Playa del Carmen – Barefoot Luxury &amp; Architecture That Converses with the Trees - Playa Realtors,Land/Lot,238233,USD,6,3,112,m2,"As the President and Broker of Playa Realtors, Karina brings a wealth of expertise, extensive knowledge, and a remarkable professional journey to the forefront.",https://playarealtors.co/wp-content/uploads/2026/05/playarealtors-social.jpg,Mexico,Q.R.,Gonzalo Guerrero,,,Rent,1,Karina Sayed,https://playarealtors.co/listings/3-bedroom-villa-for-sale-in-playa-del-carmen-barefoot-luxury-architecture-that-converses-with-the-trees/,Playa del Carmen
Karina Sayed,https://playarealtors.co,Tokko Broker,https://playarealtors.co/listings/condo-for-sale-with-giant-covered-terrace-1-bedroom-in-the-heart-of-playa-del-carmen/,Condo for Sale with Giant Covered Terrace – 1 Bedroom in the Heart of Playa del Carmen - Playa Realtors,Land/Lot,538810,USD,1,1,386.00,m2,"As the President and Broker of Playa Realtors, Karina brings a wealth of expertise, extensive knowledge, and a remarkable professional journey to the forefront.",https://playarealtors.co/wp-content/uploads/2026/05/playarealtors-social.jpg,Mexico,Q.R.,Gonzalo Guerrero,,,Rent,1,Karina Sayed,https://playarealtors.co/listings/condo-for-sale-with-giant-covered-terrace-1-bedroom-in-the-heart-of-playa-del-carmen/,Playa del Carmen
Karina Sayed,https://playarealtors.co,Tokko Broker,https://playarealtors.co/listings/2-bedroom-apartment-for-sale-in-downtown-playa-del-carmen-low-hoa-fees/,2 Bedroom Apartment for Sale in Downtown Playa del Carmen | Low HOA Fees - Playa Realtors,Land/Lot,199900,USD,2,2,114,m2,"As the President and Broker of Playa Realtors, Karina brings a wealth of expertise, extensive knowledge, and a remarkable professional journey to the forefront.",https://playarealtors.co/wp-content/uploads/2026/05/playarealtors-social.jpg,Mexico,Q.R.,Gonzalo Guerrero,,,Rent,2,Karina Sayed,https://playarealtors.co/listings/2-bedroom-apartment-for-sale-in-downtown-playa-del-carmen-low-hoa-fees/; https://playarealtors.co/listings/3-bedroom-condo-for-sale-in-tulum-luxury-living-in-the-heart-of-the-riviera-maya/,Playa del Carmen
Karina Sayed,https://playarealtors.co,Tokko Broker,https://playarealtors.co/listings/ipana-condo-for-sale-1-bedroom-steps-from-the-beach-playa-del-carmen/,Ipana – Condo for Sale – 1 Bedroom Steps from the Beach – Playa del Carmen - Playa Realtors,Land/Lot,235000,USD,1,1,50.80,m2,"As the President and Broker of Playa Realtors, Karina brings a wealth of expertise, extensive knowledge, and a remarkable professional journey to the forefront.",https://playarealtors.co/wp-content/uploads/2026/05/playarealtors-social.jpg,Mexico,Q.R.,Gonzalo Guerrero,,,Rent,2,Karina Sayed,https://playarealtors.co/listings/condo-for-sale-1-bedroom-tulum-av-coba-designer-architecture-and-luxury-amenities/; https://playarealtors.co/listings/ipana-condo-for-sale-1-bedroom-steps-from-the-beach-playa-del-carmen/,Playa del Carmen
Karina Sayed,https://playarealtors.co,Tokko Broker,https://playarealtors.co/listings/studio-for-sale-in-boutique-condominium-with-rooftop-pool-and-jacuzzi-playa-del-carmen/,Studio for Sale in Boutique Condominium with Rooftop Pool and Jacuzzi – Playa del Carmen - Playa Realtors,Land/Lot,183532,USD,,2,45,m2,"As the President and Broker of Playa Realtors, Karina brings a wealth of expertise, extensive knowledge, and a remarkable professional journey to the forefront.",https://playarealtors.co/wp-content/uploads/2026/05/playarealtors-social.jpg,Mexico,Q.R.,Gonzalo Guerrero,,,Rent,1,Karina Sayed,https://playarealtors.co/listings/studio-for-sale-in-boutique-condominium-with-rooftop-pool-and-jacuzzi-playa-del-carmen/,Playa del Carmen
Karina Sayed,https://playarealtors.co,Tokko Broker,https://playarealtors.co/listings/condo-for-sale-3-bedrooms-ideal-for-family-and-investment-in-playa-del-carmen/,Condo for Sale 3 Bedrooms Ideal for Family and Investment in Playa del Carmen - Playa Realtors,Land/Lot,276641,USD,3,3,386.00,m2,"As the President and Broker of Playa Realtors, Karina brings a wealth of expertise, extensive knowledge, and a remarkable professional journey to the forefront.",https://playarealtors.co/wp-content/uploads/2026/05/playarealtors-social.jpg,Mexico,Q.R.,Gonzalo Guerrero,,,Rent,1,Karina Sayed,https://playarealtors.co/listings/condo-for-sale-3-bedrooms-ideal-for-family-and-investment-in-playa-del-carmen/,Playa del Carmen
Karina Sayed,https://playarealtors.co,Tokko Broker,https://playarealtors.co/listings/spacious-studio-for-sale-ideal-for-investors-in-playa-del-carmen/,Spacious Studio for Sale – Ideal for Investors in Playa del Carmen - Playa Realtors,Land/Lot,273406,USD,,2,48,m2,"As the President and Broker of Playa Realtors, Karina brings a wealth of expertise, extensive knowledge, and a remarkable professional journey to the forefront.",https://playarealtors.co/wp-content/uploads/2026/05/playarealtors-social.jpg,Mexico,Q.R.,Gonzalo Guerrero,,,Rent,1,Karina Sayed,https://playarealtors.co/listings/spacious-studio-for-sale-ideal-for-investors-in-playa-del-carmen/,Playa del Carmen
Karina Sayed,https://playarealtors.co,Tokko Broker,https://playarealtors.co/listings/penthouse-for-sale-in-playa-del-carmen-3-bedrooms-with-panoramic-ocean-view-in-zona-diamante/,Penthouse for Sale in Playa del Carmen – 3 Bedrooms with Panoramic Ocean View in Zona Diamante - Playa Realtors,Land/Lot,794481,USD,3,3,135.1,m2,"As the President and Broker of Playa Realtors, Karina brings a wealth of expertise, extensive knowledge, and a remarkable professional journey to the forefront.",https://playarealtors.co/wp-content/uploads/2026/05/playarealtors-social.jpg,Mexico,Q.R.,Gonzalo Guerrero,,,Rent,1,Karina Sayed,https://playarealtors.co/listings/penthouse-for-sale-in-playa-del-carmen-3-bedrooms-with-panoramic-ocean-view-in-zona-diamante/,Playa del Carmen
Karina Sayed,https://playarealtors.co,Tokko Broker,https://playarealtors.co/listings/condo-for-sale-in-playa-del-carmen-1-bedroom-with-high-appreciation-vacation-rental-potential/,Condo for Sale in Playa del Carmen – 1 Bedroom with High Appreciation &amp; Vacation Rental Potential - Playa Realtors,Land/Lot,282539,USD,1,1,52.4,m2,"As the President and Broker of Playa Realtors, Karina brings a wealth of expertise, extensive knowledge, and a remarkable professional journey to the forefront.",https://playarealtors.co/wp-content/uploads/2026/05/playarealtors-social.jpg,Mexico,Q.R.,Gonzalo Guerrero,,,Rent,1,Karina Sayed,https://playarealtors.co/listings/condo-for-sale-in-playa-del-carmen-1-bedroom-with-high-appreciation-vacation-rental-potential/,Playa del Carmen
Karina Sayed,https://playarealtors.co,Tokko Broker,https://playarealtors.co/listings/condo-for-sale-in-playa-del-carmen-2-bedrooms-in-the-exclusive-zona-diamante-steps-from-the-sea/,"Condo for Sale in Playa del Carmen – 2 Bedrooms in the Exclusive Zona Diamante, Steps from the Sea - Playa Realtors",Land/Lot,393927,USD,2,2,73.1,m2,"As the President and Broker of Playa Realtors, Karina brings a wealth of expertise, extensive knowledge, and a remarkable professional journey to the forefront.",https://playarealtors.co/wp-content/uploads/2026/05/playarealtors-social.jpg,Mexico,Q.R.,Gonzalo Guerrero,,,Rent,1,Karina Sayed,https://playarealtors.co/listings/condo-for-sale-in-playa-del-carmen-2-bedrooms-in-the-exclusive-zona-diamante-steps-from-the-sea/,Playa del Carmen
Karina Sayed,https://playarealtors.co,Tokko Broker,https://playarealtors.co/listings/studio-for-sale-with-high-appreciation-potential-near-the-sea-in-zona-diamante-playa-del-carmen/,"Studio for Sale with High Appreciation Potential Near the Sea in Zona Diamante, Playa del Carmen - Playa Realtors",Land/Lot,188519,USD,,2,414,sqft,"As the President and Broker of Playa Realtors, Karina brings a wealth of expertise, extensive knowledge, and a remarkable professional journey to the forefront.",https://playarealtors.co/wp-content/uploads/2026/05/playarealtors-social.jpg,Mexico,Q.R.,Gonzalo Guerrero,,,Rent,1,Karina Sayed,https://playarealtors.co/listings/studio-for-sale-with-high-appreciation-potential-near-the-sea-in-zona-diamante-playa-del-carmen/,Playa del Carmen
Myan Realty,https://myanrealty.com.mx,Tokko Broker,https://www.myanrealty.com.mx/Departamentos-en-Renta-Temp,Myan Realty – Venta y Renta de Inmuebles - Inmobiliaria,Unknown,,,,,,,Myan Realty – Venta y Renta de Inmuebles - Inmobiliaria,https://static.tokkobroker.com/tfw_images/10414_Myan%20Realty/LOGO4.png,Mexico,Quintana Roo,Playa del Carmen,,,Rent,39,JOSE MARIA JIMENEZ FERNANDEZ; Myan Realty; Victor Galdámez,https://buserfin.com/condos-for-sale-in-cabo-corridor/; https://buserfin.com/condos-for-sale-in-east-cape/; https://buserfin.com/condos-for-sale-in-la-paz/; https://buserfin.com/condos-for-sale-in-loreto/; https://buserfin.com/condos-for-sale-in-san-jose-corridor/; https://buserfin.com/condos-for-sale-in-san-jose-del-cabo/; https://buserfin.com/condos-forsale-in-cabo-san-lucas/; https://buserfin.com/houses-for-sale-in-cabo-corridor/; https://buserfin.com/houses-for-sale-in-cabo-san-lucas/; https://buserfin.com/houses-for-sale-in-east-cape/; https://buserfin.com/houses-for-sale-in-la-paz/; https://buserfin.com/houses-for-sale-in-pacific/; https://buserfin.com/houses-for-sale-in-san-jose-corridor/; https://buserfin.com/houses-for-sale-in-san-jose-del-cabo/; https://buserfin.com/land-for-sale-in-cabo-corridor/; https://buserfin.com/land-for-sale-in-cabo-san-lucas/; https://buserfin.com/land-for-sale-in-east-cape/; https://buserfin.com/land-for-sale-in-san-jose-corridor/; https://buserfin.com/luxury-properties-for-sale-in-cabo/; https://buserfin.com/preconstruction-for-sale-in-cabo-corridor/; https://buserfin.com/preconstruction-for-sale-in-cabo-san-lucas/; https://buserfin.com/preconstruction-for-sale-in-east-cape/; https://buserfin.com/preconstruction-for-sale-in-la-paz/; https://buserfin.com/preconstruction-for-sale-in-pacific/; https://buserfin.com/preconstruction-for-sale-in-san-jose-del-cabo/; https://buserfin.com/properties-for-sale-in-chileno/; https://buserfin.com/properties-for-sale-in-palmilla/; https://buserfin.com/properties-for-sale-in-puerto-los-cabos/; https://buserfin.com/properties-for-sale-in-querencia/; https://www.facebook.com/sharer/sharer.php?u=https%3A%2F%2Fjimenezplaza.com%2FListado%2Fcasa-de-lujo-en-residencial-via-cumbres-cancun-seguridad-diseno-y-plusvalia%2F&t=Casa%20de%20lujo%20en%20Residencial%20V%C3%ADa%20Cumbres%20Canc%C3%BAn%3A%20seguridad%2C%20dise%C3%B1o%20y%20plusval%C3%ADa; https://www.facebook.com/sharer/sharer.php?u=https%3A%2F%2Fjimenezplaza.com%2FListado%2Fcasa-en-condominio-sm17-cancun-tu-oasis-urbano%2F&t=Casa%20en%20cerrada%20SM17%2C%20Canc%C3%BAn%3A%20Tu%20oasis%20urbano; https://www.facebook.com/sharer/sharer.php?u=https%3A%2F%2Fjimenezplaza.com%2FListado%2Fcasa-en-renta-en-residencial-cumbres-cancun%2F&t=Casa%20en%20Renta%20en%20Residencial%20Cumbres%20Canc%C3%BAn; https://www.facebook.com/sharer/sharer.php?u=https%3A%2F%2Fjimenezplaza.com%2FListado%2Fdepartamento-2-recamaras-residencial-tzalam%2F&t=Departamento%202%20rec%C3%A1maras%20Residencial%20Tzalam; https://www.facebook.com/sharer/sharer.php?u=https%3A%2F%2Fjimenezplaza.com%2FListado%2Fdepartamento-amueblado-midtown-cancun%2F&t=Departamento%20amueblado%20Midtown%20Canc%C3%BAn; https://www.facebook.com/sharer/sharer.php?u=https%3A%2F%2Fjimenezplaza.com%2FListado%2Fdepartamento-en-venta-en-aldea-zama-tulum%2F&t=Departamento%20en%20venta%20en%20Aldea%20Zam%C3%A1%2C%20Tul%C3%BAm; https://www.facebook.com/sharer/sharer.php?u=https%3A%2F%2Fjimenezplaza.com%2FListado%2Fdepartamento-junto-al-mar-en-puerto-morelos%2F&t=Departamento%20junto%20al%20Mar%20en%20Puerto%20Morelos; https://www.facebook.com/sharer/sharer.php?u=https%3A%2F%2Fjimenezplaza.com%2FListado%2Festudio-en-venta-en-av-38-de-playa-del-carmen%2F&t=Estudio%20en%20Venta%20en%20Av.%2038%20de%20Playa%20del%20Carmen; https://www.facebook.com/sharer/sharer.php?u=https%3A%2F%2Fjimenezplaza.com%2FListado%2Frenta-departamento-maioris-tower%2F&t=Renta%20departamento%20Maioris%20Tower; https://www.myanrealty.com.mx/Departamentos-en-Renta-Temp,Playa del Carmen; Other Riviera Maya
Paraiso Real Estate Tulum,https://paraisorealtulum.com,,https://paraisorealtulum.com/premium-apartments-listing/,PREMIUM APARTMENTS LISTING - Paraiso Real Estate Tulum,Penthouse,245000,USD,2,,230,m2,"Apartments for sale in Cancun, Tulum and Playa del Carmen.You choose your investment and we...",https://paraisorealtulum.com/wp-content/uploads/2024/06/IMG_20250916_173047.jpg,Mexico,Quintana Roo,Tulum,,,Rent,1,Paraiso Real Estate Tulum,https://paraisorealtulum.com/premium-apartments-listing/,Cancun; Playa del Carmen; Tulum; Other Riviera Maya
Philip Glen,https://www.philipglen.com/,EasyBroker,https://www.philipglen.com/property/casa-arca-playa-del-carmen-a-boutique-hotel-panaromic-suite,CASA ARCA Playa Del Carmen: A Boutique Hotel Panaromic Suite,Condo/Apartment,247000,USD,1,1,31.93,m2,"For the savvy investor seeking more than a traditional real estate asset, an unprecedented opportunity has arrived. Casa Arca Playa del Carmen brings the legendary hospitality and design excellence...",https://assets.easybroker.com/property_images/5734180/100321181/EB-VA4180.jpg?height=300&version=1768247706&width=450,Mexico,Quintana Roo,Tulum,,,Rent,1,Philip Glen,https://www.philipglen.com/property/casa-arca-playa-del-carmen-a-boutique-hotel-panaromic-suite,Playa del Carmen; Tulum; Other Riviera Maya
Philip Glen,https://www.philipglen.com/,EasyBroker,https://www.philipglen.com/property/casa-arca-playa-del-carmen-a-boutique-hotel-presidential-suite,CASA ARCA Playa Del Carmen: A Boutique Hotel Presidential Suite,Condo/Apartment,400144,USD,0,1,56.88,m2,"For the savvy investor seeking more than a traditional real estate asset, an unprecedented opportunity has arrived. Casa Arca Playa del Carmen brings the legendary hospitality and design excellence...",https://assets.easybroker.com/property_images/5734202/100321638/EB-VA4202.jpg?height=300&version=1768247604&width=450,Mexico,Quintana Roo,Tulum,,,Rent,1,Philip Glen,https://www.philipglen.com/property/casa-arca-playa-del-carmen-a-boutique-hotel-presidential-suite,Playa del Carmen; Tulum; Other Riviera Maya
Philip Glen,https://www.philipglen.com/,EasyBroker,https://www.philipglen.com/property/casa-arca-playa-del-carmen-a-boutique-hotel-icon-arrives-on-the-coast,CASA ARCA Playa Del Carmen: A Boutique Hotel Icon Arrives on the Coast,Condo/Apartment,189091,USD,0,1,23.75,m2,"For the savvy investor seeking more than a traditional real estate asset, an unprecedented opportunity has arrived. Casa Arca Playa del Carmen brings the legendary hospitality and design excellence...",https://assets.easybroker.com/property_images/5734145/100320707/EB-VA4145.jpg?height=300&version=1768247082&width=450,Mexico,Quintana Roo,Tulum,,,Rent,1,Philip Glen,https://www.philipglen.com/property/casa-arca-playa-del-carmen-a-boutique-hotel-icon-arrives-on-the-coast,Playa del Carmen; Tulum; Other Riviera Maya
Philip Glen,https://www.philipglen.com/,EasyBroker,https://www.philipglen.com/property/it-beach-playa-del-carmen-direct-oceanfront-with-private-pool,IT Beach Playa del Carmen Direct Oceanfront with Private Pool,Condo/Apartment,890000,USD,2,2,98.82,m2,"Unmatched Beachfront Living: Your Private Caribbean Escape Awaits Introducing Unit 205 at IT Beach Playa del Carmen, where your balcony extends directly over the powder-white sands and the mesmeriz...",https://assets.easybroker.com/property_images/5676544/99121226/EB-UU6544.jpg?height=300&version=1764679880&width=450,Mexico,Quintana Roo,Tulum,,,Rent,1,Philip Glen,https://www.philipglen.com/property/it-beach-playa-del-carmen-direct-oceanfront-with-private-pool,Playa del Carmen; Tulum; Other Riviera Maya
Philip Glen,https://www.philipglen.com/,EasyBroker,https://www.philipglen.com/property/playa-del-carmen-double-heigh-loft-with-oceanview-rooftop-pool,Playa Del Carmen Double Height Loft with Oceanview Rooftop Pool,Condo/Apartment,4148496,USD,1,1,99,m2,"Your Gateway to the Riviera Maya: Punta Kaan Condos for Sale in Playa del Carmen Discover a life of modern luxury and unparalleled convenience at Punta Kaan Condos, a premier residential developmen...",https://assets.easybroker.com/property_images/5652413/98590737/EB-US2413.jpg?height=300&version=1763501972&width=450,Mexico,Quintana Roo,Tulum,,,Rent,1,Philip Glen,https://www.philipglen.com/property/playa-del-carmen-double-heigh-loft-with-oceanview-rooftop-pool,Playa del Carmen; Tulum; Other Riviera Maya
Philip Glen,https://www.philipglen.com/,EasyBroker,https://www.philipglen.com/property/top-floor-2-bedroom-with-oceanview-rooftop-pool-in-playa-del-carmen,Top Floor 2 Bedroom with Oceanview Rooftop Pool in Playa Del Carmen,Condo/Apartment,4014846,USD,2,2,96,m2,"Your Gateway to the Riviera Maya: Punta Kaan Condos for Sale in Playa del Carmen Discover a life of modern luxury and unparalleled convenience at Punta Kaan Condos, a premier residential developmen...",https://assets.easybroker.com/property_images/5652318/98589081/EB-US2318.png?height=300&version=1763499298&width=450,Mexico,Quintana Roo,Tulum,,,Rent,1,Philip Glen,https://www.philipglen.com/property/top-floor-2-bedroom-with-oceanview-rooftop-pool-in-playa-del-carmen,Playa del Carmen; Tulum; Other Riviera Maya
Philip Glen,https://www.philipglen.com/,EasyBroker,https://www.philipglen.com/property/playa-del-carmen-2-bedroom-with-oceanview-rooftop-pool,Playa Del Carmen 2 Bedroom with Oceanview Rooftop Pool,Condo/Apartment,3742200,USD,2,2,88,m2,"Your Gateway to the Riviera Maya: Punta Kaan Condos for Sale in Playa del Carmen Discover a life of modern luxury and unparalleled convenience at Punta Kaan Condos, a premier residential developmen...",https://assets.easybroker.com/property_images/5651445/98570354/EB-US1445.jpg?height=300&version=1763484083&width=450,Mexico,Quintana Roo,Tulum,,,Rent,1,Philip Glen,https://www.philipglen.com/property/playa-del-carmen-2-bedroom-with-oceanview-rooftop-pool,Playa del Carmen; Tulum; Other Riviera Maya
Playa4You,https://www.playa4you.com.mx/,Tokko Broker,https://www.playa4you.com.mx/p/5568123-Departamento-en-Renta-en-Playa-del-Carmen-Loft-en-renta-en-Playa-del-Carmen-Yantra-Condos,Departamento en Renta en Playa del Carmen - Loft en renta en Playa del Carmen Yantra Condos,Condo/Apartment,21000,MXN,,1,64,m2,"Yantra Condos ¡Descubre Yantra Condos, tu puerta de entrada a un estilo de vida excepcional! Este emocionante proyecto inmobiliario consta de 20 unidades residenciales de 689 pies cuadrados, con acabados de alta calidad que reflejan la esencia de la Selva Maya. Yantra Condos se distingue por sus muros de Chukum, concretos de diversos acabados y piedras mexicanas, creando un ambiente único. La distribución ortogonal de las unidades permite una ventilación e iluminación natural, reduciendo el consumo de energía eléctrica y las emisiones de carbono. Situado en el corazón de la ciudad, a solo minu",https://static.tokkobroker.com/sm_pics/71742707_og.jpg,Mexico,Quintana Roo,Playa del Carmen,,,Rent,1,Playa4You,https://www.playa4you.com.mx/p/5568123-Departamento-en-Renta-en-Playa-del-Carmen-Loft-en-renta-en-Playa-del-Carmen-Yantra-Condos,Playa del Carmen; Other Riviera Maya
Playa4You,https://www.playa4you.com.mx/,Tokko Broker,"https://www.playa4you.com.mx/p/5004146-Departamento-en-Renta-en-Playa-del-Carmen-Departamento--en-renta-1-a%C3%B1o-en-Playa-del-Carmen,-a-unos-pasos-de-la-playa-5-min-de-la-5ta-Av","Departamento en Renta en Playa del Carmen - Departamento  en renta 1 año en Playa del Carmen, a unos pasos de la playa 5 min de la 5ta Av",Condo/Apartment,18500,MXN,3,3,89,m2,"Se Renta Hermoso Departamento Amueblado de 3 Recámaras Cerca de la 5ta Avenida y la Playa ¡Disfruta de la comodidad y la conveniencia en este hermoso departamento amueblado de 3 recámaras, idealmente ubicado cerca de la 5ta Avenida y la playa en Playa del Carmen! Este espacioso y bien ubicado apartamento se encuentra en la calle 90 entre avenida 10 y 5ta, en la colonia Colosio, ofreciendo una excelente ubicación para disfrutar de la vida costera. Características del Departamento: 3 Recámaras: Equipadas con 2 camas queen y 1 cama individual, perfectas para descansar en un ambiente cómodo y acog",https://static.tokkobroker.com/sm_pics/61911880_og.jpg,Mexico,Quintana Roo,Playa del Carmen,,,Rent,1,Playa4You,"https://www.playa4you.com.mx/p/5004146-Departamento-en-Renta-en-Playa-del-Carmen-Departamento--en-renta-1-a%C3%B1o-en-Playa-del-Carmen,-a-unos-pasos-de-la-playa-5-min-de-la-5ta-Av",Playa del Carmen; Other Riviera Maya
Playa4You,https://www.playa4you.com.mx/,Tokko Broker,https://www.playa4you.com.mx/p/7117171-Departamento-en-Renta-en-Playa-del-Carmen-Departamento-en-renta-en-LagunaDepartamento-en-renta-en-Lagunas-de-Mayakobas-de-Mayakoba,Departamento en Renta en Playa del Carmen - Departamento en renta en Lagunas de Mayakoba  ,Condo/Apartment,25000,MXN,2,2,98,m2,"Departamento Amueblado en Renta en Lagunas de Ciudad Mayakoba – Playa4You ¡Vive rodeado de naturaleza, comodidad y seguridad en Ciudad Mayakoba! Playa4You te presenta este hermoso departamento amueblado en renta ubicado en Lagunas Mayakoba, una comunidad planeada dentro de la Riviera Maya, a solo 15 minutos de Playa del Carmen y 30 minutos del Aeropuerto Internacional de Cancún. Con 98 m² perfectamente distribuidos, esta propiedad cuenta con 2 amplias habitaciones, 2 baños completos, sala-comedor, cocina equipada, área de lavado, terraza privada, elevador y 1 cajón de estacionamiento. Ideal pa",https://static.tokkobroker.com/pictures/7117171_14745212845209598488716160889036495718375790293154415719774997165975818311519.jpg,Mexico,Quintana Roo,Playa del Carmen,,,Rent,1,Playa4You,https://www.playa4you.com.mx/p/7117171-Departamento-en-Renta-en-Playa-del-Carmen-Departamento-en-renta-en-LagunaDepartamento-en-renta-en-Lagunas-de-Mayakobas-de-Mayakoba,Cancun; Playa del Carmen; Other Riviera Maya
Quintana Broker,https://quintanabroker.com/,,https://quintanabroker.com/rentas-%40playa-del-carmen,Quintana Broker,Unknown,,,,,,,"En Quintana Broker podrás encontrar rentas a largo plazo playa del carmen para rentar, o vivir por primera vez, tenemos las mejores long term rentals playa del carmen",https://img1.wsimg.com/isteam/ip/1e35c62f-544f-4699-8f2b-9d8a734771d5/Drone-6.jpg,Mexico,Quintana Roo,Tulum,,,Rent,1,Quintana Broker,https://quintanabroker.com/rentas-%40playa-del-carmen,Playa del Carmen; Tulum; Other Riviera Maya
Royal Casa Bienes Raíces,https://royalcasa.com.mx,Tokko Broker,https://www.royalcasa.com.mx/p/7068942-Departamento-en-Renta-en-Los-Olivos-Departamento-en--Renta-en-Paseo-los-Olivos-Playa-del-Carmen.,Departamento en Renta en Los Olivos - Departamento en  Renta en Paseo los Olivos Playa del Carmen.,Condo/Apartment,10500,MXN,3,2,76,m2,"Departamento en Renta - Paseo los Olivos, Playa del Carmen Excelente oportunidad de vivir en uno de los desarrollos más solicitados del centro de Playa del Carmen. Este departamento en primer piso te ofrece comodidad, seguridad y todas las amenidades para un estilo de vida pleno. Especificaciones del inmueble: Dos amplias habitaciones con aire acondicionado independiente para garantizar el descanso perfecto. Un baño completo con acabados funcionales. Balcón privado ideal para relajarse y disfrutar del ambiente tropical. Completamente amueblado y listo para habitar. Comodidades incluidas: Centr",https://static.tokkobroker.com/sm_pics/101934481_og.jpg,Mexico,Quintana Roo,Playa del Carmen,,,Rent,1,Royal Casa Bienes Raíces,https://www.royalcasa.com.mx/p/7068942-Departamento-en-Renta-en-Los-Olivos-Departamento-en--Renta-en-Paseo-los-Olivos-Playa-del-Carmen.,Playa del Carmen; Other Riviera Maya
Royal Casa Bienes Raíces,https://royalcasa.com.mx,Tokko Broker,"https://www.royalcasa.com.mx/p/6026082-Local-en-Renta-en-Playa-Car-Fase-II-LOCAL-EN-RENTA-68m2-EN-PLAYA-DEL-CARMEN-DENTRO-DE-PLAYACAR,-PARA-OFICINAS","Local en Renta en Playa Car Fase II - LOCAL EN RENTA 68m2 EN PLAYA DEL CARMEN DENTRO DE PLAYACAR, PARA OFICINAS",Land/Lot,18500,MXN,,,68,m2,"LOCAL EN RENTA 68m2 EN PLAYA DEL CARMEN DENTRO DE PLAYACAR, PARA OFICINAS Posiciona tu negocio en el corazón del éxito comercial de la Riviera Maya Ubicación estratégica en Playacar con acceso directo desde el centro de Playa del Carmen Plaza con concepto de giro único por local, eliminando la competencia directa Entorno comercial diversificado que atrae clientela variada y constante Flujo turístico internacional los 365 días del año Disponibilidad inmediata. Condiciones preferenciales para inquilinos calificados. El momento de actuar es ahora, las oportunidades de esta calidad se agotan rápid",https://static.tokkobroker.com/sm_pics/79726913_og.jpg,Mexico,Quintana Roo,Playa del Carmen,,,Rent,1,Royal Casa Bienes Raíces,"https://www.royalcasa.com.mx/p/6026082-Local-en-Renta-en-Playa-Car-Fase-II-LOCAL-EN-RENTA-68m2-EN-PLAYA-DEL-CARMEN-DENTRO-DE-PLAYACAR,-PARA-OFICINAS",Playa del Carmen; Other Riviera Maya
Royal Casa Bienes Raíces,https://royalcasa.com.mx,Tokko Broker,https://www.royalcasa.com.mx/p/3749521-Departamento-en-Renta-en-Playa-Car-Fase-II-DEPARTAMENTO-EN-RENTA--EN-PLAYA-DEL-CARMEN--2-REC-45-M2--AMUEBLADO,Departamento en Renta en Playa Car Fase II - DEPARTAMENTO EN RENTA  EN PLAYA DEL CARMEN  2 REC 45 M2  AMUEBLADO,Land/Lot,14500,MXN,,2,45,m2,"DEPARTAMENTO EN RENTA 2 REC 45 M2 PLAYACAR EN PLAYA DEL CARMEN AMUEBLADO Nota: Rentas largo plazo minimo un año unicamente Descubre la oportunidad perfecta de vivir en una de las zonas más exclusivas y codiciadas de Playa del Carmen Ubicación : Situados en el prestigioso Playacar Fase 2, reconocido por su ambiente residencial de alta calidad y seguridad. A tan solo 5 minutos caminando de las hermosas playas de arena blanca del Caribe Mexicano, donde podrás disfrutar del mar turquesa todos los días. Caracteristicas: Dos recámaras amplias perfectas para descanso y privacidad. Un baño completo co",https://static.tokkobroker.com/sm_pics/112233297_og.jpg,Mexico,Quintana Roo,Playa del Carmen,,,Rent,1,Royal Casa Bienes Raíces,https://www.royalcasa.com.mx/p/3749521-Departamento-en-Renta-en-Playa-Car-Fase-II-DEPARTAMENTO-EN-RENTA--EN-PLAYA-DEL-CARMEN--2-REC-45-M2--AMUEBLADO,Playa del Carmen; Other Riviera Maya
Royal Casa Bienes Raíces,https://royalcasa.com.mx,Tokko Broker,"https://www.royalcasa.com.mx/p/7416201-Departamento-en-Renta-en-Ejidal-DEPTO-1-REC-AMUEBLADO-EN-RENTA,-IDEAL-TAMBI%C3%89N-OFICINA-O-CONSULTORIO-%E2%80%93-AV.-CONSTITUYENTES","Departamento en Renta en Ejidal - DEPTO 1 REC AMUEBLADO EN RENTA, IDEAL TAMBIÉN OFICINA O CONSULTORIO – AV. CONSTITUYENTES",Condo/Apartment,9600,MXN,2,1,46,m2,"DEPTO 1 REC AMUEBLADO EN RENTA, IDEAL TAMBIÉN OFICINA O CONSULTORIO – AV. CONSTITUYENTES AMUEBLADO, SEMI AMUEBLADO O SIN MUEBLES (IDEAL TAMBIÉN PARA OFICINA, DESPACHO O CONSULTORIO) Descubre este espacio versátil ubicado en una zona estratégica con excelente conectividad, que se adapta perfectamente a tus necesidades gracias a sus opciones de amueblamiento completamente flexibles: Amueblado: cama, sofá, mesa, sillas, cocina integral con refrigerador y estufa Semi amueblado: equipo básico según necesidad Sin muebles: espacio libre, ideal para acondicionar como oficina, despacho profesional o co",https://static.tokkobroker.com/sm_pics/7416201_66582798750772611936440724234460670121293728676566128485921811445881131478809_og.jpg,Mexico,Quintana Roo,Playa del Carmen,,,Rent,3,Royal Casa Bienes Raíces,"https://www.royalcasa.com.mx/p/7416201-Departamento-en-Renta-en-Ejidal-DEPTO-1-REC-AMUEBLADO-EN-RENTA,-IDEAL-TAMBI%C3%89N-OFICINA-O-CONSULTORIO-%E2%80%93-AV.-CONSTITUYENTES; https://www.royalcasa.com.mx/p/7663046-Local-en-Renta-en-Ejidal-DEPARTAMENTO-EN-RENTA-PLAYA-DEL-CARMEN-1-REC.-AV-110-Y-CONSTITUYENTES-SIN-MUEBLES; https://www.royalcasa.com.mx/p/8583303-Departamento-en-Renta-en-Ejidal-DEPTO-EN-RENTA-1-REC---CAT-FRIENDLY---CERCA-DE-CONSTITUYENTES-Y-FEDERAL",Playa del Carmen; Other Riviera Maya
Royal Casa Bienes Raíces,https://royalcasa.com.mx,Tokko Broker,https://www.royalcasa.com.mx/p/8573948-Casa-en-Renta-en-Residencial-Real-del-Sol-CASA-EN-RENTA-3-REC-EN-PLAYA-DEL-CARMEN,Casa en Renta en Residencial Real del Sol - CASA EN RENTA 3 REC EN PLAYA DEL CARMEN,Land/Lot,21900,MXN,3,3,200,m2,"CASA EN RENTA EN PLAYA DEL CARMEN 3 REC SIN MUEBLES Descubre esta espaciosa casa de 3 recámaras en residencial vigilado sobre Avenida Chemuyil, con ubicación estratégica, amenidades tipo resort y todos los servicios a minutos de distancia. CARACTERISTICAS: 3 recámaras espaciosas para toda la familia2 baños completos 1 medio baño en planta bajaCocina alternaDistribución inteligente en dos niveles UBICACIÓN: A solo 5 minutos de los mejores colegios de la zonaFrente a la Cruz RojaA pasos de Chedraui Velamar y otros centros comercialesA 7 minutos de Plaza Las Américas Sobre Avenida Chemuyil Superm",https://static.tokkobroker.com/sm_pics/8573948_69621385393912872858439105196742132653580333090119772398994058679961470020699_og.jpg,Mexico,Quintana Roo,Playa del Carmen,,,Rent,1,Royal Casa Bienes Raíces,https://www.royalcasa.com.mx/p/8573948-Casa-en-Renta-en-Residencial-Real-del-Sol-CASA-EN-RENTA-3-REC-EN-PLAYA-DEL-CARMEN,Playa del Carmen; Other Riviera Maya
Royal Casa Bienes Raíces,https://royalcasa.com.mx,Tokko Broker,"https://www.royalcasa.com.mx/p/4499434-Casa-en-Renta-en-Los-Olivos-CASA-EN-RENTA-DE-2-REC.-SIN-MUEBLES-,-EQUIPADA--EN-PLAYA-DEL-CARMEN","Casa en Renta en Los Olivos - CASA EN RENTA DE 2 REC. SIN MUEBLES , EQUIPADA  EN PLAYA DEL CARMEN",Land/Lot,10400,MXN,,2,80,m2,"CASA EN RENTA EN PLAYA DEL CARMEN EQUIPADA DE 2 REC./1.5 BAÑOS EN LOS OLIVOS CON ALBERCA Descrubre esta casa ubicada dentro de uno de los fraccionamientos mejor localizados dentro de la ciudad con vigilancia las 24 hrs, cerca de avenidas, comercios y el punto 115. La casa de 2 REC. tiene 1 baño completo y medio baño en la planta baja. CARACTERISTICAS Espacio de Sala y comedor con aire acondicionado Cocina integral con refrigerador, estufa y barra desayunadora Tanque de gas y calentador de agua. Cuenta con cisterna y bomba de llenado automatico por lo que no fata el agua. La Recámara principal ",https://static.tokkobroker.com/sm_pics/119484546_og.jpg,Mexico,Quintana Roo,Playa del Carmen,,,Rent,1,Royal Casa Bienes Raíces,"https://www.royalcasa.com.mx/p/4499434-Casa-en-Renta-en-Los-Olivos-CASA-EN-RENTA-DE-2-REC.-SIN-MUEBLES-,-EQUIPADA--EN-PLAYA-DEL-CARMEN",Playa del Carmen; Other Riviera Maya
Royal Casa Bienes Raíces,https://royalcasa.com.mx,Tokko Broker,https://www.royalcasa.com.mx/p/8517651-Casa-en-Renta-en-Playa-Car-Fase-II-CASA-EN-RENTA-DE-3-REC-CON-ALBERCA-PRIVADA---EXCLUSIVIDAD-Y-PRIVACIDAD-EN-PLAYACAR--PLAYA-DEL-CARMEN,Casa en Renta en Playa Car Fase II - CASA EN RENTA DE 3 REC CON ALBERCA PRIVADA - EXCLUSIVIDAD Y PRIVACIDAD EN PLAYACAR- PLAYA DEL CARMEN,House,49000,MXN,3,3,200,m2,"CASA EN RENTA DE 3 REC CON ALBERCA PRIVADA - EXCLUSIVIDAD Y PRIVACIDAD Exclusividad y Privacidad en el Desarrollo Más Prestigioso Descubre esta excepcional casa en renta en Rincón de Mar, condominio cerrado ubicado en Playacar Fase 2, la zona residencial más exclusiva y codiciada de Playa del Carmen, donde el lujo y la privacidad se combinan perfectamente. ****DISPONIBLE A PARTIR DEL 26 DE AGOSTO 2026/ RENTAS A LARGO PLAZO MINIMO 1 AÑO CARACTERISTICAS: 3 recámaras, todas con baño privadoRecámara principal con walk-in closet 2 recámaras secundarias con armarios Cocina equipada y funcionalÁrea d",https://static.tokkobroker.com/sm_pics/8517651_95459902775632491198818758390834934615326725172356511873912133731058135817796_og.jpg,Mexico,Quintana Roo,Playa del Carmen,,,Rent,1,Royal Casa Bienes Raíces,https://www.royalcasa.com.mx/p/8517651-Casa-en-Renta-en-Playa-Car-Fase-II-CASA-EN-RENTA-DE-3-REC-CON-ALBERCA-PRIVADA---EXCLUSIVIDAD-Y-PRIVACIDAD-EN-PLAYACAR--PLAYA-DEL-CARMEN,Playa del Carmen; Other Riviera Maya
Royal Casa Bienes Raíces,https://royalcasa.com.mx,Tokko Broker,https://www.royalcasa.com.mx/p/8458678-Departamento-en-Renta-en-Jardines-de-Ciudad-Mayakoba-Departamento-en-renta-en-Jardines-de-Mayakoba-Pet-Friendly-con-Bodega-y-Centro-de-Lavado,Departamento en Renta en Jardines de Ciudad Mayakoba - Departamento en renta en Jardines de Mayakoba Pet Friendly con Bodega y Centro de Lavado,Condo/Apartment,13000,MXN,5,2,74,m2,"Departamento en renta en Jardines de Mayakoba Pet Friendly con Bodega y Centro de Lavado Distribuci&#243;n: - 2 rec&#225;maras&#160; - 2 ba&#241;os completos - Sala y comedor&#160; - Cocina equipada&#160; - &#193;rea de calentador, lavadero y lavadora/secadora - Los servicios de agua, luz, gas e internet no est&#225;n incluidos Amenidades de la privada - Alberca y chapoteadero&#160; - Camastros&#160; - Palapa con mesa y bancas - Acceso al &#225;rea para mascotas Se aceptan mascotas pero se valida con propietario. Renta de largo plazo, contrato m&#237;nimo de 1 a&#241;o. Cont&#225;ctanos hoy mi",https://static.tokkobroker.com/sm_pics/8458678_88947510483962312540573052310988637778228134154204756352351143779749437471373_og.jpg,Mexico,Quintana Roo,Playa del Carmen,,,Rent,1,Royal Casa Bienes Raíces,https://www.royalcasa.com.mx/p/8458678-Departamento-en-Renta-en-Jardines-de-Ciudad-Mayakoba-Departamento-en-renta-en-Jardines-de-Mayakoba-Pet-Friendly-con-Bodega-y-Centro-de-Lavado,Playa del Carmen; Other Riviera Maya
Royal Casa Bienes Raíces,https://royalcasa.com.mx,Tokko Broker,"https://www.royalcasa.com.mx/p/7965489-Departamento-en-Renta-en-Ejidal-DEPARTAMENTO-EN-RENTA-DE-3-REC-PET-FRIENDLY,-AMUEBLADO-Y-CERCA-DE-ESCUELAS-Y-CENTROS-COMERCIALES","Departamento en Renta en Ejidal - DEPARTAMENTO EN RENTA DE 3 REC PET FRIENDLY, AMUEBLADO Y CERCA DE ESCUELAS Y CENTROS COMERCIALES",Condo/Apartment,24900,MXN,3,3,90,m2,"Departamento en Renta De 3 Rec. Pet Friendly, Cerca de Escuelas y Centros Comerciales CARACTERISTICAS: 3 habitaciones y 2 baños completos. con espacios grandes y luminoso. Estre fraccionamiento se encuentra cerca de avenidas principales en la zona sur de Playa del Carmen, a sólo 4 minutos de centro maya. Cerca de escuelas y servicios de salud. Se encuentra completamente amueblado y equipado. Pet Friendly Mándanos un mensaje para recibir más información. ALB35453 Llámanos para más Información.",https://static.tokkobroker.com/sm_pics/121668807_og.jpg,Mexico,Quintana Roo,Playa del Carmen,,,Rent,1,Royal Casa Bienes Raíces,"https://www.royalcasa.com.mx/p/7965489-Departamento-en-Renta-en-Ejidal-DEPARTAMENTO-EN-RENTA-DE-3-REC-PET-FRIENDLY,-AMUEBLADO-Y-CERCA-DE-ESCUELAS-Y-CENTROS-COMERCIALES",Playa del Carmen; Other Riviera Maya
Royal Casa Bienes Raíces,https://royalcasa.com.mx,Tokko Broker,https://www.royalcasa.com.mx/p/7135265-Departamento-en-Renta-en-Gonzalo-Guerrero-DEPTO-EN-RENTA--2-REC-A-5-CALLES-DE-LA-PLAYA--EN--PLAYA-DEL-CARMEN,Departamento en Renta en Gonzalo Guerrero - DEPTO EN RENTA  2 REC A 5 CALLES DE LA PLAYA  EN  PLAYA DEL CARMEN,Land/Lot,19400,MXN,3,2,72,m2,"DEPTO EN RENTA 2 REC 72 M2 EN EL CENTRO PLAYA DEL CARMEN A 5 CALLES DE LA PLAYA Nota: Renta para largo plazo, minimo 1 año. CARACTERISTICAS: 72 metros cuadrados con distribución inteligente que maximiza funcionalidad 2 recámaras amplias diseñadas para confort tropical y privacidad óptima 1 baño completo con acabados modernos y ventilación eficiente Diseño contemporáneo que combina estética internacional con elementos caribeños Espacios optimizados para ventilación natural y aprovechamiento de luz tropical AMENIDADES: Rooftop panorámico con vistas del skyline caribeño Alberca en azotea para exp",https://static.tokkobroker.com/sm_pics/103546500_og.jpg,Mexico,Quintana Roo,Playa del Carmen,,,Rent,1,Royal Casa Bienes Raíces,https://www.royalcasa.com.mx/p/7135265-Departamento-en-Renta-en-Gonzalo-Guerrero-DEPTO-EN-RENTA--2-REC-A-5-CALLES-DE-LA-PLAYA--EN--PLAYA-DEL-CARMEN,Playa del Carmen; Other Riviera Maya
Royal Casa Bienes Raíces,https://royalcasa.com.mx,Tokko Broker,https://www.royalcasa.com.mx/p/7134721-Departamento-en-Renta-en-Playa-del-Carmen-Centro-DEPARTAMENTO-EN-RENTA-1REC-40M2--EN-PLAYA-DEL-CARMEN-AMUEBLADO-A-5-CALLES-DE-LA-PLAYA,Departamento en Renta en Playa del Carmen Centro - DEPARTAMENTO EN RENTA 1REC 40M2  EN PLAYA DEL CARMEN AMUEBLADO A 5 CALLES DE LA PLAYA,Condo/Apartment,13200,MXN,1,1,40,m2,DEPARTAMENTO EN RENTA 1REC 40M2 EN PLAYA DEL CARMEN AMUEBLADO A 5 CALLES DE LA PLAYA Un estudio completamente amueblado y equipado que combina la exclusividad de la ubicación centro con amenidades de lujo y diseño contemporáneo. CARACTERISTICAS: Espacio inteligentemente distribuido con máximo aprovechamientoDiseño contemporáneo con acabados de alta calidadIluminación natural abundante que crea ambientes luminososMobiliário de diseño incluido para ocupación inmediata Estacionamiento subterráneo seguro y privadoRecepción profesional con servicios de conciergeÁrea de co-working moderna para profe,https://static.tokkobroker.com/sm_pics/103536622_og.jpg,Mexico,Quintana Roo,Playa del Carmen,,,Rent,1,Royal Casa Bienes Raíces,https://www.royalcasa.com.mx/p/7134721-Departamento-en-Renta-en-Playa-del-Carmen-Centro-DEPARTAMENTO-EN-RENTA-1REC-40M2--EN-PLAYA-DEL-CARMEN-AMUEBLADO-A-5-CALLES-DE-LA-PLAYA,Playa del Carmen; Other Riviera Maya
Royal Casa Bienes Raíces,https://royalcasa.com.mx,Tokko Broker,"https://www.royalcasa.com.mx/p/6710418-Casa-en-Renta-en-Fraccionamiento-Palmanova-SE-RENTA-CASA-EN-PLAYA-DEL-CARMEN,-EQUIPADA,-SIN-AMUEBLAR","Casa en Renta en Fraccionamiento Palmanova - SE RENTA CASA EN PLAYA DEL CARMEN, EQUIPADA, SIN AMUEBLAR",Land/Lot,9500,MXN,2,2,120,m2,"CASA EN RENTA EN PLAYA DEL CARMEN, EQUIPADA, SIN AMUEBLAR Características: 2 habitaciones amplias1 baño completo y 1 medio baño, diseñados con acabados modernos.Cocina equipadaSin mueblesEspacios bien iluminados y ventilados. Ventajas: Casa completamente nueva, lista para que la disfrutes desde el primer día.Ubicada en Residencial Palmas Turquesa, con seguridad 24/7 y áreas comunes para la familia.Cercanía a playas, centros comerciales, escuelas y todos los servicios esenciales. SE ACEPTAN MASCOTAS ¡No pierdas la oportunidad de vivir en un lugar tranquilo y estratégico en Playa del Carmen! Age",https://static.tokkobroker.com/sm_pics/93467362_og.jpg,Mexico,Quintana Roo,Playa del Carmen,,,Rent,1,Royal Casa Bienes Raíces,"https://www.royalcasa.com.mx/p/6710418-Casa-en-Renta-en-Fraccionamiento-Palmanova-SE-RENTA-CASA-EN-PLAYA-DEL-CARMEN,-EQUIPADA,-SIN-AMUEBLAR",Playa del Carmen; Other Riviera Maya
Royal Casa Bienes Raíces,https://royalcasa.com.mx,Tokko Broker,https://www.royalcasa.com.mx/p/6385992-Departamento-en-Renta-en-Playa-del-Carmen-Centro-DEPARTAMENTO-EN-RENTA--2-REC-A-PASOS-DE-LA-5TA-AV-EN-PLAYA-DEL-CARMEN,Departamento en Renta en Playa del Carmen Centro - DEPARTAMENTO EN RENTA  2 REC A PASOS DE LA 5TA AV EN PLAYA DEL CARMEN,Land/Lot,19200,MXN,2,2,81,m2,"DEPARTAMENTO EN RENTA 2 REC 2 BAÑOS 81 M2 EN PLAYA DEL CARMEN A PASOS DE LA 5TA AV Este departamento completamente amueblado te coloca a solo una calle de la legendaria Quinta Avenida y a 7 minutos de las playas más hermosas del Caribe Mexicano. Características: 2 recámaras amplias con mobiliario de calidad incluido2 baños completos con acabados modernosEstacionamiento privado asignado, una ventaja invaluable en el centroAmueblado completamente, listo para habitarse desde el primer día Desde tu puerta, accede inmediatamente a: Restaurantes de cocina internacional y local de primer nivelTiendas",https://static.tokkobroker.com/sm_pics/86842535_og.jpg,Mexico,Quintana Roo,Playa del Carmen,,,Rent,1,Royal Casa Bienes Raíces,https://www.royalcasa.com.mx/p/6385992-Departamento-en-Renta-en-Playa-del-Carmen-Centro-DEPARTAMENTO-EN-RENTA--2-REC-A-PASOS-DE-LA-5TA-AV-EN-PLAYA-DEL-CARMEN,Playa del Carmen; Other Riviera Maya
Royal Casa Bienes Raíces,https://royalcasa.com.mx,Tokko Broker,https://www.royalcasa.com.mx/p/3997870-Casa-en-Renta-en-Los-Olivos-CASA-DE-2-REC.-EN-PRIVADA-CON-SEGURIDAD-SIN-AMUEBLAR,Casa en Renta en Los Olivos - CASA DE 2 REC. EN PRIVADA CON SEGURIDAD SIN AMUEBLAR,Land/Lot,10900,MXN,1,2,120,m2,"CASA EN RENTA - LOS OLIVOS, PLAYA DEL CARMEN Vive la experiencia perfecta del Caribe mexicano en esta acogedora casa ubicada en la exclusiva zona residencial de Los Olivos, donde la tranquilidad familiar se combina con la proximidad a todo lo que necesitas. UBICACIÓN ESTRATÉGICA: Situada en una de las colonias más codiciadas de Playa del Carmen.La ubicación estratégica te conecta fácilmente con una amplia variedad de comercios, centros educativos de calidad y principales vialidades, facilitando tu día a día y el de tu familia. DISEÑO FUNCIONAL: Esta casa de 2 recámaras ha sido diseñada pensand",https://static.tokkobroker.com/sm_pics/43756949_og.jpg,Mexico,Quintana Roo,Playa del Carmen,,,Rent,1,Royal Casa Bienes Raíces,https://www.royalcasa.com.mx/p/3997870-Casa-en-Renta-en-Los-Olivos-CASA-DE-2-REC.-EN-PRIVADA-CON-SEGURIDAD-SIN-AMUEBLAR,Playa del Carmen; Other Riviera Maya
Royal Casa Bienes Raíces,https://royalcasa.com.mx,Tokko Broker,https://www.royalcasa.com.mx/p/6489171-Departamento-en-Renta-en-Real-Amalfi-DEPARTAMENTO-EN-RENTA-EN-PLAYA-DEL-CARMEN-EN-ESQUINA,Departamento en Renta en Real Amalfi - DEPARTAMENTO EN RENTA EN PLAYA DEL CARMEN EN ESQUINA,Land/Lot,9500,MXN,1,2,65,m2,DEPARTAMENTO EN RENTA DE 2 REC CON AMENIDADES UNICAS EN PLAYA DEL CARMEN CARACTERISTICAS: 2 recámaras con closets integrados 1 baño completo Sala y comedor con excelente iluminación Cocina equipada Balcon Área de lavado Estacionamiento asegurado para 1 automóvil Seguridad privada las 24 horas Acceso controlado y vigilancia permanente Ambiente familiar seguro ideal para niños AMENIDADES: Piscina Gimnasio Track para correr Área especializada para mascotas Juegos infantiles Ludoteca Casa club para eventos familiares y reuniones sociales Parque Palapas de lectura DONDE LA FAMILIA ENCUENTRA SU HOGA,https://static.tokkobroker.com/sm_pics/129436616_og.jpg,Mexico,Quintana Roo,Playa del Carmen,,,Rent,1,Royal Casa Bienes Raíces,https://www.royalcasa.com.mx/p/6489171-Departamento-en-Renta-en-Real-Amalfi-DEPARTAMENTO-EN-RENTA-EN-PLAYA-DEL-CARMEN-EN-ESQUINA,Playa del Carmen; Other Riviera Maya
Royal Casa Bienes Raíces,https://royalcasa.com.mx,Tokko Broker,https://www.royalcasa.com.mx/p/7190774-Departamento-en-Renta-en-Nicte-ha-DEPARTAMENTOS-TIPO-ESTUDIO-EN-RENTA-CERCA-DE-PUNTA-ESMERALDA,Departamento en Renta en Nicte-ha - DEPARTAMENTOS TIPO ESTUDIO EN RENTA CERCA DE PUNTA ESMERALDA,Condo/Apartment,9000,MXN,1,1,40,m2,DEPARTAMENTOS TIPO ESTUDIO 40 M2 EN RENTA CERCA DE PUNTA ESMERALDA/ PLAYA DEL CARMEN Vive la experiencia caribeña auténtica en este acogedor departamento ubicado cerca de una de las playas más hermosas y preservadas de Playa del Carmen. Caracteristicas: 1 recámara cómoda con excelente ventilación naturalBaño completo con acabados funcionalesÁrea de cocina práctica y bien equipadaFrigobar incluido para bebidas y alimentos frescosSofá cama adicional para huéspedes o relajaciónComedor integrado para disfrutar tus comidasArmario para organizar tus pertenencias Incluye: Televisión para entretenimie,https://static.tokkobroker.com/sm_pics/104657678_og.jpg,Mexico,Quintana Roo,Playa del Carmen,,,Rent,1,Royal Casa Bienes Raíces,https://www.royalcasa.com.mx/p/7190774-Departamento-en-Renta-en-Nicte-ha-DEPARTAMENTOS-TIPO-ESTUDIO-EN-RENTA-CERCA-DE-PUNTA-ESMERALDA,Playa del Carmen; Other Riviera Maya
Royal Casa Bienes Raíces,https://royalcasa.com.mx,Tokko Broker,https://www.royalcasa.com.mx/p/6071102-Local-en-Renta-en-Fraccionamiento-El-Tigrillo-LOCALES-EN-RENTA-151-M2-EN-PLAYA-DEL-CARMEN-SOBRE-CARRETERA-FEDERAL-FRENTE-A-PLAYACAR,Local en Renta en Fraccionamiento El Tigrillo - LOCALES EN RENTA 151 M2 EN PLAYA DEL CARMEN SOBRE CARRETERA FEDERAL FRENTE A PLAYACAR,House,35000,MXN,9,9,151,m2,"LOCALES COMERCIALES EN RENTA 151 M2- CARRETERA FEDERAL, PLAYA DEL CARMEN Ubicado sobre la Carretera Federal, junto a Liverpool y frente a Playacar, garantiza la máxima visibilidad y flujo constante de clientes potenciales. Infraestructura lista para generar ingresos desde el día uno: 151 m2 de superficie comercial optimizada 9 espacios independientes perfectamente distribuidos 7 cubículos ejecutivos con divisiones instaladas Puertas corredizas de madera que maximizan funcionalidad y estética Mobiliario modular con sistema de almacenamiento integrado Lavabo instalado para comodidad del personal",https://static.tokkobroker.com/sm_pics/80594285_og.jpg,Mexico,Quintana Roo,Playa del Carmen,,,Rent,1,Royal Casa Bienes Raíces,https://www.royalcasa.com.mx/p/6071102-Local-en-Renta-en-Fraccionamiento-El-Tigrillo-LOCALES-EN-RENTA-151-M2-EN-PLAYA-DEL-CARMEN-SOBRE-CARRETERA-FEDERAL-FRENTE-A-PLAYACAR,Playa del Carmen; Other Riviera Maya
Sena Real Estate,https://www.sena-realestate.com/,Tokko Broker,https://www.sena-realestate.com/p/8175689-Oficina-en-Renta-en-Central-de-Abasto-RENTA-DE-OFICINA-CENTRAL-DE-ABASTOS-CANCUN,Oficina en Renta en Central de Abasto - Central de Abasto,Land/Lot,45000,MXN,,,350,m2,"OFREZCO OFICINA CORPORATIVA EN RENTA – CENTRAL DE ABASTOS, CANCÚN Renta: $45,000 MXN + impuestosMantenimiento incluido Ubica tu empresa en una de las zonas comerciales y logísticas más estratégicas de Cancún. Esta amplia oficina corporativa se encuentra dentro de la Central de Abastos sobre Avenida Colosio, una ubicación privilegiada con excelente conectividad hacia el Aeropuerto Internacional de Cancún, Zona Hotelera, Puerto Morelos, Playa del Carmen y las principales vías de la ciudad. Características: • 350 m² de construcción• Ubicada en segundo nivel• 5 cajones de estacionamiento• Aire aco",https://static.tokkobroker.com/sm_pics/8175689_91206300754036102528092436508171850292384219928956338994427599428922400523650_og.jpg,Mexico,Quintana Roo,Playa del Carmen,,,Rent,1,Sena Real Estate,https://www.sena-realestate.com/p/8175689-Oficina-en-Renta-en-Central-de-Abasto-RENTA-DE-OFICINA-CENTRAL-DE-ABASTOS-CANCUN,Cancun; Playa del Carmen; Puerto Morelos; Other Riviera Maya
Tulum Rental Homes,https://www.tulumrentalhomes.com.mx/,EasyBroker,https://www.tulumrentalhomes.com.mx/property/xpuha-residential-resort-lote-52,XPUHA RESIDENTIAL RESORT Lote 52,Land/Lot,3800000,USD,3,3,600,m2,XPUHA RESIDENTIAL RESORT Lote 52 manzana 2 en la privada (estrella de mar) REVENTA. Residencial exclusivo a 20 minutos de Playa del Carmen y a 30 minutos de Tulum. 600 m2 Datos generales: ALTURA MÁ...,https://assets.easybroker.com/property_images/5741631/100492637/EB-VB1631.jpeg?height=300&version=1768505056&width=450,Mexico,Quintana Roo,Tulum,,,Rent,1,Tulum Rental Homes,https://www.tulumrentalhomes.com.mx/property/xpuha-residential-resort-lote-52,Playa del Carmen; Tulum; Other Riviera Maya
Tulum Rental Homes,https://www.tulumrentalhomes.com.mx/,EasyBroker,https://www.tulumrentalhomes.com.mx/property/xpuha-residential-resort-lote-50,XPUHA RESIDENTIAL RESORT Lote 50,Land/Lot,3800000,USD,1,1,600,m2,XPUHA RESIDENTIAL RESORT Lote 50 manzana 2 en la privada (estrella de mar) REVENTA. Residencial exclusivo a 20 minutos de Playa del Carmen y a 30 minutos de Tulum. 600 m2 Datos generales: ALTURA MÁ...,https://assets.easybroker.com/property_images/5741599/100491633/EB-VB1599.jpeg?height=300&version=1768504455&width=450,Mexico,Quintana Roo,Tulum,,,Rent,1,Tulum Rental Homes,https://www.tulumrentalhomes.com.mx/property/xpuha-residential-resort-lote-50,Playa del Carmen; Tulum; Other Riviera Maya
Tulum Rental Homes,https://www.tulumrentalhomes.com.mx/,EasyBroker,https://www.tulumrentalhomes.com.mx/property/singular-dream-503a,Singular Dream 503A,Condo/Apartment,32000,USD,1,1,52,m2,Donde el lifestyle de Centro Playa del Carmen se vuelve cotidiano: este departamento en Singular Dream te recibe con un equilibrio perfecto entre calma y diseño. Sus 52 metros están pensados al det...,https://assets.easybroker.com/property_images/6091142/107852394/EB-WK1142.jpg?height=300&version=1783176627&width=450,Mexico,Quintana Roo,Tulum,,,Rent,1,Tulum Rental Homes,https://www.tulumrentalhomes.com.mx/property/singular-dream-503a,Playa del Carmen; Tulum; Other Riviera Maya
Virtual Realty Riviera Maya,https://www.virtualrealtyrivieramaya.com/,Tokko Broker,https://www.virtualrealtyrivieramaya.com/Departamentos-en-Renta-Temp,Virtual Realty Riviera Maya – Venta y Renta de Inmuebles - Inmobiliaria,Unknown,,,,,,,Virtual Realty Riviera Maya – Venta y Renta de Inmuebles - Inmobiliaria,https://static.tokkobroker.com/tfw_images/2075_Virtual%20Realty%20Riviera%20Maya/logo%20vrrm%20borde%20blanco.png,Mexico,Quintana Roo,Playa del Carmen,,,Rent,1,Virtual Realty Riviera Maya,https://www.virtualrealtyrivieramaya.com/Departamentos-en-Renta-Temp,Playa del Carmen; Other Riviera Maya
White City Properties,https://whitecityproperties.com/,,https://whitecityproperties.com/properties/1487,Prime Location Townhouse | White City Properties,Commercial,779,USD,2,,,,"Ideally located just minutes from Plaza La Isla, El Faro Hospital, supermarkets, and major shopping centers, this stylish townhouse offers the perfect blend of convenience, comfort, and modern living....",https://whitecityproperties.com/WCP/public/fotos-propiedades/town-house-disponible-en-santa-gertrudis-copo_1786213335.jpeg,Mexico,Quintana Roo,Playa del Carmen,,,Rent,1,White City Properties,https://whitecityproperties.com/properties/1487,Playa del Carmen; Other Riviera Maya
www.wviviendas.com,https://www.wviviendas.com/,,https://www.wviviendas.com/desarrollos/renta-depto-amueblado-3-rec-real-bilbao-playa-del-carmen/,Renta Depto Amueblado - 3 Rec - Real Bilbao Playa Del Carmen - Wviviendas,Condo/Apartment,9500.00,USD,3,1,65,m2,Renta Depto Amueblado - 3 Rec - Real Bilbao Playa Del Carmen,https://www.wviviendas.com/wp-content/uploads/2026/06/35.jpeg,Mexico,Quintana Roo,Tulum,,,Rent,1,www.wviviendas.com,https://www.wviviendas.com/desarrollos/renta-depto-amueblado-3-rec-real-bilbao-playa-del-carmen/,Playa del Carmen; Tulum; Other Riviera Maya
elimar properties,https://elimarproperties.com/,,https://elimarproperties.com/mexican-caribbean-gated-communities/,Mexican Caribbean Gated Communities - Elimar Properties,Land/Lot,,,,,,,"Find security and luxury in Mexican Caribbean gated communities. Browse our exclusive listings of homes in secure, upscale neighborhoods throughout the Mexican Caribbean, including popular destinations such as Playa del Carmen, Tulum, Cancun & more.",https://storage.googleapis.com/elimar/2024/11/photo_2024-11-12_13-47-22-1731432414897.jpg.webp,Mexico,Quintana Roo,Tulum,,,Unclassified,4,elimar properties,https://elimarproperties.com/mexican-caribbean-gated-communities/; https://elimarproperties.com/mexican-caribbean-lifestyle/; https://elimarproperties.com/puerto-morelos-real-estate/; https://elimarproperties.com/the-benefits-of-investing-in-the-mexican-caribbean-a-coastal-gem/,Cancun; Playa del Carmen; Tulum; Other Riviera Maya
elimar properties,https://elimarproperties.com/,,https://elimarproperties.com/lcentral_listings/hacienda-penthouse-playa-del-carmen/,Hacienda Penthouse Playa del Carmen | La Estancia B7 - Elimar Properties,Land/Lot,529000,USD,,3,2000,sqft,"Hacienda Penthouse Playa del Carmen with rooftop plunge pool, proven rental income, artisan architecture, and turnkey ownership in El Centro near the Caribbean Sea.",https://storage.googleapis.com/elimar/2026/02/Elizabeth-Gregg-Thumb-square-1772205427493.jpg.webp,Mexico,Quintana Roo,Tulum,,,Rent,1,elimar properties,https://elimarproperties.com/lcentral_listings/hacienda-penthouse-playa-del-carmen/,Playa del Carmen; Tulum; Other Riviera Maya
elimar properties,https://elimarproperties.com/,,https://elimarproperties.com/lcentral_listings/bosque-de-los-aluxes-301-playa-del-carmen/,Bosque de los Aluxes 301 Playa del Carmen - Elimar Properties,Land/Lot,414900,USD,,2,,,"Discover luxury at Bosque de los Aluxes 301 Playa del Carmen, a stunning bi-level penthouse with ocean views and private pool.",https://storage.googleapis.com/elimar/2026/02/Elizabeth-Gregg-Thumb-square-1772205427493.jpg.webp,Mexico,Quintana Roo,Tulum,,,Rent,1,elimar properties,https://elimarproperties.com/lcentral_listings/bosque-de-los-aluxes-301-playa-del-carmen/,Playa del Carmen; Tulum; Other Riviera Maya
elimar properties,https://elimarproperties.com/,,https://elimarproperties.com/lcentral_listings/playa-del-carmen-penthouse/,"Playa del Carmen Penthouse Ocean View, 3 Bedroom Condo - Elimar Properties",Land/Lot,500000,USD,3,,,,"Playa del Carmen Penthouse steps to Quinta Avenida and beach Private rooftop pool, turnkey—luxury retreat or income-generating investment",https://storage.googleapis.com/elimar/2026/02/Elizabeth-Gregg-Thumb-square-1772205427493.jpg.webp,Mexico,Quintana Roo,Tulum,,,Rent,1,elimar properties,https://elimarproperties.com/lcentral_listings/playa-del-carmen-penthouse/,Playa del Carmen; Tulum; Other Riviera Maya
Viviun,https://www.viviun.com/mexico-caribbean-real-estate,,https://www.viviun.com/central-america-caribbean-rentals,Central America Caribbean Rentals: List and Find the Best Properties in the Central American Caribbean,Unknown,50000,USD,2,2,,,,https://www.viviun.com/assets/immutable/v1/images/viviun_logo.png; https://i.viviun.net/i/1/l/287726/LOXLSJ/1/ED7EEF/fully-furnished-house-for-rent-in-sarteneja-village-corozal-belize.webp; https://i.viviun.net/i/1/l/287748/F575WB/1/F4EF52/2-bedroom-furnished-unit-for-rent-in-corozal-belize.webp; https://i.viviun.net/i/1/l/280000/8F45U1/1/F4A7FD/ocean-view-home-for-sale-and-rent-in-la-ceiba-atlantida-honduras.webp; https://i.viviun.net/i/1/l/278035/5FXL3D/1/DD95AE/home-for-rent-in-corozal-belize.webp; https://i.viviun.net/i/1/l/281869/PS5Q0A/1/FBC5F3/vacation-villas-for-rent-in-bocas-del-toro-panama.webp; https://i.viviun.net/i/1/l/281052/R63E4Z/1/DF8218/waterfront-home-for-rent-in-corozal-belize.webp; https://i.viviun.net/i/1/l/280785/53WCYD/1/D7E2FD/on-the-water-villa-for-sale-and-rent-in-bocas-del-toro-panama.webp,Mexico,Quintana Roo,Playa del Carmen,,,Rent,1,Viviun,https://www.viviun.com/central-america-caribbean-rentals,Playa del Carmen; Other Riviera Maya
Viviun,https://www.viviun.com/mexico-caribbean-real-estate,,https://www.viviun.com/hospitality-property-rentals,Hospitality Property Rentals: List and Find the Best Hospitality Property in the World,Unknown,400000.,USD,12,3,100,m2,,https://www.viviun.com/assets/immutable/v1/images/viviun_logo.png; https://i.viviun.net/i/1/l/286770/HGDHZK/1/219AFD/boutigue-hotel-for-sale-and-rent-in-regierungsbezirk-koeln-nordrhein-westfalen-germany.webp; https://i.viviun.net/i/1/l/285631/QP9C8Y/1/C6FD21/hotel-for-rent-in-gampaha-western-sri-lanka.webp; https://i.viviun.net/i/1/l/285610/TFGZZS/1/8E8CF3/waterfront-restaurant-for-sale-and-rent-in-illes-balears-balearic-islands-spain.webp; https://i.viviun.net/i/1/l/284711/LHL3F8/1/7AF137/apartment-for-rent-in-arusha-tanzania.webp; https://i.viviun.net/i/1/l/279722/WYKUUI/1/C3C183/house-for-sale-and-rent-in-monteverde-puntarenas-costa-rica.webp; https://i.viviun.net/i/1/l/279516/568MAU/1/958AEB/inn-lodge-for-sale-and-rent-in-tucson-arizona-usa.webp; https://i.viviun.net/i/1/l/279467/2958SU/1/7A91DE/ecolodge-for-sale-and-rent-in-montañita-santa-elena-ecuador.webp,Mexico,Quintana Roo,Playa del Carmen,,,Rent,1,Viviun,https://www.viviun.com/hospitality-property-rentals,Playa del Carmen; Other Riviera Maya
Mexhome,https://mexhome.com/properties?area=puerto-vallarta&type=Houses,,https://mexhome.com/area/puerto-vallarta-vacation-rentals/,Puerto Vallarta Vacation Rentals- MexHome,Land/Lot,1995000,USD,4,4,3038,sqft,Discover properties for rent in Puerto Vallarta Vacation Rentals. Dive into key property insights and experience the unique charm of Mexico.,https://mexhome.com/wp-content/uploads/2024/09/puerto-vallarta-puerto-vallarta-jalisco-mexico-2023-11-27-05-02-25-utc-scaled.jpg,Mexico,Quintana Roo,Playa del Carmen,,,Rent,1,Mexhome,https://mexhome.com/area/puerto-vallarta-vacation-rentals/,Playa del Carmen; Puerto Vallarta; Other Riviera Maya
Mexhome,https://mexhome.com/properties?area=puerto-vallarta&type=Houses,,https://mexhome.com/area/punta-mita-vacation-rentals/,Punta Mita Vacation Rentals Real Estate for Sale - MexHome,Land/Lot,875000,USD,3,3.5,3572,sqft,Discover properties for rent in Punta Mita Vacation Rentals. Dive into key property insights and experience the unique charm of Mexico.,https://mexhome.com/wp-content/uploads/2018/11/puntademita4.jpg,Mexico,Quintana Roo,Playa del Carmen,,,Rent,1,Mexhome,https://mexhome.com/area/punta-mita-vacation-rentals/,Playa del Carmen; Puerto Vallarta; Other Riviera Maya
Mexhome,https://mexhome.com/properties?area=puerto-vallarta&type=Houses,,https://mexhome.com/area/bucerias-vacation-rentals/,Bucerias Vacation Rentals Real Estate for Sale - MexHome,Land/Lot,223600,USD,4,3.5,574,m2,Discover properties for rent in Bucerias Vacation Rentals. Dive into key property insights and experience the unique charm of Mexico.,https://mexhome.com/wp-content/uploads/2023/11/buceriasland9.jpg,Mexico,Quintana Roo,Playa del Carmen,,,Rent,1,Mexhome,https://mexhome.com/area/bucerias-vacation-rentals/,Playa del Carmen; Puerto Vallarta; Other Riviera Maya
Mexhome,https://mexhome.com/properties?area=puerto-vallarta&type=Houses,,https://mexhome.com/area/sayulita-vacation-rentals/,Sayulita Vacation Rentals Real Estate for Sale - MexHome,Land/Lot,295000,USD,5,5,6576,sqft,Discover properties for rent in Sayulita Vacation Rentals. Dive into key property insights and experience the unique charm of Mexico.,https://mexhome.com/wp-content/uploads/2025/02/sayulita13.jpg,Mexico,Quintana Roo,Playa del Carmen,,,Rent,1,Mexhome,https://mexhome.com/area/sayulita-vacation-rentals/,Playa del Carmen; Puerto Vallarta; Other Riviera Maya
Mexhome,https://mexhome.com/properties?area=puerto-vallarta&type=Houses,,https://mexhome.com/area/nuevo-vallarta-vacation-rentals/,Nuevo Vallarta Vacation Rentals Real Estate for Sale - MexHome,Land/Lot,495000,USD,2,2,2124,sqft,Discover properties for rent in Nuevo Vallarta Vacation Rentals. Dive into key property insights and experience the unique charm of Mexico.,https://mexhome.com/wp-content/uploads/2016/04/nuevovallarta8.jpg,Mexico,Quintana Roo,Playa del Carmen,,,Rent,1,Mexhome,https://mexhome.com/area/nuevo-vallarta-vacation-rentals/,Playa del Carmen; Puerto Vallarta; Other Riviera Maya
Mexhome,https://mexhome.com/properties?area=puerto-vallarta&type=Houses,,https://mexhome.com/ai-property-description-generator/,AI Property Description Generator - MexHome,Land/Lot,,,,,2,sqft,,https://mexhome.com/wp-content/themes/mexhome-theme/dist/images/mexhome-logo-2023.png; https://mexhome.com/wp-content/uploads/2023/03/mexhome-chatgpt-480x205.png; https://cdnjs.cloudflare.com/ajax/libs/galleriffic/2.0.1/css/loader.gif; https://mexhome.com/favicon-32x32.png,Mexico,Quintana Roo,Playa del Carmen,,,Rent,1,Mexhome,https://mexhome.com/ai-property-description-generator/,Playa del Carmen; Other Riviera Maya
Mexhome,https://mexhome.com/properties?area=puerto-vallarta&type=Houses,,https://mexhome.com/dev/harbor-171-condos-puerto-vallarta/,Harbor 171 Puerto Vallarta Condos for Sale - MexHome,Land/Lot,389000,USD,1,4,3038,sqft,Harbor 171 in Puerto Vallarta are upscale condos that are an amazing example of real estate in Puerto Vallarta and Mexico.,https://mexhome.com/wp-content/uploads/2020/06/Harbor-171-MexHome-Real-Estate-3.jpg,Mexico,Quintana Roo,Playa del Carmen,,,Rent,1,Mexhome,https://mexhome.com/dev/harbor-171-condos-puerto-vallarta/,Playa del Carmen; Puerto Vallarta; Other Riviera Maya
Mexhome,https://mexhome.com/properties?area=puerto-vallarta&type=Houses,,https://mexhome.com/dev/valarte-condos-puerto-vallarta/,Valarte Puerto Vallarta for Sale - MexHome,Land/Lot,300000,USD,1,1,775,sqft,"Valarte Condos in Puerto Vallarta offers contemporary design with 95 units in the vibrant and emerging community of Fluvial Vallarta. With convenient access to services, shopping, & entertainment, pre-sale pricing makes this a great investment!",https://mexhome.com/wp-content/uploads/2022/03/valarte-puerto-vallarta-condos-4.jpeg,Mexico,Quintana Roo,Playa del Carmen,,,Rent,1,Mexhome,https://mexhome.com/dev/valarte-condos-puerto-vallarta/,Playa del Carmen; Puerto Vallarta; Other Riviera Maya
I Brokers,https://ibrokersmexico.com/en/,,https://ibrokersmexico.com/en/property/neren-constituyentes-amueblado-y-equipado-en-playa-del-carmen/,Neren Constituyentes - Departamentos equipados en Playa del Carmen - iBrokers México,House,2390000,USD,1,,29.1,m2,"Unidades se entregan en formato llave en mano, completamente amueblados, equipados y decorados en playa del Carmen",https://ibrokersmexico.com/wp-content/uploads/2026/04/Neren-Constituyentes.jpg,Mexico,Quintana Roo,Tulum,,,Rent,1,I Brokers,https://ibrokersmexico.com/en/property/neren-constituyentes-amueblado-y-equipado-en-playa-del-carmen/,Playa del Carmen; Tulum; Other Riviera Maya
I Brokers,https://ibrokersmexico.com/en/,,https://ibrokersmexico.com/en/property/real-aurora-increible-desarrollo-en-playa-del-carmen/,Real Aurora - Increíble desarrollo en Playa del Carmen - iBrokers México,House,1700000,USD,3,,41.75,m2,"Increíble desarrollo en Playa del Carmen - Real Aurora, increíble desarrollo en Playa del Carmen - iBrokers",https://ibrokersmexico.com/wp-content/uploads/2025/06/Real-Aurora.jpg,Mexico,Quintana Roo,Tulum,,,Rent,1,I Brokers,https://ibrokersmexico.com/en/property/real-aurora-increible-desarrollo-en-playa-del-carmen/,Playa del Carmen; Tulum; Other Riviera Maya
I Brokers,https://ibrokersmexico.com/en/,,https://ibrokersmexico.com/en/property/laurel-luxury-gardens-exclusivo-proyecto-a-tan-solo-unos-pasos-de-la-increible-playa-de-cozumel/,Laurel Luxury Gardens - Exclusivo proyecto a tan solo unos pasos de la increíble playa de Cozumel - iBrokers México,House,5076000,USD,4,,138.09,m2,"Es un exclusivo residencial de 15 condominios únicamente de 1, 2, 3 y 4 recámaras., con acabados de lujo donde obtendrás una alta plusvalía garantizada por su cercanía al mar y al próximo muelle internacional.",https://ibrokersmexico.com/wp-content/uploads/2025/03/Laurel-Luxury-Gardens.jpg,Mexico,Quintana Roo,Playa del Carmen,,,Rent,1,I Brokers,https://ibrokersmexico.com/en/property/laurel-luxury-gardens-exclusivo-proyecto-a-tan-solo-unos-pasos-de-la-increible-playa-de-cozumel/,Playa del Carmen; Other Riviera Maya
I Brokers,https://ibrokersmexico.com/en/,,https://ibrokersmexico.com/en/property/macondo-playacar-exclusivo-proyecto-en-zona-exclusiva-y-segura/,Macondo Playacar - Exclusivo proyecto en zona exclusiva y segura - iBrokers México,House,5519360,USD,3,,77.89,m2,"Increíble proyecto en una de las mejores zonas de Playa del Carmen con 80 departamentos de 1,2 y 3 recamaras con acabados de lujo que tu estilo vida requiere.",https://ibrokersmexico.com/wp-content/uploads/2024/06/Macondo-Playacar.jpg,Mexico,Quintana Roo,Playa del Carmen,,,Rent,1,I Brokers,https://ibrokersmexico.com/en/property/macondo-playacar-exclusivo-proyecto-en-zona-exclusiva-y-segura/,Playa del Carmen; Other Riviera Maya
I Brokers,https://ibrokersmexico.com/en/,,https://ibrokersmexico.com/en/property/solar-playa-studio-increible-proyecto-a-tan-solo-2-cuadras-de-la-playa-del-caribe-mexicano/,Solar Playa Studio - Increíble proyecto a tan solo 2 cuadras de la Playa del Caribe Mexicano - iBrokers México,House,228300,USD,2,,31.29,m2,Increíble proyecto a tan solo 2 cuadras de la Playa del Caribe Mexicano,https://ibrokersmexico.com/wp-content/uploads/2024/02/SOLAR.png,Mexico,Quintana Roo,Playa del Carmen,,,Rent,1,I Brokers,https://ibrokersmexico.com/en/property/solar-playa-studio-increible-proyecto-a-tan-solo-2-cuadras-de-la-playa-del-caribe-mexicano/,Playa del Carmen; Other Riviera Maya
I Brokers,https://ibrokersmexico.com/en/,,https://ibrokersmexico.com/en/property/maresol-desarrollo-en-playa-del-carmen-a-tan-slo-unos-pasos-del-mar/,"Maresol, Desarrollo en Playa del Carmen, a tan solo unos pasos del Mar - iBrokers México",House,1000.00,USD,1,10,31.98,m2,Es un desarrollo inmobiliario con hermosos departamentos de una habitación son perfectos para rentas vacacionales o como su propio hogar en el paraíso.,https://ibrokersmexico.com/wp-content/uploads/2024/01/Maresol.jpg,Mexico,Quintana Roo,Playa del Carmen,,,Rent,1,I Brokers,https://ibrokersmexico.com/en/property/maresol-desarrollo-en-playa-del-carmen-a-tan-slo-unos-pasos-del-mar/,Playa del Carmen; Other Riviera Maya
I Brokers,https://ibrokersmexico.com/en/,,https://ibrokersmexico.com/en/property/departamento-con-vista-al-mar-y-acabados-de-lujo-en-playa-del-carmen/,Departamento en Playa del Carmen - Xiol,Condo/Apartment,1000.00,USD,3,10,82.35,m2,"Departamento en Playa del Carmen - Xiol, Es un desarrollo de condominios boutique de 14 unidades en venta.",https://ibrokersmexico.com/wp-content/uploads/2023/12/xiol.png,Mexico,Quintana Roo,Playa del Carmen,,,Rent,1,I Brokers,https://ibrokersmexico.com/en/property/departamento-con-vista-al-mar-y-acabados-de-lujo-en-playa-del-carmen/,Playa del Carmen; Other Riviera Maya
Mary D. Serrano,https://mexicorealtyliving.com,,https://mexicorealtyliving.com/real-estate/doble-height-2br-condo-garden-terrace-for-sale-in-playacar-unit-b-119/,"Doble Height 2br Condo + Garden + Terrace, For Sale in Playacar. Unit B-119 - Mexico Realty Living",Land/Lot,328808,USD,2,2,,,"In the heart of the Riviera Maya, dressed by the different turquoise tones of the Caribbean Sea, a golf sanctuary within paradise itself emerges: Playacar. Here, time dances to the rhythm of tranquility amidst lush foliage and ancient ruins that echo the stories of a rich Mayan heritage, while seamlessly blending the surroundings with challenging […]",https://storage.googleapis.com/mexicorealtyliving/2025/01/Mary-D-Serrano-1737737959561.jpg.webp,Mexico,Quintana Roo,Tulum,,,Rent,2,Mary D. Serrano,https://mexicorealtyliving.com/real-estate/deluxe-condo-for-sale-in-naomi-selva/; https://mexicorealtyliving.com/real-estate/doble-height-2br-condo-garden-terrace-for-sale-in-playacar-unit-b-119/,Playa del Carmen; Tulum; Other Riviera Maya
Mary D. Serrano,https://mexicorealtyliving.com,,https://mexicorealtyliving.com/real-estate/astonishing-1br-condo-for-sale-in-playacar-unit-b-216-typology-t22/,Astonishing 1br Condo For Sale in Playacar. Unit B-216 Typology T22 - Mexico Realty Living,Land/Lot,247443,USD,2,1,,,"In the heart of the Riviera Maya, dressed by the different turquoise tones of the Caribbean Sea, a golf sanctuary within paradise itself emerges: Playacar. Here, time dances to the rhythm of tranquility amidst lush foliage and ancient ruins that echo the stories of a rich Mayan heritage, while seamlessly blending the surroundings with challenging […]",https://storage.googleapis.com/mexicorealtyliving/2025/01/Mary-D-Serrano-1737737959561.jpg.webp,Mexico,Quintana Roo,Tulum,,,Rent,1,Mary D. Serrano,https://mexicorealtyliving.com/real-estate/astonishing-1br-condo-for-sale-in-playacar-unit-b-216-typology-t22/,Playa del Carmen; Tulum; Other Riviera Maya
Mary D. Serrano,https://mexicorealtyliving.com,,https://mexicorealtyliving.com/real-estate/hot-price-condo-2br-for-sale-in-puerto-aventuras-type-a-a-302/,Hot Price Condo Optional Boat Slip For Sale in Puerto Aventuras Type A #A-302 - Mexico Realty Living,Land/Lot,597298,USD,2,2,,,"Exclusive community in the Caribbean, between Playa del Carmen and Tulum. 44 two-bedroom units, distributed in 5 buildings.They have BOAT SLIP & GARAGE AVAILABLE for sale separately. Beaches, water sports, golf, shopping, a dolphinarium and an atmosphere that promises to be your perfect escape. Each home is designed to combine modern comfort with timeless elegance. […]",https://storage.googleapis.com/mexicorealtyliving/2025/01/Mary-D-Serrano-1737737959561.jpg.webp,Mexico,Quintana Roo,Tulum,,,Rent,1,Mary D. Serrano,https://mexicorealtyliving.com/real-estate/hot-price-condo-2br-for-sale-in-puerto-aventuras-type-a-a-302/,Playa del Carmen; Tulum; Other Riviera Maya
Mary D. Serrano,https://mexicorealtyliving.com,,https://mexicorealtyliving.com/real-estate/exclusive-condo-2br-2-%C2%BDbth-garden-pool-for-sale-in-puerto-aventuras-type-a-102/,Exclusive Condo 2br 2 ½bth + Garden + Pool For Sale in Puerto Aventuras Type A-102 - Mexico Realty Living,Land/Lot,635135,USD,2,2,,,"Exclusive community in the Caribbean, between Playa del Carmen and Tulum. 44 two-bedroom units, distributed in 5 buildings. They have BOAT SLIP & GARAGE AVAILABLE for sale separately. Beaches, water sports, golf, shopping, a dolphinarium and an atmosphere that promises to be your perfect escape. Each home is designed to combine modern comfort with timeless […]",https://storage.googleapis.com/mexicorealtyliving/2025/01/Mary-D-Serrano-1737737959561.jpg.webp,Mexico,Quintana Roo,Tulum,,,Rent,1,Mary D. Serrano,https://mexicorealtyliving.com/real-estate/exclusive-condo-2br-2-%C2%BDbth-garden-pool-for-sale-in-puerto-aventuras-type-a-102/,Playa del Carmen; Tulum; Other Riviera Maya
Mary D. Serrano,https://mexicorealtyliving.com,,https://mexicorealtyliving.com/real-estate/exclusive-lots-for-sale-in-playa-del-carmen-within-corasol/,Exclusive Lots for Sale in Playa del Carmen Within Corasol. - Mexico Realty Living,Land/Lot,883815,USD,,,720,m2,"The privilege of living your style Situated on a coveted pristine stretch of the Riviera Maya coastline, Corasol represents a stunning new vision for exceptional resort living and legacy homeownership, all artfully sculpted into the landscape by Sordo Madaleno and CUAIK Arquitectos. Flawless white sand beaches, tranquil lagoons and a verdant valley of native jungle […]",https://storage.googleapis.com/mexicorealtyliving/2025/01/Mary-D-Serrano-1737737959561.jpg.webp,Mexico,Quintana Roo,Tulum,,,Rent,1,Mary D. Serrano,https://mexicorealtyliving.com/real-estate/exclusive-lots-for-sale-in-playa-del-carmen-within-corasol/,Playa del Carmen; Tulum; Other Riviera Maya
Mary D. Serrano,https://mexicorealtyliving.com,,https://mexicorealtyliving.com/real-estate/spacious-villa-4br-for-sale-within-corasol-playa-del-carmen-unit-32-model-b/,"Spacious Villa 4br, For Sale within Corasol, Playa del Carmen. Unit 32 Model B - Mexico Realty Living",Land/Lot,1721786,USD,,4,6436,sqft,"Palm Villas is located within Corasol, the most important private residential gated community in the Riviera Maya, with a golf course and private access to the beach. Dynamic Architecture, inspired by nature. This private enclave tucked within a lush green landscape along Corasol’s Nick Price-designed golf course consists of 35 freestanding estate villas, each presenting an unparalleled opportunity to own […]",https://storage.googleapis.com/mexicorealtyliving/2025/01/Mary-D-Serrano-1737737959561.jpg.webp,Mexico,Quintana Roo,Tulum,,,Rent,1,Mary D. Serrano,https://mexicorealtyliving.com/real-estate/spacious-villa-4br-for-sale-within-corasol-playa-del-carmen-unit-32-model-b/,Playa del Carmen; Tulum; Other Riviera Maya
Mary D. Serrano,https://mexicorealtyliving.com,,https://mexicorealtyliving.com/real-estate/luxury-residencial-4br-for-sale-in-playacar-unit-a102/,Luxury Residencial 4br For Sale in Playacar. Unit A102 - Mexico Realty Living,Land/Lot,1245000,USD,4,4,319,m2,"The elegance and luxury of living in Playa del Carmen. Soleii is located in Playacar Phase I, the most exclusive residential area with the highest added value in Playa del Carmen. 3 buildings; A, B and C. 24 premium units from 186 to 319 m2 the Penthouses. Exclusive apartments with 3 to 4 bedrooms with […]",https://storage.googleapis.com/mexicorealtyliving/2025/01/Mary-D-Serrano-1737737959561.jpg.webp,Mexico,Quintana Roo,Tulum,,,Rent,1,Mary D. Serrano,https://mexicorealtyliving.com/real-estate/luxury-residencial-4br-for-sale-in-playacar-unit-a102/,Playa del Carmen; Tulum; Other Riviera Maya
Mary D. Serrano,https://mexicorealtyliving.com,,https://mexicorealtyliving.com/real-estate/prime-location-condo-2br-2bth-for-sale-in-playa-del-carmen-unit-206/,"Prime location Condo 2br 2bth For Sale in Playa del Carmen, Unit 206 - Mexico Realty Living",Land/Lot,385000,USD,2,2,,,"Central Park II is a luxurious residential community in Playa del Carmen that combines funtionality with luxury. This property provides a comfortable living experience finishes, spacious layouts, and serene Windows that offer an elegant design with attention to detail. Central Park II is an ideal home for visitors seeking a Caribbean experience without abandoning the […]",https://storage.googleapis.com/mexicorealtyliving/2025/01/Mary-D-Serrano-1737737959561.jpg.webp,Mexico,Quintana Roo,Tulum,,,Rent,2,Mary D. Serrano,https://mexicorealtyliving.com/real-estate/exclusive-condo-close-to-the-beach-for-sale-in-tulum/; https://mexicorealtyliving.com/real-estate/prime-location-condo-2br-2bth-for-sale-in-playa-del-carmen-unit-206/,Playa del Carmen; Tulum; Other Riviera Maya
Mary D. Serrano,https://mexicorealtyliving.com,,https://mexicorealtyliving.com/real-estate/amazing-commercial-unit-for-sale-in-playa-del-carmen/,Amazing Commercial Unit for Sale in Playa del Carmen. - Mexico Realty Living,Land/Lot,990000,USD,,,,,"Your new life is walking distance. Imagine yourself living your best life in one of the most vibrant and magical towns of the Riviera Maya. Playa del Carmen is a place that has the best of both worlds, a cool town with culture, gastronomy, music & nightlife, and a relaxing space close to absolutely everything. […]",https://storage.googleapis.com/mexicorealtyliving/2025/01/Mary-D-Serrano-1737737959561.jpg.webp,Mexico,Quintana Roo,Tulum,,,Rent,1,Mary D. Serrano,https://mexicorealtyliving.com/real-estate/amazing-commercial-unit-for-sale-in-playa-del-carmen/,Playa del Carmen; Tulum; Other Riviera Maya
Mary D. Serrano,https://mexicorealtyliving.com,,https://mexicorealtyliving.com/real-estate/beautiful-2br-apartment-for-sale-in-playa-del-carmen-unit-106-f-torre-agua/,"Beautiful 2br Apartment For Sale in Playa del Carmen. Unit 503C, Torre Agua - Mexico Realty Living",Land/Lot,159783,USD,1,2,,,"9 towers of luxury condos that combine with the comfort and tranquility of nature. In addition to all the benefits of Lomas Aurora, they have their own amenities: Swimming Pool Sun Terraces Green Areas Elevator Parking Area Lobby Discover your next home in the mexican caribbean! One of the main tourist destinations in Mexico and […]",https://storage.googleapis.com/mexicorealtyliving/2025/01/Mary-D-Serrano-1737737959561.jpg.webp,Mexico,Quintana Roo,Tulum,,,Rent,1,Mary D. Serrano,https://mexicorealtyliving.com/real-estate/beautiful-2br-apartment-for-sale-in-playa-del-carmen-unit-106-f-torre-agua/,Playa del Carmen; Tulum; Other Riviera Maya
Mary D. Serrano,https://mexicorealtyliving.com,,https://mexicorealtyliving.com/real-estate/extravagant-2br-2bth-condo-for-sale-in-playa-del-carmen-unit-1516/,Extravagant 2br 2bth Condo For Sale in Playa del Carmen. Unit 1516 - Mexico Realty Living,Land/Lot,485000,USD,2,2,,,"Mexico is one of the world’s most popular destinations; more than 40% of the country’s tourism converges in the Riviera Maya, a place with a strong economy due to the tourism and real estate industries. In particular, Playa del Carmen is the world’s second-fastest-growing city and stands out because of its extraordinary investment opportunities: Excellent […]",https://storage.googleapis.com/mexicorealtyliving/2025/01/Mary-D-Serrano-1737737959561.jpg.webp,Mexico,Quintana Roo,Tulum,,,Rent,4,Mary D. Serrano,https://mexicorealtyliving.com/real-estate/amazing-residence-for-sale-in-tulum-suite-number-3b/; https://mexicorealtyliving.com/real-estate/astonishing-house-for-sale-in-tulum-suite-number-10b/; https://mexicorealtyliving.com/real-estate/extravagant-2br-2bth-condo-for-sale-in-playa-del-carmen-unit-1516/; https://mexicorealtyliving.com/real-estate/residence-for-sale-in-tulum-suite-number-6b/,Playa del Carmen; Tulum; Other Riviera Maya
Mary D. Serrano,https://mexicorealtyliving.com,,https://mexicorealtyliving.com/real-estate/spectacular-apartment-for-sale-in-playa-del-carmen-perla-unit-13/,Spectacular Apartment For Sale in Playa del Carmen. Perla Unit 13. - Mexico Realty Living,Land/Lot,232759,USD,1,1,,,"Beautiful Condo For Sale, Located in the vibrant heart of Playa del Carmen, Makani offers an exclusive mix of luxury and convenience just steps from the iconic Fifth Avenue. This prime location provides easy access to high-end restaurants, fashionable boutiques, and all essential services. Additionally, it’s only a few blocks from the crystal-clear. Playa del […]",https://storage.googleapis.com/mexicorealtyliving/2025/01/Mary-D-Serrano-1737737959561.jpg.webp,Mexico,Quintana Roo,Tulum,,,Rent,1,Mary D. Serrano,https://mexicorealtyliving.com/real-estate/spectacular-apartment-for-sale-in-playa-del-carmen-perla-unit-13/,Playa del Carmen; Tulum; Other Riviera Maya
Mary D. Serrano,https://mexicorealtyliving.com,,https://mexicorealtyliving.com/real-estate/amazing-ocean-view-2-bd-lock-off-for-sale-in-puerto-morelos/,Amazing Ocean View 2br Lock Off For Sale in Puerto Morelos. Unit 305 - Mexico Realty Living,Land/Lot,395600,USD,1,,,,"Luxury Condo just 3 minutes away from the beach. Located in the heart of Puerto Morelos, just 30 minutes in both directions from Playa del Carmen and Cancun. Puerto Morelos offers a stark contrast to the thousands of hotel resorts, sprawling cities like Cancun City, Playa del Carmen, and Tulum City, theme parks, block-long discos, […]",https://storage.googleapis.com/mexicorealtyliving/2025/01/Mary-D-Serrano-1737737959561.jpg.webp,Mexico,Quintana Roo,Tulum,,,Rent,1,Mary D. Serrano,https://mexicorealtyliving.com/real-estate/amazing-ocean-view-2-bd-lock-off-for-sale-in-puerto-morelos/,Cancun; Playa del Carmen; Puerto Morelos; Tulum; Other Riviera Maya
Mary D. Serrano,https://mexicorealtyliving.com,,https://mexicorealtyliving.com/real-estate/exclusive-condo-hotel-1br-for-sale-in-the-heart-playa-del-carmen/,Exclusive condo-hotel 1br for sale in the heart Playa del Carmen - Mexico Realty Living,Land/Lot,330000,USD,,1,,,"Owing this wonderful unit of 1br and think just to enjoy and unwind while you stay in this condo that outshines and standout of loaded inventory of properties. And you would like to have these exclusive benefits in this all at your finger’s tips, and where? Playa del Carmen tropical city is a home for […]",https://storage.googleapis.com/mexicorealtyliving/2025/01/Mary-D-Serrano-1737737959561.jpg.webp,Mexico,Quintana Roo,Tulum,,,Rent,1,Mary D. Serrano,https://mexicorealtyliving.com/real-estate/exclusive-condo-hotel-1br-for-sale-in-the-heart-playa-del-carmen/,Playa del Carmen; Tulum; Other Riviera Maya
Mary D. Serrano,https://mexicorealtyliving.com,,https://mexicorealtyliving.com/real-estate/breathtaking-3br-oceanfront-for-sale-in-puerto-morelos/,Breathtaking 3br Oceanfront for Sale in Puerto Morelos - Mexico Realty Living,Land/Lot,1173853,USD,2,3,,,"A beachfront condominium for sale located on the north end of town in the hotel zone, between Cancun and Playa del Carmen, is just 25 minutes south of Cancun International Airport emerges this development to evolve Riviera Maya and this fishing town that retains some of its original fishing village characters. Bao Puerto Morelos features […]",https://storage.googleapis.com/mexicorealtyliving/2025/01/Mary-D-Serrano-1737737959561.jpg.webp,Mexico,Quintana Roo,Tulum,,,Rent,2,Mary D. Serrano,https://mexicorealtyliving.com/real-estate/breathtaking-3br-oceanfront-for-sale-in-puerto-morelos/; https://mexicorealtyliving.com/real-estate/family-condo-for-sale-in-corasol-mareazul-2/,Cancun; Playa del Carmen; Puerto Morelos; Tulum; Other Riviera Maya
Mary D. Serrano,https://mexicorealtyliving.com,,https://mexicorealtyliving.com/real-estate/penthouse-for-sale-in-playa-del-carmen-downtown/,Penthouse for Sale in Playa del Carmen Downtown - Mexico Realty Living,Land/Lot,726516,USD,,3,2056.14,sqft,"Piano at Ipana “Siempre Playa” is part of a luxury urban development located in the prestigious Golden Zone of Playa del Carmen, on 38th Street and just one block from the famous Fifth Avenue. Only 400 meters from the beach, it offers the perfect mix of vibrant city life and relaxed Caribbean living. This exclusive […]",https://storage.googleapis.com/mexicorealtyliving/2025/01/Mary-D-Serrano-1737737959561.jpg.webp,Mexico,Quintana Roo,Tulum,,,Rent,1,Mary D. Serrano,https://mexicorealtyliving.com/real-estate/penthouse-for-sale-in-playa-del-carmen-downtown/,Playa del Carmen; Tulum; Other Riviera Maya
Mary D. Serrano,https://mexicorealtyliving.com,,https://mexicorealtyliving.com/real-estate/grand-deluxe-condofor-sale-in-naomi-selva/,Grand deluxe condo for Sale in Naomi Selva - Mexico Realty Living,Land/Lot,363260,USD,3,2,,,"Whether with family or as a couple, Naomi is the foundation for enjoying everything the Riviera Maya has to offer. Experience the tranquility of the jungle, the beauty of the sea, the nightlife of Playa del Carmen and all the entertainment opportunities that the Riviera Maya has to offer, making it an excellent investment opportunity.. […]",https://storage.googleapis.com/mexicorealtyliving/2025/01/Mary-D-Serrano-1737737959561.jpg.webp,Mexico,Quintana Roo,Tulum,,,Rent,1,Mary D. Serrano,https://mexicorealtyliving.com/real-estate/grand-deluxe-condofor-sale-in-naomi-selva/,Playa del Carmen; Tulum; Other Riviera Maya
Mary D. Serrano,https://mexicorealtyliving.com,,https://mexicorealtyliving.com/real-estate/seafront-condo-for-sale-in-playa-del-carmensuite-number-602-6-ph-a2/,"Seafront condo for sale in Playa del Carmen,Suite Number 602 6 PH-A2 - Mexico Realty Living",Land/Lot,2413888,USD,4,3,153.09,m2,"Discover the essence of coastal luxury in Playa del Carmen, where the gentle ocean breeze and endless ocean views create a space where luxury and comfort intertwine harmoniously. With top-notch facilities and exclusive access to the best areas of the Riviera Maya, welcome to your new home where natural beauty merges with contemporary luxury in […]",https://storage.googleapis.com/mexicorealtyliving/2025/01/Mary-D-Serrano-1737737959561.jpg.webp,Mexico,Quintana Roo,Tulum,,,Rent,1,Mary D. Serrano,https://mexicorealtyliving.com/real-estate/seafront-condo-for-sale-in-playa-del-carmensuite-number-602-6-ph-a2/,Playa del Carmen; Tulum; Other Riviera Maya
Mary D. Serrano,https://mexicorealtyliving.com,,https://mexicorealtyliving.com/real-estate/paradise-villa-5br-6-5bth-for-sale-in-corasol-playa-del-carmen-unit-27-model-a/,"Paradise Villa 5br, 6.5bth For Sale in Corasol, Playa del Carmen. Unit 27 Model A - Mexico Realty Living",Land/Lot,2241092,USD,2,5,6436,sqft,"Palm Villas is located within Corasol, the most important private residential gated community in the Riviera Maya, with a golf course and private access to the beach. Dynamic Architecture, inspired by nature. This private enclave tucked within a lush green landscape along Corasol’s Nick Price-designed golf course consists of 35 freestanding estate villas, each presenting […]",https://storage.googleapis.com/mexicorealtyliving/2025/01/Mary-D-Serrano-1737737959561.jpg.webp,Mexico,Quintana Roo,Tulum,,,Rent,1,Mary D. Serrano,https://mexicorealtyliving.com/real-estate/paradise-villa-5br-6-5bth-for-sale-in-corasol-playa-del-carmen-unit-27-model-a/,Playa del Carmen; Tulum; Other Riviera Maya
Mary D. Serrano,https://mexicorealtyliving.com,,https://mexicorealtyliving.com/real-estate/seafront-condo-for-sale-in-playa-del-carmensuite-number-604-6-ph-b2/,"Seafront condo for sale in Playa del Carmen, Suite Number 604 6 PH-B2 - Mexico Realty Living",Land/Lot,2216384,USD,4,4,,,"Discover the essence of coastal luxury in Playa del Carmen, where the gentle ocean breeze and endless ocean views create a space where luxury and comfort intertwine harmoniously. With top-notch facilities and exclusive access to the best areas of the Riviera Maya, welcome to your new home where natural beauty merges with contemporary luxury in […]",https://storage.googleapis.com/mexicorealtyliving/2025/01/Mary-D-Serrano-1737737959561.jpg.webp,Mexico,Quintana Roo,Tulum,,,Rent,1,Mary D. Serrano,https://mexicorealtyliving.com/real-estate/seafront-condo-for-sale-in-playa-del-carmensuite-number-604-6-ph-b2/,Playa del Carmen; Tulum; Other Riviera Maya
Mary D. Serrano,https://mexicorealtyliving.com,,https://mexicorealtyliving.com/real-estate/privileged-ocean-view-ph-002-for-sale-in-playa-del-carmen-within-corasol/,Privileged Ocean View PH-002 For Sale in Playa del Carmen within Corasol - Mexico Realty Living,Land/Lot,2003100,USD,2,5,3199,sqft,"Privileged location within CORASOL, 64 Exclusive apartments, all with terraces and both views, (golf course and sea view 2nd line) from the 4th Level. The Highest in Luxury Living on the Riviera Maya is located 3 minutes from access to the private beach club “COSTA RESIDENCES BEACH CLUB” and 4 minutes from free access to […]",https://storage.googleapis.com/mexicorealtyliving/2025/01/Mary-D-Serrano-1737737959561.jpg.webp,Mexico,Quintana Roo,Tulum,,,Rent,1,Mary D. Serrano,https://mexicorealtyliving.com/real-estate/privileged-ocean-view-ph-002-for-sale-in-playa-del-carmen-within-corasol/,Playa del Carmen; Tulum; Other Riviera Maya
Mary D. Serrano,https://mexicorealtyliving.com,,https://mexicorealtyliving.com/real-estate/seafront-apartment-for-sale-in-playa-del-carmensuite-number-603-6-ph-b1/,"Seafront apartment for sale in Playa del Carmen,Suite Number 603 6 PH-B1 - Mexico Realty Living",Land/Lot,1960704,USD,4,4,153.09,m2,"Discover the essence of coastal luxury in Playa del Carmen, where the gentle ocean breeze and endless ocean views create a space where luxury and comfort intertwine harmoniously. With top-notch facilities and exclusive access to the best areas of the Riviera Maya, welcome to your new home where natural beauty merges with contemporary luxury in […]",https://storage.googleapis.com/mexicorealtyliving/2025/01/Mary-D-Serrano-1737737959561.jpg.webp,Mexico,Quintana Roo,Tulum,,,Rent,1,Mary D. Serrano,https://mexicorealtyliving.com/real-estate/seafront-apartment-for-sale-in-playa-del-carmensuite-number-603-6-ph-b1/,Playa del Carmen; Tulum; Other Riviera Maya
Luis Enrique Barreto,https://palmarealtors.com/,,https://palmarealtors.com/property/studio-for-rent-in-puerto-morelos-with-shared-pool,Studio for rent in Puerto Morelos with shared pool,Land/Lot,10500,USD,1,1,2500,m2,Rent,https://palmarealtors.com/storage/properties/ea8c44dc4a7d5cafcdf78fc782bcb85a.jpg,Mexico,Quintana Roo,Playa del Carmen,,,Rent,2,Luis Enrique Barreto; Rocio Mariana Barreto,https://palmarealtors.com/property/studio-for-rent-in-puerto-morelos-with-shared-pool,Playa del Carmen; Puerto Morelos; Other Riviera Maya
Luis Enrique Barreto,https://palmarealtors.com/,,https://palmarealtors.com/property/3-bedroom-house-for-rent-in-puerto-morelos-with-pool,3-bedroom house for rent in Puerto Morelos with pool,Land/Lot,22500,USD,3,3,2500,m2,Rent,https://palmarealtors.com/storage/properties/e5332c523035d0228294b83785c5200f.jpg,Mexico,Quintana Roo,Playa del Carmen,,,Rent,2,Luis Enrique Barreto; Rocio Mariana Barreto,https://palmarealtors.com/property/3-bedroom-house-for-rent-in-puerto-morelos-with-pool,Playa del Carmen; Puerto Morelos; Other Riviera Maya
Luis Enrique Barreto,https://palmarealtors.com/,,https://palmarealtors.com/property/a-residence-designed-to-adapt-to-your-lifestyle,A residence designed to adapt to your lifestyle,Land/Lot,9450000,USD,3,2,123.09,m2,Sale,https://palmarealtors.com/storage/properties/f01c362f463b463204f4cb9dcfb6fdf1.jpg,Mexico,Quintana Roo,Playa del Carmen,,,Rent,2,Luis Enrique Barreto; Rocio Mariana Barreto,https://palmarealtors.com/property/a-residence-designed-to-adapt-to-your-lifestyle,Playa del Carmen; Other Riviera Maya
Luis Enrique Barreto,https://palmarealtors.com/,,https://palmarealtors.com/property/apartment-for-rent-in-playa-del-carmen-3-bedrooms-in-selva-community,Apartment for Rent in Playa del Carmen – 3 Bedrooms in Selva Community,Land/Lot,17000,USD,3,3,110,m2,Rent,https://palmarealtors.com/storage/properties/94fa71f10e0f4b4498fe158300598591.jpg,Mexico,Quintana Roo,Playa del Carmen,,,Rent,2,Luis Enrique Barreto; Rocio Mariana Barreto,https://palmarealtors.com/property/apartment-for-rent-in-playa-del-carmen-3-bedrooms-in-selva-community,Playa del Carmen; Other Riviera Maya
Luis Enrique Barreto,https://palmarealtors.com/,,https://palmarealtors.com/property/investment-condos-near-quinta-avenida-or-the-city,Investment Condos Near Quinta Avenida | THE CITY,Land/Lot,290000,USD,3,2,93,m2,Sale,https://palmarealtors.com/storage/properties/2b5a45dd94a47dfc92ed35a75b1becfc.jpg,Mexico,Quintana Roo,Playa del Carmen,,,Rent,2,Luis Enrique Barreto; Rocio Mariana Barreto,https://palmarealtors.com/property/investment-condos-near-quinta-avenida-or-the-city,Playa del Carmen; Other Riviera Maya
Luis Enrique Barreto,https://palmarealtors.com/,,https://palmarealtors.com/property/an-exceptional-ground-floor-opportunity-in-playa-del-carmen,An Exceptional Ground-Floor Opportunity in Playa del Carmen,Land/Lot,2300000,USD,3,2,75,m2,Sale,https://palmarealtors.com/storage/properties/5cdf5ddf7d6082958a52796c9e38e870.jpg,Mexico,Quintana Roo,Playa del Carmen,,,Rent,2,Luis Enrique Barreto; Rocio Mariana Barreto,https://palmarealtors.com/property/an-exceptional-ground-floor-opportunity-in-playa-del-carmen,Playa del Carmen; Other Riviera Maya
Luis Enrique Barreto,https://palmarealtors.com/,,https://palmarealtors.com/property/apartment-steps-from-the-beach,APARTMENT STEPS FROM THE BEACH,Land/Lot,4750000,USD,3,2,150,m2,Sale,https://palmarealtors.com/storage/properties/71e6842d82b37031c16aa5e56f61d3dd.jpg,Mexico,Quintana Roo,Playa del Carmen,,,Rent,2,Luis Enrique Barreto; Rocio Mariana Barreto,https://palmarealtors.com/property/apartment-steps-from-the-beach,Playa del Carmen; Other Riviera Maya
Luis Enrique Barreto,https://palmarealtors.com/,,https://palmarealtors.com/property/tropical-retreat-with-beach-access-and-golf-course-views,Tropical retreat with beach access and golf course views,Land/Lot,1895000,USD,4,6,750,m2,Sale,https://palmarealtors.com/storage/properties/058371bb024adb8d8cfe3570671628aa.jpg,Mexico,Quintana Roo,Playa del Carmen,,,Rent,2,Luis Enrique Barreto; Rocio Mariana Barreto,https://palmarealtors.com/property/tropical-retreat-with-beach-access-and-golf-course-views,Playa del Carmen; Other Riviera Maya
Luis Enrique Barreto,https://palmarealtors.com/,,https://palmarealtors.com/property/luxury-golf-villa-in-playacar-phase-ii-or-playa-del-carmen-real-estate,Luxury Golf Villa in Playacar Phase II | Playa del Carmen Real Estate,Land/Lot,24000000,USD,5,7,600,m2,Sale,https://palmarealtors.com/storage/properties/0ca600faf0fd0bcef92cdedc8a4bbf81.jpg,Mexico,Quintana Roo,Playa del Carmen,,,Rent,2,Luis Enrique Barreto; Rocio Mariana Barreto,https://palmarealtors.com/property/luxury-golf-villa-in-playacar-phase-ii-or-playa-del-carmen-real-estate,Playa del Carmen; Other Riviera Maya
Luis Enrique Barreto,https://palmarealtors.com/,,https://palmarealtors.com/property/exclusive-residence-in-playacar-private-club-playa-del-carmen,Exclusive Residence in Playacar Private Club – Playa del Carmen,Land/Lot,1780000,USD,,5,822,m2,Sale or Rent,https://palmarealtors.com/storage/properties/6dbf519bc1384c4b2d6d1ce5ecafd62c.jpg,Mexico,Quintana Roo,Playa del Carmen,,,Rent,2,Luis Enrique Barreto; Rocio Mariana Barreto,https://palmarealtors.com/property/exclusive-residence-in-playacar-private-club-playa-del-carmen,Playa del Carmen; Other Riviera Maya
Luis Enrique Barreto,https://palmarealtors.com/,,https://palmarealtors.com/property/charming-villa-with-mexican-soul-in-a-peaceful-gated-community,Charming Villa with Mexican Soul in a Peaceful Gated Community,Land/Lot,8000000,USD,5,3,138,m2,Sale,https://palmarealtors.com/storage/properties/60e148ead3411551f48174857248fb78.jpg,Mexico,Quintana Roo,Playa del Carmen,,,Rent,2,Luis Enrique Barreto; Rocio Mariana Barreto,https://palmarealtors.com/property/charming-villa-with-mexican-soul-in-a-peaceful-gated-community,Playa del Carmen; Other Riviera Maya
Mike Burgoyne,https://mexicorealestatesolutions.com/properties-for-sale/,,https://mexicorealestatesolutions.com/property/el-faro-reef-305/,🌴 Beachfront 2BR in Playa del Carmen Under $500k! - Mexico Real Estate Solutions,Condo/Apartment,500,USD,,2,1300,sqft,"What if your family’s dream vacation home came with built-in ocean views, a sea breeze that flows right through the terrace, and an experienced property manager already in place? That’s exactly what you get with Reef 305 – a 2-bedroom, 2-bathroom condo in Playa del Carmen’s iconic beachfront building, El Faro. Enjoy nearly 1,300 square […]",https://mexicorealestatesolutions.com/wp-content/uploads/2025/01/terrace-sea-view.jpg,Mexico,Quintana Roo,Tulum,,,Rent,1,Mike Burgoyne,https://mexicorealestatesolutions.com/property/el-faro-reef-305/,Playa del Carmen; Tulum; Other Riviera Maya
Mike Burgoyne,https://mexicorealestatesolutions.com/properties-for-sale/,,https://mexicorealestatesolutions.com/property/the-fives-beach-hotel-residences-all-inclusive-ownership/,🏖️ Own at The Fives Beach - Luxury Beachfront Residences with All-Inclusive Privileges - Mexico Real Estate Solutions,Condo/Apartment,262000,USD,3,1,700,sqft,"Imagine arriving at your own luxury condo, steps from the white sands of Playa del Carmen —where every stay is filled with vibrant tastes, ocean breezes, soothing sounds, tropical beauty, and pure relaxation. Welcome to The Fives Beach.This exclusive beachfront community is designed to engage all five senses — and make ownership completely effortless.No electricity […]",https://mexicorealestatesolutions.com/wp-content/uploads/2025/02/29-Residence-19004.jpg,Mexico,Quintana Roo,Tulum,,,Rent,1,Mike Burgoyne,https://mexicorealestatesolutions.com/property/the-fives-beach-hotel-residences-all-inclusive-ownership/,Playa del Carmen; Tulum; Other Riviera Maya
Sam Chávez,https://www.buyrivieramaya.com.mx/,EasyBroker,https://www.buyrivieramaya.com.mx/property/ocean-view-condos-at-playacar-phase-1-gated-community,Ocean View Condos at Playacar Phase 1 Gated Community,Land/Lot,1195000,USD,3,4,194.8,m2,"White sand, turquoise color ocean water, excellent weather, a pristine warm ocean, native fauna and dense tropical forests make the Mayan Riviera a privileged destination. A paradise location for a...",https://assets.easybroker.com/property_images/4891146/83128350/EB-RU1146.jpg?height=300&version=1755026272&width=450,Mexico,Quintana Roo,Tulum,,,Rent,1,Sam Chávez,https://www.buyrivieramaya.com.mx/property/ocean-view-condos-at-playacar-phase-1-gated-community,Playa del Carmen; Tulum; Other Riviera Maya
Sam Chávez,https://www.buyrivieramaya.com.mx/,EasyBroker,https://www.buyrivieramaya.com.mx/property/high-end-studies-with-hotel-operation,High-end Studies with Hotel Operation.,Land/Lot,204535,USD,1,1,36.59,m2,"SOLAR is the new line of studies with hotel operations in Playa del Carmen, located in the most touristic area of this beautiful city. Just 2 blocks from the white sand beaches and one from 5th Ave...",https://assets.easybroker.com/property_images/4209492/69918632/EB-PD9492.jpg?height=300&version=1704757983&width=450,Mexico,Quintana Roo,Tulum,,,Rent,3,Sam Chávez,https://www.buyrivieramaya.com.mx/Playa_properties/house-in-gated-community-type?sort_by=price-asc; https://www.buyrivieramaya.com.mx/properties/house-in-gated-community-type?sort_by=price-asc; https://www.buyrivieramaya.com.mx/property/high-end-studies-with-hotel-operation,Playa del Carmen; Tulum; Other Riviera Maya
Sam Chávez,https://www.buyrivieramaya.com.mx/,EasyBroker,https://www.buyrivieramaya.com.mx/property/prime-residential-lot-at-valenia-club-residencial-playa-del-carmen-playa-del-carmen,"Prime Residential Lot at Valenia Club Residencial, Playa del Carmen",Land/Lot,2000000,USD,3,3,253,m2,"Located inside Valenia Club Residencial, one of the most exclusive gated communities in Playa del Carmen, this lot offers the perfect balance between nature, privacy, and a high end lifestyle. Vale...",https://assets.easybroker.com/property_images/5950108/104813233/EB-VW0108.jpg?height=300&version=1776837738&width=450,Mexico,Quintana Roo,Tulum,,,Rent,3,Andrea Burgos; Pilar Reynoso; Sam Chávez,https://realestateplayadelcarmen.com.mx/property/oceanview-3-bedroom-condo-for-sale-in-tulum-043a/; https://www.buyrivieramaya.com.mx/property/prime-residential-lot-at-valenia-club-residencial-playa-del-carmen-playa-del-carmen,Playa del Carmen; Tulum; Other Riviera Maya
Sam Chávez,https://www.buyrivieramaya.com.mx/,EasyBroker,https://www.buyrivieramaya.com.mx/property/prime-residential-lot-at-valenia-club-residencial-playa-del-carmen,"Prime Residential Lot at Valenia Club Residencial, Playa del Carmen",Land/Lot,2300000,USD,3,3,247.1,m2,"Located inside Valenia Club Residencial, one of the most exclusive gated communities in Playa del Carmen, this lot offers the perfect balance between nature, privacy, and a high end lifestyle. Vale...",https://assets.easybroker.com/property_images/5734831/100334799/EB-VA4831.jpg?height=300&version=1768259738&width=450,Mexico,Quintana Roo,Tulum,,,Rent,1,Sam Chávez,https://www.buyrivieramaya.com.mx/property/prime-residential-lot-at-valenia-club-residencial-playa-del-carmen,Playa del Carmen; Tulum; Other Riviera Maya
Sam Chávez,https://www.buyrivieramaya.com.mx/,EasyBroker,https://www.buyrivieramaya.com.mx/property/1-2bed-condos-in-downtown-playa-del-carmen-with-excellent-connectivity,Brand New Condo in Downtown Playa with Unique Design,Land/Lot,210000,USD,1,1,55.44,m2,"Discover Marbella Condos, an exclusive low density development in the heart of Playa del Carmen, designed for those looking to invest or live in style in one of the fastest growing, high appreciati...",https://assets.easybroker.com/property_images/5943193/104682634/EB-VV3193.png?height=300&version=1776636562&width=450,Mexico,Quintana Roo,Tulum,,,Rent,1,Sam Chávez,https://www.buyrivieramaya.com.mx/property/1-2bed-condos-in-downtown-playa-del-carmen-with-excellent-connectivity,Playa del Carmen; Tulum; Other Riviera Maya
Sam Chávez,https://www.buyrivieramaya.com.mx/,EasyBroker,https://www.buyrivieramaya.com.mx/property/2bed-condo-in-playacar-near-the-beach,"2Bed Condo in Playacar, Near the Beach",Land/Lot,3600000,USD,2,2,73,m2,"Discover this charming 2-bedroom condo in Manantiales Playacar, one of the most exclusive and sought-after residential developments in Playa del Carmen. Its excellent location within Playacar, surr...",https://assets.easybroker.com/property_images/5607411/97599176/EB-UN7411.jpg?height=300&version=1767116477&width=450,Mexico,Quintana Roo,Tulum,,,Rent,1,Sam Chávez,https://www.buyrivieramaya.com.mx/property/2bed-condo-in-playacar-near-the-beach,Playa del Carmen; Tulum; Other Riviera Maya
Sam Chávez,https://www.buyrivieramaya.com.mx/,EasyBroker,https://www.buyrivieramaya.com.mx/property/cozy-1-bed-duplex-condo-in-front-of-the-marina,Cozy 1-Bed Dual Level Condo in Front of the Marina.,Land/Lot,212000,USD,1,1,76,m2,"Cozy 2-level apartment located in the exclusive, highly renowned Puerto Aventuras complex in the Riviera Maya. Just 30 minutes from Playa del Carmen and 35 minutes from Tulum, two very popular dest...",https://assets.easybroker.com/property_images/4237048/108294884/EB-PG7048.jpg?height=300&version=1784141508&width=450,Mexico,Quintana Roo,Tulum,,,Rent,1,Sam Chávez,https://www.buyrivieramaya.com.mx/property/cozy-1-bed-duplex-condo-in-front-of-the-marina,Playa del Carmen; Tulum; Other Riviera Maya
Sam Chávez,https://www.buyrivieramaya.com.mx/,EasyBroker,https://www.buyrivieramaya.com.mx/property/studios-and-1bed-apartments-in-downtown-playa-del-carmen-immediate-delive,Studios and 1Bed Condos in Downtown Playa del Carmen. Immediate Delivery,Land/Lot,216850,USD,1,1,34.65,m2,"IKUKU is a 5 level boutique style condominium featuring 46 units with studio and 1-bedroom typologies, with sizes ranging from 34.65 m² to 55.99 m², plus a rooftop. Each unit has been designed with...",https://assets.easybroker.com/property_images/5925659/104338169/EB-VT5659.png?height=300&version=1775945981&width=450,Mexico,Quintana Roo,Tulum,,,Rent,1,Sam Chávez,https://www.buyrivieramaya.com.mx/property/studios-and-1bed-apartments-in-downtown-playa-del-carmen-immediate-delive,Playa del Carmen; Tulum; Other Riviera Maya
Sam Chávez,https://www.buyrivieramaya.com.mx/,EasyBroker,https://www.buyrivieramaya.com.mx/property/furnished-1-2bed-lock-off-condo-in-the-heart-of-playa-del-carmen,Furnished 1-2Bed Lock-Off Condo in the Heart of Playa del Carmen.,Land/Lot,218100,USD,2,1,34.4,m2,"Located in the heart of Playa del Carmen, SONNI is Ekasa’s newest development, redefining the Riviera Maya lifestyle. Situated between 22nd and 24th Streets, just steps from the iconic 5th Avenue, ...",https://assets.easybroker.com/property_images/5151298/88456842/EB-SU1298.jpg?height=300&version=1776021166&width=450,Mexico,Quintana Roo,Tulum,,,Rent,1,Sam Chávez,https://www.buyrivieramaya.com.mx/property/furnished-1-2bed-lock-off-condo-in-the-heart-of-playa-del-carmen,Playa del Carmen; Tulum; Other Riviera Maya
Sam Chávez,https://www.buyrivieramaya.com.mx/,EasyBroker,https://www.buyrivieramaya.com.mx/property/2-bedroom-apartment-in-playacar-phase-ii-with-terrace-and-garden-view,2 Bedroom Apartment in Playacar Phase II with Terrace and Garden View,Land/Lot,219000,USD,2,2,99,m2,"Located in the exclusive Puerta del Cielo condominium in Playacar Phase II, this cozy 2 bedroom, 2 bathroom apartment offers a comfortable and peaceful lifestyle in one of the most privileged areas...",https://assets.easybroker.com/property_images/5780845/101547703/EB-VF0845.jpg?height=300&version=1770405389&width=450,Mexico,Quintana Roo,Tulum,,,Rent,3,Andrea Burgos; Pilar Reynoso; Sam Chávez,https://realestateplayadelcarmen.com.mx/property/bugambilias-spacious-2-bedroom-condo-in-playacar-215/; https://www.buyrivieramaya.com.mx/property/2-bedroom-apartment-in-playacar-phase-ii-with-terrace-and-garden-view,Playa del Carmen; Tulum; Other Riviera Maya
Sam Chávez,https://www.buyrivieramaya.com.mx/,EasyBroker,https://www.buyrivieramaya.com.mx/property/enjoy-your-condo-steps-from-the-sea-while-you-recover-your-investment,Enjoy Your Condo Steps From The Sea While You Recover Your Investment.,Land/Lot,225900,USD,0,1,36.97,m2,"Meet the exclusive complex of studio apartments located in the best area of Playa del Carmen, just a 3-minute walk from the beach and a few steps from 5th avenue, the most important tourist corrido...",https://assets.easybroker.com/property_images/4030734/66571034/EB-OM0734.jpg?height=300&version=1695764768&width=450,Mexico,Quintana Roo,Tulum,,,Rent,1,Sam Chávez,https://www.buyrivieramaya.com.mx/property/enjoy-your-condo-steps-from-the-sea-while-you-recover-your-investment,Playa del Carmen; Tulum; Other Riviera Maya
Sam Chávez,https://www.buyrivieramaya.com.mx/,EasyBroker,https://www.buyrivieramaya.com.mx/property/2-3-bed-condo-with-over-25-amenities,New Pre-Sale 2-3Bed Condos in Gated Community with Appreciation potential,Land/Lot,227640,USD,3,2,101.73,m2,"Experience the perfect fusion of nature and modern living at Lomas Aurora, an exclusive residential development in Playa del Carmen. With innovative urban design, lush green areas, and spaces desig...",https://assets.easybroker.com/property_images/5272804/90835108/EB-TG2804.jpg?height=300&version=1748468090&width=450,Mexico,Quintana Roo,Tulum,,,Rent,1,Sam Chávez,https://www.buyrivieramaya.com.mx/property/2-3-bed-condo-with-over-25-amenities,Playa del Carmen; Tulum; Other Riviera Maya
Sam Chávez,https://www.buyrivieramaya.com.mx/,EasyBroker,https://www.buyrivieramaya.com.mx/property/modern-1bed-condo-steps-from-the-beach-rooftop-and-gym,Modern 1Bed Condo Steps From The Beach. Rooftop And Gym,Land/Lot,229000,USD,1,1,57.5,m2,One of the most modern areas of Playa del Carmen is CocoBeach. This is the place where almost all airbnb tourists come to have a nice 5th avenue &amp; beach experience in town. Bahay is right at th...,https://assets.easybroker.com/property_images/4581565/77595871/EB-QP1565.jpg?height=300&version=1755895945&width=450,Mexico,Quintana Roo,Tulum,,,Rent,1,Sam Chávez,https://www.buyrivieramaya.com.mx/property/modern-1bed-condo-steps-from-the-beach-rooftop-and-gym,Playa del Carmen; Tulum; Other Riviera Maya
Sam Chávez,https://www.buyrivieramaya.com.mx/,EasyBroker,https://www.buyrivieramaya.com.mx/property/idilik-playa-del-carmen-residences-inspired-by-design-and-parkside-living,1Bed Idilik Playa del Carmen Residences Inspired by Design and Parkside Living,Land/Lot,247222,USD,1,1,51.73,m2,"Located in the heart of Playa del Carmen, next to the only preserved park in downtown and just one block from Fifth Avenue and the beach, Idilik redefines luxury condos in Playa del Carmen by seaml...",https://assets.easybroker.com/property_images/5838303/102519986/EB-VK8303.jpg?height=300&version=1775948519&width=450,Mexico,Quintana Roo,Tulum,,,Rent,2,Sam Chávez,https://www.buyrivieramaya.com.mx/property/idilik-playa-del-carmen-residences-inspired-by-design-and-parkside-living; https://www.buyrivieramaya.com.mx/property/spacious-1br-residence-with-park-views-central-park-playa-del-carmen,Playa del Carmen; Tulum; Other Riviera Maya
Sam Chávez,https://www.buyrivieramaya.com.mx/,EasyBroker,https://www.buyrivieramaya.com.mx/property/spacious-and-bright-3-bed-house-in-the-heart-of-playa-del-carmen,Fixer Upper 3Bed House with Green views. Ideal for renovations.,Land/Lot,4250000,USD,3,2,129.52,m2,"Located on 26th Street between 10th and 15th Avenues, in the heart of Playa del Carmen, this home offers the perfect balance between a central location, a tree lined environment, and a peaceful res...",https://assets.easybroker.com/property_images/5783898/101366135/EB-VF3898.jpeg?height=300&version=1770506408&width=450,Mexico,Quintana Roo,Tulum,,,Rent,1,Sam Chávez,https://www.buyrivieramaya.com.mx/property/spacious-and-bright-3-bed-house-in-the-heart-of-playa-del-carmen,Playa del Carmen; Tulum; Other Riviera Maya
Sam Chávez,https://www.buyrivieramaya.com.mx/,EasyBroker,https://www.buyrivieramaya.com.mx/property/spacious-2bed-condo-in-colosio-steps-from-beach-access,Spacious 2Bed Condo in Colosio Steps from Beach Access,Land/Lot,4460940,USD,2,1,99.42,m2,"One of the up and coming areas of Playa del Carmen is Colosio, a community in the north part of downtown where the 5th Avenue is growing with cool bars, restaurants and several access to the beach....",https://assets.easybroker.com/property_images/4679071/96688509/EB-QY9071.jpg?height=300&version=1768067106&width=450,Mexico,Quintana Roo,Tulum,,,Rent,1,Sam Chávez,https://www.buyrivieramaya.com.mx/property/spacious-2bed-condo-in-colosio-steps-from-beach-access,Playa del Carmen; Tulum; Other Riviera Maya
Sam Chávez,https://www.buyrivieramaya.com.mx/,EasyBroker,https://www.buyrivieramaya.com.mx/property/spacious-1-bedroom-condo-with-terrace-in-prime-playa-del-carmen-lo,Spacious 1-Bedroom Condo with Terrace in Playa del Carmen,Land/Lot,266000,USD,1,1,71,m2,"Experience the perfect mix of space, comfort, and lifestyle in this unique and spacious one bedroom condo at Solea Condominium, one of Playa del Carmen’s most well located developments. Located acr...",https://assets.easybroker.com/property_images/5622167/97918570/EB-UP2167.jpg?height=300&version=1762114332&width=450,Mexico,Quintana Roo,Tulum,,,Rent,1,Sam Chávez,https://www.buyrivieramaya.com.mx/property/spacious-1-bedroom-condo-with-terrace-in-prime-playa-del-carmen-lo,Playa del Carmen; Tulum; Other Riviera Maya
Sam Chávez,https://www.buyrivieramaya.com.mx/,EasyBroker,https://www.buyrivieramaya.com.mx/property/boutique-condo-in-the-center-of-playa-del-carmen,Boutique Condo in the Center of Playa del Carmen,Land/Lot,266200,USD,1,1,47.77,m2,"IKUKU is a 5 level boutique style condominium featuring 46 units with studio and 1-bedroom typologies, with sizes ranging from 34.65 m² to 55.99 m², plus a rooftop. Each unit has been designed with...",https://assets.easybroker.com/property_images/4030674/104316683/EB-OM0674.png?height=300&version=1775888708&width=450,Mexico,Quintana Roo,Tulum,,,Rent,2,Sam Chávez,https://www.buyrivieramaya.com.mx/property/boutique-condo-in-the-center-of-playa-del-carmen; https://www.buyrivieramaya.com.mx/property/excellent-condo-to-get-high-rentals-30-70-available,Playa del Carmen; Tulum; Other Riviera Maya
Sam Chávez,https://www.buyrivieramaya.com.mx/,EasyBroker,https://www.buyrivieramaya.com.mx/property/luxury-wellness-residences-at-atzaro-playa-del-carmen-on-5th-avenue,Wellness Residences at Atzaró Playa del Carmen. 1–3 Bed Apartments and PH,Land/Lot,296413,USD,3,1,56.76,m2,"Atzaró Playa del Carmen is an invitation to return to the essence of natural luxury, a concept born from the prestigious Atzaró Group, internationally renowned for creating iconic hospitality and w...",https://assets.easybroker.com/property_images/5714340/99904461/EB-UY4340.jpg?height=300&version=1766874109&width=450,Mexico,Quintana Roo,Tulum,,,Rent,1,Sam Chávez,https://www.buyrivieramaya.com.mx/property/luxury-wellness-residences-at-atzaro-playa-del-carmen-on-5th-avenue,Playa del Carmen; Tulum; Other Riviera Maya
Sam Chávez,https://www.buyrivieramaya.com.mx/,EasyBroker,https://www.buyrivieramaya.com.mx/property/equipped-condos-with-1-2-and-3-beds-in-playacar,"Equipped Condos with 1, 2 and 3 Beds in Playacar.",Land/Lot,318000,USD,3,1,55.4,m2,"BAKABÁ is a residential destination immersed in 70,000 m2 of virgin jungle with more than 40,00 m2 of them destined for green areas and amenities, resulting in a unique master plan due to its low d...",https://assets.easybroker.com/property_images/4482895/75053497/EB-QF2895.jpg?height=300&version=1715749033&width=450,Mexico,Quintana Roo,Tulum,,,Rent,1,Sam Chávez,https://www.buyrivieramaya.com.mx/property/equipped-condos-with-1-2-and-3-beds-in-playacar,Playa del Carmen; Tulum; Other Riviera Maya
Sam Chávez,https://www.buyrivieramaya.com.mx/,EasyBroker,https://www.buyrivieramaya.com.mx/property/furnished-1-2bed-lock-off-condo-in-the-heart-of-playa-del-carmen-playa-del-carmen-playa-del-carmen,Furnished 1-2Bed Lock-Off Condo in the Heart of Playa del Carmen.,Land/Lot,321900,USD,2,1,48.66,m2,"Located in the heart of Playa del Carmen, SONNI is Ekasa’s newest development, redefining the Riviera Maya lifestyle. Situated between 22nd and 24th Streets, just steps from the iconic 5th Avenue, ...",https://assets.easybroker.com/property_images/5926163/104348178/EB-VT6163.png?height=300&version=1776020528&width=450,Mexico,Quintana Roo,Tulum,,,Rent,1,Sam Chávez,https://www.buyrivieramaya.com.mx/property/furnished-1-2bed-lock-off-condo-in-the-heart-of-playa-del-carmen-playa-del-carmen-playa-del-carmen,Playa del Carmen; Tulum; Other Riviera Maya
Sam Chávez,https://www.buyrivieramaya.com.mx/,EasyBroker,https://www.buyrivieramaya.com.mx/property/strategic-mixed-use-lot-for-sale-in-playa-del-carmen,Strategic Mixed-Use Lot For Sale in Playa del Carmen,Land/Lot,5500000,USD,3,3,600,m2,"Investment opportunity in Playa del Carmen. Mixed-use neighborhood lot for sale with 600 m2 (20 x 30 meters), strategically located on Avenida 41 Sur between Avenida 105 Sur and 110 Sur, in an area...",https://assets.easybroker.com/property_images/6008900/106083478/EB-WB8900.png?height=300&version=1779317899&width=450,Mexico,Quintana Roo,Tulum,,,Rent,1,Sam Chávez,https://www.buyrivieramaya.com.mx/property/strategic-mixed-use-lot-for-sale-in-playa-del-carmen,Playa del Carmen; Tulum; Other Riviera Maya
Sam Chávez,https://www.buyrivieramaya.com.mx/,EasyBroker,https://www.buyrivieramaya.com.mx/property/2bed-idilik-playa-del-carmen-residences-inspired-by-design-and-parkside-living,1Bed Idilik Playa del Carmen Residences Inspired by Design and Parkside Living,Land/Lot,331944,USD,1,1,68.74,m2,"Located in the heart of Playa del Carmen, next to the only preserved park in downtown and just one block from Fifth Avenue and the beach, Idilik redefines luxury condos in Playa del Carmen by seaml...",https://assets.easybroker.com/property_images/5925706/104339186/EB-VT5706.jpg?height=300&version=1775950612&width=450,Mexico,Quintana Roo,Tulum,,,Rent,1,Sam Chávez,https://www.buyrivieramaya.com.mx/property/2bed-idilik-playa-del-carmen-residences-inspired-by-design-and-parkside-living,Playa del Carmen; Tulum; Other Riviera Maya
Sam Chávez,https://www.buyrivieramaya.com.mx/,EasyBroker,https://www.buyrivieramaya.com.mx/property/5th-avenue-2bed-condo-with-rooftop-and-ocean-view,Boutique 2Bed Condo at 5th Avenue and 44th ST,Land/Lot,5700000,USD,2,2,85,m2,"Areca Boutique Condominium is located in Playa del Carmen next to 5th Avenue and 44th ST. It is in the best area of the city: Coco Beach. Couple of blocks from the beach, beach clubs, and steps fro...",https://assets.easybroker.com/property_images/4030518/88855185/EB-OM0518.jpg?height=300&version=1744647203&width=450,Mexico,Quintana Roo,Tulum,,,Rent,1,Sam Chávez,https://www.buyrivieramaya.com.mx/property/5th-avenue-2bed-condo-with-rooftop-and-ocean-view,Playa del Carmen; Tulum; Other Riviera Maya
Sam Chávez,https://www.buyrivieramaya.com.mx/,EasyBroker,https://www.buyrivieramaya.com.mx/property/increibles-departamentos-en-la-5ta-avenida-y-av-38-en-playa-del-carmen,Renovated 2Bed Lock Off Ocean View and Art Gallery. 38th ST,Land/Lot,369000,USD,2,2,72,m2,Residencia not only has a privileged location but also an original contemporary concept that mixes well with Playa del Carmen’s eclectic style. This is a one of a kind project that will mesmerize y...,https://assets.easybroker.com/property_images/2390292/81701363/EB-IE0292.jpg?height=300&version=1729879870&width=450,Mexico,Quintana Roo,Tulum,,,Rent,1,Sam Chávez,https://www.buyrivieramaya.com.mx/property/increibles-departamentos-en-la-5ta-avenida-y-av-38-en-playa-del-carmen,Playa del Carmen; Tulum; Other Riviera Maya
Sam Chávez,https://www.buyrivieramaya.com.mx/,EasyBroker,https://www.buyrivieramaya.com.mx/property/1-2-bed-apartments-in-the-most-energetic-area-of-playa-del-carmen,1-2 Bed Apartments in the Most Energetic Area of Playa del Carmen,Land/Lot,379194,USD,2,2,68.27,m2,"Olaya reflects the vibrant lifestyle of Playa del Carmen, a residential development featuring 69 studios and one and two bedroom apartments designed for those looking to live or invest in the epice...",https://assets.easybroker.com/property_images/5838953/102534519/EB-VK8953.jpg?height=300&version=1772317334&width=450,Mexico,Quintana Roo,Tulum,,,Rent,1,Sam Chávez,https://www.buyrivieramaya.com.mx/property/1-2-bed-apartments-in-the-most-energetic-area-of-playa-del-carmen,Playa del Carmen; Tulum; Other Riviera Maya
Sam Chávez,https://www.buyrivieramaya.com.mx/,EasyBroker,https://www.buyrivieramaya.com.mx/property/3-and-4-bed-houses-in-gated-community,Modern 3-4 Bed Homes in Playa del Carmen Gated Community,Land/Lot,402364,USD,4,3,203.73,m2,"Enjoy this exclusive and new residential in Playa del Carmen, one of the best places in Mexico, boasting a lifestyle with first-class amenities and services, but at the same time contact and enjoym...",https://assets.easybroker.com/property_images/4808756/81499301/EB-RL8756.jpg?height=300&version=1758213114&width=450,Mexico,Quintana Roo,Tulum,,,Rent,1,Sam Chávez,https://www.buyrivieramaya.com.mx/property/3-and-4-bed-houses-in-gated-community,Playa del Carmen; Tulum; Other Riviera Maya
Sam Chávez,https://www.buyrivieramaya.com.mx/,EasyBroker,https://www.buyrivieramaya.com.mx/property/bright-and-spacious-condo-at-akoya-playacar-facing-the-golf-course,Bright and Spacious Condo at Akoya Playacar Facing the Golf Course,Land/Lot,420000,USD,2,2,158,m2,"Located within Pakal, a private and secure enclave inside the prestigious Playacar Phase II community, this elegant condo in Akoya offers the perfect blend of tranquility, comfort, and accessibilit...",https://assets.easybroker.com/property_images/5311902/91617485/EB-TK1902.jpg?height=300&version=1749848171&width=450,Mexico,Quintana Roo,Tulum,,,Rent,1,Sam Chávez,https://www.buyrivieramaya.com.mx/property/bright-and-spacious-condo-at-akoya-playacar-facing-the-golf-course,Playa del Carmen; Tulum; Other Riviera Maya
Sam Chávez,https://www.buyrivieramaya.com.mx/,EasyBroker,https://www.buyrivieramaya.com.mx/property/promising-development-within-corasol-in-playa-del-carmen,Promising Development Within Corasol in Playa del Carmen,Land/Lot,425027,USD,2,2,91.72,m2,"Hoxul is an exclusive development of 64 apartments distributed over 9 levels, located in the Riviera Maya within the prestigious “Corasol” tourist complex, a residential community with the amenitie...",https://assets.easybroker.com/property_images/4821937/81758186/EB-RN1937.jpg?height=300&version=1751991272&width=450,Mexico,Quintana Roo,Tulum,,,Rent,1,Sam Chávez,https://www.buyrivieramaya.com.mx/property/promising-development-within-corasol-in-playa-del-carmen,Playa del Carmen; Tulum; Other Riviera Maya
Sam Chávez,https://www.buyrivieramaya.com.mx/,EasyBroker,https://www.buyrivieramaya.com.mx/property/secluded-condo-in-playacar-with-jungle-views,Secluded Condo In Playacar with Jungle Views,Land/Lot,472966,USD,2,2,139.9,m2,"One of the central elements for a harmonious life is nature. BAKABÁ is a residential destination immersed in seventy thousand square meters of pristine jungle, with over forty thousand of them dedi...",https://assets.easybroker.com/property_images/4536187/76070940/EB-QK6187.jpg?height=300&version=1717901468&width=450,Mexico,Quintana Roo,Tulum,,,Rent,1,Sam Chávez,https://www.buyrivieramaya.com.mx/property/secluded-condo-in-playacar-with-jungle-views,Playa del Carmen; Tulum; Other Riviera Maya
Sam Chávez,https://www.buyrivieramaya.com.mx/,EasyBroker,https://www.buyrivieramaya.com.mx/property/furnished-1-2bed-lock-off-condo-in-the-heart-of-playa-del-carmen-playa-del-carmen,Furnished 1-2Bed Lock-Off Condo in the Heart of Playa del Carmen.,Land/Lot,474300,USD,2,2,70.91,m2,"Located in the heart of Playa del Carmen, SONNI is Ekasa’s newest development, redefining the Riviera Maya lifestyle. Situated between 22nd and 24th Streets, just steps from the iconic 5th Avenue, ...",https://assets.easybroker.com/property_images/5926152/104347765/EB-VT6152.jpg?height=300&version=1776020826&width=450,Mexico,Quintana Roo,Tulum,,,Rent,1,Sam Chávez,https://www.buyrivieramaya.com.mx/property/furnished-1-2bed-lock-off-condo-in-the-heart-of-playa-del-carmen-playa-del-carmen,Playa del Carmen; Tulum; Other Riviera Maya
Susann Rottloff,https://www.susannrottloff.com,,https://susannrottloff.com/property/portha-playa-playa-del-carmen/,PORTHA PLAYA – PLAYA DEL CARMEN – SUSANN ROTTLOFF | REAL ESTATE AGENT IN THE RIVIERA MAYA,House,215300,USD,300,1,,,,https://susannrottloff.com/wp-content/uploads/2021/05/SusannR_LOGO-01-e1623222526647-removebg-preview.png; https://susannrottloff.com/wp-content/uploads/2021/06/SusannR_LOGO-01.jpg; https://susannrottloff.com/wp-content/uploads/2021/05/sr_logo-02_1.webp; https://susannrottloff.com/wp-content/uploads/2021/05/Logo_High_The_Agency_plain-01_1-2.webp,Mexico,Quintana Roo,Tulum,,,Rent,1,Susann Rottloff,https://susannrottloff.com/property/portha-playa-playa-del-carmen/,Playa del Carmen; Tulum; Other Riviera Maya
Susann Rottloff,https://www.susannrottloff.com,,https://susannrottloff.com/property/portofino-28-playa-del-carmen/,PORTOFINO 28 – PLAYA DEL CARMEN – SUSANN ROTTLOFF | REAL ESTATE AGENT IN THE RIVIERA MAYA,House,157639.25,USD,2,1,43,m2,,https://susannrottloff.com/wp-content/uploads/2021/05/SusannR_LOGO-01-e1623222526647-removebg-preview.png; https://susannrottloff.com/wp-content/uploads/2021/06/SusannR_LOGO-01.jpg; https://susannrottloff.com/wp-content/uploads/2021/05/sr_logo-02_1.webp; https://susannrottloff.com/wp-content/uploads/2021/05/Logo_High_The_Agency_plain-01_1-2.webp,Mexico,Quintana Roo,Tulum,,,Rent,1,Susann Rottloff,https://susannrottloff.com/property/portofino-28-playa-del-carmen/,Playa del Carmen; Tulum; Other Riviera Maya
Susann Rottloff,https://www.susannrottloff.com,,https://susannrottloff.com/property/gobernador-28-playa-del-carmen/,GOBERNADOR 28 – PLAYA DEL CARMEN – SUSANN ROTTLOFF | REAL ESTATE AGENT IN THE RIVIERA MAYA,House,175833.33,USD,33,2,,,,https://susannrottloff.com/wp-content/uploads/2021/05/SusannR_LOGO-01-e1623222526647-removebg-preview.png; https://susannrottloff.com/wp-content/uploads/2021/06/SusannR_LOGO-01.jpg; https://susannrottloff.com/wp-content/uploads/2021/05/sr_logo-02_1.webp; https://susannrottloff.com/wp-content/uploads/2021/05/Logo_High_The_Agency_plain-01_1-2.webp,Mexico,Quintana Roo,Tulum,,,Rent,1,Susann Rottloff,https://susannrottloff.com/property/gobernador-28-playa-del-carmen/,Playa del Carmen; Tulum; Other Riviera Maya
Susann Rottloff,https://www.susannrottloff.com,,https://susannrottloff.com/property/lua-3030-playa-del-carmen/,LUA 3030 – PLAYA DEL CARMEN – SUSANN ROTTLOFF | REAL ESTATE AGENT IN THE RIVIERA MAYA,House,148098.27,USD,27,1,,,,https://susannrottloff.com/wp-content/uploads/2021/05/SusannR_LOGO-01-e1623222526647-removebg-preview.png; https://susannrottloff.com/wp-content/uploads/2021/06/SusannR_LOGO-01.jpg; https://susannrottloff.com/wp-content/uploads/2021/05/sr_logo-02_1.webp; https://susannrottloff.com/wp-content/uploads/2021/05/Logo_High_The_Agency_plain-01_1-2.webp,Mexico,Quintana Roo,Tulum,,,Rent,1,Susann Rottloff,https://susannrottloff.com/property/lua-3030-playa-del-carmen/,Playa del Carmen; Tulum; Other Riviera Maya
Susann Rottloff,https://www.susannrottloff.com,,https://susannrottloff.com/property/menotto-10-playa-del-carmen/,MENOTTO 10 – PLAYA DEL CARMEN – SUSANN ROTTLOFF | REAL ESTATE AGENT IN THE RIVIERA MAYA,House,129033.33,USD,33,1,,,,https://susannrottloff.com/wp-content/uploads/2021/05/SusannR_LOGO-01-e1623222526647-removebg-preview.png; https://susannrottloff.com/wp-content/uploads/2021/06/SusannR_LOGO-01.jpg; https://susannrottloff.com/wp-content/uploads/2021/05/sr_logo-02_1.webp; https://susannrottloff.com/wp-content/uploads/2021/05/Logo_High_The_Agency_plain-01_1-2.webp,Mexico,Quintana Roo,Tulum,,,Rent,1,Susann Rottloff,https://susannrottloff.com/property/menotto-10-playa-del-carmen/,Playa del Carmen; Tulum; Other Riviera Maya
Susann Rottloff,https://www.susannrottloff.com,,https://susannrottloff.com/property/sensara-28-playa-del-carmen/,SENSARA 28 – PLAYA DEL CARMEN – SUSANN ROTTLOFF | REAL ESTATE AGENT IN THE RIVIERA MAYA,House,130000,USD,000,1,,,,https://susannrottloff.com/wp-content/uploads/2021/05/SusannR_LOGO-01-e1623222526647-removebg-preview.png; https://susannrottloff.com/wp-content/uploads/2021/06/SusannR_LOGO-01.jpg; https://susannrottloff.com/wp-content/uploads/2021/05/sr_logo-02_1.webp; https://susannrottloff.com/wp-content/uploads/2021/05/Logo_High_The_Agency_plain-01_1-2.webp,Mexico,Quintana Roo,Tulum,,,Rent,1,Susann Rottloff,https://susannrottloff.com/property/sensara-28-playa-del-carmen/,Playa del Carmen; Tulum; Other Riviera Maya
Thomas Lloyd,https://www.topmexicorealestate.com/,,https://www.topmexicorealestate.com/tulum-real-estate/b-property-detail-tulum.php?propId=59260,Top Mexico Real Estate,Land/Lot,332187,USD,2,2.5,905,sqft,"Top Mexico Real Estate Mexico like Playa del Carmen real estate, as well as offering unique services to help American and Canadian buyers.",https://photos.topmexicorealestate.com/Listings/59260/59260-1e0847e6e627fd6009558c9f9eedd274.jpeg,MX,Quintana Roo,Playa del Carmen,,,Rent,1,Thomas Lloyd,https://www.topmexicorealestate.com/tulum-real-estate/b-property-detail-tulum.php?propId=59260,Playa del Carmen; Other Riviera Maya
Thomas Lloyd,https://www.topmexicorealestate.com/,,https://www.topmexicorealestate.com/progreso-real-estate/b-property-detail-progreso.php?propId=59060,Top Mexico Real Estate,Land/Lot,511509,USD,3,3.0,1789,sqft,"Top Mexico Real Estate Mexico like Playa del Carmen real estate, as well as offering unique services to help American and Canadian buyers.",https://photos.topmexicorealestate.com/Listings/59060/59060-5544bd29aaf078bc11f993a268b96e1d.jpeg,MX,Quintana Roo,Playa del Carmen,,,Rent,1,Thomas Lloyd,https://www.topmexicorealestate.com/progreso-real-estate/b-property-detail-progreso.php?propId=59060,Playa del Carmen; Other Riviera Maya
Thomas Lloyd,https://www.topmexicorealestate.com/,,https://www.topmexicorealestate.com/playadelcarmen-real-estate/b-property-detail-playadelcarmen.php?propId=58853,Top Mexico Real Estate,Land/Lot,220000,USD,2,2.0,1561,sqft,"Top Mexico Real Estate Mexico like Playa del Carmen real estate, as well as offering unique services to help American and Canadian buyers.",https://photos.topmexicorealestate.com/Listings/58853/58853-0d0c0e2c375a1b560bb06345883ff084.jpg,MX,Quintana Roo,Playa del Carmen,,,Rent,1,Thomas Lloyd,https://www.topmexicorealestate.com/playadelcarmen-real-estate/b-property-detail-playadelcarmen.php?propId=58853,Playa del Carmen; Other Riviera Maya
Thomas Lloyd,https://www.topmexicorealestate.com/,,https://www.topmexicorealestate.com/yucatan-real-estate/b-property-detail-yucatan.php?propId=58231,Top Mexico Real Estate,Land/Lot,422730,USD,4,4.5,2939,sqft,"Top Mexico Real Estate Mexico like Playa del Carmen real estate, as well as offering unique services to help American and Canadian buyers.",https://photos.topmexicorealestate.com/Listings/58231/58231-9267c2c7c4b21c1adccbfbbaa2053952.jpg,MX,Quintana Roo,Playa del Carmen,,,Rent,1,Thomas Lloyd,https://www.topmexicorealestate.com/yucatan-real-estate/b-property-detail-yucatan.php?propId=58231,Playa del Carmen; Other Riviera Maya
Thomas Lloyd,https://www.topmexicorealestate.com/,,https://www.topmexicorealestate.com/playadelcarmen-real-estate/b-property-detail-playadelcarmen.php?propId=57155,Top Mexico Real Estate,Land/Lot,74500,USD,,,1800,sqft,"Top Mexico Real Estate Mexico like Playa del Carmen real estate, as well as offering unique services to help American and Canadian buyers.",https://photos.topmexicorealestate.com/Listings/57155/57155-25e0a5ed4040198f4c704eff019d14df.jpeg,MX,Quintana Roo,Playa del Carmen,,,Rent,2,Thomas Lloyd,https://www.topmexicorealestate.com/playadelcarmen-real-estate/b-property-detail-playadelcarmen.php?propId=57155; https://www.topmexicorealestate.com/progreso-real-estate/b-property-detail-progreso.php?propId=59835,Playa del Carmen; Other Riviera Maya
Thomas Lloyd,https://www.topmexicorealestate.com/,,https://www.topmexicorealestate.com/playadelcarmen-real-estate/b-property-detail-playadelcarmen.php?propId=56146,Top Mexico Real Estate,Land/Lot,129000,USD,1,1.0,360,sqft,"Top Mexico Real Estate Mexico like Playa del Carmen real estate, as well as offering unique services to help American and Canadian buyers.",https://photos.topmexicorealestate.com/Listings/56146/56146-32147e14f95a4756d95850ccd2c58e13.jpg,MX,Quintana Roo,Playa del Carmen,,,Rent,1,Thomas Lloyd,https://www.topmexicorealestate.com/playadelcarmen-real-estate/b-property-detail-playadelcarmen.php?propId=56146,Playa del Carmen; Other Riviera Maya
Thomas Lloyd,https://www.topmexicorealestate.com/,,https://www.topmexicorealestate.com/playadelcarmen-real-estate/b-property-detail-playadelcarmen.php?propId=56053,Top Mexico Real Estate,Land/Lot,180000,USD,2,2.0,1292,sqft,"Top Mexico Real Estate Mexico like Playa del Carmen real estate, as well as offering unique services to help American and Canadian buyers.",https://photos.topmexicorealestate.com/Listings/56053/56053-b44ac73f2704946f7df6e6f7ebbaf6a8.jpg,MX,Quintana Roo,Playa del Carmen,,,Rent,1,Thomas Lloyd,https://www.topmexicorealestate.com/playadelcarmen-real-estate/b-property-detail-playadelcarmen.php?propId=56053,Playa del Carmen; Other Riviera Maya
Thomas Lloyd,https://www.topmexicorealestate.com/,,https://www.topmexicorealestate.com/progreso-real-estate/b-property-detail-progreso.php?propId=59953,Top Mexico Real Estate,Land/Lot,250000,USD,,,3113,sqft,"Top Mexico Real Estate Mexico like Playa del Carmen real estate, as well as offering unique services to help American and Canadian buyers.",https://photos.topmexicorealestate.com/Listings/59953/59953-8426ef81768a496925a20f95717161ec.jpeg,MX,Quintana Roo,Playa del Carmen,,,Rent,1,Thomas Lloyd,https://www.topmexicorealestate.com/progreso-real-estate/b-property-detail-progreso.php?propId=59953,Playa del Carmen; Other Riviera Maya
Thomas Lloyd,https://www.topmexicorealestate.com/,,https://www.topmexicorealestate.com/yucatan-real-estate/b-property-detail-yucatan.php?propId=59897,Top Mexico Real Estate,Land/Lot,386114,USD,3,3.0,1395,sqft,"Top Mexico Real Estate Mexico like Playa del Carmen real estate, as well as offering unique services to help American and Canadian buyers.",https://photos.topmexicorealestate.com/Listings/59897/59897-991d76248bdc2802bd07cf322de59aed.jpg,MX,Quintana Roo,Playa del Carmen,,,Rent,1,Thomas Lloyd,https://www.topmexicorealestate.com/yucatan-real-estate/b-property-detail-yucatan.php?propId=59897,Playa del Carmen; Other Riviera Maya
Thomas Lloyd,https://www.topmexicorealestate.com/,,https://www.topmexicorealestate.com/yucatan-real-estate/b-property-detail-yucatan.php?propId=59896,Top Mexico Real Estate,Land/Lot,298964,USD,2,2.0,1100,sqft,"Top Mexico Real Estate Mexico like Playa del Carmen real estate, as well as offering unique services to help American and Canadian buyers.",https://photos.topmexicorealestate.com/Listings/59896/59896-f150de8f83037e3baa13b289a360907f.jpg,MX,Quintana Roo,Playa del Carmen,,,Rent,1,Thomas Lloyd,https://www.topmexicorealestate.com/yucatan-real-estate/b-property-detail-yucatan.php?propId=59896,Playa del Carmen; Other Riviera Maya
Thomas Lloyd,https://www.topmexicorealestate.com/,,https://www.topmexicorealestate.com/yucatan-real-estate/b-property-detail-yucatan.php?propId=59895,Top Mexico Real Estate,Land/Lot,212154,USD,1,1.0,765,sqft,"Top Mexico Real Estate Mexico like Playa del Carmen real estate, as well as offering unique services to help American and Canadian buyers.",https://photos.topmexicorealestate.com/Listings/59895/59895-97dc5cac5588c8231918893667cd0b04.jpg,MX,Quintana Roo,Playa del Carmen,,,Rent,1,Thomas Lloyd,https://www.topmexicorealestate.com/yucatan-real-estate/b-property-detail-yucatan.php?propId=59895,Playa del Carmen; Other Riviera Maya
Thomas Lloyd,https://www.topmexicorealestate.com/,,https://www.topmexicorealestate.com/yucatan-real-estate/b-property-detail-yucatan.php?propId=59844,Top Mexico Real Estate,Land/Lot,24122,USD,,,1899,sqft,"Top Mexico Real Estate Mexico like Playa del Carmen real estate, as well as offering unique services to help American and Canadian buyers.",https://photos.topmexicorealestate.com/Listings/59844/59844-2d0cfc58c2c52f67b70628998537dc1c.jpg,MX,Quintana Roo,Playa del Carmen,,,Rent,4,Thomas Lloyd,https://www.topmexicorealestate.com/campeche-real-estate/b-property-detail-campeche.php?propId=59471; https://www.topmexicorealestate.com/campeche-real-estate/b-property-detail-campeche.php?propId=59473; https://www.topmexicorealestate.com/yucatan-real-estate/b-property-detail-yucatan.php?propId=51866; https://www.topmexicorealestate.com/yucatan-real-estate/b-property-detail-yucatan.php?propId=59844,Playa del Carmen; Other Riviera Maya
Thomas Lloyd,https://www.topmexicorealestate.com/,,https://www.topmexicorealestate.com/LP-promotions/nara-condos-country-club-campeche.php?utm_campaign=118&utm_source=banner&utm_medium=734&utm_content=1,Top Mexico Real Estate,House,170000,USD,,,,,"Top Mexico Real Estate Mexico like Playa del Carmen real estate, as well as offering unique services to help American and Canadian buyers.",https://www.topmexicorealestate.com/1-images/nara-campeche-country-club/check.png; https://www.topmexicorealestate.com/1-images/nara-campeche-country-club/Campeche_Mexico_1.webp; https://www.topmexicorealestate.com/1-images/nara-campeche-country-club/Campeche_Mexico_2.webp; https://www.topmexicorealestate.com/1-images/nara-campeche-country-club/Campeche_Mexico_3.png; https://www.topmexicorealestate.com/1-images/nara-campeche-country-club/short1.png; https://www.topmexicorealestate.com/1-images/nara-campeche-country-club/short2.png; https://www.topmexicorealestate.com/1-images/nara-campeche-country-club/short3.png; https://www.topmexicorealestate.com/1-images/nara-campeche-country-club/short4.png,MX,Quintana Roo,Playa del Carmen,,,Rent,1,Thomas Lloyd,https://www.topmexicorealestate.com/LP-promotions/nara-condos-country-club-campeche.php?utm_campaign=118&utm_source=banner&utm_medium=734&utm_content=1,Playa del Carmen; Other Riviera Maya
Thomas Lloyd,https://www.topmexicorealestate.com/,,https://www.topmexicorealestate.com/campeche-real-estate/b-property-detail-campeche.php?propId=46839,Top Mexico Real Estate,Land/Lot,12935,USD,,,1507,sqft,"Top Mexico Real Estate Mexico like Playa del Carmen real estate, as well as offering unique services to help American and Canadian buyers.",https://photos.topmexicorealestate.com/Listings/46839/46839-155b049957cc9ddeecedcea4902479f0.jpg,MX,Quintana Roo,Playa del Carmen,,,Rent,1,Thomas Lloyd,https://www.topmexicorealestate.com/campeche-real-estate/b-property-detail-campeche.php?propId=46839,Playa del Carmen; Other Riviera Maya
Thomas Lloyd,https://www.topmexicorealestate.com/,,https://www.topmexicorealestate.com/yucatan-real-estate/b-property-detail-yucatan.php?propId=54683,Top Mexico Real Estate,Land/Lot,15286,USD,,,4306,sqft,"Top Mexico Real Estate Mexico like Playa del Carmen real estate, as well as offering unique services to help American and Canadian buyers.",https://photos.topmexicorealestate.com/Listings/54683/54683-4a6870a2217e4c26277fe8d1e15d4f45.jpg,MX,Quintana Roo,Playa del Carmen,,,Rent,2,Thomas Lloyd,https://www.topmexicorealestate.com/yucatan-real-estate/b-property-detail-yucatan.php?propId=53614; https://www.topmexicorealestate.com/yucatan-real-estate/b-property-detail-yucatan.php?propId=54683,Playa del Carmen; Other Riviera Maya
Thomas Lloyd,https://www.topmexicorealestate.com/,,https://www.topmexicorealestate.com/oaxaca-real-estate/b-property-detail-oaxaca.php?propId=40973,Top Mexico Real Estate,Land/Lot,25869,USD,,,2153,sqft,"Top Mexico Real Estate Mexico like Playa del Carmen real estate, as well as offering unique services to help American and Canadian buyers.",https://photos.topmexicorealestate.com/Listings/40973/40973-a3e35210717b2f4c6ab1025ea6b6ab0e.jpg,MX,Quintana Roo,Playa del Carmen,,,Rent,11,Thomas Lloyd,https://www.topmexicorealestate.com/cabo-real-estate/b-property-detail-cabo.php?propId=16067; https://www.topmexicorealestate.com/campeche-real-estate/b-property-detail-campeche.php?propId=45888; https://www.topmexicorealestate.com/campeche-real-estate/b-property-detail-campeche.php?propId=59061; https://www.topmexicorealestate.com/morelia-real-estate/b-property-detail-morelia.php?propId=17717; https://www.topmexicorealestate.com/oaxaca-real-estate/b-property-detail-oaxaca.php?propId=40973; https://www.topmexicorealestate.com/progreso-real-estate/b-property-detail-progreso.php?propId=37385; https://www.topmexicorealestate.com/tulum-real-estate/b-property-detail-tulum.php?propId=34943; https://www.topmexicorealestate.com/tulum-real-estate/b-property-detail-tulum.php?propId=55513; https://www.topmexicorealestate.com/yucatan-real-estate/b-property-detail-yucatan.php?propId=42597; https://www.topmexicorealestate.com/yucatan-real-estate/b-property-detail-yucatan.php?propId=51895; https://www.topmexicorealestate.com/yucatan-real-estate/b-property-detail-yucatan.php?propId=52372,Playa del Carmen; Other Riviera Maya
Thomas Lloyd,https://www.topmexicorealestate.com/,,https://www.topmexicorealestate.com/real-estate-videos/micasaestucasawiththomaslloyd/V475,Top Mexico Real Estate,Land/Lot,,,,,,,"Top Mexico Real Estate Mexico like Playa del Carmen real estate, as well as offering unique services to help American and Canadian buyers.",https://lloyd-team.com/0-images/real-estate-videos/logo-micasaestucasa.png; https://lloyd-team.com/0-images/real-estate-videos/logo-topchannel.jpg; https://lloyd-team.com/0-images/video-player/VideoV475.jpeg; https://lloyd-team.com/0-images/video-player/VideoV483.jpeg; https://lloyd-team.com/0-images/banners/; https://lloyd-team.com/0-images/banners/ca95ee3ab33c0e7de172ac656cdea099.png; https://lloyd-team.com/0-images/banners/c9e22bd48d9f8395d0cf0f03bf575658.png; https://lloyd-team.com/0-images/video-player/VideoV492.png,MX,Quintana Roo,Playa del Carmen,,,Rent,4,Thomas Lloyd,https://www.topmexicorealestate.com/real-estate-videos/micasaestucasawiththomaslloyd/V475; https://www.topmexicorealestate.com/real-estate-videos/micasaestucasawiththomaslloyd/V479; https://www.topmexicorealestate.com/real-estate-videos/micasaestucasawiththomaslloyd/V483; https://www.topmexicorealestate.com/real-estate-videos/micasaestucasawiththomaslloyd/V491,Playa del Carmen; Other Riviera Maya
Thomas Lloyd,https://www.topmexicorealestate.com/,,https://www.topmexicorealestate.com/real-estate-videos/micasaestucasawiththomaslloyd/V503,Top Mexico Real Estate,Land/Lot,300000,USD,,,,,"Top Mexico Real Estate Mexico like Playa del Carmen real estate, as well as offering unique services to help American and Canadian buyers.",https://lloyd-team.com/0-images/real-estate-videos/logo-micasaestucasa.png; https://lloyd-team.com/0-images/real-estate-videos/logo-topchannel.jpg; https://lloyd-team.com/0-images/video-player/VideoV491.jpeg; https://lloyd-team.com/0-images/video-player/VideoV503.jpeg; https://lloyd-team.com/0-images/banners/; https://lloyd-team.com/0-images/banners/ca95ee3ab33c0e7de172ac656cdea099.png; https://lloyd-team.com/0-images/banners/c9e22bd48d9f8395d0cf0f03bf575658.png; https://lloyd-team.com/0-images/video-player/VideoV492.png,MX,Quintana Roo,Playa del Carmen,,,Rent,1,Thomas Lloyd,https://www.topmexicorealestate.com/real-estate-videos/micasaestucasawiththomaslloyd/V503,Playa del Carmen; Other Riviera Maya
TONANZI GONZALEZ MARQUEZ,https://www.caribbeanproperties.mx,Tokko Broker,https://www.caribbeanproperties.mx/p/8014454-Casa-en-Renta-en-Fraccionamiento-Altaria-Residencial-Fraccionamiento-Altaria,Casa en Renta en Fraccionamiento Altaria Residencial - Fraccionamiento Altaria,House,20000,MXN,3,3,,,"CONTRATO MINIMO DE 1 AÑO Características: Modelo Balena3 recamaras2.5 bañosEquipadaSe aceptan Mascotas Amenidades: Acceso controlado2 albercasparque de perrosGimnasioSalón de eventosTerraza3 áreas infantiles REQUISITOS:Contrato y estudio socioeconómico : $2,800 pesos1 mes de depósito **Precio sujeto a cambios sin previo aviso Los precios y la disponibilidad puede cambiar sin previo aviso. El precio es en Pesos Mexicanos al tipo de cambio del día. TONANZI GONZÁLEZ asesora inmobiliaria acreditada por el Estado de Quintana Roo. Matricula: 7161321HEAAAIFS008000673",https://static.tokkobroker.com/sm_pics/8014454_97286708577937690431944638200451546107196867566863924548614026083101523265813_og.jpg,Mexico,Quintana Roo,Playa del Carmen,,,Rent,1,TONANZI GONZALEZ MARQUEZ,https://www.caribbeanproperties.mx/p/8014454-Casa-en-Renta-en-Fraccionamiento-Altaria-Residencial-Fraccionamiento-Altaria,Playa del Carmen; Other Riviera Maya
TONANZI GONZALEZ MARQUEZ,https://www.caribbeanproperties.mx,Tokko Broker,https://www.caribbeanproperties.mx/p/8014280-Departamento-en-Renta-en-Gonzalo-Guerrero-Calle-28-norte-entre-Avenida-10-y-5ta-avenida,Departamento en Renta en Gonzalo Guerrero - Calle 28 norte entre Avenida 10 y 5ta avenida,Condo/Apartment,25000,MXN,1,1,,,DEPARTAMENTO AMUEBLADO Y SUPER EQUIPADOAltra CondoCalle 28 entre 5ta y 10A SOLO UNAS CUADRAS DE MAMITAS A UNOS PASOS DE LA QUINTA - Cocina equipada - 1 recámara amplia- Sofá cama - Comedor - 1 baño - Lavadora secadora -Balcón Amenidades- Alberca panorámica y carril de nado - Gym- Área de masajes - Sala de juntas - Vigilancia 24/7- estacionamiento - Elevador 1 Mes de deposito + contratoIncluye cuota de mantenimiento **Precio sujeto a cambios sin previo aviso Los precios y la disponibilidad puede cambiar sin previo aviso. El precio es en Pesos Mexicanos al tipo de cambio del día. TONANZI GONZÁLE,https://static.tokkobroker.com/sm_pics/8014280_18698942084970570569971255869779141501109650846378330374578379775584332867005_og.jpg,Mexico,Quintana Roo,Playa del Carmen,,,Rent,1,TONANZI GONZALEZ MARQUEZ,https://www.caribbeanproperties.mx/p/8014280-Departamento-en-Renta-en-Gonzalo-Guerrero-Calle-28-norte-entre-Avenida-10-y-5ta-avenida,Playa del Carmen; Other Riviera Maya
TONANZI GONZALEZ MARQUEZ,https://www.caribbeanproperties.mx,Tokko Broker,"https://www.caribbeanproperties.mx/p/8030812-Departamento-en-Renta-en-Gonzalo-Guerrero-Calle-30-Nte-entre-10-Av.-&-Quinta-Avenida,-Gonzalo-Guerrero","Departamento en Renta en Gonzalo Guerrero - Calle 30 Nte entre 10 Av. & Quinta Avenida, Gonzalo Guerrero",Condo/Apartment,18000,MXN,1,1,9,m2,"Departamento 1 recámara totalmente amueblado y en excelente ubicación En Playa del Carmen en la 5ta av con calle 30 norte, la mejor ubicación a 150 metros de playa mamitas. Estancia mínima 1 año Características: Totalmente amueblado Superficie 75.11 m2 (808.48 ft²) Jardín 9.71 m2 (104.52 ft²) Terraza en azotea 9.61m2 (103.44 ft²) Total 94.43 m2 (1,016.44 ft²) Cuarto con cama queen y TV Baño con jacuzzi Sala con sofá cama y TV de 52 pulgadas, Cuarto de lavado con lavadora y secadora Cocina completa Aire acondicionado y ventiladores máximo 2 personas patio privado trasero Gran Alberca en el mism",https://static.tokkobroker.com/sm_pics/8030812_4255228210484842786510025290224414410383550218969835951053609747947462737728_og.jpg,Mexico,Quintana Roo,Playa del Carmen,,,Rent,1,TONANZI GONZALEZ MARQUEZ,"https://www.caribbeanproperties.mx/p/8030812-Departamento-en-Renta-en-Gonzalo-Guerrero-Calle-30-Nte-entre-10-Av.-&-Quinta-Avenida,-Gonzalo-Guerrero",Playa del Carmen; Other Riviera Maya
TONANZI GONZALEZ MARQUEZ,https://www.caribbeanproperties.mx,Tokko Broker,"https://www.caribbeanproperties.mx/p/8076713-Departamento-en-Renta-en-Luis-Donaldo-Colosio-DK-52-Calle-52-Nte-entre-Av.-10-y-Av.-5,-Luis-Donaldo-Colosio","Departamento en Renta en Luis Donaldo Colosio - DK 52 Calle 52 Nte entre Av. 10 y Av. 5, Luis Donaldo Colosio",Condo/Apartment,16500,MXN,1,1,49.95,m2,"Departamento en renta de 1 recámara en a calles de la Playa en el centro de PLAYA DEL CARMEN, en el edificio DK52 (Calle 52 esquina con la 5TA Avenida). Ubicado en la calle 52 entre la 5ta avenida y la avenida 10, en Playa del Carmen (a 650m del mar). Muy cercano a avenida CTM que te lleva directamente a la playa. Un departamento con excelente ubicación, puedes llegar caminando a todas partes. Características:1 recámara43.945m2 / 473 sq ft,totalmente equipadoamuebladodecoradoMascotas bajo autorización (talla pequeña) Amenidades:Rooftop con vista al maralbercazona loungeJacuzziGimnasioEstaciona",https://static.tokkobroker.com/sm_pics/8076713_18291013212196563915276761289763615383042848348262455527274008237303157622901_og.jpg,Mexico,Quintana Roo,Playa del Carmen,,,Rent,1,TONANZI GONZALEZ MARQUEZ,"https://www.caribbeanproperties.mx/p/8076713-Departamento-en-Renta-en-Luis-Donaldo-Colosio-DK-52-Calle-52-Nte-entre-Av.-10-y-Av.-5,-Luis-Donaldo-Colosio",Playa del Carmen; Other Riviera Maya
TONANZI GONZALEZ MARQUEZ,https://www.caribbeanproperties.mx,Tokko Broker,"https://www.caribbeanproperties.mx/p/7807538-Casa-en-Renta-en-Fraccionamiento-La-Joya-Specta,-Arcos-Bamb%C3%BA-Prol.-Av.115,-col.-La-Joya,-77712-Playa-del-Carmen,-Q.R.","Casa en Renta en Fraccionamiento La Joya - Specta, Arcos Bambú Prol. Av.115, col. La Joya, 77712 Playa del Carmen, Q.R.",House,29000,MXN,2,2,244,m2,"CASA DE 2 RECÁMARAS CON ALBERCA PRIVADA ESTANCIA MÍNIMA DE 1 AÑO / MINIMUM STAY OF 1 YEAR Ubicada en área residencial, dentro de una comunidad con acceso controlado con pocas casas . Enfrente del colegio Britt y cercano a Centro Maya . CARACTERÍSTICAS -Casa amueblada -2 recamaras -3 baños -Alberca privada -Paneles solares -Internet Starlink -Mantenimiento incluido -Servicios adicionales: Internet, agua, electricidad, mantenimiento de alberca. -Mascotas bajo autorización AMENIDADES -Acceso controlado -Terraza -Alberca Requisitos:Depósito: 1 mes de rentaContrato: $2,800 MXNServicios aparte **Pre",https://static.tokkobroker.com/sm_pics/118102732_og.jpg,Mexico,Quintana Roo,Playa del Carmen,,,Rent,1,TONANZI GONZALEZ MARQUEZ,"https://www.caribbeanproperties.mx/p/7807538-Casa-en-Renta-en-Fraccionamiento-La-Joya-Specta,-Arcos-Bamb%C3%BA-Prol.-Av.115,-col.-La-Joya,-77712-Playa-del-Carmen,-Q.R.",Playa del Carmen; Other Riviera Maya
TONANZI GONZALEZ MARQUEZ,https://www.caribbeanproperties.mx,Tokko Broker,"https://www.caribbeanproperties.mx/p/8076881-Departamento-en-Renta-en-Ejidal-Valle-Aurora,-Calle-125-Nte.,-Ejidal","Departamento en Renta en Ejidal - Valle Aurora, Calle 125 Nte., Ejidal",Condo/Apartment,28000,MXN,3,3,,,"RENTA DE DEPARTAMENTO 3 RECÁMARAS EN VALLE AURORA ESTANCIA MINIMA DE 1 AÑO Departamento amplio e iluminado, cerca de todo, plaza las Américas, el nuevo palacio municipal. Las mejores amenidades al precio más asequible de Playa del Carmen. Av. 125 norte esquina calle 38. A tan solo a 14 min de la Playa en linea recta. Justo al lado se construye una nueva torre de departamentos 3 recámaras2 bañosárea de TVCocina amplia con IslaTotalmente amueblado y equipado1 cajón de estacionamiento NO SE ACEPTAN MASCOTAS AMENIDADES:acceso controladoalbercaJacuzzizona de asadoresGame roomGimnasioÁrea infantilCa",https://static.tokkobroker.com/sm_pics/8076881_54466302062581925443307490804357672897923755144011886978782843696605313302704_og.jpg,Mexico,Quintana Roo,Playa del Carmen,,,Rent,1,TONANZI GONZALEZ MARQUEZ,"https://www.caribbeanproperties.mx/p/8076881-Departamento-en-Renta-en-Ejidal-Valle-Aurora,-Calle-125-Nte.,-Ejidal",Playa del Carmen; Other Riviera Maya
TONANZI GONZALEZ MARQUEZ,https://www.caribbeanproperties.mx,Tokko Broker,"https://www.caribbeanproperties.mx/p/8511389-Departamento-en-Renta-en-Luis-Donaldo-Colosio-Blanko-54-CALLE-54-NORTE-LOTE-06-ENTRE-5a-AVENIDA-Y-10-Av.-NORTE-EN-LA-COLONIA,-Luis-Donaldo-Colosio,","Departamento en Renta en Luis Donaldo Colosio - Blanko 54 CALLE 54 NORTE LOTE 06 ENTRE 5a AVENIDA Y 10 Av. NORTE EN LA COLONIA, Luis Donaldo Colosio,",Land/Lot,14500,MXN,,1,,,"Departamento tipo Estudio con vista al mar desde ROOFTOP. Ubicado sobre la calle 54 esquina con la 5ta Avenida y Av. 10, en el condominio Blanko 54. Estudio totalmente equipado, amueblado, decorado y todo lo necesario para vivir en largo plazo en el centro de Playa del Carmen (contrato de 1 año). A sólo 7 bloques del mar, a pasos de restaurantes y del epicentro deportivo de playa (la zona runner) . En bicicleta podrás cruzar la ciudad por la ciclovía que encontrarás en Av. 10 . Caracteristicas:Cama king sizeSalaComedor 3 paxEquipado con (aire acondicionado, ventilador, lavasecadora, tostador, ",https://static.tokkobroker.com/sm_pics/8511389_12692384040001970581389827838031386292604649175025332105354589965666732734718_og.jpg,Mexico,Quintana Roo,Playa del Carmen,,,Rent,1,TONANZI GONZALEZ MARQUEZ,"https://www.caribbeanproperties.mx/p/8511389-Departamento-en-Renta-en-Luis-Donaldo-Colosio-Blanko-54-CALLE-54-NORTE-LOTE-06-ENTRE-5a-AVENIDA-Y-10-Av.-NORTE-EN-LA-COLONIA,-Luis-Donaldo-Colosio,",Playa del Carmen; Other Riviera Maya
TONANZI GONZALEZ MARQUEZ,https://www.caribbeanproperties.mx,Tokko Broker,"https://www.caribbeanproperties.mx/p/8507811-Departamento-en-Renta-en-Ejidal-Riviera-Towers-3,-Calle-23-Sur,-Ejidal","Departamento en Renta en Ejidal - Riviera Towers 3, Calle 23 Sur, Ejidal",Condo/Apartment,15000,MXN,2,2,90,m2,Departamento amueblado de 2 recámaras y 2 bañosRenta a largo plazoRiviera Towers 3. Zona Centro Maya Características:90m2 (968.75 ft²)2 recámaras con clósets (camas king y queen)2 baños completosSala con smart TVComedor 4 paxCocina equipadaAires acondicionados y ventiladores de techoBalcón con vista a las amenidadesCuarto de lavanderia/bodega en el departamento Amenidades: Lavandería en el edificio GimnasioElevadorTercer nivelTerraza con jacuzzi y BBQLudotecaÁreas verdes Alberca y áreas de descansoLobbySeguridad 24/7Estacionamiento subterráneo NO SE ACEPTAN MASCOTAS EN EL EDIFICIO Requisitos:D,https://static.tokkobroker.com/sm_pics/8507811_37454407043781203647701652516196239734044062290577892387539465016769717618548_og.jpg,Mexico,Quintana Roo,Playa del Carmen,,,Rent,1,TONANZI GONZALEZ MARQUEZ,"https://www.caribbeanproperties.mx/p/8507811-Departamento-en-Renta-en-Ejidal-Riviera-Towers-3,-Calle-23-Sur,-Ejidal",Playa del Carmen; Other Riviera Maya
TONANZI GONZALEZ MARQUEZ,https://www.caribbeanproperties.mx,Tokko Broker,https://www.caribbeanproperties.mx/p/8077174-Departamento-en-Renta-en-Ejidal-Quartier-Calle-75-norte-entre-calle-38-y-36,Departamento en Renta en Ejidal - Quartier Calle 75 norte entre calle 38 y 36,Condo/Apartment,13900,MXN,1,1,58.17,m2,"Departamento ejecutivo premium tipología tipo Estudio para nómadas digitales y expatriados, totalmente equipado, con rooftop, alberca y gimnasio, a minutos de la Quinta Avenida y de los principales corredores comerciales de Playa del Carmen. A tan solo 9 min de Playa Mamitas u 11 min en bicicleta y a tan 5 min en auto de Plaza las americas o 5 min en bicicleta. Contrato mínimo por 6 meses Departamento tipología tipo estudio A ESTRENARTotalmente Equipado y Amueblado Estacionamiento asignado Techado58.17m2 -626sq ft Se aceptan mascotas previa autorización(talla chica)Internet Incluido TELMEX Ame",https://static.tokkobroker.com/sm_pics/8077174_114727391281579133016811642371633626691457276948419434446074019597850058219050_og.jpg,Mexico,Quintana Roo,Playa del Carmen,,,Rent,1,TONANZI GONZALEZ MARQUEZ,https://www.caribbeanproperties.mx/p/8077174-Departamento-en-Renta-en-Ejidal-Quartier-Calle-75-norte-entre-calle-38-y-36,Playa del Carmen; Other Riviera Maya
TONANZI GONZALEZ MARQUEZ,https://www.caribbeanproperties.mx,Tokko Broker,"https://www.caribbeanproperties.mx/p/8490991-Departamento-en-Renta-en-Ejidal-Quartier-75-en-Calle-36-Nte-&-Calle-75-a-Nte,-Ejidal","Departamento en Renta en Ejidal - Quartier 75 en Calle 36 Nte & Calle 75 a Nte, Ejidal",Condo/Apartment,17500,MXN,1,1,,,"DEPARTAMENTO EN RENTA AMUEBLADO – QUARTIER 75RENTA A LARGO PLAZO Características:Departamento amueblado (Primer piso)* 1 Recámara* 1 baño completo* Cocina integral* Sala * Comedor* Terraza* 1 Estacionamiento asignado subterráneo Equipamiento:* 2 AAC* Closets* Canceles de baño* 3 ventiladores* Mosquiteros* Cerradura Digital Amenidades:* Seguridad 24/7* Alberca en Roof Top* Cowork* Camastros* Gimnasio Requisitos:Mantenimiento, Internet y Agua incluido1 mes de renta como depósitoContrato con costo **Precio sujeto a cambios sin previo aviso Los precios y la disponibilidad puede cambiar sin previo ",https://static.tokkobroker.com/sm_pics/8490991_43118985780485211226195147186570542954619621574852662647644657875772313731470_og.jpg,Mexico,Quintana Roo,Playa del Carmen,,,Rent,1,TONANZI GONZALEZ MARQUEZ,"https://www.caribbeanproperties.mx/p/8490991-Departamento-en-Renta-en-Ejidal-Quartier-75-en-Calle-36-Nte-&-Calle-75-a-Nte,-Ejidal",Playa del Carmen; Other Riviera Maya
TONANZI GONZALEZ MARQUEZ,https://www.caribbeanproperties.mx,Tokko Broker,"https://www.caribbeanproperties.mx/p/8490988-Casa-en-Renta-en-Playa-del-Carmen-SAMALA-Blvd.-Samal%C3%A1-entre-ave.-Lilis-y-ave.-Libramiento,","Casa en Renta en Playa del Carmen - SAMALA Blvd. Samalá entre ave. Lilis y ave. Libramiento,",House,22000,MXN,4,3,,,CASA EN RENTA – SAMALÁ Renta a largo plazo Características:Casa equipada de 2 niveles* 4 recámaras equipadas (1 en planta baja)* 3 baños completos * Cocina integral* Área de TV* Área de lavado techada* Terraza* Patio trasero* Estacionamiento para 2 autos Equipamiento:* 5 AAC* Closets* Canceles de baño* 10 ventiladores* Tanque estacionario* Cisterna* Presurizadora* Mosquiteros* Cerradura Digital* Refrigerador Amenidades:* Seguridad 24/7* Alberca* Área de eventos* Área de asadores* Gimnasio climatizado* Juegos Infantiles* Cancha de usos múltiples* Cancha de futbol* Pet Park Requisitos:Deposito d,https://static.tokkobroker.com/sm_pics/8490988_115198591643800521546999706117682546555619577217094233097493468997195033473700_og.jpg,Mexico,Quintana Roo,Playa del Carmen,,,Rent,1,TONANZI GONZALEZ MARQUEZ,"https://www.caribbeanproperties.mx/p/8490988-Casa-en-Renta-en-Playa-del-Carmen-SAMALA-Blvd.-Samal%C3%A1-entre-ave.-Lilis-y-ave.-Libramiento,",Playa del Carmen; Other Riviera Maya
Andrea Burgos,https://realestateplayadelcarmen.com.mx,,https://realestateplayadelcarmen.com.mx/riviera-maya-homes-for-sale/,Riviera Maya Homes For Sale - Moskito Real Estate,Land/Lot,2940890,USD,4,,,,"Riviera Maya homes for sale, including Playa del Carmen, Playacar Tulum, Akumal, Puerto Aventuras, and more. This page includes all.",https://storage.googleapis.com/moskito/2025/02/moskito-logo-2025-fondo-blanco-1739208183356.png.webp,Mexico,Quintana Roo,Tulum,,,Rent,2,Andrea Burgos; Pilar Reynoso,https://realestateplayadelcarmen.com.mx/riviera-maya-homes-for-sale/,Playa del Carmen; Tulum; Other Riviera Maya
Andrea Burgos,https://realestateplayadelcarmen.com.mx,,https://realestateplayadelcarmen.com.mx/riviera-maya-condos-for-sale/,Riviera Maya Condos For Sale - Moskito Real Estate,Land/Lot,1887490,USD,,,,,"Riviera Maya condos for sale, including Playa del Carmen condos for sale, Playacar condos for sale, Tulum condos for sale, Akumal condos.",https://storage.googleapis.com/moskito/2025/02/moskito-logo-2025-fondo-blanco-1739208183356.png.webp,Mexico,Quintana Roo,Tulum,,,Rent,2,Andrea Burgos; Pilar Reynoso,https://realestateplayadelcarmen.com.mx/riviera-maya-condos-for-sale/,Playa del Carmen; Tulum; Other Riviera Maya
Andrea Burgos,https://realestateplayadelcarmen.com.mx,,https://realestateplayadelcarmen.com.mx/riviera-maya-land-for-sale/,Riviera Maya Land For Sale - Moskito Real Estate,Land/Lot,468000,USD,,,,,"Riviera Maya land for sale, including Playa del Carmen Land for sale, Playacar land for sale, Tulum land for sale, Akumal land for sale.",https://storage.googleapis.com/moskito/2025/02/moskito-logo-2025-fondo-blanco-1739208183356.png.webp,Mexico,Quintana Roo,Tulum,,,Rent,2,Andrea Burgos; Pilar Reynoso,https://realestateplayadelcarmen.com.mx/riviera-maya-land-for-sale/,Playa del Carmen; Tulum; Other Riviera Maya
Andrea Burgos,https://realestateplayadelcarmen.com.mx,,https://realestateplayadelcarmen.com.mx/commercial-properties-in-riviera-maya/,Commercial properties in Riviera Maya - Moskito Real Estate,Land/Lot,100,USD,,,,,"Moskito is based in Playa del Carmen and specializes in turnkey solutions for real estate, vacation rentals, and property management since 2005.",https://storage.googleapis.com/moskito/2025/02/moskito-logo-2025-fondo-blanco-1739208183356.png.webp,Mexico,Quintana Roo,Tulum,,,Rent,4,Andrea Burgos; Pilar Reynoso,https://realestateplayadelcarmen.com.mx/commercial-properties-in-riviera-maya/; https://realestateplayadelcarmen.com.mx/new-listings-notification/,Playa del Carmen; Tulum; Other Riviera Maya
Andrea Burgos,https://realestateplayadelcarmen.com.mx,,https://realestateplayadelcarmen.com.mx/property/luxury-3-bedroom-beachfront-condo-in-playa-del-carmen-219c/,Luxury 3-Bedroom Beachfront Condo in Playa del Carmen- 219C - Moskito Real Estate,Land/Lot,1630000,USD,3,3,262.2,m2,"Luxury 3-bedroom beachfront condos in Playa del Carmen with resort amenities, rental program, and premium Caribbean lifestyle.",https://storage.googleapis.com/moskito/2023/11/diego.jpg.webp,Mexico,Quintana Roo,Tulum,,,Rent,2,Andrea Burgos; Pilar Reynoso,https://realestateplayadelcarmen.com.mx/property/luxury-3-bedroom-beachfront-condo-in-playa-del-carmen-219c/,Playa del Carmen; Tulum; Other Riviera Maya
Andrea Burgos,https://realestateplayadelcarmen.com.mx,,https://realestateplayadelcarmen.com.mx/property/luxury-2-bedroom-oceanfront-condo-for-sale-in-playa-del-carmen-219b/,Luxury 2-Bedroom Oceanfront Condo for Sale in Playa del Carmen - 219B - Moskito Real Estate,Land/Lot,737000,USD,2,2,88.1,m2,"1-bed oceanfront branded residence, hotel mgmt program, Viceroy services. We represent you. Contact Moskito.",https://storage.googleapis.com/moskito/2023/11/diego.jpg.webp,Mexico,Quintana Roo,Tulum,,,Rent,2,Andrea Burgos; Pilar Reynoso,https://realestateplayadelcarmen.com.mx/property/luxury-2-bedroom-oceanfront-condo-for-sale-in-playa-del-carmen-219b/,Playa del Carmen; Tulum; Other Riviera Maya
Andrea Burgos,https://realestateplayadelcarmen.com.mx,,https://realestateplayadelcarmen.com.mx/property/1-bedroom-branded-condo-for-sale-in-playa-del-carmen-219a/,1-Bedroom Branded Condo for Sale in Playa del Carmen - 219A - Moskito Real Estate,Land/Lot,397000,USD,1,1,96.8,m2,"1-bed oceanfront branded residence, hotel mgmt program, Viceroy services. We represent you. Contact Moskito.",https://storage.googleapis.com/moskito/2023/11/diego.jpg.webp,Mexico,Quintana Roo,Tulum,,,Rent,2,Andrea Burgos; Pilar Reynoso,https://realestateplayadelcarmen.com.mx/property/1-bedroom-branded-condo-for-sale-in-playa-del-carmen-219a/,Playa del Carmen; Tulum; Other Riviera Maya
Andrea Burgos,https://realestateplayadelcarmen.com.mx,,https://realestateplayadelcarmen.com.mx/property/villa-for-sale-in-playacar-golf-views-spacious-217/,Villa for Sale in Playacar | Golf Views & Spacious | 217 - Moskito Real Estate,Land/Lot,1435000,USD,5,5,13162,sqft,"Villa for sale in Playacar. Private home in gated community near beach, golf & Fifth Ave. Ideal for living, retirement or investment.",https://storage.googleapis.com/moskito/2023/11/diego.jpg.webp,Mexico,Quintana Roo,Tulum,,,Rent,2,Andrea Burgos; Pilar Reynoso,https://realestateplayadelcarmen.com.mx/property/villa-for-sale-in-playacar-golf-views-spacious-217/,Playa del Carmen; Tulum; Other Riviera Maya
Andrea Burgos,https://realestateplayadelcarmen.com.mx,,https://realestateplayadelcarmen.com.mx/property/3-bedroom-ground-floor-condo-in-playacar-phase-2-216/,3-Bedroom Ground Floor Condo in Playacar Phase 2 | 216 - Moskito Real Estate,Land/Lot,230000,USD,3,3,,,"3BR ground-floor condo in Playacar Phase 2 with private terrace, pool access, natural light, and spacious family living.",https://storage.googleapis.com/moskito/2023/11/diego.jpg.webp,Mexico,Quintana Roo,Tulum,,,Rent,2,Andrea Burgos; Pilar Reynoso,https://realestateplayadelcarmen.com.mx/property/3-bedroom-ground-floor-condo-in-playacar-phase-2-216/,Playa del Carmen; Tulum; Other Riviera Maya
Andrea Burgos,https://realestateplayadelcarmen.com.mx,,https://realestateplayadelcarmen.com.mx/property/condos-in-playa-del-carmen-near-the-beach-214/,Condos in Playa del Carmen Near the Beach | 214 - Moskito Real Estate,Land/Lot,324791,USD,2,2,,,"Condos in Playa del Carmen near the beach with resort amenities, beach club access, and strong investment potential.",https://storage.googleapis.com/moskito/2023/11/diego.jpg.webp,Mexico,Quintana Roo,Tulum,,,Rent,2,Andrea Burgos; Pilar Reynoso,https://realestateplayadelcarmen.com.mx/property/condos-in-playa-del-carmen-near-the-beach-214/,Playa del Carmen; Tulum; Other Riviera Maya
Andrea Burgos,https://realestateplayadelcarmen.com.mx,,https://realestateplayadelcarmen.com.mx/property/3-bdr-playa-del-carmen-condos-for-sale-private-beach-club-214b/,3 bdr Playa del Carmen Condos for Sale private Beach Club | 214B - Moskito Real Estate,Land/Lot,556494,USD,,3,,,"Playa del Carmen condos for sale near the beach with resort amenities, beach club access, and strong investment potential.",https://storage.googleapis.com/moskito/2023/11/diego.jpg.webp,Mexico,Quintana Roo,Tulum,,,Rent,2,Andrea Burgos; Pilar Reynoso,https://realestateplayadelcarmen.com.mx/property/3-bdr-playa-del-carmen-condos-for-sale-private-beach-club-214b/,Playa del Carmen; Tulum; Other Riviera Maya
Andrea Burgos,https://realestateplayadelcarmen.com.mx,,https://realestateplayadelcarmen.com.mx/property/1-bedroom-condos-in-playa-del-carmen-private-beach-club-214a/,1 bedroom Condos in Playa del Carmen | Private Beach club | 214A - Moskito Real Estate,Land/Lot,200171,USD,1,2,,,"Condos in Playa del Carmen near the beach with resort amenities, beach club access, and strong investment potential.",https://storage.googleapis.com/moskito/2023/11/diego.jpg.webp,Mexico,Quintana Roo,Tulum,,,Rent,2,Andrea Burgos; Pilar Reynoso,https://realestateplayadelcarmen.com.mx/property/1-bedroom-condos-in-playa-del-carmen-private-beach-club-214a/,Playa del Carmen; Tulum; Other Riviera Maya
Andrea Burgos,https://realestateplayadelcarmen.com.mx,,https://realestateplayadelcarmen.com.mx/property/playa-del-carmen-condo-for-sale-one-bedroom-condo-in-ipana-182/,Playa del Carmen condo for sale one-bedroom condo in Ipana - 182 - Moskito Real Estate,Land/Lot,215000,USD,1,1,50,m2,"Playa del Carmen one-bedroom condo for sale in Ipana. Furnished, private terrace, pools, gym, and prime location.",https://storage.googleapis.com/moskito/2023/11/diego.jpg.webp,Mexico,Quintana Roo,Tulum,,,Rent,2,Andrea Burgos; Pilar Reynoso,https://realestateplayadelcarmen.com.mx/property/playa-del-carmen-condo-for-sale-one-bedroom-condo-in-ipana-182/,Playa del Carmen; Tulum; Other Riviera Maya
Andrea Burgos,https://realestateplayadelcarmen.com.mx,,https://realestateplayadelcarmen.com.mx/property/playa-del-carmen-condo-for-sale/,Playa del Carmen Condo for Sale – 2 Bedroom Ground Floor at Lunada - 181 - Moskito Real Estate,Land/Lot,310000,USD,2,2,124,m2,"Playa del Carmen condo for sale in Lunada. Ground floor, 2 bed/2 bath, rooftop pool, gym, parking, and security. $319,000 USD.",https://storage.googleapis.com/moskito/2023/11/diego.jpg.webp,Mexico,Quintana Roo,Tulum,,,Rent,2,Andrea Burgos; Pilar Reynoso,https://realestateplayadelcarmen.com.mx/property/playa-del-carmen-condo-for-sale/,Playa del Carmen; Tulum; Other Riviera Maya
Andrea Burgos,https://realestateplayadelcarmen.com.mx,,https://realestateplayadelcarmen.com.mx/property/riva-turn-key-condo-in-playa-del-carmen-177/,"Riva, Turn Key condo in Playa del Carmen - 177 - Moskito Real Estate",Land/Lot,260000,USD,2,2,80,m2,Move-in ready 2-bedroom condo in Riva Playa del Carmen with rooftop pool and secure parking. Very close to the beach and Fifth Av.,https://storage.googleapis.com/moskito/2023/11/diego.jpg.webp,Mexico,Quintana Roo,Tulum,,,Rent,2,Andrea Burgos; Pilar Reynoso,https://realestateplayadelcarmen.com.mx/property/riva-turn-key-condo-in-playa-del-carmen-177/,Playa del Carmen; Tulum; Other Riviera Maya
Andrea Burgos,https://realestateplayadelcarmen.com.mx,,https://realestateplayadelcarmen.com.mx/property/ocean-view-condos-for-sale-in-playa-del-carmen-171/,Ocean View Condos for Sale in Playa del Carmen - 171 - Moskito Real Estate,Land/Lot,243000,USD,3,3,67,m2,Ocean view condos for sale in Playa del Carmen with beach club access and modern amenities. Just 600m from the ocean.,https://storage.googleapis.com/moskito/2023/11/diego.jpg.webp,Mexico,Quintana Roo,Tulum,,,Rent,2,Andrea Burgos; Pilar Reynoso,https://realestateplayadelcarmen.com.mx/property/ocean-view-condos-for-sale-in-playa-del-carmen-171/,Playa del Carmen; Tulum; Other Riviera Maya
Andrea Burgos,https://realestateplayadelcarmen.com.mx,,https://realestateplayadelcarmen.com.mx/property/studios-and-condos-for-sale-in-playa-del-carmen-110/,Studios and Condos for Sale in Playa del Carmen -110 - Moskito Real Estate,Land/Lot,186938,USD,2,,1645.15,sqft,"Studios, one and, two bedroom condos for sale in Playa del Carmen. Fully furnished and equipped, turnkey with infinite and sky bar",https://storage.googleapis.com/moskito/2023/11/diego.jpg.webp,Mexico,Quintana Roo,Tulum,,,Rent,2,Andrea Burgos; Pilar Reynoso,https://realestateplayadelcarmen.com.mx/property/studios-and-condos-for-sale-in-playa-del-carmen-110/,Playa del Carmen; Tulum; Other Riviera Maya
Andrea Burgos,https://realestateplayadelcarmen.com.mx,,https://realestateplayadelcarmen.com.mx/property/luxurious-condos-in-playacar-real-estate-126/,Luxurious Condos in Playacar Real Estate - 126 - Moskito Real Estate,Land/Lot,290000,USD,2,,59,m2,"Discover luxurious Playacar real estate! Exclusive project, top amenities. Contact us now to secure your dream home in Playa del Carmen",https://storage.googleapis.com/moskito/2023/11/diego.jpg.webp,Mexico,Quintana Roo,Tulum,,,Rent,2,Andrea Burgos; Pilar Reynoso,https://realestateplayadelcarmen.com.mx/property/luxurious-condos-in-playacar-real-estate-126/,Playa del Carmen; Tulum; Other Riviera Maya
Andrea Burgos,https://realestateplayadelcarmen.com.mx,,https://realestateplayadelcarmen.com.mx/property/nick-price-condo-within-corasol-riviera-maya-resort-community/,Nick Price Condo : within Corasol Riviera Maya Resort Community - Moskito Real Estate,Land/Lot,399000,USD,3,3,,,"PRICE JUST REDUCED from USD 430,000 to USD 399,000 Nick Price Condo: Your Coastal Oasis ✨ Prime Location: Only 30 minutes from Cancun Airport and a quick 5-minute drive to Downtown Playa del Carmen, this condo offers a perfect blend of tranquility and excitement. Chic and Spacious: This refined condo features 3 bedrooms, 2.5 bathrooms, […]",https://storage.googleapis.com/moskito/2025/01/Andrea-Burgos-2-1737729358582.jpg.webp,Mexico,Quintana Roo,Tulum,,,Rent,2,Andrea Burgos; Pilar Reynoso,https://realestateplayadelcarmen.com.mx/property/nick-price-condo-within-corasol-riviera-maya-resort-community/,Cancun; Playa del Carmen; Tulum; Other Riviera Maya
Andrea Burgos,https://realestateplayadelcarmen.com.mx,,https://realestateplayadelcarmen.com.mx/property/4-bedroom-beachfront-penthouse-in-playa-del-carmen-078/,4 Bedroom Beachfront Penthouse in Playa del Carmen 078 - Moskito Real Estate,Land/Lot,2940890,USD,4,4,524,m2,"Luxury 4 bedroom beachfront penthouse for sale in Playa del Carmen! Located in the exclusive Corasol gated community, a community has been upgraded over the last couple of years, with an incredible new entrance built, 18 hole PGA pro-designed golf course, and the launch of a group of luxurious projects, which includes this 4 bedroom […]",https://storage.googleapis.com/moskito/2023/11/diego.jpg.webp,Mexico,Quintana Roo,Tulum,,,Rent,2,Andrea Burgos; Pilar Reynoso,https://realestateplayadelcarmen.com.mx/property/4-bedroom-beachfront-penthouse-in-playa-del-carmen-078/,Playa del Carmen; Tulum; Other Riviera Maya
Andrea Burgos,https://realestateplayadelcarmen.com.mx,,https://realestateplayadelcarmen.com.mx/property/luxury-real-estate-in-playa-del-carmen-costa-residences/,Luxury Real Estate in Playa del Carmen: Costa Residences - Moskito Real Estate,Land/Lot,1589000,USD,5,5,551,m2,"Costa Residences: Where Luxury Meets Lifestyle in Playa del Carmen Nestled within the prestigious residential community of Corasol, Costa Residences invites you to experience luxury living in the Riviera Maya. With its unparalleled amenities and exquisite design, this project sets a new standard for upscale living in Playa del Carmen. Boasting a prime location within […]",https://storage.googleapis.com/moskito/2023/11/diego.jpg.webp,Mexico,Quintana Roo,Tulum,,,Rent,2,Andrea Burgos; Pilar Reynoso,https://realestateplayadelcarmen.com.mx/property/luxury-real-estate-in-playa-del-carmen-costa-residences/,Playa del Carmen; Tulum; Other Riviera Maya
Andrea Burgos,https://realestateplayadelcarmen.com.mx,,https://realestateplayadelcarmen.com.mx/property/mareazul-beachfront-condos-for-sale-in-playa-del-carmen/,Mareazul Beachfront Condos for sale in Playa del Carmen - Moskito Real Estate,Land/Lot,1141750,USD,4,3.5,3455,sqft,"Mareazul within Corasol Riviera Maya offers unique condos for sale in Playa del Carmen, with fully-equipped kitchens, and sleeping accommodations ranging from two to four bedrooms. The large common area space is beautifully landscaped and includes a botanical Zen garden with Mayan sculptures, gourmet cafés at the infinity pool and beach club, separate men’s and […]",https://storage.googleapis.com/moskito/2023/11/diego.jpg.webp,Mexico,Quintana Roo,Tulum,,,Rent,2,Andrea Burgos; Pilar Reynoso,https://realestateplayadelcarmen.com.mx/property/mareazul-beachfront-condos-for-sale-in-playa-del-carmen/,Playa del Carmen; Tulum; Other Riviera Maya
Andrea Burgos,https://realestateplayadelcarmen.com.mx,,https://realestateplayadelcarmen.com.mx/property/4-bedroom-condo-for-sale-in-corasol-035a/,4 Bedroom Condo for Sale in Corasol 035A - Moskito Real Estate,Land/Lot,890788,USD,4,4,226.22,m2,"A luxurious real estate development located in the heart of Playa del Carmen, a popular tourist destination in the Riviera Maya. Built around a major 18-hole golf course and surrounded by a large verdant native jungle that gives rise to the setting for this exceptionally private and gated residential community on the Caribbean Sea. This […]",https://storage.googleapis.com/moskito/2023/11/diego.jpg.webp,Mexico,Quintana Roo,Tulum,,,Rent,2,Andrea Burgos; Pilar Reynoso,https://realestateplayadelcarmen.com.mx/property/4-bedroom-condo-for-sale-in-corasol-035a/,Playa del Carmen; Tulum; Other Riviera Maya
Andrea Burgos,https://realestateplayadelcarmen.com.mx,,https://realestateplayadelcarmen.com.mx/property/3-bedroom-penthouse-in-playacar-004a/,3 Bedroom Penthouse in Playacar 004A - Moskito Real Estate,Land/Lot,723859,USD,3,3,206.48,m2,"Luxury brand-new project inside Playacar gated community, a residential area with one of the highest appreciation in Playa del Carmen. These condos for sale in Playacar, Playa del Carmen will include spectacular amenities, premium finishes and equipment for the new digital lifestyle in all its units. This 3 bedroom, 3 bathroom penthouse for sale in […]",https://storage.googleapis.com/moskito/2023/11/diego.jpg.webp,Mexico,Quintana Roo,Tulum,,,Rent,2,Andrea Burgos; Pilar Reynoso,https://realestateplayadelcarmen.com.mx/property/3-bedroom-penthouse-in-playacar-004a/,Playa del Carmen; Tulum; Other Riviera Maya
Andrea Burgos,https://realestateplayadelcarmen.com.mx,,https://realestateplayadelcarmen.com.mx/property/luxury-playa-del-carmen-real-estate/,Luxury Playa del Carmen Real Estate - 035 - Moskito Real Estate,Land/Lot,520926,USD,4,5,254,m2,"A luxurious real estate development located in the heart of Playa del Carmen, a popular tourist destination in the heart of the Riviera Maya. Built around a major 18-hole golf course and surrounded by a large verdant native jungle that gives rise to the setting for this exceptionally private and gated residential community on the […]",https://storage.googleapis.com/moskito/2023/11/diego.jpg.webp,Mexico,Quintana Roo,Tulum,,,Rent,2,Andrea Burgos; Pilar Reynoso,https://realestateplayadelcarmen.com.mx/property/luxury-playa-del-carmen-real-estate/,Playa del Carmen; Tulum; Other Riviera Maya
Andrea Burgos,https://realestateplayadelcarmen.com.mx,,https://realestateplayadelcarmen.com.mx/property/playa-del-carmen-residential-lots-for-sale-golf-beach-community-208/,Playa del Carmen Residential Lots for Sale | Golf & Beach Community 208 - Moskito Real Estate,Land/Lot,468000,USD,,,390,m2,"Playa del Carmen residential lots for sale in a luxury golf and beach community with private beach club, nature, and resort amenities.",https://storage.googleapis.com/moskito/2023/11/diego.jpg.webp,Mexico,Quintana Roo,Tulum,,,Rent,2,Andrea Burgos; Pilar Reynoso,https://realestateplayadelcarmen.com.mx/property/playa-del-carmen-residential-lots-for-sale-golf-beach-community-208/,Playa del Carmen; Tulum; Other Riviera Maya
Andrea Burgos,https://realestateplayadelcarmen.com.mx,,https://realestateplayadelcarmen.com.mx/property/2-bedroom-lock-off-condos-in-playa-del-carmen-2052bdr/,2-Bedroom Lock-Off Condos in Playa del Carmen | 2052bdr - Moskito Real Estate,Land/Lot,433330,USD,2,2,31,m2,"Condos for sale in Playa del Carmen – Luxury residences near Fifth Avenue, beach access, rooftop, pools & lifestyle amenities.",https://storage.googleapis.com/moskito/2023/11/diego.jpg.webp,Mexico,Quintana Roo,Tulum,,,Rent,2,Andrea Burgos; Pilar Reynoso,https://realestateplayadelcarmen.com.mx/property/2-bedroom-lock-off-condos-in-playa-del-carmen-2052bdr/,Playa del Carmen; Tulum; Other Riviera Maya
Andrea Burgos,https://realestateplayadelcarmen.com.mx,,https://realestateplayadelcarmen.com.mx/property/garden-condos-for-sale-in-playacar-phase-2-126-b/,Garden condos for Sale in Playacar Phase 2 | 126 B - Moskito Real Estate,Land/Lot,418595,USD,2,2,59,m2,"Luxury PH Condo in Playacar with swimming pool, gym, pickle ball and paddle courts, co working area, games area and security 24/7",https://storage.googleapis.com/moskito/2023/11/diego.jpg.webp,Mexico,Quintana Roo,Tulum,,,Rent,4,Andrea Burgos; Pilar Reynoso,https://realestateplayadelcarmen.com.mx/property/condos-for-sale-in-corasol-playa-del-carmen/; https://realestateplayadelcarmen.com.mx/property/garden-condos-for-sale-in-playacar-phase-2-126-b/,Playa del Carmen; Tulum; Other Riviera Maya
Andrea Burgos,https://realestateplayadelcarmen.com.mx,,https://realestateplayadelcarmen.com.mx/property/home-for-sale-in-aldea-serena-playa-del-carmen-198/,"Home for Sale in Aldea Serena, Playa del Carmen - 198 - Moskito Real Estate",Land/Lot,415000,USD,4,4,184.79,m2,"Home for sale in Aldea Serena Playa del Carmen, 4 bedroom villa with club house, swimming pool, gym, coworking area, beautifully decorated",https://storage.googleapis.com/moskito/2023/11/diego.jpg.webp,Mexico,Quintana Roo,Tulum,,,Rent,2,Andrea Burgos; Pilar Reynoso,https://realestateplayadelcarmen.com.mx/property/home-for-sale-in-aldea-serena-playa-del-carmen-198/,Playa del Carmen; Tulum; Other Riviera Maya
Andrea Burgos,https://realestateplayadelcarmen.com.mx,,https://realestateplayadelcarmen.com.mx/property/condos-in-playa-del-carmen-near-beach-turnkey-211/,Condos in Playa del Carmen Near Beach | Turnkey - 211 - Moskito Real Estate,Land/Lot,413000,USD,2,2,,,"Fully furnished condos in Playa del Carmen with strong rental potential, rooftop pool, gym, and prime walkable downtown location.",https://storage.googleapis.com/moskito/2023/11/diego.jpg.webp,Mexico,Quintana Roo,Tulum,,,Rent,2,Andrea Burgos; Pilar Reynoso,https://realestateplayadelcarmen.com.mx/property/condos-in-playa-del-carmen-near-beach-turnkey-211/,Playa del Carmen; Tulum; Other Riviera Maya
Uly Savchenko,https://playadelcarmenrealestatemexico.com,,https://playadelcarmenrealestatemexico.com/riviera-maya-beachfront-properties/,Riviera Maya Beachfront - Living Riviera Maya Real Estate,Land/Lot,395000,USD,2,,,,Riviera Maya Beachfront Real Estate: Find your seaside dream beachfront home or condo in Playa del Carmen and Tulum.,https://storage.googleapis.com/playa2tutlumcom/2024/02/lrm-logo-horizontal-whiteBg-green.jpg.webp,Mexico,Quintana Roo,Tulum,,,Rent,1,Uly Savchenko,https://playadelcarmenrealestatemexico.com/riviera-maya-beachfront-properties/,Playa del Carmen; Tulum; Other Riviera Maya
Uly Savchenko,https://playadelcarmenrealestatemexico.com,,https://playadelcarmenrealestatemexico.com/riviera-maya-hotels-for-sale/,Riviera Maya Hotels for Sale - Living Riviera Maya Real Estate,Land/Lot,769000,USD,2,,,,"Discover top hotels for sale in Riviera Maya, including Playa del Carmen and Tulum, with Living Riviera Maya. Exclusive investment opportunities await!",https://storage.googleapis.com/playa2tutlumcom/2024/02/lrm-logo-horizontal-whiteBg-green.jpg.webp,Mexico,Quintana Roo,Tulum,,,Rent,1,Uly Savchenko,https://playadelcarmenrealestatemexico.com/riviera-maya-hotels-for-sale/,Playa del Carmen; Tulum; Other Riviera Maya
Uly Savchenko,https://playadelcarmenrealestatemexico.com,,https://playadelcarmenrealestatemexico.com/real-estate/2-bedroom-condo-for-sale-in-awa-playacar/,AWA Playacar: 2-Bedroom Condo for Sale in Playa del Carmen - Living Riviera Maya Real Estate,Land/Lot,570000,USD,2,2,142.55,m2,"Explore this 2-Bedroom Condo for Sale in AWA Playacar, fully upgraded with double terrace and ready for you to move in.",https://storage.googleapis.com/playa2tutlumcom/2024/02/Bea.jpg.webp,Mexico,Quintana Roo,Tulum,,,Rent,1,Uly Savchenko,https://playadelcarmenrealestatemexico.com/real-estate/2-bedroom-condo-for-sale-in-awa-playacar/,Playa del Carmen; Tulum; Other Riviera Maya
Uly Savchenko,https://playadelcarmenrealestatemexico.com,,https://playadelcarmenrealestatemexico.com/real-estate/mara-residences-3-bedroom-condo-for-sale-in-playa-del-carmen/,Mara Residences: 3-Bedroom Condo for Sale in Playa Del Carmen - Living Riviera Maya Real Estate,Land/Lot,985000,USD,3,3,,,Explore luxurious living in Mara Residences: 3-Bedroom Condo for Sale in Playa Del Carmen. Perfect investment opportunity in a secure community.,https://storage.googleapis.com/playa2tutlumcom/2024/02/Judi-Shaw.jpg.webp,Mexico,Quintana Roo,Tulum,,,Rent,1,Uly Savchenko,https://playadelcarmenrealestatemexico.com/real-estate/mara-residences-3-bedroom-condo-for-sale-in-playa-del-carmen/,Playa del Carmen; Tulum; Other Riviera Maya
Uly Savchenko,https://playadelcarmenrealestatemexico.com,,https://playadelcarmenrealestatemexico.com/real-estate/casa-blue-rare-house-with-3-apartments-for-sale-in-downtown-playa-del-carmen/,Casa Blue: Rare House with 3 Apartments for Sale in Downtown Playa Del Carmen - Living Riviera Maya Real Estate,Land/Lot,1695000,USD,3,9,,,"This rare house with 3 Apartments for Sale in Downtown Playa Del Carmen. Featuring 3 bedrooms and a pool, and a 3 story apartment building. Ideal for both family living and investment potential.",https://storage.googleapis.com/playa2tutlumcom/2024/02/Judi-Shaw.jpg.webp,Mexico,Quintana Roo,Tulum,,,Rent,1,Uly Savchenko,https://playadelcarmenrealestatemexico.com/real-estate/casa-blue-rare-house-with-3-apartments-for-sale-in-downtown-playa-del-carmen/,Playa del Carmen; Tulum; Other Riviera Maya
Uly Savchenko,https://playadelcarmenrealestatemexico.com,,https://playadelcarmenrealestatemexico.com/real-estate/the-village-101-1-bedroom-condo-for-sale-in-playa-del-carmen/,The Village 101 - 1 Bedroom Condo for Sale in Playa del Carmen - Living Riviera Maya Real Estate,Land/Lot,415000,USD,1,1,50,m2,"For Sale: This stunning 1 Bedroom Condo in Playa del Carmen, featuring beach access in a gated community with strong rental history.",https://storage.googleapis.com/playa2tutlumcom/2024/02/Judi-Shaw.jpg.webp,Mexico,Quintana Roo,Tulum,,,Rent,1,Uly Savchenko,https://playadelcarmenrealestatemexico.com/real-estate/the-village-101-1-bedroom-condo-for-sale-in-playa-del-carmen/,Playa del Carmen; Tulum; Other Riviera Maya
Uly Savchenko,https://playadelcarmenrealestatemexico.com,,https://playadelcarmenrealestatemexico.com/real-estate/furnished-oceanview-2-bedroom-condo-for-sale-in-playa-del-carmen/,Magia Spectacular Oceanview Condo for sale in Playa del Carmen - Living Riviera Maya Real Estate,Land/Lot,395000,USD,2,2,,,"This 2 bedroom oceanview condo in Magia for sale in downtown Playa del Carmen, Quintana Roo, Mexico is a spectacular opportunity. Experience the allure of coastal living with this stunning, furnished 2-bedroom, 2-bathroom oceanview condo in Playa del Carmen. Perfectly situated to blend convenience with luxury, this property offers a unique investment opportunity, especially for […]",https://storage.googleapis.com/playa2tutlumcom/2024/02/Judi-Shaw.jpg.webp,Mexico,Quintana Roo,Tulum,,,Rent,1,Uly Savchenko,https://playadelcarmenrealestatemexico.com/real-estate/furnished-oceanview-2-bedroom-condo-for-sale-in-playa-del-carmen/,Playa del Carmen; Tulum; Other Riviera Maya
Uly Savchenko,https://playadelcarmenrealestatemexico.com,,https://playadelcarmenrealestatemexico.com/real-estate/dk-52-stylish-luxury-penthouse-for-sale-in-downtown-playa/,"""DK 52"" Stylish Luxury Penthouse for Sale in Downtown Playa , Suite Number PH42 - Living Riviera Maya Real Estate",Land/Lot,699000,USD,2,3,,,"Exclusive Stylish Penthouse for Sale in Downtown Playa del Carmen, Quintana Roo, Mexico. Introducing the Luxurious 2-Story Penthouse for Sale in Playa del Carmen’s Downtown! Nestled in the heart of Playa del Carmen, this exclusive penthouse offers an unparalleled living experience. Boasting a prime downtown location, this rare gem is one of only two penthouses […]",https://storage.googleapis.com/playa2tutlumcom/2024/02/Judi-Shaw.jpg.webp,Mexico,Quintana Roo,Tulum,,,Rent,1,Uly Savchenko,https://playadelcarmenrealestatemexico.com/real-estate/dk-52-stylish-luxury-penthouse-for-sale-in-downtown-playa/,Playa del Carmen; Tulum; Other Riviera Maya
Uly Savchenko,https://playadelcarmenrealestatemexico.com,,https://playadelcarmenrealestatemexico.com/real-estate/unique-condo-with-private-pool-2-bedroom-2-level-lock-off-in-playa-del-carmen-for-sale/,"Zilha42 #15.2 - Unique condo with private pool, 2 bedroom, 2 level lock-off in Playa del Carmen for sale - Living Riviera Maya Real Estate",Land/Lot,347500,USD,2,2,1000,sqft,"Modern design on 2 levels, with 2 bedrooms lock-off executive condo for sale in downtown Playa. With a private pool on the terrace. Modern and chic in its design with a private pool on the terrace, this condo has all the bells and whistles for living in Playa del Carmen, comfortably. Or as a great […]",https://storage.googleapis.com/playa2tutlumcom/2024/02/Judi-Shaw.jpg.webp,Mexico,Quintana Roo,Tulum,,,Rent,1,Uly Savchenko,https://playadelcarmenrealestatemexico.com/real-estate/unique-condo-with-private-pool-2-bedroom-2-level-lock-off-in-playa-del-carmen-for-sale/,Playa del Carmen; Tulum; Other Riviera Maya
Uly Savchenko,https://playadelcarmenrealestatemexico.com,,https://playadelcarmenrealestatemexico.com/real-estate/playa-del-carmen-1-bedroom-condo-for-sale-rooftop-pool/,Playa del Carmen 1-Bedroom Condo for Sale - Rooftop Pool - Living Riviera Maya Real Estate,Land/Lot,282000,USD,,1,,,Discover this Playa del Carmen 1-Bedroom Condo for Sale - Rooftop Pool. Prime location and great features await you.,https://storage.googleapis.com/playa2tutlumcom/2024/02/Judi-Shaw.jpg.webp,Mexico,Quintana Roo,Tulum,,,Rent,1,Uly Savchenko,https://playadelcarmenrealestatemexico.com/real-estate/playa-del-carmen-1-bedroom-condo-for-sale-rooftop-pool/,Playa del Carmen; Tulum; Other Riviera Maya
Uly Savchenko,https://playadelcarmenrealestatemexico.com,,https://playadelcarmenrealestatemexico.com/real-estate/furnished-2-bedroom-playa-del-carmen-condo-for-sale-in-downtown/,Furnished 2-Bedroom Playa del Carmen Condo for Sale in Downtown - Living Riviera Maya Real Estate,Land/Lot,350000,USD,,2,,,Discover this Furnished 2-Bedroom Playa del Carmen Condo for Sale in Downtown. Featuring a fully equipped kitchen and more.,https://storage.googleapis.com/playa2tutlumcom/2024/02/Judi-Shaw.jpg.webp,Mexico,Quintana Roo,Tulum,,,Rent,1,Uly Savchenko,https://playadelcarmenrealestatemexico.com/real-estate/furnished-2-bedroom-playa-del-carmen-condo-for-sale-in-downtown/,Playa del Carmen; Tulum; Other Riviera Maya
Uly Savchenko,https://playadelcarmenrealestatemexico.com,,https://playadelcarmenrealestatemexico.com/real-estate/playa-del-carmen-2-bedroom-condo-for-sale-rooftop-solar-panels/,Playa del Carmen 2-Bedroom Condo for Sale - Rooftop Solar Panels - Living Riviera Maya Real Estate,Land/Lot,261000,USD,,2,,,Discover this Playa del Carmen 2-Bedroom Condo for Sale - Rooftop Solar Panels. Enjoy luxury living in a sustainable environment.,https://storage.googleapis.com/playa2tutlumcom/2024/02/Judi-Shaw.jpg.webp,Mexico,Quintana Roo,Tulum,,,Rent,1,Uly Savchenko,https://playadelcarmenrealestatemexico.com/real-estate/playa-del-carmen-2-bedroom-condo-for-sale-rooftop-solar-panels/,Playa del Carmen; Tulum; Other Riviera Maya
Uly Savchenko,https://playadelcarmenrealestatemexico.com,,https://playadelcarmenrealestatemexico.com/real-estate/playa-del-carmen-1-bedroom-condo-for-sale-rooftop-pool-with-panoramic-view/,Playa del Carmen 1-Bedroom Condo for Sale - Rooftop Pool with Panoramic View - Living Riviera Maya Real Estate,Land/Lot,240000,USD,,1,,,"Explore this exquisite Playa del Carmen 1-Bedroom Condo for Sale - Rooftop Pool with Panoramic View. Limited availability, don't miss out!",https://storage.googleapis.com/playa2tutlumcom/2024/02/Judi-Shaw.jpg.webp,Mexico,Quintana Roo,Tulum,,,Rent,1,Uly Savchenko,https://playadelcarmenrealestatemexico.com/real-estate/playa-del-carmen-1-bedroom-condo-for-sale-rooftop-pool-with-panoramic-view/,Playa del Carmen; Tulum; Other Riviera Maya
Uly Savchenko,https://playadelcarmenrealestatemexico.com,,https://playadelcarmenrealestatemexico.com/real-estate/furnished-equipped-2-bedroom-playa-del-carmen-condo-for-sale/,Furnished & Equipped 2-Bedroom Playa del Carmen Condo for Sale - Living Riviera Maya Real Estate,Land/Lot,340000,USD,,2,,,Explore this Furnished & Equipped 2-Bedroom Playa del Carmen Condo for Sale. Featuring a Wellness Center and other Premium Amenities,https://storage.googleapis.com/playa2tutlumcom/2024/02/Judi-Shaw.jpg.webp,Mexico,Quintana Roo,Tulum,,,Rent,1,Uly Savchenko,https://playadelcarmenrealestatemexico.com/real-estate/furnished-equipped-2-bedroom-playa-del-carmen-condo-for-sale/,Playa del Carmen; Tulum; Other Riviera Maya
Uly Savchenko,https://playadelcarmenrealestatemexico.com,,https://playadelcarmenrealestatemexico.com/real-estate/ground-floor-1-bedroom-playa-del-carmen-condo-for-sale-with-wellness-amenities/,Ground Floor 1-Bedroom Playa del Carmen Condo for Sale - Private Garden & Jacuzzi - Living Riviera Maya Real Estate,Land/Lot,250000,USD,,1,,,Explore this Ground Floor 1-Bedroom Playa del Carmen Condo for Sale - Private Garden & Jacuzzi. Featuring high vacation rental demand.,https://storage.googleapis.com/playa2tutlumcom/2024/02/Judi-Shaw.jpg.webp,Mexico,Quintana Roo,Tulum,,,Rent,1,Uly Savchenko,https://playadelcarmenrealestatemexico.com/real-estate/ground-floor-1-bedroom-playa-del-carmen-condo-for-sale-with-wellness-amenities/,Playa del Carmen; Tulum; Other Riviera Maya
BuyPlaya Real Estate Advisors,https://buyplaya.com/,,https://buyplaya.com/property/legacy-by-awa-1-bed-2-2-2/,BuyPlaya Advisors,House,,,,,,,Buyplaya Advisors are your playa del carmen real estate and tulum real estate experts with 20 years of experience successfully assisting foreign investors own property in the riviera maya of mexico,https://buyplaya.com/wp-content/uploads/2023/12/buyplaya-logo100x188.png,Mexico,Quintana Roo,Tulum,,,Unclassified,2,BuyPlaya Real Estate Advisors; Marieke,https://buyplaya.com/property/legacy-by-awa-1-bed-2-2-2/,Playa del Carmen; Tulum; Other Riviera Maya
Gregorio Mendoza,https://gregoriore.com/properties/,,https://gregoriore.com/properties/listing/Austin/3465198/Georgetown/9151-Ranch-Road-2338,"9151 Ranch Road 2338, Georgetown, TX, 78633",Land/Lot,41000000,USD,0,,,,"from mls: Atkinson Ranch at Rocky Hollow is a premier sizeable property located on Williams Drive near Ronald Reagan Blvd., and minutes from downtown Georgetown. This legacy working cattle ranch is nestled in between the communities Gabriel's Grove, North Lake and Parmer Ranch and is waiting to be developed into an exceptional community. Rolling terrain and plentiful legacy Liveoak trees make the ranch perfect for luxury homesites. Ranch consists of three parcels of land, 301 acres, 41.56 acres and 77.98 acres. Only the 301 acres and 41.56 acres are being offered, but the additional 77.98 acre",https://photos.prod.cirrussystem.net/501/85b77ecdc0d647ce1e307a1d231b275e/329921747.jpeg?width=1200&height=630,Mexico,Quintana Roo,Playa del Carmen,,,Unclassified,1,Gregorio Mendoza,https://gregoriore.com/properties/listing/Austin/3465198/Georgetown/9151-Ranch-Road-2338,Playa del Carmen; Other Riviera Maya
Gregorio Mendoza,https://gregoriore.com/properties/,,https://gregoriore.com/properties/listing/NTREIS/20123229/Cresson/7700-Old-Granbury-Road,"7700 Old Granbury Road, Cresson, TX, 76035",Land/Lot,30976807,USD,0,,,,"from mls: Tremendous development opportunity located in the heart of the westward movement. This hard to find 1,674 plus or minus acre parcel is prime for a mixed use development and is locatd only 30 miles from downtown Fort Worth, Texas. Cresson is a rapidly growing area due to its convenient location to Fort Worth via Highway 377, a new loop and ease of railroad accessibility. This tract features rollling terrain and scattered hardwoods providing perfect settings for residential development. 1,300 feet of road frontage and being located less than 1.5 miles from the new loop makes accessibil",https://photos.prod.cirrussystem.net/444/c82c515ec2c4466a5b712c7f6d64cabe/2491680295.jpeg?width=1200&height=630,Mexico,Quintana Roo,Playa del Carmen,,,Unclassified,1,Gregorio Mendoza,https://gregoriore.com/properties/listing/NTREIS/20123229/Cresson/7700-Old-Granbury-Road,Playa del Carmen; Other Riviera Maya
TRE GROUP,https://tulumrealestate.com/en/tre/,,https://tulumrealestate.com/en/playa-del-carmen-properties/,Playa del Carmen properties - Tulum Real Estate,Villa,3921655,USD,3,3,211.9,m2,"propiedades en playa del carmen 282 unidades the leaf Hasta 3 habitaciones · 1 a 3 baños · Hasta 211.9 m² Desde $3,921,655 MXN 24 unidades soleii Hasta 4 habitaciones · 3 a 4 baños · Hasta 322.4 m² Desde $1,299,000 USD 21 unidades CORASOL Hasta 4 habitaciones · Hasta 4 baños · Hasta 200 […]",https://tulumrealestate.com/wp-content/uploads/2024/01/leaf-playa-del-carmen-02.jpg,Mexico,Quintana Roo,Tulum,,,Unclassified,1,TRE GROUP,https://tulumrealestate.com/en/playa-del-carmen-properties/,Playa del Carmen; Tulum; Other Riviera Maya
blue carobbean properties,https://bluecaribbeanproperties.com/mexico-real-estate/villas/,,https://bluecaribbeanproperties.com/ru/%D0%BD%D0%B5%D0%B4%D0%B2%D0%B8%D0%B6%D0%B8%D0%BC%D0%BE%D1%81%D1%82%D1%8C-%D0%B4%D0%BE%D0%BC%D0%B8%D0%BD%D0%B8%D0%BA%D0%B0%D0%BD%D1%81%D0%BA%D0%BE%D0%B9-%D1%80%D0%B5%D1%81%D0%BF%D1%83%D0%B1%D0%BB%D0%B8/%D0%BF%D1%83%D0%BD%D1%82%D0%B0-%D0%BA%D0%B0%D0%BD%D0%B0/,Пунта-Кана Недвижимость - Blue Caribbean Properties,Unknown,,,,,,,"Если Вы ищете недвижимость в Пунта-Кане, мы - идеальный вариант для Вас. Недвижимость в Голубом Карибском море.",https://bluecaribbeanproperties.com/wp-content/uploads/2023/09/punta-cana-beach-2-scaled-1.jpg,Mexico,Quintana Roo,Playa del Carmen,,,Unclassified,1,blue carobbean properties,https://bluecaribbeanproperties.com/ru/%D0%BD%D0%B5%D0%B4%D0%B2%D0%B8%D0%B6%D0%B8%D0%BC%D0%BE%D1%81%D1%82%D1%8C-%D0%B4%D0%BE%D0%BC%D0%B8%D0%BD%D0%B8%D0%BA%D0%B0%D0%BD%D1%81%D0%BA%D0%BE%D0%B9-%D1%80%D0%B5%D1%81%D0%BF%D1%83%D0%B1%D0%BB%D0%B8/%D0%BF%D1%83%D0%BD%D1%82%D0%B0-%D0%BA%D0%B0%D0%BD%D0%B0/,Playa del Carmen; Other Riviera Maya
I Brokers,https://ibrokersmexico.com/en/,,https://ibrokersmexico.com/en/property/evenus-residencias-de-lujo-en-el-corazon-de-la-riviera-maya/,Evenus - Residencias de lujo en el corazón de la Riviera Maya - iBrokers México,House,5040000,USD,4,,192.27,m2,Residencias de lujo en el corazón de la Riviera Maya cada espacio ha sido proyectado bajo una visión profundamente humanista,https://ibrokersmexico.com/wp-content/uploads/2026/06/Evenus.jpg,Mexico,Quintana Roo,Playa del Carmen,,,Unclassified,1,I Brokers,https://ibrokersmexico.com/en/property/evenus-residencias-de-lujo-en-el-corazon-de-la-riviera-maya/,Playa del Carmen; Other Riviera Maya
I Brokers,https://ibrokersmexico.com/en/,,https://ibrokersmexico.com/en/property/saaskun-lotes-sustentables-en-playa-del-carmen/,Saaskun - Lotes sustentables en Playa del Carmen - iBrokers México,House,275000,USD,,,500,m2,"Nuestros lotes sustentables están diseñados para quienes buscan un estilo de vida más consciente, rodeados de vegetación y energía limpia.",https://ibrokersmexico.com/wp-content/uploads/2026/03/Saaskun.jpg,Mexico,Quintana Roo,Tulum,,,Unclassified,1,I Brokers,https://ibrokersmexico.com/en/property/saaskun-lotes-sustentables-en-playa-del-carmen/,Playa del Carmen; Tulum; Other Riviera Maya
I Brokers,https://ibrokersmexico.com/en/,,https://ibrokersmexico.com/en/property/inna-beach-condos-hotel-proyecto-frente-a-la-playa-de-puerto-morelos/,Inna Beach Condos & Hotel - Proyecto frente a la playa de Puerto Morelos - iBrokers México,House,11583695,USD,3,,90.02,m2,"Proyecto frente a la playa de Puerto Morelos - Inna Beach Condos & Hotel, Proyecto frente a la playa de Puerto Morelos - iBrokers",https://ibrokersmexico.com/wp-content/uploads/2025/07/Inna-Beach-Condos-Hotel.jpg,Mexico,Quintana Roo,Playa del Carmen,,,Unclassified,1,I Brokers,https://ibrokersmexico.com/en/property/inna-beach-condos-hotel-proyecto-frente-a-la-playa-de-puerto-morelos/,Playa del Carmen; Puerto Morelos; Other Riviera Maya
I Brokers,https://ibrokersmexico.com/en/,,https://ibrokersmexico.com/en/property/hoxul-increible-desarrollo-en-zona-residencial-de-lujo/,Hoxul - Desarrollo en zona residencial de lujo en Playa del Carmen - iBrokers México,House,13349971,USD,2,,186.34,m2,Increíble desarrollo en zona residencial de lujo con 64 departamentos en su totalidad con unidades de 2 recamaras a 5 habitaciones.,https://ibrokersmexico.com/wp-content/uploads/2025/05/Hoxul.jpg,Mexico,Quintana Roo,Tulum,,,Unclassified,1,I Brokers,https://ibrokersmexico.com/en/property/hoxul-increible-desarrollo-en-zona-residencial-de-lujo/,Playa del Carmen; Tulum; Other Riviera Maya
I Brokers,https://ibrokersmexico.com/en/,,https://ibrokersmexico.com/en/property/la-escondida-lotes-residenciales-de-lujo-en-playa-del-carmen/,La Escondida - Lotes residenciales de lujo en Playa del Carmen - iBrokers México,House,600,USD,3,,726,m2,Zona privada en la selva de Corasol Playa del Carmen encontrarás 33 exclusivos lotes residenciales de lujo.,https://ibrokersmexico.com/wp-content/uploads/2025/05/La-Escondida_.jpg,Mexico,Quintana Roo,Tulum,,,Unclassified,1,I Brokers,https://ibrokersmexico.com/en/property/la-escondida-lotes-residenciales-de-lujo-en-playa-del-carmen/,Playa del Carmen; Tulum; Other Riviera Maya
I Brokers,https://ibrokersmexico.com/en/,,https://ibrokersmexico.com/en/property/palm-villas-residencia-de-lujo-en-playa-del-carmen/,Palm Villas - Residencia de lujo en Playa del Carmen - iBrokers México,House,35750000,USD,5,,507,m2,"Residencia de lujo en Playa del Carmen, cuidadosamente diseñada por la galardonada firma de arquitectos, Sordo Madaleno.",https://ibrokersmexico.com/wp-content/uploads/2025/05/Palm-Villas.jpg,Mexico,Quintana Roo,Tulum,,,Unclassified,1,I Brokers,https://ibrokersmexico.com/en/property/palm-villas-residencia-de-lujo-en-playa-del-carmen/,Playa del Carmen; Tulum; Other Riviera Maya
I Brokers,https://ibrokersmexico.com/en/,,https://ibrokersmexico.com/en/property/the-village-increible-residencial-de-lujo-en-playa-del-carmen/,The Village - Increíble residencial de lujo en Playa del Carmen - iBrokers México,House,7263000,USD,4,,934,m2,Increíble residencial de lujo en Corasol la comunidad residencial privada más importante de la Riviera Maya.,https://ibrokersmexico.com/wp-content/uploads/2025/05/The-Village.jpg,Mexico,Quintana Roo,Tulum,,,Unclassified,1,I Brokers,https://ibrokersmexico.com/en/property/the-village-increible-residencial-de-lujo-en-playa-del-carmen/,Playa del Carmen; Tulum; Other Riviera Maya
I Brokers,https://ibrokersmexico.com/en/,,https://ibrokersmexico.com/en/property/kulkana-gran-proyecto-residencial-en-cancun/,Kulkana - Gran proyecto residencial en Cancún - iBrokers México,House,7300,USD,,,160000,m2,"Es un mega proyecto residencial de tierra y armonía que engloba exclusivas privadas de casas, terrenos o departamentos en más de 300 hectáreas que integran modernidad, amenidades y espacios naturales con paisajismo, vegetación selvática endémica, lago y un diseño arquitectónico excepcional para disfrutar de una vida completa, única en Cancún.",https://ibrokersmexico.com/wp-content/uploads/2025/03/Kulkana.jpg,Mexico,Quintana Roo,Playa del Carmen,,,Unclassified,1,I Brokers,https://ibrokersmexico.com/en/property/kulkana-gran-proyecto-residencial-en-cancun/,Cancun; Playa del Carmen; Other Riviera Maya
I Brokers,https://ibrokersmexico.com/en/,,https://ibrokersmexico.com/en/property/sereia-tower-increible-proyecto-en-segunda-linea-de-mar-en-cancun-mexico/,Sereia Tower - Increíble proyecto en segunda línea de mar en Cancún México - iBrokers México,House,4305941,USD,3,,65.74,m2,"Es un exclusivo desarrollo de lujo de 59 Departamentos de 1,2 y 3 recámaras y 4 Bungalows es una propuesta residencial de lujo pensada para visionarios y amantes de la buena vida, diseñados con altos estándares de calidad y confort, ofreciendo áreas comunes que complementan la experiencia de vivir en un entorno privilegiado.",https://ibrokersmexico.com/wp-content/uploads/2025/03/Sereia.jpg,Mexico,Quintana Roo,Playa del Carmen,,,Unclassified,1,I Brokers,https://ibrokersmexico.com/en/property/sereia-tower-increible-proyecto-en-segunda-linea-de-mar-en-cancun-mexico/,Cancun; Playa del Carmen; Other Riviera Maya
I Brokers,https://ibrokersmexico.com/en/,,https://ibrokersmexico.com/en/property/kiino-exclusivo-proyecto-en-la-zona-hotelera-de-cozumel/,Kiino - Exclusivo proyecto en la zona hotelera de Cozumel - iBrokers México,House,3990000,USD,3,,60000,m2,"Está conformado por 48 departamentos divididos en 2 edificios de 8 módulos estándar cada uno, cada uno tiene un total de 3 pisos libres; uno por nivel.",https://ibrokersmexico.com/wp-content/uploads/2025/02/Kiino.jpg,Mexico,Quintana Roo,Playa del Carmen,,,Unclassified,1,I Brokers,https://ibrokersmexico.com/en/property/kiino-exclusivo-proyecto-en-la-zona-hotelera-de-cozumel/,Playa del Carmen; Other Riviera Maya
I Brokers,https://ibrokersmexico.com/en/,,https://ibrokersmexico.com/en/property/macondo-punta-esmeralda-exclusivo-proyecto-a-unos-pasos-de-la-playa/,Macondo Punta Esmeralda - Exclusivo proyecto a unos pasos de la playa - iBrokers México,House,2838417,USD,,,46.92,m2,"Increíble proyecto en una de las mejores zonas de Playa del Carmen con 33 departamentos tipo estudios y de 1 recamara con acabados de lujo que tu estilo vida requiere, creando que cada unidad sea un faro de elegancia y gusto refinado, encarnado un ambiente de sofisticación y belleza duradera.",https://ibrokersmexico.com/wp-content/uploads/2025/01/Macondo-Punta-Esmeralda.jpg,Mexico,Quintana Roo,Tulum,,,Unclassified,1,I Brokers,https://ibrokersmexico.com/en/property/macondo-punta-esmeralda-exclusivo-proyecto-a-unos-pasos-de-la-playa/,Playa del Carmen; Tulum; Other Riviera Maya
I Brokers,https://ibrokersmexico.com/en/,,https://ibrokersmexico.com/en/property/macando-corazon-exclusivo-proyecto-a-tan-solo-unos-pasos-de-la-quinta-avenida/,Macondo Corazon - Exclusivo proyecto a tan solo unos pasos de la quinta avenida - iBrokers México,House,3950132,USD,1,,40.01,m2,"Increíble proyecto en una de las mejores zonas de Playa del Carmen con 64 departamentos tipo de 1 recamara con acabados de lujo que tu estilo vida requiere, creando que cada unidad sea un faro de elegancia y gusto refinado, encarnado un ambiente de sofisticación y belleza duradera.",https://ibrokersmexico.com/wp-content/uploads/2025/01/Macondo-Corazon.jpg,Mexico,Quintana Roo,Tulum,,,Unclassified,1,I Brokers,https://ibrokersmexico.com/en/property/macando-corazon-exclusivo-proyecto-a-tan-solo-unos-pasos-de-la-quinta-avenida/,Playa del Carmen; Tulum; Other Riviera Maya
I Brokers,https://ibrokersmexico.com/en/,,https://ibrokersmexico.com/en/property/maia-exclusivo-proyecto-en-segunda-linea-de-playa/,Maia - Exclusivo proyecto en segunda línea de playa - iBrokers México,House,2450000,USD,2,,39,m2,"Increíble desarrollo a tan solo unos pasos de la playa de Playa del Carmen, con 54 departamentos en su totalidad, tipo estudios, 1 y 2 recamaras con impresionantes vistas, donde se te entregaran totalmente equipados y llave en mano para llegar y poder disfrutar sin preocuparte de nada más.",https://ibrokersmexico.com/wp-content/uploads/2024/12/Maia.jpg,Mexico,Quintana Roo,Tulum,,,Unclassified,1,I Brokers,https://ibrokersmexico.com/en/property/maia-exclusivo-proyecto-en-segunda-linea-de-playa/,Playa del Carmen; Tulum; Other Riviera Maya
I Brokers,https://ibrokersmexico.com/en/,,https://ibrokersmexico.com/en/property/costera-mamitas-increible-desarrollo-a-solo-unos-pasos-de-la-playa/,Costera Mamitas - Increíble desarrollo a solo unos pasos de la playa - iBrokers México,House,147896,USD,2,,31.41,m2,"Es un desarrollo de lujo que ofrece 54 departamentos de diferentes tipologías, desde estudios hasta unidades de 1 y 2 recámaras, diseñados con acabados elegantes y modernos, que contaran con impresionantes vistas al mar caribe de Playa del Carmen.",https://ibrokersmexico.com/wp-content/uploads/2024/11/Costera-Mamitas-2.jpg,Mexico,Quintana Roo,Tulum,,,Unclassified,1,I Brokers,https://ibrokersmexico.com/en/property/costera-mamitas-increible-desarrollo-a-solo-unos-pasos-de-la-playa/,Playa del Carmen; Tulum; Other Riviera Maya
I Brokers,https://ibrokersmexico.com/en/,,https://ibrokersmexico.com/en/property/anthar-lotes-comerciales-y-residenciales-eco-friendly-en-tulum/,Anthar - Lotes comerciales y residenciales eco friendly en Playa del Carmen - iBrokers México,House,8000,USD,2,,200,m2,"Anthar se presenta como un desarrollo visionario con un master plan excepcional, integrando 422 lotes tanto comerciales como habitacionales que se despliegan a lo largo del terreno ofreciendo una sensación de amplitud y libertad.",https://ibrokersmexico.com/wp-content/uploads/2024/10/Anthar-1.jpg,Mexico,Quintana Roo,Playa del Carmen,,,Unclassified,1,I Brokers,https://ibrokersmexico.com/en/property/anthar-lotes-comerciales-y-residenciales-eco-friendly-en-tulum/,Playa del Carmen; Other Riviera Maya
I Brokers,https://ibrokersmexico.com/en/,,https://ibrokersmexico.com/en/property/montenia-lotes-residenciales-en-playa-del-carmen/,Montenia - Lotes residenciales en Playa del Carmen - iBrokers México,House,8018,USD,3,,160,m2,"Club residencial de los creadores de Valenia y Palmara en Playa del Carmen. Es un fraccionamiento de lotes residenciales diseñado para brindar a sus residentes una vida llena de comodidad, esparcimiento sano, seguridad y diversión en un entorno natural envidiable.",https://ibrokersmexico.com/wp-content/uploads/2024/10/Montenia.jpg,Mexico,Quintana Roo,Playa del Carmen,,,Unclassified,1,I Brokers,https://ibrokersmexico.com/en/property/montenia-lotes-residenciales-en-playa-del-carmen/,Playa del Carmen; Other Riviera Maya
I Brokers,https://ibrokersmexico.com/en/,,https://ibrokersmexico.com/en/property/tierramadre-lotes-residenciales-en-playa-del-carmen/,TierraMadre - Lotes residenciales en Playa del Carmen - iBrokers México,House,7560,USD,2,,12600,m2,Desarrollo de 403 lotes residenciales que ofrece a sus residentes un lugar lleno de actividad física al aire libre.,https://ibrokersmexico.com/wp-content/uploads/2024/10/TierraMadre.jpg,Mexico,Quintana Roo,Tulum,,,Unclassified,1,I Brokers,https://ibrokersmexico.com/en/property/tierramadre-lotes-residenciales-en-playa-del-carmen/,Playa del Carmen; Tulum; Other Riviera Maya
I Brokers,https://ibrokersmexico.com/en/,,https://ibrokersmexico.com/en/property/zonna-increible-proyecto-frente-la-playa/,Zonna - Increíble proyecto frente la playa - iBrokers México,House,9654606,USD,3,,23114,m2,"Exclusivo desarrollo de usos mixtos compuesto por un hotel de lujo con 70 suites, un área residencial con 172 departamentos, 15 villas de lujo y cuatro espacios comerciales, que va más allá de ofrecer un lugar para vivir, con una arquitectura que honra la belleza natural del entorno, con vistas impresionantes y experiencias únicas, donde cada detalle ha sido cuidadosamente diseñado para proporcionar a sus residentes un oasis y un estilo de vida equilibrado.",https://ibrokersmexico.com/wp-content/uploads/2024/10/Zonna-2.jpg,Mexico,Quintana Roo,Playa del Carmen,,,Unclassified,1,I Brokers,https://ibrokersmexico.com/en/property/zonna-increible-proyecto-frente-la-playa/,Playa del Carmen; Other Riviera Maya
I Brokers,https://ibrokersmexico.com/en/,,https://ibrokersmexico.com/en/property/bali-extraordinario-proyecto-en-playa-del-carmen/,Bali - Extraordinario proyecto en Playa del Carmen - iBrokers México,House,3445000,USD,2,,127.70,m2,"Bali Lifestyle es un santuario tropical en el corazón de Playa del Carmen, rodeado de selva con exuberante vegetación y una atmósfera de tranquilidad, a 10 minutos de la playa, con casas y departamentos que ofrecen espacios amplios, iluminación natural, acabados de alta calidad y vistas impresionantes, en un fraccionamiento con amenidades únicas.",https://ibrokersmexico.com/wp-content/uploads/2024/08/Bali.jpg,Mexico,Quintana Roo,Playa del Carmen,,,Unclassified,1,I Brokers,https://ibrokersmexico.com/en/property/bali-extraordinario-proyecto-en-playa-del-carmen/,Playa del Carmen; Other Riviera Maya
I Brokers,https://ibrokersmexico.com/en/,,https://ibrokersmexico.com/en/property/see-towers-impresionante-proyecto-en-cancun/,See Towers - Impresionante proyecto en Cancún - iBrokers México,House,2909850,USD,2,,60.23,m2,"Es un proyecto compuesto por 356 departamentos de 1 y 2 recamaras con terrazas con vista a la laguna Nichupte, divididas en dos torres y un área comercial en Cancún.",https://ibrokersmexico.com/wp-content/uploads/2024/07/See-Towers.jpg,Mexico,Quintana Roo,Playa del Carmen,,,Unclassified,1,I Brokers,https://ibrokersmexico.com/en/property/see-towers-impresionante-proyecto-en-cancun/,Cancun; Playa del Carmen; Other Riviera Maya
I Brokers,https://ibrokersmexico.com/en/,,https://ibrokersmexico.com/en/property/be-x-increible-proyecto-en-playa-del-carmen/,Be X - Increíble proyecto en Playa del Carmen - iBrokers México,House,5589293,USD,,,57.19,m2,"Lujoso desarrollo residencial que promete a través de su diseño y arquitectura, proporcionar a sus distinguidos propietarios momentos extraordinarios rodeados del esplendor natural.",https://ibrokersmexico.com/wp-content/uploads/2024/07/Be-X.jpg,Mexico,Quintana Roo,Playa del Carmen,,,Unclassified,1,I Brokers,https://ibrokersmexico.com/en/property/be-x-increible-proyecto-en-playa-del-carmen/,Playa del Carmen; Other Riviera Maya
I Brokers,https://ibrokersmexico.com/en/,,https://ibrokersmexico.com/en/property/idilik-increible-proyecto-en-el-centro-de-playa-del-carmen/,Idilik - Increíble proyecto en el centro de Playa del Carmen - iBrokers México,House,3158400,USD,2,,51.73,m2,"Condominios residenciales de alta gama con 63 apartamentos de 1 y 2 recamaras, donde cada espacio encarna la excelencia y la calidez.",https://ibrokersmexico.com/wp-content/uploads/2024/06/Idilik.jpg,Mexico,Quintana Roo,Tulum,,,Unclassified,1,I Brokers,https://ibrokersmexico.com/en/property/idilik-increible-proyecto-en-el-centro-de-playa-del-carmen/,Playa del Carmen; Tulum; Other Riviera Maya
I Brokers,https://ibrokersmexico.com/en/,,https://ibrokersmexico.com/en/property/bakaba-departamentos-de-lujo-en-playacar/,Bakaba - Departamentos de lujo en Playacar - iBrokers México,House,3943320,USD,3,,67.80,m2,"Proyecto Residencial subdividido en 4 privadas con un total de 280 departamentos de 1, 2 y 3 recamaras inmersas en setenta mil metros cuadrados de selva virgen con más de cuarenta mil de ellos destinados a áreas verdes y amenidades resultando en un master plan único por su baja densidad que permitirá brindar el entorno para una verdadera vida armoniosa rodeada de naturaleza.",https://ibrokersmexico.com/wp-content/uploads/2024/06/Bakaba.jpg,Mexico,Quintana Roo,Tulum,,,Unclassified,1,I Brokers,https://ibrokersmexico.com/en/property/bakaba-departamentos-de-lujo-en-playacar/,Playa del Carmen; Tulum; Other Riviera Maya
I Brokers,https://ibrokersmexico.com/en/,,https://ibrokersmexico.com/en/property/alux-33-departamentos-de-lujo-frente-al-marina/,Alux 33 - Departamentos de lujo frente a Marina - iBrokers México,House,3884000,USD,2,,53.54,m2,Exclusivo proyecto de 44 departamentos de lujo tipo loft con espacios funcionales y acabados de la región como lo es el chukum,https://ibrokersmexico.com/wp-content/uploads/2024/05/Alux-33.jpg,Mexico,Quintana Roo,Playa del Carmen,,,Unclassified,1,I Brokers,https://ibrokersmexico.com/en/property/alux-33-departamentos-de-lujo-frente-al-marina/,Playa del Carmen; Other Riviera Maya
I Brokers,https://ibrokersmexico.com/en/,,https://ibrokersmexico.com/en/property/tao-nautico-departamentos-de-lujo-frente-al-mar/,Tao Nautico - Departamentos de lujo frente a Marina - iBrokers México,House,162000,USD,1,,31.22,m2,"Exclusivo proyecto residencial con 26 unidades totales con departamentos tipo estudio, 1 recamara y 2 recamaras donde podrás vivir una experiencia del lujo, relajación y alegría con un diseño arquitectónico náutico único e innovador.",https://ibrokersmexico.com/wp-content/uploads/2024/05/Tao-Nautica.jpg,Mexico,Quintana Roo,Playa del Carmen,,,Unclassified,1,I Brokers,https://ibrokersmexico.com/en/property/tao-nautico-departamentos-de-lujo-frente-al-mar/,Playa del Carmen; Other Riviera Maya
I Brokers,https://ibrokersmexico.com/en/,,https://ibrokersmexico.com/en/property/casa-de-piedra-departamentos-de-lujo-en-playa-del-carmen/,Casa de Piedra - Departamentos de lujo en Playa del Carmen - iBrokers México,House,6304160,USD,1,,102,m2,"Este desarrollo multifamiliar con 45 exclusivos departamentos de 1 y 2 y 3 recámaras, townhouses de 4 recámaras y pent-houses de lujo que se distribuyen en tres torres, donde se combina la exclusividad con la belleza natural, ofreciendo un estilo de vida incomparable en un entorno donde la sofisticación y la serenidad convergen, en la zona residencial de mayor crecimiento y plusvalía en Playa del Carmen.",https://ibrokersmexico.com/wp-content/uploads/2024/05/Casa-de-Piedra.jpg,Mexico,Quintana Roo,Tulum,,,Unclassified,1,I Brokers,https://ibrokersmexico.com/en/property/casa-de-piedra-departamentos-de-lujo-en-playa-del-carmen/,Playa del Carmen; Tulum; Other Riviera Maya
I Brokers,https://ibrokersmexico.com/en/,,https://ibrokersmexico.com/en/property/tres-patios-departamentos-de-lujo-en-playa-del-carmen-todo-en-un-solo-espacio/,"Tres Patios - Departamentos de lujo en Playa del Carmen, todo en un solo espacio - iBrokers México",House,3230000,USD,3,,90,m2,Es un nuevo desarrollo de seis departamentos por torre de usos mixtos conformado por espacios habitables y comercios.,https://ibrokersmexico.com/wp-content/uploads/2024/03/Tres-Patios.jpg,Mexico,Quintana Roo,Tulum,,,Unclassified,1,I Brokers,https://ibrokersmexico.com/en/property/tres-patios-departamentos-de-lujo-en-playa-del-carmen-todo-en-un-solo-espacio/,Playa del Carmen; Tulum; Other Riviera Maya
I Brokers,https://ibrokersmexico.com/en/,,https://ibrokersmexico.com/en/property/lomas-aurora-lotes-y-departamentos-residenciales-de-lujo/,Lomas Aurora - Lotes y departamentos residenciales de lujo - iBrokers México,House,2586710,USD,3,,160,m2,"Proyecto de lotes residenciales desde 160 m2 o en un increíble departamento de 2 o 3 recamaras, al igual también disponibles pent-houses de 3 recámaras y roof con alberca privada, con acabados de primera calidad.",https://ibrokersmexico.com/wp-content/uploads/2024/02/Lomas-Aurora.png.jpg,Mexico,Quintana Roo,Playa del Carmen,,,Unclassified,1,I Brokers,https://ibrokersmexico.com/en/property/lomas-aurora-lotes-y-departamentos-residenciales-de-lujo/,Playa del Carmen; Other Riviera Maya
I Brokers,https://ibrokersmexico.com/en/,,https://ibrokersmexico.com/en/property/blas-exclusiva-zona-con-frente-de-playa/,Blas - Exclusiva zona con frente de Playa - iBrokers México,House,708037,USD,2,,139.16,m2,Exclusiva zona con frente de Playa,https://ibrokersmexico.com/wp-content/uploads/2024/02/Blas.png,Mexico,Quintana Roo,Playa del Carmen,,,Unclassified,1,I Brokers,https://ibrokersmexico.com/en/property/blas-exclusiva-zona-con-frente-de-playa/,Playa del Carmen; Other Riviera Maya
Susann Rottloff,https://www.susannrottloff.com,,https://susannrottloff.com/property/elements-114-playa-del-carmen/,ELEMENTS – PLAYA DEL CARMEN – SUSANN ROTTLOFF | REAL ESTATE AGENT IN THE RIVIERA MAYA,Condo/Apartment,579000,USD,000,2,,,,https://susannrottloff.com/wp-content/uploads/2021/05/SusannR_LOGO-01-e1623222526647-removebg-preview.png; https://susannrottloff.com/wp-content/uploads/2021/06/SusannR_LOGO-01.jpg; https://susannrottloff.com/wp-content/uploads/2021/05/sr_logo-02_1.webp; https://susannrottloff.com/wp-content/uploads/2021/05/Logo_High_The_Agency_plain-01_1-2.webp,Mexico,Quintana Roo,Tulum,,,Unclassified,1,Susann Rottloff,https://susannrottloff.com/property/elements-114-playa-del-carmen/,Playa del Carmen; Tulum; Other Riviera Maya
Susann Rottloff,https://www.susannrottloff.com,,https://susannrottloff.com/property/fairmont-residences-1111-playa-del-carmen/,FAIRMONT RESIDENCES 1111 – PLAYA DEL CARMEN – SUSANN ROTTLOFF | REAL ESTATE AGENT IN THE RIVIERA MAYA,Villa,1500000,USD,4,4.5,,,,https://susannrottloff.com/wp-content/uploads/2021/05/SusannR_LOGO-01-e1623222526647-removebg-preview.png; https://susannrottloff.com/wp-content/uploads/2021/06/SusannR_LOGO-01.jpg; https://susannrottloff.com/wp-content/uploads/2021/05/sr_logo-02_1.webp; https://susannrottloff.com/wp-content/uploads/2021/05/Logo_High_The_Agency_plain-01_1-2.webp,Mexico,Quintana Roo,Tulum,,,Unclassified,1,Susann Rottloff,https://susannrottloff.com/property/fairmont-residences-1111-playa-del-carmen/,Playa del Carmen; Tulum; Other Riviera Maya
Susann Rottloff,https://www.susannrottloff.com,,https://susannrottloff.com/property/the-grove-playa-del-carmen/,THE GROVE – PLAYA DEL CARMEN – SUSANN ROTTLOFF | REAL ESTATE AGENT IN THE RIVIERA MAYA,House,323529,USD,529,1,,,,https://susannrottloff.com/wp-content/uploads/2021/05/SusannR_LOGO-01-e1623222526647-removebg-preview.png; https://susannrottloff.com/wp-content/uploads/2021/06/SusannR_LOGO-01.jpg; https://susannrottloff.com/wp-content/uploads/2021/05/sr_logo-02_1.webp; https://susannrottloff.com/wp-content/uploads/2021/05/Logo_High_The_Agency_plain-01_1-2.webp,Mexico,Quintana Roo,Tulum,,,Unclassified,1,Susann Rottloff,https://susannrottloff.com/property/the-grove-playa-del-carmen/,Playa del Carmen; Tulum; Other Riviera Maya
Susann Rottloff,https://www.susannrottloff.com,,https://susannrottloff.com/property/marbella-playa-del-carmen/,MARBELLA – PLAYA DEL CARMEN – SUSANN ROTTLOFF | REAL ESTATE AGENT IN THE RIVIERA MAYA,House,204933,USD,933,1,,,,https://susannrottloff.com/wp-content/uploads/2021/05/SusannR_LOGO-01-e1623222526647-removebg-preview.png; https://susannrottloff.com/wp-content/uploads/2021/06/SusannR_LOGO-01.jpg; https://susannrottloff.com/wp-content/uploads/2021/05/sr_logo-02_1.webp; https://susannrottloff.com/wp-content/uploads/2021/05/Logo_High_The_Agency_plain-01_1-2.webp,Mexico,Quintana Roo,Tulum,,,Unclassified,1,Susann Rottloff,https://susannrottloff.com/property/marbella-playa-del-carmen/,Playa del Carmen; Tulum; Other Riviera Maya
Susann Rottloff,https://www.susannrottloff.com,,https://susannrottloff.com/property/costalina-residences-playa-del-carmen-2/,COSTALINA RESIDENCES – PLAYA DEL CARMEN – SUSANN ROTTLOFF | REAL ESTATE AGENT IN THE RIVIERA MAYA,House,171611,USD,611,1,,,,https://susannrottloff.com/wp-content/uploads/2021/05/SusannR_LOGO-01-e1623222526647-removebg-preview.png; https://susannrottloff.com/wp-content/uploads/2021/06/SusannR_LOGO-01.jpg; https://susannrottloff.com/wp-content/uploads/2021/05/sr_logo-02_1.webp; https://susannrottloff.com/wp-content/uploads/2021/05/Logo_High_The_Agency_plain-01_1-2.webp,Mexico,Quintana Roo,Tulum,,,Unclassified,1,Susann Rottloff,https://susannrottloff.com/property/costalina-residences-playa-del-carmen-2/,Playa del Carmen; Tulum; Other Riviera Maya
Susann Rottloff,https://www.susannrottloff.com,,https://susannrottloff.com/property/the-landmark-playa-del-carmen/,THE LANDMARK – PLAYA DEL CARMEN – SUSANN ROTTLOFF | REAL ESTATE AGENT IN THE RIVIERA MAYA,House,150000,USD,000,1,,,,https://susannrottloff.com/wp-content/uploads/2021/05/SusannR_LOGO-01-e1623222526647-removebg-preview.png; https://susannrottloff.com/wp-content/uploads/2021/06/SusannR_LOGO-01.jpg; https://susannrottloff.com/wp-content/uploads/2021/05/sr_logo-02_1.webp; https://susannrottloff.com/wp-content/uploads/2021/05/Logo_High_The_Agency_plain-01_1-2.webp,Mexico,Quintana Roo,Tulum,,,Unclassified,2,Susann Rottloff,https://susannrottloff.com/property/dk44-deluxe-playa-del-carmen/; https://susannrottloff.com/property/the-landmark-playa-del-carmen/,Playa del Carmen; Tulum; Other Riviera Maya
Susann Rottloff,https://www.susannrottloff.com,,https://susannrottloff.com/property/costalina-residences-playa-del-carmen/,COSTALINA RESIDENCES – PLAYA DEL CARMEN – SUSANN ROTTLOFF | REAL ESTATE AGENT IN THE RIVIERA MAYA,House,145565,USD,565,1,,,,https://susannrottloff.com/wp-content/uploads/2021/05/SusannR_LOGO-01-e1623222526647-removebg-preview.png; https://susannrottloff.com/wp-content/uploads/2021/06/SusannR_LOGO-01.jpg; https://susannrottloff.com/wp-content/uploads/2021/05/sr_logo-02_1.webp; https://susannrottloff.com/wp-content/uploads/2021/05/Logo_High_The_Agency_plain-01_1-2.webp,Mexico,Quintana Roo,Tulum,,,Unclassified,1,Susann Rottloff,https://susannrottloff.com/property/costalina-residences-playa-del-carmen/,Playa del Carmen; Tulum; Other Riviera Maya
Susann Rottloff,https://www.susannrottloff.com,,https://susannrottloff.com/property/casa-club-real-playa-del-carmen/,CASA CLUB REAL – PLAYA DEL CARMEN – SUSANN ROTTLOFF | REAL ESTATE AGENT IN THE RIVIERA MAYA,House,999000,USD,000,4,,,,https://susannrottloff.com/wp-content/uploads/2021/05/SusannR_LOGO-01-e1623222526647-removebg-preview.png; https://susannrottloff.com/wp-content/uploads/2021/06/SusannR_LOGO-01.jpg; https://susannrottloff.com/wp-content/uploads/2021/05/sr_logo-02_1.webp; https://susannrottloff.com/wp-content/uploads/2021/05/Logo_High_The_Agency_plain-01_1-2.webp,Mexico,Quintana Roo,Tulum,,,Unclassified,1,Susann Rottloff,https://susannrottloff.com/property/casa-club-real-playa-del-carmen/,Playa del Carmen; Tulum; Other Riviera Maya
Susann Rottloff,https://www.susannrottloff.com,,https://susannrottloff.com/property/ritz-carlton-playa-del-carmen/,RITZ CARLTON – PLAYA DEL CARMEN – SUSANN ROTTLOFF | REAL ESTATE AGENT IN THE RIVIERA MAYA,House,1800000,USD,000,2,,,,https://susannrottloff.com/wp-content/uploads/2021/05/SusannR_LOGO-01-e1623222526647-removebg-preview.png; https://susannrottloff.com/wp-content/uploads/2021/06/SusannR_LOGO-01.jpg; https://susannrottloff.com/wp-content/uploads/2021/05/sr_logo-02_1.webp; https://susannrottloff.com/wp-content/uploads/2021/05/Logo_High_The_Agency_plain-01_1-2.webp,Mexico,Quintana Roo,Tulum,,,Unclassified,1,Susann Rottloff,https://susannrottloff.com/property/ritz-carlton-playa-del-carmen/,Playa del Carmen; Tulum; Other Riviera Maya
Susann Rottloff,https://www.susannrottloff.com,,https://susannrottloff.com/property/naomi-beach-playa-del-carmen/,NAOMI BEACH – PLAYA DEL CARMEN – SUSANN ROTTLOFF | REAL ESTATE AGENT IN THE RIVIERA MAYA,House,1040040,USD,040,2,,,,https://susannrottloff.com/wp-content/uploads/2021/05/SusannR_LOGO-01-e1623222526647-removebg-preview.png; https://susannrottloff.com/wp-content/uploads/2021/06/SusannR_LOGO-01.jpg; https://susannrottloff.com/wp-content/uploads/2021/05/sr_logo-02_1.webp; https://susannrottloff.com/wp-content/uploads/2021/05/Logo_High_The_Agency_plain-01_1-2.webp,Mexico,Quintana Roo,Tulum,,,Unclassified,1,Susann Rottloff,https://susannrottloff.com/property/naomi-beach-playa-del-carmen/,Playa del Carmen; Tulum; Other Riviera Maya
Susann Rottloff,https://www.susannrottloff.com,,https://susannrottloff.com/property/quaranta-playa-del-carmen/,QUARANTA – PLAYA DEL CARMEN – SUSANN ROTTLOFF | REAL ESTATE AGENT IN THE RIVIERA MAYA,House,188000,USD,200,1,,,,https://susannrottloff.com/wp-content/uploads/2021/05/SusannR_LOGO-01-e1623222526647-removebg-preview.png; https://susannrottloff.com/wp-content/uploads/2021/06/SusannR_LOGO-01.jpg; https://susannrottloff.com/wp-content/uploads/2021/05/sr_logo-02_1.webp; https://susannrottloff.com/wp-content/uploads/2021/05/Logo_High_The_Agency_plain-01_1-2.webp,Mexico,Quintana Roo,Tulum,,,Unclassified,1,Susann Rottloff,https://susannrottloff.com/property/quaranta-playa-del-carmen/,Playa del Carmen; Tulum; Other Riviera Maya
Susann Rottloff,https://www.susannrottloff.com,,https://susannrottloff.com/property/legacy-by-awa-playa-del-carmen/,LEGACY BY AWA – PLAYA DEL CARMEN – SUSANN ROTTLOFF | REAL ESTATE AGENT IN THE RIVIERA MAYA,House,269000,USD,000,1,,,,https://susannrottloff.com/wp-content/uploads/2021/05/SusannR_LOGO-01-e1623222526647-removebg-preview.png; https://susannrottloff.com/wp-content/uploads/2021/06/SusannR_LOGO-01.jpg; https://susannrottloff.com/wp-content/uploads/2021/05/sr_logo-02_1.webp; https://susannrottloff.com/wp-content/uploads/2021/05/Logo_High_The_Agency_plain-01_1-2.webp,Mexico,Quintana Roo,Tulum,,,Unclassified,1,Susann Rottloff,https://susannrottloff.com/property/legacy-by-awa-playa-del-carmen/,Playa del Carmen; Tulum; Other Riviera Maya
Susann Rottloff,https://www.susannrottloff.com,,https://susannrottloff.com/property/costa-celeste-playa-del-carmen/,COSTA CELESTE – PLAYA DEL CARMEN – SUSANN ROTTLOFF | REAL ESTATE AGENT IN THE RIVIERA MAYA,House,194586,USD,586,1,,,,https://susannrottloff.com/wp-content/uploads/2021/05/SusannR_LOGO-01-e1623222526647-removebg-preview.png; https://susannrottloff.com/wp-content/uploads/2021/06/SusannR_LOGO-01.jpg; https://susannrottloff.com/wp-content/uploads/2021/05/sr_logo-02_1.webp; https://susannrottloff.com/wp-content/uploads/2021/05/Logo_High_The_Agency_plain-01_1-2.webp,Mexico,Quintana Roo,Tulum,,,Unclassified,1,Susann Rottloff,https://susannrottloff.com/property/costa-celeste-playa-del-carmen/,Playa del Carmen; Tulum; Other Riviera Maya
Susann Rottloff,https://www.susannrottloff.com,,https://susannrottloff.com/property/punta-laguna-playa-del-carmen/,PUNTA LAGUNA – PLAYA DEL CARMEN – SUSANN ROTTLOFF | REAL ESTATE AGENT IN THE RIVIERA MAYA,House,385000,USD,000,2,,,,https://susannrottloff.com/wp-content/uploads/2021/05/SusannR_LOGO-01-e1623222526647-removebg-preview.png; https://susannrottloff.com/wp-content/uploads/2021/06/SusannR_LOGO-01.jpg; https://susannrottloff.com/wp-content/uploads/2021/05/sr_logo-02_1.webp; https://susannrottloff.com/wp-content/uploads/2021/05/Logo_High_The_Agency_plain-01_1-2.webp,Mexico,Quintana Roo,Tulum,,,Unclassified,1,Susann Rottloff,https://susannrottloff.com/property/punta-laguna-playa-del-carmen/,Playa del Carmen; Tulum; Other Riviera Maya
Susann Rottloff,https://www.susannrottloff.com,,https://susannrottloff.com/property/casa-de-piedra-playa-del-carmen/,CASA DE PIEDRA – PLAYA DEL CARMEN – SUSANN ROTTLOFF | REAL ESTATE AGENT IN THE RIVIERA MAYA,House,998095,USD,664,1,,,,https://susannrottloff.com/wp-content/uploads/2021/05/SusannR_LOGO-01-e1623222526647-removebg-preview.png; https://susannrottloff.com/wp-content/uploads/2021/06/SusannR_LOGO-01.jpg; https://susannrottloff.com/wp-content/uploads/2021/05/sr_logo-02_1.webp; https://susannrottloff.com/wp-content/uploads/2021/05/Logo_High_The_Agency_plain-01_1-2.webp,Mexico,Quintana Roo,Tulum,,,Unclassified,1,Susann Rottloff,https://susannrottloff.com/property/casa-de-piedra-playa-del-carmen/,Playa del Carmen; Tulum; Other Riviera Maya
Susann Rottloff,https://www.susannrottloff.com,,https://susannrottloff.com/property/aldea-muk-playa-del-carmen/,ALDEA MUK – PLAYA DEL CARMEN – SUSANN ROTTLOFF | REAL ESTATE AGENT IN THE RIVIERA MAYA,House,279411.76,USD,76,3,,,,https://susannrottloff.com/wp-content/uploads/2021/05/SusannR_LOGO-01-e1623222526647-removebg-preview.png; https://susannrottloff.com/wp-content/uploads/2021/06/SusannR_LOGO-01.jpg; https://susannrottloff.com/wp-content/uploads/2021/05/sr_logo-02_1.webp; https://susannrottloff.com/wp-content/uploads/2021/05/Logo_High_The_Agency_plain-01_1-2.webp,Mexico,Quintana Roo,Tulum,,,Unclassified,1,Susann Rottloff,https://susannrottloff.com/property/aldea-muk-playa-del-carmen/,Playa del Carmen; Tulum; Other Riviera Maya
Susann Rottloff,https://www.susannrottloff.com,,https://susannrottloff.com/property/paravian-playa-del-carmen/,PARAVIAN – PLAYA DEL CARMEN – SUSANN ROTTLOFF | REAL ESTATE AGENT IN THE RIVIERA MAYA,House,202248,USD,248,1,,,,https://susannrottloff.com/wp-content/uploads/2021/05/SusannR_LOGO-01-e1623222526647-removebg-preview.png; https://susannrottloff.com/wp-content/uploads/2021/06/SusannR_LOGO-01.jpg; https://susannrottloff.com/wp-content/uploads/2021/05/sr_logo-02_1.webp; https://susannrottloff.com/wp-content/uploads/2021/05/Logo_High_The_Agency_plain-01_1-2.webp,Mexico,Quintana Roo,Tulum,,,Unclassified,1,Susann Rottloff,https://susannrottloff.com/property/paravian-playa-del-carmen/,Playa del Carmen; Tulum; Other Riviera Maya
Susann Rottloff,https://www.susannrottloff.com,,https://susannrottloff.com/property/awa-corasol-playa-del-carmen/,AWA – CORASOL – PLAYA DEL CARMEN – SUSANN ROTTLOFF | REAL ESTATE AGENT IN THE RIVIERA MAYA,House,507476,USD,476,2,,,,https://susannrottloff.com/wp-content/uploads/2021/05/SusannR_LOGO-01-e1623222526647-removebg-preview.png; https://susannrottloff.com/wp-content/uploads/2021/06/SusannR_LOGO-01.jpg; https://susannrottloff.com/wp-content/uploads/2021/05/sr_logo-02_1.webp; https://susannrottloff.com/wp-content/uploads/2021/05/Logo_High_The_Agency_plain-01_1-2.webp,Mexico,Quintana Roo,Tulum,,,Unclassified,1,Susann Rottloff,https://susannrottloff.com/property/awa-corasol-playa-del-carmen/,Playa del Carmen; Tulum; Other Riviera Maya
Susann Rottloff,https://www.susannrottloff.com,,https://susannrottloff.com/property/isa-bella-playa-del-carmen/,ISA BELLA – PLAYA DEL CARMEN – SUSANN ROTTLOFF | REAL ESTATE AGENT IN THE RIVIERA MAYA,House,191590,USD,590,1,,,,https://susannrottloff.com/wp-content/uploads/2021/05/SusannR_LOGO-01-e1623222526647-removebg-preview.png; https://susannrottloff.com/wp-content/uploads/2021/06/SusannR_LOGO-01.jpg; https://susannrottloff.com/wp-content/uploads/2021/05/sr_logo-02_1.webp; https://susannrottloff.com/wp-content/uploads/2021/05/Logo_High_The_Agency_plain-01_1-2.webp,Mexico,Quintana Roo,Tulum,,,Unclassified,1,Susann Rottloff,https://susannrottloff.com/property/isa-bella-playa-del-carmen/,Playa del Carmen; Tulum; Other Riviera Maya
Susann Rottloff,https://www.susannrottloff.com,,https://susannrottloff.com/property/distrito-playa-playa-del-carmen/,DISTRITO PLAYA – PLAYA DEL CARMEN – SUSANN ROTTLOFF | REAL ESTATE AGENT IN THE RIVIERA MAYA,Condo/Apartment,176000,USD,000,1,,,,https://susannrottloff.com/wp-content/uploads/2021/05/SusannR_LOGO-01-e1623222526647-removebg-preview.png; https://susannrottloff.com/wp-content/uploads/2021/06/SusannR_LOGO-01.jpg; https://susannrottloff.com/wp-content/uploads/2021/05/sr_logo-02_1.webp; https://susannrottloff.com/wp-content/uploads/2021/05/Logo_High_The_Agency_plain-01_1-2.webp,Mexico,Quintana Roo,Tulum,,,Unclassified,1,Susann Rottloff,https://susannrottloff.com/property/distrito-playa-playa-del-carmen/,Playa del Carmen; Tulum; Other Riviera Maya
Thomas Lloyd,https://www.topmexicorealestate.com/,,https://www.topmexicorealestate.com/LP-promotions/olea-luxury-beach-condos.php?utm_campaign=133&utm_source=banner&utm_medium=807&utm_content=1,Top Mexico Real Estate,Commercial,,,3,4.5,211.94,m2,"Top Mexico Real Estate Mexico like Playa del Carmen real estate, as well as offering unique services to help American and Canadian buyers.",https://www.topmexicorealestate.com/1-images/logo-bco-top.png; https://www.topmexicorealestate.com/1-images/olea-luxury-beach-condos/mapa.webp; https://www.topmexicorealestate.com/1-images/olea-luxury-beach-condos/location1.webp; https://www.topmexicorealestate.com/1-images/olea-luxury-beach-condos/location2.webp; https://www.topmexicorealestate.com//1-images/olea-luxury-beach-condos/mapacrater.webp; https://www.topmexicorealestate.com//1-images/olea-luxury-beach-condos/dino1.webp; https://www.topmexicorealestate.com//1-images/olea-luxury-beach-condos/dino2.webp; https://www.topmexicorealestate.com/1-images/olea-luxury-beach-condos/checkGreen.png,MX,Quintana Roo,Playa del Carmen,,,Unclassified,3,Thomas Lloyd,https://www.topmexicorealestate.com/LP-promotions/olea-luxury-beach-condos.php?utm_campaign=133&utm_source=banner&utm_medium=800&utm_content=1&A; https://www.topmexicorealestate.com/LP-promotions/olea-luxury-beach-condos.php?utm_campaign=133&utm_source=banner&utm_medium=800&utm_content=595&A; https://www.topmexicorealestate.com/LP-promotions/olea-luxury-beach-condos.php?utm_campaign=133&utm_source=banner&utm_medium=807&utm_content=1,Playa del Carmen; Other Riviera Maya
Thomas Lloyd,https://www.topmexicorealestate.com/,,https://www.topmexicorealestate.com/luxury/campeche/listing-50574/?utm_campaign=128&utm_source=banner&utm_medium=787&utm_content=1&A,Top Mexico Real Estate,House,558544,USD,,2,2169,sqft,"Top Mexico Real Estate Mexico like Playa del Carmen real estate, as well as offering unique services to help American and Canadian buyers.",https://photos.topmexicorealestate.com/Listings/50574/50574-6c361b64b7014fb5c50893dbd6cdc80d.jpg,MX,Quintana Roo,Playa del Carmen,,,Unclassified,2,Thomas Lloyd,https://www.topmexicorealestate.com/luxury/campeche/listing-50574/?utm_campaign=128&utm_source=banner&utm_medium=787&utm_content=1&A; https://www.topmexicorealestate.com/luxury/campeche/listing-50574/?utm_campaign=128&utm_source=banner&utm_medium=787&utm_content=595&A,Playa del Carmen; Other Riviera Maya
Gloria Gracida,https://www.aakinmuebles.com,EasyBroker,https://www.aakinmuebles.com/properties/commercial-storage-unit-type?sort_by=published_at-desc,Propiedades en venta Aak Inmuebles,Land/Lot,7000000,USD,,10,407,m2,,https://www.facebook.com/tr?id=6561025893997200&ev=PageView&noscript=1; https://assets.easybroker.com/organization_files/21588/AAk_logo_horizontal_con_gradiente_transparente.png; https://s3.amazonaws.com/assets.moveglobally.com/organization_files/21588/InfoMail.jpg; https://www.aakinmuebles.com/themes/merida/built_in_images/img-merida.png; https://assets.easybroker.com/property_images/6141971/108932577/EB-WP1971.jpeg?height=300&version=1785519005&width=450; https://assets.easybroker.com/property_images/6105546/108154809/EB-WL5546.png?height=300&version=1783801434&width=450; https://assets.easybroker.com/property_images/5379560/92957932/EB-TQ9560.jpeg?height=300&version=1752414145&width=450; https://assets.easybroker.com/property_images/5350116/92374706/EB-TO0116.jpeg?height=300&version=1751414061&width=450,Mexico,Quintana Roo,Playa del Carmen,,,Sale,1,Gloria Gracida,https://www.aakinmuebles.com/properties/commercial-storage-unit-type?sort_by=published_at-desc,Playa del Carmen; Other Riviera Maya
Gloria Gracida,https://www.aakinmuebles.com,EasyBroker,https://www.aakinmuebles.com/property/departamento-en-renta-en-playa-del-carmen-b9780ae4-d48a-4fd7-bc7a-f02c8c98029c,Departamento  en Venta en Playa del Carmen,Condo/Apartment,5250000,USD,2,2,90,m2,"Departamento Amueblado en Venta en Playa del Carmen Precio: $5,250,000 Construcción: 90 m² Distribución: 2 recámaras, 2 baños completos Descripción del Departamento: Este lujoso departamento, compl...",https://assets.easybroker.com/property_images/975219/49485817/EB-CS5219.jpg?height=300&version=1754763402&width=450,Mexico,Quintana Roo,Playa del Carmen,,,Sale,1,Gloria Gracida,https://www.aakinmuebles.com/property/departamento-en-renta-en-playa-del-carmen-b9780ae4-d48a-4fd7-bc7a-f02c8c98029c,Playa del Carmen; Other Riviera Maya
Gloria Gracida,https://www.aakinmuebles.com,EasyBroker,https://www.aakinmuebles.com/property/departamento-amueblado-en-venta-en-residencial-anah-a-2-minutos-de-la-quinta,🔶Departamento amueblado en VENTA en Residencial Anah (a 2 minutos de la quinta,Condo/Apartment,4500000,USD,1,1,66,m2,🔶Departamento amueblado en VENTA en Residencial Anah (a 2 minutos de la quinta avenida) (Piso 3) - Cocina integral equipada+barra desayunadora. - Sala - Baño completo - 1 recámara con clóset - 2 ca...,https://assets.easybroker.com/property_images/6161448/109359982/EB-WR1448.jpg?height=300&version=1786468107&width=450,Mexico,Quintana Roo,Playa del Carmen,,,Sale,1,Gloria Gracida,https://www.aakinmuebles.com/property/departamento-amueblado-en-venta-en-residencial-anah-a-2-minutos-de-la-quinta,Playa del Carmen; Other Riviera Maya
Gerard Allard,https://www.gerardallardpv.com,,https://gerardallardpv.com/idx/2-D-8-Cam-Playa-Carricitos-Casa-Carricitos-Riviera-Nayarit-NA-mls_41847?pg=20&OrderBy=-ListPrice&m=20101117190901935008000000&search_referral_url=https%3A%2F%2Fgerardallardpv.com%2Fproperties%3Fpg%3D20,Allard Realty,Land/Lot,1850000,USD,3,5,8195,m2,"Casa Carricitos — A Private Coastal Sanctuary Overlooking the Pacific in Sayulita Casa Carricitos is a one-of-a-kind oceanview retreat where nature, privacy, and authentic coastal living come toget",https://secure.gravatar.com/avatar/57736a2afc94af145ff19235d2065a32cedf99d36ccce4a435662ee9470ab8d5?s=96&amp;d=mm&amp;r=g,Mexico,Quintana Roo,Playacar,,,Rent,2,Gerard Allard,https://gerardallardpv.com/idx/2-D-8-Cam-Playa-Carricitos-Casa-Carricitos-Riviera-Nayarit-NA-mls_41847?pg=20&OrderBy=-ListPrice&m=20101117190901935008000000&search_referral_url=https%3A%2F%2Fgerardallardpv.com%2Fproperties%3Fpg%3D20; https://gerardallardpv.com/idx/777-CARRETERA-A-BARRA-DE-NAVIDAD-3-1-Casa-Orquideas-Puerto-Vallarta-JA-mls_38120?pg=20&OrderBy=-ListPrice&m=20101117190901935008000000&search_referral_url=https%3A%2F%2Fgerardallardpv.com%2Fproperties%3Fpg%3D20,Playa del Carmen; Puerto Vallarta; Other Riviera Maya
JOSE MARIA JIMENEZ FERNANDEZ,https://jimenezplaza.com/,,https://jimenezplaza.com/Listado/estudio-en-venta-en-av-38-de-playa-del-carmen/,Estudio en Venta en Av. 38 de Playa del Carmen,Unknown,2750000,USD,,1,32,m2,"¿Buscas una propiedad rentable, moderna y con plusvalía asegurada en la Riviera Maya? 💡 Este estudio amueblado en BLU38 es la oportunidad ideal para quienes desean invertir en una de las zonas más coti",https://i0.wp.com/jimenezplaza.com/wp-content/uploads/2025/07/3c067c55-a71a-4cbc-b675-59e4e6a2ef1c-1.jpeg?fit=1280%2C960&ssl=1; https://i0.wp.com/jimenezplaza.com/wp-content/uploads/2025/07/3c067c55-a71a-4cbc-b675-59e4e6a2ef1c-1.jpeg?resize=536%2C370&ssl=1; https://i0.wp.com/jimenezplaza.com/wp-content/uploads/2025/07/3c067c55-a71a-4cbc-b675-59e4e6a2ef1c-1.jpeg?fit=1200%2C900&ssl=1,Mexico,Quintana Roo,Tulum,,,Sale,1,JOSE MARIA JIMENEZ FERNANDEZ,https://jimenezplaza.com/Listado/estudio-en-venta-en-av-38-de-playa-del-carmen/,Playa del Carmen; Tulum; Other Riviera Maya
Shannon Marin,http://www.luxxlifeglobal.com,,https://www.luxxlifeglobal.com/mexico-properties-for-sale,Properties for Sale in Mexico | Luxx Life Global,Land/Lot,199000,USD,313,16,3,sqft,View our exclusive list of mexican luxury properties for sale.,"https://static.wixstatic.com/media/cc9ce1_c795394691094ed890d767ad5a3e2d2f%7Emv2.png/v1/fit/w_2500,h_1330,al_c/cc9ce1_c795394691094ed890d767ad5a3e2d2f%7Emv2.png",Mexico,Quintana Roo,Playa del Carmen,,,Sale,1,Shannon Marin,https://www.luxxlifeglobal.com/mexico-properties-for-sale,Playa del Carmen; Other Riviera Maya
Mariana Buendia,http://soulmaterealtors.com/,Tokko Broker,"https://www.soulmaterealtors.com/p/8563201-Departamento-en-Renta-en-Gonzalo-Guerrero-AV-COZUMEL-Y-CALLE-44,-GONZALO-GUERERO",Departamento en Renta en Gonzalo Guerrero - Gonzalo Guerrero,Condo/Apartment,20000,MXN,3,1,30,m2,"Descubre la joya del Caribe en Playa del Carmen, ubicada en una de las zonas más vibrantes y deseadas: Gonzalo Guerrero. Este moderno departamento de una planta es el lugar perfecto para aquellos que buscan una mezcla de confort y accesibilidad en un entorno paradisíaco. Ubicado en el cuarto piso, disfrutarás de una orientación al este, ideal para recibir la luz matutina mientras tomas tu café en el balcón con vista al valle o al mar. Con solo 3 años de antigüedad, este departamento de estilo moderno ofrece una distribución eficiente con 3 acogedoras habitaciones, 1 suite con closet y 1 baño b",https://static.tokkobroker.com/sm_pics/8563201_111491783855037130636375932306944300298688700667801899716872783915422872799848_og.jpg,Mexico,Quintana Roo,Playa del Carmen,,,Sale,1,Mariana Buendia,"https://www.soulmaterealtors.com/p/8563201-Departamento-en-Renta-en-Gonzalo-Guerrero-AV-COZUMEL-Y-CALLE-44,-GONZALO-GUERERO",Playa del Carmen; Other Riviera Maya
Mariana Buendia,http://soulmaterealtors.com/,Tokko Broker,https://www.soulmaterealtors.com/p/8153439-Departamento-en-Renta-en-Zazil-Ha-avenida-10-entre-calle-38-y-40,Departamento en Renta en Zazil Ha - Zazil Ha,Condo/Apartment,31000,MXN,4,2,193,m2,"Amplio y bello departamento en 1er piso con vista desde la terraza a la alberca, amplia estancia, fresco e iluminado, muy cómodo y funcional. Ubicado en la zona exclusiva de calle 38 y 5ta avenida bis. Amueblado y equipado, listo para habitarse. Equipado con todas las comodidades, enfriador de vinos, purificador de agua, cocina nueva, lava vajillas. Area: Zazil haEdad: 15 añosNúmero de Pisos: 1Metros Construidos: 193 m2Habitaciones: 2Baños: 2Equipamiento: Aires acondicionados, closets, cocina equipada, internet, lavadora y secadora, enfriador de vinos, purificador de agua, closets, tina en bañ",https://static.tokkobroker.com/sm_pics/8153439_45619372475607361407077164557547063255194494629510694222270295366023446345012_og.jpg,Mexico,Quintana Roo,Playa del Carmen,,,Sale,1,Mariana Buendia,https://www.soulmaterealtors.com/p/8153439-Departamento-en-Renta-en-Zazil-Ha-avenida-10-entre-calle-38-y-40,Playa del Carmen; Other Riviera Maya
Mariana Buendia,http://soulmaterealtors.com/,Tokko Broker,https://www.soulmaterealtors.com/p/6244571-Departamento-en-Venta-en-Zazil-Ha-Calle-38-y5ta-avenida-col.-Zazil-ha,Departamento en Venta en Zazil Ha - Zazil Ha,Condo/Apartment,520000,USD,4,2,232,m2,"Departamento, fresco, amplio, moderno y en perfectas condiciones con vista a la 5ta avenida y al area de la alberca. ubicado en el mejor condominio de la ciudad. En la 5ta avenida y calle 38. Rodeado de lugar increíbles para comer, tomar café, tomar una copa, ir a la playa y mucha naturaleza. Área: Via 38 Edad: 11 años Número de Pisos: 1 Metros Terreno: 232 m2 Metros Construidos: 150 m2 + bodega + terraza + estacionamiento Habitaciones: 2 Baños: 2.5 Cajón estacionamiento: 1 (subterráneo) Equipamiento: Aires, ventiladores, closets, cocina equipada, internet x fibra, cortinas anticiclonicas, bod",https://static.tokkobroker.com/sm_pics/84011128_og.jpg,Mexico,Quintana Roo,Playa del Carmen,,,Sale,1,Mariana Buendia,https://www.soulmaterealtors.com/p/6244571-Departamento-en-Venta-en-Zazil-Ha-Calle-38-y5ta-avenida-col.-Zazil-ha,Playa del Carmen; Other Riviera Maya
Mariana Buendia,http://soulmaterealtors.com/,Tokko Broker,https://www.soulmaterealtors.com/p/7917546-Departamento-en-Renta-en-Luis-Donaldo-Colosio-calle-48-entre-10-y-15-ave.-col-colosio-,Departamento en Renta en Luis Donaldo Colosio - Luis Donaldo Colosio,Condo/Apartment,8000,MXN,1,,40,m2,"Amplio estudio, amueblado y equipado en planta baja. Estilo Tuluminati ubicado en el corazon de Playa del Carmen. En la calle 48 entre 10 y 15 avenidas. Cómodo, seguro y fresco estudio, Cama matrimonial, persianas. Cocina completa, closet. Internet IZZI incluido. Baño con agua caliente, ventana con vista a la calle y or ventana al interior del edificio. *NO SE ACEPTAN MASCOTAS* Area: CentroEdad: 3 añosNumero de Pisos: 1Metros Construidos: 45m2EstudioBaños: 1Equipamiento: Aire acondicionado, ventilador, closet, cocina equipada, internet x fibra, protecciones.Amueblado: Si Requisitos RL:1 mes de",https://static.tokkobroker.com/sm_pics/120587512_og.jpg,Mexico,Quintana Roo,Tulum,,,Sale,1,Mariana Buendia,https://www.soulmaterealtors.com/p/7917546-Departamento-en-Renta-en-Luis-Donaldo-Colosio-calle-48-entre-10-y-15-ave.-col-colosio-,Playa del Carmen; Tulum; Other Riviera Maya
Mariana Buendia,http://soulmaterealtors.com/,Tokko Broker,https://www.soulmaterealtors.com/p/8655562-Departamento-en-Renta-en-Zazil-Ha-CALLE-42-ENTRE-5-Y-10-,Departamento en Renta en Zazil Ha - Zazil Ha,Condo/Apartment,22000,MXN,3,1,60,m2,"Ubicado en el corazón de Zazil Ha, Solidaridad, este departamento de construcción reciente ofrece una combinación perfecta de estilo moderno y confort. Situado en la Calle 42 entre 5 y 10, Piso 2, este hogar es ideal para aquellos que buscan una residencia en una ubicación privilegiada de Quintana Roo. Con una antigüedad de solo 6 años, el departamento cuenta con un diseño contemporáneo que se refleja en cada detalle. La propiedad dispone de un dormitorio con clóset, un baño completo y tres habitaciones en total, proporcionando un espacio amplio para el descanso y la vida diaria. La distribuci",https://static.tokkobroker.com/sm_pics/8655562_103732308307864028448435570041075004917189778433740450831677694395514879275790_og.jpg,Mexico,Quintana Roo,Playa del Carmen,,,Sale,2,Mariana Buendia,https://www.soulmaterealtors.com/p/8462413-Departamento-en-Renta-en-Zazil-Ha-Calle-34-entre-av-10-y-20; https://www.soulmaterealtors.com/p/8655562-Departamento-en-Renta-en-Zazil-Ha-CALLE-42-ENTRE-5-Y-10-,Playa del Carmen; Other Riviera Maya
Mariana Buendia,http://soulmaterealtors.com/,Tokko Broker,"https://www.soulmaterealtors.com/p/8654892-Casa-en-Renta-en-Playa-del-Carmen-SEVILLA-6,-EL-ENCUENTRO,-PLAYA-DEL-CARMEN",Casa en Renta en Playa del Carmen - Playa del Carmen,House,37000,MXN,,3,265,m2,"En Soulmate Realtors somos tus aliados, tu alma gemela, tus asesores inmobiliarios con experiencia en ventas y servicio, te llevaremos más allá de tus expectativas.",https://static.tokkobroker.com/sm_pics/8654892_72583251493227643843918389016554794027199405103282864708986635491302147560390_og.jpg,Mexico,Quintana Roo,Playa del Carmen,,,Sale,1,Mariana Buendia,"https://www.soulmaterealtors.com/p/8654892-Casa-en-Renta-en-Playa-del-Carmen-SEVILLA-6,-EL-ENCUENTRO,-PLAYA-DEL-CARMEN",Playa del Carmen; Other Riviera Maya
Mariana Buendia,http://soulmaterealtors.com/,Tokko Broker,https://www.soulmaterealtors.com/p/8648613-Departamento-en-Renta-en-Luis-Donaldo-Colosio-CALLE-48-ENTRE-10-Y-15-AVENIDAS,Departamento en Renta en Luis Donaldo Colosio - Luis Donaldo Colosio,Condo/Apartment,7000,MXN,2,1,30,m2,"Bello y moderno estudio, amueblado y equipado en planta baja. Estilo Tuluminati ubicado en el corazon de Playa del Carmen. En la calle 48 entre 10 y 15 avenidas. Cómodo, seguro y fresco estudio, perfecto para parejas. Camas matrimonial, con TV, persianas. Cocina completa, closet. Internet IZZI incluido. *NO SE ACEPTAN MASCOTAS* Area: CentroEdad: 3 añosNumero de Pisos: 1Metros Construidos: 40m2EstudioBaños: 1Equipamiento: Aire acondicionado, ventilador, closet, cocina equipada, internet x fibra, protecciones.Amueblado: Si Requisitos RL:1 mes de depósito 1 mes de renta $1500 mxn contratoReferenc",https://static.tokkobroker.com/sm_pics/8648613_109905753278636824354349472029509917804234757513668530453217233628923465102909_og.jpg,Mexico,Quintana Roo,Tulum,,,Sale,2,Mariana Buendia,https://www.soulmaterealtors.com/p/7917533-Departamento-en-Renta-en-Luis-Donaldo-Colosio-calle-48-entre-10-y-15-ave; https://www.soulmaterealtors.com/p/8648613-Departamento-en-Renta-en-Luis-Donaldo-Colosio-CALLE-48-ENTRE-10-Y-15-AVENIDAS,Playa del Carmen; Tulum; Other Riviera Maya
Mariana Buendia,http://soulmaterealtors.com/,Tokko Broker,https://www.soulmaterealtors.com/p/8559938-Departamento-en-Renta-en-Fraccionamiento-Ciudad-Mayakoba-lagunas-mayakoba-B403,Departamento en Renta en Fraccionamiento Ciudad Mayakoba - Fraccionamiento Ciudad Mayakoba,Condo/Apartment,19000,MXN,5,2,96,m2,"Descubre un encantador departamento ubicado en el cuarto piso de Lagunas de Mayakoba, ofreciendo una impresionante vista a la selva y un ambiente fresco e iluminado. Este departamento, construido en 2019, se encuentra en la exclusiva zona de Ciudad Mayakoba, un macro condominio en constante desarrollo que cuenta con hospital, universidad, centros comerciales y más. Con una superficie construida de 90 m2, el departamento presenta una distribución funcional con dos cómodas habitaciones, ambas con clósets, y dos baños completos. La cocina está completamente equipada, ideal para los amantes de la ",https://static.tokkobroker.com/sm_pics/8559938_88869925890388889958130429045850045596564179451755905963492570384189146996936_og.jpg,Mexico,Quintana Roo,Playa del Carmen,,,Sale,1,Mariana Buendia,https://www.soulmaterealtors.com/p/8559938-Departamento-en-Renta-en-Fraccionamiento-Ciudad-Mayakoba-lagunas-mayakoba-B403,Playa del Carmen; Other Riviera Maya
Mariana Buendia,http://soulmaterealtors.com/,Tokko Broker,https://www.soulmaterealtors.com/p/8487945-Departamento-en-Renta-en-Gonzalo-Guerrero-calle-36-entre-30-y-35-avenida,Departamento en Renta en Gonzalo Guerrero - Gonzalo Guerrero,Condo/Apartment,20000,MXN,2,1,45,m2,"Encantadoras y modernas suits ubicadas en calle 36 entre 30 y 35 avenidas cntro de Playa del Carmen; amuebladas y equipadas en primer piso. Decoradas con gusto impecable. Comodas y seguras , perfectas para 1 persona o pajeras. Cama King size, con TV, cortinas, closet. Cocineta equipada, baño con canceles.*SE ACEPTAN MASCOTAS PREVIA AUTORIZACION DEL PROPIETARIO Area: CentroEdad: 3 añosNumero de Pisos: 1Metros Construidos: de 40ª 60 m2Habitaciones: 1Baños: 1Equipamiento: Aires, ventiladores, closets, cocineta equipada, internet x fibra, cortinas, TV, blancos.Amueblado: Si Amenidades: Recepcion y",https://static.tokkobroker.com/sm_pics/8487945_103240872324301775186903901736446972698831422580258804507362578438128643022112_og.jpg,Mexico,Quintana Roo,Playa del Carmen,,,Sale,1,Mariana Buendia,https://www.soulmaterealtors.com/p/8487945-Departamento-en-Renta-en-Gonzalo-Guerrero-calle-36-entre-30-y-35-avenida,Playa del Carmen; Other Riviera Maya
Mariana Buendia,http://soulmaterealtors.com/,Tokko Broker,https://www.soulmaterealtors.com/p/8643177-Casa-en-Renta-en-Fraccionamiento-Ciudad-Mayakoba-PARQUE-DEL-RETIRO-42,Casa en Renta en Fraccionamiento Ciudad Mayakoba - Fraccionamiento Ciudad Mayakoba,House,45000,MXN,5,3,300,m2,"Descubre la oportunidad de vivir en la prestigiosa comunidad de Fraccionamiento Ciudad Mayakoba, ubicada en el corazón de Quintana Roo, Solidaridad. Esta casa moderna, ideal para familias, ofrece una experiencia de vida única con un alto potencial para rentar, gracias a su construcción reciente y un diseño arquitectónico conforme a planos. Con una superficie total de 300 m2 distribuidos en dos niveles, esta residencia cuenta con tres amplias suites equipadas con closets, tres baños completos y un medio baño adicional. La casa está diseñada para maximizar el confort y la funcionalidad, incluyen",https://static.tokkobroker.com/sm_pics/8643177_32729495408838985876084009486107354175050742275784299582638901879927580022988_og.jpg,Mexico,Quintana Roo,Playa del Carmen,,,Sale,1,Mariana Buendia,https://www.soulmaterealtors.com/p/8643177-Casa-en-Renta-en-Fraccionamiento-Ciudad-Mayakoba-PARQUE-DEL-RETIRO-42,Playa del Carmen; Other Riviera Maya
Mariana Buendia,http://soulmaterealtors.com/,Tokko Broker,https://www.soulmaterealtors.com/p/7550802-Departamento-en-Venta-en-Playa-del-Carmen-42-norte-y-5ta-avenida,Departamento en Venta en Playa del Carmen - Playa del Carmen,Condo/Apartment,2800000,MXN,3,1,60,m2,"Hermoso e iluminado departamento, ubicado en el mero corazon de la ciudad de Playa del Carmen, 5ta avenida y calle 42. Amueblado y equipado, en tercer piso, con a de la calle 42. Condominio MOMA. Perfecto como inversion de rentas vacaionales, mediano y largo plazo. Cuenta con registro historico de rentas. Amueblado, cama king size y en estancia sofa cama tamaño queen size. Zona: Zona turistica de PDC en col. ZazilhaNúmero de pisos: 1Metros cuadrados: 60m2Habitaciones: 1Baños: 1Estacionamiento subterraneo Equipamiento: Parrilla eléctrica, microondas, refrigerador, AA, ventiladores, TV, closets,",https://static.tokkobroker.com/sm_pics/112390824_og.jpg,Mexico,Quintana Roo,Playa del Carmen,,,Sale,1,Mariana Buendia,https://www.soulmaterealtors.com/p/7550802-Departamento-en-Venta-en-Playa-del-Carmen-42-norte-y-5ta-avenida,Playa del Carmen; Other Riviera Maya
Mariana Buendia,http://soulmaterealtors.com/,Tokko Broker,https://www.soulmaterealtors.com/p/7525934-Departamento-en-Venta-en-Zazil-Ha-calle-42-y-5ta-avenida,Departamento en Venta en Zazil Ha - Zazil Ha,Condo/Apartment,4100000,MXN,5,2,68,m2,"Hermoso e iluminado departamento, ubicado en el mero corazon de la ciudad de Playa del Carmen, 5ta avenida y calle 42. Amueblado y equipado, en segundo piso, con vista a la calle 42. Condominio Anaha la quinta. Perfecto como inversion de rentas vacaionales, mediano y largo plazo. Cuenta con registro historico de rentas. Zona: Zona turistica de PDC en col. ZazilhaNúmero de pisos: 1Metros cuadrados: 68.88m2Habitaciones: 2Baños: 2Estacionamiento subterraneo Equipamiento: Parrilla eléctrica, microondas, refrigerador, AA, ventiladores, TV, closets.Amenidades: Recepción, estacionamiento subterráneo,",https://static.tokkobroker.com/pictures/7525934_28228355567933032237854573900694093901293902966642992475494263669364369850059.jpg,Mexico,Quintana Roo,Playa del Carmen,,,Sale,1,Mariana Buendia,https://www.soulmaterealtors.com/p/7525934-Departamento-en-Venta-en-Zazil-Ha-calle-42-y-5ta-avenida,Playa del Carmen; Other Riviera Maya
Mariana Buendia,http://soulmaterealtors.com/,Tokko Broker,"https://www.soulmaterealtors.com/p/8608776-Casa-en-Venta-en-Playa-del-Carmen-Residencial-Paraiso,-Playa-Bonita",Casa en Venta en Playa del Carmen - Playa del Carmen,House,8000000,MXN,4,4,300,m2,"Magnifica casa ubicada en dos lotes del Residencial Paraiso. Rodeada de vegetación y a unos minutos de la playa. Esta hermosa propiedad fue remodelada y pensada para negocio turístico y hacer renta vacacional. Con 4 amplias habitaciones equipadas y listas para hospedar hasta 14 personas. Espacios amplios y ventilados, lindos acabaos con muros modernos. Cuenta con una pisicna privada perfecta para nado, 2 escaleras, soleadero y palizada en roof.Es una excelente oportunidad de poder disfrutar de este paraíso en una casa espectacular. Área: Residencial ParaisoAño de construccion: 2021Número de Pi",https://static.tokkobroker.com/sm_pics/8608776_74474081726276837152630512474758455272526749785228302478523242764280656724505_og.jpg,Mexico,Quintana Roo,Playa del Carmen,,,Sale,1,Mariana Buendia,"https://www.soulmaterealtors.com/p/8608776-Casa-en-Venta-en-Playa-del-Carmen-Residencial-Paraiso,-Playa-Bonita",Playa del Carmen; Other Riviera Maya
Mariana Buendia,http://soulmaterealtors.com/,Tokko Broker,"https://www.soulmaterealtors.com/p/7985684-Casa-en-Venta-en-Fraccionamiento-Selvamar-sool-village,-selvamar",Casa en Venta en Fraccionamiento Selvamar - Fraccionamiento Selvamar,House,5900000,MXN,8,4,300,m2,"En Soulmate Realtors somos tus aliados, tu alma gemela, tus asesores inmobiliarios con experiencia en ventas y servicio, te llevaremos más allá de tus expectativas.",https://static.tokkobroker.com/pictures/7985684_91973819117445490746857222583828361289642571420444232638124590022746123073861.jpg,Mexico,Quintana Roo,Playa del Carmen,,,Sale,1,Mariana Buendia,"https://www.soulmaterealtors.com/p/7985684-Casa-en-Venta-en-Fraccionamiento-Selvamar-sool-village,-selvamar",Playa del Carmen; Other Riviera Maya
Mariana Buendia,http://soulmaterealtors.com/,Tokko Broker,https://www.soulmaterealtors.com/p/8556747-Casa-en-Venta-en-Playa-del-Sol-farallon-de-pajaros--al-300,Casa en Venta en Playa del Sol - Playa del Sol,House,3200000,MXN,5,2.5,120,m2,"Hermosa casa en condominio con amplios y cómodos espacios. Fresca, equipada y amueblada, cuenta con área techada de lavado, áreas verdes, condominio tranquilo familiar y seguro, excelente ubicación, cerca de la playa en una de las zonas de más crecimiento y plusvalía de la ciudad. Área: Nuevo Playa del SolModelo: ArincoEdad: 8 añosNúmero de Pisos: 2Metros Terreno: 100 m2Metros Construidos: 120 m2Habitaciones: 3Baños: 2.5Cajón estacionamiento: 2Equipamiento: Aires, ventiladores, closets, cocina equipada, persianas.Cuota de mantto: $1415.00 Amenidades: Áreas verdes, alberca, seguridad, palapa pa",https://static.tokkobroker.com/sm_pics/8556747_13769056585480803419826845639431226888069178353065095649456200033458008511018_og.jpg,Mexico,Quintana Roo,Playa del Carmen,,,Sale,1,Mariana Buendia,https://www.soulmaterealtors.com/p/8556747-Casa-en-Venta-en-Playa-del-Sol-farallon-de-pajaros--al-300,Playa del Carmen; Other Riviera Maya
Mariana Buendia,http://soulmaterealtors.com/,Tokko Broker,"https://www.soulmaterealtors.com/p/8365365-Departamento-en-Venta-en-Zazil-Ha-CALLE-38,-5TA-AVE.--PLAYA-DEL-CARMEN,-Q.ROO",Departamento en Venta en Zazil Ha - Zazil Ha,Condo/Apartment,396000,USD,5,2,161,m2,"Descubra el equilibrio perfecto entre discreción, frescura y comodidad en el que es considerado el mejor condominio de la ciudad: Vía 38. Este hermoso y amplio departamento de 161 m² le ofrece un refugio exclusivo y privado, ubicado estratégicamente sobre la icónica Quinta Avenida y la Calle 38, la avenida más arbolada, bonita y cotizada de Playa del Carmen que baja directamente al mar.La propiedad destaca por su diseño práctico y estancias sumamente frescas y luminosas. Cuenta con 2 amplias habitaciones, 2 baños completos y se entrega completamente amueblado y equipado listo para habitar o ge",https://static.tokkobroker.com/sm_pics/8365365_5649258647128734716149437281571154721185633664342860877392364408657383994152_og.jpg,Mexico,Quintana Roo,Playa del Carmen,,,Sale,1,Mariana Buendia,"https://www.soulmaterealtors.com/p/8365365-Departamento-en-Venta-en-Zazil-Ha-CALLE-38,-5TA-AVE.--PLAYA-DEL-CARMEN,-Q.ROO",Playa del Carmen; Other Riviera Maya
Mariana Buendia,http://soulmaterealtors.com/,Tokko Broker,"https://www.soulmaterealtors.com/p/8365026-Casa-en-Venta-en-Encuentro-Residencial-sevilla-6,-el-encuentro,-Playa-del-Carmen,-Q.-Roo",Casa en Venta en Encuentro Residencial - Encuentro Residencial,House,5700000,MXN,,3,265,m2,"Bienvenido a tu oasis en Encuentro Residencial, Playa del Carmen, donde el estilo moderno se encuentra con la comodidad. Esta casa de 160 M2, con orientación noreste, es una joya para aquellos que buscan un lugar para vivir o invertir con alto potencial de renta. Con 6 años de antigüedad, esta propiedad de tres pisos ofrece tres suites con armarios empotrados y tres baños completos, asegurando espacio para toda la familia. La cocina moderna, el amplio living comedor y la terraza son perfectos para disfrutar de reuniones inolvidables. La terraza y el patio trasero con jardín son ideales para re",https://static.tokkobroker.com/sm_pics/8365026_90247153550081548314781648384134578687610708653562841989566974222439290973000_og.jpg,Mexico,Quintana Roo,Playa del Carmen,,,Sale,1,Mariana Buendia,"https://www.soulmaterealtors.com/p/8365026-Casa-en-Venta-en-Encuentro-Residencial-sevilla-6,-el-encuentro,-Playa-del-Carmen,-Q.-Roo",Playa del Carmen; Other Riviera Maya
Mariana Buendia,http://soulmaterealtors.com/,Tokko Broker,"https://www.soulmaterealtors.com/p/8163228-Edificio-Comercial-en-Venta-en-Luis-Donaldo-Colosio-avenida-10-entre-58-y-60-playa-del-carmen,-colosio",Edificio Comercial en Venta en Luis Donaldo Colosio - Luis Donaldo Colosio,Land/Lot,12000000,MXN,,,660,m2,"Ubicado en el vibrante barrio de Luis Donaldo Colosio, Solidaridad, Playa del Carmen, este edificio comercial presenta una oportunidad excepcional para inversores y empresarios. Con un potencial alto para rentar, esta propiedad se encuentra en una zona de gran afluencia, ideal para desarrollar proyectos comerciales o turísticos. El edificio, con una superficie total de 220 m² distribuidos en tres pisos, cuenta con espacios versátiles que incluyen una mini bodega, oficina, sala de reuniones, terraza, balcón terraza, departamento independiente y baño de servicio. El inmueble ofrece servicios ese",https://static.tokkobroker.com/sm_pics/8163228_81917625982657795106133680890815759985760488808506330040594482069840461783739_og.jpg,Mexico,Quintana Roo,Playa del Carmen,,,Sale,1,Mariana Buendia,"https://www.soulmaterealtors.com/p/8163228-Edificio-Comercial-en-Venta-en-Luis-Donaldo-Colosio-avenida-10-entre-58-y-60-playa-del-carmen,-colosio",Playa del Carmen; Other Riviera Maya
Mariana Buendia,http://soulmaterealtors.com/,Tokko Broker,https://www.soulmaterealtors.com/p/7917515-Departamento-en-Renta-en-Playa-del-Carmen-calle-48-enre-10-y-15-av.-Col-Colosio,Departamento en Renta en Playa del Carmen - Playa del Carmen,Land/Lot,18000,MXN,5,2,80,m2,"Bello y moderno departamento, amueblado y equipado en planta alta, con amplia terraza. Estilo Tuluminati ubicado en el corazon de Playa del Carmen. En la calle 48 entre 10 y 15 avenidas. Comodo, seguro y amplio, perfecto para 4 personas o 2 pajeras. Camas matriminial, con TV, terreza ameblada, cortinas. Cocina completa, closets. Centro de lavado, Internet IZZI incluido. DISPONIBLE A PARTIR DEL 29 DE ABRIL 2026 *NO SE ACEPTAN MASCOTAS* Area: CentroEdad: 3 añosNumero de Pisos: 1Metros Construidos: 100m2Habitaciones: 2Baños: 1Equipamiento: Aires, ventiladores, closets, cocina equipada, internet x",https://static.tokkobroker.com/sm_pics/120586749_og.jpg,Mexico,Quintana Roo,Tulum,,,Sale,1,Mariana Buendia,https://www.soulmaterealtors.com/p/7917515-Departamento-en-Renta-en-Playa-del-Carmen-calle-48-enre-10-y-15-av.-Col-Colosio,Playa del Carmen; Tulum; Other Riviera Maya
Mariana Buendia,http://soulmaterealtors.com/,Tokko Broker,"https://www.soulmaterealtors.com/p/8152800-Departamento-en-Venta-en-Zazil-Ha-av-CTM-y-1ra-norte---Zazilha,-Playa-del-Carmen",Departamento en Venta en Zazil Ha - Zazil Ha,Condo/Apartment,2500000,MXN,2,1,49,m2,"¡Bienvenidos a su nuevo hogar en el corazón de Playa del Carmen! Este encantador departamento, ubicado en la codiciada zona de Zazil Ha, ofrece lo mejor de la vida moderna a solo pasos del Caribe mexicano. Con 6 años de antigüedad, este espacio combina diseño contemporáneo y confort en un solo nivel. Disfrute de la comodidad de un departamento amueblado, con aire acondicionado individual y refrigeración split. La distribución cuenta con 2 recámaras bien equipadas, cada una con armarios empotrados, y un baño completo. Las ventanas de aluminio con doble acristalamiento y aislamiento acústico gar",https://static.tokkobroker.com/sm_pics/8152800_61012787604194902943843705453403883308310458944210549894203716315587445981990_og.jpg,Mexico,Quintana Roo,Playa del Carmen,,,Sale,1,Mariana Buendia,"https://www.soulmaterealtors.com/p/8152800-Departamento-en-Venta-en-Zazil-Ha-av-CTM-y-1ra-norte---Zazilha,-Playa-del-Carmen",Playa del Carmen; Other Riviera Maya
Mariana Buendia,http://soulmaterealtors.com/,Tokko Broker,"https://www.soulmaterealtors.com/p/7283917-Casa-en-Venta-en-Fraccionamiento-Ciudad-Mayakoba-PARQUE-DEL-RETIRO,-SENDEROS-MAYAKOBA",Casa en Venta en Fraccionamiento Ciudad Mayakoba - Fraccionamiento Ciudad Mayakoba,House,8700000,MXN,10,3,300,m2,"Hermosa casa ubicada en Senderos Mayakoba, zona residencial de alta plusvalía en la zona norte de la ciudad de Playa del Carmen, a unos minutos de playa Xcalacoco. Con acabados de lujo estilo tuluminati en colores neutros con maderas de la zona. Alberca privada con bello jardín y terraza en segundo piso con pequeña alberca adicional. Cuanta con 2 habitaciones en planta baja y un Master suite en planta alta, con baño privado, walking closet y acceso directo a la terraza con jacuzzi.Entrada espectacular de acceso a la casa. Sala-comedor en plano abierto, cocina con barra desayunadorade cuarzo, á",https://static.tokkobroker.com/sm_pics/109800889_og.jpg,Mexico,Quintana Roo,Tulum,,,Sale,1,Mariana Buendia,"https://www.soulmaterealtors.com/p/7283917-Casa-en-Venta-en-Fraccionamiento-Ciudad-Mayakoba-PARQUE-DEL-RETIRO,-SENDEROS-MAYAKOBA",Playa del Carmen; Tulum; Other Riviera Maya
Mariana Buendia,http://soulmaterealtors.com/,Tokko Broker,https://www.soulmaterealtors.com/p/7890558-Departamento-en-Venta-en-Zazil-Ha-calle-38---C-14,Departamento en Venta en Zazil Ha - Zazil Ha,Condo/Apartment,777000,USD,,3,255,m2,"Espectacular Pent House de 2 pisos mas roof top con jacuzzi. Amplio, fresco y muy luminoso, totalmente amueblado, con la mejor ubicación de la ciudad en el mejor condominio de la ciudad. En la 5ta avenida y calle 38. Rodeado de lugares increíbles para comer, tomar café, tomar una copa, ir a la playa y mucha naturaleza. Área: Via 38Año de construcción: 2007Número de Pisos: 3Metros Construidos: 255 m2Habitaciones: 3 + sala de TVBaños: 4Cajón estacionamiento: 1 (subterráneo)Equipamiento: Aires, ventiladores, closets, cocina equipada, internet x fibra, cortinas, bodega, centro de lavado.Amueblado:",https://static.tokkobroker.com/sm_pics/119982741_og.jpg,Mexico,Quintana Roo,Playa del Carmen,,,Sale,1,Mariana Buendia,https://www.soulmaterealtors.com/p/7890558-Departamento-en-Venta-en-Zazil-Ha-calle-38---C-14,Playa del Carmen; Other Riviera Maya
Mariana Buendia,http://soulmaterealtors.com/,Tokko Broker,https://www.soulmaterealtors.com/p/6244344-Departamento-en-Venta-en-Zazil-Ha-CALLE-38-Y-5TA-AVENIDA-PLAYA-DEL-CARMEN,Departamento en Venta en Zazil Ha - Zazil Ha,Condo/Apartment,435000,USD,5,2,178,m2,"Hermoso departamento, discreto, practico, fresco y amplio departamento, con vista a a la alberca y a la 5ta avenida, ubicado en el mejor condominio de la ciudad. En la 5ta avenida y calle 38. Rodeado de lugar increíbles para comer, tomar café, tomar una copa, ir a la playa y mucha naturaleza. Área: Via 38 Edad: 15 años Número de Pisos: 1 Metros Terreno: 178.54 m2 Metros Construidos: 131 m2 + bodega + estacionamiento + terraza Habitaciones: 2 Baños: 2.5 Cajón estacionamiento: 1 (subterráneo) Equipamiento: Aires, ventiladores, closets, cocina equipada, internet x fibra, cortinas, protecciones, b",https://static.tokkobroker.com/sm_pics/84006087_og.jpg,Mexico,Quintana Roo,Playa del Carmen,,,Sale,1,Mariana Buendia,https://www.soulmaterealtors.com/p/6244344-Departamento-en-Venta-en-Zazil-Ha-CALLE-38-Y-5TA-AVENIDA-PLAYA-DEL-CARMEN,Playa del Carmen; Other Riviera Maya
Mariana Buendia,http://soulmaterealtors.com/,Tokko Broker,https://www.soulmaterealtors.com/p/6439115-Departamento-en-Venta-en-Zazil-Ha-Calle-38-y-5ta-avenida-Playa-del-Carmen-,Departamento en Venta en Zazil Ha - Zazil Ha,Condo/Apartment,535000,USD,4,2,253,m2,"Hermoso departamento, fresco y amplio departamento, con roof top y jacuzzi, con vista a la calle 38, ubicado en el mejor condominio de la ciudad. En la 5ta avenida y calle 38. Rodeado de lugar increíbles para comer, tomar café, tomar una copa, ir a la playa y mucha naturaleza. Área: Via 38 Edad: 15 años Número de Pisos: 2 Metros Terreno: 253 m2 Metros Construidos: 125 m2 + bodega + terraza + estacionamiento Habitaciones: 2 Baños: 2 Cajón estacionamiento: 1 (subterráneo) Equipamiento: Aires, ventiladores, closets, cocina equipada, internet x fibra, cortinas, protecciones, bodega, centro de lava",https://static.tokkobroker.com/sm_pics/87945939_og.jpg,Mexico,Quintana Roo,Playa del Carmen,,,Sale,1,Mariana Buendia,https://www.soulmaterealtors.com/p/6439115-Departamento-en-Venta-en-Zazil-Ha-Calle-38-y-5ta-avenida-Playa-del-Carmen-,Playa del Carmen; Other Riviera Maya
Mariana Buendia,http://soulmaterealtors.com/,Tokko Broker,https://www.soulmaterealtors.com/p/4200078-Terreno-en-Venta-en-Playa-del-Carmen-Pueblo-de-Sacbe,Terreno en Venta en Playa del Carmen - Playa del Carmen,Land/Lot,1000000,MXN,,,500,m2,"Lindo y frondoso terreno en fraccionamiento ecológico en Pueblo Sacbe. Donde las calles e infraestructura se planearon para generar el menor impacto en la naturaleza. Paneles solares, biodigestores, agua de pozo. Cenotes, selva y fauna que enriquecen nuestra comunidad. Ubicado a solo 10 minutos de la playa mas cercana. Área: Pueblo Sacbe Metros Terreno: 498 m2 Frente: 25m Fondo: 20m Amenidades Vigilancia 24 hrs, áreas verdes, cenote, templo En Soulmate Realtors somos tus aliados, tu alma gemela, tus asesores inmobiliarios con experiencia en ventas y servicio, te llevaremos más allá de tus expe",https://static.tokkobroker.com/sm_pics/117269047_og.jpg,Mexico,Quintana Roo,Playa del Carmen,,,Sale,1,Mariana Buendia,https://www.soulmaterealtors.com/p/4200078-Terreno-en-Venta-en-Playa-del-Carmen-Pueblo-de-Sacbe,Playa del Carmen; Other Riviera Maya
Mariana Buendia,http://soulmaterealtors.com/,Tokko Broker,https://www.soulmaterealtors.com/p/7383938-Terreno-en-Venta-en-Playa-del-Carmen-PUEBLO-SCABE-4,Terreno en Venta en Playa del Carmen - Playa del Carmen,Land/Lot,600000,MXN,,,456,m2,"Lindo y frondoso terreno en fraccionamiento ecológico en Pueblo Sacbe. LISTO PARA ESCRITURAR. Donde las calles e infraestructura se planearon para generar el menor impacto en la naturaleza. Paneles solares, biodigestores, agua de pozo. Cenotes, selva y fauna que enriquecen nuestra comunidad. Ubicado a solo 14 minutos de la playa mas cercana. Terreno listo para escriturar. Área: Pueblo SacbeMetros Terreno: 456m2Frente: 18.45mFondo: 24.68m AmenidadesVigilancia 24 hrs, áreas verdes, cenote, templo En Soulmate Realtors somos tus aliados, tu alma gemela, tus asesores inmobiliarios con experiencia e",https://static.tokkobroker.com/sm_pics/115117771_og.jpg,Mexico,Quintana Roo,Playa del Carmen,,,Sale,1,Mariana Buendia,https://www.soulmaterealtors.com/p/7383938-Terreno-en-Venta-en-Playa-del-Carmen-PUEBLO-SCABE-4,Playa del Carmen; Other Riviera Maya
Mariana Buendia,http://soulmaterealtors.com/,Tokko Broker,"https://www.soulmaterealtors.com/p/6530485-Terreno-en-Venta-en-Playa-del-Sol-Avenida-XELHA-,-Playa-del-Sol",Terreno en Venta en Playa del Sol - Playa del Sol,Land/Lot,8900000,MXN,,,1590,m2,"Terreno mixto barrial, ubicado en Av. Xel-Ha, Playa del Sol. Ideal para construir plazas comerciales y/o departamento ubicado en una avenida muy transitada y en una zona en pleno desarrollo. Es perfecto para planes de inversion inmediata a una cuadra de la zona comercial del Peten y la Guadalupana. Entre Donosusa y el centro de salud, cuenta con todos los servicios y escrituras. Área: Playa del Sol Tipo de terreno: Mixto Barrial Metros Terreno: 1590 m2 Frente: 75m Fondo: 21.02m Cos: 0.25 Cus: 0.75 Zona La zona norte de la ciudad de Playa del Carmen es ideal para iniciar un proyecto comercial, ",https://static.tokkobroker.com/sm_pics/89855618_og.jpg,Mexico,Quintana Roo,Playa del Carmen,,,Sale,1,Mariana Buendia,"https://www.soulmaterealtors.com/p/6530485-Terreno-en-Venta-en-Playa-del-Sol-Avenida-XELHA-,-Playa-del-Sol",Playa del Carmen; Other Riviera Maya
Mariana Buendia,http://soulmaterealtors.com/,Tokko Broker,https://www.soulmaterealtors.com/p/7104217-Terreno-en-Venta-en-Fraccionamiento-Ciudad-Mayakoba-senderos-mayakoba,Terreno en Venta en Fraccionamiento Ciudad Mayakoba - Fraccionamiento Ciudad Mayakoba,Land/Lot,2300000,MXN,,,300,m2,"Lindo y frondoso terreno dentro del fraccionamiento de senderos. Rodeado de hermosa naturleza y bellas construcciones. Área: Senderos Tipo de terreno: residencial Metros Terreno: 300 m2 Frente : 12 m Fondo: 12 m Largo: 25 m Zona Este bello lote se encuentra dentro del magnifico y exclusivo residencial de Senderos en la calle parque DEL RETIRO a unospasos del terreno empieza un sendero directo al area de juegos. Con doble acceso y casetas de vigilancia 24hrs. Senderos peatonales entre lotes, area infantil segura con juegos, fuente, baños y areas verdes. Las construcciones que aquí se desarrolla",https://static.tokkobroker.com/sm_pics/102805403_og.jpg,Mexico,Quintana Roo,Playa del Carmen,,,Sale,1,Mariana Buendia,https://www.soulmaterealtors.com/p/7104217-Terreno-en-Venta-en-Fraccionamiento-Ciudad-Mayakoba-senderos-mayakoba,Playa del Carmen; Other Riviera Maya
Mariana Buendia,http://soulmaterealtors.com/,Tokko Broker,"https://www.soulmaterealtors.com/p/7076196-Rancho-en-Venta-en-Dzilam-de-Bravo--Dzilam-Bravo,-Yucatan",Rancho en Venta en Dzilam de Bravo - Dzilam de Bravo,Land/Lot,14000000,MXN,,,,,"Frondoso y productivo rancho apicola ubicado en el hermoso estado de Yucatan, a 6km de Dzilam Bravo , ubicado cerca de la costa yucateca, con 3 apiarios organicos que producen aproximandamente 500 kilos de miel mensual y con proyeccion de crecimiento, con 3 corrales grandes, 4 pozos, tinaco de 30,000 lt para riego de presion, casa de mamposteria de 4x12, corredor, comederos, bebederos y columnas de concreto para sombradero. Área: Dzilam Bravo Metros Terreno: 89.6 ha Documentos: Parcela con tramite de dominio pleno, documentos en regla. Certificados de SAGARPA de la elaboración de miel En Soulm",https://static.tokkobroker.com/sm_pics/102131922_og.jpg,Mexico,Quintana Roo,Playa del Carmen,,,Sale,1,Mariana Buendia,"https://www.soulmaterealtors.com/p/7076196-Rancho-en-Venta-en-Dzilam-de-Bravo--Dzilam-Bravo,-Yucatan",Playa del Carmen; Other Riviera Maya
Stan Sanchez,https://www.stansellsrealestate.com,,https://stansellsrealestate.com/luxury-properties/zonna-playa-del-carmen-beachfront-condos-for-sale,Luxury Zonna 3-bedroom Condo for sale - Playa Del Carmen,Land/Lot,1713431,USD,3,,3498,sqft,"Own a luxury 3-bedroom condo in Zonna, Playa Del Carmen. Modern design, top amenities, and prime location just minutes from the beach. Schedule a visit now!",https://assets.cdn.filesafe.space/yYRRmrNqCh42xPTV1dMX/media/6850b40cd97df5a4676945ef.jpeg,Mexico,Quintana Roo,Tulum,,,Sale,1,Stan Sanchez,https://stansellsrealestate.com/luxury-properties/zonna-playa-del-carmen-beachfront-condos-for-sale,Playa del Carmen; Tulum; Other Riviera Maya
Stan Sanchez,https://www.stansellsrealestate.com,,https://stansellsrealestate.com/lots-land/lomas-aurora-lots-for-sale-playa-del-carmen,"Lomas Aurora Lots, Land and Apartments for Sale - Playa del Carmen",Land/Lot,50000,USD,,,225,m2,"Explore Lomas Aurora real estate in Playa del Carmen. Discover lots, land, and apartments for sale in a prime location with great investment value.",https://assets.cdn.filesafe.space/yYRRmrNqCh42xPTV1dMX/media/684b61f0080b4d176a7054ea.jpeg,Mexico,Quintana Roo,Playa del Carmen,,,Sale,1,Stan Sanchez,https://stansellsrealestate.com/lots-land/lomas-aurora-lots-for-sale-playa-del-carmen,Playa del Carmen; Other Riviera Maya
Stan Sanchez,https://www.stansellsrealestate.com,,https://stansellsrealestate.com/lots-land/valenia-243-roble-lots-for-sale-playa-del-carmen,Valenia 243 Roble Lots for Sale Playa del Carmen – Build Your Dream Home,Land/Lot,2600000,USD,,,329.87,m2,Explore premium lots for sale at Valenia 243 Roble in Playa del Carmen. Ideal for building your dream home or investment property,https://assets.cdn.filesafe.space/yYRRmrNqCh42xPTV1dMX/media/684b558f021f425ca8be880d.jpeg,Mexico,Quintana Roo,Playa del Carmen,,,Sale,1,Stan Sanchez,https://stansellsrealestate.com/lots-land/valenia-243-roble-lots-for-sale-playa-del-carmen,Playa del Carmen; Other Riviera Maya
Stan Sanchez,https://www.stansellsrealestate.com,,https://stansellsrealestate.com/lots-land/punta-paraiso-beach-lagoon-lots-for-sale,Punta Paraíso Beach & Lagoon Lots for Sale - Riviera Maya Real Estate Mexico,Land/Lot,710000,USD,,,6393.76,sqft,"Explore Punta Paraíso beach & lagoon lots for sale in Riviera Maya, Mexico. Prime location for investment in luxury coastal real estate.",https://assets.cdn.filesafe.space/yYRRmrNqCh42xPTV1dMX/media/6834ffeaaf0e813af82a97f1.png,Mexico,Quintana Roo,Playa del Carmen,,,Sale,1,Stan Sanchez,https://stansellsrealestate.com/lots-land/punta-paraiso-beach-lagoon-lots-for-sale,Playa del Carmen; Other Riviera Maya
Petra Lamadrid,https://tropicarealty.com,,https://tropicarealty.com/propiedades/fenomenal-casa-en-renta-ojo-rooftop-con-alberca-privada/,Tropica Real Estate,House,,,3,,,,Tropica Realty,https://tropicarealty.com/wp-content/uploads/2026/08/7b7d1aeb-bcc2-4301-9d72-9f236eb7eb00.jpg,Mexico,Quintana Roo,Playa del Carmen,,,Sale,1,Petra Lamadrid,https://tropicarealty.com/propiedades/fenomenal-casa-en-renta-ojo-rooftop-con-alberca-privada/,Playa del Carmen; Other Riviera Maya
Petra Lamadrid,https://tropicarealty.com,,https://tropicarealty.com/propiedades/un-pedacito-de-naturaleza-privacidad-y-calidad-de-vida-en-la-riviera-maya/,Tropica Real Estate,Land/Lot,,,,,206,m2,Tropica Realty,https://tropicarealty.com/wp-content/uploads/2026/08/IMG_8668-1.jpeg,Mexico,Quintana Roo,Playa del Carmen,,,Sale,1,Petra Lamadrid,https://tropicarealty.com/propiedades/un-pedacito-de-naturaleza-privacidad-y-calidad-de-vida-en-la-riviera-maya/,Playa del Carmen; Other Riviera Maya
Luly Meza Conde,https://www.cozumelvista.com,,https://www.cozumelvista.com/property/for-sale/playa-del-carmen-real-estate/the-city-condos-by-menesse-1105,THE CITY CONDOS by Menesse Condo 1105 | Playa del Carmen Real Estate  | Cozumel Vista,Condo/Apartment,300000,USD,2,2,77.62,m2,"Condo 1105, The City Condos by Menesse, Playa del Carmen. Fully furnished 2-bedroom, 2-bath lock-off condo in one of Playa’s most desirable developments. Steps from 5th Avenue and the beach, it features a modern design, terrace, and underground parking. Enjoy pools, gym, spa, cinema, and 24-hr security, ideal for living or rental investment.","https://static.wixstatic.com/media/3d815d_7943f8f2ccdd4bddabd9a64f25950ec1~mv2.png/v1/fill/w_40,h_40,al_c,q_85,usm_0.66_1.00_0.01,enc_avif,quality_auto/3d815d_7943f8f2ccdd4bddabd9a64f25950ec1~mv2.png; https://static.wixstatic.com/media/3d815d_6c3d1c4da430404698d2e528eb0455b0~mv2.png/v1/fill/w_40,h_40,al_c,q_85,usm_0.66_1.00_0.01,enc_avif,quality_auto/3d815d_6c3d1c4da430404698d2e528eb0455b0~mv2.png; https://static.wixstatic.com/media/3d815d_6cfe692f095e4c1bb146c14e418c45bd~mv2.png/v1/fill/w_780,h_139,al_c,q_85,usm_0.66_1.00_0.01,enc_avif,quality_auto/Banner%20Webpage.png; https://static.wixstatic.com/media/3d815d_cfcfe02b59544535ab489202a1a5599f~mv2.png/v1/crop/x_0,y_366,w_2000,h_1282/fill/w_165,h_107,al_c,q_85,usm_0.66_1.00_0.01,enc_avif,quality_auto/3d815d_cfcfe02b59544535ab489202a1a5599f~mv2.png; https://static.wixstatic.com/media/3d815d_b21b5387670a4a3784a9391431a6cd58~mv2.jpg/v1/fill/w_132,h_128,al_c,q_80,usm_0.66_1.00_0.01,enc_avif,quality_auto/Luly%20Photo_edited.jpg; https://static.wixstatic.com/media/3d815d_e41ff7746a1944fc80bdcaaefe0f9266~mv2.png/v1/crop/x_0,y_141,w_1024,h_748/fill/w_152,h_111,al_c,q_85,usm_0.66_1.00_0.01,enc_avif,quality_auto/Dialogue%20Banner.png; https://static.wixstatic.com/media/3d815d_5fe9178663574060b96d38adf20a217e~mv2.jpeg/v1/fill/w_663,h_500,q_90,enc_avif,quality_auto/3d815d_5fe9178663574060b96d38adf20a217e~mv2.jpeg; https://static.wixstatic.com/media/3d815d_ca9a80e474ad4b63b15fe68cf3933fc7~mv2.jpeg/v1/fill/w_663,h_500,q_90,enc_avif,quality_auto/3d815d_ca9a80e474ad4b63b15fe68cf3933fc7~mv2.jpeg",Mexico,Quintana Roo,Playa del Carmen,,,Rent,1,Luly Meza Conde,https://www.cozumelvista.com/property/for-sale/playa-del-carmen-real-estate/the-city-condos-by-menesse-1105,Playa del Carmen; Other Riviera Maya
Gerard Allard,https://www.gerardallardpv.com,,https://gerardallardpv.com/idx/340-Camino-A-Haramara-Poniente-Nahui-Kie-Santuario-Riviera-Nayarit-NA-mls_31449?pg=6&OrderBy=-ListPrice&m=20101117190901935008000000&search_referral_url=https%3A%2F%2Fgerardallardpv.com%2Fproperties%3Fpg%3D6,Allard Realty,Land/Lot,3495000,USD,,,53269,m2,"Nahui Kie Santuario Carricitos in Sayulita is one of the most beautiful expressions of nature in Riviera Nayarit. This hilltop sanctuary offers wide-open views of the Pacific Ocean, Sayulita Bay, and",https://secure.gravatar.com/avatar/57736a2afc94af145ff19235d2065a32cedf99d36ccce4a435662ee9470ab8d5?s=96&amp;d=mm&amp;r=g,Mexico,Quintana Roo,Playacar,,,Unclassified,5,Gerard Allard,https://gerardallardpv.com/idx/1150-Carretera-La-Cruz-Punta-Mita-PQR-PH-BOLONGO-Riviera-Nayarit-NA-mls_40496?pg=6&OrderBy=-ListPrice&m=20101117190901935008000000&search_referral_url=https%3A%2F%2Fgerardallardpv.com%2Fproperties%3Fpg%3D6; https://gerardallardpv.com/idx/1762-Carr-Costera-A-Barra-De-Navid-PH3-The-Reef-SKY-VILLA-Puerto-Vallarta-JA-mls_38152?pg=6&OrderBy=-ListPrice&m=20101117190901935008000000&search_referral_url=https%3A%2F%2Fgerardallardpv.com%2Fproperties%3Fpg%3D6; https://gerardallardpv.com/idx/200-Carretera-Federal-Ramal-KM-19-812-El-Encanto-Riviera-Nayarit-NA-mls_44010?pg=6&OrderBy=-ListPrice&m=20101117190901935008000000&search_referral_url=https%3A%2F%2Fgerardallardpv.com%2Fproperties%3Fpg%3D6; https://gerardallardpv.com/idx/340-Camino-A-Haramara-Poniente-Nahui-Kie-Santuario-Riviera-Nayarit-NA-mls_31449?pg=6&OrderBy=-ListPrice&m=20101117190901935008000000&search_referral_url=https%3A%2F%2Fgerardallardpv.com%2Fproperties%3Fpg%3D6; https://gerardallardpv.com/idx/X-CARRETERA-A-PUNTA-MITA-RANCHO-VIENTO-REAL-Riviera-Nayarit-NA-mls_42266?pg=6&OrderBy=-ListPrice&m=20101117190901935008000000&search_referral_url=https%3A%2F%2Fgerardallardpv.com%2Fproperties%3Fpg%3D6,Playa del Carmen; Puerto Vallarta; Other Riviera Maya
Shannon Marin,http://www.luxxlifeglobal.com,,https://www.luxxlifeglobal.com/properties/manilka--community-%E2%80%93-riviera-maya,Manilka  Community: Playa del Carmen,House,77518,USD,,3,3,sqft,,"https://static.wixstatic.com/media/23fd2a2be53141ed810f4d3dcdcd01fa.png/v1/fill/w_21,h_21,al_c,q_85,usm_0.66_1.00_0.01,enc_avif,quality_auto/23fd2a2be53141ed810f4d3dcdcd01fa.png; https://static.wixstatic.com/media/11062b_603340b7bcb14e7785c7b65b233cd9f9~mv2.png/v1/fill/w_21,h_21,al_c,q_85,usm_0.66_1.00_0.01,enc_avif,quality_auto/11062b_603340b7bcb14e7785c7b65b233cd9f9~mv2.png; https://static.wixstatic.com/media/7528824071724d12a3e6c31eee0b40d4.png/v1/fill/w_21,h_21,al_c,q_85,usm_0.66_1.00_0.01,enc_avif,quality_auto/7528824071724d12a3e6c31eee0b40d4.png; https://static.wixstatic.com/media/203dcdc2ac8b48de89313f90d2a4cda1.png/v1/fill/w_21,h_21,al_c,q_85,usm_0.66_1.00_0.01,enc_avif,quality_auto/203dcdc2ac8b48de89313f90d2a4cda1.png; https://static.wixstatic.com/media/cc9ce1_62c64cb30be84dbca799fb5a47c109c8~mv2.png/v1/crop/x_0,y_0,w_1125,h_530/fill/w_349,h_164,al_c,q_85,usm_0.66_1.00_0.01,enc_avif,quality_auto/Luxx%20Logo%20(1).png; https://static.wixstatic.com/media/cc9ce1_dc24e718434943f597a443fa26c46405~mv2.png/v1/fill/w_957,h_603,q_90,enc_avif,quality_auto/cc9ce1_dc24e718434943f597a443fa26c46405~mv2.png; https://static.wixstatic.com/media/cc9ce1_328eabe0dc1b4c8c8907c1d8d433a9a9~mv2.png/v1/fill/w_957,h_603,q_90,enc_avif,quality_auto/cc9ce1_328eabe0dc1b4c8c8907c1d8d433a9a9~mv2.png; https://static.wixstatic.com/media/176b84_981e68c4933f49658ca21185c55f02cb~mv2.png/v1/fill/w_59,h_61,al_c,q_85,usm_0.66_1.00_0.01,blur_2,enc_avif,quality_auto/Image-place-holder.png",Mexico,Quintana Roo,Tulum,,,Rent,1,Shannon Marin,https://www.luxxlifeglobal.com/properties/manilka--community-%E2%80%93-riviera-maya,Playa del Carmen; Tulum; Other Riviera Maya
Ines Gehrcken,https://www.riviera-maya-real-estate.com,,https://www.riviera-maya-real-estate.com/listings/view/724690/akumal/xpuha/brand-new-4br-home-in-xpu-ha-private-pool-garden-beach-club,"Brand new 4BR Home in Xpu-Ha  – Private Pool, Garden & Beach Club - Akumal House For Sale, 4 Bedrooms  - Ines Gehrcken",House,14990000,USD,4,4,608,m2,"Beautiful brand new 4-Bedroom Home with Private Pool & Beach Club Access – Xpu-Ha Residencial, Riviera Maya Modern 4BR home in Xpu-Ha Residencial near Playa del Carmen an ...",https://s.realtyninja.com/static/images/listings/med/11509_1a6b424a_Gro_xpuha4.jpeg,Mexico,Quintana Roo,Tulum,,,Rent,1,Ines Gehrcken,https://www.riviera-maya-real-estate.com/listings/view/724690/akumal/xpuha/brand-new-4br-home-in-xpu-ha-private-pool-garden-beach-club,Playa del Carmen; Tulum; Other Riviera Maya
Ines Gehrcken,https://www.riviera-maya-real-estate.com,,https://www.riviera-maya-real-estate.com/listings/view/749031/playa-del-carmen/playacar/luxury-4-bedroom-condo-for-sale-in-playacar-mara-residences,"Luxury 4 Bedroom Condo for Sale in Playacar | Mara Residences - Playa del Carmen Condo For Sale, 4 Bedrooms  - Ines Gehrcken",Condo/Apartment,1495000,USD,4,5,408,m2,"Luxury 4-Bedroom Condo for Sale in Playacar Phase 2 | Mara Residences | Playa del Carmen If you're looking for space, privacy, and a peaceful setting without giving up th ...",https://s.realtyninja.com/static/images/listings/med/11509_a0b5c1a5_Mara5.jpeg,Mexico,Quintana Roo,Tulum,,,Rent,1,Ines Gehrcken,https://www.riviera-maya-real-estate.com/listings/view/749031/playa-del-carmen/playacar/luxury-4-bedroom-condo-for-sale-in-playacar-mara-residences,Playa del Carmen; Tulum; Other Riviera Maya
Ines Gehrcken,https://www.riviera-maya-real-estate.com,,https://www.riviera-maya-real-estate.com/listings/view/723537/playa-del-carmen/playacar/villa-ganesh-mexican-mansion-close-to-the-beach,"Villa Ganesh - Mexican Mansion close to the beach - Playa del carmen House For Sale, 7 Bedrooms  - Ines Gehrcken",Villa,1850000,USD,7,10,1910,m2,"Luxury Villa with Expansive Garden in Playacar Phase 2, Playa del Carmen Step into a private tropical retreat in the heart of Playacar Phase 2, one of the most exclusive ...",https://s.realtyninja.com/static/images/listings/med/11509_03644ddc_DJI_20260310153726_0052_D.jpg,Mexico,Quintana Roo,Tulum,,,Rent,1,Ines Gehrcken,https://www.riviera-maya-real-estate.com/listings/view/723537/playa-del-carmen/playacar/villa-ganesh-mexican-mansion-close-to-the-beach,Playa del Carmen; Tulum; Other Riviera Maya
Ines Gehrcken,https://www.riviera-maya-real-estate.com,,https://www.riviera-maya-real-estate.com/listings/view/729952/playa-del-carmen/xpuha/jungle-casitas-2-homes-with-pool-near-xpu-ha-beach,"Jungle Casitas | 2 Homes with Pool near Xpu-Ha Beach - Playa del Carmen House For Sale, 3 Bedrooms  - Ines Gehrcken",House,5450000,USD,3,4,494,m2,"Jungle Property with 2 Private Casitas and Pools for Sale in Santa Teresita, Riviera Maya Welcome to your private jungle escape in Santa Teresita, a secure ecological gat ...",https://s.realtyninja.com/static/images/listings/med/11509_135460a5_San_Pedro20.jpeg,Mexico,Quintana Roo,Tulum,,,Rent,1,Ines Gehrcken,https://www.riviera-maya-real-estate.com/listings/view/729952/playa-del-carmen/xpuha/jungle-casitas-2-homes-with-pool-near-xpu-ha-beach,Playa del Carmen; Tulum; Other Riviera Maya
Gerard Allard,https://www.gerardallardpv.com,,https://gerardallardpv.com/idx/649-y-1302-Camino-Playa-Carricitos-Playa-Carricitos-Essence-Riviera-Nayarit-NA-mls_44186?pg=1&OrderBy=-ListPrice&m=20101117190901935008000000&search_referral_url=https%3A%2F%2Fgerardallardpv.com%2Fproperties,Allard Realty,Land/Lot,13700000,USD,,,150,m2,"Nestled along the golden sands of Playa Carricitos, one of the most breathtaking beaches in the Riviera Nayarit, Playa Carricitos Essence represents a rare opportunity: to own a substantial stretch of",https://secure.gravatar.com/avatar/57736a2afc94af145ff19235d2065a32cedf99d36ccce4a435662ee9470ab8d5?s=96&amp;d=mm&amp;r=g,Mexico,Quintana Roo,Playacar,,,Unclassified,1,Gerard Allard,https://gerardallardpv.com/idx/649-y-1302-Camino-Playa-Carricitos-Playa-Carricitos-Essence-Riviera-Nayarit-NA-mls_44186?pg=1&OrderBy=-ListPrice&m=20101117190901935008000000&search_referral_url=https%3A%2F%2Fgerardallardpv.com%2Fproperties,Playa del Carmen; Puerto Vallarta; Other Riviera Maya
Gerard Allard,https://www.gerardallardpv.com,,https://gerardallardpv.com/idx/112-Rinconada-careyeros-0-Hotel-Basalto-Riviera-Nayarit-NA-mls_43596?pg=5&OrderBy=-ListPrice&m=20101117190901935008000000&search_referral_url=https%3A%2F%2Fgerardallardpv.com%2Fproperties%3Fpg%3D5,Allard Realty,Land/Lot,3800000,USD,,8285.2,770,m2,"Discover a rare investment opportunity in the heart of Riviera Nayarit. This oceanfront boutique hotel blends luxury, privacy, and contemporary design, offering an unparalleled experience in one of Me",https://secure.gravatar.com/avatar/57736a2afc94af145ff19235d2065a32cedf99d36ccce4a435662ee9470ab8d5?s=96&amp;d=mm&amp;r=g,Mexico,Quintana Roo,Playacar,,,Unclassified,1,Gerard Allard,https://gerardallardpv.com/idx/112-Rinconada-careyeros-0-Hotel-Basalto-Riviera-Nayarit-NA-mls_43596?pg=5&OrderBy=-ListPrice&m=20101117190901935008000000&search_referral_url=https%3A%2F%2Fgerardallardpv.com%2Fproperties%3Fpg%3D5,Playa del Carmen; Puerto Vallarta; Other Riviera Maya
Stan Sanchez,https://www.stansellsrealestate.com,,https://stansellsrealestate.com/luxury-properties/costa-residence-at-corasol,Costa Residences | Luxury Beachfront Condos – Riviera Maya,Land/Lot,2100000,USD,3,,3369,sqft,"Discover luxury beachfront condos for sale at Costa Residences in Riviera Maya. Invest in paradise with stunning views, amenities, and a prime location.",https://assets.cdn.filesafe.space/yYRRmrNqCh42xPTV1dMX/media/68514232c2fd9129ee4502e2.jpeg,Mexico,Quintana Roo,Playa del Carmen,,,Unclassified,1,Stan Sanchez,https://stansellsrealestate.com/luxury-properties/costa-residence-at-corasol,Playa del Carmen; Other Riviera Maya
