Broker,Broker URL,Platform,Listing URL,Listing Name,Property Type,Price,Currency,Bedrooms,Bathrooms,Size,Size Unit,Description,Images,Country,State,City,Latitude,Longitude,Sale or Rent,Source Count,Source Brokers,Source URLs,Region Match
ASAEL ALEX,https://rivieramayarealtor.com/,,https://rivieramayarealtor.com/real-estate/beachfront-3-bedroom-condo-for-sale-in-puerto-morelos/,Beachfront 3 bedroom condo for sale in Puerto Morelos - Riviera Maya Realtor,Land/Lot,20131855,MXN,3,3,,,Discover the perfect Beachfront 3 bedroom condo for sale in Puerto Morelos. Enjoy luxury living by the sea today!,https://storage.googleapis.com/rivieramayarealtor/2024/07/Asael.jpg.webp,Mexico,Quintana Roo,Tulum,,,Sale,1,ASAEL ALEX,https://rivieramayarealtor.com/real-estate/beachfront-3-bedroom-condo-for-sale-in-puerto-morelos/,Puerto Morelos; Tulum; Other Riviera Maya
ASAEL ALEX,https://rivieramayarealtor.com/,,https://rivieramayarealtor.com/real-estate/2-bedroom-2-bath-condo-for-sale-in-puerto-morelos/,2 Bedroom 2 Bath condo for sale in Puerto Morelos - Riviera Maya Realtor,Land/Lot,2985000,MXN,2,2,,,"Discover the perfect 2 Bedroom 2 Bath condo for sale in Puerto Morelos. Enjoy beach access, vibrant culture, and modern amenities.",https://storage.googleapis.com/rivieramayarealtor/2024/07/Asael.jpg.webp,Mexico,Quintana Roo,Tulum,,,Sale,1,ASAEL ALEX,https://rivieramayarealtor.com/real-estate/2-bedroom-2-bath-condo-for-sale-in-puerto-morelos/,Puerto Morelos; Tulum; Other Riviera Maya
ASAEL ALEX,https://rivieramayarealtor.com/,,https://rivieramayarealtor.com/real-estate/stunning-beachfront-villa-for-sale-near-puerto-morelos/,Stunning Beachfront Villa for Sale near Puerto Morelos - Riviera Maya Realtor,Land/Lot,3599000,USD,,5,,,"Discover this Stunning Beachfront Villa for sale near Puerto Morelos. 5 beds, 5.5 baths, recently reduced for you!",https://storage.googleapis.com/rivieramayarealtor/2024/07/Asael.jpg.webp,Mexico,Quintana Roo,Tulum,,,Sale,1,ASAEL ALEX,https://rivieramayarealtor.com/real-estate/stunning-beachfront-villa-for-sale-near-puerto-morelos/,Puerto Morelos; Tulum; Other Riviera Maya
Ab real estate,https://www.realestateab.com.mx/,EasyBroker,https://www.realestateab.com.mx/property/lotes-en-venta-en-privada-residencial-tenerife-puerto-morelos,LOTES EN VENTA EN PRIVADA RESIDENCIAL TENERIFE PUERTO MORELOS.,Land/Lot,1231230,USD,1,1,300.3,m2,"TENERIFE PRIVADA RESIDENCIAL Desarrollo de terrenos residenciales y comerciales en Puerto Morelos, Quintana Roo. PUERTO MORELOS Es conocido como el nuevo destino del Caribe Mexicano en pleno crecim...",https://assets.easybroker.com/property_images/4926241/83951328/EB-RX6241.jpg?height=300&version=1734806236&width=450,Mexico,Quintana Roo,Tulum,,,Sale,1,Ab real estate,https://www.realestateab.com.mx/property/lotes-en-venta-en-privada-residencial-tenerife-puerto-morelos,Puerto Morelos; Tulum; Other Riviera Maya
Asesora Inmobiliaria Blanca Magdaleno,https://www.tu-nuevo-hogar.com.mx/,Tokko Broker,"https://www.tu-nuevo-hogar.com.mx/p/6302909-Terreno-en-Venta-en-Puerto-Morelos-SE-VENDEN-TERRENOS-RESIDENCIALES-EN-PUERTO-MORELOS,-QUINTANA-ROO",Terreno en Venta en Puerto Morelos - Puerto Morelos,Land/Lot,960000,MXN,,,200,m2,"Desarrollo de terrenos residenciales y comerciales en Puerto Morelos, Quintana Roo. Macroproyecto de 77 hectáreas urbanizadas con energía eléctrica, calles y avenidas pavimentadas, alumbrado público, red agua potable, drenaje pluvial y sanitario Cuenta con privadas residenciales, amplias avenidas y dos espacios para comercios ancla. Gran avenida comercial “Gran Vía del Mar” de 35 metros de ancho con dos carriles por lado, camellón, andador y ciclovía. Régimen de condominio maestro con sub-régimenes por cada una de las privadas residenciales. Ubicado en la zona residencial campestre norte en Pu",https://static.tokkobroker.com/sm_pics/85064289_og.jpg,Mexico,Quintana Roo,Tulum,,,Sale,2,Asesora Inmobiliaria Blanca Magdaleno; Ohana Real Estate,"https://www.ohanarealestate.com.mx/p/6284649-Terreno-en-Venta-en-Puerto-Ju%C3%A1rez-Cancun-; https://www.tu-nuevo-hogar.com.mx/p/6302909-Terreno-en-Venta-en-Puerto-Morelos-SE-VENDEN-TERRENOS-RESIDENCIALES-EN-PUERTO-MORELOS,-QUINTANA-ROO",Puerto Morelos; Tulum; Other Riviera Maya
B&A Caribbean Real Estate,https://www.bnacaribbeanrealestate.com/,Tokko Broker,https://www.bnacaribbeanrealestate.com/p/8030737-Terreno-en-Venta-en-Puerto-Morelos-Terreno-tur%C3%ADstico-ecol%C3%B3gico-frente-al-mar-en-Puerto-Morelos,Terreno en Venta en Puerto Morelos - Terreno turístico ecológico frente al mar en Puerto Morelos,Land/Lot,13600000,MXN,,,800,m2,"3 LOTES TURISTICOS CON FRENTE DE PLAYA $13,600,000 MXN / CADA UNO UBICACIÓN DEL PREDIO:SM-4 MZA-7 LOTES 3,4 Y 5PUERTO MORELOS, QUINTANA ROO. MEDIDAS Y COLINDANCIAS:NORESTE: 40.00 CON LOTE 2SURESTE: 57.50 CON ZONA FEDERAL MARITIMO TERRESTRENOROESTE: 57.50.00 CON CALLE SIN NOMBRESUROESTE: 40.00 CON LOTE 6SUPERFICIE TOTAL 2,389.12 M2 USO DEL SUELO:TE TURISTICO ECOLOGICO.COS 0.5 CUS 1.13 VAT (VECES AREA DEL TERRENO)DENSIDAD: 1 CABAÑA X 100 M2, 1 VIVIENDA X 200 M2TOTAL 23 CUARTOS O 12 VIVIENDAS ALTURA MAXIMA 3NIVELES CON ENTREPISOS DE 3.50 M BNA Caribbean Real Estate Tu puerta al paraíso.",https://static.tokkobroker.com/sm_pics/8030737_60047123770638485516335164652709656276723812216979559813108316083082033384472_og.jpg,Mexico,Quintana Roo,Puerto Morelos,,,Sale,1,B&A Caribbean Real Estate,https://www.bnacaribbeanrealestate.com/p/8030737-Terreno-en-Venta-en-Puerto-Morelos-Terreno-tur%C3%ADstico-ecol%C3%B3gico-frente-al-mar-en-Puerto-Morelos,Puerto Morelos; Other Riviera Maya
B&A Caribbean Real Estate,https://www.bnacaribbeanrealestate.com/,Tokko Broker,https://www.bnacaribbeanrealestate.com/p/8492166-Terreno-en-Venta-en-Puerto-Morelos-PASEO-AURINKO--ALDEA-KING,Terreno en Venta en Puerto Morelos - PASEO AURINKO  ALDEA KING,Land/Lot,950000,MXN,,,160,m2,"Terreno en Venta en Aldea Kiin, Puerto Morelos Invierte en tu futuro en el Caribe Mexicano. Excelente terreno de 160m² en el exclusivo desarrollo Aldea Kiin, Puerto Morelos. Con uso de suelo residencial, ubicación estratégica a solo 90 metros del ingreso principal ya escasos minutos del mar. El espacio perfecto para inversionistas, familias o parejas jóvenes que buscan construir la casa de sus sueños o un proyecto con alta plusvalía en la Riviera Maya . Características Principales: Tipo de Propiedad: Terreno / Lote residencialSuperficie: 160 metros cuadrados Uso de suelo: Unifamiliar (listo pa",https://static.tokkobroker.com/sm_pics/8492166_48201336144655348522983523368688402247413492589695010807223324477866826321576_og.jpg,Mexico,Quintana Roo,Puerto Morelos,,,Sale,2,B&A Caribbean Real Estate,https://www.bnacaribbeanrealestate.com/p/8487158-Terreno-en-Venta-en-Puerto-Morelos-PASEO-AURINKO-10--ALDEA-KING; https://www.bnacaribbeanrealestate.com/p/8492166-Terreno-en-Venta-en-Puerto-Morelos-PASEO-AURINKO--ALDEA-KING,Puerto Morelos; Other Riviera Maya
BUSTAMANTE GROUP REAL ESTATE,https://www.bustamantegrouprealestate.com/,Tokko Broker,https://www.bustamantegrouprealestate.com/p/8055545-Terreno-en-Venta-en-Puerto-Morelos-Terreno-en-Venta-en-Puerto-Morelo-Aldea-UMM,Terreno en Venta en Puerto Morelos - Terreno en Venta en Puerto Morelo Aldea UMM,Land/Lot,890000,MXN,,,160,m2,"Ubicado en Aldea Umm, Puerto Morelos, Quintana Roo, este terreno se encuentra dentro de una zona residencial de crecimiento y plusvalía en el corredor Cancún–Tulum, una de las áreas con mayor desarrollo inmobiliario de la Riviera Maya. Su estratégica ubicación permite una conexión aproximada de 15 minutos al Aeropuerto Internacional de Cancún, 23 minutos a Cancún y 20 minutos a Playa del Carmen, además de encontrarse rodeado de desarrollos residenciales, áreas naturales y servicios en expansión. El entorno combina privacidad, naturaleza y conectividad, convirtiéndose en una excelente opción pa",https://static.tokkobroker.com/sm_pics/8055545_84932246656834092472379950401647133180164886943792152954319740641521924981180_og.jpg,Mexico,Quintana Roo,Tulum,,,Sale,1,BUSTAMANTE GROUP REAL ESTATE,https://www.bustamantegrouprealestate.com/p/8055545-Terreno-en-Venta-en-Puerto-Morelos-Terreno-en-Venta-en-Puerto-Morelo-Aldea-UMM,Cancun; Playa del Carmen; Puerto Morelos; Tulum; Other Riviera Maya
BUSTAMANTE GROUP REAL ESTATE,https://www.bustamantegrouprealestate.com/,Tokko Broker,https://www.bustamantegrouprealestate.com/p/7848405-Terreno-en-Venta-en-Puerto-Morelos-Terreno-en-Venta-en-Puerto-Morelos-en-Aldea-Ha,Terreno en Venta en Puerto Morelos - Terreno en Venta en Puerto Morelos en Aldea Ha,Land/Lot,900000,MXN,4,4,163,m2,"Ubicación: Ubicado en el exclusivo fraccionamiento Aldea Ha, en Puerto Morelos, Quintana Roo. Situado estratégicamente entre Cancún y Playa del Carmen, a pocos minutos de las playas y con fácil acceso a la carretera federal y al Aeropuerto Internacional de Cancún. - - DETALLES DE LA PROPIEDAD: Dos terrenos disponibles con superficies de 163.65 m² y 165.38 m², con un precio de $900,000 MXN cada uno. Ambos están listos para construir e incluyen, sin costo extra, un proyecto arquitectónico de 270 m² de construcción en tres niveles. El proyecto contempla 4 habitaciones, 4 baños completos, alberca,",https://static.tokkobroker.com/pictures/7848405_108623817426545380345452512547666668939187773797990316229196454094577959640585.jpg,Mexico,Quintana Roo,Playa del Carmen,,,Sale,1,BUSTAMANTE GROUP REAL ESTATE,https://www.bustamantegrouprealestate.com/p/7848405-Terreno-en-Venta-en-Puerto-Morelos-Terreno-en-Venta-en-Puerto-Morelos-en-Aldea-Ha,Cancun; Playa del Carmen; Puerto Morelos; Other Riviera Maya
Cantu Real Estate,https://canturealestate.com.mx/,,https://canturealestate.com.mx/property/terreno-en-venta-con-frente-de-playa-en-puerto-morelos-kc0241/,Terreno en Venta con Frente de Playa en Puerto Morelos | KC0241 - Cantú Real Estate,Land/Lot,2623068.00,USD,0,0,3747.24,m2,"Increíble Oportunidad de Inversión: Terreno Frente al Mar Caribe en la Riviera Maya Precio de Venta: $26,233,068 USD Ubicación de Ensueño: Este terreno de 3,747.24 m² se encuentra en el exclusivo Fraccionamiento Residencial Bahía Petempich, Puerto Morelos, rodeado de hoteles de lujo y desarrollos turísticos. Características Únicas: 80 metros lineales frente al Mar Caribe con",https://secure.gravatar.com/avatar/f0e41510d4d3f0ee9a3e24c416d4dd2c8cea4715bddf37ca642457319e01afa5?s=96&d=mm&r=g,Mexico,Quintana Roo,Playa del Carmen,,,Sale,1,Cantu Real Estate,https://canturealestate.com.mx/property/terreno-en-venta-con-frente-de-playa-en-puerto-morelos-kc0241/,Playa del Carmen; Puerto Morelos; Other Riviera Maya
Cantu Real Estate,https://canturealestate.com.mx/,,https://canturealestate.com.mx/property/hacienda-en-venta-en-patzcuaro-michoacan-kc0357/,"Hacienda en venta en Pátzcuaro, Michoacan | KC0357 - Cantú Real Estate",Land/Lot,40000000.00,USD,0,0,952,m2,"Hacienda y 4 casas más, 952m2 construcción, 62,460 m2 terreno",https://canturealestate.com.mx/wp-content/uploads/2025/03/6873279_64134601530700178681798739425992276357499200261545507027617733568726642773470.jpg,Mexico,Quintana Roo,Puerto Morelos,,,Sale,1,Cantu Real Estate,https://canturealestate.com.mx/property/hacienda-en-venta-en-patzcuaro-michoacan-kc0357/,Puerto Morelos; Other Riviera Maya
Cantu Real Estate,https://canturealestate.com.mx/,,https://canturealestate.com.mx/property/casa-en-venta-en-aldea-kiin-puerto-morelos-kc0262/,"Casa en Venta en Aldea Kiin, Puerto Morelos | KC0262 - Cantú Real Estate",Land/Lot,4000000.00,USD,3,3,279,m2,"GRAN OPORTUNIDAD Casa en Venta en Aldea Kiin, Puerto Morelos - Un Refugio de Tranquilidad y Confort Sumérgete en el encanto de Puerto Morelos con esta espectacular casa de 279m² construcción, 160 m2 de terreno 8 x 20, ubicada en la exclusiva comunidad de Aldea Kiin ECOHABITAT. Un entorno seguro y relajado, diseñado para disfrutar",https://secure.gravatar.com/avatar/f0e41510d4d3f0ee9a3e24c416d4dd2c8cea4715bddf37ca642457319e01afa5?s=96&d=mm&r=g,Mexico,Quintana Roo,Playa del Carmen,,,Sale,1,Cantu Real Estate,https://canturealestate.com.mx/property/casa-en-venta-en-aldea-kiin-puerto-morelos-kc0262/,Playa del Carmen; Puerto Morelos; Other Riviera Maya
Cantu Real Estate,https://canturealestate.com.mx/,,https://canturealestate.com.mx/property/departamento-en-venta-en-sole-blu-puerto-morelos/,Departamento en Venta en Sole Blu Puerto Morelos - Cantú Real Estate,Land/Lot,752000.00,USD,2,2,136.07,m2,"Sole Blu Ocean Living - Condominio en VentaExperimenta el lujo frente al mar en Sole Blu Ocean Living, el desarrollo residencial más completo de Puerto Morelos, que ofrece 75 exclusivos departamentos diseñados para brindarte un estilo de vida excepcional.Situado en la zona de playa más privilegiada de Puerto Morelos, este desarrollo es una propuesta integral",https://secure.gravatar.com/avatar/f0e41510d4d3f0ee9a3e24c416d4dd2c8cea4715bddf37ca642457319e01afa5?s=96&d=mm&r=g,Mexico,Quintana Roo,Playa del Carmen,,,Sale,1,Cantu Real Estate,https://canturealestate.com.mx/property/departamento-en-venta-en-sole-blu-puerto-morelos/,Playa del Carmen; Puerto Morelos; Other Riviera Maya
Cantu Real Estate,https://canturealestate.com.mx/,,https://canturealestate.com.mx/property/terreno-en-venta-en-bahia-petempich-puerto-morelos/,"Terreno en Venta en Bahía Petempich, Puerto Morelos - Cantú Real Estate",Land/Lot,60000000.00,USD,0,0,80000,m2,"Terreno Estratégico en la Riviera Maya: Oportunidad de Inversión Única Descubra el potencial ilimitado de la Riviera Maya con este terreno excepcional, una verdadera joya para inversionistas y desarrolladores con visión de futuro. Ubicado en Bahía Petempich, Puerto Morelos, este predio goza de una ubicación privilegiada con frente a la carretera federal 307, la arteria",https://canturealestate.com.mx/wp-content/uploads/2025/09/7320185_100656179916230318429946284228749518132406978490110994733852226121819204210959.jpg,Mexico,Quintana Roo,Playa del Carmen,,,Sale,1,Cantu Real Estate,https://canturealestate.com.mx/property/terreno-en-venta-en-bahia-petempich-puerto-morelos/,Playa del Carmen; Puerto Morelos; Other Riviera Maya
Cantu Real Estate,https://canturealestate.com.mx/,,https://canturealestate.com.mx/property/terreno-en-puerto-morelos-2/,Terreno en Puerto Morelos - Cantú Real Estate,Land/Lot,6000000.00,USD,0,0,158,m2,"Paquete de 2 Terrenos en Venta sobre la Carretera Cancún - Puerto Morelos Ubicación Estratégica Exclusiva propiedad en venta entre Puerto Morelos y Playa del Carmen, dentro de uno de los corredores turísticos con mayor crecimiento y plusvalía del Caribe Mexicano. Ubicado en una zona rodeada de resorts de lujo, desarrollos hoteleros de alta gama",https://canturealestate.com.mx/wp-content/uploads/2026/04/7973362_25073848557368114267679739037774364472266734371320721926949726109932088172889.jpg,Mexico,Quintana Roo,Playa del Carmen,,,Sale,1,Cantu Real Estate,https://canturealestate.com.mx/property/terreno-en-puerto-morelos-2/,Cancun; Playa del Carmen; Puerto Morelos; Other Riviera Maya
Cantu Real Estate,https://canturealestate.com.mx/,,https://canturealestate.com.mx/property/venta-de-terreno-a-tan-solo-3-cuadras-del-mar-en-puerto-morelos/,"VENTA DE TERRENO A TAN SOLO 3 CUADRAS DEL MAR, EN PUERTO MORELOS - Cantú Real Estate",Land/Lot,18000000.00,USD,0,0,540,m2,Venta de inmuebles en todo México,https://canturealestate.com.mx/wp-content/uploads/2023/12/Logo-horizontal.png; https://canturealestate.com.mx/wp-content/uploads/2020/07/placeholder-592x444.png; https://canturealestate.com.mx/wp-content/themes/houzez/img/profile-avatar.png; https://canturealestate.com.mx/wp-content/uploads/2024/09/Logo-Blanco-completo-cantu-SF.png; https://canturealestate.com.mx/wp-content/uploads/2026/05/8086565_106742014891235500823591156257849186412793227132670656115155559143332033961662.jpg; https://canturealestate.com.mx/wp-content/uploads/2026/05/8086565_59698047624821786012824206584132169013762068754229684508985594418257771798677.jpg; https://canturealestate.com.mx/wp-content/uploads/2026/05/8086565_75370366757427941177255515941380784251092282928779515495360082118200295019060.jpg; https://canturealestate.com.mx/wp-content/uploads/2026/05/8086565_8680442508611310407322555076868335437120955638262859035754681114684546286054.jpg,Mexico,Quintana Roo,Playa del Carmen,,,Sale,1,Cantu Real Estate,https://canturealestate.com.mx/property/venta-de-terreno-a-tan-solo-3-cuadras-del-mar-en-puerto-morelos/,Playa del Carmen; Puerto Morelos; Other Riviera Maya
Cantu Real Estate,https://canturealestate.com.mx/,,https://canturealestate.com.mx/property/venta-de-terreno-escriturado-y-con-servicios/,VENTA DE TERRENO ESCRITURADO Y CON SERVICIOS - Cantú Real Estate,Land/Lot,1300000.00,USD,0,0,800,m2,"TERRENOS RESIDENCIALES EN NATURA – PUERTO MORELOS ???? Invierte rodeado de naturaleza en una de las zonas con mayor crecimiento y plusvalía de la Riviera Maya. ???? Ruta de los Cenotes | Puerto Morelos ? Disponibles:?? 800 m² desde $1,040,000 MXN?? 1,000 m² desde $1,300,000 MXN ?? Escritura pública?? Contrato con CFE?? Pozo de agua",https://canturealestate.com.mx/wp-content/uploads/2026/05/8082314_13771859356394900363843974469779834239110964675336681038112331137683277296052.jpg,Mexico,Quintana Roo,Playa del Carmen,,,Sale,1,Cantu Real Estate,https://canturealestate.com.mx/property/venta-de-terreno-escriturado-y-con-servicios/,Playa del Carmen; Puerto Morelos; Other Riviera Maya
Cantu Real Estate,https://canturealestate.com.mx/,,https://canturealestate.com.mx/property/casa-en-venta-oportunidad-se-vende-como-lote/,"CASA EN VENTA OPORTUNIDAD, SE VENDE COMO LOTE - Cantú Real Estate",Land/Lot,15000000.00,USD,1,1,150,m2,"Pto. Morelos: Oportunidad Única para Invertir o Vivir Cerca de la Playa Si estás buscando un lugar ideal para invertir o residir, ¡esta es tu oportunidad! Situada a solo 150 metros de la mejor playa de Pto. Morelos, esta propiedad única está a la venta. Se trata de una casa de un nivel que se",https://canturealestate.com.mx/wp-content/uploads/2023/12/Logo-horizontal.png; https://canturealestate.com.mx/wp-content/uploads/2020/07/placeholder-592x444.png; https://canturealestate.com.mx/wp-content/uploads/2026/07/8483577_80905134630380122465864560601430707568110522802531658204096965146610447979246-592x444.jpg; https://canturealestate.com.mx/wp-content/themes/houzez/img/profile-avatar.png; https://canturealestate.com.mx/wp-content/uploads/2024/09/Logo-Blanco-completo-cantu-SF.png; https://canturealestate.com.mx/wp-content/uploads/2025/04/6888973_68997901226819344586232503491063687292891261525214824367492503141539786968147.jpg; https://canturealestate.com.mx/wp-content/uploads/2025/04/6888973_90141152262971252081264218818666617406274531256334142608250187168149542354389.jpg; https://canturealestate.com.mx/wp-content/uploads/2025/04/6888973_66228857210011188594112761417270747430090215301203797636142567485495978507087.jpg,Mexico,Quintana Roo,Puerto Morelos,,,Sale,1,Cantu Real Estate,https://canturealestate.com.mx/property/casa-en-venta-oportunidad-se-vende-como-lote/,Puerto Morelos; Other Riviera Maya
Cantu Real Estate,https://canturealestate.com.mx/,,https://canturealestate.com.mx/property/terreno-en-venta-en-puerto-morelos/,Terreno en Venta en Puerto Morelos - Cantú Real Estate,Land/Lot,585000.00,USD,0,0,1080,m2,"Oportunidad Única de Inversión | Ruta de los Cenotes – Puerto Morelos Lotes residenciales en venta con ubicación estratégica sobre la Ruta de los Cenotes, a solo 4 km de Leona Vicario. Una de las zonas con mayor proyección de plusvalía en la Riviera Maya, ideal para quienes buscan invertir con seguridad o desarrollar un",https://canturealestate.com.mx/wp-content/uploads/2025/08/7297696_71814279920355815675025966817373152889187932614457430525016618918075710784618.jpg,Mexico,Quintana Roo,Playa del Carmen,,,Sale,1,Cantu Real Estate,https://canturealestate.com.mx/property/terreno-en-venta-en-puerto-morelos/,Playa del Carmen; Puerto Morelos; Other Riviera Maya
Cantu Real Estate,https://canturealestate.com.mx/,,https://canturealestate.com.mx/property/venta-de-terreno-con-frente-de-carretera-en-la-ruta-de-los-cenotes-puerto-morelos/,"VENTA DE TERRENO CON FRENTE DE CARRETERA EN LA RUTA DE LOS CENOTES, PUERTO MORELOS - Cantú Real Estate",Land/Lot,156327000.00,USD,0,0,540,m2,Venta de inmuebles en todo México,https://canturealestate.com.mx/wp-content/uploads/2026/05/8086851_70839786523706812357136548093339755745028323339191354185555019125754953897469.jpg,Mexico,Quintana Roo,Playa del Carmen,,,Sale,1,Cantu Real Estate,https://canturealestate.com.mx/property/venta-de-terreno-con-frente-de-carretera-en-la-ruta-de-los-cenotes-puerto-morelos/,Playa del Carmen; Puerto Morelos; Other Riviera Maya
DELYNE Real Estate,https://delyne.mx/,,https://delyne.mx/property/departamento-de-3habs-amueblado-frente-al-mar-en-puerto-morelos/,DEPARTAMENTO DE 3HABS AMUEBLADO FRENTE AL MAR EN PUERTO MORELOS,Condo/Apartment,25100000,USD,3,3,222,m²,"Bienvenido a un paraíso natural en Puerto Morelos, donde este exclusivo desarrollo ofrece una experiencia única frente a una playa espectacular. Te invitamos a disfrutar de un estilo de vida de ensueño en estas 73 residencias frente al mar, completamente equipadas y amuebladas. Cada detalle ha sido cuidadosamente diseñado para elevar tus sentidos y ofrecerte infinitas posibilidades con comodidades de lujo que redefinen el arte de vivir junto al mar. El diseño y la arquitectura del complejo destacan por su armonía con la belleza natural del entorno. Inspirados en crear una experiencia sensorial",https://delyne.mx/wp-content/uploads/2024/10/1-23.jpeg; https://delyne.mx/wp-content/uploads/2024/10/1-23.jpeg; https://delyne.mx/wp-content/uploads/2024/10/2-20.jpeg; https://delyne.mx/wp-content/uploads/2024/10/3-21.jpeg; https://delyne.mx/wp-content/uploads/2024/10/4-23.jpeg; https://delyne.mx/wp-content/uploads/2024/10/5-22.jpeg; https://delyne.mx/wp-content/uploads/2024/10/6-19.jpeg; https://delyne.mx/wp-content/uploads/2024/10/7-21.jpeg,Mexico,Quintana Roo,Puerto Morelos,20.8478084,-86.87553419999999,Sale,1,DELYNE Real Estate,https://delyne.mx/property/departamento-de-3habs-amueblado-frente-al-mar-en-puerto-morelos/,Puerto Morelos; Other Riviera Maya
DELYNE Real Estate,https://delyne.mx/,,https://delyne.mx/property/departamento-con-vista-al-mar-en-puerto-morelos/,DEPARTAMENTO CON VISTA AL MAR EN PUERTO MORELOS,Condo/Apartment,3389000,USD,1,1,49,m²,"Ubicado en el corazón de Puerto Morelos, este desarrollo residencial ofrece 120 departamentos distribuidos en 6 niveles, diseñados para capturar la esencia de la vida frente al mar. Desde el momento en que te acercas, el aroma del mar y la calidez del aire te envuelven, creando una experiencia de serenidad y belleza inigualable. Los espacios han sido diseñados pensando en el confort y la funcionalidad, con opciones de uno, dos y tres dormitorios, así como lofts. Cada unidad cuenta con balcones que ofrecen vistas impresionantes, permitiendo a los residentes despertar cada día con el susurro del",https://delyne.mx/wp-content/uploads/2024/10/1-5.png; https://delyne.mx/wp-content/uploads/2024/10/1-5.png; https://delyne.mx/wp-content/uploads/2024/10/2-8.png; https://delyne.mx/wp-content/uploads/2024/10/3-6.png; https://delyne.mx/wp-content/uploads/2024/10/4-4.png; https://delyne.mx/wp-content/uploads/2024/10/5-5.png; https://delyne.mx/wp-content/uploads/2024/10/6-5.png; https://delyne.mx/wp-content/uploads/2024/10/7-4.png,Mexico,Quintana Roo,Puerto Morelos,20.8478084,-86.87553419999999,Sale,1,DELYNE Real Estate,https://delyne.mx/property/departamento-con-vista-al-mar-en-puerto-morelos/,Puerto Morelos; Other Riviera Maya
DELYNE Real Estate,https://delyne.mx/,,https://delyne.mx/property/departamento-amueblado-frente-al-mar-en-puerto-morelos/,DEPARTAMENTO AMUEBLADO FRENTE AL MAR EN PUERTO MORELOS,Condo/Apartment,13400000,USD,2,2,125,m²,"Bienvenido a un paraíso natural en Puerto Morelos, donde este exclusivo desarrollo ofrece una experiencia única frente a una playa espectacular. Te invitamos a disfrutar de un estilo de vida de ensueño en estas 73 residencias frente al mar, completamente equipadas y amuebladas. Cada detalle ha sido cuidadosamente diseñado para elevar tus sentidos y ofrecerte infinitas posibilidades con comodidades de lujo que redefinen el arte de vivir junto al mar. El diseño y la arquitectura del complejo destacan por su armonía con la belleza natural del entorno. Inspirados en crear una experiencia sensorial",https://delyne.mx/wp-content/uploads/2024/10/1-22.jpeg; https://delyne.mx/wp-content/uploads/2024/10/1-22.jpeg; https://delyne.mx/wp-content/uploads/2024/10/2-19.jpeg; https://delyne.mx/wp-content/uploads/2024/10/3-20.jpeg; https://delyne.mx/wp-content/uploads/2024/10/4-22.jpeg; https://delyne.mx/wp-content/uploads/2024/10/5-21.jpeg; https://delyne.mx/wp-content/uploads/2024/10/6-18.jpeg; https://delyne.mx/wp-content/uploads/2024/10/7-20.jpeg,Mexico,Quintana Roo,Puerto Morelos,20.8478084,-86.87553419999999,Sale,1,DELYNE Real Estate,https://delyne.mx/property/departamento-amueblado-frente-al-mar-en-puerto-morelos/,Puerto Morelos; Other Riviera Maya
DELYNE Real Estate,https://delyne.mx/,,https://delyne.mx/property/departamento-a-pasos-de-la-playa-en-puerto-morelos/,DEPARTAMENTO A PASOS DE LA PLAYA EN PUERTO MORELOS,Condo/Apartment,5025000,USD,2,2,82,m²,"Ubicado en el corazón de Puerto Morelos, este desarrollo residencial ofrece un espacio donde la naturaleza y la tranquilidad se combinan con el diseño moderno y acabados de lujo. Con 34 departamentos que cuentan con vistas al mar y al manglar, este proyecto es perfecto para aquellos que buscan un estilo de vida relajado y exclusivo en el Caribe Mexicano. AMENIDADES: &#8211; Estacionamiento &#8211; Terraza techada &#8211; Gimnasio &#8211; Asoleaderos &#8211; Alberca &#8211; Bar &#8211; Área de grill &#8211; Bodegas Con una excelente ubicación cercana al arrecife de coral, la Ruta de los Cenotes",https://delyne.mx/wp-content/uploads/2024/10/1-4.png; https://delyne.mx/wp-content/uploads/2024/10/1-4.png; https://delyne.mx/wp-content/uploads/2024/10/2-21.jpeg; https://delyne.mx/wp-content/uploads/2024/10/3-22.jpeg; https://delyne.mx/wp-content/uploads/2024/10/4-24.jpeg; https://delyne.mx/wp-content/uploads/2024/10/5-23.jpeg; https://delyne.mx/wp-content/uploads/2024/10/6-20.jpeg; https://delyne.mx/wp-content/uploads/2024/10/7-22.jpeg,Mexico,Quintana Roo,Puerto Morelos,20.8478084,-86.87553419999999,Sale,1,DELYNE Real Estate,https://delyne.mx/property/departamento-a-pasos-de-la-playa-en-puerto-morelos/,Puerto Morelos; Other Riviera Maya
DELYNE Real Estate,https://delyne.mx/,,https://delyne.mx/property/lujoso-departamento-frente-al-mar-en-puerto-morelos/,LUJOSO DEPARTAMENTO FRENTE AL MAR EN PUERTO MORELOS,Condo/Apartment,11657200,USD,2,2,116,m²,"Ubicado en la zona de playa más privilegiada de Puerto Morelos, este desarrollo residencial ofrece 75 departamentos diseñados para proporcionar un estilo de vida de lujo frente al mar. Aquí, podrás vivir, vacacionar y generar ingresos en uno de los destinos con mayor crecimiento y potencial en la Riviera Maya. Rodeado de un pintoresco pueblo pesquero, este proyecto te invita a disfrutar de un entorno natural excepcional, inmerso en la rica cultura maya, y con una oferta gastronómica y de aventura incomparable. Es el lugar perfecto para quienes buscan alejarse del bullicio de la ciudad y disfru",https://delyne.mx/wp-content/uploads/2024/10/1-24.jpeg; https://delyne.mx/wp-content/uploads/2024/10/1-24.jpeg; https://delyne.mx/wp-content/uploads/2024/10/2-22.jpeg; https://delyne.mx/wp-content/uploads/2024/10/3-23.jpeg; https://delyne.mx/wp-content/uploads/2024/10/4-25.jpeg; https://delyne.mx/wp-content/uploads/2024/10/5-24.jpeg; https://delyne.mx/wp-content/uploads/2024/10/6-21.jpeg; https://delyne.mx/wp-content/uploads/2024/10/7-23.jpeg,Mexico,Quintana Roo,Puerto Morelos,20.8494239,-86.87488880000001,Sale,1,DELYNE Real Estate,https://delyne.mx/property/lujoso-departamento-frente-al-mar-en-puerto-morelos/,Puerto Morelos; Other Riviera Maya
DELYNE Real Estate,https://delyne.mx/,,https://delyne.mx/property/espectacular-departamento-frente-al-mar-en-puerto-morelos/,ESPECTACULAR DEPARTAMENTO FRENTE AL MAR EN PUERTO MORELOS,Condo/Apartment,9814000,USD,2,2,124,m²,"Este exclusivo desarrollo residencial frente al mar ofrece una experiencia única, combinando lujo y naturaleza en un entorno paradisíaco. Ubicado en Puerto Morelos, este proyecto ofrece un estilo de vida relajado y sofisticado, rodeado por la belleza del Caribe Mexicano y la serenidad de sus playas. AMENIDADES: Club de playa privado Sky Bar Jacuzzi Cancha de pádel Gimnasio Carril de natación Lobby Piscina de playa infinita Cabañas en piscina y playa Fire pit Coworking Cuarto de juegos Tablas de paddle y kayaks Restaurante de piscina Servicio a cuartos Seguridad 24/7 Valet y recepción Bicicleta",https://delyne.mx/wp-content/uploads/2024/10/1-6.png; https://delyne.mx/wp-content/uploads/2024/10/1-6.png; https://delyne.mx/wp-content/uploads/2024/10/2-9.png; https://delyne.mx/wp-content/uploads/2024/10/3-7.png; https://delyne.mx/wp-content/uploads/2024/10/4-5.png; https://delyne.mx/wp-content/uploads/2024/10/5-6.png; https://delyne.mx/wp-content/uploads/2024/10/6-6.png; https://delyne.mx/wp-content/uploads/2024/10/7-5.png,Mexico,Quintana Roo,Puerto Morelos,20.8649702,-86.86928979999999,Sale,1,DELYNE Real Estate,https://delyne.mx/property/espectacular-departamento-frente-al-mar-en-puerto-morelos/,Puerto Morelos; Other Riviera Maya
Frank Ruíz,https://frankruizrealtygroup.com/,,https://frankruizrealtygroup.com/real-estate/residential-lots-for-sale-puerto-morelos/,Residential Lots for Sale Puerto Morelos | Puerto 369 best price award,Land/Lot,75000,USD,,,375,m2,"Residential lots for sale Puerto Morelos at Puerto 369, gated community. Frank Ruiz, Coldwell Banker Riviera Maya. From $1,100,000 MXN, 45% projected gain.",https://frankruizrealtygroup.com/wp-content/uploads/2026/07/puerto-369-residential-lots-for-sale-in-puerto-1-11.png; https://frankruizrealtygroup.com/wp-content/uploads/2026/07/puerto-369-residential-lots-for-sale-in-puerto-1-11.png,Mexico,Quintana Roo,Tulum,,,Sale,1,Frank Ruíz,https://frankruizrealtygroup.com/real-estate/residential-lots-for-sale-puerto-morelos/,Puerto Morelos; Tulum; Other Riviera Maya
G&V Bienes Raices,https://www.gvbienesraices.com/,Tokko Broker,"https://www.gvbienesraices.com/p/8597152-Terreno-en-Venta-en-Puerto-Morelos-Calle-Vallarta,-Privada-8","Terreno en Venta en Puerto Morelos - Calle Vallarta, Privada 8",Land/Lot,5000000,MXN,,,2200,m2,"Terreno en venta en Puerto Morelos 2,200 m² con construcción y doble acceso Terreno ubicado en la zona urbana de Puerto Morelos, ideal para desarrollar un proyecto habitacional, comercial o de inversión. Gracias a su amplio frente, construcción existente y dos accesos independientes, ofrece una excelente oportunidad en una de las zonas con mayor crecimiento de Quintana Roo. Precio:$5,000,000 MXN Medidas y tipología2,200 m² de terreno.Construcción existente de 200 m² (casa de un nivel). Características * Terreno de 2,200 m²* Casa de un nivel de 200 m²* Dos accesos independientes con portones* B",https://static.tokkobroker.com/sm_pics/8597152_43750063247184346502538919499118621377638619049404520208797243170317777845190_og.jpg,Mexico,Quintana Roo,Puerto Morelos,,,Sale,1,G&V Bienes Raices,"https://www.gvbienesraices.com/p/8597152-Terreno-en-Venta-en-Puerto-Morelos-Calle-Vallarta,-Privada-8",Puerto Morelos; Puerto Vallarta; Other Riviera Maya
InmoNetwork,https://www.inmonetwork.com,Tokko Broker,https://www.inmonetwork.com/p/8441819-Casa-en-Venta-en-Puerto-Morelos-Casa-con-5-Suites-en-Venta-en-Puerto-Morelos-Ideal-para-Renta-Vacacional,Casa en Venta en Puerto Morelos - Casa con 5 Suites en Venta en Puerto Morelos Ideal para Renta Vacacional,House,1500000,USD,9,9,473,m2,"PROPIEDAD EN VENTA EN PUERTO MORELOS CON 5 SUITES, VISTA AL MAR Y A 4 MINUTOS CAMINANDO DE LA PLAYA 360 m² de terreno472.88 m² de construcción Rooftop de aproximadamente 120 m² 5 suites independientes 9 recámaras distribuidas en las unidades5 cocinetas y comedores AlbercaJardínJacuzzi con vista al marVista al Mar Caribe desde la propiedadPlaya a solo 4 minutos caminandoTotalmente amueblada y equipadaAires acondicionados en todas las unidades7 medidores de energía eléctrica independientesÁrea de lavanderíaEspacio de estacionamiento al frente Invierte en una propiedad única en Puerto Morelos, un",https://static.tokkobroker.com/sm_pics/8441819_24858235900013434613285486716044579628963209384414955014914590623227666679584_og.jpg,Mexico,Quintana Roo,Puerto Morelos,,,Sale,1,InmoNetwork,https://www.inmonetwork.com/p/8441819-Casa-en-Venta-en-Puerto-Morelos-Casa-con-5-Suites-en-Venta-en-Puerto-Morelos-Ideal-para-Renta-Vacacional,Puerto Morelos; Other Riviera Maya
Luxury Habitat,https://www.luxuryhabitat.com.mx/,EasyBroker,https://www.luxuryhabitat.com.mx/property/departamento-en-venta-en-col-ninos-heroes-puerto-morelos-quintana-roo,Departamento en Venta en Col. Niños Héroes Puerto Morelos Quintana Roo,Condo/Apartment,4541064.05,USD,1,1,48.48,m2,"Departamento en Venta en Col. Niños Héroes Puerto Morelos Quintana Roo. Ubicado en el corazón de Puerto Morelos, Este desarrollo integra 44 unidades de autor diseñadas para contemplar el Caribe Mex...",https://assets.easybroker.com/property_images/6035956/106650908/EB-WE5956.jpg?height=300&version=1780517791&width=450,Mexico,Quintana Roo,Puerto Morelos,,,Sale,1,Luxury Habitat,https://www.luxuryhabitat.com.mx/property/departamento-en-venta-en-col-ninos-heroes-puerto-morelos-quintana-roo,Puerto Morelos; Other Riviera Maya
Luxury Habitat,https://www.luxuryhabitat.com.mx/,EasyBroker,https://www.luxuryhabitat.com.mx/property/departamento-en-venta-en-col-ninos-heroes-puerto-morelos-quintana-roo-puerto-morelos,Departamento en Venta en Col. Niños Héroes Puerto Morelos Quintana Roo,Condo/Apartment,5097960,USD,1,1,53.54,m2,"Departamento en Venta en Col. Niños Héroes Puerto Morelos Quintana Roo. Ubicado en el corazón de Puerto Morelos, Este desarrollo integra 44 unidades de autor diseñadas para contemplar el Caribe Mex...",https://assets.easybroker.com/property_images/6036313/106658719/EB-WE6313.jpg?height=300&version=1780525134&width=450,Mexico,Quintana Roo,Tulum,,,Sale,1,Luxury Habitat,https://www.luxuryhabitat.com.mx/property/departamento-en-venta-en-col-ninos-heroes-puerto-morelos-quintana-roo-puerto-morelos,Puerto Morelos; Tulum; Other Riviera Maya
Luxury Habitat,https://www.luxuryhabitat.com.mx/,EasyBroker,https://www.luxuryhabitat.com.mx/property/departamento-en-venta-en-col-ninos-heroes-puerto-morelos-quintana-roo-puerto-morelos-puerto-morelos,Departamento en Venta en Col. Niños Héroes Puerto Morelos Quintana Roo,Condo/Apartment,11927041.56,USD,3,2,107.08,m2,"Departamento en Venta en Col. Niños Héroes Puerto Morelos Quintana Roo. Ubicado en el corazón de Puerto Morelos, Este desarrollo integra 44 unidades de autor diseñadas para contemplar el Caribe Mex...",https://assets.easybroker.com/property_images/6036596/106664915/EB-WE6596.jpg?height=300&version=1780529990&width=450,Mexico,Quintana Roo,Puerto Morelos,,,Sale,1,Luxury Habitat,https://www.luxuryhabitat.com.mx/property/departamento-en-venta-en-col-ninos-heroes-puerto-morelos-quintana-roo-puerto-morelos-puerto-morelos,Puerto Morelos; Other Riviera Maya
Ohana Real Estate,https://ohanarealestate.com.mx,Tokko Broker,https://www.ohanarealestate.com.mx/p/6009475-Terreno-en-Venta-en-Canc%C3%BAn-Venta-de-Terreno-en-la-Ruta-de-los-cenotes,Terreno en Venta en Cancún - Cancún,Land/Lot,700000,MXN,,,2000,m2,"OPORTUNIDAD VENDO TERRENOS EN RUTA DE CENOTES KM 15 PUERTO MORELOS DE 2,000m2 CON OPCIÓN DE PAGOS Precio $700,000 en pagos ENGANCHE DE $140,000 y 40 pagos de $14,000 al mesEntrega inmediata dando el enganche Descripción -8 terrenos disponibles -Empieza a construir desde el primer mes-Fracc Lotificado de 48 lotes de 2,000 m2 cada uno-Lotes con entrada de calles-Escriturados con opción de pagos -ENTREGA DE TERRENOS CON TODO AL DÍA. Terrenos no cuentan con cenote",https://static.tokkobroker.com/sm_pics/79396646_og.jpg,Mexico,Quintana Roo,Puerto Morelos,,,Sale,1,Ohana Real Estate,https://www.ohanarealestate.com.mx/p/6009475-Terreno-en-Venta-en-Canc%C3%BAn-Venta-de-Terreno-en-la-Ruta-de-los-cenotes,Cancun; Puerto Morelos; Other Riviera Maya
Ohana Real Estate,https://ohanarealestate.com.mx,Tokko Broker,https://www.ohanarealestate.com.mx/p/7316137-Terreno-en-Venta-en-Puerto-Morelos-Terreno-en-Venta-%7C-Ruta-de-los-Cenotes,Terreno en Venta en Puerto Morelos - Puerto Morelos,Land/Lot,5000000,MXN,,,10000,m2,"Terreno en Venta en la Ruta de los Cenotes | Frente a Central Vallarta, Puerto Morelos Descubre este increíble terreno ubicado en una de las zonas con mayor crecimiento de la Riviera Maya: la Ruta de los Cenotes. Situado justo frente a Central Vallarta ya tan solo 5 minutos del Tren Maya, este espacio es ideal para desarrollar tu proyecto de descanso o inversión.Perfecto para construir villas de fin de semana, un espacio familiar para vacacionar, o incluso un centro de campamentos ecológicos. Disfruta de la naturaleza, la tranquilidad y el encanto de los cenotes que rodean la zona, con fácil a",https://static.tokkobroker.com/sm_pics/107438911_og.jpg,Mexico,Quintana Roo,Puerto Morelos,,,Sale,1,Ohana Real Estate,https://www.ohanarealestate.com.mx/p/7316137-Terreno-en-Venta-en-Puerto-Morelos-Terreno-en-Venta-%7C-Ruta-de-los-Cenotes,Puerto Morelos; Puerto Vallarta; Other Riviera Maya
Palma Real Properties,https://palmarealprop.com,Tokko Broker,"https://www.palmarealprop.com/p/8596623-House-in-Sale-in-Puerto-Morelos-Casa-en-Venta-en-Residencial-Regatta,-Puerto-Morelos","House in Sale in Puerto Morelos - Casa en Venta en Residencial Regatta, Puerto Morelos",Land/Lot,4200000,MXN,2,4,231,m2,"Spacious Home for Sale in Residencial Regatta, Puerto Morelos Discover this exceptional property in Residencial Regatta, Puerto Morelos, offering a unique combination of privacy, flexibility, and investment potential. Whether you're looking for a family home, a vacation residence, or an income-producing property, this home offers an outstanding opportunity in one of the Riviera Maya's most desirable destinations. The property features 231 m² (2,486 sq. ft.) of construction on a 160 m² (1,722 sq. ft.) lot, thoughtfully distributed across two independent living areas, making it ideal for extende",https://static.tokkobroker.com/sm_pics/8596623_25880779801259827648679066424665153960632816689426014833866593118547643471893_og.jpg,Mexico,Quintana Roo,Puerto Morelos,,,Sale,1,Palma Real Properties,"https://www.palmarealprop.com/p/8596623-House-in-Sale-in-Puerto-Morelos-Casa-en-Venta-en-Residencial-Regatta,-Puerto-Morelos",Puerto Morelos; Other Riviera Maya
Philip Glen,https://www.philipglen.com/,EasyBroker,https://www.philipglen.com/property/puerto-morelos-2-bedroom-condo-with-oceanviews,Puerto Morelos 2 Bedroom Condo with Oceanviews,Condo/Apartment,9107903,USD,2,2,98,m2,"An Exclusive Sanctuary of Modern Luxury, Just a Walk from the Caribbean Sea. Two-Bedroom Residence: A spacious 98 m² layout with two bathrooms, priced at $9,107,903 MXN. Ideal for full-time living ...",https://assets.easybroker.com/property_images/5639748/98327617/EB-UQ9748.png?height=300&version=1762884619&width=450,Mexico,Quintana Roo,Tulum,,,Sale,1,Philip Glen,https://www.philipglen.com/property/puerto-morelos-2-bedroom-condo-with-oceanviews,Puerto Morelos; Tulum; Other Riviera Maya
Philip Glen,https://www.philipglen.com/,EasyBroker,https://www.philipglen.com/property/penthouse-with-ocean-views-in-puerto-morelos,Penthouse With Ocean Views In Puerto Morelos,Penthouse,455000,USD,2,2,96,m2,"Discover Oceanfront Elegance in Puerto Morelos, Mexico! Step into your dream retirement or second home with this stunning penthouse unit in Puerto Morelos. Perched on the top floor, this 2-bedroom,...",https://assets.easybroker.com/property_images/5583298/97110050/EB-UL3298.png?height=300&version=1760472565&width=450,Mexico,Quintana Roo,Tulum,,,Sale,1,Philip Glen,https://www.philipglen.com/property/penthouse-with-ocean-views-in-puerto-morelos,Puerto Morelos; Tulum; Other Riviera Maya
Philip Glen,https://www.philipglen.com/,EasyBroker,https://www.philipglen.com/property/puerto-morelos-3-bedroom-penthouse-with-oceanviews,Puerto Morelos 3 Bedroom Penthouse with Oceanviews,Penthouse,15481550,USD,3,3,156,m2,"An Exclusive Sanctuary of Modern Luxury, Just a Walk from the Caribbean Sea. The Three-Bedroom Penthouse: An expansive 154 m² luxury residence with three bathrooms, priced at $15,481,550 MXN. The u...",https://assets.easybroker.com/property_images/5639684/98326431/EB-UQ9684.png?height=300&version=1762884097&width=450,Mexico,Quintana Roo,Tulum,,,Sale,1,Philip Glen,https://www.philipglen.com/property/puerto-morelos-3-bedroom-penthouse-with-oceanviews,Puerto Morelos; Tulum; Other Riviera Maya
Philip Glen,https://www.philipglen.com/,EasyBroker,https://www.philipglen.com/property/soulam-puerto-morelos-boutique-beachside-residences,Soulam Puerto Morelos:  Boutique Beachside Residences,Condo/Apartment,3508099,USD,0,1,39,m2,"An Exclusive Sanctuary of Modern Luxury, Just a Walk from the Caribbean Sea. Discover Soulam Puerto Morelos, a stunning new boutique development offering a curated collection of just 21 residences....",https://assets.easybroker.com/property_images/5639541/98324938/EB-UQ9541.png?height=300&version=1762882727&width=450,Mexico,Quintana Roo,Tulum,,,Sale,1,Philip Glen,https://www.philipglen.com/property/soulam-puerto-morelos-boutique-beachside-residences,Puerto Morelos; Tulum; Other Riviera Maya
Philip Glen,https://www.philipglen.com/,EasyBroker,https://www.philipglen.com/property/musa-del-puerto-modern-caribbean-loft-in-puerto-morelos,Musa del Puerto - Modern Caribbean Loft in Puerto Morelos,Condo/Apartment,166911,USD,1,1,52,m2,"Your Gateway to a Serene, Secure, and Sun-Kissed Life in the Heart of the Riviera Maya. In Puerto Morelos - The #1Expat Community in the Mexican Caribbean! Imagine waking up to the gentle sea breez...",https://assets.easybroker.com/property_images/5638584/98308149/EB-UQ8584.jpg?height=300&version=1762828828&width=450,Mexico,Quintana Roo,Tulum,,,Sale,1,Philip Glen,https://www.philipglen.com/property/musa-del-puerto-modern-caribbean-loft-in-puerto-morelos,Puerto Morelos; Tulum; Other Riviera Maya
Philip Glen,https://www.philipglen.com/,EasyBroker,https://www.philipglen.com/property/a-new-benchmark-in-oceanfront-living-in-puerto-morelos,A New Benchmark in Oceanfront Living in Puerto Morelos,Condo/Apartment,626500,USD,2,3,137,m2,"This is not just a condo; it is a definitive statement in coastal living. Presenting an exclusive pre-construction opportunity in BAO Puerto Morelos, this meticulously designed 2-bedroom, 3-bathroo...",https://assets.easybroker.com/property_images/5591713/97277798/EB-UM1713.jpg?height=300&version=1760749966&width=450,Mexico,Quintana Roo,Tulum,,,Sale,1,Philip Glen,https://www.philipglen.com/property/a-new-benchmark-in-oceanfront-living-in-puerto-morelos,Puerto Morelos; Tulum; Other Riviera Maya
Philip Glen,https://www.philipglen.com/,EasyBroker,https://www.philipglen.com/property/puerto-morelos-3-bedroom-home-with-rooftop-pool,Puerto Morelos 3 Bedroom Home with Rooftop Pool,Land/Lot,6750000,USD,3,3,225,m2,"Beautiful contemporary and minimalist residence, designed by the architecture firm NAO Arquitectura and built in 2020. Located just 2.5 km from the sea, it offers stunning views of the mangroves fr...",https://assets.easybroker.com/property_images/5582522/97093485/EB-UL2522.jpg?height=300&version=1760463575&width=450,Mexico,Quintana Roo,Tulum,,,Sale,1,Philip Glen,https://www.philipglen.com/property/puerto-morelos-3-bedroom-home-with-rooftop-pool,Puerto Morelos; Tulum; Other Riviera Maya
Royal Casa Bienes Raíces,https://royalcasa.com.mx,Tokko Broker,https://www.royalcasa.com.mx/p/6181995-Casa-en-Venta-en-Puerto-Morelos-CASA-EN-VENTA-4-REC-4.5-BA%C3%91OS--EN-RIVIERA-MAYA-PUERTO-MORELOS-CON-ALBERCA-PRIVADA,Casa en Venta en Puerto Morelos - CASA EN VENTA 4 REC 4.5 BAÑOS  EN RIVIERA MAYA PUERTO MORELOS CON ALBERCA PRIVADA,House,5950000,MXN,,4.5,265,m2,"CASA EN VENTA 4 REC 4.5 BAÑOS EN RIVIERA MAYA PUERTO MORELOS CON ALBERCA PRIVADA Casa en venta en Residencial Regatta en Puerto Morelos a sólo 10 minutos del aeropuerto de Cancún. Este Fracc. se encuentra muy cerca de la playa y de centros comerciales. Son 4 REC. con 4 Baños y medio. Tiene 265 m2 útiles con 160 m2 de terreno. La casa se entrega totalmente equipada y amueblada. Aires acondicionados, ventiladores de techo, closets, hidroneumático y alberca privada en el jardín trasero. La privada ofrece las siguientes amenidades: - Seguridad 24 hrs. - Área de asadores - Palapas - Albercas - Jueg",https://static.tokkobroker.com/sm_pics/82791979_og.jpg,Mexico,Quintana Roo,Playa del Carmen,,,Sale,1,Royal Casa Bienes Raíces,https://www.royalcasa.com.mx/p/6181995-Casa-en-Venta-en-Puerto-Morelos-CASA-EN-VENTA-4-REC-4.5-BA%C3%91OS--EN-RIVIERA-MAYA-PUERTO-MORELOS-CON-ALBERCA-PRIVADA,Cancun; Playa del Carmen; Puerto Morelos; Other Riviera Maya
Sally,https://theagencyrerivieramaya.com/agent-sally-sudol.html,,https://theagencyrerivieramaya.com/puerto-morelos-listings.html,Condos for sale in Puerto Morelos| REAL ESTATE PUERTO MORELOS,House,788111,USD,2,2.5,,,,https://theagencyrerivieramaya.com/images/logo.webp; https://theagencyrerivieramaya.com/images/properties/puerto-morelos/del-mar/del-mar-main-thumb.webp; https://theagencyrerivieramaya.com/images/properties/puerto-morelos/nalu-102/nalu-thumb-main.webp; https://theagencyrerivieramaya.com/images/properties/puerto-morelos/koox/koox-thumb-main.webp; https://theagencyrerivieramaya.com/images/properties/puerto-morelos/village-blu/village-blu-thumb-main.webp; https://theagencyrerivieramaya.com/images/properties/puerto-morelos/thea-condos/thea-condos-thumb-main.webp; https://theagencyrerivieramaya.com/images/properties/puerto-morelos/soulam/soulam-thumb-main.webp; https://theagencyrerivieramaya.com/images/properties/puerto-morelos/bao/bao-thumb-main.webp,Mexico,Quintana Roo,Tulum,,,Sale,1,Sally,https://theagencyrerivieramaya.com/puerto-morelos-listings.html,Puerto Morelos; Tulum; Other Riviera Maya
Sena Real Estate,https://www.sena-realestate.com/,Tokko Broker,https://www.sena-realestate.com/p/7567645-Departamento-en-Venta-en-Puerto-Morelos-PREVENTA-DEPARTAMENTO-2-REC.-PUERTO-MORELOS,Departamento en Venta en Puerto Morelos - Puerto Morelos,Condo/Apartment,10530000,MXN,1,2,121,m2,"PRE VENTA DEPARTAMENTO EN PUERTO MORELOSPrecio: $10,530,000 MXN ÁREAS TOTAL: 121.86 m² HABITABLE: 105.70 m² TERRAZAS: 16.16 m² Distribución: Habitaciones: 2 Baños: 3 Sala Cocina Vestidor Área de lavado Terraza Las amenidades premium te invitan a vivir el Caribe con todos los sentidos mientras disfrutas de una alberca en la azotea, solárium, bar en la piscina, terraza con área de BBQ, gimnasio, zona WiFi y acceso directo a la playa.PERFECTO PARA RENTA VACACIONAL E INVERSIÓN. Amenidades destacadas: Azotea con vista al mar Alberca en la azotea Bar en la piscina Acceso privado a la playa Coworking",https://static.tokkobroker.com/sm_pics/112827327_og.jpg,Mexico,Quintana Roo,Puerto Morelos,,,Sale,1,Sena Real Estate,https://www.sena-realestate.com/p/7567645-Departamento-en-Venta-en-Puerto-Morelos-PREVENTA-DEPARTAMENTO-2-REC.-PUERTO-MORELOS,Puerto Morelos; Other Riviera Maya
I Brokers,https://ibrokersmexico.com/en/,,https://ibrokersmexico.com/en/property/departamento-en-venta-en-puerto-morelos-frente-al-mar/,Venta de departamento en Quintana Roo - Puerto Morelos,Condo/Apartment,1000.00,USD,1,10,16000,m2,"Venta de departamento en Quintana Roo - Puerto Morelos, disfruta una fabulosa propiedad en la playa y genera un ingreso extra.",https://ibrokersmexico.com/wp-content/uploads/2023/12/WhatsApp-Image-2023-12-21-at-11.12.53-AM.jpeg,Mexico,Quintana Roo,Tulum,,,Sale,1,I Brokers,https://ibrokersmexico.com/en/property/departamento-en-venta-en-puerto-morelos-frente-al-mar/,Puerto Morelos; Tulum; Other Riviera Maya
I Brokers,https://ibrokersmexico.com/en/,,https://ibrokersmexico.com/en/property/departamentos-frente-al-mar-y-asegura-una-excelente-inversion/,Venta de departamentos frente al mar en Puerto Morelos,Land/Lot,4483256,USD,3,,45,m2,"Venta de departamentos frente al mar en Puerto Morelos, diseñado para darte las vistas más bellas de la Riviera Maya.",https://ibrokersmexico.com/wp-content/uploads/2023/11/destacada.jpg,Mexico,Quintana Roo,Tulum,,,Sale,1,I Brokers,https://ibrokersmexico.com/en/property/departamentos-frente-al-mar-y-asegura-una-excelente-inversion/,Puerto Morelos; Tulum; Other Riviera Maya
Luis Enrique Barreto,https://palmarealtors.com/,,https://palmarealtors.com/property/a-hidden-oasis-in-the-heart-of-cancun,A Hidden Oasis in the Heart of Cancún,Land/Lot,5995000,USD,3,3,243,m2,Sale,https://palmarealtors.com/storage/properties/f7350309d6488fa7fb82478d51123a88.jpg,Mexico,Quintana Roo,Puerto Morelos,,,Sale,2,Luis Enrique Barreto; Rocio Mariana Barreto,https://palmarealtors.com/property/a-hidden-oasis-in-the-heart-of-cancun,Cancun; Puerto Morelos; Other Riviera Maya
Luis Enrique Barreto,https://palmarealtors.com/,,https://palmarealtors.com/property/modern-luxury-living-at-its-finest-in-cancun,Modern Luxury Living at Its Finest in Cancun,Land/Lot,8500000,USD,3,4,182,m2,Sale,https://palmarealtors.com/storage/properties/5dfd0f845e5a205d555cb8164526a279.jpg,Mexico,Quintana Roo,Puerto Morelos,,,Sale,2,Luis Enrique Barreto; Rocio Mariana Barreto,https://palmarealtors.com/property/modern-luxury-living-at-its-finest-in-cancun,Cancun; Puerto Morelos; Other Riviera Maya
Luis Enrique Barreto,https://palmarealtors.com/,,https://palmarealtors.com/property/exclusive-apartment-with-marina-and-ocean-views,Exclusive apartment with marina & ocean views,Land/Lot,1700000,USD,3,3,212.72,m2,Sale,https://palmarealtors.com/storage/properties/b954624b8e753d4854d060f4eb9982b0.jpg,Mexico,Quintana Roo,Puerto Morelos,,,Sale,2,Luis Enrique Barreto; Rocio Mariana Barreto,https://palmarealtors.com/property/exclusive-apartment-with-marina-and-ocean-views,Puerto Morelos; Other Riviera Maya
Luis Enrique Barreto,https://palmarealtors.com/,,https://palmarealtors.com/property/where-the-caribbean-and-the-lagoon-embrace-a-sky-residence-on-the-10th-floor,"""Where the Caribbean and the Lagoon Embrace: A Sky Residence on the 10th Floor""",Land/Lot,3600000,USD,2,3,199,m2,Sale,https://palmarealtors.com/storage/properties/d5e292ec64f2d4dd9f3ac5b24387753b.jpg,Mexico,Quintana Roo,Puerto Morelos,,,Sale,2,Luis Enrique Barreto; Rocio Mariana Barreto,https://palmarealtors.com/property/where-the-caribbean-and-the-lagoon-embrace-a-sky-residence-on-the-10th-floor,Puerto Morelos; Other Riviera Maya
Luis Enrique Barreto,https://palmarealtors.com/,,https://palmarealtors.com/property/premium-investment-opportunity,Premium Investment Opportunity,Land/Lot,4900000,USD,2,3,175,m2,Sale,https://palmarealtors.com/storage/properties/361e344e4404b4105c3779c144b886cd.jpg,Mexico,Quintana Roo,Puerto Morelos,,,Sale,2,Luis Enrique Barreto; Rocio Mariana Barreto,https://palmarealtors.com/property/premium-investment-opportunity,Puerto Morelos; Other Riviera Maya
Luis Enrique Barreto,https://palmarealtors.com/,,https://palmarealtors.com/property/oceanfront-luxury-and-smart-investment-in-cancun,Oceanfront Luxury & Smart Investment in Cancun,Land/Lot,9950000,USD,2,2,149,m2,Sale,https://palmarealtors.com/storage/properties/4a23c556bb869ede665e4451dd333a1d.jpg,Mexico,Quintana Roo,Puerto Morelos,,,Sale,2,Luis Enrique Barreto; Rocio Mariana Barreto,https://palmarealtors.com/property/oceanfront-luxury-and-smart-investment-in-cancun,Cancun; Puerto Morelos; Other Riviera Maya
Luis Enrique Barreto,https://palmarealtors.com/,,https://palmarealtors.com/property/oceanfront-apartment-for-sale-6th-floor-sea-view,Oceanfront Apartment for Sale 6th Floor Sea View,Land/Lot,8980000,USD,2,2,137,m2,Sale,https://palmarealtors.com/storage/properties/fff6652d7a6540385ec374c6e26c1568.jpg,Mexico,Quintana Roo,Puerto Morelos,,,Sale,2,Luis Enrique Barreto; Rocio Mariana Barreto,https://palmarealtors.com/property/oceanfront-apartment-for-sale-6th-floor-sea-view,Puerto Morelos; Other Riviera Maya
Luis Enrique Barreto,https://palmarealtors.com/,,https://palmarealtors.com/property/profitable-apartment-in-a-premium-area,Profitable apartment in a premium area,Land/Lot,4350000,USD,2,3,150,m2,Sale,https://palmarealtors.com/storage/properties/e103a351d0349c7fdea0f8e67095764b.jpg,Mexico,Quintana Roo,Puerto Morelos,,,Sale,2,Luis Enrique Barreto; Rocio Mariana Barreto,https://palmarealtors.com/property/profitable-apartment-in-a-premium-area,Puerto Morelos; Other Riviera Maya
Luis Enrique Barreto,https://palmarealtors.com/,,https://palmarealtors.com/property/caribbean-luxury-living-at-shark-tower,Caribbean Luxury Living at Shark Tower,Land/Lot,11950000,USD,2,1,140,m2,Sale,https://palmarealtors.com/storage/properties/1c91beb3467dd9973a12c0d4d91d5d6d.jpg,Mexico,Quintana Roo,Puerto Morelos,,,Sale,2,Luis Enrique Barreto; Rocio Mariana Barreto,https://palmarealtors.com/property/caribbean-luxury-living-at-shark-tower,Puerto Morelos; Other Riviera Maya
Luis Enrique Barreto,https://palmarealtors.com/,,https://palmarealtors.com/property/luxury-and-sustainability-in-perfect-harmony,LUXURY & SUSTAINABILITY IN PERFECT HARMONY,Land/Lot,553000,USD,2,2,6000,m2,Sale,https://palmarealtors.com/storage/properties/61f8d768740d2a54c1f27c1cfc3bcd23.jpg,Mexico,Quintana Roo,Puerto Morelos,,,Sale,2,Luis Enrique Barreto; Rocio Mariana Barreto,https://palmarealtors.com/property/luxury-and-sustainability-in-perfect-harmony,Puerto Morelos; Other Riviera Maya
Luis Enrique Barreto,https://palmarealtors.com/,,https://palmarealtors.com/property/furnished-condo-hotel-zone-cancun-or-3-bedrooms,Furnished Condo Hotel Zone Cancun | 3 Bedrooms,Land/Lot,5500000,USD,3,2.5,135,m2,Sale,https://palmarealtors.com/storage/properties/bf66b0a049fd52d33bf77a2cfc89853a.jpg,Mexico,Quintana Roo,Puerto Morelos,,,Sale,2,Luis Enrique Barreto; Rocio Mariana Barreto,https://palmarealtors.com/property/furnished-condo-hotel-zone-cancun-or-3-bedrooms,Cancun; Puerto Morelos; Other Riviera Maya
Luis Enrique Barreto,https://palmarealtors.com/,,https://palmarealtors.com/property/charming-condominium-near-the-sea,Charming Condominiums Near the Sea,Land/Lot,340000,USD,4,2,97,m2,Sale,https://palmarealtors.com/storage/properties/f3b48adf32284924e6dc9d570383c90c.jpg,Mexico,Quintana Roo,Puerto Morelos,,,Sale,2,Luis Enrique Barreto; Rocio Mariana Barreto,https://palmarealtors.com/property/charming-condominium-near-the-sea,Puerto Morelos; Other Riviera Maya
Luis Enrique Barreto,https://palmarealtors.com/,,https://palmarealtors.com/property/exclusive-residential-to-live,EXCLUSIVE RESIDENTIAL TO LIVE,Land/Lot,35000000,USD,2,4,278,m2,Sale,https://palmarealtors.com/storage//0e47166ba4148dcbcfe4061a1aabd0d1.jpg,Mexico,Quintana Roo,Puerto Morelos,,,Sale,2,Luis Enrique Barreto; Rocio Mariana Barreto,https://palmarealtors.com/property/exclusive-residential-to-live,Puerto Morelos; Other Riviera Maya
Luis Enrique Barreto,https://palmarealtors.com/,,https://palmarealtors.com/property/exclusive-and-luxurious-apartment,EXCLUSIVE AND LUXURIOUS | APARTMENT,Land/Lot,46000000,USD,2,3,389,m2,Sale,https://palmarealtors.com/storage//fd684d0b16791101b42c191cdbc23d71.jpg,Mexico,Quintana Roo,Puerto Morelos,,,Sale,2,Luis Enrique Barreto; Rocio Mariana Barreto,https://palmarealtors.com/property/exclusive-and-luxurious-apartment,Puerto Morelos; Other Riviera Maya
Luis Enrique Barreto,https://palmarealtors.com/,,https://palmarealtors.com/property/fixer-upper-30-metters-from-the-ocean,FIXER UPPER 30 METTERS FROM THE OCEAN,Land/Lot,3200000,USD,,2,97,m2,Sale,https://palmarealtors.com/storage/properties/36cd91f80e1fd53b942769d740aa5da7.jpg,Mexico,Quintana Roo,Puerto Morelos,,,Sale,2,Luis Enrique Barreto; Rocio Mariana Barreto,https://palmarealtors.com/property/fixer-upper-30-metters-from-the-ocean,Puerto Morelos; Other Riviera Maya
Luis Enrique Barreto,https://palmarealtors.com/,,https://palmarealtors.com/property/wake-up-to-the-sound-of-the-sea-oceanfront-apartment-in-akumal,WAKE UP TO THE SOUND OF THE SEA: OCEANFRONT APARTMENT IN AKUMAL,Land/Lot,800000,USD,,2,170,m2,Sale,https://palmarealtors.com/storage//dab2de2b4325bd266cb3347f1e3af617.jpg,Mexico,Quintana Roo,Puerto Morelos,,,Sale,2,Luis Enrique Barreto; Rocio Mariana Barreto,https://palmarealtors.com/property/wake-up-to-the-sound-of-the-sea-oceanfront-apartment-in-akumal,Puerto Morelos; Other Riviera Maya
Luis Enrique Barreto,https://palmarealtors.com/,,https://palmarealtors.com/property/unique-experience-apartment-with-pleasant-views,UNIQUE EXPERIENCE: APARTMENT WITH PLEASANT VIEWS,Land/Lot,331250,USD,2,2.5,110,m2,Sale,https://palmarealtors.com/storage//defa936ec89dbb95978abd2160755354.jpg,Mexico,Quintana Roo,Puerto Morelos,,,Sale,2,Luis Enrique Barreto; Rocio Mariana Barreto,https://palmarealtors.com/property/unique-experience-apartment-with-pleasant-views,Puerto Morelos; Other Riviera Maya
Luis Enrique Barreto,https://palmarealtors.com/,,https://palmarealtors.com/property/luxury-penthouse-with-panoramic-views-of-the-sea-and-lagoon-in-cancuns-hotel-zone,LUXURY PENTHOUSE WITH PANORAMIC VIEWS OF THE SEA AND LAGOON IN CANCUN'S HOTEL ZONE,Land/Lot,828000,USD,3,3,138,m2,Sale,https://palmarealtors.com/storage/properties/d81b3cea0188dc3120273447af5a36dc.jpg,Mexico,Quintana Roo,Puerto Morelos,,,Sale,2,Luis Enrique Barreto; Rocio Mariana Barreto,https://palmarealtors.com/property/luxury-penthouse-with-panoramic-views-of-the-sea-and-lagoon-in-cancuns-hotel-zone,Cancun; Puerto Morelos; Other Riviera Maya
Luis Enrique Barreto,https://palmarealtors.com/,,https://palmarealtors.com/property/luxury-living-at-blume-condos,Luxury Living at Blume Condos,Land/Lot,20780235,USD,2,3,244.36,m2,Sale,https://palmarealtors.com/storage/properties/3067bc553c4d3913102b3c732136b2c4.jpg,Mexico,Quintana Roo,Puerto Morelos,,,Sale,2,Luis Enrique Barreto; Rocio Mariana Barreto,https://palmarealtors.com/property/luxury-living-at-blume-condos,Puerto Morelos; Other Riviera Maya
Luis Enrique Barreto,https://palmarealtors.com/,,https://palmarealtors.com/property/i-wake-up-to-the-caribbean-smart-investment-extraordinary-living-at-villas-marlin,"I Wake Up to the Caribbean: Smart Investment, Extraordinary Living at Villas Marlin",Land/Lot,9200000,USD,3,2,90,m2,Sale,https://palmarealtors.com/storage/properties/675fbd49b3e1afece9d06faf27b7282b.jpg,Mexico,Quintana Roo,Puerto Morelos,,,Sale,2,Luis Enrique Barreto; Rocio Mariana Barreto,https://palmarealtors.com/property/i-wake-up-to-the-caribbean-smart-investment-extraordinary-living-at-villas-marlin,Puerto Morelos; Other Riviera Maya
Luis Enrique Barreto,https://palmarealtors.com/,,https://palmarealtors.com/property/where-the-caribbean-becomes-home,Where the Caribbean becomes home,Land/Lot,6500000,USD,3,6,2500,m2,Sale,https://palmarealtors.com/storage/properties/26dac104e8ff000c573f9314925037c2.jpg,Mexico,Quintana Roo,Puerto Morelos,,,Sale,2,Luis Enrique Barreto; Rocio Mariana Barreto,https://palmarealtors.com/property/where-the-caribbean-becomes-home,Puerto Morelos; Other Riviera Maya
Luis Enrique Barreto,https://palmarealtors.com/,,https://palmarealtors.com/property/luxury-home-for-sale-in-residencial-campestre-cancun-or-4br-estate,Luxury Home for Sale in Residencial Campestre Cancún | 4BR Estate,Land/Lot,10000000,USD,4,4,800,m2,Sale,https://palmarealtors.com/storage/properties/ba9ba91197c091685d3b99beb43fd6e4.jpg,Mexico,Quintana Roo,Puerto Morelos,,,Sale,2,Luis Enrique Barreto; Rocio Mariana Barreto,https://palmarealtors.com/property/luxury-home-for-sale-in-residencial-campestre-cancun-or-4br-estate,Cancun; Puerto Morelos; Other Riviera Maya
Luis Enrique Barreto,https://palmarealtors.com/,,https://palmarealtors.com/property/luxury-residence-in-exclusive-puerto-aventuras-or-riviera-maya,Luxury Residence in Exclusive Puerto Aventuras | Riviera Maya,Land/Lot,1500000,USD,4,3,700,m2,Sale,https://palmarealtors.com/storage/properties/d3569e6065a8bfc77ae9cd0a857c87a6.jpg,Mexico,Quintana Roo,Puerto Morelos,,,Sale,2,Luis Enrique Barreto; Rocio Mariana Barreto,https://palmarealtors.com/property/luxury-residence-in-exclusive-puerto-aventuras-or-riviera-maya,Puerto Morelos; Other Riviera Maya
Luis Enrique Barreto,https://palmarealtors.com/,,https://palmarealtors.com/property/luxury-residence-with-pool-and-solar-panels-or-puerto-aventuras,Luxury Residence with Pool & Solar Panels | Puerto Aventuras,Land/Lot,1050000,USD,4,3.5,450,m2,Sale,https://palmarealtors.com/storage/properties/5a82546b82859aea4dde2930864fe20d.jpg,Mexico,Quintana Roo,Puerto Morelos,,,Sale,2,Luis Enrique Barreto; Rocio Mariana Barreto,https://palmarealtors.com/property/luxury-residence-with-pool-and-solar-panels-or-puerto-aventuras,Puerto Morelos; Other Riviera Maya
Luis Enrique Barreto,https://palmarealtors.com/,,https://palmarealtors.com/property/modern-home-with-rooftop-terrace-in-gated-community-puerto-morelos,Modern Home with Rooftop Terrace in Gated Community – Puerto Morelos,Land/Lot,6499000,USD,3,3,160,m2,Sale,https://palmarealtors.com/storage/properties/6ded1c0e7f88cedb343577157a94ff2d.jpg,Mexico,Quintana Roo,Puerto Morelos,,,Sale,2,Luis Enrique Barreto; Rocio Mariana Barreto,https://palmarealtors.com/property/modern-home-with-rooftop-terrace-in-gated-community-puerto-morelos,Puerto Morelos; Other Riviera Maya
Luis Enrique Barreto,https://palmarealtors.com/,,https://palmarealtors.com/property/exclusive-residence-in-puerto-aventuras-cancun,"Exclusive Residence in Puerto Aventuras, Cancún",Land/Lot,1999000,USD,4,4,1300,m2,Sale,https://palmarealtors.com/storage/properties/885d9c4ad04ec4ecfdad306dd021b8ed.jpg,Mexico,Quintana Roo,Puerto Morelos,,,Sale,2,Luis Enrique Barreto; Rocio Mariana Barreto,https://palmarealtors.com/property/exclusive-residence-in-puerto-aventuras-cancun,Cancun; Puerto Morelos; Other Riviera Maya
Luis Enrique Barreto,https://palmarealtors.com/,,https://palmarealtors.com/property/lagoonfront-house-for-rent-in-isla-dorada,Lagoonfront House for Rent in Isla Dorada,Land/Lot,55000,USD,4,2,2500,m2,Rent,https://palmarealtors.com/storage/properties/5e2d0232049beaf04d796b2b3713196f.jpg,Mexico,Quintana Roo,Puerto Morelos,,,Sale,2,Luis Enrique Barreto; Rocio Mariana Barreto,https://palmarealtors.com/property/lagoonfront-house-for-rent-in-isla-dorada,Puerto Morelos; Other Riviera Maya
Luis Enrique Barreto,https://palmarealtors.com/,,https://palmarealtors.com/property/move-into-your-cancun-home-today,Move Into Your Cancun Home Today,Land/Lot,42000,USD,3,3,200,m2,Rent,https://palmarealtors.com/storage/properties/5ea74e56a050fe087c4d585b92799268.jpg,Mexico,Quintana Roo,Puerto Morelos,,,Sale,2,Luis Enrique Barreto; Rocio Mariana Barreto,https://palmarealtors.com/property/move-into-your-cancun-home-today,Cancun; Puerto Morelos; Other Riviera Maya
Luis Enrique Barreto,https://palmarealtors.com/,,https://palmarealtors.com/property/unique-opportunity-private-pool-home-in-exclusive-gated-community,Unique Opportunity: Private Pool Home in Exclusive Gated Community,Land/Lot,6200000,USD,4,4.5,300,m2,Sale,https://palmarealtors.com/storage/properties/38d31cbafe1eae544e5a0d3d1441c764.jpg,Mexico,Quintana Roo,Puerto Morelos,,,Sale,2,Luis Enrique Barreto; Rocio Mariana Barreto,https://palmarealtors.com/property/unique-opportunity-private-pool-home-in-exclusive-gated-community,Puerto Morelos; Other Riviera Maya
Luis Enrique Barreto,https://palmarealtors.com/,,https://palmarealtors.com/property/mixed-use-house-for-sale-in-alamos-ii-cancun,"Mixed-Use House for Sale in Álamos II, Cancún",Land/Lot,17500000,USD,5,5,750,m2,Sale,https://palmarealtors.com/storage/properties/2ece7c46c9ccc0096ee52677e545e561.jpg,Mexico,Quintana Roo,Puerto Morelos,,,Sale,2,Luis Enrique Barreto; Rocio Mariana Barreto,https://palmarealtors.com/property/mixed-use-house-for-sale-in-alamos-ii-cancun,Cancun; Puerto Morelos; Other Riviera Maya
Luis Enrique Barreto,https://palmarealtors.com/,,https://palmarealtors.com/property/home-for-sale-in-residencial-la-hacienda-cancun,Home for Sale in Residencial La Hacienda – Cancún,Land/Lot,5250000,USD,3,3,2000,m2,Sale,https://palmarealtors.com/storage/properties/8167f4d90eda64ccb4c100b32e7670bc.jpg,Mexico,Quintana Roo,Puerto Morelos,,,Sale,2,Luis Enrique Barreto; Rocio Mariana Barreto,https://palmarealtors.com/property/home-for-sale-in-residencial-la-hacienda-cancun,Cancun; Puerto Morelos; Other Riviera Maya
Luis Enrique Barreto,https://palmarealtors.com/,,https://palmarealtors.com/property/bayfront-home-with-private-dock,Bayfront Home with Private Dock,Land/Lot,1799000,USD,4,4,855,m2,Sale,https://palmarealtors.com/storage/properties/42d37f6389ce198078f88890b711b1f1.jpg,Mexico,Quintana Roo,Puerto Morelos,,,Sale,2,Luis Enrique Barreto; Rocio Mariana Barreto,https://palmarealtors.com/property/bayfront-home-with-private-dock,Puerto Morelos; Other Riviera Maya
Luis Enrique Barreto,https://palmarealtors.com/,,https://palmarealtors.com/property/bright-and-modern-family-home-in-residencial,Bright and Modern Family Home in Residencial.,Land/Lot,4300000,USD,3,3,169,m2,Sale,https://palmarealtors.com/storage/properties/dde5187631141a39cdfdc78bf94dea84.jpg,Mexico,Quintana Roo,Puerto Morelos,,,Sale,2,Luis Enrique Barreto; Rocio Mariana Barreto,https://palmarealtors.com/property/bright-and-modern-family-home-in-residencial,Puerto Morelos; Other Riviera Maya
Luis Enrique Barreto,https://palmarealtors.com/,,https://palmarealtors.com/property/elegant-contemporary-house,Elegant contemporary house,Land/Lot,15500000,USD,3,4,325,m2,Sale,https://palmarealtors.com/storage/properties/cd28783ced00e22be6487791b0943ab9.jpg,Mexico,Quintana Roo,Puerto Morelos,,,Sale,2,Luis Enrique Barreto; Rocio Mariana Barreto,https://palmarealtors.com/property/elegant-contemporary-house,Puerto Morelos; Other Riviera Maya
Luis Enrique Barreto,https://palmarealtors.com/,,https://palmarealtors.com/property/luxury-home-in-isla-dorada-cancun,"Luxury Home in Isla Dorada, Cancun",Land/Lot,82000,USD,3,3.5,370,m2,Rent,https://palmarealtors.com/storage/properties/395f51ef59304d76200b3bca78b5aaec.jpg,Mexico,Quintana Roo,Puerto Morelos,,,Sale,2,Luis Enrique Barreto; Rocio Mariana Barreto,https://palmarealtors.com/property/luxury-home-in-isla-dorada-cancun,Cancun; Puerto Morelos; Other Riviera Maya
Luis Enrique Barreto,https://palmarealtors.com/,,https://palmarealtors.com/property/lagos-del-sol-or-luxury-residence-with-pool-and-spacious-living-areas,Lagos del Sol | Luxury Residence with Pool and Spacious Living Areas,Land/Lot,95000,USD,3,4,636,m2,Rent,https://palmarealtors.com/storage/properties/793d46ceff88b835e7c509206a5b6cbc.jpg,Mexico,Quintana Roo,Puerto Morelos,,,Sale,2,Luis Enrique Barreto; Rocio Mariana Barreto,https://palmarealtors.com/property/lagos-del-sol-or-luxury-residence-with-pool-and-spacious-living-areas,Puerto Morelos; Other Riviera Maya
Luis Enrique Barreto,https://palmarealtors.com/,,https://palmarealtors.com/property/timeless-luxury-in-the-heart-of-san-miguel,Timeless Luxury in the Heart of San Miguel,Land/Lot,45000000,USD,,5,940,m2,Sale,https://palmarealtors.com/storage/properties/970d9a9e455cfd1d8b24886d5c429a76.jpg,Mexico,Quintana Roo,Puerto Morelos,,,Sale,2,Luis Enrique Barreto; Rocio Mariana Barreto,https://palmarealtors.com/property/timeless-luxury-in-the-heart-of-san-miguel,Puerto Morelos; Other Riviera Maya
Luis Enrique Barreto,https://palmarealtors.com/,,https://palmarealtors.com/property/spacious-luxury-home-in-cancun,Spacious luxury home in Cancun,Land/Lot,12400000,USD,7,7,800,m2,Sale,https://palmarealtors.com/storage/properties/2ab123a83629a727a3f385ed5b27e126.jpg,Mexico,Quintana Roo,Puerto Morelos,,,Sale,2,Luis Enrique Barreto; Rocio Mariana Barreto,https://palmarealtors.com/property/spacious-luxury-home-in-cancun,Cancun; Puerto Morelos; Other Riviera Maya
Luis Enrique Barreto,https://palmarealtors.com/,,https://palmarealtors.com/property/ocean-front-villa-key-on-hand-or-cancun-mexico,OCEAN FRONT VILLA KEY ON HAND | CANCUN MEXICO,Land/Lot,460000,USD,2,3,164.20,m2,Sale,https://palmarealtors.com/storage/properties/cde0277468a054f62010ae13570cba4b.jpg,Mexico,Quintana Roo,Puerto Morelos,,,Sale,2,Luis Enrique Barreto; Rocio Mariana Barreto,https://palmarealtors.com/property/ocean-front-villa-key-on-hand-or-cancun-mexico,Cancun; Puerto Morelos; Other Riviera Maya
Luis Enrique Barreto,https://palmarealtors.com/,,https://palmarealtors.com/property/now-offered-at-a-reduced-price-luxury-residence,Now Offered at a Reduced Price – Luxury Residence,Land/Lot,20000000,USD,5,4.5,1350,m2,Sale,https://palmarealtors.com/storage/properties/f4304bd9c2429a5235d0c3db2757115f.jpg,Mexico,Quintana Roo,Puerto Morelos,,,Sale,2,Luis Enrique Barreto; Rocio Mariana Barreto,https://palmarealtors.com/property/now-offered-at-a-reduced-price-luxury-residence,Puerto Morelos; Other Riviera Maya
Luis Enrique Barreto,https://palmarealtors.com/,,https://palmarealtors.com/property/exclusive-residence-in-isla-dorada,Exclusive Residence in Isla Dorada,Land/Lot,19200000,USD,7,4,511,m2,Sale,https://palmarealtors.com/storage/properties/bdad739b349baed97a714b1816d5c4c1.jpg,Mexico,Quintana Roo,Puerto Morelos,,,Sale,2,Luis Enrique Barreto; Rocio Mariana Barreto,https://palmarealtors.com/property/exclusive-residence-in-isla-dorada,Puerto Morelos; Other Riviera Maya
Luis Enrique Barreto,https://palmarealtors.com/,,https://palmarealtors.com/property/beautiful-home-in-secure-residential-excluisve-area,"Beautiful home in secure Residential, excluisve area.",Land/Lot,4000000,USD,3,2.5,130,m2,Sale,https://palmarealtors.com/storage/properties/36cf02586536f9dc95ee0082448a597e.jpg,Mexico,Quintana Roo,Puerto Morelos,,,Sale,2,Luis Enrique Barreto; Rocio Mariana Barreto,https://palmarealtors.com/property/beautiful-home-in-secure-residential-excluisve-area,Puerto Morelos; Other Riviera Maya
Luis Enrique Barreto,https://palmarealtors.com/,,https://palmarealtors.com/property/acceso-cercano-a-las-mejores-atracciones-de-la-riviera-maya-incluyendo-xcaret-y-cenotes-cristalinos,"Acceso cercano a las mejores atracciones de la Riviera Maya, incluyendo Xcaret y cenotes cristalinos.",Land/Lot,3850000,USD,,5,400,m2,Sold,https://palmarealtors.com/storage/properties/cf1c80229762bcf10cefd78b1435dd65.jpg,Mexico,Quintana Roo,Puerto Morelos,,,Sale,2,Luis Enrique Barreto; Rocio Mariana Barreto,https://palmarealtors.com/property/acceso-cercano-a-las-mejores-atracciones-de-la-riviera-maya-incluyendo-xcaret-y-cenotes-cristalinos,Puerto Morelos; Other Riviera Maya
Luis Enrique Barreto,https://palmarealtors.com/,,https://palmarealtors.com/property/a-haven-of-tranquility-and-comfort-in-cancun,A Haven of Tranquility and Comfort in Cancun,Land/Lot,21500,USD,2,3,247,m2,Rent,https://palmarealtors.com/storage/properties/df8dede670d54d12556e5fafdc6fcc36.jpg,Mexico,Quintana Roo,Puerto Morelos,,,Sale,2,Luis Enrique Barreto; Rocio Mariana Barreto,https://palmarealtors.com/property/a-haven-of-tranquility-and-comfort-in-cancun,Cancun; Puerto Morelos; Other Riviera Maya
Luis Enrique Barreto,https://palmarealtors.com/,,https://palmarealtors.com/property/spectacular-villa-ocean-front,SPECTACULAR VILLA OCEAN FRONT,Land/Lot,1595000,USD,7,3.5,215,m2,Sale,https://palmarealtors.com/storage/properties/dfde2809216f9b741b31ec51ffa5e2a4.jpg,Mexico,Quintana Roo,Puerto Morelos,,,Sale,2,Luis Enrique Barreto; Rocio Mariana Barreto,https://palmarealtors.com/property/spectacular-villa-ocean-front,Puerto Morelos; Other Riviera Maya
Luis Enrique Barreto,https://palmarealtors.com/,,https://palmarealtors.com/property/beautiful-modern-house-with-ocean-view,Beautiful Modern House with Ocean View,Land/Lot,1650000,USD,7,5,450,m2,Sale,https://palmarealtors.com/storage/properties/3b28195873d0e48cdd8914b2d9c5738b.jpg,Mexico,Quintana Roo,Puerto Morelos,,,Sale,2,Luis Enrique Barreto; Rocio Mariana Barreto,https://palmarealtors.com/property/beautiful-modern-house-with-ocean-view,Puerto Morelos; Other Riviera Maya
Luis Enrique Barreto,https://palmarealtors.com/,,https://palmarealtors.com/property/impressive-residence-with-high-quality-finishes,IMPRESSIVE RESIDENCE WITH HIGH-QUALITY FINISHES,Land/Lot,16000000,USD,8,5.5,625,m2,Sale,https://palmarealtors.com/storage//f6df22deb73c4c664dbae5f1c92df649.jpg,Mexico,Quintana Roo,Puerto Morelos,,,Sale,2,Luis Enrique Barreto; Rocio Mariana Barreto,https://palmarealtors.com/property/impressive-residence-with-high-quality-finishes,Puerto Morelos; Other Riviera Maya
Luis Enrique Barreto,https://palmarealtors.com/,,https://palmarealtors.com/property/style-and-comfort-4-bedroom-house-with-pool-and-relaxing-terrace,STYLE AND COMFORT: 4-BEDROOM HOUSE WITH POOL AND RELAXING TERRACE,Land/Lot,11000000,USD,7,4,660,m2,Sale,https://palmarealtors.com/storage//948b8da03407348509cc768d5c685abc.jpg,Mexico,Quintana Roo,Puerto Morelos,,,Sale,2,Luis Enrique Barreto; Rocio Mariana Barreto,https://palmarealtors.com/property/style-and-comfort-4-bedroom-house-with-pool-and-relaxing-terrace,Puerto Morelos; Other Riviera Maya
Luis Enrique Barreto,https://palmarealtors.com/,,https://palmarealtors.com/property/splurgent-house-live-the-luxury-in-isla-dorada,SPLURGENT HOUSE: LIVE THE LUXURY IN ISLA DORADA,Land/Lot,1030000,USD,,7,674,m2,Pending Offer,https://palmarealtors.com/storage//f819459e313fcd13a1739dab9333b80e.jpg,Mexico,Quintana Roo,Puerto Morelos,,,Sale,2,Luis Enrique Barreto; Rocio Mariana Barreto,https://palmarealtors.com/property/splurgent-house-live-the-luxury-in-isla-dorada,Puerto Morelos; Other Riviera Maya
Luis Enrique Barreto,https://palmarealtors.com/,,https://palmarealtors.com/property/real-potential-the-opportunity-the-market-is-overlooking,🏠 REAL POTENTIAL: THE OPPORTUNITY THE MARKET IS OVERLOOKING,Land/Lot,9200000,USD,4,4,220,m2,Sale,https://palmarealtors.com/storage//4062699c07706f1ad0ca35eaec3d6654.jpg,Mexico,Quintana Roo,Puerto Morelos,,,Sale,2,Luis Enrique Barreto; Rocio Mariana Barreto,https://palmarealtors.com/property/real-potential-the-opportunity-the-market-is-overlooking,Puerto Morelos; Other Riviera Maya
Luis Enrique Barreto,https://palmarealtors.com/,,https://palmarealtors.com/property/spacious-family-home-with-outdoor-living-in-prime-cancun-location,Spacious Family Home with Outdoor Living in Prime Cancun Location,Land/Lot,13400000,USD,7,3,674,m2,Sale,https://palmarealtors.com/storage/properties/9f1d1ba9b987f4fc222a6a44f2bc8ea1.jpg,Mexico,Quintana Roo,Puerto Morelos,,,Sale,2,Luis Enrique Barreto; Rocio Mariana Barreto,https://palmarealtors.com/property/spacious-family-home-with-outdoor-living-in-prime-cancun-location,Cancun; Puerto Morelos; Other Riviera Maya
Luis Enrique Barreto,https://palmarealtors.com/,,https://palmarealtors.com/property/fantastic-house-on-the-beach,FANTASTIC HOUSE ON THE BEACH,Land/Lot,7200000,USD,8,8,860,m2,Sale,https://palmarealtors.com/storage/properties/43af9344ef5008282ff1296c8c37b28d.jpg,Mexico,Quintana Roo,Puerto Morelos,,,Sale,2,Luis Enrique Barreto; Rocio Mariana Barreto,https://palmarealtors.com/property/fantastic-house-on-the-beach,Puerto Morelos; Other Riviera Maya
Luis Enrique Barreto,https://palmarealtors.com/,,https://palmarealtors.com/property/luxurious-villa-minutes-from-cancuns-in-the-exclusive-villa-magna-residential,"Luxurious Villa Minutes from Cancun's in the Exclusive Villa Magna Residential""",Land/Lot,20000000,USD,7,4,1075,m2,Sale,https://palmarealtors.com/storage/properties/9b58fb2f5b163f08a9e314a153cc0b32.jpg,Mexico,Quintana Roo,Puerto Morelos,,,Sale,2,Luis Enrique Barreto; Rocio Mariana Barreto,https://palmarealtors.com/property/luxurious-villa-minutes-from-cancuns-in-the-exclusive-villa-magna-residential,Cancun; Puerto Morelos; Other Riviera Maya
Luis Enrique Barreto,https://palmarealtors.com/,,https://palmarealtors.com/property/beautiful-house-in-puerto-morelos,BEAUTIFUL HOUSE IN PUERTO MORELOS,Land/Lot,2350000,USD,5,7,3000,sqft,Sale,https://palmarealtors.com/storage/properties/58630f4d87e782d9eb80017a35a1a3b8.jpg,Mexico,Quintana Roo,Playa del Carmen,,,Sale,2,Luis Enrique Barreto; Rocio Mariana Barreto,https://palmarealtors.com/property/beautiful-house-in-puerto-morelos,Playa del Carmen; Puerto Morelos; Other Riviera Maya
Luis Enrique Barreto,https://palmarealtors.com/,,https://palmarealtors.com/property/beautiful-house-with-ocean-view-7-rooms-own-private-beach,"BEAUTIFUL HOUSE WITH OCEAN VIEW, 7 ROOMS, OWN PRIVATE BEACH",Land/Lot,4700000,USD,7,7,2500,m2,Sale,https://palmarealtors.com/storage//9ee7b970d6a459cdb1fcb5fc048b2dda.jpg,Mexico,Quintana Roo,Puerto Morelos,,,Sale,2,Luis Enrique Barreto; Rocio Mariana Barreto,https://palmarealtors.com/property/beautiful-house-with-ocean-view-7-rooms-own-private-beach,Puerto Morelos; Other Riviera Maya
Luis Enrique Barreto,https://palmarealtors.com/,,https://palmarealtors.com/property/investment-opportunity-residential-lands-for-sale-in-puerto-morelos,Investment Opportunity Residential Lands for Sale in Puerto Morelos,Land/Lot,1200000,USD,,7,400,m2,Sale,https://palmarealtors.com/storage/properties/2cb7d6f701c51df3ffd36728fce8de39.jpg,Mexico,Quintana Roo,Tulum,,,Sale,2,Luis Enrique Barreto; Rocio Mariana Barreto,https://palmarealtors.com/property/investment-opportunity-residential-lands-for-sale-in-puerto-morelos,Puerto Morelos; Tulum; Other Riviera Maya
Luis Enrique Barreto,https://palmarealtors.com/,,https://palmarealtors.com/property/corporate-offices-for-sale-torre-spectrum-cancun,"🏢 Corporate Offices for Sale – Torre Spectrum, Cancún",Land/Lot,15500000,USD,,7,263.98,m2,Sale,https://palmarealtors.com/storage/properties/890aeab2dd47bb578dfbaae6398808de.jpg,Mexico,Quintana Roo,Puerto Morelos,,,Sale,2,Luis Enrique Barreto; Rocio Mariana Barreto,https://palmarealtors.com/property/corporate-offices-for-sale-torre-spectrum-cancun,Cancun; Puerto Morelos; Other Riviera Maya
Uly Savchenko,https://playadelcarmenrealestatemexico.com,,https://playadelcarmenrealestatemexico.com/real-estate/puerto-morelos-condos-cozy-one-bedroom-for-sale/,Puerto Morelos Condos | Cozy One Bedroom for Sale - Living Riviera Maya Real Estate,Land/Lot,205051,USD,2,1,1044,sqft,"Easy breezy coastal living with rooftop perks and a fresh take on comfort. Just a short stroll from the sea and steps from the charm of Puerto Morelos, this boutique collection of only 12 condos brings a laid-back vibe with just the right splash of style. Designed with six unique layouts, each space feels thoughtfully […]",https://storage.googleapis.com/playa2tutlumcom/2024/02/Judi-Shaw.jpg.webp,Mexico,Quintana Roo,Tulum,,,Sale,1,Uly Savchenko,https://playadelcarmenrealestatemexico.com/real-estate/puerto-morelos-condos-cozy-one-bedroom-for-sale/,Puerto Morelos; Tulum; Other Riviera Maya
Cantu Real Estate,https://canturealestate.com.mx/,,https://canturealestate.com.mx/property/bodega-industrial-en-renta-en-tlalnepantla-estado-de-mexico/,"Bodega Industrial en Renta en Tlalnepantla, Estado de México - Cantú Real Estate",House,189337.00,USD,0,0,15778.16,m2,"BODEGA EN RENTA EN Tlalnepantla, Estado de México $189,337.92 Av. Mario Colín, Valle Ceylán. Tlalnepantla, Estado de México Especificaciones técnicas Bodega Disponible 15,778.16 m² Patio de maniobras carga y descarga de furgones y contenedores 28,000 m2, áreas verdes y deportivas 8,965 m2 Claros entre columnas, 53 x 20 m Anden con espuela, capacidad de 18",https://canturealestate.com.mx/wp-content/uploads/2025/08/7271089_31998976785845626616371960419363884673626518839966096719025500642026693862110.jpg,Mexico,Quintana Roo,Puerto Morelos,,,Rent,1,Cantu Real Estate,https://canturealestate.com.mx/property/bodega-industrial-en-renta-en-tlalnepantla-estado-de-mexico/,Puerto Morelos; Other Riviera Maya
Cantu Real Estate,https://canturealestate.com.mx/,,https://canturealestate.com.mx/property/departamento-garden-en-puerto-morelos/,DEPARTAMENTO GARDEN EN PUERTO MORELOS - Cantú Real Estate,Land/Lot,430000.00,USD,1,2,,,"HERMOSO DEPARTAMENTO GARDEN Vive frente al mar Caribe en este precioso departamento tipo garden en venta en Puerto Morelos, una de las joyas costeras más tranquilas y exclusivas de la Riviera Maya. Con acceso directo a la playa y un diseño que combina confort, privacidad y elegancia, esta propiedad es ideal como inversión vacacional o",https://canturealestate.com.mx/wp-content/uploads/2023/12/Logo-horizontal.png; https://canturealestate.com.mx/wp-content/uploads/2026/08/8572087_55487693840568190756399520804751439023637198567648287655900693184754231978205-592x444.jpg; https://canturealestate.com.mx/wp-content/uploads/2020/07/placeholder-592x444.png; https://canturealestate.com.mx/wp-content/uploads/2026/07/8415650_5088795463719265494114678138744909408195660716934478098702588259362962270230-592x444.jpg; https://canturealestate.com.mx/wp-content/themes/houzez/img/profile-avatar.png; https://canturealestate.com.mx/wp-content/uploads/2024/09/Logo-Blanco-completo-cantu-SF.png; https://canturealestate.com.mx/wp-content/uploads/2025/12/7572899_101827763387257339327247599784820175617964097797022776157281255699508294997461.jpg; https://canturealestate.com.mx/wp-content/uploads/2025/12/7572899_58849415293389665642004947867039229310233657442327823569960623454314340098016.jpg,Mexico,Quintana Roo,Playa del Carmen,,,Rent,1,Cantu Real Estate,https://canturealestate.com.mx/property/departamento-garden-en-puerto-morelos/,Playa del Carmen; Puerto Morelos; Other Riviera Maya
Cantu Real Estate,https://canturealestate.com.mx/,,https://canturealestate.com.mx/property/renta-y-venta-de-bodegas-comerciales-carretera-federal-cancun-puerto-morelos/,"RENTA Y VENTA DE BODEGAS COMERCIALES, CARRETERA FEDERAL CANCUN-PUERTO MORELOS - Cantú Real Estate",House,4200000.00,USD,0,0,517,m2,"BODEGAS Y LOCALES COMERCIALES EN PUERTO MORELOS ???? Invierte o establece tu operación en uno de los nuevos hubs logísticos con mayor proyección en Quintana Roo. Ubicación estratégica sobre la Carretera Federal 307 Cancún – Chetumal, Puerto Morelos. BODEGAS DISPONIBLES Desde 517 m² hasta 735 m² Altura de 8 metros Andén de carga y descarga",https://canturealestate.com.mx/wp-content/uploads/2026/05/8083770_70943469363662817008000119897416980349367345262665024109171387419291544038403.jpg,Mexico,Quintana Roo,Puerto Morelos,,,Rent,1,Cantu Real Estate,https://canturealestate.com.mx/property/renta-y-venta-de-bodegas-comerciales-carretera-federal-cancun-puerto-morelos/,Cancun; Puerto Morelos; Other Riviera Maya
Cantu Real Estate,https://canturealestate.com.mx/,,https://canturealestate.com.mx/property/departamento-en-puerto-morelos/,Departamento en Puerto Morelos - Cantú Real Estate,Land/Lot,6800000.00,USD,3,3,170,m2,"Residencia de Lujo dentro de Aldea Ha | Puerto Morelos | Terraza con Jacuzzi Privado ESTRATEGIA INMOBILIARIA | RESIDENCIAL ALDEA HADiseño Contemporáneo • Entorno Natural • Alta PlusvalíaUbicada en el corazón de Aldea Ha, esta propiedad de 170 m² de construcción representa el equilibrio perfecto entre la arquitectura moderna y la serenidad de la naturaleza.",https://canturealestate.com.mx/wp-content/uploads/2026/03/7868459_85609920854664816114058931739649107843940553701836466277577279020633475308225.jpg,Mexico,Quintana Roo,Playa del Carmen,,,Rent,1,Cantu Real Estate,https://canturealestate.com.mx/property/departamento-en-puerto-morelos/,Playa del Carmen; Puerto Morelos; Other Riviera Maya
Caribbean Real Estate,https://caribbeanrealestatemls.com/destinations/mexico/,,https://caribbeanrealestatemls.com/real-estate/riviera-maya/3aabdc-1-bedroom-condos-for-sale-the-fives-oceanfront-puerto-morelos-mexico/,"1 Bedroom Condos for Sale, The Fives Oceanfront, Puerto Morelos, Mexico",Condo/Apartment,249000,USD,1,1,818,sqft,,,Mexico,Quintana Roo,Playa del Carmen,,,Rent,1,Caribbean Real Estate,https://caribbeanrealestatemls.com/real-estate/riviera-maya/3aabdc-1-bedroom-condos-for-sale-the-fives-oceanfront-puerto-morelos-mexico/,Playa del Carmen; Puerto Morelos; Other Riviera Maya
Cristopher Llantada,https://hometulum.com/,,https://hometulum.com/directory/luxury-2-bedroom-condo-with-private-pool-and-ocean-views-in-puerto-morelos-perfect-for-vacation-rentals/,Luxury 2-Bedroom Condo with Private Pool and Ocean Views in Puerto Morelos – Perfect for Vacation Rentals - Home Tulum Real Estate,Condo/Apartment,967250.00,USD,2,2,1344.32,sqft,Luxury 2-Bedroom Condo with Private Pool and Ocean Views in Puerto Morelos – Perfect for Vacation Rentals,https://hometulum.com/wp-content/uploads/2024/09/15.-Bedroom-768x432.jpeg; https://hometulum.com/wp-content/uploads/2024/09/15.-Bedroom.jpeg,Mexico,Quintana Roo,Tulum,,,Rent,2,Cristopher Llantada; HOME,https://hometulum.com/directory/luxury-2-bedroom-condo-with-private-pool-and-ocean-views-in-puerto-morelos-perfect-for-vacation-rentals/,Puerto Morelos; Tulum; Other Riviera Maya
Gelena Doehmel Realtor Mexico,https://yucatanexpert.com/,,https://yucatanexpert.com/real-estate/stunning-beachfront-villa-for-sale-near-puerto-morelos/,Stunning Beachfront Villa for Sale near Puerto Morelos - Yucatan Expert,Land/Lot,3995000,USD,,5,,,"Explore this Stunning Beachfront Villa for Sale near Puerto Morelos, featuring 5 beds, 5.5 baths, and breathtaking ocean views.",https://storage.googleapis.com/yucatanexpert/2023/12/Gelenaweddings-small.jpg.webp,Mexico,Quintana Roo,Tulum,,,Rent,1,Gelena Doehmel Realtor Mexico,https://yucatanexpert.com/real-estate/stunning-beachfront-villa-for-sale-near-puerto-morelos/,Puerto Morelos; Tulum; Other Riviera Maya
Gelena Doehmel Realtor Mexico,https://yucatanexpert.com/,,https://yucatanexpert.com/real-estate/3-bedroom-at-modern-beachfront-condo-hotel/,3-Bedroom at Modern Beachfront Condo Hotel - Yucatan Expert,Land/Lot,1888290,USD,,3,,,"Explore beachfront condos for sale in Puerto Morelos. 73 luxury residences with lock-off options, resort amenities, and hotel-managed ROI.",https://storage.googleapis.com/yucatanexpert/2023/12/Gelenaweddings-small.jpg.webp,Mexico,Quintana Roo,Tulum,,,Rent,1,Gelena Doehmel Realtor Mexico,https://yucatanexpert.com/real-estate/3-bedroom-at-modern-beachfront-condo-hotel/,Puerto Morelos; Tulum; Other Riviera Maya
Karina Sayed,https://playarealtors.co,Tokko Broker,https://playarealtors.co/listings/studio-for-sale-puerto-morelos-authentic-caribbean-living-with-pool-and-direct-beach-access/,"Studio for Sale, Puerto Morelos – Authentic Caribbean Living with Pool and Direct Beach Access - Playa Realtors",Land/Lot,295611,USD,2,2,51.75,m2,"As the President and Broker of Playa Realtors, Karina brings a wealth of expertise, extensive knowledge, and a remarkable professional journey to the forefront.",https://playarealtors.co/wp-content/uploads/2026/05/playarealtors-social.jpg,Mexico,Q.R.,Gonzalo Guerrero,,,Rent,2,Karina Sayed,https://playarealtors.co/listings/2-bedroom-condo-for-sale-in-tulum-high-return-on-investment/; https://playarealtors.co/listings/studio-for-sale-puerto-morelos-authentic-caribbean-living-with-pool-and-direct-beach-access/,Puerto Morelos
Karina Sayed,https://playarealtors.co,Tokko Broker,https://playarealtors.co/listings/condo-for-sale-2-bedrooms-in-puerto-morelos-natural-light-open-spaces-authentic-caribbean-living/,"Condo for Sale, 2 Bedrooms in Puerto Morelos – Natural Light, Open Spaces &amp; Authentic Caribbean Living - Playa Realtors",Land/Lot,983055,USD,2,2,134.90,m2,"As the President and Broker of Playa Realtors, Karina brings a wealth of expertise, extensive knowledge, and a remarkable professional journey to the forefront.",https://playarealtors.co/wp-content/uploads/2026/05/playarealtors-social.jpg,Mexico,Q.R.,Gonzalo Guerrero,,,Rent,1,Karina Sayed,https://playarealtors.co/listings/condo-for-sale-2-bedrooms-in-puerto-morelos-natural-light-open-spaces-authentic-caribbean-living/,Puerto Morelos
Karina Sayed,https://playarealtors.co,Tokko Broker,https://playarealtors.co/listings/penthouse-for-sale-2-bedrooms-in-puerto-morelos-with-terrace-and-ocean-view/,"Penthouse for Sale, 2 Bedrooms in Puerto Morelos with Terrace and Ocean View - Playa Realtors",Land/Lot,900611,USD,2,2,144.07,m2,"As the President and Broker of Playa Realtors, Karina brings a wealth of expertise, extensive knowledge, and a remarkable professional journey to the forefront.",https://playarealtors.co/wp-content/uploads/2026/05/playarealtors-social.jpg,Mexico,Q.R.,Gonzalo Guerrero,,,Rent,1,Karina Sayed,https://playarealtors.co/listings/penthouse-for-sale-2-bedrooms-in-puerto-morelos-with-terrace-and-ocean-view/,Puerto Morelos
Karina Sayed,https://playarealtors.co,Tokko Broker,https://playarealtors.co/listings/condo-for-sale-2-bedrooms-in-puerto-morelos-oceanfront-with-investor-lock-off/,"Condo for Sale, 2 Bedrooms in Puerto Morelos – Oceanfront with Investor Lock-Off - Playa Realtors",Land/Lot,1205111,USD,2,3.5,186.12,m2,"As the President and Broker of Playa Realtors, Karina brings a wealth of expertise, extensive knowledge, and a remarkable professional journey to the forefront.",https://playarealtors.co/wp-content/uploads/2026/05/playarealtors-social.jpg,Mexico,Q.R.,Gonzalo Guerrero,,,Rent,1,Karina Sayed,https://playarealtors.co/listings/condo-for-sale-2-bedrooms-in-puerto-morelos-oceanfront-with-investor-lock-off/,Puerto Morelos
Karina Sayed,https://playarealtors.co,Tokko Broker,https://playarealtors.co/listings/1-bedroom-condo-for-sale-in-puerto-morelos-rooftop-pool-ocean-views/,1 Bedroom Condo for Sale in Puerto Morelos – Rooftop Pool &amp; Ocean Views - Playa Realtors,Land/Lot,296216,USD,1,1,70.37,m2,"As the President and Broker of Playa Realtors, Karina brings a wealth of expertise, extensive knowledge, and a remarkable professional journey to the forefront.",https://playarealtors.co/wp-content/uploads/2026/05/playarealtors-social.jpg,Mexico,Q.R.,Gonzalo Guerrero,,,Rent,1,Karina Sayed,https://playarealtors.co/listings/1-bedroom-condo-for-sale-in-puerto-morelos-rooftop-pool-ocean-views/,Puerto Morelos
Karina Sayed,https://playarealtors.co,Tokko Broker,https://playarealtors.co/listings/las-casitas-puerto-morelos-for-sale-one-of-a-kind-caribbean-sea-view-condo/,Las Casitas Puerto Morelos for Sale – One-of-a-Kind Caribbean Sea View Condo - Playa Realtors,Land/Lot,879000,USD,2,2,141.75,m2,"As the President and Broker of Playa Realtors, Karina brings a wealth of expertise, extensive knowledge, and a remarkable professional journey to the forefront.",https://playarealtors.co/wp-content/uploads/2026/05/playarealtors-social.jpg,Mexico,Q.R.,Gonzalo Guerrero,,,Rent,1,Karina Sayed,https://playarealtors.co/listings/las-casitas-puerto-morelos-for-sale-one-of-a-kind-caribbean-sea-view-condo/,Puerto Morelos
Philip Glen,https://www.philipglen.com/,EasyBroker,https://www.philipglen.com/property/beachfront-living-in-puerto-morelos-turnkey-2br-condo-at-nalu,Beachfront Living in Puerto Morelos: Turnkey 2BR Condo at NALU,Condo/Apartment,799000,USD,2,2,141.4,m2,"Discover your slice of coastal paradise at NALU 102, a premium first-floor residence in the sought-after beachfront community of NALU in Puerto Morelos. The property is just one year old with all o...",https://assets.easybroker.com/property_images/5728083/100192613/EB-UZ8083.jpg?height=300&version=1767902115&width=450,Mexico,Quintana Roo,Tulum,,,Rent,1,Philip Glen,https://www.philipglen.com/property/beachfront-living-in-puerto-morelos-turnkey-2br-condo-at-nalu,Puerto Morelos; Tulum; Other Riviera Maya
Philip Glen,https://www.philipglen.com/,EasyBroker,https://www.philipglen.com/property/puerto-morelos-2-bedroom-just-steps-from-the-sand,Puerto Morelos 2 Bedroom: Just Steps from the Sand,Condo/Apartment,376660,USD,2,2,106,m2,"Discover Koox Puerto Morelos, an exclusive, boutique pre-construction development with only 30 residences with delivery in spring 2027. This is a rare opportunity for discerning buyers seeking priv...",https://assets.easybroker.com/property_images/5639440/98321603/EB-UQ9440.png?height=300&version=1762880094&width=450,Mexico,Quintana Roo,Tulum,,,Rent,1,Philip Glen,https://www.philipglen.com/property/puerto-morelos-2-bedroom-just-steps-from-the-sand,Puerto Morelos; Tulum; Other Riviera Maya
Philip Glen,https://www.philipglen.com/,EasyBroker,https://www.philipglen.com/property/puerto-morelos-penthouse-your-private-rooftop-oasis-just-steps-from-the-sand,"Puerto Morelos Penthouse:  Your Private Rooftop Oasis, Just Steps from the Sand",Penthouse,313999,USD,1,1,96,m2,"Discover Koox Puerto Morelos, an exclusive, boutique pre-construction development with only 30 residences with delivery in spring 2027. This is a rare opportunity for discerning buyers seeking priv...",https://assets.easybroker.com/property_images/5639319/98319305/EB-UQ9319.png?height=300&version=1762878470&width=450,Mexico,Quintana Roo,Tulum,,,Rent,1,Philip Glen,https://www.philipglen.com/property/puerto-morelos-penthouse-your-private-rooftop-oasis-just-steps-from-the-sand,Puerto Morelos; Tulum; Other Riviera Maya
Philip Glen,https://www.philipglen.com/,EasyBroker,https://www.philipglen.com/property/puerto-morelos-oceanview-flats-steps-from-the-sea,Puerto Morelos Oceanview Flats Steps from the Sea,Condo/Apartment,175000,USD,0,1,50,m2,"Discover a sanctuary of contemporary design and authentic Caribbean charm, where exclusive amenities meet the soul of the Riviera Maya's best-kept secret. The Residence: Sophisticated Coastal Livin...",https://assets.easybroker.com/property_images/5591689/97277389/EB-UM1689.jpg?height=300&version=1760748925&width=450,Mexico,Quintana Roo,Tulum,,,Rent,1,Philip Glen,https://www.philipglen.com/property/puerto-morelos-oceanview-flats-steps-from-the-sea,Puerto Morelos; Tulum; Other Riviera Maya
Philip Glen,https://www.philipglen.com/,EasyBroker,https://www.philipglen.com/property/absolute-oceanfront-in-puerto-morelos-barefoot-luxury-2-bedroom-lockoff,Absolute Oceanfront in Puerto Morelos: Barefoot Luxury 2 Bedroom + Lockoff,Land/Lot,799000,USD,2,2,195,m2,"Experience a rare convergence of sophisticated design and the serene soul of the Caribbean at Nalu, an exclusive collection of just twelve oceanfront residences. This is not merely a home; it is a ...",https://assets.easybroker.com/property_images/5591610/97275952/EB-UM1610.jpg?height=300&version=1762887554&width=450,Mexico,Quintana Roo,Tulum,,,Rent,1,Philip Glen,https://www.philipglen.com/property/absolute-oceanfront-in-puerto-morelos-barefoot-luxury-2-bedroom-lockoff,Puerto Morelos; Tulum; Other Riviera Maya
Sena Real Estate,https://www.sena-realestate.com/,Tokko Broker,https://www.sena-realestate.com/p/8175689-Oficina-en-Renta-en-Central-de-Abasto-RENTA-DE-OFICINA-CENTRAL-DE-ABASTOS-CANCUN,Oficina en Renta en Central de Abasto - Central de Abasto,Land/Lot,45000,MXN,,,350,m2,"OFREZCO OFICINA CORPORATIVA EN RENTA – CENTRAL DE ABASTOS, CANCÚN Renta: $45,000 MXN + impuestosMantenimiento incluido Ubica tu empresa en una de las zonas comerciales y logísticas más estratégicas de Cancún. Esta amplia oficina corporativa se encuentra dentro de la Central de Abastos sobre Avenida Colosio, una ubicación privilegiada con excelente conectividad hacia el Aeropuerto Internacional de Cancún, Zona Hotelera, Puerto Morelos, Playa del Carmen y las principales vías de la ciudad. Características: • 350 m² de construcción• Ubicada en segundo nivel• 5 cajones de estacionamiento• Aire aco",https://static.tokkobroker.com/sm_pics/8175689_91206300754036102528092436508171850292384219928956338994427599428922400523650_og.jpg,Mexico,Quintana Roo,Playa del Carmen,,,Rent,1,Sena Real Estate,https://www.sena-realestate.com/p/8175689-Oficina-en-Renta-en-Central-de-Abasto-RENTA-DE-OFICINA-CENTRAL-DE-ABASTOS-CANCUN,Cancun; Playa del Carmen; Puerto Morelos; Other Riviera Maya
Viviun,https://www.viviun.com/mexico-caribbean-real-estate,,https://www.viviun.com/mexico-caribbean-resorts-for-sale,Mexico Caribbean Resorts for Sale: List and Find the Best Resort Properties in the Mexico,Unknown,,,1,1,,,,https://www.viviun.com/assets/immutable/v1/images/viviun_logo.png; https://www.viviun.com/assets/immutable/v1/icons/h.png,Mexico,Quintana Roo,Puerto Morelos,,,Rent,1,Viviun,https://www.viviun.com/mexico-caribbean-resorts-for-sale,Puerto Morelos; Other Riviera Maya
Viviun,https://www.viviun.com/mexico-caribbean-real-estate,,https://www.viviun.com/mexico-caribbean-house-rentals,Mexico Caribbean House Rentals: List and Find the Best House Properties the Mexico,House,3500.00,USD,4,4,,,,https://www.viviun.com/assets/immutable/v1/images/viviun_logo.png; https://i.viviun.net/i/1/l/285281/8JDFFQ/1/B31E56/4-bedroom-beach-house-rental-for-sale-and-rent-in-sinanche-yucatan-mexico.webp; https://i.viviun.net/i/1/l/285356/376FY9/1/647149/apartments-for-sale-and-rent-in-sinanche-yucatan-mexico.webp; https://i.viviun.net/i/1/l/280498/EKST61/1/6C71AB/townhouse-villa-for-sale-and-rent-in-cancun-quintana-roo-mexico.webp; https://i.viviun.net/i/1/l/3276/1NBU6M/1/4B4A55/villa-for-rent-in-cancun-mexico.webp; https://i.viviun.net/i/1/l/3275/O8QI2V/1/B764A8/villa-for-rent-in-cancun-mexico.webp; https://i.viviun.net/i/1/l/3274/2RRE2U/1/54D1CA/villa-for-rent-in-cancun-mexico.webp; https://i.viviun.net/i/1/l/3273/12EU0K/1/289DA5/villa-for-rent-in-cancun-mexico.webp,Mexico,Quintana Roo,Puerto Morelos,,,Rent,1,Viviun,https://www.viviun.com/mexico-caribbean-house-rentals,Puerto Morelos; Other Riviera Maya
Mary D. Serrano,https://mexicorealtyliving.com,,https://mexicorealtyliving.com/real-estate/amazing-ocean-view-2-bd-lock-off-for-sale-in-puerto-morelos/,Amazing Ocean View 2br Lock Off For Sale in Puerto Morelos. Unit 305 - Mexico Realty Living,Land/Lot,395600,USD,1,,,,"Luxury Condo just 3 minutes away from the beach. Located in the heart of Puerto Morelos, just 30 minutes in both directions from Playa del Carmen and Cancun. Puerto Morelos offers a stark contrast to the thousands of hotel resorts, sprawling cities like Cancun City, Playa del Carmen, and Tulum City, theme parks, block-long discos, […]",https://storage.googleapis.com/mexicorealtyliving/2025/01/Mary-D-Serrano-1737737959561.jpg.webp,Mexico,Quintana Roo,Tulum,,,Rent,1,Mary D. Serrano,https://mexicorealtyliving.com/real-estate/amazing-ocean-view-2-bd-lock-off-for-sale-in-puerto-morelos/,Cancun; Playa del Carmen; Puerto Morelos; Tulum; Other Riviera Maya
Mary D. Serrano,https://mexicorealtyliving.com,,https://mexicorealtyliving.com/real-estate/breathtaking-3br-oceanfront-for-sale-in-puerto-morelos/,Breathtaking 3br Oceanfront for Sale in Puerto Morelos - Mexico Realty Living,Land/Lot,1173853,USD,2,3,,,"A beachfront condominium for sale located on the north end of town in the hotel zone, between Cancun and Playa del Carmen, is just 25 minutes south of Cancun International Airport emerges this development to evolve Riviera Maya and this fishing town that retains some of its original fishing village characters. Bao Puerto Morelos features […]",https://storage.googleapis.com/mexicorealtyliving/2025/01/Mary-D-Serrano-1737737959561.jpg.webp,Mexico,Quintana Roo,Tulum,,,Rent,2,Mary D. Serrano,https://mexicorealtyliving.com/real-estate/breathtaking-3br-oceanfront-for-sale-in-puerto-morelos/; https://mexicorealtyliving.com/real-estate/family-condo-for-sale-in-corasol-mareazul-2/,Cancun; Playa del Carmen; Puerto Morelos; Tulum; Other Riviera Maya
Luis Enrique Barreto,https://palmarealtors.com/,,https://palmarealtors.com/property/ocean-view-condo-in-cancun-or-prime-investment-opportunity,Ocean-View Condo in Cancun | Prime Investment Opportunity,Land/Lot,3200000,USD,2,1,60,m2,Sale,https://palmarealtors.com/storage/properties/2082e4d61cd8111300b1f4b37f34df44.jpg,Mexico,Quintana Roo,Puerto Morelos,,,Rent,2,Luis Enrique Barreto; Rocio Mariana Barreto,https://palmarealtors.com/property/ocean-view-condo-in-cancun-or-prime-investment-opportunity,Cancun; Puerto Morelos; Other Riviera Maya
Luis Enrique Barreto,https://palmarealtors.com/,,https://palmarealtors.com/property/studio-for-rent-in-puerto-morelos-with-shared-pool,Studio for rent in Puerto Morelos with shared pool,Land/Lot,10500,USD,1,1,2500,m2,Rent,https://palmarealtors.com/storage/properties/ea8c44dc4a7d5cafcdf78fc782bcb85a.jpg,Mexico,Quintana Roo,Playa del Carmen,,,Rent,2,Luis Enrique Barreto; Rocio Mariana Barreto,https://palmarealtors.com/property/studio-for-rent-in-puerto-morelos-with-shared-pool,Playa del Carmen; Puerto Morelos; Other Riviera Maya
Luis Enrique Barreto,https://palmarealtors.com/,,https://palmarealtors.com/property/3-bedroom-house-for-rent-in-puerto-morelos-with-pool,3-bedroom house for rent in Puerto Morelos with pool,Land/Lot,22500,USD,3,3,2500,m2,Rent,https://palmarealtors.com/storage/properties/e5332c523035d0228294b83785c5200f.jpg,Mexico,Quintana Roo,Playa del Carmen,,,Rent,2,Luis Enrique Barreto; Rocio Mariana Barreto,https://palmarealtors.com/property/3-bedroom-house-for-rent-in-puerto-morelos-with-pool,Playa del Carmen; Puerto Morelos; Other Riviera Maya
Luis Enrique Barreto,https://palmarealtors.com/,,https://palmarealtors.com/property/long-term-rental-cozy-furnished-studio-for-rent-in-puerto-morelos,Long Term rental-Cozy Furnished Studio for Rent in Puerto Morelos,Land/Lot,8500,USD,1,1,55,m2,Rent,https://palmarealtors.com/storage/properties/af02e73c221ed449f7a28470b29ecd54.jpg,Mexico,Quintana Roo,Puerto Morelos,,,Rent,2,Luis Enrique Barreto; Rocio Mariana Barreto,https://palmarealtors.com/property/long-term-rental-cozy-furnished-studio-for-rent-in-puerto-morelos,Puerto Morelos; Other Riviera Maya
Luis Enrique Barreto,https://palmarealtors.com/,,https://palmarealtors.com/property/long-term-furnished-rental-make-puerto-morelos-your-home,Long-Term Furnished Rental- Make Puerto Morelos Your Home,Land/Lot,20000,USD,3,3,310,m2,Rent,https://palmarealtors.com/storage/properties/7a72e73e1ed8f62493988fee76101ecd.jpg,Mexico,Quintana Roo,Puerto Morelos,,,Rent,2,Luis Enrique Barreto; Rocio Mariana Barreto,https://palmarealtors.com/property/long-term-furnished-rental-make-puerto-morelos-your-home,Puerto Morelos; Other Riviera Maya
Luis Enrique Barreto,https://palmarealtors.com/,,https://palmarealtors.com/property/stunning-oceanfront-living-at-villas-marlin,Stunning Oceanfront Living at Villas Marlin,Land/Lot,788000,USD,2,3,177,m2,Sale,https://palmarealtors.com/storage/properties/929c50f8cd132e2b02a295c2ac3ed87a.jpg,Mexico,Quintana Roo,Puerto Morelos,,,Rent,2,Luis Enrique Barreto; Rocio Mariana Barreto,https://palmarealtors.com/property/stunning-oceanfront-living-at-villas-marlin,Puerto Morelos; Other Riviera Maya
Luis Enrique Barreto,https://palmarealtors.com/,,https://palmarealtors.com/property/exceptional-two-level-residence-with-ocean-views-and-private-rooftop,Exceptional Two-Level Residence with Ocean Views & Private Rooftop,Land/Lot,13900000,USD,3,3,75,m2,Sale,https://palmarealtors.com/storage/properties/2f4b48b166ff7f5b5c67755b9ed1db89.jpg,Mexico,Quintana Roo,Puerto Morelos,,,Rent,2,Luis Enrique Barreto; Rocio Mariana Barreto,https://palmarealtors.com/property/exceptional-two-level-residence-with-ocean-views-and-private-rooftop,Puerto Morelos; Other Riviera Maya
Luis Enrique Barreto,https://palmarealtors.com/,,https://palmarealtors.com/property/penthouse-with-private-terrace,Penthouse with private terrace,Land/Lot,3800000,USD,2,3,203,m2,Sale,https://palmarealtors.com/storage/properties/81957383efa3f79848f81ae0916fab08.jpg,Mexico,Quintana Roo,Puerto Morelos,,,Rent,2,Luis Enrique Barreto; Rocio Mariana Barreto,https://palmarealtors.com/property/penthouse-with-private-terrace,Puerto Morelos; Other Riviera Maya
Luis Enrique Barreto,https://palmarealtors.com/,,https://palmarealtors.com/property/new-luxury-ground-floor-residence,New Luxury Ground-Floor Residence,Land/Lot,19800000,USD,,3,260.40,m2,Sale or Rent,https://palmarealtors.com/storage/properties/59d5274c32167178b5e3eefdb5e43290.jpg,Mexico,Quintana Roo,Puerto Morelos,,,Rent,2,Luis Enrique Barreto; Rocio Mariana Barreto,https://palmarealtors.com/property/new-luxury-ground-floor-residence,Puerto Morelos; Other Riviera Maya
Luis Enrique Barreto,https://palmarealtors.com/,,https://palmarealtors.com/property/live-or-invest-in-one-of-cancuns-fastest-growing-areas,Live or Invest in One of Cancún’s Fastest-Growing Areas,Land/Lot,5100000,USD,2,2,110,m2,Sale,https://palmarealtors.com/storage/properties/36deea5fdf91b859455fda4d25a026d5.jpg,Mexico,Quintana Roo,Puerto Morelos,,,Rent,2,Luis Enrique Barreto; Rocio Mariana Barreto,https://palmarealtors.com/property/live-or-invest-in-one-of-cancuns-fastest-growing-areas,Cancun; Puerto Morelos; Other Riviera Maya
Luis Enrique Barreto,https://palmarealtors.com/,,https://palmarealtors.com/property/coastal-bliss-exceptional-condo-with-direct-caribbean-access-in-cancun,COASTAL BLISS: EXCEPTIONAL CONDO WITH DIRECT CARIBBEAN ACCESS IN CANCUN,Land/Lot,14500000,USD,2,3,188,m2,Sale,https://palmarealtors.com/storage//ec30b6ba22a02b80ed7bfd562e77e0b1.jpg,Mexico,Quintana Roo,Puerto Morelos,,,Rent,2,Luis Enrique Barreto; Rocio Mariana Barreto,https://palmarealtors.com/property/coastal-bliss-exceptional-condo-with-direct-caribbean-access-in-cancun,Cancun; Puerto Morelos; Other Riviera Maya
Luis Enrique Barreto,https://palmarealtors.com/,,https://palmarealtors.com/property/waterfront-mansion-with-private-dock-and-5-luxury-suites,"""Waterfront Mansion with Private Dock & 5 Luxury Suites.""",Land/Lot,1900000,USD,4,5,855,m2,Sale,https://palmarealtors.com/storage/properties/f83ab0ab1de5779e0dbe1378c9cf3656.jpg,Mexico,Quintana Roo,Puerto Morelos,,,Rent,2,Luis Enrique Barreto; Rocio Mariana Barreto,https://palmarealtors.com/property/waterfront-mansion-with-private-dock-and-5-luxury-suites,Puerto Morelos; Other Riviera Maya
Luis Enrique Barreto,https://palmarealtors.com/,,https://palmarealtors.com/property/prime-investment-opportunity-mixed-use-estate-steps-from-cancuns-hotel-zone,Prime Investment Opportunity: Mixed-Use Estate Steps from Cancun’s Hotel Zone,Land/Lot,10100000,USD,3,4,110,m2,Sale,https://palmarealtors.com/storage/properties/897dfce400704666566505bb576734ef.jpg,Mexico,Quintana Roo,Puerto Morelos,,,Rent,2,Luis Enrique Barreto; Rocio Mariana Barreto,https://palmarealtors.com/property/prime-investment-opportunity-mixed-use-estate-steps-from-cancuns-hotel-zone,Cancun; Puerto Morelos; Other Riviera Maya
Luis Enrique Barreto,https://palmarealtors.com/,,https://palmarealtors.com/property/prime-mixed-use-opportunity-or-steps-from-puerto-cancun,Prime Mixed-Use Opportunity | Steps from Puerto Cancún,Land/Lot,10500000,USD,8,9,550,m2,Sale,https://palmarealtors.com/storage/properties/5c305dccfd0dfebf7283b00c07c42195.jpg,Mexico,Quintana Roo,Puerto Morelos,,,Rent,2,Luis Enrique Barreto; Rocio Mariana Barreto,https://palmarealtors.com/property/prime-mixed-use-opportunity-or-steps-from-puerto-cancun,Cancun; Puerto Morelos; Other Riviera Maya
Luis Enrique Barreto,https://palmarealtors.com/,,https://palmarealtors.com/property/casa-venta-cancun-centro-uso-mixto-sm4,House for Sale in Cancun Downtown,Land/Lot,11000000,USD,3,5,312,m2,Sale,https://palmarealtors.com/storage/properties/8dfaa2ac51e94157e49eb5808f8a945f.jpg,Mexico,Quintana Roo,Puerto Morelos,,,Rent,2,Luis Enrique Barreto; Rocio Mariana Barreto,https://palmarealtors.com/property/casa-venta-cancun-centro-uso-mixto-sm4,Cancun; Puerto Morelos; Other Riviera Maya
Luis Enrique Barreto,https://palmarealtors.com/,,https://palmarealtors.com/property/price-dropped-dollar50k-motivated-seller-luxury-solar-powered-residence-with-private-pool-in-riviera-maya,PRICE DROPPED $50K! Motivated Seller – Luxury Solar-Powered Residence with Private Pool in Riviera Maya,Land/Lot,585000,USD,4,4,480,m2,Sale,https://palmarealtors.com/storage/properties/08915639e3fea43886839e653f8e6660.jpg,Mexico,Quintana Roo,Puerto Morelos,,,Rent,2,Luis Enrique Barreto; Rocio Mariana Barreto,https://palmarealtors.com/property/price-dropped-dollar50k-motivated-seller-luxury-solar-powered-residence-with-private-pool-in-riviera-maya,Puerto Morelos; Other Riviera Maya
Luis Enrique Barreto,https://palmarealtors.com/,,https://palmarealtors.com/property/luxury-home-in-golf-and-marina-community-puerto-aventuras,Luxury Home in Golf & Marina Community – Puerto Aventuras,Land/Lot,3500000,USD,5,5,750,m2,Sale,https://palmarealtors.com/storage/properties/ec00c9518cab2fe112c54b95bb103746.jpg,Mexico,Quintana Roo,Puerto Morelos,,,Rent,2,Luis Enrique Barreto; Rocio Mariana Barreto,https://palmarealtors.com/property/luxury-home-in-golf-and-marina-community-puerto-aventuras,Puerto Morelos; Other Riviera Maya
Luis Enrique Barreto,https://palmarealtors.com/,,https://palmarealtors.com/property/your-perfect-retreat-space-comfort-and-nature,"Your Perfect Retreat: Space, Comfort & Nature",Land/Lot,25000000,USD,4,2.5,936,m2,Sale,https://palmarealtors.com/storage/properties/cebac048ef7a7eec8aac1b29eaa1a992.jpg,Mexico,Quintana Roo,Puerto Morelos,,,Rent,2,Luis Enrique Barreto; Rocio Mariana Barreto,https://palmarealtors.com/property/your-perfect-retreat-space-comfort-and-nature,Puerto Morelos; Other Riviera Maya
Luis Enrique Barreto,https://palmarealtors.com/,,https://palmarealtors.com/property/signature-waterfront-estate-on-the-nichupte-lagoon,Signature Waterfront Estate on the Nichupté Lagoon,Land/Lot,1500000,USD,3,6.5,840,m2,Sale,https://palmarealtors.com/storage/properties/73481fa15504eca72d306ef54cdf100b.jpg,Mexico,Quintana Roo,Puerto Morelos,,,Rent,2,Luis Enrique Barreto; Rocio Mariana Barreto,https://palmarealtors.com/property/signature-waterfront-estate-on-the-nichupte-lagoon,Puerto Morelos; Other Riviera Maya
Luis Enrique Barreto,https://palmarealtors.com/,,https://palmarealtors.com/property/exclusive-home-just-two-blocks-from-the-beach-in-puerto-morelos-a-unique-opportunity-for-lifestyle-and-investment,Exclusive Home Just Two Blocks from the Beach in Puerto Morelos – A Unique Opportunity for Lifestyle and Investment,Land/Lot,6500000,USD,5,2,220,m2,Sale,https://palmarealtors.com/storage/properties/caf55b39d9d4be9df3a5df10a2b2bce3.jpg,Mexico,Quintana Roo,Puerto Morelos,,,Rent,2,Luis Enrique Barreto; Rocio Mariana Barreto,https://palmarealtors.com/property/exclusive-home-just-two-blocks-from-the-beach-in-puerto-morelos-a-unique-opportunity-for-lifestyle-and-investment,Puerto Morelos; Other Riviera Maya
Luis Enrique Barreto,https://palmarealtors.com/,,https://palmarealtors.com/property/house-for-rent-facing-the-lagoon-isla-dora,House for Rent Facing the Lagoon – Isla Dora,Land/Lot,80000,USD,3,2,130,m2,Rent,https://palmarealtors.com/storage/properties/acbc386aeb5448c2453eece54dec60ca.jpg,Mexico,Quintana Roo,Puerto Morelos,,,Rent,2,Luis Enrique Barreto; Rocio Mariana Barreto,https://palmarealtors.com/property/house-for-rent-facing-the-lagoon-isla-dora,Puerto Morelos; Other Riviera Maya
Luis Enrique Barreto,https://palmarealtors.com/,,https://palmarealtors.com/property/exclusivity-on-the-beach-residence-in-cancuns-hotel-zone,EXCLUSIVITY ON THE BEACH: RESIDENCE IN CANCUN'S HOTEL ZONE,Land/Lot,8990000,USD,5,6.5,883,m2,Sale,https://palmarealtors.com/storage//da7986d1bb50a37f7b4710f5c5221432.jpg,Mexico,Quintana Roo,Puerto Morelos,,,Rent,2,Luis Enrique Barreto; Rocio Mariana Barreto,https://palmarealtors.com/property/exclusivity-on-the-beach-residence-in-cancuns-hotel-zone,Cancun; Puerto Morelos; Other Riviera Maya
Luis Enrique Barreto,https://palmarealtors.com/,,https://palmarealtors.com/property/strategic-development-lot-with-dual-access-or-prime-opportunity-in-cancun,Strategic Development Lot with Dual Access | Prime Opportunity in Cancun,Land/Lot,4000000,USD,,7,661.04,m2,Sale,https://palmarealtors.com/storage/properties/098b76e28b1d5721bf039c9659a0be67.jpg,Mexico,Quintana Roo,Puerto Morelos,,,Rent,2,Luis Enrique Barreto; Rocio Mariana Barreto,https://palmarealtors.com/property/strategic-development-lot-with-dual-access-or-prime-opportunity-in-cancun,Cancun; Puerto Morelos; Other Riviera Maya
Susann Rottloff,https://www.susannrottloff.com,,https://susannrottloff.com/property/nalu-102-puerto-morelos/,NALU – PUERTO MORELOS – SUSANN ROTTLOFF | REAL ESTATE AGENT IN THE RIVIERA MAYA,Condo/Apartment,599000,USD,2,2.5,141.40,m2,,https://susannrottloff.com/wp-content/uploads/2021/05/SusannR_LOGO-01-e1623222526647-removebg-preview.png; https://susannrottloff.com/wp-content/uploads/2021/06/SusannR_LOGO-01.jpg; https://susannrottloff.com/wp-content/uploads/2021/05/sr_logo-02_1.webp; https://susannrottloff.com/wp-content/uploads/2021/05/Logo_High_The_Agency_plain-01_1-2.webp,Mexico,Quintana Roo,Tulum,,,Rent,1,Susann Rottloff,https://susannrottloff.com/property/nalu-102-puerto-morelos/,Puerto Morelos; Tulum; Other Riviera Maya
Andrea Burgos,https://realestateplayadelcarmen.com.mx,,https://realestateplayadelcarmen.com.mx/property/beachfront-real-estate-opportunity-in-puerto-morelos-058/,Beachfront Real Estate Opportunity in Puerto Morelos- 058 - Moskito Real Estate,Land/Lot,253063,USD,4,4,276,m2,Explore beachfront real estate for sale in Puerto Morelos! Secure your ocean-view apartment with top amenities. Act now!,https://storage.googleapis.com/moskito/2023/11/diego.jpg.webp,Mexico,Quintana Roo,Tulum,,,Rent,2,Andrea Burgos; Pilar Reynoso,https://realestateplayadelcarmen.com.mx/property/beachfront-real-estate-opportunity-in-puerto-morelos-058/,Puerto Morelos; Tulum; Other Riviera Maya
I Brokers,https://ibrokersmexico.com/en/,,https://ibrokersmexico.com/en/property/inna-beach-condos-hotel-proyecto-frente-a-la-playa-de-puerto-morelos/,Inna Beach Condos & Hotel - Proyecto frente a la playa de Puerto Morelos - iBrokers México,House,11583695,USD,3,,90.02,m2,"Proyecto frente a la playa de Puerto Morelos - Inna Beach Condos & Hotel, Proyecto frente a la playa de Puerto Morelos - iBrokers",https://ibrokersmexico.com/wp-content/uploads/2025/07/Inna-Beach-Condos-Hotel.jpg,Mexico,Quintana Roo,Playa del Carmen,,,Unclassified,1,I Brokers,https://ibrokersmexico.com/en/property/inna-beach-condos-hotel-proyecto-frente-a-la-playa-de-puerto-morelos/,Playa del Carmen; Puerto Morelos; Other Riviera Maya
I Brokers,https://ibrokersmexico.com/en/,,https://ibrokersmexico.com/en/property/marietta-desarrollo-de-lujo-frente-al-mar-isla-mujeres/,Marietta - Desarrollo de lujo frente al mar Isla Mujeres - iBrokers México,House,1653255,USD,3,,239.10,m2,"Desarrollo de lujo frente al mar Isla Mujeres - Marietta, Desarrollo de lujo frente al mar Isla Mujeres - iBrokers",https://ibrokersmexico.com/wp-content/uploads/2025/05/Marietta.jpg,Mexico,Quintana Roo,Puerto Morelos,,,Unclassified,1,I Brokers,https://ibrokersmexico.com/en/property/marietta-desarrollo-de-lujo-frente-al-mar-isla-mujeres/,Puerto Morelos; Other Riviera Maya
I Brokers,https://ibrokersmexico.com/en/,,https://ibrokersmexico.com/en/property/macondo-exclusivo-proyecto-beachfront/,Macondo - Exclusivo proyecto beachfront - iBrokers México,House,255110,USD,2,,36.18,m2,"Exclusivo proyecto beachfront de 17 departamentos de lujo creando que cada unidad sea un faro de elegancia y gusto refinado, encarnado un ambiente de sofisticación y belleza duradera que será referencia por su estilo único en una de las zonas más hermosas de la Costa Maya.",https://ibrokersmexico.com/wp-content/uploads/2024/10/Macondo.jpg,Mexico,Quintana Roo,Puerto Morelos,,,Unclassified,1,I Brokers,https://ibrokersmexico.com/en/property/macondo-exclusivo-proyecto-beachfront/,Puerto Morelos; Other Riviera Maya
Gloria Gracida,https://www.aakinmuebles.com,EasyBroker,https://www.aakinmuebles.com/property/casa-en-venta-en-playa-paraiso,🔶 CASA EN VENTA EN PLAYA PARAÍSO,Land/Lot,12000000,USD,3,4,226.98,m2,"🔶 CASA EN VENTA EN PLAYA PARAÍSO 🔷 Planta Baja Sala. Comedor. Cocina. Recámara principal con baño completo. 2 recámaras secundarias, una de ellas con baño completo. Baño completo. Alberca. Cuarto d...",https://assets.easybroker.com/property_images/6166444/109467108/EB-WR6444.jpg?height=300&version=1786644243&width=450,Mexico,Quintana Roo,Puerto Morelos,,,Sale,1,Gloria Gracida,https://www.aakinmuebles.com/property/casa-en-venta-en-playa-paraiso,Puerto Morelos; Other Riviera Maya
Petra Lamadrid,https://tropicarealty.com,,https://tropicarealty.com/propiedades-en-cancun-y-rivera-maya/,Tropica Real Estate,Condo/Apartment,,,,,,,Tropica Realty,https://tropicarealty.com/wp-content/uploads/2025/12/SEOSITE.png,Mexico,Quintana Roo,Puerto Morelos,,,Sale,1,Petra Lamadrid,https://tropicarealty.com/propiedades-en-cancun-y-rivera-maya/,Puerto Morelos; Other Riviera Maya
Petra Lamadrid,https://tropicarealty.com,,https://tropicarealty.com/propiedades/casa-en-pequeno-conjunto-a-500-metros-de-la-playa/,Tropica Real Estate,House,,,2,,500,m2,Tropica Realty,https://tropicarealty.com/wp-content/uploads/2026/01/50.jpg,Mexico,Quintana Roo,Puerto Morelos,,,Sale,1,Petra Lamadrid,https://tropicarealty.com/propiedades/casa-en-pequeno-conjunto-a-500-metros-de-la-playa/,Puerto Morelos; Other Riviera Maya
Petra Lamadrid,https://tropicarealty.com,,https://tropicarealty.com/propiedades/gran-pre-venta-en-zona-hotelera-cancun/,Tropica Real Estate,Unknown,,,,,,,Tropica Realty,https://tropicarealty.com/wp-content/uploads/2026/01/14-1.jpg,Mexico,Quintana Roo,Puerto Morelos,,,Sale,1,Petra Lamadrid,https://tropicarealty.com/propiedades/gran-pre-venta-en-zona-hotelera-cancun/,Puerto Morelos; Other Riviera Maya
Petra Lamadrid,https://tropicarealty.com,,https://tropicarealty.com/propiedades/departamento-residencial-blume-puerto-cancun/,Tropica Real Estate,Condo/Apartment,,,3,,238,m2,Tropica Realty,https://tropicarealty.com/wp-content/uploads/2026/01/13.jpg,Mexico,Quintana Roo,Puerto Morelos,,,Sale,1,Petra Lamadrid,https://tropicarealty.com/propiedades/departamento-residencial-blume-puerto-cancun/,Puerto Morelos; Other Riviera Maya
Petra Lamadrid,https://tropicarealty.com,,https://tropicarealty.com/propiedades/departamento-en-allure-en-venta/,Tropica Real Estate,Condo/Apartment,,,4,,237,m2,Tropica Realty,https://tropicarealty.com/wp-content/uploads/2026/01/12-1.jpg,Mexico,Quintana Roo,Puerto Morelos,,,Sale,1,Petra Lamadrid,https://tropicarealty.com/propiedades/departamento-en-allure-en-venta/,Puerto Morelos; Other Riviera Maya
Petra Lamadrid,https://tropicarealty.com,,https://tropicarealty.com/propiedades/torre-blume-amueblado-y-equipado-piso-15/,Tropica Real Estate,Land/Lot,,,3,,100,m2,Tropica Realty,https://tropicarealty.com/wp-content/uploads/2026/01/11-1.jpg,Mexico,Quintana Roo,Puerto Morelos,,,Sale,1,Petra Lamadrid,https://tropicarealty.com/propiedades/torre-blume-amueblado-y-equipado-piso-15/,Puerto Morelos; Other Riviera Maya
Petra Lamadrid,https://tropicarealty.com,,https://tropicarealty.com/propiedades/casa-en-la-laguna-del-prestigioso-residencial-isla-dorada/,Tropica Real Estate,House,,,,,,,Tropica Realty,https://tropicarealty.com/wp-content/uploads/2026/01/10-1.jpg,Mexico,Quintana Roo,Puerto Morelos,,,Sale,1,Petra Lamadrid,https://tropicarealty.com/propiedades/casa-en-la-laguna-del-prestigioso-residencial-isla-dorada/,Puerto Morelos; Other Riviera Maya
Petra Lamadrid,https://tropicarealty.com,,https://tropicarealty.com/propiedades/oportunidad-de-lujo-estilo-privacidad-naturaleza-conexion/,Tropica Real Estate,House,,,,,,,Tropica Realty,https://tropicarealty.com/wp-content/uploads/2026/08/IMG_6849-1.jpeg,Mexico,Quintana Roo,Puerto Morelos,,,Sale,1,Petra Lamadrid,https://tropicarealty.com/propiedades/oportunidad-de-lujo-estilo-privacidad-naturaleza-conexion/,Puerto Morelos; Other Riviera Maya
Petra Lamadrid,https://tropicarealty.com,,https://tropicarealty.com/propiedades/hermosa-casa-amueblada-en-renta-en-residencial-regata-puerto-morelos/,Tropica Real Estate,House,,,3,,,,Tropica Realty,https://tropicarealty.com/wp-content/uploads/2026/06/WhatsApp-Image-2026-05-11-at-07.48.09-18-1.jpeg,Mexico,Quintana Roo,Puerto Morelos,,,Sale,1,Petra Lamadrid,https://tropicarealty.com/propiedades/hermosa-casa-amueblada-en-renta-en-residencial-regata-puerto-morelos/,Puerto Morelos; Other Riviera Maya
Petra Lamadrid,https://tropicarealty.com,,https://tropicarealty.com/propiedades/vive-el-paraiso-y-genera-ingresos-extras-zona-hotelera-cancun/,Tropica Real Estate,Land/Lot,,,2,,4.5,m2,Tropica Realty,https://tropicarealty.com/wp-content/uploads/2026/01/9-1.jpg,Mexico,Quintana Roo,Puerto Morelos,,,Sale,1,Petra Lamadrid,https://tropicarealty.com/propiedades/vive-el-paraiso-y-genera-ingresos-extras-zona-hotelera-cancun/,Puerto Morelos; Other Riviera Maya
Petra Lamadrid,https://tropicarealty.com,,https://tropicarealty.com/propiedades/vive-el-paraiso-e-invierte-inteligentemente-zona-hotelera-de-cancun/,Tropica Real Estate,Land/Lot,,,2,,4.5,m2,Tropica Realty,https://tropicarealty.com/wp-content/uploads/2026/01/7-1.jpg,Mexico,Quintana Roo,Puerto Morelos,,,Sale,1,Petra Lamadrid,https://tropicarealty.com/propiedades/vive-el-paraiso-e-invierte-inteligentemente-zona-hotelera-de-cancun/,Puerto Morelos; Other Riviera Maya
Petra Lamadrid,https://tropicarealty.com,,https://tropicarealty.com/propiedades/mistral-residencias-exclusivas-frente-al-mar-en-costa-mujeres/,Tropica Real Estate,Unknown,37404000,USD,4,4.5,397,m2,Tropica Realty,https://tropicarealty.com/wp-content/uploads/2026/01/61.jpg,Mexico,Quintana Roo,Puerto Morelos,,,Sale,1,Petra Lamadrid,https://tropicarealty.com/propiedades/mistral-residencias-exclusivas-frente-al-mar-en-costa-mujeres/,Puerto Morelos; Other Riviera Maya
Petra Lamadrid,https://tropicarealty.com,,https://tropicarealty.com/propiedades/artila-puerto-cancun-departamentos-exclusivos-de-160-a-240-m%C2%B2/,Tropica Real Estate,Unknown,,,,,240,m2,Tropica Realty,https://tropicarealty.com/wp-content/uploads/2026/01/59.jpg,Mexico,Quintana Roo,Puerto Morelos,,,Sale,1,Petra Lamadrid,https://tropicarealty.com/propiedades/artila-puerto-cancun-departamentos-exclusivos-de-160-a-240-m%C2%B2/,Puerto Morelos; Other Riviera Maya
Petra Lamadrid,https://tropicarealty.com,,https://tropicarealty.com/propiedades/antaal-puerto-cancun-residencias-de-lujo-con-vistas-al-mar-marina-y-campo-de-golf/,Tropica Real Estate,Condo/Apartment,,,,,200,m2,Tropica Realty,https://tropicarealty.com/wp-content/uploads/2026/01/58.jpg,Mexico,Quintana Roo,Puerto Morelos,,,Sale,1,Petra Lamadrid,https://tropicarealty.com/propiedades/antaal-puerto-cancun-residencias-de-lujo-con-vistas-al-mar-marina-y-campo-de-golf/,Puerto Morelos; Other Riviera Maya
Petra Lamadrid,https://tropicarealty.com,,https://tropicarealty.com/propiedades/la-amada-residencias-en-playa-mujeres/,Tropica Real Estate,Unknown,,,,,240,m2,Tropica Realty,https://tropicarealty.com/wp-content/uploads/2026/01/57.jpg,Mexico,Quintana Roo,Puerto Morelos,,,Sale,1,Petra Lamadrid,https://tropicarealty.com/propiedades/la-amada-residencias-en-playa-mujeres/,Puerto Morelos; Other Riviera Maya
Petra Lamadrid,https://tropicarealty.com,,https://tropicarealty.com/propiedades/residencias-de-lujo-the-st-regis-costa-mujeres-exclusividad-frente-al-caribe/,Tropica Real Estate,Unknown,,,,,240,m2,Tropica Realty,https://tropicarealty.com/wp-content/uploads/2026/01/56.jpg,Mexico,Quintana Roo,Puerto Morelos,,,Sale,1,Petra Lamadrid,https://tropicarealty.com/propiedades/residencias-de-lujo-the-st-regis-costa-mujeres-exclusividad-frente-al-caribe/,Puerto Morelos; Other Riviera Maya
Petra Lamadrid,https://tropicarealty.com,,https://tropicarealty.com/propiedades/woha-puerto-cancun-departamentos-sostenibles-de-lujo-con-vista-al-mar-caribe/,Tropica Real Estate,Unknown,,,3,,240,m2,Tropica Realty,https://tropicarealty.com/wp-content/uploads/2026/01/55.jpg,Mexico,Quintana Roo,Puerto Morelos,,,Sale,1,Petra Lamadrid,https://tropicarealty.com/propiedades/woha-puerto-cancun-departamentos-sostenibles-de-lujo-con-vista-al-mar-caribe/,Puerto Morelos; Other Riviera Maya
Petra Lamadrid,https://tropicarealty.com,,https://tropicarealty.com/propiedades/sls-bahia-beach-puerto-cancun-residencias-de-lujo-frente-al-mar/,Tropica Real Estate,Unknown,,,,,240,m2,Tropica Realty,https://tropicarealty.com/wp-content/uploads/2026/01/54.jpg,Mexico,Quintana Roo,Puerto Morelos,,,Sale,1,Petra Lamadrid,https://tropicarealty.com/propiedades/sls-bahia-beach-puerto-cancun-residencias-de-lujo-frente-al-mar/,Puerto Morelos; Other Riviera Maya
Petra Lamadrid,https://tropicarealty.com,,https://tropicarealty.com/propiedades/sls-ocean-beach-puerto-cancun-residencias-de-lujo-frente-al-mar-caribe/,Tropica Real Estate,Unknown,,,,,,,Tropica Realty,https://tropicarealty.com/wp-content/uploads/2026/01/53.jpg,Mexico,Quintana Roo,Puerto Morelos,,,Sale,1,Petra Lamadrid,https://tropicarealty.com/propiedades/sls-ocean-beach-puerto-cancun-residencias-de-lujo-frente-al-mar-caribe/,Puerto Morelos; Other Riviera Maya
Petra Lamadrid,https://tropicarealty.com,,https://tropicarealty.com/propiedades/la-vela-puerto-cancun-residencias-de-lujo-frente-al-mar-caribe/,Tropica Real Estate,Unknown,,,,,400,m2,Tropica Realty,https://tropicarealty.com/wp-content/uploads/2026/01/52.jpg,Mexico,Quintana Roo,Puerto Morelos,,,Sale,1,Petra Lamadrid,https://tropicarealty.com/propiedades/la-vela-puerto-cancun-residencias-de-lujo-frente-al-mar-caribe/,Puerto Morelos; Other Riviera Maya
Petra Lamadrid,https://tropicarealty.com,,https://tropicarealty.com/propiedades/vellmari-grand-living-en-puerto-cancun-condos-de-lujo-en-preventa/,Tropica Real Estate,Unknown,15289156,USD,5,2,500,m2,Tropica Realty,https://tropicarealty.com/wp-content/uploads/2026/01/51.jpg,Mexico,Quintana Roo,Puerto Morelos,,,Sale,1,Petra Lamadrid,https://tropicarealty.com/propiedades/vellmari-grand-living-en-puerto-cancun-condos-de-lujo-en-preventa/,Puerto Morelos; Other Riviera Maya
Petra Lamadrid,https://tropicarealty.com,,https://tropicarealty.com/en/propiedades/alba-marina-puerto-cancun/,Tropica Real Estate,Land/Lot,,,4,,,,Tropica Realty,https://tropicarealty.com/wp-content/uploads/2026/01/28.jpg,Mexico,Quintana Roo,Puerto Morelos,,,Sale,1,Petra Lamadrid,https://tropicarealty.com/en/propiedades/alba-marina-puerto-cancun/,Puerto Morelos; Other Riviera Maya
