Broker,Broker URL,Platform,Listing URL,Listing Name,Property Type,Price,Currency,Bedrooms,Bathrooms,Size,Size Unit,Description,Images,Country,State,City,Latitude,Longitude,Sale or Rent
CGC BIENES RAICES..,https://www.inmuebles24.com/inmobiliarias/cgc-bienes-raices.._50329781-inmuebles.html,Inmuebles24 (via parse.bot API),https://www.inmuebles24.com/propiedades/clasificado/alclapin-loft-aldea-zama-tulum-con-amenidades-de-lujo-147067867.html,Loft Aldea Zama Tulum con Amenidades de Lujo,Condo/Apartment,8000,MXN,1,1,32.0,m2,"¡Bienvenido al paraíso en la tierra! Te presentamos un sueño hecho realidad: un departamento tipo loft completamente amueblado y equipado en el increíble destino turístico de Tulum. Prepárate para ser cautivado por la belleza natural y la tranquilidad absoluta que este lugar ofrece. Imagina despertar cada mañana en medio de exuberantes paisajes verdes que rodean el departamento aislándote del sol, el calor y la contaminación visual.. Aquí, el ruido del tráfico y el bullicio de la ciudad quedan o...",https://img10.naventcdn.com/avisos/18/01/47/06/78/67/720x532/1576130003.jpg?isFirstImage=true; https://img10.naventcdn.com/avisos/18/01/47/06/78/67/720x532/1576129992.jpg; https://img10.naventcdn.com/avisos/18/01/47/06/78/67/720x532/1576129999.jpg; https://img10.naventcdn.com/avisos/18/01/47/06/78/67/720x532/1576129988.jpg; https://img10.naventcdn.com/avisos/18/01/47/06/78/67/720x532/1576129994.jpg; https://img10.naventcdn.com/avisos/18/01/47/06/78/67/720x532/1576130001.jpg; https://img10.naventcdn.com/avisos/18/01/47/06/78/67/720x532/1576129998.jpg; https://img10.naventcdn.com/avisos/18/01/47/06/78/67/720x532/1576129995.jpg,Mexico,Quintana Roo,Tulum,20.197292,-87.45083,Rent
.Haus Real Estate.,https://www.inmuebles24.com/inmobiliarias/.haus-real-estate._50264678-inmuebles.html,Inmuebles24 (via parse.bot API),https://www.inmuebles24.com/propiedades/clasificado/alclapin-departamento-en-renta-tulum-149389651.html,Departamento en Renta Tulum,Condo/Apartment,15000,MXN,1,1,66.0,m2,"Vive la experiencia de tulum desde este hermoso departamento en renta! Ubicado en una de las Zonas más céntricas Y seguras de Tulum, aldea zama. No se aceptan mascotas. Amplio y hermoso departamento con terraza, completamente equipado y decorado. Descripción: -1 recamara. -1 baños completos. -Terraza de privada. -Incluye mantenimiento. -Se aceptan mascotas. amenidades: -Lobby. -Alberca. -Jacuzzi. -Gimnasio. -Sauna. -Co-working. -Area de juegos infantiles. -Fogateros. -Sala de juegos. -Estacionam...",https://img10.naventcdn.com/avisos/18/01/49/38/96/51/720x532/1596438178.jpg?isFirstImage=true; https://img10.naventcdn.com/avisos/18/01/49/38/96/51/720x532/1596438175.jpg; https://img10.naventcdn.com/avisos/18/01/49/38/96/51/720x532/1596438158.jpg; https://img10.naventcdn.com/avisos/18/01/49/38/96/51/720x532/1596438182.jpg; https://img10.naventcdn.com/avisos/18/01/49/38/96/51/720x532/1596438169.jpg; https://img10.naventcdn.com/avisos/18/01/49/38/96/51/720x532/1596438161.jpg; https://img10.naventcdn.com/avisos/18/01/49/38/96/51/720x532/1596438166.jpg; https://img10.naventcdn.com/avisos/18/01/49/38/96/51/720x532/1596438170.jpg,Mexico,Quintana Roo,Tulum,20.199336191968662,-87.46071534282224,Rent
Select Realty Mexico,https://www.inmuebles24.com/inmobiliarias/select-realty-mexico_50902121-inmuebles.html,Inmuebles24 (via parse.bot API),https://www.inmuebles24.com/propiedades/clasificado/alclapin-departamento-en-yaxluum-tulum-renta-150344526.html,Departamento en Yaxluum - Tulum - Renta,Condo/Apartment,28000,MXN,2,2,123.0,m2,"Vive rodeado de naturaleza, comodidad y tranquilidad en este hermoso departamento amueblado y equipado, ubicado en planta baja dentro del exclusivo desarrollo Yaaxlum, Tulum. Características: - 2 recámaras. - 2 baños completos. - Planta baja. - Unidad con lock-off, ideal para mayor privacidad o flexibilidad de uso. - Totalmente amueblado y equipado. - Mantenimiento incluido. - Se aceptan mascotas pequeñas. Amenidades del desarrollo: - Alberca. - Jacuzzi. - Gimnasio. - Estacionamiento subterráneo...",https://img10.naventcdn.com/avisos/18/01/50/34/45/26/720x532/1616235502.jpg?isFirstImage=true; https://img10.naventcdn.com/avisos/18/01/50/34/45/26/720x532/1616235508.jpg; https://img10.naventcdn.com/avisos/18/01/50/34/45/26/720x532/1616235505.jpg; https://img10.naventcdn.com/avisos/18/01/50/34/45/26/720x532/1616235498.jpg; https://img10.naventcdn.com/avisos/18/01/50/34/45/26/720x532/1616235513.jpg; https://img10.naventcdn.com/avisos/18/01/50/34/45/26/720x532/1616235510.jpg; https://img10.naventcdn.com/avisos/18/01/50/34/45/26/720x532/1616235501.jpg; https://img10.naventcdn.com/avisos/18/01/50/34/45/26/720x532/1616235503.jpg,Mexico,Quintana Roo,Tulum,20.1956609,-87.4747991,Rent
Octopus Real Estate ,https://www.inmuebles24.com/inmobiliarias/octopus-real-estate_50293518-inmuebles.html,Inmuebles24 (via parse.bot API),https://www.inmuebles24.com/propiedades/clasificado/alclapin-ph-2-recamaras-aldea-savia-tulum-150076983.html,"PH 2 Recamaras Aldea Savia, Tulum",Condo/Apartment,20000,MXN,2,2,80.0,m2,"Departamento amueblado Y totalmente equipado en aldea savia, tulumdisfruta de la comodidad y tranquilidad de vivir en Aldea Savia, una de las comunidades residenciales más apreciadas por las familias en Tulum gracias a su seguridad, excelentes amenidades y ubicación estratégica. Este departamento de 2 recámaras y 2 baños completos se encuentra completamente amueblado y equipado, listo para habitar. Características del departamento: • 2 recámaras • 2 baños completos• Cocina totalmente equipada• C...",https://img10.naventcdn.com/avisos/18/01/50/07/69/83/720x532/1620586306.jpg?isFirstImage=true; https://img10.naventcdn.com/avisos/18/01/50/07/69/83/720x532/1620586322.jpg; https://img10.naventcdn.com/avisos/18/01/50/07/69/83/720x532/1620586317.jpg; https://img10.naventcdn.com/avisos/18/01/50/07/69/83/720x532/1620586338.jpg; https://img10.naventcdn.com/avisos/18/01/50/07/69/83/720x532/1620586308.jpg; https://img10.naventcdn.com/avisos/18/01/50/07/69/83/720x532/1620586329.jpg; https://img10.naventcdn.com/avisos/18/01/50/07/69/83/720x532/1620586324.jpg; https://img10.naventcdn.com/avisos/18/01/50/07/69/83/720x532/1620586334.jpg,Mexico,Quintana Roo,Tulum,20.2176992,-87.4507998,Rent
A & A BIENES RAICES REALTY SOLUTIONS ,https://www.inmuebles24.com/inmobiliarias/a-a-bienes-raices-realty-solutions_50254707-inmuebles.html,Inmuebles24 (via parse.bot API),https://www.inmuebles24.com/propiedades/clasificado/alclapin-departamento-penthouse-en-venta-2-recamaras-roof-150696131.html,"Departamento Penthouse en Venta, 2 Recámaras, Roof Top, Edif. Alquimia, And. Kambul Aldea Zama, Tulum",Penthouse,25000,MXN,2,2,167.0,m2,"Departamento Penthouse en Venta, 2 Recámaras, Roof Top, Edif. Alquimia, And. Kambul Aldea Zama, Tulum. Luminoso y amplios espacios con una decoración exquisita harán que disfrutes una confortable estadía. amueblado Y equipaso con 2 recamaras con 2 baños, Una reecámara con lock off y cocineta, para que rentes independiente. recámara principal: Cama King Size Almohadas y cobijas adicionales, , Aire acondicionado, Caja fuerte, Espacio para guardar ropa, Ganchos, Plancha, Ropa de cama Televisiónreec...",https://img10.naventcdn.com/avisos/18/01/50/69/61/31/720x532/1623573776.jpg?isFirstImage=true; https://img10.naventcdn.com/avisos/18/01/50/69/61/31/720x532/1623573817.jpg; https://img10.naventcdn.com/avisos/18/01/50/69/61/31/720x532/1623573795.jpg; https://img10.naventcdn.com/avisos/18/01/50/69/61/31/720x532/1623573791.jpg; https://img10.naventcdn.com/avisos/18/01/50/69/61/31/720x532/1623573803.jpg; https://img10.naventcdn.com/avisos/18/01/50/69/61/31/720x532/1623573778.jpg; https://img10.naventcdn.com/avisos/18/01/50/69/61/31/720x532/1623573810.jpg; https://img10.naventcdn.com/avisos/18/01/50/69/61/31/720x532/1623573807.jpg,Mexico,Quintana Roo,Tulum,20.1972599,-87.4629898,Rent
GRUPO INÉVITA,https://www.inmuebles24.com/inmobiliarias/grupo-inevita_50203492-inmuebles.html,Inmuebles24 (via parse.bot API),https://www.inmuebles24.com/propiedades/clasificado/alclapin-departamento-en-renta-en-la-veleta-tulum-quintana-roo-145699428.html,Departamento en Renta en La Veleta Tulum Quintana Roo,Condo/Apartment,15000,MXN,1,1,71.0,m2,"Eterna Residences es un proyecto único en su clase, ubicado en el corazón de la Veleta a tan solo 12 minutos de la zona hotelera en Tulum México. Este Increíble departamento de 3 niveles cuenta con terraza privada, una amplia recámara completamente amueblado, decorado y equipado listo para ser utilizado como renta vacacional. El departamento incluye cosas como: Muebles, decoración, cortinas, blancos, cubiertos, lámparas, cafetera, frigobar, microondas, muebles de exterior, cuadros. Contamos con ...",https://img10.naventcdn.com/avisos/18/01/45/69/94/28/720x532/1511470645.jpg?isFirstImage=true; https://img10.naventcdn.com/avisos/18/01/45/69/94/28/720x532/1511470712.jpg; https://img10.naventcdn.com/avisos/18/01/45/69/94/28/720x532/1511470736.jpg; https://img10.naventcdn.com/avisos/18/01/45/69/94/28/720x532/1511470658.jpg; https://img10.naventcdn.com/avisos/18/01/45/69/94/28/720x532/1511470651.jpg; https://img10.naventcdn.com/avisos/18/01/45/69/94/28/720x532/1511470735.jpg; https://img10.naventcdn.com/avisos/18/01/45/69/94/28/720x532/1511470646.jpg; https://img10.naventcdn.com/avisos/18/01/45/69/94/28/720x532/1511470642.jpg,Mexico,Quintana Roo,Tulum,20.205751,-87.4758774,Rent
CGC BIENES RAICES..,https://www.inmuebles24.com/inmobiliarias/cgc-bienes-raices.._50329781-inmuebles.html,Inmuebles24 (via parse.bot API),https://www.inmuebles24.com/propiedades/clasificado/alclapin-estrene-departamento-en-tulum-quintana-roo-150210383.html,Estrene Departamento en Tulum Quintana Roo,Condo/Apartment,9000,MXN,1,1,38.0,m2,"Ophelia es un desarrollo junto a Aldea Zamá en Tulum que es uno de los lugares con mayor exclusividad y plusvalía en la nueva y super Ciudad de Tulum y en crecimiento con un potencial turístico a los niveles más exclusivos para turistas jóvenes con fuertes recursos para gastar en uno de los lugares mas costosos en la actualidad a nivel mundial, generando rentas vacacionales con ingresos extraordinarios. Este lugar paradisiaco cuenta con alberca, jacuzzis, gym, restaurante, bar, loby, bicicletas ...",https://img10.naventcdn.com/avisos/18/01/50/21/03/83/720x532/1613399916.jpg?isFirstImage=true; https://img10.naventcdn.com/avisos/18/01/50/21/03/83/720x532/1613399922.jpg; https://img10.naventcdn.com/avisos/18/01/50/21/03/83/720x532/1613399925.jpg; https://img10.naventcdn.com/avisos/18/01/50/21/03/83/720x532/1613399909.jpg; https://img10.naventcdn.com/avisos/18/01/50/21/03/83/720x532/1613399923.jpg; https://img10.naventcdn.com/avisos/18/01/50/21/03/83/720x532/1613399918.jpg; https://img10.naventcdn.com/avisos/18/01/50/21/03/83/720x532/1613399914.jpg; https://img10.naventcdn.com/avisos/18/01/50/21/03/83/720x532/1613399915.jpg,Mexico,Quintana Roo,Tulum,20.2114185,-87.46535019999999,Rent
Caleb Osollo,https://www.inmuebles24.com/inmobiliarias/caleb-osollo_51278937-inmuebles.html,Inmuebles24 (via parse.bot API),https://www.inmuebles24.com/propiedades/clasificado/alclapin-bonito-departamento-en-aldea-tulum-planta-baja-acceso-145948443.html,Bonito Departamento en Aldea Tulum Planta Baja Acceso Alberca Vista Jardin,Condo/Apartment,1099000,MXN,2,1,49.0,m2,"Te presento un encantador departamento en venta en Aldea Tulum con acceso A alberca y vista al jardín. Este departamento incluye cocina, closets, muebles, colchones, cortinas, muebles, aires acondicionados ya instalados. Recuerda que el costo de instalar aires acondicionados en un departamento de Planta Baja puede ser hasta 4 veces el de un departamento en el cuarto piso por los materiales requeridos. Esta joya inmobiliaria combina un bajo costo de tener una propiedad a minutos de una de las pla...",https://img10.naventcdn.com/avisos/18/01/45/94/84/43/720x532/1520009462.jpg?isFirstImage=true; https://img10.naventcdn.com/avisos/18/01/45/94/84/43/720x532/1590841126.jpg; https://img10.naventcdn.com/avisos/18/01/45/94/84/43/720x532/1519946058.jpg; https://img10.naventcdn.com/avisos/18/01/45/94/84/43/720x532/1519952758.jpg; https://img10.naventcdn.com/avisos/18/01/45/94/84/43/720x532/1519946045.jpg; https://img10.naventcdn.com/avisos/18/01/45/94/84/43/720x532/1519946046.jpg; https://img10.naventcdn.com/avisos/18/01/45/94/84/43/720x532/1590841136.jpg; https://img10.naventcdn.com/avisos/18/01/45/94/84/43/720x532/1548876849.jpg,Mexico,Quintana Roo,Tulum,,,Rent
CASA MANAAKI,https://www.inmuebles24.com/inmobiliarias/casa-manaaki_102777148-inmuebles.html,Inmuebles24 (via parse.bot API),https://www.inmuebles24.com/propiedades/clasificado/alclapin-zel-va-tulum-departamento-con-patio-privado-y-145798488.html,Zel - Va Tulum Departamento con Patio Privado y Piscina,Condo/Apartment,9000,MXN,1,1,72.0,m2,"Departamento de 72 mts2 totalmente equipado en planta baja con balcón y patio privado. Vive Tulum en zel-va, un condominio nuevo con todas las comodidades. Tiene un balcón de entrada con mesa y sillas, sala con sofá y una tv giratoria que también puedes ver desde la habitación. Cama king size, closet, caja de seguridad y secador de cabello. Comedor para 4 personas y cocina totalmente equipada: refrigerador, estufa eléctrica, horno/microondas, cafetera y utensilios de cocina. Baño completo con du...",https://img10.naventcdn.com/avisos/18/01/45/79/84/88/720x532/1551016382.jpg?isFirstImage=true; https://img10.naventcdn.com/avisos/18/01/45/79/84/88/720x532/1514929635.jpg; https://img10.naventcdn.com/avisos/18/01/45/79/84/88/720x532/1551016394.jpg; https://img10.naventcdn.com/avisos/18/01/45/79/84/88/720x532/1551016386.jpg; https://img10.naventcdn.com/avisos/18/01/45/79/84/88/720x532/1551016379.jpg; https://img10.naventcdn.com/avisos/18/01/45/79/84/88/720x532/1551016391.jpg; https://img10.naventcdn.com/avisos/18/01/45/79/84/88/720x532/1551016366.jpg; https://img10.naventcdn.com/avisos/18/01/45/79/84/88/720x532/1551016388.jpg,Mexico,Quintana Roo,Tulum,20.1949099,-87.4754328,Rent
housebuy.mx,https://www.inmuebles24.com/inmobiliarias/housebuy.mx_102957938-inmuebles.html,Inmuebles24 (via parse.bot API),https://www.inmuebles24.com/propiedades/clasificado/alclapin-departamento-en-renta-en-tulum-quintana-roo-150293355.html,"Departamento en Renta en Tulum, Quintana Roo",Condo/Apartment,10000,MXN,1,1,46.0,m2,"(English below) ¡precio súper reducido! Tul090. Departamento de 1 recámara “llave en mano” de una recámara en venta en Tulum. Ubicación: Condominio Rama, La Veleta, Tulum. Referencias: A 37 minutos del Aeropuerto Internacional de Tulum, 20 minutos de la playa, 10 minutos del centro. Piso en el que se encuentra: 3. Número de unidades en edificio: 21. Construcción: 46. 4 m2 // 489. 98 SqFt. Recámaras: Estudio. Baños: 1. Amueblado: Sí Estatus: Cesión de derechos. Año de construcción: 2021. hoa fee:...",https://img10.naventcdn.com/avisos/18/01/50/29/33/55/720x532/1615069902.jpg?isFirstImage=true; https://img10.naventcdn.com/avisos/18/01/50/29/33/55/720x532/1615069898.jpg; https://img10.naventcdn.com/avisos/18/01/50/29/33/55/720x532/1615069913.jpg; https://img10.naventcdn.com/avisos/18/01/50/29/33/55/720x532/1615069905.jpg; https://img10.naventcdn.com/avisos/18/01/50/29/33/55/720x532/1615069912.jpg; https://img10.naventcdn.com/avisos/18/01/50/29/33/55/720x532/1615069900.jpg; https://img10.naventcdn.com/avisos/18/01/50/29/33/55/720x532/1615069895.jpg; https://img10.naventcdn.com/avisos/18/01/50/29/33/55/720x532/1615069906.jpg,Mexico,Quintana Roo,Tulum,20.2025963,-87.4727791,Rent
CASA MANAAKI,https://www.inmuebles24.com/inmobiliarias/casa-manaaki_102777148-inmuebles.html,Inmuebles24 (via parse.bot API),https://www.inmuebles24.com/propiedades/clasificado/alclapin-loft-premium-con-piscinas-rooftop-coworking-gym-145798226.html,Loft Premium con Piscinas + Rooftop + Coworking + Gym | Ideal Renta Mensual,Condo/Apartment,8000,MXN,1,1,56.0,m2,"Vive la experiencia Tulum con privacidad, diseño y comodidad en un solo lugar. Desde $8, 000 mxn mensual. Precio mensual varia según la cantidad de meses de contrato y el tipo de departamento (planta baja o piso mas alto). Este loft totalmente amueblado en zel-va Tulum es perfecto para quienes buscan rentar por mes y disfrutar un estilo de vida relajado, rodeado de naturaleza, pero con todas las comodidades modernas. ⸻ el loft. - Espacio moderno, amplio y funcional. - Balcón. - Mini Piscina en b...",https://img10.naventcdn.com/avisos/18/01/45/79/82/26/720x532/1550987906.jpg?isFirstImage=true; https://img10.naventcdn.com/avisos/18/01/45/79/82/26/720x532/1514922393.jpg; https://img10.naventcdn.com/avisos/18/01/45/79/82/26/720x532/1514922397.jpg; https://img10.naventcdn.com/avisos/18/01/45/79/82/26/720x532/1550987919.jpg; https://img10.naventcdn.com/avisos/18/01/45/79/82/26/720x532/1550987478.jpg; https://img10.naventcdn.com/avisos/18/01/45/79/82/26/720x532/1550987476.jpg; https://img10.naventcdn.com/avisos/18/01/45/79/82/26/720x532/1550987474.jpg; https://img10.naventcdn.com/avisos/18/01/45/79/82/26/720x532/1550994491.jpg,Mexico,Quintana Roo,Tulum,20.194853412360537,-87.4755271823977,Rent
The Realtors Co.,https://www.inmuebles24.com/inmobiliarias/the-realtors-co._102688663-inmuebles.html,Inmuebles24 (via parse.bot API),https://www.inmuebles24.com/propiedades/clasificado/alclapin-casa-amueblada-en-tulum-country-club-149298226.html,Casa Amueblada en Tulum Country Club,House,26500,MXN,2,2,,m2,"¡Vive el Paraíso Caribeño en Tulum Country Club! Disfruta de una vida tranquila y relajada en el corazón del Caribe, en esta hermosa casa amueblada dentro del exclusivo Tulum Country Club. Con un diseño moderno y cómodo, esta propiedad es ideal para quienes buscan disfrutar de la vida en el paraíso, ¡perfecta para jubilados! Detalles de la propiedad: • Ubicación privilegiada: A solo pasos del hoyo 3 del campo de golf. • 2 habitaciones: Amplias y luminosas, perfectas para descansar. • 2 baños com...",https://img10.naventcdn.com/avisos/18/01/49/29/82/26/720x532/1594540941.jpg?isFirstImage=true; https://img10.naventcdn.com/avisos/18/01/49/29/82/26/720x532/1594805564.jpg; https://img10.naventcdn.com/avisos/18/01/49/29/82/26/720x532/1594540937.jpg; https://img10.naventcdn.com/avisos/18/01/49/29/82/26/720x532/1594540934.jpg; https://img10.naventcdn.com/avisos/18/01/49/29/82/26/720x532/1594540936.jpg; https://img10.naventcdn.com/avisos/18/01/49/29/82/26/720x532/1594540938.jpg; https://img10.naventcdn.com/avisos/18/01/49/29/82/26/720x532/1594540939.jpg; https://img10.naventcdn.com/avisos/18/01/49/29/82/26/720x532/1594540935.jpg,Mexico,Quintana Roo,Tulum,20.3804614643,-87.3348512356,Rent
CASA MANAAKI,https://www.inmuebles24.com/inmobiliarias/casa-manaaki_102777148-inmuebles.html,Inmuebles24 (via parse.bot API),https://www.inmuebles24.com/propiedades/clasificado/alclapin-10-off-oferta-especial!-zel-va-tulum-penthouse-145644233.html,10% Off Oferta Especial! - Zel - Va Tulum - Penthouse con Rooftop y Piscina,Penthouse,13000,MXN,1,1,102.0,m2,"Reserva para agosto y te hacemos un 10% descuento adicional por los primeros 3 meses!! ¡Vive la experiencia zel-va en el corazón de Tulum! Hermoso Penthouse de 102 mts2 con rooftop privado y alberca. Totalmente amueblado, ubicado en La Veleta, una de las zonas con más encanto de Tulum. Ideal para estancias largas, combina confort, diseño moderno y contacto con la naturaleza. Características del departamento: - Rooftop privado con alberca, camastros, area de estar y mesa estilo picnic. - Balcón r...",https://img10.naventcdn.com/avisos/18/01/45/64/42/33/720x532/1551003555.jpg?isFirstImage=true; https://img10.naventcdn.com/avisos/18/01/45/64/42/33/720x532/1551003561.jpg; https://img10.naventcdn.com/avisos/18/01/45/64/42/33/720x532/1509298073.jpg; https://img10.naventcdn.com/avisos/18/01/45/64/42/33/720x532/1551010532.jpg; https://img10.naventcdn.com/avisos/18/01/45/64/42/33/720x532/1509298088.jpg; https://img10.naventcdn.com/avisos/18/01/45/64/42/33/720x532/1509298070.jpg; https://img10.naventcdn.com/avisos/18/01/45/64/42/33/720x532/1551003548.jpg; https://img10.naventcdn.com/avisos/18/01/45/64/42/33/720x532/1509298079.jpg,Mexico,Quintana Roo,Tulum,20.19486606687094,-87.47433352701417,Rent
MARCAN INMUEBLES,https://www.inmuebles24.com/inmobiliarias/marcan-inmuebles_50216989-inmuebles.html,Inmuebles24 (via parse.bot API),https://www.inmuebles24.com/propiedades/clasificado/veclapin-departamento-80-m-alberca-privada-loft-tulum-listo-p-143525496.html,Departamento 80 m Alberca Privada Loft Tulum Listo P Habitar a 15 Min de La Playa,Condo/Apartment,3299000,MXN,1,1,80.0,m2,"Departamento de 80 metros con Alberca Privada Swimup Loft en Tulum, Quintana Roo 100% listo para habitar La Veleta a 15 min de la Playa. Esta 100% amueblado y listo para habitar o para rentarse ya sea a largo plazo o por Airbnb. Se encuentra dentro de la Torre Surya y es el primero departamento entrando del lado derecho, en Planta Baja, super comodo y super accesible para entrar. Este Departamento esta dado de alta en Aribnb dando siempre rendimientos. Cuenta con 1 Cama King Size y un Sofa Cama ...",https://img10.naventcdn.com/avisos/18/01/43/52/54/96/720x532/1544784806.jpg?isFirstImage=true; https://img10.naventcdn.com/avisos/18/01/43/52/54/96/720x532/1461201033.jpg; https://img10.naventcdn.com/avisos/18/01/43/52/54/96/720x532/1461201044.jpg; https://img10.naventcdn.com/avisos/18/01/43/52/54/96/720x532/1461197193.jpg; https://img10.naventcdn.com/avisos/18/01/43/52/54/96/720x532/1461197190.jpg; https://img10.naventcdn.com/avisos/18/01/43/52/54/96/720x532/1461197195.jpg; https://img10.naventcdn.com/avisos/18/01/43/52/54/96/720x532/1461197188.jpg; https://img10.naventcdn.com/avisos/18/01/43/52/54/96/720x532/1461201041.jpg,Mexico,Quintana Roo,Tulum,20.210459,-87.46453009999999,Rent
Satori Home,https://www.inmuebles24.com/inmobiliarias/satori-home_102654529-inmuebles.html,Inmuebles24 (via parse.bot API),https://www.inmuebles24.com/propiedades/clasificado/alclapin-loft-en-cerrada-39-esq.-con-kukulkan-region-15-148428602.html,"Loft en Cerrada #39 Esq. con Kukulkan, Region 15, Tulum",Unknown,14500,MXN,1,1,45.0,m2,"Nuestro servicio de concierge está disponible para ayudarte con recomendaciones, reservas, renta de autos o cualquier detalle que haga tu viaje más fácil y especial. Durante tu estancia disfrutarás: - 10% de descuento en tu consumo en el Club de Playa Dos Ceibas. - Amenidades creadas para tu bienestar: rooftop con alberca, piscinas, gimnasio, cowork, cine y arcade room. - Temazcal y masajes disponibles para reservar (servicio extra). Vive Tulum a tu ritmo, relájate en espacios diseñados para tu ...",https://img10.naventcdn.com/avisos/18/01/48/42/86/02/720x532/1576975429.jpg?isFirstImage=true; https://img10.naventcdn.com/avisos/18/01/48/42/86/02/720x532/1576975432.jpg; https://img10.naventcdn.com/avisos/18/01/48/42/86/02/720x532/1576975411.jpg; https://img10.naventcdn.com/avisos/18/01/48/42/86/02/720x532/1576975416.jpg; https://img10.naventcdn.com/avisos/18/01/48/42/86/02/720x532/1576975420.jpg; https://img10.naventcdn.com/avisos/18/01/48/42/86/02/720x532/1576975422.jpg; https://img10.naventcdn.com/avisos/18/01/48/42/86/02/720x532/1576975412.jpg; https://img10.naventcdn.com/avisos/18/01/48/42/86/02/720x532/1576975431.jpg,Mexico,Quintana Roo,Tulum,20.1810567,-87.4702385,Rent
MDP INMUEBLES,https://www.inmuebles24.com/inmobiliarias/mdp-inmuebles_50982588-inmuebles.html,Inmuebles24 (via parse.bot API),https://www.inmuebles24.com/propiedades/clasificado/alclapin-departamento-de-85-m-sup2--2-habitaciones-en-renta-en-149527122.html,Departamento de 85 m&sup2; 2 Habitaciones en Renta en La Veleta,Condo/Apartment,20000,MXN,2,2,85.0,m2,"Departamento amueblado totalmente equipado en renta en La Veleta, con disponibilidad inmediata. Cuenta con 2 habitaciones y 2 baños, ideal para quienes buscan comodidad y estilo. La propiedad de 85 m² de superficie construida, ofrece un ambiente moderno con cocina integral, línea blanca y aire acondicionado. Disfruta de su terraza y asador, perfectos para reuniones. Ubicado en el piso 2, con disposición al frente. Este departamento tiene clósets y excelentes acabados. Además, cuenta con 1 garage...",https://img10.naventcdn.com/avisos/18/01/49/52/71/22/720x532/1619700866.jpg?isFirstImage=true; https://img10.naventcdn.com/avisos/18/01/49/52/71/22/720x532/1599307462.jpg; https://img10.naventcdn.com/avisos/18/01/49/52/71/22/720x532/1599307470.jpg; https://img10.naventcdn.com/avisos/18/01/49/52/71/22/720x532/1599307494.jpg; https://img10.naventcdn.com/avisos/18/01/49/52/71/22/720x532/1599307468.jpg; https://img10.naventcdn.com/avisos/18/01/49/52/71/22/720x532/1619700871.jpg; https://img10.naventcdn.com/avisos/18/01/49/52/71/22/720x532/1619700862.jpg; https://img10.naventcdn.com/avisos/18/01/49/52/71/22/720x532/1599307459.jpg,Mexico,Quintana Roo,Tulum,20.2005369,-87.47098580000001,Rent
M7 Grupo Inmobiliario,https://www.inmuebles24.com/inmobiliarias/m7-grupo-inmobiliario_51113597-inmuebles.html,Inmuebles24 (via parse.bot API),https://www.inmuebles24.com/propiedades/clasificado/alclapin-departamento-tulum-aldea-zama-todo-inluido-143547675.html,Departamento Tulum Aldea Zama Todo Inluido,Condo/Apartment,18000,MXN,2,2,90.0,m2,"Departamento en renta tulum (Aldea Zamá) Totalmente amueblado. Incluye: 2 recamaras. 2 baños completos. Terraza. Alberca del edificio con bar. 1 cajón de estacionamiento. Gimnasio. Servicio de lavandería. Recepción y seguridad 24/7. Elevador. Wifi. Precio mensual largo y corto plazo: $19, 000 mxn. incluye todos los servicios primer piso",https://img10.naventcdn.com/avisos/18/01/43/54/76/75/720x532/1626128626.jpg?isFirstImage=true; https://img10.naventcdn.com/avisos/18/01/43/54/76/75/720x532/1626128623.jpg; https://img10.naventcdn.com/avisos/18/01/43/54/76/75/720x532/1461810253.jpg; https://img10.naventcdn.com/avisos/18/01/43/54/76/75/720x532/1538104854.jpg; https://img10.naventcdn.com/avisos/18/01/43/54/76/75/720x532/1461810255.jpg; https://img10.naventcdn.com/avisos/18/01/43/54/76/75/720x532/1461810251.jpg; https://img10.naventcdn.com/avisos/18/01/43/54/76/75/720x532/1461810246.jpg; https://img10.naventcdn.com/avisos/18/01/43/54/76/75/720x532/1461810252.jpg,Mexico,Quintana Roo,Tulum,20.194253889368685,-87.4545037186907,Rent
Daniela,https://www.inmuebles24.com/inmobiliarias/daniela_102869361-inmuebles.html,Inmuebles24 (via parse.bot API),https://www.inmuebles24.com/propiedades/clasificado/alclapin-departamento-en-renta-en-aldea-tulum-amueblado-149552048.html,Departamento en Renta en Aldea Tulum | Amueblado | Primer Nivel | Listo Para Habitar,Condo/Apartment,7000,MXN,2,1,50.0,m2,"Departamento en renta en Aldea Tulum, ubicado en una zona tranquila y con excelente conectividad dentro del desarrollo. Se encuentra en primer nivel, con vista a área verde y acceso cercano a alberca, dentro de una privada pequeña y silenciosa, ideal para quienes buscan comodidad y practicidad. ⸻ Listo para mudarse. Se renta completamente amueblado y equipado, ideal para entrar a vivir sin preocuparse por nada: - Cocina equipada. - 2 aires acondicionados. - Ventiladores de techo. - Closets con p...",https://img10.naventcdn.com/avisos/18/01/49/55/20/48/720x532/1599871945.jpg?isFirstImage=true; https://img10.naventcdn.com/avisos/18/01/49/55/20/48/720x532/1599871937.jpg; https://img10.naventcdn.com/avisos/18/01/49/55/20/48/720x532/1599871928.jpg; https://img10.naventcdn.com/avisos/18/01/49/55/20/48/720x532/1599871943.jpg; https://img10.naventcdn.com/avisos/18/01/49/55/20/48/720x532/1599871944.jpg; https://img10.naventcdn.com/avisos/18/01/49/55/20/48/720x532/1599871942.jpg; https://img10.naventcdn.com/avisos/18/01/49/55/20/48/720x532/1599871940.jpg; https://img10.naventcdn.com/avisos/18/01/49/55/20/48/720x532/1599871930.jpg,Mexico,Quintana Roo,Tulum,20.1952222,-87.5282728,Rent
Diana,https://www.inmuebles24.com/inmobiliarias/diana_103006141-inmuebles.html,Inmuebles24 (via parse.bot API),https://www.inmuebles24.com/propiedades/clasificado/veclapin-departamento-en-renta-o-venta-selva-norte-tulum-149325863.html,Departamento en Renta o Venta Selva Norte Tulum,Condo/Apartment,3100000,MXN,2,2,100.0,m2,"Totalmente Amueblado y Decorado, se entrega con: Aire Acondicionado y Ventiladores. Cuenta con: Terrazas, Dos Recamaras, Dos Baños Completos, Sala, Comedor para 6 personas, Cocina con: Estufa, Refrigerador, Microondas, Cafetera, Completamente abastecido con: Platos, Cubiertos, Vasos, Tazas, Ollas, Sartenes, Utensilios. Centro de Lavado. Dos televisores. Frigobar. Ropa de cama. Cortinas, etc, El mantenimiento del desarrollo es de $3. 000 pesos, ya está incluído en la Renta. El Arrendatario solo p...",https://img10.naventcdn.com/avisos/18/01/49/32/58/63/720x532/1595142803.jpg?isFirstImage=true; https://img10.naventcdn.com/avisos/18/01/49/32/58/63/720x532/1595142796.jpg; https://img10.naventcdn.com/avisos/18/01/49/32/58/63/720x532/1595142804.jpg; https://img10.naventcdn.com/avisos/18/01/49/32/58/63/720x532/1595142805.jpg; https://img10.naventcdn.com/avisos/18/01/49/32/58/63/720x532/1595142799.jpg; https://img10.naventcdn.com/avisos/18/01/49/32/58/63/720x532/1595142798.jpg; https://img10.naventcdn.com/avisos/18/01/49/32/58/63/720x532/1595142811.jpg; https://img10.naventcdn.com/avisos/18/01/49/32/58/63/720x532/1595142797.jpg,Mexico,Quintana Roo,Tulum,20.215054,-87.49645,Rent
eXp México,https://www.inmuebles24.com/inmobiliarias/exp-mexico_50973893-inmuebles.html,Inmuebles24 (via parse.bot API),https://www.inmuebles24.com/propiedades/clasificado/veclapin-moderno-departamento-de-2-recamaras-con-terraza-en-147906250.html,"Moderno Departamento de 2 Recámaras con Terraza en Aldea Zamá, Tulum",Condo/Apartment,220000,USD,2,2,125.0,m2,"Ubicado en la exclusiva comunidad de Aldea Zamá, este elegante departamento amueblado de 2 recámaras y 2 baños ofrece 125 m² de confort y estilo en el corazón de Tulum. Su diseño abierto integra una amplia cocina, cuarto de lavado con lavadora nueva, bodega y una terraza privada perfecta para disfrutar de la vida interior–exterior. Con un diseño bohemio moderno y cuidadosamente decorado, esta residencia está lista para habitar, ideal como segunda vivienda, refugio vacacional o inversión de renta...",https://img10.naventcdn.com/avisos/18/01/47/90/62/50/720x532/1619038902.jpg?isFirstImage=true; https://img10.naventcdn.com/avisos/18/01/47/90/62/50/720x532/1619038905.jpg; https://img10.naventcdn.com/avisos/18/01/47/90/62/50/720x532/1619038900.jpg; https://img10.naventcdn.com/avisos/18/01/47/90/62/50/720x532/1619038904.jpg; https://img10.naventcdn.com/avisos/18/01/47/90/62/50/720x532/1619038901.jpg; https://img10.naventcdn.com/avisos/18/01/47/90/62/50/720x532/1619038903.jpg; https://img10.naventcdn.com/avisos/18/01/47/90/62/50/720x532/1619038899.jpg; https://img10.naventcdn.com/avisos/18/01/47/90/62/50/720x532/1619038898.jpg,Mexico,Quintana Roo,Tulum,20.2032159,-87.4571755,Rent
eXp México,https://www.inmuebles24.com/inmobiliarias/exp-mexico_50973893-inmuebles.html,Inmuebles24 (via parse.bot API),https://www.inmuebles24.com/propiedades/clasificado/veclapin-hermoso-departamento-de-1-recamara-en-region-15-146708376.html,Hermoso Departamento de 1 Recamara en Region 15,Condo/Apartment,149000,USD,1,1,64.0,m2,"Hermoso departamento en la selva de 1 recamara a minutos de la playa de Tulum. Bienvenido a Noil Foresta, donde la jungla se encuentra con el océano: un refugio sereno diseñado para la relajación y la vida moderna. Ubicado en el corazón de la exuberante Región 15 de Tulum, este impresionante condominio de 1 dormitorio ofrece una experiencia de inmersión a solo minutos de playas mundialmente famosas. Aspectos destacados de la propiedad. 64, 52 m² de espacio cuidadosamente diseñado, completamente ...",https://img10.naventcdn.com/avisos/18/01/46/70/83/76/720x532/1619041858.jpg?isFirstImage=true; https://img10.naventcdn.com/avisos/18/01/46/70/83/76/720x532/1619041862.jpg; https://img10.naventcdn.com/avisos/18/01/46/70/83/76/720x532/1619041866.jpg; https://img10.naventcdn.com/avisos/18/01/46/70/83/76/720x532/1619041864.jpg; https://img10.naventcdn.com/avisos/18/01/46/70/83/76/720x532/1619041857.jpg; https://img10.naventcdn.com/avisos/18/01/46/70/83/76/720x532/1619041867.jpg; https://img10.naventcdn.com/avisos/18/01/46/70/83/76/720x532/1619041863.jpg; https://img10.naventcdn.com/avisos/18/01/46/70/83/76/720x532/1619041861.jpg,Mexico,Quintana Roo,Tulum,20.1810567,-87.4702385,Rent
LAND BOUTIQUE,https://www.inmuebles24.com/inmobiliarias/land-boutique_50051224-inmuebles.html,Inmuebles24 (via parse.bot API),https://www.inmuebles24.com/propiedades/clasificado/alclapin-rooftop-2br-apt-in-tulum-large-pool-gym-64555095.html,Rooftop 2br Apt in Tulum - Large Pool + Gym,Condo/Apartment,19000,MXN,2,2,,m2,"Roof top 2br apartment in Tulum Pool+Gym+ bbq. Peaceful and spacious apartment, with 2 Queen Bedrooms second floor, 2 bathrooms and Laundry. Handpicked decorated and furnished, beautiful terrace, fast fiber WiFi for those that need to get some work done and security gate 24/7. *Parking space with gate. Shared spaces in the condo, swimming pool with a swim lane, Gym, and kids playground area. Price. 26, 000mxp + Services (Internet, Electricity and Water) upon consumption. *If the contract is for ...",https://img10.naventcdn.com/avisos/18/00/64/55/50/95/720x532/359964682.jpg?isFirstImage=true; https://img10.naventcdn.com/avisos/18/00/64/55/50/95/720x532/331764720.jpg; https://img10.naventcdn.com/avisos/18/00/64/55/50/95/720x532/324239481.jpg; https://img10.naventcdn.com/avisos/18/00/64/55/50/95/720x532/324238385.jpg; https://img10.naventcdn.com/avisos/18/00/64/55/50/95/720x532/333685797.jpg; https://img10.naventcdn.com/avisos/18/00/64/55/50/95/720x532/328928808.jpg; https://img10.naventcdn.com/avisos/18/00/64/55/50/95/720x532/359964685.jpg; https://img10.naventcdn.com/avisos/18/00/64/55/50/95/720x532/324238368.jpg,Mexico,Quintana Roo,Tulum,20.20829908173693,-87.47958385368538,Rent
eXp México,https://www.inmuebles24.com/inmobiliarias/exp-mexico_50973893-inmuebles.html,Inmuebles24 (via parse.bot API),https://www.inmuebles24.com/propiedades/clasificado/veclapin-departamento-de-2-recamaras-en-la-veleta-147537328.html,Departamento de 2 Recámaras en La Veleta,Condo/Apartment,2350000,MXN,2,2,63.0,m2,"Descubre la comodidad y el estilo en este condominio de dos recámaras y dos baños completos, ubicado en la codiciada zona de La Veleta en Tulum. Con 63 m² distribuidos en dos niveles, esta propiedad ofrece un diseño funcional y atractivo, ideal tanto para vivir de tiempo completo como para invertir. La sala de concepto abierto conecta perfectamente con las recámaras, brindando un ambiente equilibrado entre privacidad y practicidad. A tan solo 6 minutos en auto de las playas de Tulum y a pasos de...",https://img10.naventcdn.com/avisos/18/01/47/53/73/28/720x532/1616852506.jpg?isFirstImage=true; https://img10.naventcdn.com/avisos/18/01/47/53/73/28/720x532/1616852519.jpg; https://img10.naventcdn.com/avisos/18/01/47/53/73/28/720x532/1616852502.jpg; https://img10.naventcdn.com/avisos/18/01/47/53/73/28/720x532/1616852512.jpg; https://img10.naventcdn.com/avisos/18/01/47/53/73/28/720x532/1616852513.jpg; https://img10.naventcdn.com/avisos/18/01/47/53/73/28/720x532/1616852510.jpg; https://img10.naventcdn.com/avisos/18/01/47/53/73/28/720x532/1616852507.jpg; https://img10.naventcdn.com/avisos/18/01/47/53/73/28/720x532/1616852517.jpg,Mexico,Quintana Roo,Tulum,20.1978543842,-87.4686032837,Rent
LAND BOUTIQUE,https://www.inmuebles24.com/inmobiliarias/land-boutique_50051224-inmuebles.html,Inmuebles24 (via parse.bot API),https://www.inmuebles24.com/propiedades/clasificado/alclapin-departamento-de-una-habitacion-aldea-zama-150777444.html,Departamento de Una Habitacion Aldea Zama,Condo/Apartment,14000,MXN,1,1,84.0,m2,"Ubicado en el exclusivo entorno de Aldea Zama, mak tulum, este departamento de una habitación en el segundo nivel con luz natural. Diseñado para quienes buscan un espacio acogedor y moderno, esta propiedad cuenta con: Espaciosa sala y comedor con diseño abierto, cocina completamente equipada, barra desayunadora con 2 bancos, comedor para 5 comensales, Sala con tv. Habitación con recamara King Size, con closet, tv. 1 baño completo. Área de lavado. Aire acondicionado en cada ambien y ventiladores ...",https://img10.naventcdn.com/avisos/18/01/50/77/74/44/720x532/1625239815.jpg?isFirstImage=true; https://img10.naventcdn.com/avisos/18/01/50/77/74/44/720x532/1625239813.jpg; https://img10.naventcdn.com/avisos/18/01/50/77/74/44/720x532/1625239812.jpg; https://img10.naventcdn.com/avisos/18/01/50/77/74/44/720x532/1625239804.jpg; https://img10.naventcdn.com/avisos/18/01/50/77/74/44/720x532/1625239798.jpg; https://img10.naventcdn.com/avisos/18/01/50/77/74/44/720x532/1625239797.jpg; https://img10.naventcdn.com/avisos/18/01/50/77/74/44/720x532/1625239809.jpg; https://img10.naventcdn.com/avisos/18/01/50/77/74/44/720x532/1625239805.jpg,Mexico,Quintana Roo,Tulum,20.202943765,-87.4582744151,Rent
MARCAN INMUEBLES,https://www.inmuebles24.com/inmobiliarias/marcan-inmuebles_50216989-inmuebles.html,Inmuebles24 (via parse.bot API),https://www.inmuebles24.com/propiedades/clasificado/veclapin-departamento-80-m-sup2--en-veleta-tulum-alberca-147049119.html,Departamento 80 m&sup2; en Veleta Tulum Alberca Privada en Edificio Torana Excelente Oportunidad,Condo/Apartment,4500000,MXN,1,1,80.0,m2,"Departamento 80 m2 en Veleta Tulum Alberca Privada en Edificio Torana Excelente Oportunidad. venta / renta. Listo para habitar, amueblado, cocina, canceleria, rentado por airbnb actualmente. Todo en buen estado y listo para habitar. Cesar M. Marcan Inmuebles. <span class='descripcionDatosAnunciante'><button class='btn btn-link js-verDatos' href='#'>Ver datos</button></span>",https://img10.naventcdn.com/avisos/18/01/47/04/91/19/720x532/1546823426.jpg?isFirstImage=true; https://img10.naventcdn.com/avisos/18/01/47/04/91/19/720x532/1546823428.jpg; https://img10.naventcdn.com/avisos/18/01/47/04/91/19/720x532/1546823434.jpg; https://img10.naventcdn.com/avisos/18/01/47/04/91/19/720x532/1546823429.jpg; https://img10.naventcdn.com/avisos/18/01/47/04/91/19/720x532/1546823431.jpg; https://img10.naventcdn.com/avisos/18/01/47/04/91/19/720x532/1546823427.jpg; https://img10.naventcdn.com/avisos/18/01/47/04/91/19/720x532/1546823433.jpg; https://img10.naventcdn.com/avisos/18/01/47/04/91/19/720x532/1546823432.jpg,Mexico,Quintana Roo,Tulum,20.1976512,-87.4695743,Rent
LAND BOUTIQUE,https://www.inmuebles24.com/inmobiliarias/land-boutique_50051224-inmuebles.html,Inmuebles24 (via parse.bot API),https://www.inmuebles24.com/propiedades/clasificado/alclapin-roof-top-2br-apartment-in-tulum-pool-gym-bbq-64121906.html,Roof Top 2br Apartment in Tulum Pool + Gym + Bbq,Condo/Apartment,18500,MXN,2,2,134.0,m2,"Peaceful and spacious apartment, with 2 Queen Bedrooms second floor, 2 bathrooms and Laundry. Handpicked decorated and furnished, beautiful terrace, fast fiber wifi for those that need to get some work done and security gate 24/7. *Parking space with gate. Shared spaces in the condo, swimming pool with a swim lane, Gym, and kids playground area. Price. + Services (Internet, Electricity and Water) around 100 usd upon consumption. Deposit will be required. Located near Gypsea market, Italdos famou...",https://img10.naventcdn.com/avisos/18/00/64/12/19/06/720x532/327447783.jpg?isFirstImage=true; https://img10.naventcdn.com/avisos/18/00/64/12/19/06/720x532/315804992.jpg; https://img10.naventcdn.com/avisos/18/00/64/12/19/06/720x532/331758418.jpg; https://img10.naventcdn.com/avisos/18/00/64/12/19/06/720x532/327447779.jpg; https://img10.naventcdn.com/avisos/18/00/64/12/19/06/720x532/315797847.jpg; https://img10.naventcdn.com/avisos/18/00/64/12/19/06/720x532/320348986.jpg; https://img10.naventcdn.com/avisos/18/00/64/12/19/06/720x532/328926402.jpg; https://img10.naventcdn.com/avisos/18/00/64/12/19/06/720x532/331762221.jpg,Mexico,Quintana Roo,Tulum,20.212953993262598,-87.47973713068848,Rent
eXp México,https://www.inmuebles24.com/inmobiliarias/exp-mexico_50973893-inmuebles.html,Inmuebles24 (via parse.bot API),https://www.inmuebles24.com/propiedades/clasificado/veclapin-departamento-en-aqua-de-sal-aldea-zama-el-corazon-de-148046949.html,"Departamento en Aqua de Sal, Aldea Zamá El Corazón de Tulum",Condo/Apartment,300000,USD,2,2,182.0,m2,"Vive o invierte en uno de los secretos mejor guardados de Tulum. Si sueñas con tener un espacio propio en la Riviera Maya —uno con estilo, privacidad y ubicación privilegiada— este departamento en Aqua de Sal, dentro de Aldea Zamá, te va a encantar. No es un “depita” para escaparte el fin de semana. Es una propiedad lista para habitar o generar ingresos desde el día uno. Ubicación premium: Aldea Zamá es la zona más codiciada de Tulum. Tranquila, verde, elegante. A minutos de la playa y cerca de ...",https://img10.naventcdn.com/avisos/18/01/48/04/69/49/720x532/1599506553.jpg?isFirstImage=true; https://img10.naventcdn.com/avisos/18/01/48/04/69/49/720x532/1599506561.jpg; https://img10.naventcdn.com/avisos/18/01/48/04/69/49/720x532/1599506555.jpg; https://img10.naventcdn.com/avisos/18/01/48/04/69/49/720x532/1599506557.jpg; https://img10.naventcdn.com/avisos/18/01/48/04/69/49/720x532/1599506545.jpg; https://img10.naventcdn.com/avisos/18/01/48/04/69/49/720x532/1599506547.jpg; https://img10.naventcdn.com/avisos/18/01/48/04/69/49/720x532/1599506558.jpg; https://img10.naventcdn.com/avisos/18/01/48/04/69/49/720x532/1599506562.jpg,Mexico,Quintana Roo,Tulum,20.2028729683,-87.4607838385,Rent
eXp México,https://www.inmuebles24.com/inmobiliarias/exp-mexico_50973893-inmuebles.html,Inmuebles24 (via parse.bot API),https://www.inmuebles24.com/propiedades/clasificado/veclapin-departamento-de-1-recamara-en-la-veleta-proyecto-de-148985175.html,Departamento de 1 Recámara en La Veleta | Proyecto de Bienestar | Erena Tulum.,Condo/Apartment,1700000,MXN,1,1,49.0,m2,"Ubicado en La Veleta, Tulum, dentro del proyecto erena, este departamento de 1 recámara y 1 baño ofrece una experiencia residencial inspirada en el bienestar, la calma y la conexión con la naturaleza. Con una superficie total de 49. 65 m², la unidad ha sido diseñada bajo un concepto yogui que prioriza la armonía entre cuerpo, mente y espíritu, integrando arquitectura de líneas curvas, elegancia sobria y atmósferas serenas en medio de la selva, a pocos minutos de la playa y del centro de la ciuda...",https://img10.naventcdn.com/avisos/18/01/48/98/51/75/720x532/1619911582.jpg?isFirstImage=true; https://img10.naventcdn.com/avisos/18/01/48/98/51/75/720x532/1619911591.jpg; https://img10.naventcdn.com/avisos/18/01/48/98/51/75/720x532/1619911581.jpg; https://img10.naventcdn.com/avisos/18/01/48/98/51/75/720x532/1619911585.jpg; https://img10.naventcdn.com/avisos/18/01/48/98/51/75/720x532/1619911588.jpg; https://img10.naventcdn.com/avisos/18/01/48/98/51/75/720x532/1619911589.jpg; https://img10.naventcdn.com/avisos/18/01/48/98/51/75/720x532/1619911579.jpg; https://img10.naventcdn.com/avisos/18/01/48/98/51/75/720x532/1619911584.jpg,Mexico,Quintana Roo,Tulum,20.2039684,-87.4732865,Rent
eXp México,https://www.inmuebles24.com/inmobiliarias/exp-mexico_50973893-inmuebles.html,Inmuebles24 (via parse.bot API),https://www.inmuebles24.com/propiedades/clasificado/alclapin-estudio-swim-up-completamente-amueblado-148660149.html,Estudio Swim Up Completamente Amueblado,Unknown,9000,MXN,,1,60.0,m2,"Si buscas comodidad, lujo y un excelente precio, este estudio completamente amueblado en Región 15 es perfecto para ti. Ubicado en el exclusivo Condominio Core, esta unidad swim-up te ofrece acceso directo a la alberca, ideal para disfrutar del clima tropical de Tulum. Ubicación privilegiada: Zona tranquila y rodeada de naturaleza, a pocos minutos de la playa y el centro de Tulum.. gl/NbN6pW8wX3zqu27C7? g_st=ic. Diseño moderno y elegante: Espacios bien distribuidos para adaptarse a tu estilo de ...",https://img10.naventcdn.com/avisos/18/01/48/66/01/49/720x532/1599530523.jpg?isFirstImage=true; https://img10.naventcdn.com/avisos/18/01/48/66/01/49/720x532/1599530532.jpg; https://img10.naventcdn.com/avisos/18/01/48/66/01/49/720x532/1599530527.jpg; https://img10.naventcdn.com/avisos/18/01/48/66/01/49/720x532/1599530530.jpg; https://img10.naventcdn.com/avisos/18/01/48/66/01/49/720x532/1599530525.jpg; https://img10.naventcdn.com/avisos/18/01/48/66/01/49/720x532/1599530533.jpg; https://img10.naventcdn.com/avisos/18/01/48/66/01/49/720x532/1599530529.jpg; https://img10.naventcdn.com/avisos/18/01/48/66/01/49/720x532/1599530531.jpg,Mexico,Quintana Roo,Tulum,20.1810567,-87.4702385,Rent
LAND BOUTIQUE,https://www.inmuebles24.com/inmobiliarias/land-boutique_50051224-inmuebles.html,Inmuebles24 (via parse.bot API),https://www.inmuebles24.com/propiedades/clasificado/alclapin-boho-chic-condo-en-sukha-1br-ground-floor-la-veleta-143410177.html,Boho Chic Condo en Sukha 1br Ground Floor La Veleta Tulum,Condo/Apartment,12000,MXN,1,1,66.0,m2,"Este hermoso departamento en planta baja cuenta con una recámara, un baño, cómoda sala con sofá cama donde 2 personas adicionales pueden dormir, cuenta también con una cocina totalmente equipada y comedor con capacidad para 4. Desde la sala podrá acceder a la terraza que se conecta con las áreas comunes ya que el departamento está en planta baja y el condominio cuenta con 2 espectaculares albercas, hamacas y un nido de meditación. Condominio que respeta la naturaleza rodeada de árboles, acceso c...",https://img10.naventcdn.com/avisos/18/01/43/41/01/77/720x532/1458348575.jpg?isFirstImage=true; https://img10.naventcdn.com/avisos/18/01/43/41/01/77/720x532/1458348569.jpg; https://img10.naventcdn.com/avisos/18/01/43/41/01/77/720x532/1458348558.jpg; https://img10.naventcdn.com/avisos/18/01/43/41/01/77/720x532/1458306727.jpg; https://img10.naventcdn.com/avisos/18/01/43/41/01/77/720x532/1458307015.jpg; https://img10.naventcdn.com/avisos/18/01/43/41/01/77/720x532/1458348557.jpg; https://img10.naventcdn.com/avisos/18/01/43/41/01/77/720x532/1458348559.jpg; https://img10.naventcdn.com/avisos/18/01/43/41/01/77/720x532/1458348560.jpg,Mexico,Quintana Roo,Tulum,20.2029577,-87.4715246,Rent
ABREGO REAL ESTATE,https://www.inmuebles24.com/inmobiliarias/abrego-real-estate_51132699-inmuebles.html,Inmuebles24 (via parse.bot API),https://www.inmuebles24.com/propiedades/clasificado/alclapin-estudio-amueblado-en-saskab-tulum-terraza-privada-149890537.html,"Estudio Amueblado en Saskab Tulum | Terraza Privada | $9,000 Mxn",Unknown,9000,MXN,1,1,40.0,m2,"Disfruta de la experiencia de vivir en Tulum en este acogedor estudio completamente amueblado y equipado en Saskab Tulum. Ideal para quienes buscan comodidad, funcionalidad y una excelente ubicación. La propiedad cuenta con 45. 9 m² totales, distribuidos en área de dormitorio, sala/comedor, cocina, baño completo, clóset y una agradable terraza privada perfecta para relajarse. Equipado con: Aire acondicionado. Smart tv de 50” Cocina equipada. Mobiliario completo. Terraza privada. Ubicado en Saska...",https://img10.naventcdn.com/avisos/18/01/49/89/05/37/720x532/1606960114.jpg?isFirstImage=true; https://img10.naventcdn.com/avisos/18/01/49/89/05/37/720x532/1606960111.jpg; https://img10.naventcdn.com/avisos/18/01/49/89/05/37/720x532/1606960110.jpg; https://img10.naventcdn.com/avisos/18/01/49/89/05/37/720x532/1606960113.jpg; https://img10.naventcdn.com/avisos/18/01/49/89/05/37/720x532/1606960112.jpg; https://img10.naventcdn.com/avisos/18/01/49/89/05/37/720x532/1606960115.jpg; https://img10.naventcdn.com/avisos/18/01/49/89/05/37/720x532/1606960109.jpg,Mexico,Quintana Roo,Tulum,20.194339689802323,-87.46754342800293,Rent
domo housing,https://www.inmuebles24.com/inmobiliarias/domo-housing_51082868-inmuebles.html,Inmuebles24 (via parse.bot API),https://www.inmuebles24.com/propiedades/clasificado/veclapin-venta-o-renta-hermoso-ph-aldea-zama-148243519.html,"Venta o Renta Hermoso PH, Aldea Zama",Unknown,10000000,MXN,2,2,323.0,m2,"Espectacular ph de 2 recámaras en venta O renta, 2 recámaras, 2 baños en aldea zama. Vive la experiencia de estar en la cima de la selva en este exclusivo ph, donde el lujo Y la naturaleza se fusionan A la perfección. Con 2 recámaras Y 2 baños, este espacio A sido diseñado para brindar comodidad sofisticación. Sus techos altos crean una sensación de amplitud inigualable, mientras que los ventanales de piso A techo conectan cada ambiente con el entorno natural. Su hermosa terraza con su pequeña a...",https://img10.naventcdn.com/avisos/18/01/48/24/35/19/720x532/1573248839.jpg?isFirstImage=true; https://img10.naventcdn.com/avisos/18/01/48/24/35/19/720x532/1573248844.jpg; https://img10.naventcdn.com/avisos/18/01/48/24/35/19/720x532/1573248849.jpg; https://img10.naventcdn.com/avisos/18/01/48/24/35/19/720x532/1573248848.jpg; https://img10.naventcdn.com/avisos/18/01/48/24/35/19/720x532/1573248833.jpg; https://img10.naventcdn.com/avisos/18/01/48/24/35/19/720x532/1573248846.jpg; https://img10.naventcdn.com/avisos/18/01/48/24/35/19/720x532/1573248850.jpg; https://img10.naventcdn.com/avisos/18/01/48/24/35/19/720x532/1573248841.jpg,Mexico,Quintana Roo,Tulum,20.1997998,-87.454707,Rent
LAND BOUTIQUE,https://www.inmuebles24.com/inmobiliarias/land-boutique_50051224-inmuebles.html,Inmuebles24 (via parse.bot API),https://www.inmuebles24.com/propiedades/clasificado/alclapin-departamento-loft-doble-altura-samiik-tulum-150777446.html,Departamento Loft Doble Altura Samiik Tulum,Condo/Apartment,13000,MXN,1,1,60.0,m2,"Loft Doble Altura en Renta. Espacio moderno y funcional, ideal para vivir y trabajar cómodo. 1er planta: Sala-comedor con cocina equipada, área de lavado con centro de lavado, y baño completo. 2da planta: Recámara con cama king size y clóset. Balcón privado con vista a la alberca y tina exterior. Internet de alta velocidad: 200 Mb, ideal para trabajar desde casa. Renta: $14, 000 mxp + servicios (luz e internet) Contrato 12 meses. Se solicita 1 mes de depósito. ¡Agenda tu visita! Ubicado en regió...",https://img10.naventcdn.com/avisos/18/01/50/77/74/46/720x532/1625239865.jpg?isFirstImage=true; https://img10.naventcdn.com/avisos/18/01/50/77/74/46/720x532/1625239869.jpg; https://img10.naventcdn.com/avisos/18/01/50/77/74/46/720x532/1625239853.jpg; https://img10.naventcdn.com/avisos/18/01/50/77/74/46/720x532/1625239850.jpg; https://img10.naventcdn.com/avisos/18/01/50/77/74/46/720x532/1625239866.jpg; https://img10.naventcdn.com/avisos/18/01/50/77/74/46/720x532/1625239859.jpg; https://img10.naventcdn.com/avisos/18/01/50/77/74/46/720x532/1625239861.jpg; https://img10.naventcdn.com/avisos/18/01/50/77/74/46/720x532/1625239860.jpg,Mexico,Quintana Roo,Tulum,20.1904091015,-87.4728501966,Rent
AB Consulting Group Asesoría Jurídica en Inmobiliaria,https://www.inmuebles24.com/inmobiliarias/ab-consulting-group-asesoria-juridica-en-inmobiliaria_102736096-inmuebles.html,Inmuebles24 (via parse.bot API),https://www.inmuebles24.com/propiedades/clasificado/alclapin-excelente-loft-en-renta-aldea-zama-tulum-145154809.html,Excelente Loft en Renta Aldea Zama Tulum,Unknown,18000,MXN,1,1,50.0,m2,"¡Vive la experiencia única de Tulum en un espacio diseñado para tu confort y bienestar, perfectamente para 4 huéspedes! Recámara Principal: Disfruta de un descanso reparador en una amplia cama king size, ideal para relajarte y recargar energías tras un día de aventuras. Sala-Comedor Espacioso: Relájate en un sofá-cama de diseño, perfecto para recibir a extra-huéspedes o disfrutar de una película en un ambiente acogedor. ¡El lugar perfecto para compartir momentos memorables! Cocina Totalmente Equ...",https://img10.naventcdn.com/avisos/18/01/45/15/48/09/720x532/1567803429.jpg?isFirstImage=true; https://img10.naventcdn.com/avisos/18/01/45/15/48/09/720x532/1502536907.jpg; https://img10.naventcdn.com/avisos/18/01/45/15/48/09/720x532/1502536915.jpg; https://img10.naventcdn.com/avisos/18/01/45/15/48/09/720x532/1502536918.jpg; https://img10.naventcdn.com/avisos/18/01/45/15/48/09/720x532/1502536908.jpg; https://img10.naventcdn.com/avisos/18/01/45/15/48/09/720x532/1502536909.jpg; https://img10.naventcdn.com/avisos/18/01/45/15/48/09/720x532/1502536916.jpg; https://img10.naventcdn.com/avisos/18/01/45/15/48/09/720x532/1502536913.jpg,Mexico,Quintana Roo,Tulum,,,Rent
Daniela,https://www.inmuebles24.com/inmobiliarias/daniela_102869361-inmuebles.html,Inmuebles24 (via parse.bot API),https://www.inmuebles24.com/propiedades/clasificado/alclapin-departamento-amueblado-en-renta-en-tulum-primer-149301348.html,Departamento Amueblado en Renta en Tulum | Primer Nivel | Listo Para Habitar,Condo/Apartment,6500,MXN,2,1,50.0,m2,"Departamento en renta completamente amueblado y equipado, listo para habitar de inmediato. Ubicado en Aldea Tulum (Manzana 64), en primer nivel, lo que lo hace más cómodo y práctico en el día a día. Ideal para quien busca un espacio funcional, bien ubicado y listo para mudarse sin tener que comprar nada adicional. Cuenta con excelente iluminación natural y se encuentra en muy buenas condiciones de mantenimiento. ⸻ Ubicación. Ubicado frente a 7-Eleven, en una zona práctica y bien conectada dentro...",https://img10.naventcdn.com/avisos/18/01/49/30/13/48/720x532/1594620223.jpg?isFirstImage=true; https://img10.naventcdn.com/avisos/18/01/49/30/13/48/720x532/1594620237.jpg; https://img10.naventcdn.com/avisos/18/01/49/30/13/48/720x532/1594620224.jpg; https://img10.naventcdn.com/avisos/18/01/49/30/13/48/720x532/1594620238.jpg; https://img10.naventcdn.com/avisos/18/01/49/30/13/48/720x532/1594620229.jpg; https://img10.naventcdn.com/avisos/18/01/49/30/13/48/720x532/1594620226.jpg; https://img10.naventcdn.com/avisos/18/01/49/30/13/48/720x532/1594620225.jpg; https://img10.naventcdn.com/avisos/18/01/49/30/13/48/720x532/1594620228.jpg,Mexico,Quintana Roo,Tulum,20.1952078,-87.5290761,Rent
CONEXIONES INMOBILIARIAS TULUM,https://www.inmuebles24.com/inmobiliarias/conexiones-inmobiliarias-tulum_50228350-inmuebles.html,Inmuebles24 (via parse.bot API),https://www.inmuebles24.com/propiedades/clasificado/alclapin-luminoso-departamento-de-153-m-sup2--en-renta-en-aldea-142634062.html,Luminoso Departamento de 153 m&sup2; en Renta en Aldea Zama,Condo/Apartment,20000,MXN,2,2,142.0,m2,"En el área residencial de la conocida Aldea Zama, a unos pasos del área comercial mza 26, departamento en renta a largo plazo. Amplio y Luminoso departamento moderno de 142 m2 mas terrazas minimalista e ideal para quien busca un estilo de vida tranquilo. ︎ Condominio de sólo 8 departamentos el departamento, que se encuentra en planta baja y cuenta con amplia terraza con vista a la alberca y un patio trasero. Además de: 2 recamaras - Habitación principal con Walk-In closet. 2 baños completos. Cen...",https://img10.naventcdn.com/avisos/18/01/42/63/40/62/720x532/1595148208.jpg?isFirstImage=true; https://img10.naventcdn.com/avisos/18/01/42/63/40/62/720x532/1595148217.jpg; https://img10.naventcdn.com/avisos/18/01/42/63/40/62/720x532/1595148214.jpg; https://img10.naventcdn.com/avisos/18/01/42/63/40/62/720x532/1595148210.jpg; https://img10.naventcdn.com/avisos/18/01/42/63/40/62/720x532/1595148218.jpg; https://img10.naventcdn.com/avisos/18/01/42/63/40/62/720x532/1595148213.jpg; https://img10.naventcdn.com/avisos/18/01/42/63/40/62/720x532/1595148212.jpg; https://img10.naventcdn.com/avisos/18/01/42/63/40/62/720x532/1595148209.jpg,Mexico,Quintana Roo,Tulum,20.1997998,-87.454707,Rent
ABREGO REAL ESTATE,https://www.inmuebles24.com/inmobiliarias/abrego-real-estate_51132699-inmuebles.html,Inmuebles24 (via parse.bot API),https://www.inmuebles24.com/propiedades/clasificado/alclapin-estudio-en-renta-en-aldea-zama-tulum-rooftop-con-149448772.html,"Estudio en Renta en Aldea Zama, Tulum | Rooftop con Alberca y Gym | Ubicación Premium",Unknown,7600,MXN,1,1,42.0,m2,"Vive en una de las zonas más exclusivas de Tulum. Este acogedor estudio en Phimai, Aldea Zama, es ideal para quienes buscan comodidad, estilo y una excelente ubicación. Cuenta con 1 recámara, 1 baño y se entrega completamente equipado, listo para habitar. Disfruta de amenidades como gimnasio y una espectacular alberca en rooftop, perfecta para relajarte o disfrutar del atardecer. Ubicado en el corazón de Aldea Zama, tendrás fácil acceso a restaurantes, tiendas y a pocos minutos de la playa. Rent...",https://img10.naventcdn.com/avisos/18/01/49/44/87/72/720x532/1597618186.jpg?isFirstImage=true; https://img10.naventcdn.com/avisos/18/01/49/44/87/72/720x532/1597618192.jpg; https://img10.naventcdn.com/avisos/18/01/49/44/87/72/720x532/1597618191.jpg; https://img10.naventcdn.com/avisos/18/01/49/44/87/72/720x532/1597618188.jpg; https://img10.naventcdn.com/avisos/18/01/49/44/87/72/720x532/1597618189.jpg; https://img10.naventcdn.com/avisos/18/01/49/44/87/72/720x532/1597618183.jpg; https://img10.naventcdn.com/avisos/18/01/49/44/87/72/720x532/1597618193.jpg; https://img10.naventcdn.com/avisos/18/01/49/44/87/72/720x532/1597618194.jpg,Mexico,Quintana Roo,Tulum,20.200946641071994,-87.4550331767212,Rent
ABREGO REAL ESTATE,https://www.inmuebles24.com/inmobiliarias/abrego-real-estate_51132699-inmuebles.html,Inmuebles24 (via parse.bot API),https://www.inmuebles24.com/propiedades/clasificado/alclapin-departamento-2-recamaras-en-aldea-zama-con-terraza-y-146790562.html,Departamento 2 Recámaras en Aldea Zama con Terraza y Alberca – Amueblado,Condo/Apartment,14000,MXN,2,2,100.0,m2,"Aldea Zama, Tulum – Mareas Condos. ️ 2 recámaras. - Recámara principal con cama king size. - Segunda recámara con 2 camas individuales. 2 baños completos. ️ Totalmente amueblado y equipado. ️ Cocina integral con horno, microondas, refrigerador, cafetera y utensilios. Sala con Smart tv y espacio de trabajo. ️ Aire acondicionado. Lavadora. Terraza y balcón privados. Acceso a alberca. Excelente opción para vivir en una de las zonas más exclusivas de Tulum, con fácil acceso a la zona hotelera y prin...",https://img10.naventcdn.com/avisos/18/01/46/79/05/62/720x532/1540549191.jpg?isFirstImage=true; https://img10.naventcdn.com/avisos/18/01/46/79/05/62/720x532/1540549189.jpg; https://img10.naventcdn.com/avisos/18/01/46/79/05/62/720x532/1540549193.jpg; https://img10.naventcdn.com/avisos/18/01/46/79/05/62/720x532/1540549184.jpg; https://img10.naventcdn.com/avisos/18/01/46/79/05/62/720x532/1540549195.jpg; https://img10.naventcdn.com/avisos/18/01/46/79/05/62/720x532/1540549188.jpg; https://img10.naventcdn.com/avisos/18/01/46/79/05/62/720x532/1540549185.jpg; https://img10.naventcdn.com/avisos/18/01/46/79/05/62/720x532/1540549187.jpg,Mexico,Quintana Roo,Tulum,,,Rent
LAND BOUTIQUE,https://www.inmuebles24.com/inmobiliarias/land-boutique_50051224-inmuebles.html,Inmuebles24 (via parse.bot API),https://www.inmuebles24.com/propiedades/clasificado/alclapin-3br-spacious-apartment-for-rent-plunge-pool-samiik-150777495.html,3br Spacious Apartment For Rent /plunge Pool - Samiik Tulum,Condo/Apartment,25000,MXN,3,2,60.0,m2,"Samiik is unique both in style and minimalism, the place has 3br and 2bth and a fully equipped kitchen, a plunge pool with hot &amp; cold water, all that you and your party could possibly need to make your vacations unforgettable. Located a just a few blocks to the beach access (Kukulkan Av.) Ideal for families or a group of friends, experience the magic of Tulum jungle while practicing yoga at the deck. If you’re searching for a quiet place away from the noise of the city search no more. Bedroo...",https://img10.naventcdn.com/avisos/18/01/50/77/74/95/720x532/1625241447.jpg?isFirstImage=true; https://img10.naventcdn.com/avisos/18/01/50/77/74/95/720x532/1625241439.jpg; https://img10.naventcdn.com/avisos/18/01/50/77/74/95/720x532/1625241425.jpg; https://img10.naventcdn.com/avisos/18/01/50/77/74/95/720x532/1625241441.jpg; https://img10.naventcdn.com/avisos/18/01/50/77/74/95/720x532/1625241417.jpg; https://img10.naventcdn.com/avisos/18/01/50/77/74/95/720x532/1625241420.jpg; https://img10.naventcdn.com/avisos/18/01/50/77/74/95/720x532/1625241421.jpg; https://img10.naventcdn.com/avisos/18/01/50/77/74/95/720x532/1625241437.jpg,Mexico,Quintana Roo,Tulum,20.1898739824,-87.4739200203,Rent
COLDWELL BANKER BLOOM,https://www.inmuebles24.com/inmobiliarias/coldwell-banker-bloom_102831093-inmuebles.html,Inmuebles24 (via parse.bot API),https://www.inmuebles24.com/propiedades/clasificado/alclapin-pent-house-en-renta-en-aldea-zama-tulum-149096976.html,"Pent House en Renta en Aldea Zama, Tulum",House,27000,MXN,2,2,90.0,m2,"Pent house totalmente amueblada en el corazón de Aldea Zama, con doble altura en sala-comedor, cuenta con 2 recámaras, 2 baños, cocina integral, terraza privada de 32 m2 con comedor, pergola y piscina pequeña, balcón de 6 m2, aires acondicionados fan&coil en recámaras y sala-comedor, 1 lugar de estacionamiento. Vista a zona arbolada. ¡Listo para habitarse! Mantenimiento incluido. Amenidades: Alberca.",https://img10.naventcdn.com/avisos/18/01/49/09/69/76/720x532/1590442319.jpg?isFirstImage=true; https://img10.naventcdn.com/avisos/18/01/49/09/69/76/720x532/1590442322.jpg; https://img10.naventcdn.com/avisos/18/01/49/09/69/76/720x532/1590442320.jpg; https://img10.naventcdn.com/avisos/18/01/49/09/69/76/720x532/1590442316.jpg; https://img10.naventcdn.com/avisos/18/01/49/09/69/76/720x532/1590442323.jpg; https://img10.naventcdn.com/avisos/18/01/49/09/69/76/720x532/1590442317.jpg; https://img10.naventcdn.com/avisos/18/01/49/09/69/76/720x532/1590442321.jpg; https://img10.naventcdn.com/avisos/18/01/49/09/69/76/720x532/1590442312.jpg,Mexico,Quintana Roo,Tulum,20.1997998,-87.454707,Rent
ABREGO REAL ESTATE,https://www.inmuebles24.com/inmobiliarias/abrego-real-estate_51132699-inmuebles.html,Inmuebles24 (via parse.bot API),https://www.inmuebles24.com/propiedades/clasificado/alclapin-luminoso-departamento-en-renta-de-62-m-sup2--en-tulum-149106837.html,Luminoso Departamento en Renta de 62 m&sup2; en Tulum,Condo/Apartment,13000,MXN,1,1,62.0,m2,"Ubicación privilegiada en Aldea Zama, Tulum. - 1 recamara. - Sala / Comedor / Tina de baño. - 1 baño completo. - Totalmente amueblado y equipado (con muebles, aire acondicionado, cocina equipada) - Alberca (area comun) - Acepta mascota pequeña. renta $16, 000 pesos + depósito. Incluye cuota condominal",https://img10.naventcdn.com/avisos/18/01/49/10/68/37/720x532/1590627448.jpg?isFirstImage=true; https://img10.naventcdn.com/avisos/18/01/49/10/68/37/720x532/1590627440.jpg; https://img10.naventcdn.com/avisos/18/01/49/10/68/37/720x532/1590627444.jpg; https://img10.naventcdn.com/avisos/18/01/49/10/68/37/720x532/1590627443.jpg; https://img10.naventcdn.com/avisos/18/01/49/10/68/37/720x532/1590627442.jpg; https://img10.naventcdn.com/avisos/18/01/49/10/68/37/720x532/1590627445.jpg; https://img10.naventcdn.com/avisos/18/01/49/10/68/37/720x532/1590627447.jpg; https://img10.naventcdn.com/avisos/18/01/49/10/68/37/720x532/1590627446.jpg,Mexico,Quintana Roo,Tulum,20.202584925294527,-87.45703944603272,Rent
eXp México,https://www.inmuebles24.com/inmobiliarias/exp-mexico_50973893-inmuebles.html,Inmuebles24 (via parse.bot API),https://www.inmuebles24.com/propiedades/clasificado/veclapin-venta-departamento.-tulum-qroo.-zona-la-veleta.-146227898.html,"Venta Departamento. Tulum, Qroo. Zona La Veleta. Conjunto Smart Depas.",Condo/Apartment,1870000,MXN,1,1,48.0,m2,"Oportunidad de adquirir un moderno departamento de 48 m2 de construcción, en la zona de la Veleta, una de las más exclusivas de Tulum., Quintana Roo. Ya sea para vivienda propia o para inversión. ¡Te encantará! Ahora ofrecido a $1, 870, 000 Mxn (anteriormente $2, 225, 000 Mxn), esta propiedad presenta una oportunidad excepcional para invertir por debajo del valor de mercado en uno de los destinos de alquiler vacacional más fuertes de México. Su ubicación es privilegiada permite un rápido acceso ...",https://img10.naventcdn.com/avisos/18/01/46/22/78/98/720x532/1624840857.jpg?isFirstImage=true; https://img10.naventcdn.com/avisos/18/01/46/22/78/98/720x532/1624840880.jpg; https://img10.naventcdn.com/avisos/18/01/46/22/78/98/720x532/1624840867.jpg; https://img10.naventcdn.com/avisos/18/01/46/22/78/98/720x532/1624840873.jpg; https://img10.naventcdn.com/avisos/18/01/46/22/78/98/720x532/1624840865.jpg; https://img10.naventcdn.com/avisos/18/01/46/22/78/98/720x532/1624840875.jpg; https://img10.naventcdn.com/avisos/18/01/46/22/78/98/720x532/1624840874.jpg; https://img10.naventcdn.com/avisos/18/01/46/22/78/98/720x532/1624840878.jpg,Mexico,Quintana Roo,Tulum,20.1990089,-87.4787111,Rent
Kiwik Real Estate,https://www.inmuebles24.com/inmobiliarias/kiwik-real-estate_102538290-inmuebles.html,Inmuebles24 (via parse.bot API),https://www.inmuebles24.com/propiedades/clasificado/alclapin-departamento-en-renta-de-1-recamara-en-tulum-142796676.html,Departamento en Renta de 1 Recámara en Tulum,Condo/Apartment,10000,MXN,1,1,55.0,m2,Departamentos amueblados en Renta en Tulum Bonitos departamentos amueblados y equipados de una sola habitación a solo unos minutos del centro de Tulum. Área habitacional: -Cocina integral-Sala-Comedor-1 Recámara con clóset y terraza -1 BañoEquipamiento-Aire acondicionado-Refrigerador-Parrilla de inducción eleéctrica con campana-Horno de microondas-Cafetera y licuadora-Tv-Ventiladores de techo Amenidades: -Seguridad 24/7 -Lobby-Alberca-Área de camastros-Áreas verdes-Rooftop-EstacionamientoRestric...,https://img10.naventcdn.com/avisos/18/01/42/79/66/76/720x532/1441281814.jpg?isFirstImage=true; https://img10.naventcdn.com/avisos/18/01/42/79/66/76/720x532/1441281813.jpg; https://img10.naventcdn.com/avisos/18/01/42/79/66/76/720x532/1441281832.jpg; https://img10.naventcdn.com/avisos/18/01/42/79/66/76/720x532/1441281828.jpg; https://img10.naventcdn.com/avisos/18/01/42/79/66/76/720x532/1441281821.jpg; https://img10.naventcdn.com/avisos/18/01/42/79/66/76/720x532/1441281825.jpg; https://img10.naventcdn.com/avisos/18/01/42/79/66/76/720x532/1441281816.jpg; https://img10.naventcdn.com/avisos/18/01/42/79/66/76/720x532/1441281817.jpg,Mexico,Quintana Roo,Tulum,20.2114185,-87.4653502,Rent
castiland realty,https://www.inmuebles24.com/inmobiliarias/castiland-realty_102636320-inmuebles.html,Inmuebles24 (via parse.bot API),https://www.inmuebles24.com/propiedades/clasificado/alclapin-exclusivo-departamento-de-253-m-sup2--con-alberca-y-149783429.html,Exclusivo Departamento de 253 m&sup2; con Alberca y Terraza Privadas Ubicado en Mistiq Temple Tulum,Condo/Apartment,40000,MXN,2,2,15744.0,m2,"Vive una experiencia única en Tulum hospedándote en este exclusivo departamento dentro de Mistiq Temple. Ideal para hasta 6 personas, cuenta con 2 habitaciones, 3 baños, terraza con alberca privada y balcones con hermosas vistas a la selva. Disfruta de cocina totalmente equipada, mobiliario de calidad, Wi-Fi, tv, aire acondicionado y centro de lavado. El complejo ofrece 6 albercas rooftop, alberca central con jacuzzi, gimnasio, seguridad 24/7 y estacionamiento, todo cerca de las mejores playas y...",https://img10.naventcdn.com/avisos/18/01/49/78/34/29/720x532/1604691155.jpg?isFirstImage=true; https://img10.naventcdn.com/avisos/18/01/49/78/34/29/720x532/1604691168.jpg; https://img10.naventcdn.com/avisos/18/01/49/78/34/29/720x532/1604691146.jpg; https://img10.naventcdn.com/avisos/18/01/49/78/34/29/720x532/1604691147.jpg; https://img10.naventcdn.com/avisos/18/01/49/78/34/29/720x532/1604691157.jpg; https://img10.naventcdn.com/avisos/18/01/49/78/34/29/720x532/1604691181.jpg; https://img10.naventcdn.com/avisos/18/01/49/78/34/29/720x532/1604691179.jpg; https://img10.naventcdn.com/avisos/18/01/49/78/34/29/720x532/1604691151.jpg,Mexico,Quintana Roo,Tulum,20.18079487556616,-87.46165543115234,Rent
LAND BOUTIQUE,https://www.inmuebles24.com/inmobiliarias/land-boutique_50051224-inmuebles.html,Inmuebles24 (via parse.bot API),https://www.inmuebles24.com/propiedades/clasificado/alclapin-lovely-apt-with-pool-gym-bbq-with-amazing-jungle-64746169.html,Lovely Apt With Pool + Gym + Bbq With Amazing Jungle View,Unknown,10500,MXN,,1,,m2,"Disfruta de un tranquilo estudio en Tulum con 1 cama Queen, 1 baño, decoración y mobiliario cuidadosamente seleccionados, WiFi de fibra rápida para aquellos que necesitan trabajar y puerta de seguridad las 24 horas del día, los 7 días de la semana. Espacios compartidos en el condominio, piscina con carril de nado, gimnasio y área de juegos para niños. Ubicada en la Quinta Avenida de Tulum, la zona preferida del turismo wellness. Aquí encontrarás múltiples amenidades integradas en la arquitectura...",https://img10.naventcdn.com/avisos/18/00/64/74/61/69/720x532/338563937.jpg?isFirstImage=true; https://img10.naventcdn.com/avisos/18/00/64/74/61/69/720x532/331756381.jpg; https://img10.naventcdn.com/avisos/18/00/64/74/61/69/720x532/328919684.jpg; https://img10.naventcdn.com/avisos/18/00/64/74/61/69/720x532/328298291.jpg; https://img10.naventcdn.com/avisos/18/00/64/74/61/69/720x532/338561211.jpg; https://img10.naventcdn.com/avisos/18/00/64/74/61/69/720x532/330298146.jpg; https://img10.naventcdn.com/avisos/18/00/64/74/61/69/720x532/328917605.jpg; https://img10.naventcdn.com/avisos/18/00/64/74/61/69/720x532/335099580.jpg,Mexico,Quintana Roo,Tulum,20.2129866,-87.4794334,Rent
Satori Home,https://www.inmuebles24.com/inmobiliarias/satori-home_102654529-inmuebles.html,Inmuebles24 (via parse.bot API),https://www.inmuebles24.com/propiedades/clasificado/alclapin-penthouse-beach-club-con-10-descuento-148428319.html,Penthouse + Beach Club con 10% Descuento,Penthouse,20000,MXN,2,2,90.0,m2,"Nuestro servicio de concierge está disponible para ayudarte con recomendaciones, reservas, renta de autos o cualquier detalle que haga tu viaje más fácil y especial. Durante tu estancia disfrutarás: - 10% de descuento en tu consumo en el Club de Playa Dos Ceibas. - Amenidades creadas para tu bienestar: rooftop con alberca, piscinas, gimnasio, cowork, cine y arcade room. - Temazcal y masajes disponibles para reservar (servicio extra). Vive Tulum a tu ritmo, relájate en espacios diseñados para tu ...",https://img10.naventcdn.com/avisos/18/01/48/42/83/19/720x532/1576970015.jpg?isFirstImage=true; https://img10.naventcdn.com/avisos/18/01/48/42/83/19/720x532/1576970016.jpg; https://img10.naventcdn.com/avisos/18/01/48/42/83/19/720x532/1576970027.jpg; https://img10.naventcdn.com/avisos/18/01/48/42/83/19/720x532/1576970021.jpg; https://img10.naventcdn.com/avisos/18/01/48/42/83/19/720x532/1576970008.jpg; https://img10.naventcdn.com/avisos/18/01/48/42/83/19/720x532/1576970017.jpg; https://img10.naventcdn.com/avisos/18/01/48/42/83/19/720x532/1576970005.jpg; https://img10.naventcdn.com/avisos/18/01/48/42/83/19/720x532/1576970011.jpg,Mexico,Quintana Roo,Tulum,20.1810567,-87.4702385,Rent
REALTY HOME,https://www.inmuebles24.com/inmobiliarias/realty-home_663531-inmuebles.html,Inmuebles24 (via parse.bot API),https://www.inmuebles24.com/propiedades/clasificado/alclapin-departamento-en-renta-en-villas-anah-en-bahia-150651968.html,"Departamento en Renta en Villas Anah en Bahia Principe, Tulum, Q. Roo",Condo/Apartment,22000,MXN,2,2,,m2,"Renta anah village en bahia principe, tulum, Q. Roo. anah village 2nda faseplanta bajaAmueblado y equipado2 recamaras, la principal con baño1 baño completo que comprarte la segunda recamaraBalcón y terrazaAmenidades: Club de Playa privado a 5 min del Anah VillageLobby y seguridad 24/7Alberca con carril de nado y bar de jugosWellness center con jacuzzi, spa y cabina de masajesTerraza con área de asadores y sky barÁrea de lavanderíaBibliotecaAl estar dentro del complejo residencial Bahia Principe,...",https://img10.naventcdn.com/avisos/18/01/50/65/19/68/720x532/1622661976.jpg?isFirstImage=true; https://img10.naventcdn.com/avisos/18/01/50/65/19/68/720x532/1622661994.jpg; https://img10.naventcdn.com/avisos/18/01/50/65/19/68/720x532/1622661963.jpg; https://img10.naventcdn.com/avisos/18/01/50/65/19/68/720x532/1622661997.jpg; https://img10.naventcdn.com/avisos/18/01/50/65/19/68/720x532/1622661969.jpg; https://img10.naventcdn.com/avisos/18/01/50/65/19/68/720x532/1622661938.jpg; https://img10.naventcdn.com/avisos/18/01/50/65/19/68/720x532/1622661920.jpg; https://img10.naventcdn.com/avisos/18/01/50/65/19/68/720x532/1622661966.jpg,Mexico,Quintana Roo,Tulum,20.3644195,-87.3439702,Rent
MELLADO BROKERS,https://www.inmuebles24.com/inmobiliarias/mellado-brokers_50926930-inmuebles.html,Inmuebles24 (via parse.bot API),https://www.inmuebles24.com/propiedades/clasificado/alclapin-estudio-en-renta-en-tuk-tulum-149569254.html,Estudio en Renta en Tuk Tulum,Condo/Apartment,10000,MXN,1,1,45.0,m2,"Departamento amueblado en renta en Tulum Centro, ideal para quien busca comodidad y funcionalidad. Cuenta con 45 m² de superficie construida, distribuidos en 1 recámara con clóset, 1 baño completo y cocina integral equipada con línea blanca. Disfruta de aire acondicionado, balcón e internet/wifi. Incluye 1 estacionamiento. Ubicado en una zona con fácil acceso a servicios básicos tiendas de autoconsumo, agua y luz. El entorno ofrece cercanía a comercios locales, restaurantes y opciones de transpo...",https://img10.naventcdn.com/avisos/18/01/49/56/92/54/720x532/1600268855.jpg?isFirstImage=true; https://img10.naventcdn.com/avisos/18/01/49/56/92/54/720x532/1600268853.jpg; https://img10.naventcdn.com/avisos/18/01/49/56/92/54/720x532/1600268852.jpg; https://img10.naventcdn.com/avisos/18/01/49/56/92/54/720x532/1600268858.jpg; https://img10.naventcdn.com/avisos/18/01/49/56/92/54/720x532/1600268851.jpg; https://img10.naventcdn.com/avisos/18/01/49/56/92/54/720x532/1600268850.jpg; https://img10.naventcdn.com/avisos/18/01/49/56/92/54/720x532/1600268860.jpg; https://img10.naventcdn.com/avisos/18/01/49/56/92/54/720x532/1600268856.jpg,Mexico,Quintana Roo,Tulum,20.2119708,-87.4515282,Rent
Lourdes Elizondo,https://www.inmuebles24.com/inmobiliarias/lourdes-elizondo_103029693-inmuebles.html,Inmuebles24 (via parse.bot API),https://www.inmuebles24.com/propiedades/clasificado/alclapin-departamento-en-renta-en-tulum-quintana-roo-149118022.html,Departamento en Renta en Tulum Quintana Roo,Land/Lot,10000,MXN,1,1,50.0,m2,"Departamento amueblado en renta en Condominio Ayook en región 15 en Tulum, ideal para quien busca comodidad y funcionalidad. Cuenta con 50 m² de superficie construida y 50 m² de terreno. Dispone de 1 recámara, 1 baño, cocina integral, es tipo Loft y cuenta con balcón con vista a la alberca. El departamento se encuentra en excelente estado de conservación, ubicado en el piso 1 y con disponibilidad inmediata. Entre las amenidades, cuenta con alberca, asador, terraza, aire acondicionado, internet/w...",https://img10.naventcdn.com/avisos/18/01/49/11/80/22/720x532/1616989496.jpg?isFirstImage=true; https://img10.naventcdn.com/avisos/18/01/49/11/80/22/720x532/1590848792.jpg; https://img10.naventcdn.com/avisos/18/01/49/11/80/22/720x532/1616989499.jpg; https://img10.naventcdn.com/avisos/18/01/49/11/80/22/720x532/1616989494.jpg; https://img10.naventcdn.com/avisos/18/01/49/11/80/22/720x532/1616989497.jpg; https://img10.naventcdn.com/avisos/18/01/49/11/80/22/720x532/1616989500.jpg; https://img10.naventcdn.com/avisos/18/01/49/11/80/22/720x532/1616989493.jpg; https://img10.naventcdn.com/avisos/18/01/49/11/80/22/720x532/1616989495.jpg,Mexico,Quintana Roo,Tulum,20.1854935,-87.4680104,Rent
ABREGO REAL ESTATE,https://www.inmuebles24.com/inmobiliarias/abrego-real-estate_51132699-inmuebles.html,Inmuebles24 (via parse.bot API),https://www.inmuebles24.com/propiedades/clasificado/alclapin-super-promocion-departamento-2-recamaras-en-aldea-146805085.html,Super Promocion - Departamento 2 Recámaras en Aldea Zama con Alberca,Condo/Apartment,28000,MXN,2,2,156.0,m2,Ubicación: Aldea Zama. ️ 2 recámaras. 2 baños completos. Alberca privada. Roof privado con asador. ️ Gimnasio. ️ Totalmente amueblado y equipado. Incluye mantenimiento e internet. Precio de promoción,https://img10.naventcdn.com/avisos/18/01/46/80/50/85/720x532/1540962659.jpg?isFirstImage=true; https://img10.naventcdn.com/avisos/18/01/46/80/50/85/720x532/1540962669.jpg; https://img10.naventcdn.com/avisos/18/01/46/80/50/85/720x532/1540962671.jpg; https://img10.naventcdn.com/avisos/18/01/46/80/50/85/720x532/1540962654.jpg; https://img10.naventcdn.com/avisos/18/01/46/80/50/85/720x532/1540962668.jpg; https://img10.naventcdn.com/avisos/18/01/46/80/50/85/720x532/1540962672.jpg; https://img10.naventcdn.com/avisos/18/01/46/80/50/85/720x532/1540962725.jpg; https://img10.naventcdn.com/avisos/18/01/46/80/50/85/720x532/1540962714.jpg,Mexico,Quintana Roo,Tulum,,,Rent
ABREGO REAL ESTATE,https://www.inmuebles24.com/inmobiliarias/abrego-real-estate_51132699-inmuebles.html,Inmuebles24 (via parse.bot API),https://www.inmuebles24.com/propiedades/clasificado/alclapin-departamento-en-renta-xibalba-tulum-147210610.html,Departamento en Renta – Xibalba Tulum,Condo/Apartment,9000,MXN,1,1,78.0,m2,"Vive una experiencia única en la selva maya en este elegante departamento dentro de Xibalba Tulum, un exclusivo desarrollo residencial que combina lujo, comodidad y contacto con la naturaleza. Disfruta de un espacio diseñado para tu descanso y bienestar, con acceso a amenidades de primer nivel que harán que cada día sea especial. Ubicación Privilegiada. Situado en Región 15, Tulum, Quintana Roo, este departamento se encuentra a solo 5 minutos de la zona hotelera y las playas más espectaculares d...",https://img10.naventcdn.com/avisos/18/01/47/21/06/10/720x532/1550812295.jpg?isFirstImage=true; https://img10.naventcdn.com/avisos/18/01/47/21/06/10/720x532/1550812294.jpg; https://img10.naventcdn.com/avisos/18/01/47/21/06/10/720x532/1550812309.jpg; https://img10.naventcdn.com/avisos/18/01/47/21/06/10/720x532/1550812296.jpg; https://img10.naventcdn.com/avisos/18/01/47/21/06/10/720x532/1550812301.jpg; https://img10.naventcdn.com/avisos/18/01/47/21/06/10/720x532/1550812304.jpg; https://img10.naventcdn.com/avisos/18/01/47/21/06/10/720x532/1550812307.jpg; https://img10.naventcdn.com/avisos/18/01/47/21/06/10/720x532/1550812298.jpg,Mexico,Quintana Roo,Tulum,20.1851986,-87.4628031,Rent
SOLYMAR CONDOS,https://www.inmuebles24.com/inmobiliarias/solymar-condos_717897-inmuebles.html,Inmuebles24 (via parse.bot API),https://www.inmuebles24.com/propiedades/clasificado/alclapin-renta-de-loft-amueblado-de-1-recamara-y-dos-banos-en-145535347.html,Renta de Loft Amueblado de 1 Recamara y Dos Baños en Residencial Sirenis Akumal,Condo/Apartment,15500,MXN,1,2,90.0,m2,"Renta de loft amueblado de 1 recamara (90 M2) Y dos baños, residencial privado sirenis en akumal, con alberca Y estacionamiento. * contrato de 6 meses O 1 año. Se aceptan mascotas pequeñas* Se renta de Loft amueblado de 1 Recámara Y 2 Baños (90 m2), en Residencial privado Sirenis, Akumal. Departamento de 1 Recámara y 2 Baños completos, amueblado, precio de renta $15, 500 pesos por mes. El residencial cuenta con áreas verdes, amplia alberca y estacionamiento asignado. Características: * Unidad en...",https://img10.naventcdn.com/avisos/18/01/45/53/53/47/720x532/1506546349.jpg?isFirstImage=true; https://img10.naventcdn.com/avisos/18/01/45/53/53/47/720x532/1600539605.jpg; https://img10.naventcdn.com/avisos/18/01/45/53/53/47/720x532/1506546370.jpg; https://img10.naventcdn.com/avisos/18/01/45/53/53/47/720x532/1600539607.jpg; https://img10.naventcdn.com/avisos/18/01/45/53/53/47/720x532/1600539606.jpg; https://img10.naventcdn.com/avisos/18/01/45/53/53/47/720x532/1600539610.jpg; https://img10.naventcdn.com/avisos/18/01/45/53/53/47/720x532/1600539604.jpg; https://img10.naventcdn.com/avisos/18/01/45/53/53/47/720x532/1600539608.jpg,Mexico,Quintana Roo,Tulum,20.428074478627103,-87.29867673809814,Rent
Kiwik Real Estate,https://www.inmuebles24.com/inmobiliarias/kiwik-real-estate_102538290-inmuebles.html,Inmuebles24 (via parse.bot API),https://www.inmuebles24.com/propiedades/clasificado/alclapin-departamento-en-fraccionamiento-riviera-tulum-143224246.html,Departamento en Fraccionamiento Riviera Tulum,Condo/Apartment,11500,MXN,2,2,,m2,Departamentos en renta en Riviera Tulum! amenidades-Gimnasio-Sala de Juntas-Business Center-Alberca-Asadores-Asoleaderos-Lobby-Estacionamiento (1 lugar x departamento) equipamiento de los departamentos (todo eléctrico) -Lavasecadora-Refrigerador-Parrilla de inducción eléctrica de 2 quemadores-Campana-Ventilador-Boiler eléctrico-A/A-Closet (sin puertas) amueblado-Equipado y con camas y comedor. -Cada recámara tiene su propio baño-No cuentan con decoraciónMantenimiento incluidoLos servicios se pag...,https://img10.naventcdn.com/avisos/18/01/43/22/42/46/720x532/1452879475.jpg?isFirstImage=true; https://img10.naventcdn.com/avisos/18/01/43/22/42/46/720x532/1452879467.jpg; https://img10.naventcdn.com/avisos/18/01/43/22/42/46/720x532/1452879471.jpg; https://img10.naventcdn.com/avisos/18/01/43/22/42/46/720x532/1452879473.jpg; https://img10.naventcdn.com/avisos/18/01/43/22/42/46/720x532/1452879464.jpg; https://img10.naventcdn.com/avisos/18/01/43/22/42/46/720x532/1452879462.jpg; https://img10.naventcdn.com/avisos/18/01/43/22/42/46/720x532/1452879466.jpg; https://img10.naventcdn.com/avisos/18/01/43/22/42/46/720x532/1452879472.jpg,Mexico,Quintana Roo,Tulum,20.206941,-87.4910188,Rent
Kiwik Real Estate,https://www.inmuebles24.com/inmobiliarias/kiwik-real-estate_102538290-inmuebles.html,Inmuebles24 (via parse.bot API),https://www.inmuebles24.com/propiedades/clasificado/alclapin-departamento-en-fraccionamiento-riviera-tulum-142796741.html,Departamento en Fraccionamiento Riviera Tulum,Condo/Apartment,13500,MXN,3,3,,m2,"Departamentos en renta en Riviera Tulum! amenidades-Gimnasio-Sala de Juntas-Business Center-Alberca-Asadores-Asoleaderos-Lobby-Estacionamiento (1 lugar x departamento) equipamiento de los departamentos (todo eléctrico) -Lavasecadora-Refrigerador-Parrilla de inducción eléctrica de 2 quemadores-Campana-Ventilador-Boiler eléctrico-A/A-Closet (sin puertas) amueblado-Equipado y con sofá cama, camas y comedor. -Cada recámara tiene su propio baño-No cuentan con decoraciónMantenimiento incluidoLos servi...",https://img10.naventcdn.com/avisos/18/01/42/79/67/41/720x532/1441283057.jpg?isFirstImage=true; https://img10.naventcdn.com/avisos/18/01/42/79/67/41/720x532/1441283047.jpg; https://img10.naventcdn.com/avisos/18/01/42/79/67/41/720x532/1441283045.jpg; https://img10.naventcdn.com/avisos/18/01/42/79/67/41/720x532/1441283054.jpg; https://img10.naventcdn.com/avisos/18/01/42/79/67/41/720x532/1441283051.jpg; https://img10.naventcdn.com/avisos/18/01/42/79/67/41/720x532/1441283052.jpg; https://img10.naventcdn.com/avisos/18/01/42/79/67/41/720x532/1441283058.jpg; https://img10.naventcdn.com/avisos/18/01/42/79/67/41/720x532/1441283056.jpg,Mexico,Quintana Roo,Tulum,20.206941,-87.4910188,Rent
Grupo Inmobiliario Eknakan,https://www.inmuebles24.com/inmobiliarias/grupo-inmobiliario-eknakan_50197965-inmuebles.html,Inmuebles24 (via parse.bot API),https://www.inmuebles24.com/propiedades/clasificado/alclapin-hermoso-departamento-en-renta-en-tulum-150006329.html,Hermoso Departamento en Renta en Tulum,Condo/Apartment,19500,MXN,2,2,91.0,m2,"Departamento nuevo y hermoso en una de las colonias mas bonitas de todo Tulum, cuenta con dos recamaras amplias y acogedoras, dos baños de lujo, amueblado y con decoración increible estilo Tulum, piso de marmol y carpintería de parota natural, además membresía para club de playa y descuentos en restaurantes de Tulum y playa del carmen. El edificio cuentacon alberca, gimnasio, sala de cine, sauna, business center, todo lo necesario para que vivas feliz ahi",https://img10.naventcdn.com/avisos/18/01/50/00/63/29/720x532/1609352620.jpg?isFirstImage=true; https://img10.naventcdn.com/avisos/18/01/50/00/63/29/720x532/1609352625.jpg; https://img10.naventcdn.com/avisos/18/01/50/00/63/29/720x532/1609352614.jpg; https://img10.naventcdn.com/avisos/18/01/50/00/63/29/720x532/1609352617.jpg; https://img10.naventcdn.com/avisos/18/01/50/00/63/29/720x532/1609352616.jpg; https://img10.naventcdn.com/avisos/18/01/50/00/63/29/720x532/1609352623.jpg; https://img10.naventcdn.com/avisos/18/01/50/00/63/29/720x532/1609352624.jpg; https://img10.naventcdn.com/avisos/18/01/50/00/63/29/720x532/1609352618.jpg,Mexico,Quintana Roo,Tulum,,,Rent
eXp México,https://www.inmuebles24.com/inmobiliarias/exp-mexico_50973893-inmuebles.html,Inmuebles24 (via parse.bot API),https://www.inmuebles24.com/propiedades/clasificado/veclapin-departamento-de-2-recamaras-en-aldea-zama-tulum-149537314.html,Departamento de 2 Recámaras en Aldea Zama Tulum,Condo/Apartment,220000,USD,2,2,96.0,m2,"Departamento Llave en Mano en Aldea Zama | 2 Recámaras + Amenidades Premium | Sanctuary Tulum. Ubicado en Aldea Zama, dentro del exclusivo Condominio Sanctuary Tulum, el Departamento 203 ofrece una excelente combinación de diseño, funcionalidad y ubicación. Con 96. 06 m² de construcción, cuenta con 2 recámaras, 2 baños completos y una distribución ideal tanto para uso residencial como para renta vacacional. Su diseño permite alojar cómodamente hasta 6 huéspedes, con espacios bien iluminados y ve...",https://img10.naventcdn.com/avisos/18/01/49/53/73/14/720x532/1599529762.jpg?isFirstImage=true; https://img10.naventcdn.com/avisos/18/01/49/53/73/14/720x532/1599529759.jpg; https://img10.naventcdn.com/avisos/18/01/49/53/73/14/720x532/1599529748.jpg; https://img10.naventcdn.com/avisos/18/01/49/53/73/14/720x532/1599529766.jpg; https://img10.naventcdn.com/avisos/18/01/49/53/73/14/720x532/1599529750.jpg; https://img10.naventcdn.com/avisos/18/01/49/53/73/14/720x532/1599529743.jpg; https://img10.naventcdn.com/avisos/18/01/49/53/73/14/720x532/1599529742.jpg; https://img10.naventcdn.com/avisos/18/01/49/53/73/14/720x532/1599529741.jpg,Mexico,Quintana Roo,Tulum,20.1997998,-87.454707,Rent
INVERMAX BR,https://www.inmuebles24.com/inmobiliarias/invermax-br_22621-inmuebles.html,Inmuebles24 (via parse.bot API),https://www.inmuebles24.com/propiedades/clasificado/alclapin-departamento-en-renta-en-tulum-the-waves-residences-150502972.html,"Departamento en Renta en Tulum | The Waves Residences | Amueblado | $12,000 Mxn",Condo/Apartment,11800,MXN,1,1,62.0,m2,"Vive en uno de los desarrollos más exclusivos de La Veleta, Tulum, con amenidades tipo resort y excelente ubicación sobre Avenida Kukulkán, con acceso rápido a la zona hotelera y playas. Características. * 62 m² * 1 recámara. * Sofá cama en sala. * 1 baño completo con cancel de cristal templado. * Cocina integral con isla. * Amplia terraza. * Aire acondicionado. * Totalmente amueblado y equipado. * Espacios amplios y muy iluminados. Amenidades. * Alberca principal con pool bar. * Segunda alberca...",https://img10.naventcdn.com/avisos/18/01/50/50/29/72/720x532/1619704972.jpg?isFirstImage=true; https://img10.naventcdn.com/avisos/18/01/50/50/29/72/720x532/1619704985.jpg; https://img10.naventcdn.com/avisos/18/01/50/50/29/72/720x532/1619704982.jpg; https://img10.naventcdn.com/avisos/18/01/50/50/29/72/720x532/1619704969.jpg; https://img10.naventcdn.com/avisos/18/01/50/50/29/72/720x532/1619704967.jpg; https://img10.naventcdn.com/avisos/18/01/50/50/29/72/720x532/1619704991.jpg; https://img10.naventcdn.com/avisos/18/01/50/50/29/72/720x532/1619704983.jpg; https://img10.naventcdn.com/avisos/18/01/50/50/29/72/720x532/1619704992.jpg,Mexico,Quintana Roo,Tulum,20.2031374,-87.4671402,Rent
Mariana M.,https://www.inmuebles24.com/inmobiliarias/mariana-m._102662997-inmuebles.html,Inmuebles24 (via parse.bot API),https://www.inmuebles24.com/propiedades/clasificado/alclapin-departamento-en-renta-la-veleta-tulum-quintana-roo-149695967.html,Departamento en Renta La Veleta Tulum Quintana Roo / Amueblado y Equipado,Condo/Apartment,15000,MXN,2,2,78.0,m2,"Amueblado | Equipado | Amenidades Premium | Acceso a Beach Clubs. Oportunidad! Su precio a mejorado y solo por unos días! Descubre el equilibrio perfecto entre estilo de vida y confort en una de las mejores zonas de Tulum: La Veleta, este departamento está diseñado para quienes buscan diseño funcional y una experiencia caribeña completa. Combina ubicación estratégica, diseño funcional y beneficios exclusivos (como acceso a beach clubs) renta por 6 meses $ 16, 500 mxn / renta por un año $ 15, 000...",https://img10.naventcdn.com/avisos/18/01/49/69/59/67/720x532/1602884093.jpg?isFirstImage=true; https://img10.naventcdn.com/avisos/18/01/49/69/59/67/720x532/1602884096.jpg; https://img10.naventcdn.com/avisos/18/01/49/69/59/67/720x532/1602884079.jpg; https://img10.naventcdn.com/avisos/18/01/49/69/59/67/720x532/1602884107.jpg; https://img10.naventcdn.com/avisos/18/01/49/69/59/67/720x532/1602884098.jpg; https://img10.naventcdn.com/avisos/18/01/49/69/59/67/720x532/1602884101.jpg; https://img10.naventcdn.com/avisos/18/01/49/69/59/67/720x532/1602884106.jpg; https://img10.naventcdn.com/avisos/18/01/49/69/59/67/720x532/1602884109.jpg,Mexico,Quintana Roo,Tulum,20.2025963,-87.4727791,Rent
LAND BOUTIQUE,https://www.inmuebles24.com/inmobiliarias/land-boutique_50051224-inmuebles.html,Inmuebles24 (via parse.bot API),https://www.inmuebles24.com/propiedades/clasificado/veclapin-boho-chic-condo-en-suk-ha-1br-ground-floor-tulum-150777494.html,Boho Chic Condo en Suk - Ha 1br Ground Floor Tulum,Condo/Apartment,2300000,MXN,1,1,66.0,m2,"Estado de conservación: Excelente. Instalaciones especiales: cuenta con un sistema de domótica integral puedes controlar iluminación, cerradura, televisiones y ac desde el celular. M² de superficie: 66. 75 m2. Materiales de construcción: Acabados en Concreto aparente en piso y paredes, carpimteria de tornillo, azulejop de pasta en la cocina y en baños, cristal templado en baño, aires acondicionados, mosquiteros, ventiladores, Urbanización: Calle Rustica, cuenta con sistema de biodigestión y agua...",https://img10.naventcdn.com/avisos/18/01/50/77/74/94/720x532/1625241390.jpg?isFirstImage=true; https://img10.naventcdn.com/avisos/18/01/50/77/74/94/720x532/1625241388.jpg; https://img10.naventcdn.com/avisos/18/01/50/77/74/94/720x532/1625241392.jpg; https://img10.naventcdn.com/avisos/18/01/50/77/74/94/720x532/1625241403.jpg; https://img10.naventcdn.com/avisos/18/01/50/77/74/94/720x532/1625241387.jpg; https://img10.naventcdn.com/avisos/18/01/50/77/74/94/720x532/1625241396.jpg; https://img10.naventcdn.com/avisos/18/01/50/77/74/94/720x532/1625241393.jpg; https://img10.naventcdn.com/avisos/18/01/50/77/74/94/720x532/1625241406.jpg,Mexico,Quintana Roo,Tulum,20.202889855,-87.4715493587,Rent
eXp México,https://www.inmuebles24.com/inmobiliarias/exp-mexico_50973893-inmuebles.html,Inmuebles24 (via parse.bot API),https://www.inmuebles24.com/propiedades/clasificado/alclapin-departamento-a-estrenar-entre-jardines-y-alberca-148407779.html,Departamento a Estrenar Entre Jardines y Alberca Id3010,Condo/Apartment,7500,MXN,2,1,72.0,m2,"Departamento en renta de largo plazo – 2 recámaras. Tulum, Quintana Roo. Departamento totalmente nuevo, que se entrega amueblado y equipado, ubicado dentro de un conjunto residencial con acceso controlado y seguridad las 24 horas. La propiedad cuenta con 2 recámaras y se integra a un entorno con alberca y áreas verdes, diseñado para disfrutar del clima y la naturaleza característicos de Tulum. El desarrollo ofrece espacios recreativos y de convivencia que complementan un estilo de vida relajado ...",https://img10.naventcdn.com/avisos/18/01/48/40/77/79/720x532/1621077355.jpg?isFirstImage=true; https://img10.naventcdn.com/avisos/18/01/48/40/77/79/720x532/1621077357.jpg; https://img10.naventcdn.com/avisos/18/01/48/40/77/79/720x532/1621077330.jpg; https://img10.naventcdn.com/avisos/18/01/48/40/77/79/720x532/1621077323.jpg; https://img10.naventcdn.com/avisos/18/01/48/40/77/79/720x532/1621077324.jpg; https://img10.naventcdn.com/avisos/18/01/48/40/77/79/720x532/1621077356.jpg; https://img10.naventcdn.com/avisos/18/01/48/40/77/79/720x532/1621077337.jpg; https://img10.naventcdn.com/avisos/18/01/48/40/77/79/720x532/1621077351.jpg,Mexico,Quintana Roo,Tulum,20.1937396867,-87.5315300473,Rent
BEST HOME RIVIERA,https://www.inmuebles24.com/inmobiliarias/best-home-riviera_50199879-inmuebles.html,Inmuebles24 (via parse.bot API),https://www.inmuebles24.com/propiedades/clasificado/alclapin-renta-de-departamento-amueblado-en-tulum-aldea-zama-150146199.html,Renta de Departamento Amueblado en Tulum - Aldea Zama,Condo/Apartment,20000,MXN,2,2,106.0,m2,"Departamento Amueblado en Venta - Privada Prana | Tulum. Hermoso departamento en planta baja ubicado dentro de Privada Prana, un desarrollo residencial rodeado de naturaleza y tranquilidad, ideal para vivir, vacacionar o generar ingresos mediante renta vacacional en uno de los destinos con mayor plusvalía de la Riviera Maya. Superficie total: 119. 03 m. Construcción: 106. 32 m. Distribución: 2 recámaras. 2 baños completos (uno en cada recámara) 1 medio baño para visitas. Sala. Comedor. Cocina in...",https://img10.naventcdn.com/avisos/18/01/50/14/61/99/720x532/1612149253.jpg?isFirstImage=true; https://img10.naventcdn.com/avisos/18/01/50/14/61/99/720x532/1612149267.jpg; https://img10.naventcdn.com/avisos/18/01/50/14/61/99/720x532/1612149264.jpg; https://img10.naventcdn.com/avisos/18/01/50/14/61/99/720x532/1612149257.jpg; https://img10.naventcdn.com/avisos/18/01/50/14/61/99/720x532/1612149270.jpg; https://img10.naventcdn.com/avisos/18/01/50/14/61/99/720x532/1612149259.jpg; https://img10.naventcdn.com/avisos/18/01/50/14/61/99/720x532/1612149258.jpg; https://img10.naventcdn.com/avisos/18/01/50/14/61/99/720x532/1612149269.jpg,Mexico,Quintana Roo,Tulum,20.200304450569508,-87.45690810191658,Rent
BEST HOME RIVIERA,https://www.inmuebles24.com/inmobiliarias/best-home-riviera_50199879-inmuebles.html,Inmuebles24 (via parse.bot API),https://www.inmuebles24.com/propiedades/clasificado/alclapin-renta-de-departamento-en-aldea-zama-tulum-150394985.html,"Renta de Departamento en Aldea Zama, Tulum",Condo/Apartment,22000,MXN,2,2,115.0,m2,"Departamento en renta amueblado en Aldea Zama, Tulum. Ubicado en Aldea Zama, una de las comunidades con mayor plusvalía y demanda de Tulum, este elegante departamento ofrece la combinación perfecta entre comodidad, ubicación y estilo de vida. Rodeado de naturaleza y a pocos minutos de las playas del Caribe Mexicano, restaurantes, zonas comerciales y atractivos turísticos, es una excelente opción tanto para vivir como para invertir. Situado en el Edificio Marea, en el segundo nivel (Departamento ...",https://img10.naventcdn.com/avisos/18/01/50/39/49/85/720x532/1617230164.jpg?isFirstImage=true; https://img10.naventcdn.com/avisos/18/01/50/39/49/85/720x532/1617230147.jpg; https://img10.naventcdn.com/avisos/18/01/50/39/49/85/720x532/1617230242.jpg; https://img10.naventcdn.com/avisos/18/01/50/39/49/85/720x532/1617230068.jpg; https://img10.naventcdn.com/avisos/18/01/50/39/49/85/720x532/1617230134.jpg; https://img10.naventcdn.com/avisos/18/01/50/39/49/85/720x532/1617230257.jpg; https://img10.naventcdn.com/avisos/18/01/50/39/49/85/720x532/1617230071.jpg; https://img10.naventcdn.com/avisos/18/01/50/39/49/85/720x532/1617230109.jpg,Mexico,Quintana Roo,Tulum,20.202096428440875,-87.45720155000691,Rent
101 Most Exclusive By Bustamante,https://www.inmuebles24.com/inmobiliarias/101-most-exclusive-by-bustamante_102891459-inmuebles.html,Inmuebles24 (via parse.bot API),https://www.inmuebles24.com/propiedades/clasificado/alclapin-departamento-en-la-veleta-150800378.html,Departamento en La Veleta,Condo/Apartment,18000,MXN,2,2,85.0,m2,"Ubicación: ubicado en Elementus Tulum, Av. Tulum esquina Iol Tun, Tulum, Quintana Roo, a dos cuadras de Los Aguachiles y a solo 7 minutos en coche de Av. Kukulkán, en una zona estratégica con excelente conectividad. --detalles de la propiedad: Departamento en renta en planta baja con superficie de 85 m². Cuenta con 2 habitaciones, 2 baños completos, totalmente amueblado, comedor para 6 personas, sala con 2 sofá cama y mesa de centro de madera, cocina equipada con parrilla eléctrica, refrigerador...",https://img10.naventcdn.com/avisos/18/01/50/80/03/78/720x532/1625738656.jpg?isFirstImage=true; https://img10.naventcdn.com/avisos/18/01/50/80/03/78/720x532/1625737896.jpg; https://img10.naventcdn.com/avisos/18/01/50/80/03/78/720x532/1625736493.jpg; https://img10.naventcdn.com/avisos/18/01/50/80/03/78/720x532/1625737383.jpg; https://img10.naventcdn.com/avisos/18/01/50/80/03/78/720x532/1625736253.jpg; https://img10.naventcdn.com/avisos/18/01/50/80/03/78/720x532/1625737192.jpg; https://img10.naventcdn.com/avisos/18/01/50/80/03/78/720x532/1625736648.jpg; https://img10.naventcdn.com/avisos/18/01/50/80/03/78/720x532/1625736004.jpg,Mexico,Quintana Roo,Tulum,20.2070850779,-87.4759581484,Rent
A & A BIENES RAICES REALTY SOLUTIONS ,https://www.inmuebles24.com/inmobiliarias/a-a-bienes-raices-realty-solutions_50254707-inmuebles.html,Inmuebles24 (via parse.bot API),https://www.inmuebles24.com/propiedades/clasificado/alclapin-departamento-en-renta-2-recamaras-148747055.html,"Departamento en Renta, 2 Recámaras, Amueblado/equipado, Country Club Tulum",Condo/Apartment,23000,MXN,2,2,148.0,m2,"Departamento en Renta, 2 Recámaras, amueblado/equipado, Country Club Tulum. Se puede rentar a largo plazo. Departamento en renta de 23, 000 pesos totalmente equipado y amueblado de 148 m2 en planta baja, ubicado dentro de Country Tulum, un complejo residencial premium que captura el verdadero espíritu de Tulum: naturaleza, armonía, seguridad y bienestar. Cuenta con dos recámaras, cada una con cama Queen, clóset y baño completo. Alberca privada personal, Su ubicación en planta baja brinda mayor c...",https://img10.naventcdn.com/avisos/18/01/48/74/70/55/720x532/1583979298.jpg?isFirstImage=true; https://img10.naventcdn.com/avisos/18/01/48/74/70/55/720x532/1583696259.jpg; https://img10.naventcdn.com/avisos/18/01/48/74/70/55/720x532/1583696254.jpg; https://img10.naventcdn.com/avisos/18/01/48/74/70/55/720x532/1583696255.jpg; https://img10.naventcdn.com/avisos/18/01/48/74/70/55/720x532/1583696260.jpg; https://img10.naventcdn.com/avisos/18/01/48/74/70/55/720x532/1583696258.jpg; https://img10.naventcdn.com/avisos/18/01/48/74/70/55/720x532/1583696256.jpg; https://img10.naventcdn.com/avisos/18/01/48/74/70/55/720x532/1583696251.jpg,Mexico,Quintana Roo,Tulum,20.1956667,-87.5280197,Rent
101 Most Exclusive By Bustamante,https://www.inmuebles24.com/inmobiliarias/101-most-exclusive-by-bustamante_102891459-inmuebles.html,Inmuebles24 (via parse.bot API),https://www.inmuebles24.com/propiedades/clasificado/alclapin-departamento-en-la-veleta-150800358.html,Departamento en La Veleta,Condo/Apartment,30000,MXN,3,3,150.0,m2,"Ubicado en el exclusivo desarrollo Madara, dentro de la zona de &quot;La Veleta&quot; en Tulum, Quintana Roo. Esta propiedad goza de una ubicación estratégica en un área de gran crecimiento y plusvalía, caracterizada por su atmósfera de tranquilidad y conexión con la naturaleza. Su situación privilegiada permite un acceso rápido al centro de Tulum en solo 5 minutos y a las emblemáticas playas del Caribe Mexicano en 10 minutos a través de la nueva Avenida Kukulkán, rodeado de una oferta vibrante ...",https://img10.naventcdn.com/avisos/18/01/50/80/03/58/720x532/1625735566.jpg?isFirstImage=true; https://img10.naventcdn.com/avisos/18/01/50/80/03/58/720x532/1625743988.jpg; https://img10.naventcdn.com/avisos/18/01/50/80/03/58/720x532/1625737871.jpg; https://img10.naventcdn.com/avisos/18/01/50/80/03/58/720x532/1625742528.jpg; https://img10.naventcdn.com/avisos/18/01/50/80/03/58/720x532/1625735795.jpg; https://img10.naventcdn.com/avisos/18/01/50/80/03/58/720x532/1625738267.jpg; https://img10.naventcdn.com/avisos/18/01/50/80/03/58/720x532/1625737748.jpg; https://img10.naventcdn.com/avisos/18/01/50/80/03/58/720x532/1625735664.jpg,Mexico,Quintana Roo,Tulum,20.2021169812,-87.4726639455,Rent
BEST HOME RIVIERA,https://www.inmuebles24.com/inmobiliarias/best-home-riviera_50199879-inmuebles.html,Inmuebles24 (via parse.bot API),https://www.inmuebles24.com/propiedades/clasificado/alclapin-se-renta-departamentos-en-riviera-tulum-sup2--y-3-146428182.html,Se Renta Departamentos en Riviera Tulum&sup2; y 3 Recámaras Equipados,Unknown,17500,MXN,2,2,98.0,m2,"Vive en una de las zonas con mayor crecimiento de la Riviera Maya. Departamentos nuevos y totalmente equipados, listos para habitar, en un entorno rodeado de naturaleza y confort. Precios: 2 recámaras: $14, 500 mxn. 3 recámaras: $17, 500 mxn. Mantenimiento incluido. Cuota mensual de agua: $350 mxn. Equipamiento (todo eléctrico): Lavasecadora. Refrigerador. Parrilla de inducción eléctrica (2 quemadores) Campana. Ventilador. Boiler eléctrico. Aire acondicionado. Clósets (sin puertas) Amenidades de...",https://img10.naventcdn.com/avisos/18/01/46/42/81/82/720x532/1531763221.jpg?isFirstImage=true; https://img10.naventcdn.com/avisos/18/01/46/42/81/82/720x532/1531763218.jpg; https://img10.naventcdn.com/avisos/18/01/46/42/81/82/720x532/1531763219.jpg; https://img10.naventcdn.com/avisos/18/01/46/42/81/82/720x532/1531763220.jpg; https://img10.naventcdn.com/avisos/18/01/46/42/81/82/720x532/1531763213.jpg; https://img10.naventcdn.com/avisos/18/01/46/42/81/82/720x532/1531763216.jpg; https://img10.naventcdn.com/avisos/18/01/46/42/81/82/720x532/1531763215.jpg; https://img10.naventcdn.com/avisos/18/01/46/42/81/82/720x532/1531763222.jpg,Mexico,Quintana Roo,Tulum,21.161908,-86.8515279,Rent
CONEXIONES INMOBILIARIAS TULUM,https://www.inmuebles24.com/inmobiliarias/conexiones-inmobiliarias-tulum_50228350-inmuebles.html,Inmuebles24 (via parse.bot API),https://www.inmuebles24.com/propiedades/clasificado/alclapin-departamento-amplio-y-luminoso-en-renta-aldea-savia-150742336.html,Departamento Amplio y Luminoso en Renta - Aldea Savia,Condo/Apartment,16000,MXN,2,2,90.0,m2,"El departamento se encuentra en planta baja y cuenta con patio privado, se renta completamente amueblado y equipado. Cuentan con 2 recámaras, 2 baños completos, lavandería, terraza y 1 lugar de estacionamiento. Diseñado para vivir en familia, el desarrollo cuenta con varios espacios recreativos y numerosas amenidades distribuidas en áreas verdes, seguridad 24/7 y zona comercial. Ideal para una vida segura y muy tranquila. Las amenidades incluyen: Parque de mascotas. Áreas de juegos infantiles. C...",https://img10.naventcdn.com/avisos/18/01/50/74/23/36/720x532/1624506792.jpg?isFirstImage=true; https://img10.naventcdn.com/avisos/18/01/50/74/23/36/720x532/1624506793.jpg; https://img10.naventcdn.com/avisos/18/01/50/74/23/36/720x532/1624506802.jpg; https://img10.naventcdn.com/avisos/18/01/50/74/23/36/720x532/1624506805.jpg; https://img10.naventcdn.com/avisos/18/01/50/74/23/36/720x532/1624506804.jpg; https://img10.naventcdn.com/avisos/18/01/50/74/23/36/720x532/1624506803.jpg; https://img10.naventcdn.com/avisos/18/01/50/74/23/36/720x532/1624506801.jpg; https://img10.naventcdn.com/avisos/18/01/50/74/23/36/720x532/1624506808.jpg,Mexico,Quintana Roo,Tulum,20.212946385,-87.4804694791,Rent
LAND BOUTIQUE,https://www.inmuebles24.com/inmobiliarias/land-boutique_50051224-inmuebles.html,Inmuebles24 (via parse.bot API),https://www.inmuebles24.com/propiedades/clasificado/alclapin-apt-luminoso-ubicacion-privilegiada-piscina-90431226.html,Apt Luminoso · Ubicación Privilegiada · Piscina Infinita + G,Unknown,12000,MXN,1,1,,m2,"Ubicado en el corazón de Aldea Zama Tulum, la zona residencial más exclusiva de la ciudad, encontrará seguridad y todo a poca distancia, supermercado, restaurantes y cafeterías a solo unos pasos, la playa y el pueblo están a solo 10-15 minutos. Conduce, disfruta de una experiencia elegante en este lugar céntrico y deja que Tulum sea uno contigo mismo. Gaia se encuentra en el corazón de Aldea Zama, la zona residencial más exclusiva y segura de Tulum, la playa está a unos 8 minutos en coche y el c...",https://img10.naventcdn.com/avisos/18/00/90/43/12/26/720x532/1095631973.jpg?isFirstImage=true; https://img10.naventcdn.com/avisos/18/00/90/43/12/26/720x532/1095631542.jpg; https://img10.naventcdn.com/avisos/18/00/90/43/12/26/720x532/1095631530.jpg; https://img10.naventcdn.com/avisos/18/00/90/43/12/26/720x532/1095631494.jpg; https://img10.naventcdn.com/avisos/18/00/90/43/12/26/720x532/1095631533.jpg; https://img10.naventcdn.com/avisos/18/00/90/43/12/26/720x532/1095631535.jpg; https://img10.naventcdn.com/avisos/18/00/90/43/12/26/720x532/1095631532.jpg; https://img10.naventcdn.com/avisos/18/00/90/43/12/26/720x532/1095632299.jpg,Mexico,Quintana Roo,Tulum,20.200083851512236,-87.46209139779205,Rent
iad Inmobiliaria,https://www.inmuebles24.com/inmobiliarias/iad-inmobiliaria_50956067-inmuebles.html,Inmuebles24 (via parse.bot API),https://www.inmuebles24.com/propiedades/clasificado/alclapin-departamento-amueblado-en-renta-en-av-principal-aldea-149759759.html,Departamento Amueblado en Renta en Av Principal Aldea Zama Tulum Q R,Condo/Apartment,14000,MXN,1,1,72.0,m2,"Ref: 2 9 7 8 2 3. Este hermoso departamento en renta se encuentra en el complejo residencial ""Town Center Zamá"" en Tulum Centro, Quintana Roo, es ideal para aquellos que buscan comodidad y lujo en un entorno tranquilo y seguro, con una superficie de 72. 86 m2, esta propiedad cuenta con amplia recámara independiente con clóset, baño completo, cocina equipada, estancia de sala-comedor, balcón con jacuzzi; está amueblada con aire acondicionado para brindar una experiencia de vida única, lista para ...",https://img10.naventcdn.com/avisos/18/01/49/75/97/59/720x532/1604211133.jpg?isFirstImage=true; https://img10.naventcdn.com/avisos/18/01/49/75/97/59/720x532/1604211203.jpg; https://img10.naventcdn.com/avisos/18/01/49/75/97/59/720x532/1604211207.jpg; https://img10.naventcdn.com/avisos/18/01/49/75/97/59/720x532/1604211175.jpg; https://img10.naventcdn.com/avisos/18/01/49/75/97/59/720x532/1604211170.jpg; https://img10.naventcdn.com/avisos/18/01/49/75/97/59/720x532/1604211139.jpg; https://img10.naventcdn.com/avisos/18/01/49/75/97/59/720x532/1604211192.jpg; https://img10.naventcdn.com/avisos/18/01/49/75/97/59/720x532/1604211145.jpg,Mexico,Quintana Roo,Tulum,20.212552700000003,-87.45839939999999,Rent
Real Estate Investments,https://www.inmuebles24.com/inmobiliarias/real-estate-investments_675593-inmuebles.html,Inmuebles24 (via parse.bot API),https://www.inmuebles24.com/propiedades/clasificado/alclapin-departamento-en-renta-en-tulum-150091540.html,Departamento en Renta en Tulum,Condo/Apartment,10000,MXN,,1,36.0,m2,"Departamento Tipo Estudio en Renta en La Veleta Tulum con Excelentes Amenidades. Ubicación. • Central Park Lagunas en La Veleta Tulum. precio Y requisitos: • Renta: $10, 000 mxn + Servicios de Luz, Agua e Internet. • 1er Mes de Renta. • 1 Mes de Depósito de Seguridad. • Investigación de $1, 500 mxn. • Contrato de $1, 500 mxn. características. • Estudio de 36m2. • Baño Completo. • Cocina Equipada. • Terraza. • Complétame Amueblado y Equipado. • Con Blancos, Toallas y Accesorios de Cocina. amenida...",https://img10.naventcdn.com/avisos/18/01/50/09/15/40/720x532/1611005461.jpg?isFirstImage=true; https://img10.naventcdn.com/avisos/18/01/50/09/15/40/720x532/1611005453.jpg; https://img10.naventcdn.com/avisos/18/01/50/09/15/40/720x532/1611005447.jpg; https://img10.naventcdn.com/avisos/18/01/50/09/15/40/720x532/1611005462.jpg; https://img10.naventcdn.com/avisos/18/01/50/09/15/40/720x532/1611005470.jpg; https://img10.naventcdn.com/avisos/18/01/50/09/15/40/720x532/1611005450.jpg; https://img10.naventcdn.com/avisos/18/01/50/09/15/40/720x532/1611005454.jpg; https://img10.naventcdn.com/avisos/18/01/50/09/15/40/720x532/1611005464.jpg,Mexico,Quintana Roo,Tulum,20.1860492,-87.4662269,Rent
CONEXIONES INMOBILIARIAS TULUM,https://www.inmuebles24.com/inmobiliarias/conexiones-inmobiliarias-tulum_50228350-inmuebles.html,Inmuebles24 (via parse.bot API),https://www.inmuebles24.com/propiedades/clasificado/alclapin-elegante-departamento-en-renta-en-aldea-zama-tulum-149309457.html,Elegante Departamento en Renta en Aldea Zama Tulum,Condo/Apartment,24000,MXN,2,2,120.0,m2,"En renta hermoso departamento en Tulum con doble altura y acabados de alta calidad. La doble altura crea una sensación de amplitud y luminosidad, un ambiente único y vanguardista. En un pequeño condominio de solo tres departamentos ubicado en el area comercial de Aldea Zama, con estacionamiento comodo. Departamento en dos niveles amueblado y equipado, cuenta con: Primer Nivel. Cocina. Sala. Recamara matrimonial con baño (lock off) Segundo Nivel. Recamara con baño. Cuarto de lavandería. Rooftop c...",https://img10.naventcdn.com/avisos/18/01/49/30/94/57/720x532/1594809376.jpg?isFirstImage=true; https://img10.naventcdn.com/avisos/18/01/49/30/94/57/720x532/1594809379.jpg; https://img10.naventcdn.com/avisos/18/01/49/30/94/57/720x532/1594809382.jpg; https://img10.naventcdn.com/avisos/18/01/49/30/94/57/720x532/1594809375.jpg; https://img10.naventcdn.com/avisos/18/01/49/30/94/57/720x532/1594809377.jpg; https://img10.naventcdn.com/avisos/18/01/49/30/94/57/720x532/1594809384.jpg; https://img10.naventcdn.com/avisos/18/01/49/30/94/57/720x532/1594809383.jpg; https://img10.naventcdn.com/avisos/18/01/49/30/94/57/720x532/1594809386.jpg,Mexico,Quintana Roo,Tulum,20.198752625603472,-87.46002850268556,Rent
CONEXIONES INMOBILIARIAS TULUM,https://www.inmuebles24.com/inmobiliarias/conexiones-inmobiliarias-tulum_50228350-inmuebles.html,Inmuebles24 (via parse.bot API),https://www.inmuebles24.com/propiedades/clasificado/alclapin-renta-hermoso-departamento-de-1-recamara-en-aldea-149828773.html,"Renta Hermoso Departamento de 1 Recamara en Aldea Zamá, Tulum",Condo/Apartment,15000,MXN,1,1,70.0,m2,"Este hermoso departamento amueblado con las características principales del diseño caribeño está disponible en renta a largo plazo. Dicho departamento se encuentra en la área comercial de Aldea Zamá, área rodeado de restaurantes, cafeterías, supermercados, farmacias, donde hacer compras y pasear. El condominio consta con área roof top y alberca a disposición de los arrendatarios. Su iluminación y ventilación son de las características principales del departamento. Cuenta con una recámara de buen...",https://img10.naventcdn.com/avisos/18/01/49/82/87/73/720x532/1613776103.jpg?isFirstImage=true; https://img10.naventcdn.com/avisos/18/01/49/82/87/73/720x532/1613776097.jpg; https://img10.naventcdn.com/avisos/18/01/49/82/87/73/720x532/1613776107.jpg; https://img10.naventcdn.com/avisos/18/01/49/82/87/73/720x532/1613776096.jpg; https://img10.naventcdn.com/avisos/18/01/49/82/87/73/720x532/1613776095.jpg; https://img10.naventcdn.com/avisos/18/01/49/82/87/73/720x532/1613776100.jpg; https://img10.naventcdn.com/avisos/18/01/49/82/87/73/720x532/1613776106.jpg; https://img10.naventcdn.com/avisos/18/01/49/82/87/73/720x532/1613776094.jpg,Mexico,Quintana Roo,Tulum,20.198933867829837,-87.46331152651979,Rent
CONEXIONES INMOBILIARIAS TULUM,https://www.inmuebles24.com/inmobiliarias/conexiones-inmobiliarias-tulum_50228350-inmuebles.html,Inmuebles24 (via parse.bot API),https://www.inmuebles24.com/propiedades/clasificado/alclapin-departamento-con-espacios-amplios-iluminacion-natural-149046423.html,"Departamento con Espacios Amplios, Iluminación Natural en Aldea Zama Tulum",Condo/Apartment,18000,MXN,2,2,123.0,m2,"Departamento con excelente illuminacion natural y con buena distribución, cuenta con sala comedor, cocina equipada con horno, terraza, 2 recamaras, 2 baños, lavanderia. Area comun con alberca y estacionamiento. situado en el area condominal de Aldea Zama. Completamente amueblado y equipado. El precio incluye cuota de mantenimiento del condominio. No incluye: agua, luz y internet. Acepta mascotas.",https://img10.naventcdn.com/avisos/18/01/49/04/64/23/720x532/1589517117.jpg?isFirstImage=true; https://img10.naventcdn.com/avisos/18/01/49/04/64/23/720x532/1589517121.jpg; https://img10.naventcdn.com/avisos/18/01/49/04/64/23/720x532/1589517109.jpg; https://img10.naventcdn.com/avisos/18/01/49/04/64/23/720x532/1589517111.jpg; https://img10.naventcdn.com/avisos/18/01/49/04/64/23/720x532/1589517119.jpg; https://img10.naventcdn.com/avisos/18/01/49/04/64/23/720x532/1589517113.jpg; https://img10.naventcdn.com/avisos/18/01/49/04/64/23/720x532/1589517124.jpg; https://img10.naventcdn.com/avisos/18/01/49/04/64/23/720x532/1589517104.jpg,Mexico,Quintana Roo,Tulum,20.203384305202757,-87.45627341006471,Rent
eXp México,https://www.inmuebles24.com/inmobiliarias/exp-mexico_50973893-inmuebles.html,Inmuebles24 (via parse.bot API),https://www.inmuebles24.com/propiedades/clasificado/alclapin-departamento-en-renta-en-la-veleta-146865478.html,Departamento en Renta en La Veleta,Condo/Apartment,12500,MXN,1,1,39.0,m2,"Te presentamos este exclusivo departamento tipo estudio de 39 m², ubicado en la codiciada Región 15 de Tulum, ideal para quienes buscan confort, diseño moderno y conexión con la naturaleza. Características del Estudio. Totalmente equipado y amueblado, listo para habitar. Cocina integral equipada con: Frigobar Mabe o similar. Parrilla eléctrica. Horno microondas. Tarja. Comodidades adicionales: Closets amplios. Muebles de baño elegantes. Base para cama king size. Aire acondicionado para máxima co...",https://img10.naventcdn.com/avisos/18/01/46/86/54/78/720x532/1554569774.jpg?isFirstImage=true; https://img10.naventcdn.com/avisos/18/01/46/86/54/78/720x532/1554569770.jpg; https://img10.naventcdn.com/avisos/18/01/46/86/54/78/720x532/1554569771.jpg; https://img10.naventcdn.com/avisos/18/01/46/86/54/78/720x532/1554569769.jpg; https://img10.naventcdn.com/avisos/18/01/46/86/54/78/720x532/1554569776.jpg; https://img10.naventcdn.com/avisos/18/01/46/86/54/78/720x532/1554569773.jpg; https://img10.naventcdn.com/avisos/18/01/46/86/54/78/720x532/1554569772.jpg; https://img10.naventcdn.com/avisos/18/01/46/86/54/78/720x532/1554569775.jpg,Mexico,Quintana Roo,Tulum,20.189403814,-87.468229542,Rent
ABREGO REAL ESTATE,https://www.inmuebles24.com/inmobiliarias/abrego-real-estate_51132699-inmuebles.html,Inmuebles24 (via parse.bot API),https://www.inmuebles24.com/propiedades/clasificado/alclapin-departamento-en-renta-a-minutos-de-la-zona-hotelera-149713361.html,"Departamento en Renta a Minutos de La Zona Hotelera, Tulum",Condo/Apartment,24000,MXN,2,2,80.0,m2,"Sumérgete en el lujo y confort con dos habitaciones. 2 camas King, 2 baños completos, además de un una cocina muy amplia. Terraza privada con Jacuzzi, con vista a la jungla o sube a la piscina en el Roof para vistas panorámicas impresionantes frente al mar. Maravíllate con el exclusivo puente de vidrio. La cercanía es clave: a 10 min a pie de la entrada al mar y 25 min de las ruinas mayas. Increible Depa 2 habitaciones en esquina en Tulum zona hotelera. -2 Habitaciones. -2 Baños completos. -Equi...",https://img10.naventcdn.com/avisos/18/01/49/71/33/61/720x532/1603285271.jpg?isFirstImage=true; https://img10.naventcdn.com/avisos/18/01/49/71/33/61/720x532/1603285275.jpg; https://img10.naventcdn.com/avisos/18/01/49/71/33/61/720x532/1603285277.jpg; https://img10.naventcdn.com/avisos/18/01/49/71/33/61/720x532/1603285267.jpg; https://img10.naventcdn.com/avisos/18/01/49/71/33/61/720x532/1603285268.jpg; https://img10.naventcdn.com/avisos/18/01/49/71/33/61/720x532/1603285273.jpg; https://img10.naventcdn.com/avisos/18/01/49/71/33/61/720x532/1603285278.jpg; https://img10.naventcdn.com/avisos/18/01/49/71/33/61/720x532/1603285269.jpg,Mexico,Quintana Roo,Tulum,20.186025,-87.447183,Rent
CONEXIONES INMOBILIARIAS TULUM,https://www.inmuebles24.com/inmobiliarias/conexiones-inmobiliarias-tulum_50228350-inmuebles.html,Inmuebles24 (via parse.bot API),https://www.inmuebles24.com/propiedades/clasificado/alclapin-perfecto-departamento-2-recamaras-amueblado-en-renta-149362161.html,Perfecto Departamento 2 Recamaras Amueblado en Renta en Aldea Savia,Condo/Apartment,16000,MXN,2,2,90.0,m2,"Descubre el equilibrio perfecto entre la naturaleza y la vida moderna en este exclusivo desarrollo residencial en la Región 10. Ubicado estratégicamente cerca del centro de Tulum y a solo 7 km de las paradisíacas playas del Caribe, este departamento en primer nivel es una joya lista para habitar y rentar. El Departamento (Totalmente Amueblado y Equipado) cuenta con: Cocina. Sala. 2 recámaras. 2 baños completos. Centro de lavado con lavasecadora. Terraza con acceso desde la sala-cocina y un exclu...",https://img10.naventcdn.com/avisos/18/01/49/36/21/61/720x532/1596791898.jpg?isFirstImage=true; https://img10.naventcdn.com/avisos/18/01/49/36/21/61/720x532/1596791890.jpg; https://img10.naventcdn.com/avisos/18/01/49/36/21/61/720x532/1596791885.jpg; https://img10.naventcdn.com/avisos/18/01/49/36/21/61/720x532/1596791886.jpg; https://img10.naventcdn.com/avisos/18/01/49/36/21/61/720x532/1596791888.jpg; https://img10.naventcdn.com/avisos/18/01/49/36/21/61/720x532/1596791887.jpg; https://img10.naventcdn.com/avisos/18/01/49/36/21/61/720x532/1596791895.jpg; https://img10.naventcdn.com/avisos/18/01/49/36/21/61/720x532/1596791903.jpg,Mexico,Quintana Roo,Tulum,20.2130927316,-87.4797534943,Rent
M7 Grupo Inmobiliario,https://www.inmuebles24.com/inmobiliarias/m7-grupo-inmobiliario_51113597-inmuebles.html,Inmuebles24 (via parse.bot API),https://www.inmuebles24.com/propiedades/clasificado/alclapin-departamento-aldea-zama-amour-146800311.html,Departamento Aldea Zama Amour,Condo/Apartment,20000,MXN,2,2,92.0,m2,"Amour Tulum es un exclusivo desarrollo que cuenta con 24 condominios. Ubicado en Aldea Zama, el corazón de Tulum en el Caribe Mexicano, con un diseño arquitectónico moderno, con una vista privilegiada de una reserva natural protegida. Amour Tulum incluye servicios de primera calidad como vestíbulo, conserje 24 horas, zona de estar, azotea, piscina, sala de meditación y yoga, y ascensor. Totalmente equipado y decorado. Lobby. Concierge 24/7. Área Lounge. Rooftop. Alberca. Sala de Meditación y Yog...",https://img10.naventcdn.com/avisos/18/01/46/80/03/11/720x532/1540802681.jpg?isFirstImage=true; https://img10.naventcdn.com/avisos/18/01/46/80/03/11/720x532/1540802685.jpg; https://img10.naventcdn.com/avisos/18/01/46/80/03/11/720x532/1540802673.jpg; https://img10.naventcdn.com/avisos/18/01/46/80/03/11/720x532/1540802679.jpg; https://img10.naventcdn.com/avisos/18/01/46/80/03/11/720x532/1540802675.jpg; https://img10.naventcdn.com/avisos/18/01/46/80/03/11/720x532/1540802674.jpg; https://img10.naventcdn.com/avisos/18/01/46/80/03/11/720x532/1540802687.jpg; https://img10.naventcdn.com/avisos/18/01/46/80/03/11/720x532/1540802678.jpg,Mexico,Quintana Roo,Tulum,20.20130510085844,-87.45993730757905,Rent
Coldwell Banker Magno,https://www.inmuebles24.com/inmobiliarias/coldwell-banker-magno_50150230-inmuebles.html,Inmuebles24 (via parse.bot API),https://www.inmuebles24.com/propiedades/clasificado/alclapin-departamento-en-renta-en-nequen-tulum-la-veleta-148953785.html,"Departamento en Renta en Nequen Tulum, La Veleta",Condo/Apartment,20000,MXN,2,2,91.0,m2,"Moderno departamento ubicado en el exclusivo desarrollo Nequen Tulum, en la zona de La Veleta, dentro de Tulum, ideal tanto para inversión como para vivir o vacacionar. Cuenta con 91. 60 m² de construcción, distribuidos en: ️ 2 recámaras. ️ 2 baños completos. ️ Cocina integral equipada. ️ Balcón / terraza. ️ Aire acondicionado. ️ Excelente iluminación natural. El desarrollo ofrece atractivas amenidades: Alberca. Jardín común. ️ Gimnasio. Seguridad 24 horas. Estacionamiento para visitas. Además, ...",https://img10.naventcdn.com/avisos/18/01/48/95/37/85/720x532/1587645843.jpg?isFirstImage=true; https://img10.naventcdn.com/avisos/18/01/48/95/37/85/720x532/1587645836.jpg; https://img10.naventcdn.com/avisos/18/01/48/95/37/85/720x532/1587645841.jpg; https://img10.naventcdn.com/avisos/18/01/48/95/37/85/720x532/1587645837.jpg; https://img10.naventcdn.com/avisos/18/01/48/95/37/85/720x532/1587645844.jpg; https://img10.naventcdn.com/avisos/18/01/48/95/37/85/720x532/1587645842.jpg; https://img10.naventcdn.com/avisos/18/01/48/95/37/85/720x532/1587645839.jpg; https://img10.naventcdn.com/avisos/18/01/48/95/37/85/720x532/1587645838.jpg,Mexico,Quintana Roo,Tulum,20.2025963,-87.4727791,Rent
ABREGO REAL ESTATE,https://www.inmuebles24.com/inmobiliarias/abrego-real-estate_51132699-inmuebles.html,Inmuebles24 (via parse.bot API),https://www.inmuebles24.com/propiedades/clasificado/alclapin-departamento-1-recamara-con-alberca-privada-aldea-zama-146787777.html,Departamento 1 Recamara con Alberca Privada Aldea Zama,Condo/Apartment,13500,MXN,1,1,80.0,m2,Hermoso departamento. 1 recamaras. 1 baños privados. 1 sala completa. terraza-jardin completa. zona de asador. ubicacion privilegiada en aldea zama zona premiun,https://img10.naventcdn.com/avisos/18/01/46/78/77/77/720x532/1540457511.jpg?isFirstImage=true; https://img10.naventcdn.com/avisos/18/01/46/78/77/77/720x532/1540457513.jpg; https://img10.naventcdn.com/avisos/18/01/46/78/77/77/720x532/1540457515.jpg; https://img10.naventcdn.com/avisos/18/01/46/78/77/77/720x532/1540457512.jpg; https://img10.naventcdn.com/avisos/18/01/46/78/77/77/720x532/1540457504.jpg; https://img10.naventcdn.com/avisos/18/01/46/78/77/77/720x532/1620377201.jpg; https://img10.naventcdn.com/avisos/18/01/46/78/77/77/720x532/1620377199.jpg; https://img10.naventcdn.com/avisos/18/01/46/78/77/77/720x532/1620377194.jpg,Mexico,Quintana Roo,Tulum,,,Rent
eXp México,https://www.inmuebles24.com/inmobiliarias/exp-mexico_50973893-inmuebles.html,Inmuebles24 (via parse.bot API),https://www.inmuebles24.com/propiedades/clasificado/veclapin--oportunidad-unica-para-inversionistas!-depto-samsara-150074597.html,"¡Oportunidad Unica Para Inversionistas! Depto Samsara, Parque Jaguar, 2 Rec",Condo/Apartment,241000,USD,2,2,92.0,m2,"¡Invierte inteligentemente en Tulum! Departamento llave en mano con inquilino activo y un precio drásticamente por debajo del mercado. Ubicado en el cotizado desarrollo samsara, dentro de la codiciada zona del Parque Jaguar en Tulum, este departamento es la definición de una inversión altamente rentable. Con una valuación digital promedio en la zona de $351, 231 usd, esta unidad se ofrece en $250, 000 usd (Precio Tratable), garantizando una plusvalía inmediata y capitalización instantánea desde ...",https://img10.naventcdn.com/avisos/18/01/50/07/45/97/720x532/1610669457.jpg?isFirstImage=true; https://img10.naventcdn.com/avisos/18/01/50/07/45/97/720x532/1610669471.jpg; https://img10.naventcdn.com/avisos/18/01/50/07/45/97/720x532/1610669482.jpg; https://img10.naventcdn.com/avisos/18/01/50/07/45/97/720x532/1610669484.jpg; https://img10.naventcdn.com/avisos/18/01/50/07/45/97/720x532/1610669468.jpg; https://img10.naventcdn.com/avisos/18/01/50/07/45/97/720x532/1610669464.jpg; https://img10.naventcdn.com/avisos/18/01/50/07/45/97/720x532/1610669479.jpg; https://img10.naventcdn.com/avisos/18/01/50/07/45/97/720x532/1610669472.jpg,Mexico,Quintana Roo,Tulum,20.2083897169,-87.4459769849,Rent
WALLS & PEOPLE,https://www.inmuebles24.com/inmobiliarias/walls-people_50313961-inmuebles.html,Inmuebles24 (via parse.bot API),https://www.inmuebles24.com/propiedades/clasificado/alclapin-departamento-en-renta-tulum-aldea-zama-149281744.html,"Departamento en Renta, Tulum Aldea Zama",Condo/Apartment,23000,MXN,2,2,120.0,m2,"Departamento amueblado y equipado en Aldea Zama en el condo Querido Tulum Cerca de playas y cenotes. Dos recámaras cada una con su baño y closet en 120m2 de Construcción. El precio no incluye Mantenimiento $5, 000. 00. Cuenta con. Cocina de cuarzo totalmente equipada, Centro de lavado, amplia terraza, aire acondicionado, abanicos de techo, Wifi. Áreas comunes: asador, palapa, gym, alberca. Seguridad 24/7. Disponible en Mayo",https://img10.naventcdn.com/avisos/18/01/49/28/17/44/720x532/1594216529.jpg?isFirstImage=true; https://img10.naventcdn.com/avisos/18/01/49/28/17/44/720x532/1594216539.jpg; https://img10.naventcdn.com/avisos/18/01/49/28/17/44/720x532/1594216541.jpg; https://img10.naventcdn.com/avisos/18/01/49/28/17/44/720x532/1594216540.jpg; https://img10.naventcdn.com/avisos/18/01/49/28/17/44/720x532/1594216542.jpg; https://img10.naventcdn.com/avisos/18/01/49/28/17/44/720x532/1594216528.jpg; https://img10.naventcdn.com/avisos/18/01/49/28/17/44/720x532/1594216535.jpg; https://img10.naventcdn.com/avisos/18/01/49/28/17/44/720x532/1594216530.jpg,Mexico,Quintana Roo,Tulum,20.2000897379,-87.460213445,Rent
iad Inmobiliaria,https://www.inmuebles24.com/inmobiliarias/iad-inmobiliaria_50956067-inmuebles.html,Inmuebles24 (via parse.bot API),https://www.inmuebles24.com/propiedades/clasificado/alclapin-departamento-amueblado-en-renta-en-aldea-tulum-plus-149507893.html,Departamento Amueblado en Renta en Aldea Tulum Plus,Condo/Apartment,10000,MXN,2,1,71.0,m2,"Ref: 2 9 5 0 5 7. Disfruta de este hermoso departamento decorado con amor en Aldea Tulum Plus en renta. Con una superficie de 71 m2 de construcción, cuenta con 2 recámaras, 1 baño y está completamente amueblado, ideal para quienes buscan comodidad, practicidad y amenidades de calidad en un solo lugar. Perfecto para una gran estancia con cocina totalmente equipada y amueblado, aire acondicionado, balcón, cuarto de servicio con lavadora y secadora, closets, cocina equipada, sala y comedor, piso de...",https://img10.naventcdn.com/avisos/18/01/49/50/78/93/720x532/1615533350.jpg?isFirstImage=true; https://img10.naventcdn.com/avisos/18/01/49/50/78/93/720x532/1598879519.jpg; https://img10.naventcdn.com/avisos/18/01/49/50/78/93/720x532/1598879523.jpg; https://img10.naventcdn.com/avisos/18/01/49/50/78/93/720x532/1598879545.jpg; https://img10.naventcdn.com/avisos/18/01/49/50/78/93/720x532/1598879573.jpg; https://img10.naventcdn.com/avisos/18/01/49/50/78/93/720x532/1598879526.jpg; https://img10.naventcdn.com/avisos/18/01/49/50/78/93/720x532/1598879524.jpg; https://img10.naventcdn.com/avisos/18/01/49/50/78/93/720x532/1598879528.jpg,Mexico,Quintana Roo,Tulum,20.195297399999987,-87.53328340000002,Rent
Century 21 Bahía 26,https://www.inmuebles24.com/inmobiliarias/century-21-bahia-26_102414300-inmuebles.html,Inmuebles24 (via parse.bot API),https://www.inmuebles24.com/propiedades/clasificado/alclapin-renta-estudio-amueblado-con-balcon-privado-en-tuk-144290272.html,Renta Estudio Amueblado con Balcón Privado en Tuk Tulum,Unknown,16000,MXN,1,1,32.0,m2,"Tuk Tulum Art Walk esta ubicado a pocos minutos de la playa y de todas las atracciones turísticas. Características: Diseño minimalista y moderno. Cocina equipada. Balcón privado. Aire acondicionado. Amenidades de lujo: piscina, padel, gimnasio, restaurante y más. Beneficios: Ubicación estratégica: a metros del Chedraui Selecto. Diseño moderno y funcional. Amenidades de lujo. Cerradura inteligente para una gestión eficiente. Incluye mantenimiento, agua y luz. Gabriela Soberón. whats app <span cla...",https://img10.naventcdn.com/avisos/18/01/44/29/02/72/720x532/1479680360.jpg?isFirstImage=true; https://img10.naventcdn.com/avisos/18/01/44/29/02/72/720x532/1479680364.jpg; https://img10.naventcdn.com/avisos/18/01/44/29/02/72/720x532/1479680355.jpg; https://img10.naventcdn.com/avisos/18/01/44/29/02/72/720x532/1479680359.jpg; https://img10.naventcdn.com/avisos/18/01/44/29/02/72/720x532/1479682979.jpg; https://img10.naventcdn.com/avisos/18/01/44/29/02/72/720x532/1479680363.jpg; https://img10.naventcdn.com/avisos/18/01/44/29/02/72/720x532/1479680358.jpg; https://img10.naventcdn.com/avisos/18/01/44/29/02/72/720x532/1479680366.jpg,Mexico,Quintana Roo,Tulum,20.21233470343788,-87.45030837184446,Rent
Rent A House Reforma,https://www.inmuebles24.com/inmobiliarias/rent-a-house-reforma_51195206-inmuebles.html,Inmuebles24 (via parse.bot API),https://www.inmuebles24.com/propiedades/clasificado/veclapin-venta-departamento-tulum-la-veleta-gran-oportunidad-146294002.html,"Venta Departamento Tulum, La Veleta Gran Oportunidad Inversionistas - Amueblado",Condo/Apartment,2490000,MXN,1,1,48.0,m2,¡Inversión de lujo en Tulum! / ¡Luxury Investment in Tulum! -English version below- Departamento en venta en La Veleta es una oportunidad única para inversionistas que buscan rentabilidad y estilo de vida en uno de los destinos más exclusivos de México. Características destacadas: - 1 habitación con cama King size. - 1 estancia sala-comedor con sofá cama matrimonial. - 1 baño moderno. - Balcón con jacuzzi privado para disfrutar del paisaje caribeño. - Completamente amueblado y equipado para muda...,https://img10.naventcdn.com/avisos/18/01/46/29/40/02/720x532/1528416041.jpg?isFirstImage=true; https://img10.naventcdn.com/avisos/18/01/46/29/40/02/720x532/1528416035.jpg; https://img10.naventcdn.com/avisos/18/01/46/29/40/02/720x532/1528416017.jpg; https://img10.naventcdn.com/avisos/18/01/46/29/40/02/720x532/1528416026.jpg; https://img10.naventcdn.com/avisos/18/01/46/29/40/02/720x532/1528416037.jpg; https://img10.naventcdn.com/avisos/18/01/46/29/40/02/720x532/1528416019.jpg; https://img10.naventcdn.com/avisos/18/01/46/29/40/02/720x532/1528416025.jpg; https://img10.naventcdn.com/avisos/18/01/46/29/40/02/720x532/1528416028.jpg,Mexico,Quintana Roo,Tulum,,,Rent
Pulppo,https://www.inmuebles24.com/inmobiliarias/pulppo_50827089-inmuebles.html,Inmuebles24 (via parse.bot API),https://www.inmuebles24.com/propiedades/clasificado/alclapin-departamento-en-renta-en-tulum-150445104.html,Departamento en Renta en Tulum,Condo/Apartment,16000,MXN,1,1,70.0,m2,"[eto-626] Excelente oportunidad para rentar en la mejor zona de Tulum. Estudio Planta Baja. 1 recamara, cocina, con patio y Jacuzzi privado. 70. 12 m2 totales (42 interior 28 m2 patio) equipado y amoblado listo para mudarse. Contrato mínimo de 1 año. Se pide depósito y póliza jurídica. Se encuentra frente a una avenida principal.",https://img10.naventcdn.com/avisos/18/01/50/44/51/04/720x532/1618245691.jpg?isFirstImage=true; https://img10.naventcdn.com/avisos/18/01/50/44/51/04/720x532/1618245668.jpg; https://img10.naventcdn.com/avisos/18/01/50/44/51/04/720x532/1618245675.jpg; https://img10.naventcdn.com/avisos/18/01/50/44/51/04/720x532/1618245672.jpg; https://img10.naventcdn.com/avisos/18/01/50/44/51/04/720x532/1618245683.jpg; https://img10.naventcdn.com/avisos/18/01/50/44/51/04/720x532/1618245663.jpg; https://img10.naventcdn.com/avisos/18/01/50/44/51/04/720x532/1618245688.jpg,Mexico,Quintana Roo,Tulum,20.1997998,-87.454707,Rent
CONEXIONES INMOBILIARIAS TULUM,https://www.inmuebles24.com/inmobiliarias/conexiones-inmobiliarias-tulum_50228350-inmuebles.html,Inmuebles24 (via parse.bot API),https://www.inmuebles24.com/propiedades/clasificado/alclapin-departamento-en-renta-amueblado-en-la-mejor-comunidad-148475104.html,Departamento en Renta Amueblado en La Mejor Comunidad Familiar en Tulum,Condo/Apartment,22000,MXN,2,2,90.0,m2,"Este atractivo proyecto residencial privado se ubica en el corazón de Tulum y cuenta con servicios de primer nivel, ofreciendo una amplia variedad de áreas verdes, área para mascotas y numerosas amenidades para toda la familia. Por su inmejorable ubicación en la región 10 y cerca del centro de Tulum, cuenta con servicios de drenaje y agua, internet de fibra óptica y telefonía. Este proyecto es perfecto para vivir en Tulum, pues se ubica a pocos minutos de las zonas comerciales y monumentos arque...",https://img10.naventcdn.com/avisos/18/01/48/47/51/04/720x532/1577914524.jpg?isFirstImage=true; https://img10.naventcdn.com/avisos/18/01/48/47/51/04/720x532/1577914512.jpg; https://img10.naventcdn.com/avisos/18/01/48/47/51/04/720x532/1577914514.jpg; https://img10.naventcdn.com/avisos/18/01/48/47/51/04/720x532/1577914517.jpg; https://img10.naventcdn.com/avisos/18/01/48/47/51/04/720x532/1577914509.jpg; https://img10.naventcdn.com/avisos/18/01/48/47/51/04/720x532/1577914525.jpg; https://img10.naventcdn.com/avisos/18/01/48/47/51/04/720x532/1577914511.jpg; https://img10.naventcdn.com/avisos/18/01/48/47/51/04/720x532/1577914510.jpg,Mexico,Quintana Roo,Tulum,20.2176436,-87.4719885,Rent
Remax Realty Center,https://www.inmuebles24.com/inmobiliarias/remax-realty-center_19865-inmuebles.html,Inmuebles24 (via parse.bot API),https://www.inmuebles24.com/propiedades/clasificado/alclapin-departamento-tipo-loft-en-tulum-148416019.html,Departamento Tipo Loft en Tulum,Condo/Apartment,10000,MXN,1,1,32.0,m2,"Departamento tipo Loft con cocina, baño y Balcon y Closet de 32 M2 en el primer piso de un edificio de 3 más planta baja, excelente Ubicación en Zona Turistica La Veleta, Rodeado de restaurantes, bares y tiendas, a tan solo 15 minutos de la Playa y 10 minutos del Centro. Excelenete opción para vivier o para rentar vacacional por medio de platarormas airbnb, expedia, Hoteles. com, etc. Se renta amueblado por mínimo 6 meses. Cuenta con Elevador, vigilancia y estacionamiento en el edificio. Amenida...",https://img10.naventcdn.com/avisos/18/01/48/41/60/19/720x532/1576691873.jpg?isFirstImage=true; https://img10.naventcdn.com/avisos/18/01/48/41/60/19/720x532/1576691874.jpg; https://img10.naventcdn.com/avisos/18/01/48/41/60/19/720x532/1576691876.jpg; https://img10.naventcdn.com/avisos/18/01/48/41/60/19/720x532/1576691867.jpg; https://img10.naventcdn.com/avisos/18/01/48/41/60/19/720x532/1576691870.jpg; https://img10.naventcdn.com/avisos/18/01/48/41/60/19/720x532/1576691868.jpg; https://img10.naventcdn.com/avisos/18/01/48/41/60/19/720x532/1576691872.jpg; https://img10.naventcdn.com/avisos/18/01/48/41/60/19/720x532/1576691863.jpg,Mexico,Quintana Roo,Tulum,20.199109,-87.4750477,Rent
CONEXIONES INMOBILIARIAS TULUM,https://www.inmuebles24.com/inmobiliarias/conexiones-inmobiliarias-tulum_50228350-inmuebles.html,Inmuebles24 (via parse.bot API),https://www.inmuebles24.com/propiedades/clasificado/alclapin-renta-amplio-departamento-frente-a-cenote-en-aldea-149083396.html,Renta Amplio Departamento Frente a Cenote en Aldea Zama,Condo/Apartment,24000,MXN,2,2,154.0,m2,"Este increíble departamento, en renta tiene la exclusiva vista a un area verde de 8, 000 m2 y Cenote! Se ubica en el area residencial de Aldea Zama en la Ciudad de Tulum. Aldea Zama es una parte de la Ciudad con infraestructuras y servicios de muy alto nivel y con una ubicación perfecta para encontrarse a la mitad entre los servicios de la Ciudad y la maravillosa Playa de Tulum. El departamento cuenta con 127 m2 de interior, 27 m2 de terraza, Sala, Cocina, Centro de Lavado, 2 habitaciones Amplia...",https://img10.naventcdn.com/avisos/18/01/49/08/33/96/720x532/1590164353.jpg?isFirstImage=true; https://img10.naventcdn.com/avisos/18/01/49/08/33/96/720x532/1590164359.jpg; https://img10.naventcdn.com/avisos/18/01/49/08/33/96/720x532/1590164358.jpg; https://img10.naventcdn.com/avisos/18/01/49/08/33/96/720x532/1590164362.jpg; https://img10.naventcdn.com/avisos/18/01/49/08/33/96/720x532/1590164356.jpg; https://img10.naventcdn.com/avisos/18/01/49/08/33/96/720x532/1590164357.jpg; https://img10.naventcdn.com/avisos/18/01/49/08/33/96/720x532/1590164360.jpg; https://img10.naventcdn.com/avisos/18/01/49/08/33/96/720x532/1590164354.jpg,Mexico,Quintana Roo,Tulum,20.1997998,-87.454707,Rent
ABREGO REAL ESTATE,https://www.inmuebles24.com/inmobiliarias/abrego-real-estate_51132699-inmuebles.html,Inmuebles24 (via parse.bot API),https://www.inmuebles24.com/propiedades/clasificado/alclapin-estudio-en-renta-en-aldea-zama-tulum-de-80-m-sup2-149014240.html,"Estudio en Renta en Aldea Zama, Tulum de 80 m&sup2;",Unknown,14000,MXN,1,1,80.0,m2,"Cómo estudio con balcón en una excelente ubicación céntrica en Tulum. Cuenta con lava secadora, smart tv y cocina equipada. No es solo un espacio para alojarse, es un santuario diseñado para quienes buscan privacidad, estética impecable y una conexión profunda con el entorno de Tulum.",https://img10.naventcdn.com/avisos/18/01/49/01/42/40/720x532/1588845945.jpg?isFirstImage=true; https://img10.naventcdn.com/avisos/18/01/49/01/42/40/720x532/1588845935.jpg; https://img10.naventcdn.com/avisos/18/01/49/01/42/40/720x532/1588845936.jpg; https://img10.naventcdn.com/avisos/18/01/49/01/42/40/720x532/1588845941.jpg; https://img10.naventcdn.com/avisos/18/01/49/01/42/40/720x532/1588845939.jpg; https://img10.naventcdn.com/avisos/18/01/49/01/42/40/720x532/1588845946.jpg; https://img10.naventcdn.com/avisos/18/01/49/01/42/40/720x532/1588845940.jpg; https://img10.naventcdn.com/avisos/18/01/49/01/42/40/720x532/1588845938.jpg,Mexico,Quintana Roo,Tulum,20.2022656,-87.4552647,Rent
Pulppo,https://www.inmuebles24.com/inmobiliarias/pulppo_50827089-inmuebles.html,Inmuebles24 (via parse.bot API),https://www.inmuebles24.com/propiedades/clasificado/alclapin-ophelia:-departamento-en-renta-en-tulum-150789928.html,Ophelia: Departamento en Renta en Tulum,Condo/Apartment,12000,MXN,1,1,38.0,m2,"[dtu-768] Se renta propiedad en el desarrollo Ophelia, ubicado en Tulum. La propiedad cuenta con 1 recamara, 1 baño y 1 lugar de estacionamiento. Tiene una superficie total de 38m2, distribuidos en un espacio con excelentes acabados y orientación hacia el este. El edificio ofrece servicios como alberca, gimnasio, salón de eventos, business center, seguridad 24 horas, entre otros. Además, cuenta con áreas verdes, jardín, roof garden y jacuzzi. La cocina está equipada y el departamento viene amueb...",https://img10.naventcdn.com/avisos/18/01/50/78/99/28/720x532/1625509872.jpg?isFirstImage=true; https://img10.naventcdn.com/avisos/18/01/50/78/99/28/720x532/1625509839.jpg; https://img10.naventcdn.com/avisos/18/01/50/78/99/28/720x532/1625509849.jpg; https://img10.naventcdn.com/avisos/18/01/50/78/99/28/720x532/1625509830.jpg; https://img10.naventcdn.com/avisos/18/01/50/78/99/28/720x532/1625509869.jpg; https://img10.naventcdn.com/avisos/18/01/50/78/99/28/720x532/1625509853.jpg; https://img10.naventcdn.com/avisos/18/01/50/78/99/28/720x532/1625509875.jpg; https://img10.naventcdn.com/avisos/18/01/50/78/99/28/720x532/1625509835.jpg,Mexico,Quintana Roo,Tulum,20.2119444,-87.4658333,Rent
LAND BOUTIQUE,https://www.inmuebles24.com/inmobiliarias/land-boutique_50051224-inmuebles.html,Inmuebles24 (via parse.bot API),https://www.inmuebles24.com/propiedades/clasificado/alclapin-departamento-2-habitaciones-en-veleta-tulum-con-150777518.html,Departamento 2 Habitaciones en Veleta Tulum con Alberca Privada Condo Muunek,Condo/Apartment,25000,MXN,2,2,117.0,m2,"Ubicado en el mejor barrio de Tulum, La Veleta, a poca distancia de restaurantes, bares, cafeterías, a 5 minutos del centro de la ciudad, a 10 minutos de la playa, a 30 minutos del aeropuerto de Tulum. Muunek, un condominio nuevo con terminados de lujo. Amenidades piscina climatizada de agua salada, fogata y el área de yoga dentro del complejo. Departamento totalmente equipado: Sala comedor, cocina con estufa de 4 quemadores (gas) Area de lavado, lavasecadora, 2 recamaras con closet (king) y 2 b...",https://img10.naventcdn.com/avisos/18/01/50/77/75/18/720x532/1625241828.jpg?isFirstImage=true; https://img10.naventcdn.com/avisos/18/01/50/77/75/18/720x532/1625241813.jpg; https://img10.naventcdn.com/avisos/18/01/50/77/75/18/720x532/1625241819.jpg; https://img10.naventcdn.com/avisos/18/01/50/77/75/18/720x532/1625241832.jpg; https://img10.naventcdn.com/avisos/18/01/50/77/75/18/720x532/1625241833.jpg; https://img10.naventcdn.com/avisos/18/01/50/77/75/18/720x532/1625241834.jpg; https://img10.naventcdn.com/avisos/18/01/50/77/75/18/720x532/1625241842.jpg; https://img10.naventcdn.com/avisos/18/01/50/77/75/18/720x532/1625241839.jpg,Mexico,Quintana Roo,Tulum,20.2051587,-87.4738251,Rent
iad Inmobiliaria,https://www.inmuebles24.com/inmobiliarias/iad-inmobiliaria_50956067-inmuebles.html,Inmuebles24 (via parse.bot API),https://www.inmuebles24.com/propiedades/clasificado/alclapin-estudio-amueblado-y-equipado-en-aldea-zama-tulum-147843642.html,Estudio Amueblado y Equipado en Aldea Zama Tulum,Condo/Apartment,16000,MXN,1,1,50.0,m2,"Ref: 2 6 0 2 4 9. ¡No pierdas la oportunidad de vivir en el paraíso! Este hermoso departamento en renta se encuentra en Aldea Zama, Tulum, Quintana Roo, una de las zonas más exclusivas y buscadas de la Riviera Maya. Con una construcción de 50 m2, esta propiedad cuenta con una recámara amplia, un baño completo, cocina equipada, aire acondicionado, armarios empotrados y un balcón privado con vista a la exuberante vegetación de la zona. Además, los residentes de este departamento podrán disfrutar d...",https://img10.naventcdn.com/avisos/18/01/47/84/36/42/720x532/1565306926.jpg?isFirstImage=true; https://img10.naventcdn.com/avisos/18/01/47/84/36/42/720x532/1565306924.jpg; https://img10.naventcdn.com/avisos/18/01/47/84/36/42/720x532/1565306919.jpg; https://img10.naventcdn.com/avisos/18/01/47/84/36/42/720x532/1565306925.jpg; https://img10.naventcdn.com/avisos/18/01/47/84/36/42/720x532/1565306921.jpg; https://img10.naventcdn.com/avisos/18/01/47/84/36/42/720x532/1565306922.jpg; https://img10.naventcdn.com/avisos/18/01/47/84/36/42/720x532/1565306927.jpg; https://img10.naventcdn.com/avisos/18/01/47/84/36/42/720x532/1565306923.jpg,Mexico,Quintana Roo,Tulum,20.198574926309234,-87.46001784908746,Rent
LAND BOUTIQUE,https://www.inmuebles24.com/inmobiliarias/land-boutique_50051224-inmuebles.html,Inmuebles24 (via parse.bot API),https://www.inmuebles24.com/propiedades/clasificado/alclapin-estudio-en-aldea-savia-amueblado-con-amplia-terraza-150777452.html,Estudio en Aldea Savia Amueblado con Amplia Terraza,Condo/Apartment,10500,MXN,,1,90.0,m2,"Tranquilo Apartamento Estudio en Tulum Aldea Savia. con 1 cama Queen, decoradas y amuebladas cuidadosamente, Wi-Fi de fibra rápida para aquellos que necesitan trabajar. Ingreso controlado con guardia de seguridad 24/7. Espacios compartidos en el condominio, piscina con carril de nado, gimnasio y área de juegos para niños. Precio. + Servicios (Internet, Electricidad y Agua) alrededor de 100 usd dependiendo el consumo- Se requerirá un depósito. Ubicado cerca del mercado Gypsea, la famosa panadería...",https://img10.naventcdn.com/avisos/18/01/50/77/74/52/720x532/1625239986.jpg?isFirstImage=true; https://img10.naventcdn.com/avisos/18/01/50/77/74/52/720x532/1625239957.jpg; https://img10.naventcdn.com/avisos/18/01/50/77/74/52/720x532/1625239981.jpg; https://img10.naventcdn.com/avisos/18/01/50/77/74/52/720x532/1625239971.jpg; https://img10.naventcdn.com/avisos/18/01/50/77/74/52/720x532/1625239985.jpg; https://img10.naventcdn.com/avisos/18/01/50/77/74/52/720x532/1625239992.jpg; https://img10.naventcdn.com/avisos/18/01/50/77/74/52/720x532/1625239973.jpg; https://img10.naventcdn.com/avisos/18/01/50/77/74/52/720x532/1625239983.jpg,Mexico,Quintana Roo,Tulum,20.2181065601,-87.4803543091,Rent
inmoGo,https://www.inmuebles24.com/inmobiliarias/inmogo_50924536-inmuebles.html,Inmuebles24 (via parse.bot API),https://www.inmuebles24.com/propiedades/clasificado/veclapin-departamento-v:-$2.5-mdp-r:$11-500-amueblado-noil-148756053.html,"Departamento V: $2.5 Mdp R:$11,500 Amueblado Noil Tulum, 1habitacion",Condo/Apartment,2499000,MXN,1,1,55.0,m2,"ï tu refugio de lujo en tulum: elegancia Y tranquilidad en el corazón del caribeï Departamento Moderno | Amenidades Premium | Ubicación Privilegiada | Entregado Equipado. Descubre el estilo de vida Tulumen este espectacular departamento de lujo, diseñado para quienes buscan sofisticación, confort y una conexión única con la naturaleza en uno de los destinos más exclusivos de México. Con 55. 5 m inteligentemente distribuidos, este inmueble representa la combinación perfecta entre diseño contempor...",https://img10.naventcdn.com/avisos/18/01/48/75/60/53/720x532/1584152937.jpg?isFirstImage=true; https://img10.naventcdn.com/avisos/18/01/48/75/60/53/720x532/1584152933.jpg; https://img10.naventcdn.com/avisos/18/01/48/75/60/53/720x532/1584152935.jpg; https://img10.naventcdn.com/avisos/18/01/48/75/60/53/720x532/1583881109.jpg; https://img10.naventcdn.com/avisos/18/01/48/75/60/53/720x532/1584152932.jpg; https://img10.naventcdn.com/avisos/18/01/48/75/60/53/720x532/1584152931.jpg; https://img10.naventcdn.com/avisos/18/01/48/75/60/53/720x532/1584152934.jpg; https://img10.naventcdn.com/avisos/18/01/48/75/60/53/720x532/1583878807.jpg,Mexico,Quintana Roo,Tulum,20.1990089,-87.4787111,Rent
inrate Real Estate,https://www.inmuebles24.com/inmobiliarias/inrate-real-estate_51193486-inmuebles.html,Inmuebles24 (via parse.bot API),https://www.inmuebles24.com/propiedades/clasificado/alclapin-se-renta-departamento-tulum-qro-149588686.html,"Se Renta Departamento, Tulum, Qro",Condo/Apartment,32000,MXN,2,2,107.0,m2,"Departamento nuevo en Aldea Zama, Tulum, una de las zonas más exclusivas y mejor ubicadas para disfrutar tanto la playa como el centro en minutos, incluso en bicicleta. Este espacio combina comodidad y entorno natural, con un amplio balcón con vista a la selva y un cenote a menos de 100 metros, creando una experiencia única de conexión con la naturaleza. Construido con materiales inspirados en la arquitectura maya, ofrece un ambiente cálido y auténtico. Cuenta con dos recámaras con amplios clóse...",https://img10.naventcdn.com/avisos/18/01/49/58/86/86/720x532/1600730010.jpg?isFirstImage=true; https://img10.naventcdn.com/avisos/18/01/49/58/86/86/720x532/1600730008.jpg; https://img10.naventcdn.com/avisos/18/01/49/58/86/86/720x532/1600730009.jpg; https://img10.naventcdn.com/avisos/18/01/49/58/86/86/720x532/1600730014.jpg; https://img10.naventcdn.com/avisos/18/01/49/58/86/86/720x532/1600730011.jpg; https://img10.naventcdn.com/avisos/18/01/49/58/86/86/720x532/1600730012.jpg; https://img10.naventcdn.com/avisos/18/01/49/58/86/86/720x532/1600730013.jpg; https://img10.naventcdn.com/avisos/18/01/49/58/86/86/720x532/1600730007.jpg,Mexico,Quintana Roo,Tulum,20.2015295,-87.4579253,Rent
M7 Grupo Inmobiliario,https://www.inmuebles24.com/inmobiliarias/m7-grupo-inmobiliario_51113597-inmuebles.html,Inmuebles24 (via parse.bot API),https://www.inmuebles24.com/propiedades/clasificado/alclapin-departamento-en-renta-aldea-zama-146388773.html,Departamento en Renta Aldea Zama,Condo/Apartment,14000,MXN,1,1,40.0,m2,"Apartamento en aldea zama tulum. moderno estudio de 40 M2 construido en 2022 localizado en aldea zama de tulum, con vista A la ciudad, totalmente amoblado, con cocina integral, 1 baño, en el tercer piso, con elevador, gimnasio, recepción, piscina, jaccuzzi, sala de cine, parqueadero libre al frente del edificio. estudio totalmente amoblado, con cama doble, sofa cama, baño, closet, cocina integral con estufa electrica de inducción, microhondas, nevera, calentador electrico, ventilador, aire acond...",https://img10.naventcdn.com/avisos/18/01/46/38/87/73/720x532/1530688677.jpg?isFirstImage=true; https://img10.naventcdn.com/avisos/18/01/46/38/87/73/720x532/1530688674.jpg; https://img10.naventcdn.com/avisos/18/01/46/38/87/73/720x532/1530688681.jpg; https://img10.naventcdn.com/avisos/18/01/46/38/87/73/720x532/1530688689.jpg; https://img10.naventcdn.com/avisos/18/01/46/38/87/73/720x532/1530688683.jpg; https://img10.naventcdn.com/avisos/18/01/46/38/87/73/720x532/1530688691.jpg; https://img10.naventcdn.com/avisos/18/01/46/38/87/73/720x532/1530688690.jpg; https://img10.naventcdn.com/avisos/18/01/46/38/87/73/720x532/1530688678.jpg,Mexico,Quintana Roo,Tulum,20.201707854473405,-87.45890733931734,Rent
LAND BOUTIQUE,https://www.inmuebles24.com/inmobiliarias/land-boutique_50051224-inmuebles.html,Inmuebles24 (via parse.bot API),https://www.inmuebles24.com/propiedades/clasificado/alclapin-apartment-for-rent-in-la-veleta-tulum-150777445.html,Apartment For Rent in La Veleta Tulum,Condo/Apartment,11500,MXN,1,1,62.0,m2,"La Veleta es el vecindario más acogedor de Tulum, y este lugar está justo en el corazón de este. Amplio departamento en renta a largo plazo en Tulum ubicado en ""La Veleta"" Cuenta con una recámara con aire acondicionado, un baño, cómoda sala con sofá cama, cuenta también con cocina y comedor con capacidad para 4. Departamento amplio y bien iluminado. -Amueblado. -Recámara. -Sala. -Cocina. -Closet. -Baño. -Área de lavandería privada. -Balcón con vista a la alberca. Condominio que respeta la natura...",https://img10.naventcdn.com/avisos/18/01/50/77/74/45/720x532/1625239839.jpg?isFirstImage=true; https://img10.naventcdn.com/avisos/18/01/50/77/74/45/720x532/1625239820.jpg; https://img10.naventcdn.com/avisos/18/01/50/77/74/45/720x532/1625239840.jpg; https://img10.naventcdn.com/avisos/18/01/50/77/74/45/720x532/1625239823.jpg; https://img10.naventcdn.com/avisos/18/01/50/77/74/45/720x532/1625239844.jpg; https://img10.naventcdn.com/avisos/18/01/50/77/74/45/720x532/1625239819.jpg; https://img10.naventcdn.com/avisos/18/01/50/77/74/45/720x532/1625239831.jpg; https://img10.naventcdn.com/avisos/18/01/50/77/74/45/720x532/1625239832.jpg,Mexico,Quintana Roo,Tulum,20.2005369,-87.4709858,Rent
TULUM REALTORS SA de CV,https://www.inmuebles24.com/inmobiliarias/tulum-realtors-sa-de-cv_50146364-inmuebles.html,Inmuebles24 (via parse.bot API),https://www.inmuebles24.com/propiedades/clasificado/alclapin-departamento-2-recamaras-aldea-tulum-en-renta-150128700.html,Departamento 2 Recamaras Aldea Tulum en Renta,Condo/Apartment,8000,MXN,2,1,,m2,"En medio de un ambiente cómodo y agradable Para vivir este Departamento nuevo A estrenar Cuenta con 2 Recamaras, 1 baño, Patio, Areas verdes, Area de Juegos para niños, Asador, Palapa, Alberca y cajones de estacionamiento. Ubicado al lado del Cenote Zamna, A 7 minutos del Centro de Tulum y a 20 minutos del Aeropuerto. Contactar <span class='descripcionDatosAnunciante'><button class='btn btn-link js-verDatos' href='#'>Ver datos</button></span> sin muebles",https://img10.naventcdn.com/avisos/18/01/50/12/87/00/720x532/1611756792.jpg?isFirstImage=true; https://img10.naventcdn.com/avisos/18/01/50/12/87/00/720x532/1611756850.jpg; https://img10.naventcdn.com/avisos/18/01/50/12/87/00/720x532/1611756795.jpg; https://img10.naventcdn.com/avisos/18/01/50/12/87/00/720x532/1611756829.jpg; https://img10.naventcdn.com/avisos/18/01/50/12/87/00/720x532/1611756798.jpg; https://img10.naventcdn.com/avisos/18/01/50/12/87/00/720x532/1611756822.jpg; https://img10.naventcdn.com/avisos/18/01/50/12/87/00/720x532/1611756826.jpg; https://img10.naventcdn.com/avisos/18/01/50/12/87/00/720x532/1611756839.jpg,Mexico,Quintana Roo,Tulum,20.1517467,-87.4586575,Rent
Pulppo,https://www.inmuebles24.com/inmobiliarias/pulppo_50827089-inmuebles.html,Inmuebles24 (via parse.bot API),https://www.inmuebles24.com/propiedades/clasificado/alclapin-bahia-principe:-departamento-en-renta-en-tulum-150446539.html,Bahia Principe: Departamento en Renta en Tulum,Condo/Apartment,40000,MXN,3,2,100.0,m2,"[dtt-068] Vive rodeado de lujo y naturaleza en el exclusivo fraccionamiento cerrado Bahía Príncipe, en Tulum, Quintana Roo. Este cómodo y amplio departamento de 100 m² está totalmente amueblado y listo para habitarse. Ideal para quienes buscan tranquilidad, seguridad y estilo de vida. Distribución: 3 recámaras (1 independiente 2 que comparten baño) Sala-comedor equipada. Cocina funcional. Estacionamiento privado. Amenidades del condominio: Gran alberca. Salón de juegos. Sala de trabajo. Gimnasio...",https://img10.naventcdn.com/avisos/18/01/50/44/65/39/720x532/1618275656.jpg?isFirstImage=true; https://img10.naventcdn.com/avisos/18/01/50/44/65/39/720x532/1618275705.jpg; https://img10.naventcdn.com/avisos/18/01/50/44/65/39/720x532/1618275674.jpg; https://img10.naventcdn.com/avisos/18/01/50/44/65/39/720x532/1618275661.jpg; https://img10.naventcdn.com/avisos/18/01/50/44/65/39/720x532/1618275690.jpg; https://img10.naventcdn.com/avisos/18/01/50/44/65/39/720x532/1618275697.jpg; https://img10.naventcdn.com/avisos/18/01/50/44/65/39/720x532/1618275717.jpg; https://img10.naventcdn.com/avisos/18/01/50/44/65/39/720x532/1618275711.jpg,Mexico,Quintana Roo,Tulum,20.2094311,-87.4678919,Rent
ABREGO REAL ESTATE,https://www.inmuebles24.com/inmobiliarias/abrego-real-estate_51132699-inmuebles.html,Inmuebles24 (via parse.bot API),https://www.inmuebles24.com/propiedades/clasificado/alclapin-loft-de-doble-altura-amueblado-en-mistiq-templo-2-149349609.html,Loft de Doble Altura Amueblado en Mistiq Templo 2 Disponible,Unknown,15000,MXN,1,1,80.0,m2,"Disfruta de este exclusivo loft de doble altura en Mistiq Templo 2, completamente amueblado y equipado, ideal para quienes buscan confort, estilo y una excelente ubicación. El espacio cuenta con aire acondicionado y una distribución moderna que brinda amplitud y luminosidad. Perfecto para vivir o trabajar con total comodidad. El desarrollo ofrece increíbles amenidades como gimnasio, albercas, terrazas y un espectacular rooftop con vista ideal para disfrutar atardeceres inolvidables.",https://img10.naventcdn.com/avisos/18/01/49/34/96/09/720x532/1595631727.jpg?isFirstImage=true; https://img10.naventcdn.com/avisos/18/01/49/34/96/09/720x532/1595631729.jpg; https://img10.naventcdn.com/avisos/18/01/49/34/96/09/720x532/1595631721.jpg; https://img10.naventcdn.com/avisos/18/01/49/34/96/09/720x532/1595631725.jpg; https://img10.naventcdn.com/avisos/18/01/49/34/96/09/720x532/1595631724.jpg; https://img10.naventcdn.com/avisos/18/01/49/34/96/09/720x532/1595631720.jpg; https://img10.naventcdn.com/avisos/18/01/49/34/96/09/720x532/1595631722.jpg; https://img10.naventcdn.com/avisos/18/01/49/34/96/09/720x532/1595631719.jpg,Mexico,Quintana Roo,Tulum,20.1798531,-87.4654348,Rent
MARIA TERESA ALVARADO ESQUIVEL,https://www.inmuebles24.com/inmobiliarias/maria-teresa-alvarado-esquivel_726398-inmuebles.html,Inmuebles24 (via parse.bot API),https://www.inmuebles24.com/propiedades/clasificado/veclapin-venta-o-renta-hermoso-penthouse-aldea-zama-tulum.-150218220.html,"Venta o Renta Hermoso Penthouse Aldea Zama, Tulum.",Penthouse,3500000,MXN,2,2,103.0,m2,"Penthouse en Venta  Parques Zama, Aldea Zama, Tulum ¡Oportunidad unica de inversion y disfrute en una de las zonas con mayor plusvalia de Tulum! Entrega inmediata | Llave en mano Este exclusivo Penthouse de 103 m cuenta con un diseno moderno y funcional, ideal para vivir, vacacionar o generar ingresos mediante rentas vacacionales gracias a su modalidad Lock-Off. 2 recamaras 2 banos completos Modalidad Lock-Off Alberca privada Asador privado Estacionamiento Amenidades del desarrollo: Seguridad 2...",https://img10.naventcdn.com/avisos/18/01/50/21/82/20/720x532/1613547753.jpg?isFirstImage=true; https://img10.naventcdn.com/avisos/18/01/50/21/82/20/720x532/1613547756.jpg; https://img10.naventcdn.com/avisos/18/01/50/21/82/20/720x532/1613547761.jpg; https://img10.naventcdn.com/avisos/18/01/50/21/82/20/720x532/1613547757.jpg; https://img10.naventcdn.com/avisos/18/01/50/21/82/20/720x532/1613547754.jpg; https://img10.naventcdn.com/avisos/18/01/50/21/82/20/720x532/1613547763.jpg; https://img10.naventcdn.com/avisos/18/01/50/21/82/20/720x532/1613547741.jpg; https://img10.naventcdn.com/avisos/18/01/50/21/82/20/720x532/1613547743.jpg,Mexico,Quintana Roo,Tulum,20.1997998,-87.454707,Rent
CONEXIONES INMOBILIARIAS TULUM,https://www.inmuebles24.com/inmobiliarias/conexiones-inmobiliarias-tulum_50228350-inmuebles.html,Inmuebles24 (via parse.bot API),https://www.inmuebles24.com/propiedades/clasificado/alclapin-departamento-2-recamaras-sin-muebles-en-renta-en-aldea-149361974.html,Departamento 2 Recamaras Sin Muebles en Renta en Aldea Savia,Condo/Apartment,17000,MXN,2,2,90.0,m2,"Descubre el equilibrio perfecto entre la naturaleza y la vida moderna en este exclusivo desarrollo residencial en la Región 10. Ubicado estratégicamente cerca del centro de Tulum y a solo 7 km de las paradisíacas playas del Caribe, este departamento en primer nivel es una joya lista para habitar o rentar. El Departamento se renta sin muebles y cuenta con: Cocina. Sala. 2 recámaras. 2 baños completo. Espacio para centro de lavado. Terraza con acceso desde la sala-cocina y un exclusivo Roof Garden...",https://img10.naventcdn.com/avisos/18/01/49/36/19/74/720x532/1596336781.jpg?isFirstImage=true; https://img10.naventcdn.com/avisos/18/01/49/36/19/74/720x532/1596336783.jpg; https://img10.naventcdn.com/avisos/18/01/49/36/19/74/720x532/1596336771.jpg; https://img10.naventcdn.com/avisos/18/01/49/36/19/74/720x532/1596336780.jpg; https://img10.naventcdn.com/avisos/18/01/49/36/19/74/720x532/1596336791.jpg; https://img10.naventcdn.com/avisos/18/01/49/36/19/74/720x532/1596336788.jpg; https://img10.naventcdn.com/avisos/18/01/49/36/19/74/720x532/1596336775.jpg; https://img10.naventcdn.com/avisos/18/01/49/36/19/74/720x532/1596336774.jpg,Mexico,Quintana Roo,Tulum,20.212977850461144,-87.4825705185852,Rent
INMOBILIARIA realKOR,https://www.inmuebles24.com/inmobiliarias/inmobiliaria-realkor_50819355-inmuebles.html,Inmuebles24 (via parse.bot API),https://www.inmuebles24.com/propiedades/clasificado/alclapin-departamento-ph-amueblado-en-tulum-148219429.html,Departamento PH Amueblado en Tulum,Condo/Apartment,30000,MXN,3,3,200.0,m2,"En renta exclusivo ph en Condominio Boho Residence en Aldea Zama, con solo 16 departamentos, áreas comunes bellas con jardín y vigilancia, estacionamiento techado. 3 recámaras la baño completo, Dos recamaras comparten segundo baño completo, tercer baño completo en área de estudio tv. Área roof con Alberca tipo jacuzzi, camastros y mesa comedor exterior. Totalmente equipado y amueblado. Cuenta con centro de lavado eléctrico. En áreas comunes Alberca, zona para bbq, jardines, asoleaderos. inlcuye ...",https://img10.naventcdn.com/avisos/18/01/48/21/94/29/720x532/1575646196.jpg?isFirstImage=true; https://img10.naventcdn.com/avisos/18/01/48/21/94/29/720x532/1575646198.jpg; https://img10.naventcdn.com/avisos/18/01/48/21/94/29/720x532/1575646206.jpg; https://img10.naventcdn.com/avisos/18/01/48/21/94/29/720x532/1575646200.jpg; https://img10.naventcdn.com/avisos/18/01/48/21/94/29/720x532/1575646199.jpg; https://img10.naventcdn.com/avisos/18/01/48/21/94/29/720x532/1575646197.jpg; https://img10.naventcdn.com/avisos/18/01/48/21/94/29/720x532/1575646203.jpg; https://img10.naventcdn.com/avisos/18/01/48/21/94/29/720x532/1575646205.jpg,Mexico,Quintana Roo,Tulum,20.1997998,-87.454707,Rent
M7 Grupo Inmobiliario,https://www.inmuebles24.com/inmobiliarias/m7-grupo-inmobiliario_51113597-inmuebles.html,Inmuebles24 (via parse.bot API),https://www.inmuebles24.com/propiedades/clasificado/alclapin-departamento-en-renta-aldea-tulum-148401930.html,Departamento en Renta Aldea Tulum,Condo/Apartment,5800,MXN,2,2,60.0,m2,"*Departamento en Renta – ¡Listo para habitar en aldea tulum* ¡*Vive cómodo, fresco y con todas las amenidades que necesitas*! Se renta hermoso departamento con excelente distribución y ubicación. ️ Características del departamento: - 2 habitaciones. - 1 baño. - 2 aires acondicionados. - 2 lugares de estacionamiento. - Área de lavandería. - Cocina equipada. - Sala / comedor. - Mosquiteros. - Alberca con palapa. - Área de barbecue. Precio: - $5, 800 mxn sin muebles. - $7, 500 mxn con muebles. *Per...",https://img10.naventcdn.com/avisos/18/01/48/40/19/30/720x532/1576389049.jpg?isFirstImage=true; https://img10.naventcdn.com/avisos/18/01/48/40/19/30/720x532/1576389047.jpg; https://img10.naventcdn.com/avisos/18/01/48/40/19/30/720x532/1576389046.jpg; https://img10.naventcdn.com/avisos/18/01/48/40/19/30/720x532/1576389044.jpg; https://img10.naventcdn.com/avisos/18/01/48/40/19/30/720x532/1576389050.jpg; https://img10.naventcdn.com/avisos/18/01/48/40/19/30/720x532/1576389048.jpg; https://img10.naventcdn.com/avisos/18/01/48/40/19/30/720x532/1576389045.jpg,Mexico,Quintana Roo,Tulum,20.2110514,-87.4627285,Rent
CONEXIONES INMOBILIARIAS TULUM,https://www.inmuebles24.com/inmobiliarias/conexiones-inmobiliarias-tulum_50228350-inmuebles.html,Inmuebles24 (via parse.bot API),https://www.inmuebles24.com/propiedades/clasificado/alclapin-hermoso-estudio-en-renta-en-region-15-cerca-a-la-149309646.html,Hermoso Estudio en Renta en Region 15 Cerca a La Veleta,Condo/Apartment,12000,MXN,,1,54.0,m2,"Hermoso estudio en renta en planta baja con acceso directo a la alberca desde la terraza. La particularidad de este departamento es la separación de la cocina con un desnivel donde se acomoda la cama con vista completa hacia la alberca. Disponible inmediatamente, completamente amueblado y equipado. Alberca y fire pit en las areas comunes.",https://img10.naventcdn.com/avisos/18/01/49/30/96/46/720x532/1594815685.jpg?isFirstImage=true; https://img10.naventcdn.com/avisos/18/01/49/30/96/46/720x532/1594815678.jpg; https://img10.naventcdn.com/avisos/18/01/49/30/96/46/720x532/1594815684.jpg; https://img10.naventcdn.com/avisos/18/01/49/30/96/46/720x532/1594815674.jpg; https://img10.naventcdn.com/avisos/18/01/49/30/96/46/720x532/1594815676.jpg; https://img10.naventcdn.com/avisos/18/01/49/30/96/46/720x532/1594815673.jpg; https://img10.naventcdn.com/avisos/18/01/49/30/96/46/720x532/1594815682.jpg; https://img10.naventcdn.com/avisos/18/01/49/30/96/46/720x532/1594815677.jpg,Mexico,Quintana Roo,Tulum,20.2025963,-87.4727791,Rent
iad Inmobiliaria,https://www.inmuebles24.com/inmobiliarias/iad-inmobiliaria_50956067-inmuebles.html,Inmuebles24 (via parse.bot API),https://www.inmuebles24.com/propiedades/clasificado/alclapin-estudio-en-renta-amueblado-en-centro-de-tulum-150676583.html,Estudio en Renta Amueblado en Centro de Tulum,Condo/Apartment,12000,MXN,1,1,36.0,m2,"Ref: 3 0 3 4 4 4. Este hermoso departamento en renta a estrenar en Tulum Centro es ideal para aquellos que buscan vivir en un lugar tranquilo y moderno. Con una recámara amplia y un baño completo, este acogedor espacio de 36 m2 está completamente amueblado y listo para habitar de inmediato. La propiedad cuenta con una variedad de amenidades que harán que tus días sean más placenteros, como área de juegos infantiles, gimnasio, alberca, estacionamiento para visitas, elevadores, internet/wifi, jard...",https://img10.naventcdn.com/avisos/18/01/50/67/65/83/720x532/1623191152.jpg?isFirstImage=true; https://img10.naventcdn.com/avisos/18/01/50/67/65/83/720x532/1623191143.jpg; https://img10.naventcdn.com/avisos/18/01/50/67/65/83/720x532/1623191149.jpg; https://img10.naventcdn.com/avisos/18/01/50/67/65/83/720x532/1623191161.jpg; https://img10.naventcdn.com/avisos/18/01/50/67/65/83/720x532/1623191156.jpg; https://img10.naventcdn.com/avisos/18/01/50/67/65/83/720x532/1623191154.jpg; https://img10.naventcdn.com/avisos/18/01/50/67/65/83/720x532/1623191140.jpg; https://img10.naventcdn.com/avisos/18/01/50/67/65/83/720x532/1623191164.jpg,Mexico,Quintana Roo,Tulum,20.203074889384354,-87.46774920008798,Rent
TULUM REALTORS SA de CV,https://www.inmuebles24.com/inmobiliarias/tulum-realtors-sa-de-cv_50146364-inmuebles.html,Inmuebles24 (via parse.bot API),https://www.inmuebles24.com/propiedades/clasificado/alclapin-departamento-2-recamaras-aldea-tulum-amueblado-en-150128693.html,Departamento 2 Recamaras Aldea Tulum Amueblado en Renta,Condo/Apartment,9000,MXN,,1,,m2,"En medio de un ambiente cómodo y agradable Para vivir este Departamento nuevo A estrenar Cuenta con 2 Recamaras, Aire Acondicionado tipo mini-split, 1 baño, Patio, Areas verdes, Area de Juegos para niños, Asador, Palapa, Alberca y cajones de estacionamiento. Ubicado al lado del Cenote Zamna, A 7 minutos del Centro de Tulum y a 20 minutos del Aeropuerto. Listo para ocuparse! Contactar <span class='descripcionDatosAnunciante'><button class='btn btn-link js-verDatos' href='#'>Ver datos</button></sp...",https://img10.naventcdn.com/avisos/18/01/50/12/86/93/720x532/1611756780.jpg?isFirstImage=true; https://img10.naventcdn.com/avisos/18/01/50/12/86/93/720x532/1611756802.jpg; https://img10.naventcdn.com/avisos/18/01/50/12/86/93/720x532/1611756800.jpg; https://img10.naventcdn.com/avisos/18/01/50/12/86/93/720x532/1611756784.jpg; https://img10.naventcdn.com/avisos/18/01/50/12/86/93/720x532/1611756777.jpg; https://img10.naventcdn.com/avisos/18/01/50/12/86/93/720x532/1611756793.jpg; https://img10.naventcdn.com/avisos/18/01/50/12/86/93/720x532/1611756787.jpg; https://img10.naventcdn.com/avisos/18/01/50/12/86/93/720x532/1611756709.jpg,Mexico,Quintana Roo,Tulum,20.1956667,-87.5280197,Rent
Top by Gustavo Pimentel,https://www.inmuebles24.com/inmobiliarias/top-by-gustavo-pimentel_51109485-inmuebles.html,Inmuebles24 (via parse.bot API),https://www.inmuebles24.com/propiedades/clasificado/alclapin-estudio-con-plounge-pool-privada-xibalba-tulum-144407356.html,Estudio con Plounge Pool Privada Xibalba Tulum,Unknown,13000,MXN,1,1,39.0,m2,"Estudio con plounge pool en renta en Tulum, relájate y disfruta en este tranquilo oasis. Xibalba Tulum ofrece estudio en renta en segundo piso con elevador, interior con wifi incluido. El estudio cuenta con una distribución de espacios con 39m2, bella decoración, tiene aire acondicionado, cama king y un sofa, cocina totalmente equipada con minibar, microondas y cafetera, Smart tv y baño completo privado y equipado. En un condominio nuevo con alberca, gym y zona de yoga. Información del condomini...",https://img10.naventcdn.com/avisos/18/01/44/40/73/56/720x532/1482493172.jpg?isFirstImage=true; https://img10.naventcdn.com/avisos/18/01/44/40/73/56/720x532/1482493173.jpg; https://img10.naventcdn.com/avisos/18/01/44/40/73/56/720x532/1482493159.jpg; https://img10.naventcdn.com/avisos/18/01/44/40/73/56/720x532/1482493169.jpg; https://img10.naventcdn.com/avisos/18/01/44/40/73/56/720x532/1482493164.jpg; https://img10.naventcdn.com/avisos/18/01/44/40/73/56/720x532/1482493167.jpg; https://img10.naventcdn.com/avisos/18/01/44/40/73/56/720x532/1482493175.jpg; https://img10.naventcdn.com/avisos/18/01/44/40/73/56/720x532/1482493158.jpg,Mexico,Quintana Roo,Tulum,20.1851986,-87.4628031,Rent
GRUPO INMOBILIARIO MC ,https://www.inmuebles24.com/inmobiliarias/grupo-inmobiliario-mc_684684-inmuebles.html,Inmuebles24 (via parse.bot API),https://www.inmuebles24.com/propiedades/clasificado/alclapin-furnished-apartment-for-rent-selva-norte-tulum-145061979.html,Furnished Apartment For Rent Selva Norte Tulum,Condo/Apartment,20000,MXN,2,2,96.0,m2,"Furnished Apartment for rent selva norte tulum $20, 000. 96 m² 2-bedroom apartment on the ground floor. ● Bedroom 1 with Lock-Off access. ● Bedroom 2. ● Living room. ● Dining room. ● 2 bathrooms. ● Terrace. ● Equipped kitchen. ● Laundry area. Includes two double mattresses, refrigerator, living room set, dining table, coffee table, bar stools, blinds, and located on the first floor. Amenities: Hammock area. Gym. Pet area. Children's playground. Pools. Cenotes. Observation deck. Yoga and meditati...",https://img10.naventcdn.com/avisos/18/01/45/06/19/79/720x532/1496238355.jpg?isFirstImage=true; https://img10.naventcdn.com/avisos/18/01/45/06/19/79/720x532/1496238353.jpg; https://img10.naventcdn.com/avisos/18/01/45/06/19/79/720x532/1496238371.jpg; https://img10.naventcdn.com/avisos/18/01/45/06/19/79/720x532/1496238354.jpg; https://img10.naventcdn.com/avisos/18/01/45/06/19/79/720x532/1496238367.jpg; https://img10.naventcdn.com/avisos/18/01/45/06/19/79/720x532/1496238358.jpg; https://img10.naventcdn.com/avisos/18/01/45/06/19/79/720x532/1496238359.jpg; https://img10.naventcdn.com/avisos/18/01/45/06/19/79/720x532/1496238362.jpg,Mexico,Quintana Roo,Tulum,20.21234625658802,-87.49548641062012,Rent
Drago Inmobiliaria,https://www.inmuebles24.com/inmobiliarias/drago-inmobiliaria_669430-inmuebles.html,Inmuebles24 (via parse.bot API),https://www.inmuebles24.com/propiedades/clasificado/alclapin-depa-en-renta-en-tulum-147254109.html,Depa en Renta en Tulum,Condo/Apartment,4900,MXN,1,1,70.0,m2,"Departamento semi amueblado en renta en aldea tulum. ubicado en planta baja cerca de escuelas, tiendas de conveniencia y mercados. 6, 500. Planta baja. 2 habitaciones. 1 baño. 3 camas ( 2 individuales y una matrimonial) Refrigerador. Estufa. Boiler. Patio trasero con area de lavado. Alberca",https://img10.naventcdn.com/avisos/18/01/47/25/41/09/720x532/1551840028.jpg?isFirstImage=true; https://img10.naventcdn.com/avisos/18/01/47/25/41/09/720x532/1551840033.jpg; https://img10.naventcdn.com/avisos/18/01/47/25/41/09/720x532/1551840030.jpg; https://img10.naventcdn.com/avisos/18/01/47/25/41/09/720x532/1551840036.jpg; https://img10.naventcdn.com/avisos/18/01/47/25/41/09/720x532/1551840035.jpg; https://img10.naventcdn.com/avisos/18/01/47/25/41/09/720x532/1551840031.jpg; https://img10.naventcdn.com/avisos/18/01/47/25/41/09/720x532/1551840032.jpg; https://img10.naventcdn.com/avisos/18/01/47/25/41/09/720x532/1551840029.jpg,Mexico,Quintana Roo,Tulum,20.1952078,-87.5290761,Rent
NOVVA BIENES RAÍCES,https://www.inmuebles24.com/inmobiliarias/novva-bienes-raices_102655123-inmuebles.html,Inmuebles24 (via parse.bot API),https://www.inmuebles24.com/propiedades/clasificado/alclapin-departamento-en-renta-elements-326-region-15-150519943.html,Departamento en Renta | Elements 326 | Región 15 | Tulum | Quintana Roo,Condo/Apartment,15000,MXN,2,2,91.0,m2,Trato sin intermediarios. Departamento en renta en Tulum – lujo y comodidad en un entorno único. Descubre un espacio diseñado para disfrutar lo mejor de la Riviera Maya. Este moderno departamento de 91 m² ofrece un estilo de vida exclusivo con: 2 recámaras amplias. 2 baños completos. Estacionamiento privado. 2 jacuzzis privados para relajarte en cualquier momento. Elevador para tu comodidad. Amenidades de primer nivel. Vive experiencias únicas con un conjunto de espacios pensados para tu bienest...,https://img10.naventcdn.com/avisos/18/01/50/51/99/43/720x532/1620042249.jpg?isFirstImage=true; https://img10.naventcdn.com/avisos/18/01/50/51/99/43/720x532/1620042231.jpg; https://img10.naventcdn.com/avisos/18/01/50/51/99/43/720x532/1620042245.jpg; https://img10.naventcdn.com/avisos/18/01/50/51/99/43/720x532/1620042244.jpg; https://img10.naventcdn.com/avisos/18/01/50/51/99/43/720x532/1620042240.jpg; https://img10.naventcdn.com/avisos/18/01/50/51/99/43/720x532/1620042250.jpg; https://img10.naventcdn.com/avisos/18/01/50/51/99/43/720x532/1620042248.jpg; https://img10.naventcdn.com/avisos/18/01/50/51/99/43/720x532/1620042229.jpg,Mexico,Quintana Roo,Tulum,20.180869,-87.4623329,Rent
M7 Grupo Inmobiliario,https://www.inmuebles24.com/inmobiliarias/m7-grupo-inmobiliario_51113597-inmuebles.html,Inmuebles24 (via parse.bot API),https://www.inmuebles24.com/propiedades/clasificado/alclapin-departamento-tulum-aldea-zama-roof-con-jacuzzi-privado-65460312.html,Departamento Tulum Aldea Zama Roof con Jacuzzi Privado Incluye Luz,Penthouse,28000,MXN,2,2,200.0,m2,"Penthouse en renta tulum (Aldea Zamá) con roof privado. Totalmente amueblado. Incluye: 2 pisos. 2 recamaras. 2 baños completos. Terraza con asador. Alberca privada. Alberca del edificio con bar. 1 cajón de estacionamiento. Gimnasio. Servicio de lavandería. Recepción y seguridad 24/7. Elevador. Wifi. Precio mensual largo plazo: $28, 000. Puede alquilarse por temporada desde $2, 500 la noche minino 3 noches. disponible inmediatamente. venta 290, 000 usd",https://img10.naventcdn.com/avisos/18/00/65/46/03/12/720x532/341895952.jpg?isFirstImage=true; https://img10.naventcdn.com/avisos/18/00/65/46/03/12/720x532/341895937.jpg; https://img10.naventcdn.com/avisos/18/00/65/46/03/12/720x532/341895949.jpg; https://img10.naventcdn.com/avisos/18/00/65/46/03/12/720x532/341895941.jpg; https://img10.naventcdn.com/avisos/18/00/65/46/03/12/720x532/341895946.jpg; https://img10.naventcdn.com/avisos/18/00/65/46/03/12/720x532/341895942.jpg; https://img10.naventcdn.com/avisos/18/00/65/46/03/12/720x532/341895945.jpg; https://img10.naventcdn.com/avisos/18/00/65/46/03/12/720x532/341895947.jpg,Mexico,Quintana Roo,Tulum,20.197551772727273,-87.46072769464267,Rent
Century 21 Expert Investment,https://www.inmuebles24.com/inmobiliarias/century-21-expert-investment_51274098-inmuebles.html,Inmuebles24 (via parse.bot API),https://www.inmuebles24.com/propiedades/clasificado/alclapin-departamento-en-renta-de-dos-habitaciones-tulum-143303649.html,"Departamento en Renta, de Dos Habitaciones Tulum Centro, Tulum, Quintana Roo",Condo/Apartment,18000,MXN,1,1,100.0,m2,"Departamento de dos habitaciones en la Colonia Tulum Centro equipado con: -Cocina. -Sala. -Comedor. -Alberca común. -Closet abierto. - 2 Baños completo privado. 2 habitaciones. -Área exterior con sillas y hamacas. -Smart tv. Cercanías: -100 metros del oxxo. -240 metros de Scotiabank. -850 metros de Chedraui. -3. 8 km. De la Zona Hotelera en la playa. La renta incluye: 1 limpieza mensual, WiFi, gas, agua, Smart tv, y amueblado en su totalidad. no incluye: luz, no se admiten mascotas, máximo de oc...",https://img10.naventcdn.com/avisos/18/01/43/30/36/49/720x532/1455048437.jpg?isFirstImage=true; https://img10.naventcdn.com/avisos/18/01/43/30/36/49/720x532/1455048436.jpg; https://img10.naventcdn.com/avisos/18/01/43/30/36/49/720x532/1455048444.jpg; https://img10.naventcdn.com/avisos/18/01/43/30/36/49/720x532/1455048443.jpg; https://img10.naventcdn.com/avisos/18/01/43/30/36/49/720x532/1455048440.jpg; https://img10.naventcdn.com/avisos/18/01/43/30/36/49/720x532/1455048442.jpg; https://img10.naventcdn.com/avisos/18/01/43/30/36/49/720x532/1455048446.jpg; https://img10.naventcdn.com/avisos/18/01/43/30/36/49/720x532/1455048439.jpg,Mexico,Quintana Roo,Tulum,20.211946318268986,-87.45682070740968,Rent
GRUPO INHAÜS,https://www.inmuebles24.com/inmobiliarias/grupo-inhaus_50206261-inmuebles.html,Inmuebles24 (via parse.bot API),https://www.inmuebles24.com/propiedades/clasificado/veclapin-estudio-amueblado-nuevo-en-venta-en-tulum-145424873.html,Estudio Amueblado Nuevo en Venta en Tulum,Unknown,2200000,MXN,1,1,50.0,m2,"Estudio en Tulum, listo para escriturar, llave en mano, 50m2, cuenta con cama king, cocina equipada, sofá cama, baño completo, terraza con alberquita privada, totalmente amueblado y equipado, Listo para estrenar. Con acceso al club de playa Mia y amenidades roof.",https://img10.naventcdn.com/avisos/18/01/45/42/48/73/720x532/1503919103.jpg?isFirstImage=true; https://img10.naventcdn.com/avisos/18/01/45/42/48/73/720x532/1503919117.jpg; https://img10.naventcdn.com/avisos/18/01/45/42/48/73/720x532/1503919108.jpg; https://img10.naventcdn.com/avisos/18/01/45/42/48/73/720x532/1503919115.jpg; https://img10.naventcdn.com/avisos/18/01/45/42/48/73/720x532/1503919114.jpg; https://img10.naventcdn.com/avisos/18/01/45/42/48/73/720x532/1503919102.jpg; https://img10.naventcdn.com/avisos/18/01/45/42/48/73/720x532/1503919100.jpg; https://img10.naventcdn.com/avisos/18/01/45/42/48/73/720x532/1503919105.jpg,Mexico,Quintana Roo,Tulum,20.2093153,-87.4557742,Rent
ABREGO REAL ESTATE,https://www.inmuebles24.com/inmobiliarias/abrego-real-estate_51132699-inmuebles.html,Inmuebles24 (via parse.bot API),https://www.inmuebles24.com/propiedades/clasificado/alclapin-penthouse-2-recamaras-con-albera-privada-en-tulum-147009540.html,Penthouse 2 Recámaras con Albera Privada en Tulum,Penthouse,15500,MXN,2,2,100.0,m2,"Si buscas compartir con un amigo este tipo de unidades te da la privacidad para compartir la unidad sin que se crucen Disponible en renta en Tulum. Cuenta con 2 recámaras y 2 baños. Disfruta de la comodidad de una cocina integral, clósets y aire acondicionado. Entre las amenidades del conjunto, encontrarás un gimnasio y alberca para mantener un estilo de vida activo. También se ofrece internet/wifi y terraza. Se admiten mascotas. Ubicado en una zona residencial con servicios básicos (agua/luz) y...",https://img10.naventcdn.com/avisos/18/01/47/00/95/40/720x532/1545853218.jpg?isFirstImage=true; https://img10.naventcdn.com/avisos/18/01/47/00/95/40/720x532/1545853216.jpg; https://img10.naventcdn.com/avisos/18/01/47/00/95/40/720x532/1545853206.jpg; https://img10.naventcdn.com/avisos/18/01/47/00/95/40/720x532/1545853212.jpg; https://img10.naventcdn.com/avisos/18/01/47/00/95/40/720x532/1545853211.jpg; https://img10.naventcdn.com/avisos/18/01/47/00/95/40/720x532/1545853210.jpg; https://img10.naventcdn.com/avisos/18/01/47/00/95/40/720x532/1545853224.jpg; https://img10.naventcdn.com/avisos/18/01/47/00/95/40/720x532/1545853209.jpg,Mexico,Quintana Roo,Tulum,20.199237983115495,-87.4569552001027,Rent
M7 Grupo Inmobiliario,https://www.inmuebles24.com/inmobiliarias/m7-grupo-inmobiliario_51113597-inmuebles.html,Inmuebles24 (via parse.bot API),https://www.inmuebles24.com/propiedades/clasificado/alclapin-departamento-en-renta-tulum-aldea-zama-penth-house-148844462.html,Departamento en Renta Tulum Aldea Zama Penth House,Penthouse,27000,MXN,2,2,200.0,m2,"Penthouse en renta tulum (Aldea Zamá) con roof privado. Totalmente amueblado. Incluye: 2 pisos. 2 recamaras. 2 baños completos. Terraza con asador. Alberca privada. Alberca del edificio con bar. 1 cajón de estacionamiento. Gimnasio. Servicio de lavandería. Recepción y seguridad 24/7. Elevador. Wifi. todos los servicios incluidos: agua, luz, internet, mantenimiento. Precio mensual largo plazo: $27. 000",https://img10.naventcdn.com/avisos/18/01/48/84/44/62/720x532/1585527145.jpg?isFirstImage=true; https://img10.naventcdn.com/avisos/18/01/48/84/44/62/720x532/1585527134.jpg; https://img10.naventcdn.com/avisos/18/01/48/84/44/62/720x532/1585527132.jpg; https://img10.naventcdn.com/avisos/18/01/48/84/44/62/720x532/1585527139.jpg; https://img10.naventcdn.com/avisos/18/01/48/84/44/62/720x532/1585527138.jpg; https://img10.naventcdn.com/avisos/18/01/48/84/44/62/720x532/1585527130.jpg; https://img10.naventcdn.com/avisos/18/01/48/84/44/62/720x532/1585527136.jpg; https://img10.naventcdn.com/avisos/18/01/48/84/44/62/720x532/1585527128.jpg,Mexico,Quintana Roo,Tulum,20.1997998,-87.454707,Rent
iad Inmobiliaria,https://www.inmuebles24.com/inmobiliarias/iad-inmobiliaria_50956067-inmuebles.html,Inmuebles24 (via parse.bot API),https://www.inmuebles24.com/propiedades/clasificado/alclapin-estudio-tipo-loft-en-tulum-con-roof-garden-en-renta!-143333116.html,Estudio Tipo Loft en Tulum con Roof Garden en Renta!,Condo/Apartment,18000,MXN,1,1,66.0,m2,"Ref: 2 0 3 4 7 4. Este adorable departamento tipo Loft en renta se encuentra ubicado en la zona céntrica de Tulum. En un espacio con cama king size, cocineta, comedor, baño completo y roof garden con mini pool privado! Este acogedor espacio de 66 m2 ofrece todas las comodidades necesarias para una estancia agradable. El Estudio cuenta con Internet/Wifi, cocineta equipada, y está completamente amueblado; además de una amplio roof garden para disfrutar de una fresco atardecer un su coqueto mini-po...",https://img10.naventcdn.com/avisos/18/01/43/33/31/16/720x532/1479914001.jpg?isFirstImage=true; https://img10.naventcdn.com/avisos/18/01/43/33/31/16/720x532/1456139661.jpg; https://img10.naventcdn.com/avisos/18/01/43/33/31/16/720x532/1456139651.jpg; https://img10.naventcdn.com/avisos/18/01/43/33/31/16/720x532/1456139649.jpg; https://img10.naventcdn.com/avisos/18/01/43/33/31/16/720x532/1467163927.jpg; https://img10.naventcdn.com/avisos/18/01/43/33/31/16/720x532/1456139656.jpg; https://img10.naventcdn.com/avisos/18/01/43/33/31/16/720x532/1456139658.jpg; https://img10.naventcdn.com/avisos/18/01/43/33/31/16/720x532/1456139662.jpg,Mexico,Quintana Roo,Tulum,20.21163413313973,-87.47150511453356,Rent
M7 Grupo Inmobiliario,https://www.inmuebles24.com/inmobiliarias/m7-grupo-inmobiliario_51113597-inmuebles.html,Inmuebles24 (via parse.bot API),https://www.inmuebles24.com/propiedades/clasificado/alclapin-departamento-en-renta-aldea-zama-tulum-146388542.html,Departamento en Renta Aldea Zama Tulum,Condo/Apartment,18000,MXN,1,1,70.0,m2,"Studio 70 m cuadrados completamente amueblado, centro de lavado, refrigerador, microondas, parrilla eléctrica, cafetera, vajilla, cristalería, sala comedor, recámara, sofá cama, Televisión Smart tv, aire acondicionado. Exclusiva Ubicación. Aldea Zama Tulum Miraluna. Diversas amenidades. Spa. Restaurante. Roof con alberca privada. Bar. Hamacas camastros. Alberca tipo cenote. Coworking. Elevador. Palapa para yoga",https://img10.naventcdn.com/avisos/18/01/46/38/85/42/720x532/1530684084.jpg?isFirstImage=true; https://img10.naventcdn.com/avisos/18/01/46/38/85/42/720x532/1530684082.jpg; https://img10.naventcdn.com/avisos/18/01/46/38/85/42/720x532/1530684078.jpg; https://img10.naventcdn.com/avisos/18/01/46/38/85/42/720x532/1530684074.jpg; https://img10.naventcdn.com/avisos/18/01/46/38/85/42/720x532/1530684075.jpg; https://img10.naventcdn.com/avisos/18/01/46/38/85/42/720x532/1530684073.jpg; https://img10.naventcdn.com/avisos/18/01/46/38/85/42/720x532/1530684080.jpg; https://img10.naventcdn.com/avisos/18/01/46/38/85/42/720x532/1530684076.jpg,Mexico,Quintana Roo,Tulum,20.201707854473405,-87.45890733931734,Rent
CONEXIONES INMOBILIARIAS TULUM,https://www.inmuebles24.com/inmobiliarias/conexiones-inmobiliarias-tulum_50228350-inmuebles.html,Inmuebles24 (via parse.bot API),https://www.inmuebles24.com/propiedades/clasificado/alclapin-amplio-departamento-de-3-recamaras-en-renta-en-ophelia-149309627.html,Amplio Departamento de 3 Recamaras en Renta en Ophelia,Condo/Apartment,26000,MXN,3,3,127.0,m2,"Colindante con Aldea Zama y cerca de la Avenida Boca Paila, dentro de una comunidad con acceso controlado 24 horas, amplio departamento de 3 recamaras en renta en el primer piso con elevador. 217 m2, cocina, espaciosa sala, terraza, 3 recamaras de las cuales una con opción lock off, 1 cama king, 1 cama matrimonial y otra habitación con dos camas individuales. Completamente amueblado y equipado, disponible inmediatamente. Seguridad 24/7, concierge, alberca en las areas comunes, gimnasio, oficinas...",https://img10.naventcdn.com/avisos/18/01/49/30/96/27/720x532/1594815379.jpg?isFirstImage=true; https://img10.naventcdn.com/avisos/18/01/49/30/96/27/720x532/1594815373.jpg; https://img10.naventcdn.com/avisos/18/01/49/30/96/27/720x532/1594815382.jpg; https://img10.naventcdn.com/avisos/18/01/49/30/96/27/720x532/1594815378.jpg; https://img10.naventcdn.com/avisos/18/01/49/30/96/27/720x532/1594815384.jpg; https://img10.naventcdn.com/avisos/18/01/49/30/96/27/720x532/1594815371.jpg; https://img10.naventcdn.com/avisos/18/01/49/30/96/27/720x532/1594815389.jpg; https://img10.naventcdn.com/avisos/18/01/49/30/96/27/720x532/1594815377.jpg,Mexico,Quintana Roo,Tulum,20.2055345434,-87.4560908602,Rent
ABREGO REAL ESTATE,https://www.inmuebles24.com/inmobiliarias/abrego-real-estate_51132699-inmuebles.html,Inmuebles24 (via parse.bot API),https://www.inmuebles24.com/propiedades/clasificado/alclapin-oportunidad-en-aldea-savia-seguridad-24-7-gym-y-149609541.html,"Oportunidad en Aldea Savia | Seguridad 24/7, Gym y Albercas",Condo/Apartment,15500,MXN,2,2,110.0,m2,"Este acogedor departamento cuenta con 2 recámara y 2 baño, ideal para familias que busca un espacio funcional y cómodo donde cuentas con una diversidad de areas comunes como aea de juego para niños 4 albercas dos de carril de nado y dos albercas solo para adultos asi como cancha de padel 3 gimnacios 2 areas de coworking area de mascotas vigilancia 24/7 asi como areas pata parrilladas y una cominidad muy familiar Su distribución práctica y ambiente relajado lo convierten en una excelente opción p...",https://img10.naventcdn.com/avisos/18/01/49/60/95/41/720x532/1601198590.jpg?isFirstImage=true; https://img10.naventcdn.com/avisos/18/01/49/60/95/41/720x532/1601198587.jpg; https://img10.naventcdn.com/avisos/18/01/49/60/95/41/720x532/1601198585.jpg; https://img10.naventcdn.com/avisos/18/01/49/60/95/41/720x532/1601198588.jpg; https://img10.naventcdn.com/avisos/18/01/49/60/95/41/720x532/1601198589.jpg; https://img10.naventcdn.com/avisos/18/01/49/60/95/41/720x532/1601198586.jpg; https://img10.naventcdn.com/avisos/18/01/49/60/95/41/720x532/1601198591.jpg; https://img10.naventcdn.com/avisos/18/01/49/60/95/41/720x532/1621699266.jpg,Mexico,Quintana Roo,Tulum,20.2092452,-87.4795436,Rent
Drago Inmobiliaria,https://www.inmuebles24.com/inmobiliarias/drago-inmobiliaria_669430-inmuebles.html,Inmuebles24 (via parse.bot API),https://www.inmuebles24.com/propiedades/clasificado/veclapin-departamento-122-m-sup2--con-2-recamaras-en-venta-y-142609611.html,Departamento 122 m&sup2; con 2 Recámaras en Venta y Renta en Aldea Zama,Condo/Apartment,4300000,MXN,2,2,122.0,m2,"Este departamento de 122 m² se encuentra en Aldea Zama, disponible tanto en venta como en renta. Cuenta con 2 recámaras y 2 baños completos, además de un medio baño adicional. La propiedad ofrece una cocina integral equipada y aire acondicionado para mayor confort. El interior se distribuye en una amplia sala y comedor, ideales para recibir visitas o disfrutar en familia. La cocina integral facilita la preparación de alimentos, y las 2 recámaras ofrecen privacidad y descanso. En el exterior, el ...",https://img10.naventcdn.com/avisos/18/01/42/60/96/11/720x532/1434888442.jpg?isFirstImage=true; https://img10.naventcdn.com/avisos/18/01/42/60/96/11/720x532/1434888441.jpg; https://img10.naventcdn.com/avisos/18/01/42/60/96/11/720x532/1434888467.jpg; https://img10.naventcdn.com/avisos/18/01/42/60/96/11/720x532/1434888444.jpg; https://img10.naventcdn.com/avisos/18/01/42/60/96/11/720x532/1434888464.jpg; https://img10.naventcdn.com/avisos/18/01/42/60/96/11/720x532/1434888466.jpg; https://img10.naventcdn.com/avisos/18/01/42/60/96/11/720x532/1434888445.jpg; https://img10.naventcdn.com/avisos/18/01/42/60/96/11/720x532/1434888438.jpg,Mexico,Quintana Roo,Tulum,20.1997998,-87.454707,Rent
LAND BOUTIQUE,https://www.inmuebles24.com/inmobiliarias/land-boutique_50051224-inmuebles.html,Inmuebles24 (via parse.bot API),https://www.inmuebles24.com/propiedades/clasificado/alclapin-2br-apartment-for-rent-in-aldea-savia-tulum-90331778.html,2br Apartment For Rent in Aldea Savia Tulum,Condo/Apartment,14000,MXN,2,2,134.0,m2,"The common areas and natural spaces create meeting points with outdoor activities, where safety and well-being are promoted, living the concept of community, a place with identity and soul, always on the move, where neighbors get to know each other, participate and take care of each other. Guest parking. · Parking for bicycles. · 24/7 Security. · Indoor Gym. · Hammock area. · Grill Area. · Pet Park. · Event hall. · Playgrund. · Swimming Pool. · Recreation Area. · Kids pool. 2 br with A/C each. N...",https://img10.naventcdn.com/avisos/18/00/90/33/17/78/720x532/1103820817.jpg?isFirstImage=true; https://img10.naventcdn.com/avisos/18/00/90/33/17/78/720x532/1092430868.jpg; https://img10.naventcdn.com/avisos/18/00/90/33/17/78/720x532/1092430852.jpg; https://img10.naventcdn.com/avisos/18/00/90/33/17/78/720x532/1103820818.jpg; https://img10.naventcdn.com/avisos/18/00/90/33/17/78/720x532/1103820820.jpg; https://img10.naventcdn.com/avisos/18/00/90/33/17/78/720x532/1092430855.jpg; https://img10.naventcdn.com/avisos/18/00/90/33/17/78/720x532/1092430856.jpg; https://img10.naventcdn.com/avisos/18/00/90/33/17/78/720x532/1092430866.jpg,Mexico,Quintana Roo,Tulum,,,Rent
ABREGO REAL ESTATE,https://www.inmuebles24.com/inmobiliarias/abrego-real-estate_51132699-inmuebles.html,Inmuebles24 (via parse.bot API),https://www.inmuebles24.com/propiedades/clasificado/alclapin-departamento-de-2-recamaras-en-parques-zama-aldea-146790577.html,"Departamento de 2 Recámaras en Parques Zama – Aldea Zamá, Tulum",Condo/Apartment,18000,MXN,2,2,89.0,m2,"Parques Zama es un desarrollo residencial compuesto por cinco torres de departamentos de 1, 2 y 3 recámaras con sistema lock-off, ubicado en la nueva zona comercial de Aldea Zamá, Tulum. Este proyecto ofrece un estilo de vida exclusivo en un entorno privilegiado, con acceso a una amplia gama de amenidades y servicios. 2 recámaras con sistema lock-off. 2 baños completos. Sala de estar. Cocina equipada. Área de lavandería. Terraza privada. Superficie desde 89m²",https://img10.naventcdn.com/avisos/18/01/46/79/05/77/720x532/1540549793.jpg?isFirstImage=true; https://img10.naventcdn.com/avisos/18/01/46/79/05/77/720x532/1540549788.jpg; https://img10.naventcdn.com/avisos/18/01/46/79/05/77/720x532/1540549787.jpg; https://img10.naventcdn.com/avisos/18/01/46/79/05/77/720x532/1540549796.jpg; https://img10.naventcdn.com/avisos/18/01/46/79/05/77/720x532/1540549782.jpg; https://img10.naventcdn.com/avisos/18/01/46/79/05/77/720x532/1540549798.jpg; https://img10.naventcdn.com/avisos/18/01/46/79/05/77/720x532/1540549780.jpg; https://img10.naventcdn.com/avisos/18/01/46/79/05/77/720x532/1540549791.jpg,Mexico,Quintana Roo,Tulum,,,Rent
Balay Real Estate,https://www.inmuebles24.com/inmobiliarias/balay-real-estate_51247293-inmuebles.html,Inmuebles24 (via parse.bot API),https://www.inmuebles24.com/propiedades/clasificado/alclapin-departamento-en-menesse-tulum-149142480.html,Departamento en Menesse Tulum,Condo/Apartment,12000,MXN,1,1,40.0,m2,"Tulúm es un destino turístico que ofrece gran variedad de atractivos de todo tipo para sus visitantes, desde ruinas y cenotes hasta los mejores restaurantes y clubes de playa de la Riviera Maya. Este hermoso estudio se encuentra en una zona privilegiada de Tulúm, a unos pasos de la Av. Cobá la cual es el acceso principal a las mejores playas, restaurantes y hoteles de la zona. Además estarás a sólo unos pasos de la nueva reserva ecológica Parque del Jaguar y justo al cruzar la calle encontrarás ...",https://img10.naventcdn.com/avisos/18/01/49/14/24/80/720x532/1591353664.jpg?isFirstImage=true; https://img10.naventcdn.com/avisos/18/01/49/14/24/80/720x532/1591353660.jpg; https://img10.naventcdn.com/avisos/18/01/49/14/24/80/720x532/1591353669.jpg; https://img10.naventcdn.com/avisos/18/01/49/14/24/80/720x532/1591353696.jpg; https://img10.naventcdn.com/avisos/18/01/49/14/24/80/720x532/1591353690.jpg; https://img10.naventcdn.com/avisos/18/01/49/14/24/80/720x532/1591353653.jpg; https://img10.naventcdn.com/avisos/18/01/49/14/24/80/720x532/1591353655.jpg; https://img10.naventcdn.com/avisos/18/01/49/14/24/80/720x532/1591353661.jpg,Mexico,Quintana Roo,Tulum,20.2102882284,-87.4535413609,Rent
iad Inmobiliaria,https://www.inmuebles24.com/inmobiliarias/iad-inmobiliaria_50956067-inmuebles.html,Inmuebles24 (via parse.bot API),https://www.inmuebles24.com/propiedades/clasificado/alclapin-departamento-en-renta-amueblado-en-la-veleta-tulum-147406153.html,Departamento en Renta Amueblado en La Veleta Tulum,Condo/Apartment,14000,MXN,1,1,55.0,m2,"Ref: 2 5 7 0 0 8. Este exclusivo departamento en renta en La Veleta, Tulum, Quintana Roo, ofrece una experiencia de vida única en una de las zonas más buscadas por su belleza natural y tranquilidad. Con una construcción de 55 m2, esta propiedad cuenta con una recámara amplia, un baño completo y todas las comodidades necesarias para disfrutar al máximo de la vida en el Caribe mexicano. Además de su ubicación privilegiada, este departamento en renta destaca por sus increíbles amenidades, como gimn...",https://img10.naventcdn.com/avisos/18/01/47/40/61/53/720x532/1555589608.jpg?isFirstImage=true; https://img10.naventcdn.com/avisos/18/01/47/40/61/53/720x532/1555589614.jpg; https://img10.naventcdn.com/avisos/18/01/47/40/61/53/720x532/1555589609.jpg; https://img10.naventcdn.com/avisos/18/01/47/40/61/53/720x532/1555589612.jpg; https://img10.naventcdn.com/avisos/18/01/47/40/61/53/720x532/1555589618.jpg; https://img10.naventcdn.com/avisos/18/01/47/40/61/53/720x532/1555589611.jpg; https://img10.naventcdn.com/avisos/18/01/47/40/61/53/720x532/1555589616.jpg; https://img10.naventcdn.com/avisos/18/01/47/40/61/53/720x532/1555589613.jpg,Mexico,Quintana Roo,Tulum,20.209397922684737,-87.47387908072366,Rent
KEY REAL ESTATE,https://www.inmuebles24.com/inmobiliarias/key-real-estate_671854-inmuebles.html,Inmuebles24 (via parse.bot API),https://www.inmuebles24.com/propiedades/clasificado/alclapin-en-renta-departamento-sin-muebles-aldea-zama-tulum-145532034.html,"En Renta Departamento Sin Muebles, Aldea Zama Tulum, Quintana Roo",Condo/Apartment,18000,MXN,2,2,120.0,m2,"Departamento en renta de 2 recámaras sin muebles, equipado en la Ciudad de Tulum, Quintana Roo. Ubicado en el Desarrollo Querido Tulum en Aldea Zama, zona mas exclusiva de la Ciudad de Tulum por su gran desarrollo, ubicación y cercanía a la Zona Costera. A dos minutos de la Avenida Cobá, principal acceso a la Zona Hotelera, rodeada de Restaurantes, Centros Comerciales, Supermercados como Chedrahui y Comercial Mexicana, Bares, Gasolineras, Farmacias, tiendas de autoservicio. Generales: - Ubicado ...",https://img10.naventcdn.com/avisos/18/01/45/53/20/34/720x532/1506477888.jpg?isFirstImage=true; https://img10.naventcdn.com/avisos/18/01/45/53/20/34/720x532/1506477907.jpg; https://img10.naventcdn.com/avisos/18/01/45/53/20/34/720x532/1506477899.jpg; https://img10.naventcdn.com/avisos/18/01/45/53/20/34/720x532/1506477898.jpg; https://img10.naventcdn.com/avisos/18/01/45/53/20/34/720x532/1506477901.jpg; https://img10.naventcdn.com/avisos/18/01/45/53/20/34/720x532/1506477897.jpg; https://img10.naventcdn.com/avisos/18/01/45/53/20/34/720x532/1506477893.jpg; https://img10.naventcdn.com/avisos/18/01/45/53/20/34/720x532/1506477905.jpg,Mexico,Quintana Roo,Tulum,,,Rent
COLDWELL BANKER BLOOM,https://www.inmuebles24.com/inmobiliarias/coldwell-banker-bloom_102831093-inmuebles.html,Inmuebles24 (via parse.bot API),https://www.inmuebles24.com/propiedades/clasificado/alclapin-departamento-en-renta-en-mistiq-gardens-tulum-149637262.html,Departamento en Renta en Mistiq Gardens Tulum,Condo/Apartment,16000,MXN,1,1,35.0,m2,"Estudio en renta en mistiq gardens, tulum. Disfruta del estilo de vida único que ofrece una de las mejores residencias de Tulum. Ubicado en Region 15, La Veleta, Tulum. Características del estudio: - Espacioso y completamente amueblado. - 1 baño completo. - Terraza privada. - Cocina equipada. Amenidades del condominio: - Albercas y Jacuzzis. - Seguridad y recepción las 24 horas. - Áreas verdes. - 3 Elevadores. - Gimnasio. - Restaurante/Bar en el rooftop con vistas espectaculares. Incluye manteni...",https://img10.naventcdn.com/avisos/18/01/49/63/72/62/720x532/1601748171.jpg?isFirstImage=true; https://img10.naventcdn.com/avisos/18/01/49/63/72/62/720x532/1601748166.jpg; https://img10.naventcdn.com/avisos/18/01/49/63/72/62/720x532/1601748174.jpg; https://img10.naventcdn.com/avisos/18/01/49/63/72/62/720x532/1601748181.jpg; https://img10.naventcdn.com/avisos/18/01/49/63/72/62/720x532/1601748169.jpg; https://img10.naventcdn.com/avisos/18/01/49/63/72/62/720x532/1601748184.jpg; https://img10.naventcdn.com/avisos/18/01/49/63/72/62/720x532/1601748182.jpg; https://img10.naventcdn.com/avisos/18/01/49/63/72/62/720x532/1601748168.jpg,Mexico,Quintana Roo,Tulum,20.186383,-87.4632463,Rent
ABREGO REAL ESTATE,https://www.inmuebles24.com/inmobiliarias/abrego-real-estate_51132699-inmuebles.html,Inmuebles24 (via parse.bot API),https://www.inmuebles24.com/propiedades/clasificado/alclapin-departamento-de-2-recamaras-en-parque-zama-tulum-146790590.html,Departamento de 2 Recámaras en Parque Zama – Tulum,Condo/Apartment,16000,MXN,2,2,95.0,m2,"Ubicado en el corazón de la selva maya, Parque Zama ofrece departamentos de 2 recámaras con diseño boho chic y acceso tipo ""lock-off"", ideales para vivir o invertir. Estos espacios cuentan con cocina integral con barra de granito, aire acondicionado, clósets de mampostería y terraza privada. El desarrollo brinda más de 20 amenidades exclusivas, incluyendo 2 cenotes naturales, albercas, gimnasio, restaurante-bar, área de coworking, solárium, área de yoga y meditación, parque infantil, área de mas...",https://img10.naventcdn.com/avisos/18/01/46/79/05/90/720x532/1540550171.jpg?isFirstImage=true; https://img10.naventcdn.com/avisos/18/01/46/79/05/90/720x532/1540550178.jpg; https://img10.naventcdn.com/avisos/18/01/46/79/05/90/720x532/1540550173.jpg; https://img10.naventcdn.com/avisos/18/01/46/79/05/90/720x532/1540550174.jpg; https://img10.naventcdn.com/avisos/18/01/46/79/05/90/720x532/1540550165.jpg; https://img10.naventcdn.com/avisos/18/01/46/79/05/90/720x532/1540550192.jpg; https://img10.naventcdn.com/avisos/18/01/46/79/05/90/720x532/1540550181.jpg; https://img10.naventcdn.com/avisos/18/01/46/79/05/90/720x532/1540550185.jpg,Mexico,Quintana Roo,Tulum,,,Rent
ID Grupo Inmobiliario,https://www.inmuebles24.com/inmobiliarias/id-grupo-inmobiliario_51318313-inmuebles.html,Inmuebles24 (via parse.bot API),https://www.inmuebles24.com/propiedades/clasificado/alclapin-best-deal!-fully-furnished-2b-apartment-for-rent-in-la-150675611.html,Best Deal! Fully Furnished 2b Apartment For Rent in La Veleta,Condo/Apartment,17000,MXN,2,2,93.0,m2,Renta de departamento amueblado y equipado. $<span class='descripcionDatosAnunciante'><button class='btn btn-link js-verDatos' href='#'>Ver datos</button></span> mxn con mantenimiento (la electricidad se les cobra a parte). Info: <span class='descripcionDatosAnunciante'><button class='btn btn-link js-verDatos' href='#'>Ver datos</button></span>. 93 mt2. 2 recámaras (ambas con balcón cama queen y en la sala hay un sofá cama matrimonial) 2 baños completos. Cocina integral. ️Comedor. ️Sala con tv. ...,https://img10.naventcdn.com/avisos/18/01/50/67/56/11/720x532/1623173080.jpg?isFirstImage=true; https://img10.naventcdn.com/avisos/18/01/50/67/56/11/720x532/1623173078.jpg; https://img10.naventcdn.com/avisos/18/01/50/67/56/11/720x532/1623173072.jpg; https://img10.naventcdn.com/avisos/18/01/50/67/56/11/720x532/1623173076.jpg; https://img10.naventcdn.com/avisos/18/01/50/67/56/11/720x532/1623173066.jpg; https://img10.naventcdn.com/avisos/18/01/50/67/56/11/720x532/1623173068.jpg; https://img10.naventcdn.com/avisos/18/01/50/67/56/11/720x532/1623173069.jpg; https://img10.naventcdn.com/avisos/18/01/50/67/56/11/720x532/1623173081.jpg,Mexico,Quintana Roo,Tulum,20.2036372,-87.4743118,Rent
M7 Grupo Inmobiliario,https://www.inmuebles24.com/inmobiliarias/m7-grupo-inmobiliario_51113597-inmuebles.html,Inmuebles24 (via parse.bot API),https://www.inmuebles24.com/propiedades/clasificado/alclapin-departamento-bahia-principe-tulum-dos-pisos-66057936.html,Departamento Bahía Príncipe Tulum Dos Pisos,Villa,25000,MXN,2,2,100.0,m2,"Hermosa villa bahía príncipe country club pga. Renta largo plazo $30, 000. disponible inmediatamente. - 1 Recamaras king size. - 1 lock off 1 cama king. - 2 Baños (w/c, regadera, lavamanos y closet) - 1 medio baño (w/c y lavamanos) - Cocina (lavajillas, microondas, horno, patilla) totalmente equipada. - Lava/secadora. - Sala/Comedor con sofá cama. - 3 Tvs. - Wifi fibra óptica (necesidades se adapta plan) - bbq terraza y plunge pool. - Roof Top (muebles exteriores y lavabo) - Areas comunes ( 2 al...",https://img10.naventcdn.com/avisos/18/00/66/05/79/36/720x532/1512964269.jpg?isFirstImage=true; https://img10.naventcdn.com/avisos/18/00/66/05/79/36/720x532/1512964271.jpg; https://img10.naventcdn.com/avisos/18/00/66/05/79/36/720x532/1512964260.jpg; https://img10.naventcdn.com/avisos/18/00/66/05/79/36/720x532/1512964267.jpg; https://img10.naventcdn.com/avisos/18/00/66/05/79/36/720x532/1512964265.jpg; https://img10.naventcdn.com/avisos/18/00/66/05/79/36/720x532/1512964268.jpg; https://img10.naventcdn.com/avisos/18/00/66/05/79/36/720x532/1512964266.jpg; https://img10.naventcdn.com/avisos/18/00/66/05/79/36/720x532/1512964259.jpg,Mexico,Quintana Roo,Tulum,20.3688141,-87.3307683,Rent
iad Inmobiliaria,https://www.inmuebles24.com/inmobiliarias/iad-inmobiliaria_50956067-inmuebles.html,Inmuebles24 (via parse.bot API),https://www.inmuebles24.com/propiedades/clasificado/alclapin-departamento-amueblado-en-renta-aldea-zama-tulum-147843602.html,"Departamento Amueblado en Renta Aldea Zama, Tulum",Condo/Apartment,27199,MXN,2,2,118.0,m2,"Ref: 2 6 0 2 4 7. Este exclusivo departamento en renta en Aldea Zama, Tulum, Quintana Roo, es la combinación perfecta de lujo y comodidad. Con una construcción de 118 m2, esta propiedad cuenta con 2 recámaras y 2 baños, perfecta para disfrutar de la tranquilidad y belleza de la Riviera Maya. El departamento está equipado con acabados de lujo y aire acondicionado, además de una cocina completamente equipada para satisfacer las necesidades de sus residentes. Además, Aldea Zama ofrece una variedad ...",https://img10.naventcdn.com/avisos/18/01/47/84/36/02/720x532/1565305865.jpg?isFirstImage=true; https://img10.naventcdn.com/avisos/18/01/47/84/36/02/720x532/1565305866.jpg; https://img10.naventcdn.com/avisos/18/01/47/84/36/02/720x532/1565305850.jpg; https://img10.naventcdn.com/avisos/18/01/47/84/36/02/720x532/1565305861.jpg; https://img10.naventcdn.com/avisos/18/01/47/84/36/02/720x532/1565305856.jpg; https://img10.naventcdn.com/avisos/18/01/47/84/36/02/720x532/1565305854.jpg; https://img10.naventcdn.com/avisos/18/01/47/84/36/02/720x532/1565305871.jpg; https://img10.naventcdn.com/avisos/18/01/47/84/36/02/720x532/1565305869.jpg,Mexico,Quintana Roo,Tulum,20.19958297139231,-87.45403601451982,Rent
CONEXIONES INMOBILIARIAS TULUM,https://www.inmuebles24.com/inmobiliarias/conexiones-inmobiliarias-tulum_50228350-inmuebles.html,Inmuebles24 (via parse.bot API),https://www.inmuebles24.com/propiedades/clasificado/alclapin-departamento-super-elegante-de-2-recamaras-en-renta-en-148474786.html,Departamento Super Elegante de 2 Recamaras en Renta en Aldea Zama,Condo/Apartment,40000,MXN,2,2,200.0,m2,"Ubicado estratégicamente en el corazón de Tulum, Aldea Zamá es más que un desarrollo inmobiliario; es un estilo de vida en armonía con el entorno. Aquí, la arquitectura moderna se fusiona con materiales naturales, creando espacios que invitan a la relajación y la contemplación. Lujoso departamento con alberca privada en primer nivel, ubicado en condominio de solo 7 departamentos. Ideal para quien busca privacidad y tranquilidad. Cuenta con: ︎ Cocina super equipada. ︎ Sala con vista a la terraza ...",https://img10.naventcdn.com/avisos/18/01/48/47/47/86/720x532/1577908877.jpg?isFirstImage=true; https://img10.naventcdn.com/avisos/18/01/48/47/47/86/720x532/1577908880.jpg; https://img10.naventcdn.com/avisos/18/01/48/47/47/86/720x532/1577908878.jpg; https://img10.naventcdn.com/avisos/18/01/48/47/47/86/720x532/1577908870.jpg; https://img10.naventcdn.com/avisos/18/01/48/47/47/86/720x532/1577908881.jpg; https://img10.naventcdn.com/avisos/18/01/48/47/47/86/720x532/1577908879.jpg; https://img10.naventcdn.com/avisos/18/01/48/47/47/86/720x532/1577908873.jpg; https://img10.naventcdn.com/avisos/18/01/48/47/47/86/720x532/1577908869.jpg,Mexico,Quintana Roo,Tulum,20.201393843364674,-87.46190618095095,Rent
LAND BOUTIQUE,https://www.inmuebles24.com/inmobiliarias/land-boutique_50051224-inmuebles.html,Inmuebles24 (via parse.bot API),https://www.inmuebles24.com/propiedades/clasificado/veclapin-departamento-en-tulum-con-alberca-150087952.html,Departamento en Tulum con Alberca,Condo/Apartment,2280000,MXN,1,1,48.0,m2,"1 habitación 1 baño - Departamento. Tulum, México. Departamento tipo estudio, con hermosa decoración, alberca pequeña en la terraza, amplio estudio de 52m2. Se vende amueblado y equipado, actualmente se encuentra rentado. Precio reducido y por debajo del mercado. $2, 280, 000. 00. Dk tulum",https://img10.naventcdn.com/avisos/18/01/50/08/79/52/720x532/1610939461.jpg?isFirstImage=true; https://img10.naventcdn.com/avisos/18/01/50/08/79/52/720x532/1610939455.jpg; https://img10.naventcdn.com/avisos/18/01/50/08/79/52/720x532/1610939447.jpg; https://img10.naventcdn.com/avisos/18/01/50/08/79/52/720x532/1610939452.jpg; https://img10.naventcdn.com/avisos/18/01/50/08/79/52/720x532/1610939454.jpg; https://img10.naventcdn.com/avisos/18/01/50/08/79/52/720x532/1610939460.jpg; https://img10.naventcdn.com/avisos/18/01/50/08/79/52/720x532/1610939456.jpg; https://img10.naventcdn.com/avisos/18/01/50/08/79/52/720x532/1610939459.jpg,Mexico,Quintana Roo,Tulum,20.1980794,-87.4709821,Rent
Century 21 Bahía 26,https://www.inmuebles24.com/inmobiliarias/century-21-bahia-26_102414300-inmuebles.html,Inmuebles24 (via parse.bot API),https://www.inmuebles24.com/propiedades/clasificado/alclapin-departamento-en-renta-region-15-tulum-quintana-roo-146478030.html,"Departamento en Renta, Región 15, Tulum, Quintana Roo",Land/Lot,20000,MXN,2,2,104.0,m2,¡Gran Oportunidad! Departamento en renta amueblado en Tulum. Distribución: • 2 recámaras. • 2 baños completos. • Cocina integral. • Closets en cada recámara. • Bodega. Características: • Superficie: 104 m2. • Forma de Terreno: Regular. • Edad: 4 años. • Régimen de propiedad en condominio. • Piso en el que se encuentra: 1° piso. • Niveles Totales: 3 niveles. • Uso de suelo: Habitacional. Mantenimiento mensual incluido para disfrutar las siguientes amenidades: • Alberca. • Estacionamiento disponib...,https://img10.naventcdn.com/avisos/18/01/46/47/80/30/720x532/1532958479.jpg?isFirstImage=true; https://img10.naventcdn.com/avisos/18/01/46/47/80/30/720x532/1532958472.jpg; https://img10.naventcdn.com/avisos/18/01/46/47/80/30/720x532/1532958475.jpg; https://img10.naventcdn.com/avisos/18/01/46/47/80/30/720x532/1532958473.jpg; https://img10.naventcdn.com/avisos/18/01/46/47/80/30/720x532/1532958466.jpg; https://img10.naventcdn.com/avisos/18/01/46/47/80/30/720x532/1532958481.jpg; https://img10.naventcdn.com/avisos/18/01/46/47/80/30/720x532/1532958463.jpg; https://img10.naventcdn.com/avisos/18/01/46/47/80/30/720x532/1532958477.jpg,Mexico,Quintana Roo,Tulum,20.199020550589086,-87.47166024136963,Rent
Top by Gustavo Pimentel,https://www.inmuebles24.com/inmobiliarias/top-by-gustavo-pimentel_51109485-inmuebles.html,Inmuebles24 (via parse.bot API),https://www.inmuebles24.com/propiedades/clasificado/alclapin-lockoff-penthouse-con-ploungue-pool-tulum-144473873.html,Lockoff Penthouse con Ploungue Pool Tulum,Penthouse,28000,MXN,2,2,142.0,m2,"Estudio en renta en Tulum, relájate y disfruta en este tranquilo oasis. Santal Tulum ofrece estudio en renta en tercer piso con elevador, interior con vista a la piscina y wifi incluido. El estudio cuenta con una distribución de espacios con 142m2 y una bella decoración, tiene aire acondicionado, cama king con balcón y acceso a la piscina en habitación principal y baño completo privado, cocina totalmente equipada con minibar, microondas y cafetera, sala y comedor con Smart tv y medio baño, locko...",https://img10.naventcdn.com/avisos/18/01/44/47/38/73/720x532/1484119992.jpg?isFirstImage=true; https://img10.naventcdn.com/avisos/18/01/44/47/38/73/720x532/1484120001.jpg; https://img10.naventcdn.com/avisos/18/01/44/47/38/73/720x532/1484120006.jpg; https://img10.naventcdn.com/avisos/18/01/44/47/38/73/720x532/1484120012.jpg; https://img10.naventcdn.com/avisos/18/01/44/47/38/73/720x532/1484120002.jpg; https://img10.naventcdn.com/avisos/18/01/44/47/38/73/720x532/1484120003.jpg; https://img10.naventcdn.com/avisos/18/01/44/47/38/73/720x532/1484120014.jpg; https://img10.naventcdn.com/avisos/18/01/44/47/38/73/720x532/1484120008.jpg,Mexico,Quintana Roo,Tulum,20.1968911,-87.4716445,Rent
Claudia Liliana Pereira Freitas,https://www.inmuebles24.com/inmobiliarias/claudia-liliana-pereira-freitas_102584827-inmuebles.html,Inmuebles24 (via parse.bot API),https://www.inmuebles24.com/propiedades/clasificado/alclapin-departamento-en-renta-en-selva-akumal-tulum-150672534.html,Departamento en Renta en Selva Akumal Tulum,Condo/Apartment,23000,MXN,2,2,90.0,m2,"Akumal es un destino paradisíaco en la Riviera Maya, México, conocido por sus playas de arena blanca, aguas turquesa y su fuerte conexión con la naturaleza. Un departamento en esta zona ofrece un estilo de vida relajado y moderno, con características como: Descripción general de un departamento en Akumal: Ubicación privilegiada: Cerca de playas, cenotes, la selva y sitios arqueológicos mayas️ Diseño y arquitectura: Inspiración en el estilo eco-chic, con materiales naturales como madera, piedra y...",https://img10.naventcdn.com/avisos/18/01/50/67/25/34/720x532/1623110945.jpg?isFirstImage=true; https://img10.naventcdn.com/avisos/18/01/50/67/25/34/720x532/1623110946.jpg; https://img10.naventcdn.com/avisos/18/01/50/67/25/34/720x532/1623110949.jpg; https://img10.naventcdn.com/avisos/18/01/50/67/25/34/720x532/1623110947.jpg; https://img10.naventcdn.com/avisos/18/01/50/67/25/34/720x532/1623110948.jpg,Mexico,Quintana Roo,Tulum,20.2168965,-87.4546986,Rent
CONEXIONES INMOBILIARIAS TULUM,https://www.inmuebles24.com/inmobiliarias/conexiones-inmobiliarias-tulum_50228350-inmuebles.html,Inmuebles24 (via parse.bot API),https://www.inmuebles24.com/propiedades/clasificado/alclapin-departamento-en-renta-en-pequeno-condominio-del-area-150806189.html,Departamento en Renta en Pequeño Condominio del Área Comercial en Aldea Zama,Condo/Apartment,11500,MXN,1,1,60.0,m2,"Esta ubicación privilegiada te brindará acceso inmediato a una amplia gama de comodidades y atracciones de la ciudad. Estarás a pocos minutos de las famosas playas de arena blanca y el mar turquesa del Caribe Mexicano, donde podrás relajarte y disfrutar del sol. Este departamento se encuentra en un condominio de solo 3 departamentos. Cuenta con 1 recámara y 1 baño, cocina, sala, una terraza y un cuarto que se puede usar como bodega. El en roof hay una area comun con alberca, camastros, area barb...",https://img10.naventcdn.com/avisos/18/01/50/80/61/89/720x532/1625856294.jpg?isFirstImage=true; https://img10.naventcdn.com/avisos/18/01/50/80/61/89/720x532/1625856296.jpg; https://img10.naventcdn.com/avisos/18/01/50/80/61/89/720x532/1625856298.jpg; https://img10.naventcdn.com/avisos/18/01/50/80/61/89/720x532/1625856297.jpg; https://img10.naventcdn.com/avisos/18/01/50/80/61/89/720x532/1625856287.jpg; https://img10.naventcdn.com/avisos/18/01/50/80/61/89/720x532/1625856308.jpg; https://img10.naventcdn.com/avisos/18/01/50/80/61/89/720x532/1625856291.jpg; https://img10.naventcdn.com/avisos/18/01/50/80/61/89/720x532/1625856302.jpg,Mexico,Quintana Roo,Tulum,20.1991883986,-87.4606115867,Rent
iad Inmobiliaria,https://www.inmuebles24.com/inmobiliarias/iad-inmobiliaria_50956067-inmuebles.html,Inmuebles24 (via parse.bot API),https://www.inmuebles24.com/propiedades/clasificado/alclapin-encantador-departamento-con-pool-garden-en-renta-143373993.html,Encantador Departamento con Pool Garden en Renta,Condo/Apartment,22500,MXN,2,2,95.0,m2,"Ref: 2 0 3 3 9 0. ¡Bienvenido a tu nuevo hogar en Tulum, Quintana Roo! Este confortable departamento en renta con entrega inmediata te ofrece todo lo que necesitas para disfrutar de la vida en el paradisíaco Tulum Pueblo Mágico. Cuenta con 2 recámaras y 2 baños, esta propiedad de 95 m2 de construcción es perfecta para parejas o familias que buscan comodidad y estilo. Residencial Yaaxbeh es una comunidad cerrada de 10 casas con árboles altos y con estacionamiento para un auto, todos los loft y su...",https://img10.naventcdn.com/avisos/18/01/43/37/39/93/720x532/1457299223.jpg?isFirstImage=true; https://img10.naventcdn.com/avisos/18/01/43/37/39/93/720x532/1457299228.jpg; https://img10.naventcdn.com/avisos/18/01/43/37/39/93/720x532/1491340261.jpg; https://img10.naventcdn.com/avisos/18/01/43/37/39/93/720x532/1457299233.jpg; https://img10.naventcdn.com/avisos/18/01/43/37/39/93/720x532/1457299224.jpg; https://img10.naventcdn.com/avisos/18/01/43/37/39/93/720x532/1457299229.jpg; https://img10.naventcdn.com/avisos/18/01/43/37/39/93/720x532/1466915319.jpg; https://img10.naventcdn.com/avisos/18/01/43/37/39/93/720x532/1457299226.jpg,Mexico,Quintana Roo,Tulum,20.211195329626413,-87.47220799483362,Rent
Top by Gustavo Pimentel,https://www.inmuebles24.com/inmobiliarias/top-by-gustavo-pimentel_51109485-inmuebles.html,Inmuebles24 (via parse.bot API),https://www.inmuebles24.com/propiedades/clasificado/alclapin-estudio-en-renta-con-plunge-pool-elements-tulum-146964264.html,Estudio en Renta con Plunge Pool Elements Tulum,Unknown,13000,MXN,1,1,40.0,m2,"Estudio con plunge pool en renta en Tulum, relájate y disfruta en este tranquilo oasis. Elements Tulum ofrece estudio en renta en segundo piso, interior con wifi. El estudio cuenta con una distribución de espacios con 39m2, bella decoración, tiene aire acondicionado, cama king y un sofa, cocina totalmente equipada con minibar, microondas y cafetera, Smart tv y baño completo privado y equipado. En un condominio nuevo con alberca, gym, zona de yoga y más. Información del condominio: Nuestro condom...",https://img10.naventcdn.com/avisos/18/01/46/96/42/64/720x532/1544764648.jpg?isFirstImage=true; https://img10.naventcdn.com/avisos/18/01/46/96/42/64/720x532/1544764652.jpg; https://img10.naventcdn.com/avisos/18/01/46/96/42/64/720x532/1544764664.jpg; https://img10.naventcdn.com/avisos/18/01/46/96/42/64/720x532/1544764669.jpg; https://img10.naventcdn.com/avisos/18/01/46/96/42/64/720x532/1544764660.jpg; https://img10.naventcdn.com/avisos/18/01/46/96/42/64/720x532/1544764659.jpg; https://img10.naventcdn.com/avisos/18/01/46/96/42/64/720x532/1544764662.jpg; https://img10.naventcdn.com/avisos/18/01/46/96/42/64/720x532/1544764653.jpg,Mexico,Quintana Roo,Tulum,20.1814342,-87.4608992,Rent
M7 Grupo Inmobiliario,https://www.inmuebles24.com/inmobiliarias/m7-grupo-inmobiliario_51113597-inmuebles.html,Inmuebles24 (via parse.bot API),https://www.inmuebles24.com/propiedades/clasificado/alclapin-departamento-en-renta-tulum-country-club-66057896.html,Departamento en Renta Tulum Country Club,Villa,27000,MXN,2,2,100.0,m2,"Vive en el mejor fraccionamiento privado de Tulum, con la mejor seguridad, el mejor campo de golf y el mejor beach club. Encontrarás la casa club, canchas de tenis, y mucho más. Hermosa villa en tulum country club. renta largo plazo $27, 000. - 1 Recamaras king size. - 1 lock off 2 camas matrimoniales. - 2 Baños (w/c, regadera, lavamanos y closet) - 1 medio baño (w/c y lavamanos) - Cocina (lavajillas, microondas, horno, patilla) totalmente equipada. - Lava/secadora. - Sala/Comedor con sofá cama....",https://img10.naventcdn.com/avisos/18/00/66/05/78/96/720x532/356044612.jpg?isFirstImage=true; https://img10.naventcdn.com/avisos/18/00/66/05/78/96/720x532/356044618.jpg; https://img10.naventcdn.com/avisos/18/00/66/05/78/96/720x532/354098389.jpg; https://img10.naventcdn.com/avisos/18/00/66/05/78/96/720x532/356044610.jpg; https://img10.naventcdn.com/avisos/18/00/66/05/78/96/720x532/354098391.jpg; https://img10.naventcdn.com/avisos/18/00/66/05/78/96/720x532/356044605.jpg; https://img10.naventcdn.com/avisos/18/00/66/05/78/96/720x532/356044607.jpg; https://img10.naventcdn.com/avisos/18/00/66/05/78/96/720x532/356044611.jpg,Mexico,Quintana Roo,Tulum,20.3688141,-87.3307683,Rent
iad Inmobiliaria,https://www.inmuebles24.com/inmobiliarias/iad-inmobiliaria_50956067-inmuebles.html,Inmuebles24 (via parse.bot API),https://www.inmuebles24.com/propiedades/clasificado/alclapin-estudio-tipo-loft-con-roof-garden-en-renta!-143333586.html,Estudio Tipo Loft con Roof Garden en Renta!,Condo/Apartment,20000,MXN,1,1,80.0,m2,"Ref: 2 0 3 4 6 8. Este funcional y moderno Estudio tipo loft en el centro de Tulum, es ideal para aquellos que buscan práctico y exclusivo espacio para vivir en Tulum. Con una superficie de 80 m2 de construcción, este confortable departamento en renta cuenta con cama king size, un baño completo, cocineta equipada con todo lo necesario para una estancia cómoda y con estilo. Tiene roof garden privado con mini pool, perfecto para relajarse y refrescarse al aire libre. Cuenta también con aire acondi...",https://img10.naventcdn.com/avisos/18/01/43/33/35/86/720x532/1479913786.jpg?isFirstImage=true; https://img10.naventcdn.com/avisos/18/01/43/33/35/86/720x532/1456150626.jpg; https://img10.naventcdn.com/avisos/18/01/43/33/35/86/720x532/1467154296.jpg; https://img10.naventcdn.com/avisos/18/01/43/33/35/86/720x532/1486190194.jpg; https://img10.naventcdn.com/avisos/18/01/43/33/35/86/720x532/1486190193.jpg; https://img10.naventcdn.com/avisos/18/01/43/33/35/86/720x532/1456150628.jpg; https://img10.naventcdn.com/avisos/18/01/43/33/35/86/720x532/1456150625.jpg; https://img10.naventcdn.com/avisos/18/01/43/33/35/86/720x532/1456150624.jpg,Mexico,Quintana Roo,Tulum,20.211706162391867,-87.47172274192081,Rent
ABREGO REAL ESTATE,https://www.inmuebles24.com/inmobiliarias/abrego-real-estate_51132699-inmuebles.html,Inmuebles24 (via parse.bot API),https://www.inmuebles24.com/propiedades/clasificado/alclapin-departamento-de-1-habitacion-en-renta-en-aldea-zama-148874011.html,Departamento de 1 Habitación en Renta en Aldea Zama,Condo/Apartment,14000,MXN,1,1,80.0,m2,"Departamento amueblado en renta en Aldea Zama, Tulum. Cuenta con 80 m² de superficie construida, ideal para disfrutar del confort y la tranquilidad. Dispone de 1 habitación, 1 baño, estudio, área de lavado y balcón. Incluye línea blanca, aire acondicionado e internet/wifi. El departamento cuenta con patio, terraza, asador y jardín privado, perfecto para relajarse al aire libre. Además, el conjunto ofrece amenidades como alberca, gimnasio, jacuzzi y caseta de guardia con seguridad privada, así co...",https://img10.naventcdn.com/avisos/18/01/48/87/40/11/720x532/1586099971.jpg?isFirstImage=true; https://img10.naventcdn.com/avisos/18/01/48/87/40/11/720x532/1586099968.jpg; https://img10.naventcdn.com/avisos/18/01/48/87/40/11/720x532/1586099960.jpg; https://img10.naventcdn.com/avisos/18/01/48/87/40/11/720x532/1586099966.jpg; https://img10.naventcdn.com/avisos/18/01/48/87/40/11/720x532/1586099961.jpg; https://img10.naventcdn.com/avisos/18/01/48/87/40/11/720x532/1586099969.jpg; https://img10.naventcdn.com/avisos/18/01/48/87/40/11/720x532/1586099975.jpg; https://img10.naventcdn.com/avisos/18/01/48/87/40/11/720x532/1586099973.jpg,Mexico,Quintana Roo,Tulum,20.1997998,-87.454707,Rent
Pulppo,https://www.inmuebles24.com/inmobiliarias/pulppo_50827089-inmuebles.html,Inmuebles24 (via parse.bot API),https://www.inmuebles24.com/propiedades/clasificado/alclapin-departamento-en-renta-en-tulum-150446689.html,Departamento en Renta en Tulum,Condo/Apartment,3034500,MXN,1,1,40.0,m2,"[djk-029] Departamento en venta en Tulum cuenta con 1 recámara, 1 baño y 1 estacionamiento. La superficie total es de 40 m2, con una superficie techada de 33. 5 m2 y una superficie sin techar de 6. 5 m2. Se encuentra en excelente estado. Ubicada en la Calle Gama Oriente, esta propiedad es ideal para quienes buscan un lugar acogedor y funcional en una de las zonas más atractivas de Tulum. Con una distribución eficiente y espacios bien aprovechados, esta propiedad es perfecta para quienes valoran ...",https://img10.naventcdn.com/avisos/18/01/50/44/66/89/720x532/1618278329.jpg?isFirstImage=true; https://img10.naventcdn.com/avisos/18/01/50/44/66/89/720x532/1618278436.jpg; https://img10.naventcdn.com/avisos/18/01/50/44/66/89/720x532/1618278498.jpg; https://img10.naventcdn.com/avisos/18/01/50/44/66/89/720x532/1618278301.jpg; https://img10.naventcdn.com/avisos/18/01/50/44/66/89/720x532/1618278347.jpg; https://img10.naventcdn.com/avisos/18/01/50/44/66/89/720x532/1618278288.jpg; https://img10.naventcdn.com/avisos/18/01/50/44/66/89/720x532/1618278359.jpg; https://img10.naventcdn.com/avisos/18/01/50/44/66/89/720x532/1618278462.jpg,Mexico,Quintana Roo,Tulum,20.2104156,-87.454847,Rent
iad Inmobiliaria,https://www.inmuebles24.com/inmobiliarias/iad-inmobiliaria_50956067-inmuebles.html,Inmuebles24 (via parse.bot API),https://www.inmuebles24.com/propiedades/clasificado/alclapin-estudio-amueblado-en-renta-con-terraza-en-la-veleta-149632133.html,Estudio Amueblado en Renta con Terraza en La Veleta Tulum,Condo/Apartment,12500,MXN,1,1,50.0,m2,"Ref: 2 8 9 5 3 8. Bienvenido a este hermoso departamento en renta a estrenar con entrega inmediata en La Veleta, Tulum. Con una recámara, un baño y 50 m2 de construcción, esta propiedad amueblada es perfecta para aquellos que buscan comodidad y lujo en un entorno tranquilo y seguro. Además, se aceptan mascotas, por lo que podrás disfrutar de la compañía con tus seres queridos. Este funsional estudio es totalmente amueblado cuenta con cocineta equipada, aire acondicionado, piso de cerámica, terra...",https://img10.naventcdn.com/avisos/18/01/49/63/21/33/720x532/1601653201.jpg?isFirstImage=true; https://img10.naventcdn.com/avisos/18/01/49/63/21/33/720x532/1601653188.jpg; https://img10.naventcdn.com/avisos/18/01/49/63/21/33/720x532/1601653191.jpg; https://img10.naventcdn.com/avisos/18/01/49/63/21/33/720x532/1601653198.jpg; https://img10.naventcdn.com/avisos/18/01/49/63/21/33/720x532/1601653192.jpg; https://img10.naventcdn.com/avisos/18/01/49/63/21/33/720x532/1601653194.jpg; https://img10.naventcdn.com/avisos/18/01/49/63/21/33/720x532/1601653186.jpg; https://img10.naventcdn.com/avisos/18/01/49/63/21/33/720x532/1601653184.jpg,Mexico,Quintana Roo,Tulum,20.1954043,-87.47655929999999,Rent
GRUPO 10BR,https://www.inmuebles24.com/inmobiliarias/grupo-10br_51139571-inmuebles.html,Inmuebles24 (via parse.bot API),https://www.inmuebles24.com/propiedades/clasificado/veclapin-estudio-en-renta-o-venta-en-coba-gardens-tulum-147916960.html,Estudio en Renta o Venta en Coba Gardens – Tulum,Unknown,1695000,MXN,1,1,40.0,m2,"Vive el encanto de Tulum con todas las comodidades modernas en Coba Gardens, un exclusivo condominio diseñado para disfrutar la tranquilidad y el confort en un entorno natural. Este acogedor estudio de 40 m² cuenta con espacios bien distribuidos y acabados contemporáneos, ideal para una persona o pareja. Características: 1 baño completo. 1 Estudio. 40 m² Estacionamiento dentro del condominio (no asignado) Gimnasio. Sauna. Seguridad 24 h. Renta: $10, 000 mxn mensuales. Venta: $2, 500, 000 mxn. Ub...",https://img10.naventcdn.com/avisos/18/01/47/91/69/60/720x532/1566769196.jpg?isFirstImage=true; https://img10.naventcdn.com/avisos/18/01/47/91/69/60/720x532/1566769187.jpg; https://img10.naventcdn.com/avisos/18/01/47/91/69/60/720x532/1566769183.jpg; https://img10.naventcdn.com/avisos/18/01/47/91/69/60/720x532/1566769179.jpg; https://img10.naventcdn.com/avisos/18/01/47/91/69/60/720x532/1566769186.jpg; https://img10.naventcdn.com/avisos/18/01/47/91/69/60/720x532/1566769182.jpg; https://img10.naventcdn.com/avisos/18/01/47/91/69/60/720x532/1566769188.jpg; https://img10.naventcdn.com/avisos/18/01/47/91/69/60/720x532/1566769180.jpg,Mexico,Quintana Roo,Tulum,20.2171879,-87.4544184,Rent
NEST SEEKERS RIVIERA MAYA,https://www.inmuebles24.com/inmobiliarias/nest-seekers-riviera-maya_102831014-inmuebles.html,Inmuebles24 (via parse.bot API),https://www.inmuebles24.com/propiedades/clasificado/veclapin-el-lifestyle-de-tulum-en-su-maxima-expresion-149353507.html,El Lifestyle de Tulum en Su Máxima Expresión | Residencia Exclusiva en Aldea Zama,Condo/Apartment,10000000,MXN,2,2,130.0,m2,"Ubicado en Aldea Zama una de las zonas residenciales más exclusivas de Tulum. Este departamento de 2 recámaras en Amelia Tulum ofrece una combinación. excepcional de diseño, confort y potencial de inversión. Diseñado por el reconocido despacho Sordo Madaleno Arquitectos, cuenta con 200 m2. totales (130 m2 interiores + 70 m2 de terraza), con espacios abiertos y luminosos que. conectan de manera natural con una espectacular terraza privada con alberca, inmersa en un entorno natural. Este desarroll...",https://img10.naventcdn.com/avisos/18/01/49/35/35/07/720x532/1595706606.jpg?isFirstImage=true; https://img10.naventcdn.com/avisos/18/01/49/35/35/07/720x532/1595706607.jpg; https://img10.naventcdn.com/avisos/18/01/49/35/35/07/720x532/1595706603.jpg; https://img10.naventcdn.com/avisos/18/01/49/35/35/07/720x532/1595706605.jpg; https://img10.naventcdn.com/avisos/18/01/49/35/35/07/720x532/1595706599.jpg; https://img10.naventcdn.com/avisos/18/01/49/35/35/07/720x532/1595706608.jpg; https://img10.naventcdn.com/avisos/18/01/49/35/35/07/720x532/1595706601.jpg; https://img10.naventcdn.com/avisos/18/01/49/35/35/07/720x532/1595706597.jpg,Mexico,Quintana Roo,Tulum,20.2008797,-87.454927,Rent
iad Inmobiliaria,https://www.inmuebles24.com/inmobiliarias/iad-inmobiliaria_50956067-inmuebles.html,Inmuebles24 (via parse.bot API),https://www.inmuebles24.com/propiedades/clasificado/alclapin-dpto.-en-renta-en-fraccionamiento-aldea-tulum-149712747.html,Dpto. en Renta en Fraccionamiento Aldea Tulum,Unknown,6000,MXN,2,1,49.0,m2,"Ref: 2 9 6 7 5 9. Dpto. En Renta en Fraccionamiento Aldea TulumUbicado en Aldea Tulum, fraccionamiento con una ubicación privilegiada, cerca del Mar y la Selva. precio de renta: 6. 000 pesos con Mantenimiento incluido. Disponible en renta largo plazo. A 10 minutos de las hermosas Palaya de Tulum. A 8 min del Centro de Tulum. Cerca de cenotes Zamna, Escondido y Corazón. Cerca de laguna Kaan Luum. Cuenta con: 2 recámaras con closet y Aire Acondicionado c/u. 1 Baño completo con cancel de vidrio tem...",https://img10.naventcdn.com/avisos/18/01/49/71/27/47/720x532/1603272315.jpg?isFirstImage=true; https://img10.naventcdn.com/avisos/18/01/49/71/27/47/720x532/1603272384.jpg; https://img10.naventcdn.com/avisos/18/01/49/71/27/47/720x532/1603272335.jpg; https://img10.naventcdn.com/avisos/18/01/49/71/27/47/720x532/1603272388.jpg; https://img10.naventcdn.com/avisos/18/01/49/71/27/47/720x532/1603272338.jpg; https://img10.naventcdn.com/avisos/18/01/49/71/27/47/720x532/1603272343.jpg; https://img10.naventcdn.com/avisos/18/01/49/71/27/47/720x532/1603272346.jpg; https://img10.naventcdn.com/avisos/18/01/49/71/27/47/720x532/1603272313.jpg,Mexico,Quintana Roo,Tulum,20.19520779999999,-87.5290761,Rent
GRUPO 10BR,https://www.inmuebles24.com/inmobiliarias/grupo-10br_51139571-inmuebles.html,Inmuebles24 (via parse.bot API),https://www.inmuebles24.com/propiedades/clasificado/veclapin-departamento-de-140-m-sup2--con-2-recamaras-en-venta-149534175.html,Departamento de 140 m&sup2; con 2 Recámaras en Venta Renta y Temporal en Tulum,Land/Lot,6500000,MXN,2,3,140.0,m2,"Departamento disponible en venta, renta y temporal en Tulum. Esta propiedad de 140 m2 de superficie construida y 160 m2 de terreno cuenta con un diseño funcional de excelente estado de conservación, distribuido en una amplia estancia, cocina integral equipada, estudio independiente, 2 recámaras con clóset y 3 baños completos. El interior está amueblado y equipado con aire acondicionado, además de un área de lavado práctica. En el exterior, la propiedad dispone de patio privado, asador y 1 cajón ...",https://img10.naventcdn.com/avisos/18/01/49/53/41/75/720x532/1599454058.jpg?isFirstImage=true; https://img10.naventcdn.com/avisos/18/01/49/53/41/75/720x532/1599454070.jpg; https://img10.naventcdn.com/avisos/18/01/49/53/41/75/720x532/1599454060.jpg; https://img10.naventcdn.com/avisos/18/01/49/53/41/75/720x532/1599454059.jpg; https://img10.naventcdn.com/avisos/18/01/49/53/41/75/720x532/1599454068.jpg; https://img10.naventcdn.com/avisos/18/01/49/53/41/75/720x532/1599454054.jpg; https://img10.naventcdn.com/avisos/18/01/49/53/41/75/720x532/1599454063.jpg; https://img10.naventcdn.com/avisos/18/01/49/53/41/75/720x532/1599454055.jpg,Mexico,Quintana Roo,Tulum,20.2023507,-87.4750257,Rent
VEAMOS Bienes Raíces,https://www.inmuebles24.com/inmobiliarias/veamos-bienes-raices_666127-inmuebles.html,Inmuebles24 (via parse.bot API),https://www.inmuebles24.com/propiedades/clasificado/alclapin-departamento-en-renta-en-tulum-amueblado-150684592.html,Departamento en Renta en Tulum Amueblado,Condo/Apartment,16000,MXN,,1,70.0,m2,"Departamento en residences: loft de lujo 70M² en el corazón de luum zama, tulum. Vive en Miraluna Residences, el desarrollo más exclusivo dentro de Luum Zama. Loft totalmente amueblado y equipado de 70m² con disponibilidad inmediata. Listo para habitar. - *Recámara King Size* con aire acondicionado. - Sala con sofá cama + Smart tv. - Cocina completa equipada + comedor. - Baño de lujo con acabados premium. - *70m² de lujo funcional tipo loft* Cero inversión extra. Llega con tu maleta o empieza a ...",https://img10.naventcdn.com/avisos/18/01/50/68/45/92/720x532/1623344868.jpg?isFirstImage=true; https://img10.naventcdn.com/avisos/18/01/50/68/45/92/720x532/1623344875.jpg; https://img10.naventcdn.com/avisos/18/01/50/68/45/92/720x532/1623344871.jpg; https://img10.naventcdn.com/avisos/18/01/50/68/45/92/720x532/1623344865.jpg; https://img10.naventcdn.com/avisos/18/01/50/68/45/92/720x532/1623344872.jpg; https://img10.naventcdn.com/avisos/18/01/50/68/45/92/720x532/1623344861.jpg; https://img10.naventcdn.com/avisos/18/01/50/68/45/92/720x532/1623344877.jpg; https://img10.naventcdn.com/avisos/18/01/50/68/45/92/720x532/1623344864.jpg,Mexico,Quintana Roo,Tulum,20.1997998,-87.454707,Rent
CONEXIONES INMOBILIARIAS TULUM,https://www.inmuebles24.com/inmobiliarias/conexiones-inmobiliarias-tulum_50228350-inmuebles.html,Inmuebles24 (via parse.bot API),https://www.inmuebles24.com/propiedades/clasificado/alclapin-amplio-departamento-en-renta-con-terraza-aldea-zama-150757119.html,Amplio Departamento en Renta con Terraza Aldea Zama Tulum,Condo/Apartment,19000,MXN,2,2,123.0,m2,"Departamento en renta para 6/12 meses, ubicado Aldea Zama Tulum. Este increíble departamento cuenta con cocina, sala, dos recámaras, dos baños, centro de lavado y una terraza habitable, ofreciendo un espacio perfecto para aquellos que buscan comodidad y espacios grandes. El diseño del departamento ha sido cuidadosamente planificado para combinar la estética moderna con elementos naturales, aprovechando al máximo la luz natural y los materiales locales. Los espacios abiertos y las amplias ventana...",https://img10.naventcdn.com/avisos/18/01/50/75/71/19/720x532/1624809571.jpg?isFirstImage=true; https://img10.naventcdn.com/avisos/18/01/50/75/71/19/720x532/1624809574.jpg; https://img10.naventcdn.com/avisos/18/01/50/75/71/19/720x532/1624809566.jpg; https://img10.naventcdn.com/avisos/18/01/50/75/71/19/720x532/1624809577.jpg; https://img10.naventcdn.com/avisos/18/01/50/75/71/19/720x532/1624809561.jpg; https://img10.naventcdn.com/avisos/18/01/50/75/71/19/720x532/1624809564.jpg; https://img10.naventcdn.com/avisos/18/01/50/75/71/19/720x532/1624809576.jpg; https://img10.naventcdn.com/avisos/18/01/50/75/71/19/720x532/1624809565.jpg,Mexico,Quintana Roo,Tulum,20.2026882994,-87.4562158078,Rent
Valentina,https://www.inmuebles24.com/inmobiliarias/valentina_102581915-inmuebles.html,Inmuebles24 (via parse.bot API),https://www.inmuebles24.com/propiedades/clasificado/alclapin-estudio-en-tulum-cerca-al-mar-150813442.html,Estudio en Tulum Cerca Al Mar,Condo/Apartment,15000,MXN,1,1,50.0,m2,"Great studio apartment for sale in La VeletaIt is delivered fully equipped and furnished with furniture and decoration of excellent taste. In the perfect La Coordenada condominium, which is located between the hotel zone and the center and super close to the beach. Much added value and return in vacation rentals, or fixed income. The apartment is practically newa bedroom and living room. Double bed in the bedroom and sofa bed in the room that sleeps 4 people. 1 large full bathroomKitchenetteStor...",https://img10.naventcdn.com/avisos/18/01/50/81/34/42/720x532/1625996368.jpg?isFirstImage=true; https://img10.naventcdn.com/avisos/18/01/50/81/34/42/720x532/1625995862.jpg; https://img10.naventcdn.com/avisos/18/01/50/81/34/42/720x532/1625996169.jpg; https://img10.naventcdn.com/avisos/18/01/50/81/34/42/720x532/1625996109.jpg; https://img10.naventcdn.com/avisos/18/01/50/81/34/42/720x532/1625995821.jpg; https://img10.naventcdn.com/avisos/18/01/50/81/34/42/720x532/1625996292.jpg; https://img10.naventcdn.com/avisos/18/01/50/81/34/42/720x532/1625996031.jpg; https://img10.naventcdn.com/avisos/18/01/50/81/34/42/720x532/1625996322.jpg,Mexico,Quintana Roo,Tulum,20.2004101,-87.4674152,Rent
iad Inmobiliaria,https://www.inmuebles24.com/inmobiliarias/iad-inmobiliaria_50956067-inmuebles.html,Inmuebles24 (via parse.bot API),https://www.inmuebles24.com/propiedades/clasificado/alclapin-estudio-amueblado-en-renta-en-espectacular-condo-en-147526886.html,Estudio Amueblado en Renta en Espectacular Condo en Tulum,Condo/Apartment,12500,MXN,1,1,45.0,m2,"Ref: 2 5 7 7 6 6. ¡No pierdas la oportunidad de disfrutar tú estancia en este encantador estudio en renta en la región 15 a sólo 10 minutos de la zona hotelera de Tulum. Con una acogedor dormitorio con king size, estacia comedor, cocineta equipada, moderno baño, con acabados de lujoy terraza con plunge in privado! Con sus 45 m2 de construcción; totalmente amueblado te comodidad y estilo en un entorno condominal con excelentes amenidades comunalespara consentirte. Atención de recepción con Consir...",https://img10.naventcdn.com/avisos/18/01/47/52/68/86/720x532/1558626890.jpg?isFirstImage=true; https://img10.naventcdn.com/avisos/18/01/47/52/68/86/720x532/1558626889.jpg; https://img10.naventcdn.com/avisos/18/01/47/52/68/86/720x532/1558626892.jpg; https://img10.naventcdn.com/avisos/18/01/47/52/68/86/720x532/1558626885.jpg; https://img10.naventcdn.com/avisos/18/01/47/52/68/86/720x532/1558626891.jpg; https://img10.naventcdn.com/avisos/18/01/47/52/68/86/720x532/1558626886.jpg; https://img10.naventcdn.com/avisos/18/01/47/52/68/86/720x532/1558626887.jpg; https://img10.naventcdn.com/avisos/18/01/47/52/68/86/720x532/1558626893.jpg,Mexico,Quintana Roo,Tulum,20.18214549999999,-87.46171289999998,Rent
BLUE PALM REAL ESTATE,https://www.inmuebles24.com/inmobiliarias/blue-palm-real-estate_51152291-inmuebles.html,Inmuebles24 (via parse.bot API),https://www.inmuebles24.com/propiedades/clasificado/alclapin-departamento-espacioso-bien-distribuido-y-con-147521638.html,"Departamento Espacioso, Bien Distribuido y con Excelentes Amenidades.",Condo/Apartment,18000,MXN,2,2,75.0,m2,Características / Features: -2 recámaras con baños completos / 2 bedrooms with full bathrooms. -Sala y comedor / Living and dining room. -Cocina equipada / Fully equipped kitchen. -Minisplits y ventiladores en todas las áreas / Minisplits & ceiling fans throughout. -Centro de lavado / Laundry center. -Calentador de agua / Water heater. Internet del condominio incluido / Condo internet included. Amenidades / Amenities: Alberca / Swimming pool. Gimnasio / Gym. *opcion A venta*,https://img10.naventcdn.com/avisos/18/01/47/52/16/38/720x532/1558502223.jpg?isFirstImage=true; https://img10.naventcdn.com/avisos/18/01/47/52/16/38/720x532/1558502216.jpg; https://img10.naventcdn.com/avisos/18/01/47/52/16/38/720x532/1558502212.jpg; https://img10.naventcdn.com/avisos/18/01/47/52/16/38/720x532/1558502213.jpg; https://img10.naventcdn.com/avisos/18/01/47/52/16/38/720x532/1558502214.jpg; https://img10.naventcdn.com/avisos/18/01/47/52/16/38/720x532/1558502222.jpg; https://img10.naventcdn.com/avisos/18/01/47/52/16/38/720x532/1558502220.jpg; https://img10.naventcdn.com/avisos/18/01/47/52/16/38/720x532/1558502219.jpg,Mexico,Quintana Roo,Tulum,20.207185154336507,-87.47613954507446,Rent
CONEXIONES INMOBILIARIAS TULUM,https://www.inmuebles24.com/inmobiliarias/conexiones-inmobiliarias-tulum_50228350-inmuebles.html,Inmuebles24 (via parse.bot API),https://www.inmuebles24.com/propiedades/clasificado/alclapin-estudio-en-renta-en-aldea-savia-increibles-amenidades-148542315.html,Estudio en Renta en Aldea Savia Increíbles Amenidades,Unknown,11500,MXN,,1,52.0,m2,"Estudio en Aldea Savia en segundo nivel, cuenta con cocina, aire acondicionado, baño con regadera y sofá cama. Situado en Aldea Savia, comunidad residencial privada al sur de Tulum con ubicación estratégica conectada fácilmente con las varias zonas de Tulum, Aldea Savia cuenta con muchas amenidades entre ellas: • Alberca solo para adultos y solo para niños. • Alberca con carrill de nado. • 2 gymnasios. • Área para fiestas familiares. • Asadores. • Sala co-working. • Parque para mascotas. • Áreas...",https://img10.naventcdn.com/avisos/18/01/48/54/23/15/720x532/1579313879.jpg?isFirstImage=true; https://img10.naventcdn.com/avisos/18/01/48/54/23/15/720x532/1579313867.jpg; https://img10.naventcdn.com/avisos/18/01/48/54/23/15/720x532/1579313883.jpg; https://img10.naventcdn.com/avisos/18/01/48/54/23/15/720x532/1579313878.jpg; https://img10.naventcdn.com/avisos/18/01/48/54/23/15/720x532/1579313872.jpg; https://img10.naventcdn.com/avisos/18/01/48/54/23/15/720x532/1579313880.jpg; https://img10.naventcdn.com/avisos/18/01/48/54/23/15/720x532/1579313876.jpg; https://img10.naventcdn.com/avisos/18/01/48/54/23/15/720x532/1579313871.jpg,Mexico,Quintana Roo,Tulum,20.21262092478446,-87.48265118042603,Rent
MARIA TERESA ALVARADO ESQUIVEL,https://www.inmuebles24.com/inmobiliarias/maria-teresa-alvarado-esquivel_726398-inmuebles.html,Inmuebles24 (via parse.bot API),https://www.inmuebles24.com/propiedades/clasificado/alclapin-renta-hermoso-departamento-en-zona-hotelera-tulum-147779199.html,Renta Hermoso Departamento en Zona Hotelera Tulum,Condo/Apartment,40000,MXN,2,2,110.0,m2,"Vive el encanto de Tulum en este exclusivo departamento ubicado dentro de Amira District, uno de los complejos residenciales más modernos y completos de la zona hotelera. Disponible para renta a largo plazo (6 a 12 meses). Características del departamento. 2 Habitaciones con camas King Size. 2 Baños completos. Cocina integral muy amplia. Sala / comedor. Terraza privada con jacuzzi y vista a la jungla. Roof Top con piscina y vistas panorámicas frente al mar. Caja de seguridad. 2 tvs + Wifi. Ameni...",https://img10.naventcdn.com/avisos/18/01/47/77/91/99/720x532/1564001232.jpg?isFirstImage=true; https://img10.naventcdn.com/avisos/18/01/47/77/91/99/720x532/1564001236.jpg; https://img10.naventcdn.com/avisos/18/01/47/77/91/99/720x532/1564001242.jpg; https://img10.naventcdn.com/avisos/18/01/47/77/91/99/720x532/1564001245.jpg; https://img10.naventcdn.com/avisos/18/01/47/77/91/99/720x532/1564001240.jpg; https://img10.naventcdn.com/avisos/18/01/47/77/91/99/720x532/1564001237.jpg; https://img10.naventcdn.com/avisos/18/01/47/77/91/99/720x532/1564001235.jpg; https://img10.naventcdn.com/avisos/18/01/47/77/91/99/720x532/1564001231.jpg,Mexico,Quintana Roo,Tulum,,,Rent
Propiedadesmx,https://www.inmuebles24.com/inmobiliarias/propiedadesmx_50085528-inmuebles.html,Inmuebles24 (via parse.bot API),https://www.inmuebles24.com/propiedades/clasificado/alclapin-loft-plus-de-doble-altura-amueblado-en-mistiq-temple-149651843.html,"Loft Plus de Doble Altura Amueblado en Mistiq Temple II, Tulum",Unknown,25000,MXN,1,1,92.0,m2,"Exclusivo Loft Plus en el Caribe Mexicano en Renta– Doble altura con vista selvática. Disfruta de un estilo de vida único en este elegante Loft Plus de doble altura, totalmente amueblado y equipado con acabados de lujo, ubicado en un entorno natural privilegiado. Características del loft: Amplia estancia y comedor. Cocina moderna con barra de cuarzo. 1 recámara espaciosa con closet. Aire acondicionado en todas las áreas. tv de 75” en sala y tv de 55” en recámara. Alberca privada. 1 lugar de esta...",https://img10.naventcdn.com/avisos/18/01/49/65/18/43/720x532/1602037422.jpg?isFirstImage=true; https://img10.naventcdn.com/avisos/18/01/49/65/18/43/720x532/1602037425.jpg; https://img10.naventcdn.com/avisos/18/01/49/65/18/43/720x532/1602037427.jpg; https://img10.naventcdn.com/avisos/18/01/49/65/18/43/720x532/1602037412.jpg; https://img10.naventcdn.com/avisos/18/01/49/65/18/43/720x532/1602037423.jpg; https://img10.naventcdn.com/avisos/18/01/49/65/18/43/720x532/1602037419.jpg; https://img10.naventcdn.com/avisos/18/01/49/65/18/43/720x532/1602037424.jpg; https://img10.naventcdn.com/avisos/18/01/49/65/18/43/720x532/1602037426.jpg,Mexico,Quintana Roo,Tulum,20.180869,-87.4623329,Rent
GRUPO VALUA,https://www.inmuebles24.com/inmobiliarias/grupo-valua_31558-inmuebles.html,Inmuebles24 (via parse.bot API),https://www.inmuebles24.com/propiedades/clasificado/veclapin-departamento-condominio-prana-aldea-zama.-tulum-56508057.html,"Departamento Condominio Prana, Aldea Zama. Tulum, Quintana Roo",Condo/Apartment,2990000,MXN,2,2,110.0,m2,"2 recamaras, 2 Y 1/2 baños, sala comedor, balcón, cocina integral, en primer nivel, dentro del condominio prana, cuenta con la alberca mas larga de tulum. Posible toma de propiedad A cuenta. Posible toma A cuenta de automoviles Y propiedades en jalisco.",https://img10.naventcdn.com/avisos/18/00/56/50/80/57/720x532/131905035.jpg?isFirstImage=true; https://img10.naventcdn.com/avisos/18/00/56/50/80/57/720x532/131905037.jpg; https://img10.naventcdn.com/avisos/18/00/56/50/80/57/720x532/131905029.jpg; https://img10.naventcdn.com/avisos/18/00/56/50/80/57/720x532/131905025.jpg; https://img10.naventcdn.com/avisos/18/00/56/50/80/57/720x532/131905026.jpg; https://img10.naventcdn.com/avisos/18/00/56/50/80/57/720x532/131906569.jpg; https://img10.naventcdn.com/avisos/18/00/56/50/80/57/720x532/131905022.jpg; https://img10.naventcdn.com/avisos/18/00/56/50/80/57/720x532/131905031.jpg,Mexico,Quintana Roo,Tulum,20.200281359562375,-87.45643959305475,Rent
TIQUE HOME,https://www.inmuebles24.com/inmobiliarias/tique-home_102464654-inmuebles.html,Inmuebles24 (via parse.bot API),https://www.inmuebles24.com/propiedades/clasificado/veclapin-departamento-aldea-zama-en-venta-o-permuta-oceano-146657123.html,Departamento Aldea Zama en Venta o Permuta Océano Tulum Quintana Roo,Condo/Apartment,4000000,MXN,2,2,189.0,m2,Departamento de Lujo en Condominio Océano Tulum en Quintana Roo. Sala. Comedor. Cocina integral. 2 Habitaciones. 2 Baños. Planta baja. 1 Estacionamiento. 190 m de construcción. Alberca. Se aceptan mascotas. Obsequio amueblado y mantenimiento incluido para renta o venta! Requisitos: 1 mes de renta. 1 depósito. 1 aval con bien inmueble. Contrato mínimo 1 año. Sino cuenta con aval se requieren dos depósitos.,https://img10.naventcdn.com/avisos/18/01/46/65/71/23/720x532/1537213417.jpg?isFirstImage=true; https://img10.naventcdn.com/avisos/18/01/46/65/71/23/720x532/1537213418.jpg; https://img10.naventcdn.com/avisos/18/01/46/65/71/23/720x532/1537213421.jpg; https://img10.naventcdn.com/avisos/18/01/46/65/71/23/720x532/1537213413.jpg; https://img10.naventcdn.com/avisos/18/01/46/65/71/23/720x532/1537213416.jpg; https://img10.naventcdn.com/avisos/18/01/46/65/71/23/720x532/1537213422.jpg; https://img10.naventcdn.com/avisos/18/01/46/65/71/23/720x532/1537213415.jpg; https://img10.naventcdn.com/avisos/18/01/46/65/71/23/720x532/1537213419.jpg,Mexico,Quintana Roo,Tulum,20.2020503,-87.4605562,Rent
iad Inmobiliaria,https://www.inmuebles24.com/inmobiliarias/iad-inmobiliaria_50956067-inmuebles.html,Inmuebles24 (via parse.bot API),https://www.inmuebles24.com/propiedades/clasificado/alclapin-renta-de-departamento-en-aldea-tulum-143982443.html,Renta de Departamento en Aldea Tulum,Condo/Apartment,5000,MXN,2,1,50.0,m2,"Ref: 2 1 4 4 7 0. Renta de departamento primer nivel. ¡Bienvenido a Aldea Tulum, en el corazón de la hermosa ciudad de Tulum, Quintana Roo! Este encantador departamento en renta ofrece todo lo que buscas para disfrutar de la vida en este paraíso caribeño. Con 2 recamaras y 1 baño, esta propiedad de 50 m2 es perfecta para parejas o familias pequeñas que desean vivir en un entorno tranquilo y seguro, este departamento se encuentra en un primer piso y frente a la alberca y jardín. El departamento c...",https://img10.naventcdn.com/avisos/18/01/43/98/24/43/720x532/1472340644.jpg?isFirstImage=true; https://img10.naventcdn.com/avisos/18/01/43/98/24/43/720x532/1472338866.jpg; https://img10.naventcdn.com/avisos/18/01/43/98/24/43/720x532/1485947628.jpg; https://img10.naventcdn.com/avisos/18/01/43/98/24/43/720x532/1472336894.jpg; https://img10.naventcdn.com/avisos/18/01/43/98/24/43/720x532/1485895677.jpg; https://img10.naventcdn.com/avisos/18/01/43/98/24/43/720x532/1480476746.jpg; https://img10.naventcdn.com/avisos/18/01/43/98/24/43/720x532/1484772654.jpg; https://img10.naventcdn.com/avisos/18/01/43/98/24/43/720x532/1472338927.jpg,Mexico,Quintana Roo,Tulum,20.19520779999999,-87.5290761,Rent
LAND BOUTIQUE,https://www.inmuebles24.com/inmobiliarias/land-boutique_50051224-inmuebles.html,Inmuebles24 (via parse.bot API),https://www.inmuebles24.com/propiedades/clasificado/alclapin-new-boho-style-2-br-apt-near-to-the-beach-150777520.html,New Boho Style 2 Br Apt Near To The Beach,Condo/Apartment,19000,MXN,2,2,100.0,m2,"Spacious 2-bedroom apartment, carefully decorated and furnished. 50 mb Wi-Fi and quick access from/to town and/or beach, just 10-min away drive. Free parking on the building is available. Spacious, warm, relaxing, inspiring Tulum getaway. Apartment equipped with a flat-screen tv and a fully equipped kitchen that provides guests with a microwave, a fridge, a stovetop and washing &amp; dryer machine. Towels and bed linen are offered. Region 15 is one fast-growing area in Tulum, with high-end condo...",https://img10.naventcdn.com/avisos/18/01/50/77/75/20/720x532/1625241915.jpg?isFirstImage=true; https://img10.naventcdn.com/avisos/18/01/50/77/75/20/720x532/1625241910.jpg; https://img10.naventcdn.com/avisos/18/01/50/77/75/20/720x532/1625241889.jpg; https://img10.naventcdn.com/avisos/18/01/50/77/75/20/720x532/1625241885.jpg; https://img10.naventcdn.com/avisos/18/01/50/77/75/20/720x532/1625241880.jpg; https://img10.naventcdn.com/avisos/18/01/50/77/75/20/720x532/1625241901.jpg; https://img10.naventcdn.com/avisos/18/01/50/77/75/20/720x532/1625241916.jpg; https://img10.naventcdn.com/avisos/18/01/50/77/75/20/720x532/1625241917.jpg,Mexico,Quintana Roo,Tulum,20.1898739823,-87.4740028381,Rent
CONEXIONES INMOBILIARIAS TULUM,https://www.inmuebles24.com/inmobiliarias/conexiones-inmobiliarias-tulum_50228350-inmuebles.html,Inmuebles24 (via parse.bot API),https://www.inmuebles24.com/propiedades/clasificado/alclapin-estudio-en-renta-en-area-comercial-de-aldea-zama-150536102.html,Estudio en Renta en Area Comercial de Aldea Zama,Commercial,10000,MXN,1,1,50.0,m2,"En el andador del area comercial mza 26 de Aldea Zama, disponible inmediatamente estudio, impecable listo para entrar, completamente amueblado y equipado. Cuenta con: Sala comedor. Cocina. Cama separada de la cocina con pared vestidor. Cuenta con area comun en el roof con alberca, area de grill y. centro de lavado uso condominal. El precio de renta incluye: cuota de mantenimiento, agua, internet basico y uso de la lavasecadora dos veces la semana. En el condominio están instaladas cámaras de seg...",https://img10.naventcdn.com/avisos/18/01/50/53/61/02/720x532/1620323230.jpg?isFirstImage=true; https://img10.naventcdn.com/avisos/18/01/50/53/61/02/720x532/1620323235.jpg; https://img10.naventcdn.com/avisos/18/01/50/53/61/02/720x532/1620323239.jpg; https://img10.naventcdn.com/avisos/18/01/50/53/61/02/720x532/1620323234.jpg; https://img10.naventcdn.com/avisos/18/01/50/53/61/02/720x532/1620323240.jpg; https://img10.naventcdn.com/avisos/18/01/50/53/61/02/720x532/1620323232.jpg; https://img10.naventcdn.com/avisos/18/01/50/53/61/02/720x532/1620323243.jpg; https://img10.naventcdn.com/avisos/18/01/50/53/61/02/720x532/1620323237.jpg,Mexico,Quintana Roo,Tulum,20.1988630648,-87.461921513,Rent
eXp México,https://www.inmuebles24.com/inmobiliarias/exp-mexico_50973893-inmuebles.html,Inmuebles24 (via parse.bot API),https://www.inmuebles24.com/propiedades/clasificado/veclapin-departameto-en-calle-6-veleta-150212391.html,Departameto en Calle 6 Veleta,Condo/Apartment,110500,USD,1,1,72.0,m2,"Excelente departamento de inversion con un actractivo valor -precio en Tulum, ideal para vivir o como excelente inversión. Ubicado en la zona de La Veleta, muy cerca a la calle 7 con restaurante, oxxo, farmacia, locales, etcc. El departamento se encuentra dentro de un exclusivo condominio de solo 12 departamentos. 70 m2 bien ubicado se encuentra en planta baja. El departamento se encuentra en planta baja y cuenta con: 1 recámara con cama king size. 1 baño completo. Cocina equipada. Sala y comedo...",https://img10.naventcdn.com/avisos/18/01/50/21/23/91/720x532/1622261947.jpg?isFirstImage=true; https://img10.naventcdn.com/avisos/18/01/50/21/23/91/720x532/1622261941.jpg; https://img10.naventcdn.com/avisos/18/01/50/21/23/91/720x532/1622261942.jpg; https://img10.naventcdn.com/avisos/18/01/50/21/23/91/720x532/1622261943.jpg; https://img10.naventcdn.com/avisos/18/01/50/21/23/91/720x532/1622261946.jpg; https://img10.naventcdn.com/avisos/18/01/50/21/23/91/720x532/1622261945.jpg; https://img10.naventcdn.com/avisos/18/01/50/21/23/91/720x532/1622261944.jpg,Mexico,Quintana Roo,Tulum,20.2011094,-87.475734,Rent
ABREGO REAL ESTATE,https://www.inmuebles24.com/inmobiliarias/abrego-real-estate_51132699-inmuebles.html,Inmuebles24 (via parse.bot API),https://www.inmuebles24.com/propiedades/clasificado/alclapin-vive-el-lujo-natural-en-aldea-zama-tulum-146790456.html,"Vive El Lujo Natural en – Aldea Zamá, Tulum",Condo/Apartment,16000,MXN,2,2,115.0,m2,"Descubre la armonía perfecta entre elegancia moderna y naturaleza en Giada Towers, un exclusivo desarrollo ubicado en el corazón de Aldea Zamá, Tulum. De diseño vanguardista, este complejo ofrece una experiencia residencial única en la Riviera Maya. Características del Departamento. 2 recámara con cama king size. 2 baño completo. Cocina totalmente equipada. Sala de estar con Smart tv. Aire acondicionado. Internet de fibra óptica incluido. Chapa electrónica para mayor seguridad. Superficie: 115m²...",https://img10.naventcdn.com/avisos/18/01/46/79/04/56/720x532/1620369876.jpg?isFirstImage=true; https://img10.naventcdn.com/avisos/18/01/46/79/04/56/720x532/1620369873.jpg; https://img10.naventcdn.com/avisos/18/01/46/79/04/56/720x532/1620369874.jpg; https://img10.naventcdn.com/avisos/18/01/46/79/04/56/720x532/1620369864.jpg; https://img10.naventcdn.com/avisos/18/01/46/79/04/56/720x532/1620369867.jpg; https://img10.naventcdn.com/avisos/18/01/46/79/04/56/720x532/1620369868.jpg; https://img10.naventcdn.com/avisos/18/01/46/79/04/56/720x532/1620369865.jpg; https://img10.naventcdn.com/avisos/18/01/46/79/04/56/720x532/1620369870.jpg,Mexico,Quintana Roo,Tulum,,,Rent
TULUM REALTORS SA de CV,https://www.inmuebles24.com/inmobiliarias/tulum-realtors-sa-de-cv_50146364-inmuebles.html,Inmuebles24 (via parse.bot API),https://www.inmuebles24.com/propiedades/clasificado/alclapin-departamento-en-renta-148554854.html,Departamento en Renta,Condo/Apartment,12500,MXN,1,1,,m2,"Departamento una habitacion en renta tulum Descubre el encantador departamento en renta en Noil Tulum Residences, ubicado en el nivel 1, ideal para disfrutar de la vida caribeña. Características del departamento: 1 habitación acogedora1 baño modernoAmplia sala y comedor para tus momentos de relajaciónCocina equipada para tus delicias culinariasÁrea de lavado práctica¡Listo para mudarte! Este departamento se entrega equipado y amueblado, brindándote comodidad desde el primer día. Acceso pavimenta...",https://img10.naventcdn.com/avisos/18/01/48/55/48/54/720x532/1579568191.jpg?isFirstImage=true; https://img10.naventcdn.com/avisos/18/01/48/55/48/54/720x532/1579568185.jpg; https://img10.naventcdn.com/avisos/18/01/48/55/48/54/720x532/1579568189.jpg; https://img10.naventcdn.com/avisos/18/01/48/55/48/54/720x532/1579568186.jpg; https://img10.naventcdn.com/avisos/18/01/48/55/48/54/720x532/1579568195.jpg; https://img10.naventcdn.com/avisos/18/01/48/55/48/54/720x532/1579568187.jpg; https://img10.naventcdn.com/avisos/18/01/48/55/48/54/720x532/1579568193.jpg; https://img10.naventcdn.com/avisos/18/01/48/55/48/54/720x532/1579568190.jpg,Mexico,Quintana Roo,Tulum,20.1927267,-87.4783204,Rent
BLUE PALM REAL ESTATE,https://www.inmuebles24.com/inmobiliarias/blue-palm-real-estate_51152291-inmuebles.html,Inmuebles24 (via parse.bot API),https://www.inmuebles24.com/propiedades/clasificado/alclapin-ubicacion-premium-en-tulum-con-increibles-147522267.html,"Ubicación Premium en Tulum, con Increíbles Amanedidades Para Toda La Familia!",Unknown,20000,MXN,2,2,100.0,m2,Renta A largo plazo. minimo 6 meses 1 año. Características / Features: -2 recámaras - 2 bedrooms. -2 baños completos / 2 bathrooms. -Balcon espacioso / Spacious balcony. -Sala y comedor / Living and dining room. -Cocina semi equipada / Semi equipped kitchen. -Minisplits y ventiladores en todas las áreas / Minisplits & ceiling fans throughout. -Centro de lavado / Laundry center. -Calentador de agua / Water heater. Internet incluido telmex / internet included telmex. Amenidades / Amenities: Elevad...,https://img10.naventcdn.com/avisos/18/01/47/52/22/67/720x532/1558514622.jpg?isFirstImage=true; https://img10.naventcdn.com/avisos/18/01/47/52/22/67/720x532/1558514623.jpg; https://img10.naventcdn.com/avisos/18/01/47/52/22/67/720x532/1558514629.jpg; https://img10.naventcdn.com/avisos/18/01/47/52/22/67/720x532/1558514627.jpg; https://img10.naventcdn.com/avisos/18/01/47/52/22/67/720x532/1558514624.jpg; https://img10.naventcdn.com/avisos/18/01/47/52/22/67/720x532/1558514625.jpg; https://img10.naventcdn.com/avisos/18/01/47/52/22/67/720x532/1558514626.jpg; https://img10.naventcdn.com/avisos/18/01/47/52/22/67/720x532/1558514628.jpg,Mexico,Quintana Roo,Tulum,20.1969648,-87.4625168,Rent
TULUM REALTORS SA de CV,https://www.inmuebles24.com/inmobiliarias/tulum-realtors-sa-de-cv_50146364-inmuebles.html,Inmuebles24 (via parse.bot API),https://www.inmuebles24.com/propiedades/clasificado/alclapin-2-recamaras-departamento-aldea-tulum-en-renta-149083307.html,2 Recamaras Departamento Aldea Tulum en Renta,Condo/Apartment,6500,MXN,2,1,,m2,"En medio de un ambiente cómodo y agradable Para vivir este Departamento nuevo A estrenar Cuenta con 2 Recamaras, 1 baño, Patio, Areas verdes, Area de Juegos para niños, Asador, Palapa, Alberca y cajones de estacionamiento. Ubicado al lado del Cenote Zamna, A 7 minutos del Centro de Tulum y a 20 minutos del Aeropuerto. Contactar <span class='descripcionDatosAnunciante'><button class='btn btn-link js-verDatos' href='#'>Ver datos</button></span>",https://img10.naventcdn.com/avisos/18/01/49/08/33/07/720x532/1590162098.jpg?isFirstImage=true; https://img10.naventcdn.com/avisos/18/01/49/08/33/07/720x532/1590162111.jpg; https://img10.naventcdn.com/avisos/18/01/49/08/33/07/720x532/1590162102.jpg; https://img10.naventcdn.com/avisos/18/01/49/08/33/07/720x532/1590162105.jpg; https://img10.naventcdn.com/avisos/18/01/49/08/33/07/720x532/1590162115.jpg; https://img10.naventcdn.com/avisos/18/01/49/08/33/07/720x532/1590162116.jpg; https://img10.naventcdn.com/avisos/18/01/49/08/33/07/720x532/1590162090.jpg; https://img10.naventcdn.com/avisos/18/01/49/08/33/07/720x532/1590162118.jpg,Mexico,Quintana Roo,Tulum,20.1929847,-87.5293299,Rent
Valentina,https://www.inmuebles24.com/inmobiliarias/valentina_102581915-inmuebles.html,Inmuebles24 (via parse.bot API),https://www.inmuebles24.com/propiedades/clasificado/alclapin-loft-en-venta-de-lujo-la-veleta-tulum-lujo-150813441.html,Loft en Venta de Lujo La Veleta Tulum Lujo,Unknown,14000,MXN,1,1,26.0,m2,"Luxury loft for sale la veleta tulum luxuryit is A jewel like A hotel suite with all the services that is currently rented on all vacation platforms, with full year round, it is sold per trip. Have a great time in tulum in the la veleta area, the most elegant and exclusive, also inside the jungle with views of the jungle from any point, 10 minutes from the beaches and hotel zone. For temporary rentals, prices vary depending on the dates. Monthly rent depends on availability. Please ask for price...",https://img10.naventcdn.com/avisos/18/01/50/81/34/41/720x532/1625995733.jpg?isFirstImage=true; https://img10.naventcdn.com/avisos/18/01/50/81/34/41/720x532/1625995496.jpg; https://img10.naventcdn.com/avisos/18/01/50/81/34/41/720x532/1625995809.jpg; https://img10.naventcdn.com/avisos/18/01/50/81/34/41/720x532/1625995350.jpg; https://img10.naventcdn.com/avisos/18/01/50/81/34/41/720x532/1625995994.jpg; https://img10.naventcdn.com/avisos/18/01/50/81/34/41/720x532/1625995920.jpg; https://img10.naventcdn.com/avisos/18/01/50/81/34/41/720x532/1625996080.jpg; https://img10.naventcdn.com/avisos/18/01/50/81/34/41/720x532/1625995950.jpg,Mexico,Quintana Roo,Tulum,20.2125527,-87.4583994,Rent
CONEXIONES INMOBILIARIAS TULUM,https://www.inmuebles24.com/inmobiliarias/conexiones-inmobiliarias-tulum_50228350-inmuebles.html,Inmuebles24 (via parse.bot API),https://www.inmuebles24.com/propiedades/clasificado/alclapin-departamento-en-renta-2-recamaras-aldea-zama-149335428.html,Departamento en Renta 2 Recamaras Aldea Zama,Condo/Apartment,22000,MXN,2,2,138.0,m2,"Amplio departamento muy iluminado, cocina equipada muy amplia, 2 recamaras 2 baños, lavadora secadora, terraza con vista a la alberca, en primer nivel.",https://img10.naventcdn.com/avisos/18/01/49/33/54/28/720x532/1595340911.jpg?isFirstImage=true; https://img10.naventcdn.com/avisos/18/01/49/33/54/28/720x532/1595340914.jpg; https://img10.naventcdn.com/avisos/18/01/49/33/54/28/720x532/1595340916.jpg; https://img10.naventcdn.com/avisos/18/01/49/33/54/28/720x532/1595340915.jpg; https://img10.naventcdn.com/avisos/18/01/49/33/54/28/720x532/1595340912.jpg; https://img10.naventcdn.com/avisos/18/01/49/33/54/28/720x532/1595340920.jpg; https://img10.naventcdn.com/avisos/18/01/49/33/54/28/720x532/1595340908.jpg; https://img10.naventcdn.com/avisos/18/01/49/33/54/28/720x532/1595340910.jpg,Mexico,Quintana Roo,Tulum,20.20034352239015,-87.46101555560304,Rent
eXp México,https://www.inmuebles24.com/inmobiliarias/exp-mexico_50973893-inmuebles.html,Inmuebles24 (via parse.bot API),https://www.inmuebles24.com/propiedades/clasificado/alclapin-departamento-1-recamara-en-tulum-150802909.html,Departamento 1 Recamara en Tulum,Condo/Apartment,13000,MXN,1,1,52.0,m2,"Departamento de 1 recámara con alberca privada tipo plunge — Aak Residencial, Región 15, Tulum. Vive el estilo boho-selva con un lujo poco común: tu propia alberca privada tipo plunge y terraza, en planta baja, sin escaleras. Este departamento de una recámara, completamente amueblado, combina gabinetes de madera cálida, iluminación artesanal de ratán y textiles tejidos a mano en cocina, sala y recámara con baño completo. Las puertas corredizas de cristal se abren hacia una terraza enmarcada por ...",https://img10.naventcdn.com/avisos/18/01/50/80/29/09/720x532/1625788283.jpg?isFirstImage=true; https://img10.naventcdn.com/avisos/18/01/50/80/29/09/720x532/1625788286.jpg; https://img10.naventcdn.com/avisos/18/01/50/80/29/09/720x532/1625788288.jpg; https://img10.naventcdn.com/avisos/18/01/50/80/29/09/720x532/1625788281.jpg; https://img10.naventcdn.com/avisos/18/01/50/80/29/09/720x532/1625788276.jpg; https://img10.naventcdn.com/avisos/18/01/50/80/29/09/720x532/1625788282.jpg; https://img10.naventcdn.com/avisos/18/01/50/80/29/09/720x532/1625788280.jpg; https://img10.naventcdn.com/avisos/18/01/50/80/29/09/720x532/1625788275.jpg,Mexico,Quintana Roo,Tulum,20.1896385828,-87.474285928,Rent
CONEXIONES INMOBILIARIAS TULUM,https://www.inmuebles24.com/inmobiliarias/conexiones-inmobiliarias-tulum_50228350-inmuebles.html,Inmuebles24 (via parse.bot API),https://www.inmuebles24.com/propiedades/clasificado/alclapin-acogedor-departamento-en-renta-de-1-recamara-en-blue-149938114.html,Acogedor Departamento en Renta de 1 Recamara en Blue Luxury Tulum,Condo/Apartment,10000,MXN,1,1,60.0,m2,"Tres departamentos de 1 recamara disponibles en el condominio Blue Luxury en la conocida Avenida Kukulkan, Region 15 en Tulum. Este condominio se caracteriza por su gran alberca. Los departamentos muy luminosos cuenta, con cocina, sala, recamara y baño completo. Amueblados y equipados. El precio de renta incluye: cuota de mantenimiento del condominio y recibo de agua.",https://img10.naventcdn.com/avisos/18/01/49/93/81/14/720x532/1607971702.jpg?isFirstImage=true; https://img10.naventcdn.com/avisos/18/01/49/93/81/14/720x532/1607971696.jpg; https://img10.naventcdn.com/avisos/18/01/49/93/81/14/720x532/1607971699.jpg; https://img10.naventcdn.com/avisos/18/01/49/93/81/14/720x532/1607971700.jpg; https://img10.naventcdn.com/avisos/18/01/49/93/81/14/720x532/1607971705.jpg; https://img10.naventcdn.com/avisos/18/01/49/93/81/14/720x532/1607971697.jpg; https://img10.naventcdn.com/avisos/18/01/49/93/81/14/720x532/1607971698.jpg; https://img10.naventcdn.com/avisos/18/01/49/93/81/14/720x532/1607971706.jpg,Mexico,Quintana Roo,Tulum,20.20076377309452,-87.46797258144531,Rent
iad Inmobiliaria,https://www.inmuebles24.com/inmobiliarias/iad-inmobiliaria_50956067-inmuebles.html,Inmuebles24 (via parse.bot API),https://www.inmuebles24.com/propiedades/clasificado/alclapin-depa-totalmente-amueblado-en-renta-av-5-sur-tulum.-150275469.html,"Depa Totalmente Amueblado en Renta, Av 5 Sur Tulum.",Unknown,12000,MXN,1,1,53.0,m2,"Ref: 3 0 2 0 5 5. Amplio Estudio en renta totalmente amueblado ubicado en el costado Oeste de la colonia La Veleta, con una construcción de 53 m2, de acogedor espacio cuenta con dormitorio kingsize, baño elegante, cocina equipada, extractor de olores, piso de cerámica, armarios empotrados, caja fuerte, closets, aire acondicionado, lavadora, completamente amueblado y terraza privada; ideal para aquellos que buscan una estancia cómoda y tranquilidad en un mismo lugar, ¡Incluye cuota de mantenimien...",https://img10.naventcdn.com/avisos/18/01/50/27/54/69/720x532/1624624768.jpg?isFirstImage=true; https://img10.naventcdn.com/avisos/18/01/50/27/54/69/720x532/1614711164.jpg; https://img10.naventcdn.com/avisos/18/01/50/27/54/69/720x532/1614711279.jpg; https://img10.naventcdn.com/avisos/18/01/50/27/54/69/720x532/1614710949.jpg; https://img10.naventcdn.com/avisos/18/01/50/27/54/69/720x532/1614710968.jpg; https://img10.naventcdn.com/avisos/18/01/50/27/54/69/720x532/1614711254.jpg; https://img10.naventcdn.com/avisos/18/01/50/27/54/69/720x532/1614711051.jpg; https://img10.naventcdn.com/avisos/18/01/50/27/54/69/720x532/1614710936.jpg,Mexico,Quintana Roo,Tulum,20.192490410744227,-87.47907498822116,Rent
CONEXIONES INMOBILIARIAS TULUM,https://www.inmuebles24.com/inmobiliarias/conexiones-inmobiliarias-tulum_50228350-inmuebles.html,Inmuebles24 (via parse.bot API),https://www.inmuebles24.com/propiedades/clasificado/alclapin-departamento-de-2-recamaras-en-renta-dentro-de-una-149042080.html,Departamento de 2 Recamaras en Renta Dentro de Una Privada,Condo/Apartment,18000,MXN,2,2,120.0,m2,"En uno de los condominios con mas estilo caribeño de Aldea Zama, Puerta Zama, cerca de la entrada/salida hacia la Avenida Boca Paila, departamento en renta disponible inmediatamente. Cuenta con cocina y sala con vista a la terraza, centro de lavado con lavasecadore lg nueva, dos recamaras, dos baños completos. Primer piso, completamente amueblado, equipado y con mantenimiento al dia. Alberca, regadera y baño en las areas comunes, cajon de estacionamiento. Este condominio cuenta con entrada con p...",https://img10.naventcdn.com/avisos/18/01/49/04/20/80/720x532/1589435244.jpg?isFirstImage=true; https://img10.naventcdn.com/avisos/18/01/49/04/20/80/720x532/1589435245.jpg; https://img10.naventcdn.com/avisos/18/01/49/04/20/80/720x532/1589435252.jpg; https://img10.naventcdn.com/avisos/18/01/49/04/20/80/720x532/1589435249.jpg; https://img10.naventcdn.com/avisos/18/01/49/04/20/80/720x532/1589435256.jpg; https://img10.naventcdn.com/avisos/18/01/49/04/20/80/720x532/1589435257.jpg; https://img10.naventcdn.com/avisos/18/01/49/04/20/80/720x532/1589435255.jpg; https://img10.naventcdn.com/avisos/18/01/49/04/20/80/720x532/1589435247.jpg,Mexico,Quintana Roo,Tulum,20.2007568065,-87.4517147502,Rent
Coldwell Banker Magno 1,https://www.inmuebles24.com/inmobiliarias/coldwell-banker-magno-1_664620-inmuebles.html,Inmuebles24 (via parse.bot API),https://www.inmuebles24.com/propiedades/clasificado/alclapin-renta-loft-amueblado-en-tulum-quintana-roo-146097110.html,"Renta Loft Amueblado en Tulúm, Quintana Roo",Commercial,10000,MXN,1,1,40.0,m2,"Oportunidad excepcional en Tulum, Loft amueblado en Avenida Cobá. Descubre este exclusivo loft ubicado sobre la prestigiosa Avenida Cobá, en una de las zonas con mayor plusvalía de Tulum. Un espacio diseñado para quienes buscan confort y lujo. Ubicación inmejorable: Frente a un centro comercial para tu comodidad, a 10 minutos caminando del centro de Tulum, a 15 minutos de las paradisiacas playas caribeñas, a 10 minutos del Tren Maya, con conectividad garantizada y rodeado de cenotes y el Parque ...",https://img10.naventcdn.com/avisos/18/01/46/09/71/10/720x532/1523518023.jpg?isFirstImage=true; https://img10.naventcdn.com/avisos/18/01/46/09/71/10/720x532/1523518029.jpg; https://img10.naventcdn.com/avisos/18/01/46/09/71/10/720x532/1523518016.jpg; https://img10.naventcdn.com/avisos/18/01/46/09/71/10/720x532/1523518018.jpg; https://img10.naventcdn.com/avisos/18/01/46/09/71/10/720x532/1523518017.jpg; https://img10.naventcdn.com/avisos/18/01/46/09/71/10/720x532/1523518020.jpg; https://img10.naventcdn.com/avisos/18/01/46/09/71/10/720x532/1523518024.jpg; https://img10.naventcdn.com/avisos/18/01/46/09/71/10/720x532/1523518015.jpg,Mexico,Quintana Roo,Tulum,20.2170056,-87.45435239999999,Rent
Top by Gustavo Pimentel,https://www.inmuebles24.com/inmobiliarias/top-by-gustavo-pimentel_51109485-inmuebles.html,Inmuebles24 (via parse.bot API),https://www.inmuebles24.com/propiedades/clasificado/alclapin-garden-house-con-alberca-privada-en-renta-vita-tulum-146307348.html,Garden House con Alberca Privada en Renta Vita Tulum Aldea Zama,Villa,40000,MXN,2,2,210.0,m2,"Increíble Garden House en renta en Tulum, relájate y disfruta en este tranquilo oasis. Vita Tulum ofrece una lujosa villa en renta en en planta baja piso, interior con piscina privada y wifi incluido. La villa cuenta con una distribución de espacios con 210m2 y una bella decoración, tiene aire acondicionado, 2 habitaciones con cama king y baño completo privado cada habitación, cocina totalmente equipada con refrigerador, microondas y lavavajillas, sala y comedor con Smart tv y medio baño para la...",https://img10.naventcdn.com/avisos/18/01/46/30/73/48/720x532/1528727264.jpg?isFirstImage=true; https://img10.naventcdn.com/avisos/18/01/46/30/73/48/720x532/1528727269.jpg; https://img10.naventcdn.com/avisos/18/01/46/30/73/48/720x532/1528727259.jpg; https://img10.naventcdn.com/avisos/18/01/46/30/73/48/720x532/1528727253.jpg; https://img10.naventcdn.com/avisos/18/01/46/30/73/48/720x532/1528727265.jpg; https://img10.naventcdn.com/avisos/18/01/46/30/73/48/720x532/1528727255.jpg; https://img10.naventcdn.com/avisos/18/01/46/30/73/48/720x532/1528727268.jpg; https://img10.naventcdn.com/avisos/18/01/46/30/73/48/720x532/1528727257.jpg,Mexico,Quintana Roo,Tulum,20.1954731,-87.46384189999999,Rent
Coldwell Banker Solutions,https://www.inmuebles24.com/inmobiliarias/coldwell-banker-solutions_50301879-inmuebles.html,Inmuebles24 (via parse.bot API),https://www.inmuebles24.com/propiedades/clasificado/veclapin-departamento-en-venta-en-aldea-zama-146626477.html,Departamento en Venta en Aldea Zama,Condo/Apartment,9851000,MXN,3,4,280.0,m2,"Ph de 3 recámaras, todas con baño completo y la principal con vestidor, tina y doble lavabo. Cuenta con triple Lock-off, lo cual lo hace muy atractivo para su ocupación parcial y con acceso independiente, En el roof cuenta con un asador y un jacuzzi privado así como la tercer recámara. El desarrollo cuenta con una alberca en la planta de acceso y una mas en el roof comunal, asi como asadores gimnasio y espacio para eventos.",https://img10.naventcdn.com/avisos/18/01/46/62/64/77/720x532/1536465065.jpg?isFirstImage=true; https://img10.naventcdn.com/avisos/18/01/46/62/64/77/720x532/1536465059.jpg; https://img10.naventcdn.com/avisos/18/01/46/62/64/77/720x532/1536465067.jpg; https://img10.naventcdn.com/avisos/18/01/46/62/64/77/720x532/1536465070.jpg; https://img10.naventcdn.com/avisos/18/01/46/62/64/77/720x532/1536465060.jpg; https://img10.naventcdn.com/avisos/18/01/46/62/64/77/720x532/1536465053.jpg; https://img10.naventcdn.com/avisos/18/01/46/62/64/77/720x532/1536465072.jpg; https://img10.naventcdn.com/avisos/18/01/46/62/64/77/720x532/1536465063.jpg,Mexico,Quintana Roo,Tulum,20.202441,-87.46209929999999,Rent
PAULINA GIL,https://www.inmuebles24.com/inmobiliarias/paulina-gil_50946845-inmuebles.html,Inmuebles24 (via parse.bot API),https://www.inmuebles24.com/propiedades/clasificado/veclapin-ph-aldea-zama-tulum-private-rooftop-with-pool.-65122391.html,"PH Aldea Zama, Tulum Private Rooftop With Pool.",Unknown,7650000,MXN,2,2,175.0,m2,"Exclusivo ph ubicado en una comunidad cerrada (seguridad 24/7) dentro de Aldea Zama. El ph se encuentra en un complejo de sólo 18 unidades llamado bai ha luxury suites, cuenta con recepción y servicio de concierge. El ph cuenta con dos niveles + rooftop privado (con alberca): nivel 1: 2 recámaras y 2 baños completos. Nivel 2: Sala, comedor, cocina, cuarto de lavado y medio baño. nivel 3: Rooftop con alberca privada y asador. El fraccionamiento esta equipado con: Exclusivo centro holistico con ja...",https://img10.naventcdn.com/avisos/18/00/65/12/23/91/720x532/335323963.jpg?isFirstImage=true; https://img10.naventcdn.com/avisos/18/00/65/12/23/91/720x532/335323964.jpg; https://img10.naventcdn.com/avisos/18/00/65/12/23/91/720x532/335323965.jpg; https://img10.naventcdn.com/avisos/18/00/65/12/23/91/720x532/335323973.jpg; https://img10.naventcdn.com/avisos/18/00/65/12/23/91/720x532/335323969.jpg; https://img10.naventcdn.com/avisos/18/00/65/12/23/91/720x532/335323970.jpg; https://img10.naventcdn.com/avisos/18/00/65/12/23/91/720x532/335323972.jpg; https://img10.naventcdn.com/avisos/18/00/65/12/23/91/720x532/335323978.jpg,Mexico,Quintana Roo,Tulum,20.200019567432943,-87.45816693566034,Rent
Alfa Inmobiliaria Poniente ,https://www.inmuebles24.com/inmobiliarias/alfa-inmobiliaria-poniente_50216079-inmuebles.html,Inmuebles24 (via parse.bot API),https://www.inmuebles24.com/propiedades/clasificado/alclapin-departamento-renta-vacional-o-venta-country-club-150614428.html,"Departamento Renta Vacional o Venta, Country Club Tulum, Akumal, Quintana Roo",Condo/Apartment,22000,MXN,2,2,100.0,m2,"Departamento en Venta o renta vacacional en Country Club Tulum, Tulum, Quintana Roo. Complejo Bahía Príncipe, Tulum. Ubicado en una exclusiva planta baja, en esquina, con una superficie de 100 m², este hermoso departamento ofrece un estilo de vida único en el corazón de la Riviera Maya. Cuenta con un espacioso vestíbulo, dos cómodas habitaciones con baño completo, cada una equipada con camas King Size y colchones Sealy de alta calidad para garantizar el máximo confort. La cocina integral está eq...",https://img10.naventcdn.com/avisos/18/01/50/61/44/28/720x532/1621886679.jpg?isFirstImage=true; https://img10.naventcdn.com/avisos/18/01/50/61/44/28/720x532/1621886681.jpg; https://img10.naventcdn.com/avisos/18/01/50/61/44/28/720x532/1621886682.jpg; https://img10.naventcdn.com/avisos/18/01/50/61/44/28/720x532/1621886740.jpg; https://img10.naventcdn.com/avisos/18/01/50/61/44/28/720x532/1621886662.jpg; https://img10.naventcdn.com/avisos/18/01/50/61/44/28/720x532/1621886736.jpg; https://img10.naventcdn.com/avisos/18/01/50/61/44/28/720x532/1621886684.jpg; https://img10.naventcdn.com/avisos/18/01/50/61/44/28/720x532/1621886738.jpg,Mexico,Quintana Roo,Tulum,20.3758477,-87.340396,Rent
Caribbean Realtors,https://www.inmuebles24.com/inmobiliarias/caribbean-realtors_50126006-inmuebles.html,Inmuebles24 (via parse.bot API),https://www.inmuebles24.com/propiedades/clasificado/alclapin-departamento-en-renta-en-tulum-150722849.html,Departamento en Renta en Tulum,Penthouse,16000,MXN,1,2,100.0,m2,"Penthouse en Renta en el Centro de Tulum – Estilo de Vida Digital y Relax CosteroFicha Técnica: Recámaras: 1Baños: 2 completosAmenidades o aspectos destacados: Distribución en 2 niveles, terraza privada con alberca exclusiva, tumbonas y baño completo propio. Recámara con cama king size, aire acondicionado y balcón con vistas abiertas al atardecer. Cocina totalmente equipada (vitrocerámica, refrigerador, tostador, licuadora y cafetera) e internet de fibra óptica de alta velocidad. El condominio o...",https://img10.naventcdn.com/avisos/18/01/50/72/28/49/720x532/1624108850.jpg?isFirstImage=true; https://img10.naventcdn.com/avisos/18/01/50/72/28/49/720x532/1624108851.jpg; https://img10.naventcdn.com/avisos/18/01/50/72/28/49/720x532/1624108857.jpg; https://img10.naventcdn.com/avisos/18/01/50/72/28/49/720x532/1624108848.jpg; https://img10.naventcdn.com/avisos/18/01/50/72/28/49/720x532/1624108843.jpg; https://img10.naventcdn.com/avisos/18/01/50/72/28/49/720x532/1624108863.jpg; https://img10.naventcdn.com/avisos/18/01/50/72/28/49/720x532/1624108866.jpg; https://img10.naventcdn.com/avisos/18/01/50/72/28/49/720x532/1624108865.jpg,Mexico,Quintana Roo,Tulum,20.2114185,-87.4653502,Rent
Invest Inmuebles ,https://www.inmuebles24.com/inmobiliarias/invest-inmuebles_50184921-inmuebles.html,Inmuebles24 (via parse.bot API),https://www.inmuebles24.com/propiedades/clasificado/alclapin-departamento-en-la-veleta-145687154.html,Departamento en La Veleta,Condo/Apartment,900,USD,1,1,32.0,m2,"¡ experimenta el vivir en un oasis en tulum con todo que requieres en un mismo lugar! Excelente Ubicación cerca del centro de Tulum a 10 min. Y a 6 min. De la playa en Región 15. Tienda a 1 cuadra caminando, 7 eleven a 2 min., lavanderías y restaurantes cerca. Estudio en Seremonia SelvaPremio Design AwardPróximamente administrado por MarriotCon cocineta 100% equipada, sillón cama, comedorCon muebles: cama, burós, pantalla tv, mesa, sillas, lámpara, ropa de cama, con clóset. Con todo lo necesario...",https://img10.naventcdn.com/avisos/18/01/45/68/71/54/720x532/1591117223.jpg?isFirstImage=true; https://img10.naventcdn.com/avisos/18/01/45/68/71/54/720x532/1591117280.jpg; https://img10.naventcdn.com/avisos/18/01/45/68/71/54/720x532/1591117224.jpg; https://img10.naventcdn.com/avisos/18/01/45/68/71/54/720x532/1591117217.jpg; https://img10.naventcdn.com/avisos/18/01/45/68/71/54/720x532/1591117244.jpg; https://img10.naventcdn.com/avisos/18/01/45/68/71/54/720x532/1591117222.jpg; https://img10.naventcdn.com/avisos/18/01/45/68/71/54/720x532/1591117233.jpg; https://img10.naventcdn.com/avisos/18/01/45/68/71/54/720x532/1591117242.jpg,Mexico,Quintana Roo,Tulum,20.1934329,-87.4662767,Rent
NATIIVNAH,https://www.inmuebles24.com/inmobiliarias/natiivnah_51288273-inmuebles.html,Inmuebles24 (via parse.bot API),https://www.inmuebles24.com/propiedades/clasificado/alclapin-departamento-en-venta-exclusivo-aldea-zama-tulum-149714169.html,Departamento en Venta Exclusivo Aldea Zamá Tulum,Villa,35000,MXN,3,3,240.0,m2,"Perfecto para inversionistas, Precioso ph amueblado en venta en Aldea Zamá, Tulum, en el estado de Quintana Roo, Me? xico. Epicentro de la Riviera Maya, a 2 horas al sur de Cancu? n y a 1 hora al sur de Playa del Carmen. Este majestuoso proyecto ecoturi? stico y residencial esta? Localizado en una zona ce? ntrica de la villa pesquera, lo cual hace posible disfrutar de recorridos en bicicleta hacia la zona arqueolo? gica, zona hotelera, a la playa, al pueblo de Tulum, y cenotes. Este ph cuenta co...",https://img10.naventcdn.com/avisos/18/01/49/71/41/69/720x532/1603302166.jpg?isFirstImage=true; https://img10.naventcdn.com/avisos/18/01/49/71/41/69/720x532/1603303413.jpg; https://img10.naventcdn.com/avisos/18/01/49/71/41/69/720x532/1603302420.jpg; https://img10.naventcdn.com/avisos/18/01/49/71/41/69/720x532/1603303683.jpg; https://img10.naventcdn.com/avisos/18/01/49/71/41/69/720x532/1603302387.jpg; https://img10.naventcdn.com/avisos/18/01/49/71/41/69/720x532/1603303709.jpg; https://img10.naventcdn.com/avisos/18/01/49/71/41/69/720x532/1603303332.jpg; https://img10.naventcdn.com/avisos/18/01/49/71/41/69/720x532/1603302009.jpg,Mexico,Quintana Roo,Tulum,20.202425681,-87.4599390204,Rent
Invest Inmuebles ,https://www.inmuebles24.com/inmobiliarias/invest-inmuebles_50184921-inmuebles.html,Inmuebles24 (via parse.bot API),https://www.inmuebles24.com/propiedades/clasificado/alclapin-departamento-en-la-veleta-145687155.html,Departamento en La Veleta,Condo/Apartment,10000,MXN,1,1,32.0,m2,"¡ experimenta el vivir en un oasis en tulum con todo que requieres en un mismo lugar! Excelente Ubicación cerca del centro de Tulum a 10 min. Y a 6 min. De la playa en Región 15. Tienda a 1 cuadra caminando, 7 eleven a 2 min., lavanderías y restaurantes cerca. Estudio en Seremonia SelvaPremio Design AwardPróximamente administrado por MarriotCon cocineta 100% equipada, sillón cama, comedorCon muebles: cama, burós, pantalla tv, mesa, sillas, lámpara, ropa de cama, con clóset. Con todo lo necesario...",https://img10.naventcdn.com/avisos/18/01/45/68/71/55/720x532/1591295493.jpg?isFirstImage=true; https://img10.naventcdn.com/avisos/18/01/45/68/71/55/720x532/1591295670.jpg; https://img10.naventcdn.com/avisos/18/01/45/68/71/55/720x532/1591295552.jpg; https://img10.naventcdn.com/avisos/18/01/45/68/71/55/720x532/1591295487.jpg; https://img10.naventcdn.com/avisos/18/01/45/68/71/55/720x532/1591295682.jpg; https://img10.naventcdn.com/avisos/18/01/45/68/71/55/720x532/1591295471.jpg; https://img10.naventcdn.com/avisos/18/01/45/68/71/55/720x532/1591295505.jpg; https://img10.naventcdn.com/avisos/18/01/45/68/71/55/720x532/1591295503.jpg,Mexico,Quintana Roo,Tulum,20.1934329,-87.4662767,Rent
Caribbean Realtors,https://www.inmuebles24.com/inmobiliarias/caribbean-realtors_50126006-inmuebles.html,Inmuebles24 (via parse.bot API),https://www.inmuebles24.com/propiedades/clasificado/alclapin-departamento-en-renta-en-la-veleta-tulum-150538152.html,Departamento en Renta en La Veleta Tulum,Condo/Apartment,18000,MXN,2,2,100.0,m2,"Mpch6697Descubre este increíble departamento de 2 recámaras y 2 baños completos en Oriana, La Veleta, uno de los desarrollos más exclusivos de Tulum. Perfecto para quienes buscan confort, diseño sofisticado y una ubicación privilegiada cerca de la vibrante escena gastronómica y cultural de la zona. Características del departamento: - Espacios amplios y luminosos, diseñados para maximizar la comodidad- Recámara principal con baño privado- Segunda recámara con acceso independiente tipo lock-off, i...",https://img10.naventcdn.com/avisos/18/01/50/53/81/52/720x532/1620368833.jpg?isFirstImage=true; https://img10.naventcdn.com/avisos/18/01/50/53/81/52/720x532/1620368799.jpg; https://img10.naventcdn.com/avisos/18/01/50/53/81/52/720x532/1620368846.jpg; https://img10.naventcdn.com/avisos/18/01/50/53/81/52/720x532/1620368838.jpg; https://img10.naventcdn.com/avisos/18/01/50/53/81/52/720x532/1620368835.jpg; https://img10.naventcdn.com/avisos/18/01/50/53/81/52/720x532/1620368840.jpg; https://img10.naventcdn.com/avisos/18/01/50/53/81/52/720x532/1620368792.jpg; https://img10.naventcdn.com/avisos/18/01/50/53/81/52/720x532/1620368797.jpg,Mexico,Quintana Roo,Tulum,20.1786729,-87.4632968,Rent
ROARD,https://www.inmuebles24.com/inmobiliarias/roard_102967962-inmuebles.html,Inmuebles24 (via parse.bot API),https://www.inmuebles24.com/propiedades/clasificado/alclapin-renta-de-departamento-en-renta-tulum-casa-xila-tankah-148497176.html,Renta de Departamento en Renta Tulum Casa Xila Tankah Bay,Condo/Apartment,50000,MXN,2,2,102.0,m2,"Situado en Casa Xila Tankah Bay, este hermoso departamento ofrece una experiencia única en la Riviera Maya. A solo 10 minutos del centro de Tulum y a dos calles del Cenote Manatí, se encuentra rodeado de naturaleza, tranquilidad y mar. Además, está cerca de zonas arqueológicas, lo que lo convierte en una excelente opción para vivir o invertir. Características de la propiedad: departamento de 2 recámaras Construcción: 102m2 Mantenimiento mensual: incluye mantenimiento general, seguro y agua) Tota...",https://img10.naventcdn.com/avisos/18/01/48/49/71/76/720x532/1578383821.jpg?isFirstImage=true; https://img10.naventcdn.com/avisos/18/01/48/49/71/76/720x532/1578383831.jpg; https://img10.naventcdn.com/avisos/18/01/48/49/71/76/720x532/1578383828.jpg; https://img10.naventcdn.com/avisos/18/01/48/49/71/76/720x532/1578383824.jpg; https://img10.naventcdn.com/avisos/18/01/48/49/71/76/720x532/1578383842.jpg; https://img10.naventcdn.com/avisos/18/01/48/49/71/76/720x532/1578383825.jpg; https://img10.naventcdn.com/avisos/18/01/48/49/71/76/720x532/1578383820.jpg; https://img10.naventcdn.com/avisos/18/01/48/49/71/76/720x532/1578383823.jpg,Mexico,Quintana Roo,Tulum,20.2842391031,-87.3798264064,Rent
Margin Realtors,https://www.inmuebles24.com/inmobiliarias/margin-realtors_50901791-inmuebles.html,Inmuebles24 (via parse.bot API),https://www.inmuebles24.com/propiedades/clasificado/alclapin-renta-venta-departamento-de-1-recamara-en-tulum-aldea-149810453.html,Renta/venta Departamento de 1 Recamara en Tulum Aldea Zama,Condo/Apartment,20000,MXN,1,2,93.0,m2,Renta/venta departamento de 1 recamara en aldea zama tulum riviera mayaadavfeovtaz*0características 1 recámara completa con baño y closet amplioTerraza techada y espacio sin techarSalaComedor Cocina1 baño completo**Áreas comunes con mucha vegetación y alberca con bañosrequisitos para la renta: Estudio Socioeconómico (Asignado por Propietario y con costo a cargo del interesado). Depósito en Garantía (Equivalente al costo de 1er. Mes de renta). Firma de Contrato Mínimo de 12 meses ante Notario o F...,https://img10.naventcdn.com/avisos/18/01/49/81/04/53/720x532/1605360124.jpg?isFirstImage=true; https://img10.naventcdn.com/avisos/18/01/49/81/04/53/720x532/1605360109.jpg; https://img10.naventcdn.com/avisos/18/01/49/81/04/53/720x532/1605360213.jpg; https://img10.naventcdn.com/avisos/18/01/49/81/04/53/720x532/1605360068.jpg; https://img10.naventcdn.com/avisos/18/01/49/81/04/53/720x532/1605360048.jpg; https://img10.naventcdn.com/avisos/18/01/49/81/04/53/720x532/1605360093.jpg; https://img10.naventcdn.com/avisos/18/01/49/81/04/53/720x532/1605360156.jpg; https://img10.naventcdn.com/avisos/18/01/49/81/04/53/720x532/1605360186.jpg,Mexico,Quintana Roo,Tulum,20.1997998,-87.454707,Rent
Caribbean Realtors,https://www.inmuebles24.com/inmobiliarias/caribbean-realtors_50126006-inmuebles.html,Inmuebles24 (via parse.bot API),https://www.inmuebles24.com/propiedades/clasificado/alclapin-departamento-en-renta-en-aldea-zama-tulum-150534303.html,Departamento en Renta en Aldea Zama Tulum,Condo/Apartment,25000,MXN,2,2,122.0,m2,"Mpch6844kantee esta compuesto por 12 departamentos únicamente. Cada uno con 122m2 habitables, son 2 recamaras, cada una con baño completo y wc independiente, closet completo, una recamara con terraza y la otra recamara con balcón, cocina equipada, área de lavandería, sala comedor y terraza de buen tamaño. El departamento goza de buena distribución, se aprovecho al máximo los espacios, la construcción es de concreto armado, que es una estructura que integra la mezcla de concreto y acero para ofre...",https://img10.naventcdn.com/avisos/18/01/50/53/43/03/720x532/1620290203.jpg?isFirstImage=true; https://img10.naventcdn.com/avisos/18/01/50/53/43/03/720x532/1620290170.jpg; https://img10.naventcdn.com/avisos/18/01/50/53/43/03/720x532/1620290233.jpg; https://img10.naventcdn.com/avisos/18/01/50/53/43/03/720x532/1620290227.jpg; https://img10.naventcdn.com/avisos/18/01/50/53/43/03/720x532/1620290231.jpg; https://img10.naventcdn.com/avisos/18/01/50/53/43/03/720x532/1620290232.jpg; https://img10.naventcdn.com/avisos/18/01/50/53/43/03/720x532/1620290176.jpg; https://img10.naventcdn.com/avisos/18/01/50/53/43/03/720x532/1620290230.jpg,Mexico,Quintana Roo,Tulum,20.1997998,-87.454707,Rent
Paola Huerta - Realtor - Sales and Rentals,https://www.inmuebles24.com/inmobiliarias/paola-huerta-realtor-sales-and-rentals_102872515-inmuebles.html,Inmuebles24 (via parse.bot API),https://www.inmuebles24.com/propiedades/clasificado/alclapin-renta-a-largo-plazo-en-tulum-long-term-rental-tulum-149722734.html,Renta a Largo Plazo en Tulum - Long Term Rental Tulum,Condo/Apartment,21000,MXN,2,2,,m2,"Rentas A largo plazo en tulumpara atención personalizada contáctanos por WhatsApp a los siguientes números: Paola Huerta+52 (5522 43 8797) y Ramon Capocchia +<span class='descripcionDatosAnunciante'><button class='btn btn-link js-verDatos' href='#'>Ver datos</button></span>) Paramar BlackBienvenido a este hermoso departamento. Moderno departamento de 2 recámaras y 2 baños completos, totalmente amueblado y equipado, listo para habitar. * Ubicado en una de las zonas más exclusivas de Tulum. Caract...",https://img10.naventcdn.com/avisos/18/01/49/72/27/34/720x532/1603483353.jpg?isFirstImage=true; https://img10.naventcdn.com/avisos/18/01/49/72/27/34/720x532/1603483354.jpg; https://img10.naventcdn.com/avisos/18/01/49/72/27/34/720x532/1603483338.jpg; https://img10.naventcdn.com/avisos/18/01/49/72/27/34/720x532/1603483340.jpg; https://img10.naventcdn.com/avisos/18/01/49/72/27/34/720x532/1603483342.jpg; https://img10.naventcdn.com/avisos/18/01/49/72/27/34/720x532/1603483339.jpg; https://img10.naventcdn.com/avisos/18/01/49/72/27/34/720x532/1603483361.jpg; https://img10.naventcdn.com/avisos/18/01/49/72/27/34/720x532/1603483360.jpg,Mexico,Quintana Roo,Tulum,20.1997495,-87.4533874,Rent
Natalia Krasko,https://www.inmuebles24.com/inmobiliarias/natalia-krasko_103117107-inmuebles.html,Inmuebles24 (via parse.bot API),https://www.inmuebles24.com/propiedades/clasificado/alclappa-increible-departamento-con-terraza-salon-gigante-en-150662553.html,Increíble Departamento con Terraza - Salón Gigante en Tulum,Condo/Apartment,8500,MXN,1,1,45.0,m2,"¡El verdadero estilo de vida de Tulum con una zona exterior inigualable! Se renta espectacular propiedad que destaca por su diseño único и su perfecta integración con la naturaleza. El gran protagonista de este espacio es su impresionante y amplia terraza-salón, concebida como el corazón de la vivienda. Un área exterior generosa, ideal para montar una sala de estar al aire libre, un comedor principal o una zona lounge privada para disfrutar del clima tropical caribeño. Puntos clave: Gran terraza...",https://img10.naventcdn.com/avisos/18/01/50/66/25/53/720x532/1622873621.jpg?isFirstImage=true; https://img10.naventcdn.com/avisos/18/01/50/66/25/53/720x532/1622873622.jpg; https://img10.naventcdn.com/avisos/18/01/50/66/25/53/720x532/1622873624.jpg; https://img10.naventcdn.com/avisos/18/01/50/66/25/53/720x532/1622873625.jpg; https://img10.naventcdn.com/avisos/18/01/50/66/25/53/720x532/1622873623.jpg,Mexico,Quintana Roo,Tulum,,,Rent
TULUM REALTORS SA de CV,https://www.inmuebles24.com/inmobiliarias/tulum-realtors-sa-de-cv_50146364-inmuebles.html,Inmuebles24 (via parse.bot API),https://www.inmuebles24.com/propiedades/clasificado/alclapin-bonito-departamento-2-recamaras-aldea-tulum-en-renta-146997883.html,Bonito Departamento 2 Recamaras Aldea Tulum en Renta,Condo/Apartment,7000,MXN,2,1,,m2,"Nuevo A estrenar! En medio de un ambiente cómodo y agradable Para vivir este bonito departamento Cuenta con 2 Recamaras, 1 baño, Aire Acondicionado tipo mini-split, Ventiladores, Cocina, Sala, Comedor, Closets y Area de lavado. Tambien cuenta Areas verdes, Area de Juegos para niños, Asador, Palapa, Alberca y cajones de estacionamiento. Ubicado al lado del Cenote Zamna, A 7 minutos del Centro de Tulum y a 20 minutos del Aeropuerto.",https://img10.naventcdn.com/avisos/18/01/46/99/78/83/720x532/1545561736.jpg?isFirstImage=true; https://img10.naventcdn.com/avisos/18/01/46/99/78/83/720x532/1545561753.jpg; https://img10.naventcdn.com/avisos/18/01/46/99/78/83/720x532/1545561754.jpg; https://img10.naventcdn.com/avisos/18/01/46/99/78/83/720x532/1545561751.jpg; https://img10.naventcdn.com/avisos/18/01/46/99/78/83/720x532/1545561748.jpg; https://img10.naventcdn.com/avisos/18/01/46/99/78/83/720x532/1545561745.jpg; https://img10.naventcdn.com/avisos/18/01/46/99/78/83/720x532/1545561752.jpg; https://img10.naventcdn.com/avisos/18/01/46/99/78/83/720x532/1545561737.jpg,Mexico,Quintana Roo,Tulum,20.2086154,-87.4557017,Rent
Tulum Rental Homes,https://www.inmuebles24.com/inmobiliarias/tulum-rental-homes_102640624-inmuebles.html,Inmuebles24 (via parse.bot API),https://www.inmuebles24.com/propiedades/clasificado/alclapin-departamento-en-lool-village-149546415.html,Departamento en Lool Village,Condo/Apartment,23000,MXN,1,1,,m2,"Lool village La VeletaCaracterísticas destacadas 1 Habitación con cama king size1 Baño completoÁrea de cocina equipadaÁrea de sala con sofá camaAire acondicionado y smart tvAmplio jardín privadoAlberca privadaPrecio: $23, 000 mxn mensuales + depósito + servicios + $2. 500 mxn pago única vez por contrato/póliza. Incluye mantenimiento (hoa) e internet.",https://img10.naventcdn.com/avisos/18/01/49/54/64/15/720x532/1599742167.jpg?isFirstImage=true; https://img10.naventcdn.com/avisos/18/01/49/54/64/15/720x532/1599742168.jpg; https://img10.naventcdn.com/avisos/18/01/49/54/64/15/720x532/1599741271.jpg; https://img10.naventcdn.com/avisos/18/01/49/54/64/15/720x532/1599742159.jpg; https://img10.naventcdn.com/avisos/18/01/49/54/64/15/720x532/1599741270.jpg; https://img10.naventcdn.com/avisos/18/01/49/54/64/15/720x532/1599742155.jpg; https://img10.naventcdn.com/avisos/18/01/49/54/64/15/720x532/1599742162.jpg; https://img10.naventcdn.com/avisos/18/01/49/54/64/15/720x532/1599742157.jpg,Mexico,Quintana Roo,Tulum,20.2036409,-87.4761122,Rent
Tulum Rental Homes,https://www.inmuebles24.com/inmobiliarias/tulum-rental-homes_102640624-inmuebles.html,Inmuebles24 (via parse.bot API),https://www.inmuebles24.com/propiedades/clasificado/alclapin-cacao-a203-149546503.html,Cacao A203,Unknown,10000,MXN,,1,,m2,"Cacao A203La VeletaCaracterísticas Destacadas 1 baño completoconina equipada con hornoAmplia sala c/ cama king sizeAlberca privadaAmenidadesGimnasioAlberca compartida en la terrazaZona de Yoga para la armonía y relajaciónPrecio: $10, 000 mxn mensuales + depósito + servicios + $2. 500 mxn pago única vez por contrato/póliza. Incluye mantenimiento (hoa). trh id 249",https://img10.naventcdn.com/avisos/18/01/49/54/65/03/720x532/1599744577.jpg?isFirstImage=true; https://img10.naventcdn.com/avisos/18/01/49/54/65/03/720x532/1599742561.jpg; https://img10.naventcdn.com/avisos/18/01/49/54/65/03/720x532/1599744456.jpg; https://img10.naventcdn.com/avisos/18/01/49/54/65/03/720x532/1599742575.jpg; https://img10.naventcdn.com/avisos/18/01/49/54/65/03/720x532/1599744578.jpg; https://img10.naventcdn.com/avisos/18/01/49/54/65/03/720x532/1599744458.jpg; https://img10.naventcdn.com/avisos/18/01/49/54/65/03/720x532/1599744591.jpg; https://img10.naventcdn.com/avisos/18/01/49/54/65/03/720x532/1599744430.jpg,Mexico,Quintana Roo,Tulum,20.2025963,-87.4727791,Rent
Paraiso Real Estate Tulum,https://www.inmuebles24.com/inmobiliarias/paraiso-real-estate-tulum_50310732-inmuebles.html,Inmuebles24 (via parse.bot API),https://www.inmuebles24.com/propiedades/clasificado/alclapin-estudio-en-central-park-lagunas-en-tulum-con-patio-147535838.html,"Estudio en Central Park Lagunas en Tulum, con Patio Privado",Unknown,10500,MXN,1,1,,m2,"Estudio en Lagunas Central Park, con patio privado EquipadoDomótica systemWiFi de alta velocidadAmenidades Condominio: leaf Spa, Bar saludable, elevadores, co-working área, Piscina común de 700m2, gimnasio, Recepción, seguridad 24h, estacionamiento con cargas eléctrica. Precio valido para renta de 12 meses. Inlcuye internet, gym, vigilancia 24/7, jardineria cada 2 meses y cuota condominal. Pet friendly con mascotas pequeñas y bien portadas. El inquilino es 100% responsable de su mascota y cualqu...",https://img10.naventcdn.com/avisos/18/01/47/53/58/38/720x532/1601675055.jpg?isFirstImage=true; https://img10.naventcdn.com/avisos/18/01/47/53/58/38/720x532/1601675057.jpg; https://img10.naventcdn.com/avisos/18/01/47/53/58/38/720x532/1601675058.jpg; https://img10.naventcdn.com/avisos/18/01/47/53/58/38/720x532/1601675049.jpg; https://img10.naventcdn.com/avisos/18/01/47/53/58/38/720x532/1601675046.jpg; https://img10.naventcdn.com/avisos/18/01/47/53/58/38/720x532/1601675052.jpg; https://img10.naventcdn.com/avisos/18/01/47/53/58/38/720x532/1601675053.jpg; https://img10.naventcdn.com/avisos/18/01/47/53/58/38/720x532/1601675054.jpg,Mexico,Quintana Roo,Tulum,20.1973863017,-87.4719247712,Rent
Tulum Rental Homes,https://www.inmuebles24.com/inmobiliarias/tulum-rental-homes_102640624-inmuebles.html,Inmuebles24 (via parse.bot API),https://www.inmuebles24.com/propiedades/clasificado/alclapin-mistiq-temple-i-b306-renta-150400980.html,Mistiq Temple I - B306 — Renta,Condo/Apartment,40000,MXN,2,25,172.0,m2,"Departamento Amueblado en Mistiq TulumHay departamentos — y hay este. Imagina la mañana filtrándose por ventanales que contemplan la selva de Tulum, esa luz tamizada que transforma cada espacio en una galería natural. Este amueblado de 84 metros cuadrados en el nivel 3 de Mistiq respira con generosidad: dos recámaras pensadas para el descanso, dos baños y medio que hablan de comodidad, y espacios compartidos que invitan a vivir sin prisas. Ubicado sobre Kukulkán, el departamento aprovecha su pos...",https://img10.naventcdn.com/avisos/18/01/50/40/09/80/720x532/1617346764.jpg?isFirstImage=true; https://img10.naventcdn.com/avisos/18/01/50/40/09/80/720x532/1617346774.jpg; https://img10.naventcdn.com/avisos/18/01/50/40/09/80/720x532/1617346782.jpg; https://img10.naventcdn.com/avisos/18/01/50/40/09/80/720x532/1617346765.jpg; https://img10.naventcdn.com/avisos/18/01/50/40/09/80/720x532/1617346772.jpg; https://img10.naventcdn.com/avisos/18/01/50/40/09/80/720x532/1617346778.jpg; https://img10.naventcdn.com/avisos/18/01/50/40/09/80/720x532/1617346728.jpg; https://img10.naventcdn.com/avisos/18/01/50/40/09/80/720x532/1617346770.jpg,Mexico,Quintana Roo,Tulum,20.1804027,-87.4621811,Rent
Paraiso Real Estate Tulum,https://www.inmuebles24.com/inmobiliarias/paraiso-real-estate-tulum_50310732-inmuebles.html,Inmuebles24 (via parse.bot API),https://www.inmuebles24.com/propiedades/clasificado/alclapin-hermoso-depa-de-1-rec-con-piscina-y-patio-privado-en-150227575.html,Hermoso Depa de 1 Rec con Piscina y Patio Privado en Tulum,Condo/Apartment,12000,MXN,1,1,75.0,m2,"Departamento de 1 recamara con patio y piscina privadaEn La Veleta, Tulum, complejo con amenidades: Piscina comun, jardin, seguridad 24h, servicio de mantenimientoEl depa cuenta con una cocina completamente equipada, salon con smart Tv, 2 sofa amplio, baño completo con bodegaRecamara con closet amplioA/c y ventiladores de techo, patio privado con comedor y piscina privada. Barda electricaEstacionamiento exteriorLa renta incluye internet y cuota de mantenimiento. Pet friendlyNo subleaseexención d...",https://img10.naventcdn.com/avisos/18/01/50/22/75/75/720x532/1613722631.jpg?isFirstImage=true; https://img10.naventcdn.com/avisos/18/01/50/22/75/75/720x532/1613722633.jpg; https://img10.naventcdn.com/avisos/18/01/50/22/75/75/720x532/1613722629.jpg; https://img10.naventcdn.com/avisos/18/01/50/22/75/75/720x532/1613722667.jpg; https://img10.naventcdn.com/avisos/18/01/50/22/75/75/720x532/1613722637.jpg; https://img10.naventcdn.com/avisos/18/01/50/22/75/75/720x532/1613722635.jpg; https://img10.naventcdn.com/avisos/18/01/50/22/75/75/720x532/1613722636.jpg; https://img10.naventcdn.com/avisos/18/01/50/22/75/75/720x532/1613722669.jpg,Mexico,Quintana Roo,Tulum,20.2053551185,-87.4769633461,Rent
Tulum Rental Homes,https://www.inmuebles24.com/inmobiliarias/tulum-rental-homes_102640624-inmuebles.html,Inmuebles24 (via parse.bot API),https://www.inmuebles24.com/propiedades/clasificado/alclapin-departamento-en-bungalows-village-225-149947345.html,Departamento en Bungalows Village #225,Condo/Apartment,28000,MXN,2,2,,m2,"Bungalows village #225Aldea ZamaCaracterísticas destacadas2 Recamaras amplias con closet2 Baños completosCocina equipada con barra &amp;amp; hornoAmplia sala con tvComedorBalconesLava secadoraTerraza con alberca privadaAmenidadesAlberca ComúnAcceso controladoPalapa barÁrea para hamacasCentro holísticoEstacionamientoRecepción 24/7Precio: $28, 000 mxn mensuales + depósito + servicios + $2500 mxn contrato/ poliza. Incluye mantenimiento.",https://img10.naventcdn.com/avisos/18/01/49/94/73/45/720x532/1608177350.jpg?isFirstImage=true; https://img10.naventcdn.com/avisos/18/01/49/94/73/45/720x532/1608177278.jpg; https://img10.naventcdn.com/avisos/18/01/49/94/73/45/720x532/1608177299.jpg; https://img10.naventcdn.com/avisos/18/01/49/94/73/45/720x532/1608177375.jpg; https://img10.naventcdn.com/avisos/18/01/49/94/73/45/720x532/1608177308.jpg; https://img10.naventcdn.com/avisos/18/01/49/94/73/45/720x532/1608177390.jpg; https://img10.naventcdn.com/avisos/18/01/49/94/73/45/720x532/1608177317.jpg; https://img10.naventcdn.com/avisos/18/01/49/94/73/45/720x532/1608177359.jpg,Mexico,Quintana Roo,Tulum,20.1997998,-87.454707,Rent
paola,https://www.inmuebles24.com/inmobiliarias/paola_103115295-inmuebles.html,Inmuebles24 (via parse.bot API),https://www.inmuebles24.com/propiedades/clasificado/alclappa-loft-amueblado-con-alberca-swim-up-disponible-150634417.html,Loft Amueblado con Alberca Swim - Up | Disponible Inmediatamente | Tulum,Condo/Apartment,10000,MXN,1,1,60.0,m2,"Vive el estilo de vida de Tulum en este moderno loft completamente amueblado, ideal para una persona o pareja que busca comodidad, tranquilidad y una excelente ubicación. El departamento cuenta con una cómoda cama king size, sofá cama, cocina totalmente equipada, aire acondicionado, WiFi de alta velocidad, Smart tv, lavadora y una agradable terraza con acceso a la alberca tipo swim-up. El desarrollo ofrece excelentes amenidades para disfrutar todo el año: Alberca swim-up. Gimnasio. Áreas comunes...",https://img10.naventcdn.com/avisos/18/01/50/63/44/17/720x532/1622269240.jpg?isFirstImage=true; https://img10.naventcdn.com/avisos/18/01/50/63/44/17/720x532/1622269234.jpg; https://img10.naventcdn.com/avisos/18/01/50/63/44/17/720x532/1622269251.jpg; https://img10.naventcdn.com/avisos/18/01/50/63/44/17/720x532/1622269232.jpg; https://img10.naventcdn.com/avisos/18/01/50/63/44/17/720x532/1622269237.jpg; https://img10.naventcdn.com/avisos/18/01/50/63/44/17/720x532/1622269247.jpg; https://img10.naventcdn.com/avisos/18/01/50/63/44/17/720x532/1622269246.jpg; https://img10.naventcdn.com/avisos/18/01/50/63/44/17/720x532/1622269241.jpg,Mexico,Quintana Roo,Tulum,,,Rent
Paraiso Real Estate Tulum,https://www.inmuebles24.com/inmobiliarias/paraiso-real-estate-tulum_50310732-inmuebles.html,Inmuebles24 (via parse.bot API),https://www.inmuebles24.com/propiedades/clasificado/alclapin-penthouse-de-2-niveles-con-jacuzzi-y-terraza-privada-149682798.html,Penthouse de 2 Niveles con Jacuzzi y Terraza Privada en Riviera Tulum - Todo Incluido,Penthouse,35000,MXN,2,2,,m2,"Descubra el lujo y la comodidad en este excepcional penthouse de 2 niveles, ubicado en el exclusivo Fraccionamiento Riviera Tulum. Este departamento, completamente amueblado y equipado, se encuentra disponible para alquiler a largo plazo, con un mínimo de 3 meses. En el primer nivel, disfrute de una recámara con cama King Size, un sofá cama adicional, y una terraza privada ideal para relajarse. La cocina está totalmente equipada, complementada por un salón acogedor y dos baños completos. El segu...",https://img10.naventcdn.com/avisos/18/01/49/68/27/98/720x532/1602631568.jpg?isFirstImage=true; https://img10.naventcdn.com/avisos/18/01/49/68/27/98/720x532/1602631553.jpg; https://img10.naventcdn.com/avisos/18/01/49/68/27/98/720x532/1602631566.jpg; https://img10.naventcdn.com/avisos/18/01/49/68/27/98/720x532/1602631569.jpg; https://img10.naventcdn.com/avisos/18/01/49/68/27/98/720x532/1602631558.jpg; https://img10.naventcdn.com/avisos/18/01/49/68/27/98/720x532/1602631557.jpg; https://img10.naventcdn.com/avisos/18/01/49/68/27/98/720x532/1602631560.jpg; https://img10.naventcdn.com/avisos/18/01/49/68/27/98/720x532/1602631559.jpg,Mexico,Quintana Roo,Tulum,20.220821914,-87.4769802583,Rent
Kin Realty,https://www.inmuebles24.com/inmobiliarias/kin-realty_102378095-inmuebles.html,Inmuebles24 (via parse.bot API),https://www.inmuebles24.com/propiedades/clasificado/alclapin-departamento-en-nequen-147537065.html,Departamento en Nequen,Condo/Apartment,15000,MXN,1,,50.0,m2,"Departamento ubicado en Nequen Tulum dentro de la zona de la Veleta. Este desarrollo cuenta con alberca infinity y gym en el roof garden. Concierge, sky bar, salas con firepit y servicio de co-working. El departamento cuenta con una habitación, aires acondicionados, cocina integral y plunge pool privado en terraza. Completamente amueblado y equipado con todo lo que requieres para un agradable estancia. La zona donde se encuentra el departamento esta pavimentada. Cerca de supermercados y bancos. ...",https://img10.naventcdn.com/avisos/18/01/47/53/70/65/720x532/1558907186.jpg?isFirstImage=true; https://img10.naventcdn.com/avisos/18/01/47/53/70/65/720x532/1558907182.jpg; https://img10.naventcdn.com/avisos/18/01/47/53/70/65/720x532/1558907172.jpg; https://img10.naventcdn.com/avisos/18/01/47/53/70/65/720x532/1558907184.jpg; https://img10.naventcdn.com/avisos/18/01/47/53/70/65/720x532/1558907173.jpg; https://img10.naventcdn.com/avisos/18/01/47/53/70/65/720x532/1558907180.jpg; https://img10.naventcdn.com/avisos/18/01/47/53/70/65/720x532/1558907178.jpg; https://img10.naventcdn.com/avisos/18/01/47/53/70/65/720x532/1558907179.jpg,Mexico,Quintana Roo,Tulum,20.1964181,-87.4791349,Rent
KW RIVIERA MAYA,https://www.inmuebles24.com/inmobiliarias/kw-riviera-maya_102886263-inmuebles.html,Inmuebles24 (via parse.bot API),https://www.inmuebles24.com/propiedades/clasificado/alclapin-renta-de-departamento-tipo-estudio-en-residencial-tuk-149983112.html,Renta de Departamento Tipo Estudio en Residencial Tuk Tulum Art Walk,Condo/Apartment,14000,MXN,1,,64.0,m2,"Departamento Tipo Estudio, Amueblado a 1 km de la Playa en Tulum. Residencialtuk tulum art walk, diseñado en forma integral para brindar las comodidades, las amenidades de recreación y esparcimiento en un solo lugar, para promover un estilo de vida eficiente y sustentable, procurando vivir en total armonía y equilibrio con el ambiente sin perder la comodidad. Ubicado sobre la Av. Coba, a solo minutos de la zona hotelera de Tulum, el condominio tiene acceso directo a transporte publico, restauran...",https://img10.naventcdn.com/avisos/18/01/49/98/31/12/720x532/1609069500.jpg?isFirstImage=true; https://img10.naventcdn.com/avisos/18/01/49/98/31/12/720x532/1609069516.jpg; https://img10.naventcdn.com/avisos/18/01/49/98/31/12/720x532/1609069526.jpg; https://img10.naventcdn.com/avisos/18/01/49/98/31/12/720x532/1609069521.jpg; https://img10.naventcdn.com/avisos/18/01/49/98/31/12/720x532/1609069464.jpg; https://img10.naventcdn.com/avisos/18/01/49/98/31/12/720x532/1609069513.jpg; https://img10.naventcdn.com/avisos/18/01/49/98/31/12/720x532/1609069380.jpg; https://img10.naventcdn.com/avisos/18/01/49/98/31/12/720x532/1609069451.jpg,Mexico,Quintana Roo,Tulum,20.2000187,-87.4831646,Rent
Paraiso Real Estate Tulum,https://www.inmuebles24.com/inmobiliarias/paraiso-real-estate-tulum_50310732-inmuebles.html,Inmuebles24 (via parse.bot API),https://www.inmuebles24.com/propiedades/clasificado/alclapin-renta-departamento-de-2-habitaciones-en-natura-puerta-148361382.html,"Renta Departamento de 2 Habitaciones en Natura, Puerta Zama",Condo/Apartment,17500,MXN,2,2,136.0,m2,"Departamento de 2 recámaras en Torre Natura – Puerta ZamaApartamento moderno con 2 recámaras, 2 baños completos, acabados premiumUbicado en Torre Natura, Puerta Zama, en Aldea Zama: zona de alto crecimiento, cerca de servicios, playa, restaurantesAmenidades: piscina, seguridad 24/7, áreas comunes de lujoSuperficie total: 136 m² (interior + exterior) Incluye en la renta: Agua - cuota de condominioNo incluye: internet - Luz Mascotas pequeñasDeposito + primer mes de renta adelantadoEl inmueble esta...",https://img10.naventcdn.com/avisos/18/01/48/36/13/82/720x532/1604812836.jpg?isFirstImage=true; https://img10.naventcdn.com/avisos/18/01/48/36/13/82/720x532/1604812828.jpg; https://img10.naventcdn.com/avisos/18/01/48/36/13/82/720x532/1604812854.jpg; https://img10.naventcdn.com/avisos/18/01/48/36/13/82/720x532/1604812842.jpg; https://img10.naventcdn.com/avisos/18/01/48/36/13/82/720x532/1604812800.jpg; https://img10.naventcdn.com/avisos/18/01/48/36/13/82/720x532/1604812848.jpg; https://img10.naventcdn.com/avisos/18/01/48/36/13/82/720x532/1604812864.jpg; https://img10.naventcdn.com/avisos/18/01/48/36/13/82/720x532/1604812857.jpg,Mexico,Quintana Roo,Tulum,20.2010362,-87.4525497,Rent
Paola Huerta - Realtor - Sales and Rentals,https://www.inmuebles24.com/inmobiliarias/paola-huerta-realtor-sales-and-rentals_102872515-inmuebles.html,Inmuebles24 (via parse.bot API),https://www.inmuebles24.com/propiedades/clasificado/alclapin-renta-a-largo-plazo-en-tulum-long-term-rental-tulum-150015143.html,Renta a Largo Plazo en Tulum - Long Term Rental Tulum,Condo/Apartment,11500,MXN,1,1,,m2,"Rentas A largo plazo en tulumpara atención personalizada contáctanos por WhatsApp a los siguientes números: Paola Huerta: +52 (5522 43 8797) y Ramón Capocchia +<span class='descripcionDatosAnunciante'><button class='btn btn-link js-verDatos' href='#'>Ver datos</button></span>) Bienvenido a este hermoso departamento en: Aldea Savia, 1era faseTiene una amplia recámara con clóset y terrazaCocina súper equipada con hornoEstancia amplia con comedor y salaTv, lavadora - secadoraEl edificio cuenta con ...",https://img10.naventcdn.com/avisos/18/01/50/01/51/43/720x532/1609519766.jpg?isFirstImage=true; https://img10.naventcdn.com/avisos/18/01/50/01/51/43/720x532/1609519577.jpg; https://img10.naventcdn.com/avisos/18/01/50/01/51/43/720x532/1609519133.jpg; https://img10.naventcdn.com/avisos/18/01/50/01/51/43/720x532/1609519157.jpg; https://img10.naventcdn.com/avisos/18/01/50/01/51/43/720x532/1609519211.jpg; https://img10.naventcdn.com/avisos/18/01/50/01/51/43/720x532/1609519165.jpg; https://img10.naventcdn.com/avisos/18/01/50/01/51/43/720x532/1609519183.jpg; https://img10.naventcdn.com/avisos/18/01/50/01/51/43/720x532/1609519690.jpg,Mexico,Quintana Roo,Tulum,20.1997998,-87.454707,Rent
David B,https://www.inmuebles24.com/inmobiliarias/david-b_102500723-inmuebles.html,Inmuebles24 (via parse.bot API),https://www.inmuebles24.com/propiedades/clasificado/alclappa-hermoso-estudio-en-tulum-santal-la-veleta-146870183.html,"Hermoso Estudio en Tulum, Santal La Veleta",Unknown,7000,MXN,1,1,39.0,m2,"Excelente estudio, con acabados de lujo y cómodo para dormir. Cama king size. Pequeña area de cocina y utensilios. Closet con caja fuerte. Baño completo, moderno. Minisplit. Ventilador. Televisión amplia. Área de balcón., amplio y lindo baño, minisplit, ventilador, frigobar, balcón. El desarrollo cuenta con: Alberca amplia en Planta Baja. Vigilancia. Limpieza de áreas comunes. Área de Roof Garden con alberca y camastros. Área de lavado. Gimnasio. Área de coworking. Bar. Área de Yoga/meditación. ...",https://img10.naventcdn.com/avisos/18/01/46/87/01/83/720x532/1542886523.jpg?isFirstImage=true; https://img10.naventcdn.com/avisos/18/01/46/87/01/83/720x532/1542886522.jpg; https://img10.naventcdn.com/avisos/18/01/46/87/01/83/720x532/1542886526.jpg; https://img10.naventcdn.com/avisos/18/01/46/87/01/83/720x532/1542886529.jpg; https://img10.naventcdn.com/avisos/18/01/46/87/01/83/720x532/1542886528.jpg; https://img10.naventcdn.com/avisos/18/01/46/87/01/83/720x532/1542886530.jpg; https://img10.naventcdn.com/avisos/18/01/46/87/01/83/720x532/1542886524.jpg; https://img10.naventcdn.com/avisos/18/01/46/87/01/83/720x532/1542886531.jpg,Mexico,Quintana Roo,Tulum,20.2007362,-87.4733678,Rent
Paola Huerta - Realtor - Sales and Rentals,https://www.inmuebles24.com/inmobiliarias/paola-huerta-realtor-sales-and-rentals_102872515-inmuebles.html,Inmuebles24 (via parse.bot API),https://www.inmuebles24.com/propiedades/clasificado/alclapin-renta-a-largo-plazo-en-tulum-long-term-rental-tulum.-150050131.html,Renta a Largo Plazo en Tulum - Long Term Rental Tulum.,Condo/Apartment,12000,MXN,1,1,,m2,"Rentas A largo plazo en tulumpara atención personalizada contáctanos por WhatsApp a los siguientes números: Paola Huerta: +52 (5522 43 8797) y Ramón Capocchia +<span class='descripcionDatosAnunciante'><button class='btn btn-link js-verDatos' href='#'>Ver datos</button></span>) Bienvenido a este hermoso departamento, muy cómodo y luminoso. Parques ZamáDepartamento amplio y con luz naturalUbicado en primer piso1 recámara con clóset y tv1 baño completoSala y comedorCocinaSin lavadoraGimnasioCo work...",https://img10.naventcdn.com/avisos/18/01/50/05/01/31/720x532/1610199913.jpg?isFirstImage=true; https://img10.naventcdn.com/avisos/18/01/50/05/01/31/720x532/1610199917.jpg; https://img10.naventcdn.com/avisos/18/01/50/05/01/31/720x532/1610199918.jpg; https://img10.naventcdn.com/avisos/18/01/50/05/01/31/720x532/1610199923.jpg; https://img10.naventcdn.com/avisos/18/01/50/05/01/31/720x532/1610199922.jpg; https://img10.naventcdn.com/avisos/18/01/50/05/01/31/720x532/1610199921.jpg; https://img10.naventcdn.com/avisos/18/01/50/05/01/31/720x532/1610199925.jpg; https://img10.naventcdn.com/avisos/18/01/50/05/01/31/720x532/1610199910.jpg,Mexico,Quintana Roo,Tulum,20.1969648,-87.4625168,Rent
Tulum Rental Homes,https://www.inmuebles24.com/inmobiliarias/tulum-rental-homes_102640624-inmuebles.html,Inmuebles24 (via parse.bot API),https://www.inmuebles24.com/propiedades/clasificado/alclapin-tao-tulum-323-renta-150450146.html,Tao Tulum - 323 — Renta,Penthouse,22000,MXN,2,2,,m2,"Una oportunidad poco común: este penthouse en Tao Tulum te recibe con una calma que pocas veces encuentras en el mercado. Ubicado en Aldea Zamá, en el corazón de Tulum, es un refugio pensado para quien busca vivir sin ruido, sin excesos. Dos recámaras y dos baños completos distribuidos de forma inteligente, amueblado con gusto y listo para mudarse sin la menor preocupación. Apenas entras, la luz natural fluye desde las ventanas corredizas hacia el frondoso verde que rodea la propiedad. La paleta...",https://img10.naventcdn.com/avisos/18/01/50/45/01/46/720x532/1618349893.jpg?isFirstImage=true; https://img10.naventcdn.com/avisos/18/01/50/45/01/46/720x532/1618349909.jpg; https://img10.naventcdn.com/avisos/18/01/50/45/01/46/720x532/1618349910.jpg; https://img10.naventcdn.com/avisos/18/01/50/45/01/46/720x532/1618349890.jpg; https://img10.naventcdn.com/avisos/18/01/50/45/01/46/720x532/1618349908.jpg; https://img10.naventcdn.com/avisos/18/01/50/45/01/46/720x532/1618349895.jpg; https://img10.naventcdn.com/avisos/18/01/50/45/01/46/720x532/1618349926.jpg; https://img10.naventcdn.com/avisos/18/01/50/45/01/46/720x532/1618349896.jpg,Mexico,Quintana Roo,Tulum,20.2121498,-87.4812509,Rent
AH Bienes Raíces Mx ,https://www.inmuebles24.com/inmobiliarias/ah-bienes-raices-mx_102241764-inmuebles.html,Inmuebles24 (via parse.bot API),https://www.inmuebles24.com/propiedades/clasificado/alclapin-departamento-tulum-centro-150669670.html,Departamento - Tulum Centro,Condo/Apartment,7500,MXN,2,1,45.0,m2,"¡Departamento en renta listo para habitar! Disfruta de un espacio cómodo, funcional y completamente equipado, ideal para quienes buscan tranquilidad y practicidad. Además, cuenta con un patio trasero techado, perfecto para reuniones familiares o con amigos, disfrutar una comida al aire libre, crear un área de descanso o simplemente aprovechar un espacio adicional protegido del sol y la lluvia. Equipamiento: Lavadora. Parrilla de gas con campana. Horno de microondas. Cafetera. Licuadora. Refriger...",https://img10.naventcdn.com/avisos/18/01/50/66/96/70/720x532/1623001765.jpg?isFirstImage=true; https://img10.naventcdn.com/avisos/18/01/50/66/96/70/720x532/1623001839.jpg; https://img10.naventcdn.com/avisos/18/01/50/66/96/70/720x532/1623001849.jpg; https://img10.naventcdn.com/avisos/18/01/50/66/96/70/720x532/1623001781.jpg; https://img10.naventcdn.com/avisos/18/01/50/66/96/70/720x532/1623001748.jpg; https://img10.naventcdn.com/avisos/18/01/50/66/96/70/720x532/1623001659.jpg; https://img10.naventcdn.com/avisos/18/01/50/66/96/70/720x532/1623001735.jpg; https://img10.naventcdn.com/avisos/18/01/50/66/96/70/720x532/1623001699.jpg,Mexico,Quintana Roo,Tulum,20.195095348,-87.5302133481,Rent
Paraiso Real Estate Tulum,https://www.inmuebles24.com/inmobiliarias/paraiso-real-estate-tulum_50310732-inmuebles.html,Inmuebles24 (via parse.bot API),https://www.inmuebles24.com/propiedades/clasificado/alclapin-renta-dep-una-recamara-en-zona-comercial-aldea-zama-149682994.html,Renta Dep Una Recamara en Zona Comercial - Aldea Zama,Commercial,10000,MXN,1,1,68.0,m2,"Renta largo plazo unidad de 1 recamara, en Aldea ZamaCondominio de solo 4 recama king size un baño completosala comedor balcon estacionamiento frente edificioventiladores, aire condicionada en toda la recamaras internet telmexmantenimiento del condominio y de Aldea Zama incluydo Mascotas pequeñasun mes de deposito mas el primer mes en adelantado. disclaimer: The information that appears on this property given by the owner. Paraiso Real Estate makes every effort to ensure the accuracy of this inf...",https://img10.naventcdn.com/avisos/18/01/49/68/29/94/720x532/1604329733.jpg?isFirstImage=true; https://img10.naventcdn.com/avisos/18/01/49/68/29/94/720x532/1604329740.jpg; https://img10.naventcdn.com/avisos/18/01/49/68/29/94/720x532/1604329877.jpg; https://img10.naventcdn.com/avisos/18/01/49/68/29/94/720x532/1604329735.jpg; https://img10.naventcdn.com/avisos/18/01/49/68/29/94/720x532/1604329741.jpg; https://img10.naventcdn.com/avisos/18/01/49/68/29/94/720x532/1602635599.jpg; https://img10.naventcdn.com/avisos/18/01/49/68/29/94/720x532/1604329762.jpg; https://img10.naventcdn.com/avisos/18/01/49/68/29/94/720x532/1604329908.jpg,Mexico,Quintana Roo,Tulum,20.1994826277,-87.4633463952,Rent
Paola Huerta - Realtor - Sales and Rentals,https://www.inmuebles24.com/inmobiliarias/paola-huerta-realtor-sales-and-rentals_102872515-inmuebles.html,Inmuebles24 (via parse.bot API),https://www.inmuebles24.com/propiedades/clasificado/alclapin-renta-a-largo-plazo-en-tulum-long-term-rental-tulum-149722610.html,Renta a Largo Plazo en Tulum - Long Term Rental Tulum,Unknown,23000,MXN,2,2,,m2,"Rentas A largo plazo en tulumpara atención personalizada contáctanos por WhatsApp a los siguientes números: Paola Huerta+52 (5522 43 8797) y Ramon Capocchia +<span class='descripcionDatosAnunciante'><button class='btn btn-link js-verDatos' href='#'>Ver datos</button></span>) Attha Cenote, Aldea ZamáUbicado en Planta baja2 Habitaciones con clóset y tv2 Baños completosCocina equipada y ampliaSala y comedor. Lavadora - secadora$23, 000 mncontáctame para una cita y pregunta por listados de venta y r...",https://img10.naventcdn.com/avisos/18/01/49/72/26/10/720x532/1603480199.jpg?isFirstImage=true; https://img10.naventcdn.com/avisos/18/01/49/72/26/10/720x532/1603480202.jpg; https://img10.naventcdn.com/avisos/18/01/49/72/26/10/720x532/1603480195.jpg; https://img10.naventcdn.com/avisos/18/01/49/72/26/10/720x532/1603480198.jpg; https://img10.naventcdn.com/avisos/18/01/49/72/26/10/720x532/1603480190.jpg; https://img10.naventcdn.com/avisos/18/01/49/72/26/10/720x532/1603480194.jpg; https://img10.naventcdn.com/avisos/18/01/49/72/26/10/720x532/1603480200.jpg; https://img10.naventcdn.com/avisos/18/01/49/72/26/10/720x532/1603480204.jpg,Mexico,Quintana Roo,Tulum,20.2025509,-87.4594803,Rent
de.lafuente1987,https://www.inmuebles24.com/inmobiliarias/de.lafuente1987_50837231-inmuebles.html,Inmuebles24 (via parse.bot API),https://www.inmuebles24.com/propiedades/clasificado/alclappa-estudio-amueblado-tulum-59341916.html,Estudio Amueblado Tulum,Unknown,6000,MXN,1,1,1.0,m2,"El estudio cuenta con: ️ Cama King Size. 1 baño completo. Clóset con caja de seguridad. Cocina equipada con refrigerador, microondas y estufa de inducción digital. Terraza compartida. ️ Aire acondicionado. 1 espacio de estacionamiento. Agua caliente y cisterna. Zona tranquila, céntrica y de alta plusvalía. Renta a largo plazo (6 meses) $6, 000 mxn mensuales. $3, 000 mxn de depósito. Ideal para una persona o pareja que busque comodidad, excelente ubicación y un espacio listo para vivir. Informes ...",https://img10.naventcdn.com/avisos/18/00/59/34/19/16/720x532/1620975424.jpg?isFirstImage=true; https://img10.naventcdn.com/avisos/18/00/59/34/19/16/720x532/1620975421.jpg; https://img10.naventcdn.com/avisos/18/00/59/34/19/16/720x532/1620975422.jpg; https://img10.naventcdn.com/avisos/18/00/59/34/19/16/720x532/1620975423.jpg; https://img10.naventcdn.com/avisos/18/00/59/34/19/16/720x532/1620975425.jpg,Mexico,Quintana Roo,Tulum,20.2087405,-87.4683103,Rent
My Property Rm,https://www.inmuebles24.com/inmobiliarias/my-property-rm_102587251-inmuebles.html,Inmuebles24 (via parse.bot API),https://www.inmuebles24.com/propiedades/clasificado/alclapin-departamento-tulum-144373290.html,Departamento - Tulum,Condo/Apartment,25000,MXN,2,,,m2,"Casa Nukal esta situado en la Fase 2 del barrio privado residencial Aldea Savia. Un lugar muy tranquilo, seguro y privado, ideal para familias y para todo aquel que busca paz, relajación y tranquilidad en medio de la bella jungla Mexicana. 2 recamaras2 bañosSalaComedorccinaPiscinaárea de juegos niños AmuebladoEquipadolavandería",https://img10.naventcdn.com/avisos/18/01/44/37/32/90/720x532/1481698480.jpg?isFirstImage=true; https://img10.naventcdn.com/avisos/18/01/44/37/32/90/720x532/1481698497.jpg; https://img10.naventcdn.com/avisos/18/01/44/37/32/90/720x532/1481698485.jpg; https://img10.naventcdn.com/avisos/18/01/44/37/32/90/720x532/1481698473.jpg; https://img10.naventcdn.com/avisos/18/01/44/37/32/90/720x532/1481698483.jpg; https://img10.naventcdn.com/avisos/18/01/44/37/32/90/720x532/1481698475.jpg; https://img10.naventcdn.com/avisos/18/01/44/37/32/90/720x532/1481698496.jpg; https://img10.naventcdn.com/avisos/18/01/44/37/32/90/720x532/1481698495.jpg,Mexico,Quintana Roo,Tulum,20.2114185,-87.4653502,Rent
5 Bienes Raices,https://www.inmuebles24.com/inmobiliarias/5-bienes-raices_103021511-inmuebles.html,Inmuebles24 (via parse.bot API),https://www.inmuebles24.com/propiedades/clasificado/alclapin-departamento-en-venta-allegro-tulum-la-veleta-150707282.html,Departamento en Venta Allegro Tulum La Veleta,Condo/Apartment,25000,MXN,2,2,110.0,m2,"Departamento en venta allegro tulumprecio: $8, 000, 000 mxn Ubicación: La Veleta, TulumVive la experiencia Allegro: lujo, privacidad y naturaleza en armonía! Descubre este espectacular departamento de 110. 53 m2 con un diseño moderno, arte mural vibrante y una atmósfera única que te invita a relajarte y reconectar con lo esencial. Características destacadas: 2 recámaras amplias y 2 baños completosBalcón y 2 piscinas privadasDecoración contemporánea y cautivadoraCocina equipada y espacios abierto...",https://img10.naventcdn.com/avisos/18/01/50/70/72/82/720x532/1623787176.jpg?isFirstImage=true; https://img10.naventcdn.com/avisos/18/01/50/70/72/82/720x532/1623787221.jpg; https://img10.naventcdn.com/avisos/18/01/50/70/72/82/720x532/1623787190.jpg; https://img10.naventcdn.com/avisos/18/01/50/70/72/82/720x532/1623787197.jpg; https://img10.naventcdn.com/avisos/18/01/50/70/72/82/720x532/1623787206.jpg; https://img10.naventcdn.com/avisos/18/01/50/70/72/82/720x532/1623787214.jpg; https://img10.naventcdn.com/avisos/18/01/50/70/72/82/720x532/1623787177.jpg; https://img10.naventcdn.com/avisos/18/01/50/70/72/82/720x532/1623787183.jpg,Mexico,Quintana Roo,Tulum,20.1997669,-87.4730104,Rent
Tulum Rental Homes,https://www.inmuebles24.com/inmobiliarias/tulum-rental-homes_102640624-inmuebles.html,Inmuebles24 (via parse.bot API),https://www.inmuebles24.com/propiedades/clasificado/alclapin-departamento-en-villa-zena-lisa-146801629.html,Departamento en Villa Zena Lisa,Villa,12500,MXN,1,2,,m2,"Villa Zena Liza? La Veleta. Características destacadas 1 DormitorioSalaComedor2 BañosAmenidades PiscinaPrecio $12, 500 mxn + depósito + $2, 500 mxn (póliza/contrato de 1 año) Incluye wifi + mantenimiento de piscina y áreas comunes (hoa)",https://img10.naventcdn.com/avisos/18/01/46/80/16/29/720x532/1540846567.jpg?isFirstImage=true; https://img10.naventcdn.com/avisos/18/01/46/80/16/29/720x532/1540846561.jpg; https://img10.naventcdn.com/avisos/18/01/46/80/16/29/720x532/1540846565.jpg; https://img10.naventcdn.com/avisos/18/01/46/80/16/29/720x532/1540846564.jpg; https://img10.naventcdn.com/avisos/18/01/46/80/16/29/720x532/1540846566.jpg; https://img10.naventcdn.com/avisos/18/01/46/80/16/29/720x532/1540846562.jpg; https://img10.naventcdn.com/avisos/18/01/46/80/16/29/720x532/1540846568.jpg; https://img10.naventcdn.com/avisos/18/01/46/80/16/29/720x532/1540846569.jpg,Mexico,Quintana Roo,Tulum,20.2005543,-87.4771088,Rent
Tulum Rental Homes,https://www.inmuebles24.com/inmobiliarias/tulum-rental-homes_102640624-inmuebles.html,Inmuebles24 (via parse.bot API),https://www.inmuebles24.com/propiedades/clasificado/alclapin-xiimbal-35-ph-sin-muebles-148024997.html,Xiimbal #35 PH (Sin Muebles),Unknown,20500,MXN,2,2,,m2,"Xiimbal #35 ph (sin muebles) La VeletaCaracterísticas destacadas 2 Recamaras amplias con closet, 1 con lock off2 Baños completos &amp;amp; 1 medio bañoCocinaEspacio para sala &amp;amp; comedorA/C &amp;amp; ventiladores de techoBalconesTerraza c/ alberca privadaAmenidadesAlberca compartidaGimnasioAsoleaderosJardines y espacios verdesSeguridad 24/7Precio: $20, 500 mxn mensuales + depósito + servicios + $2, 500 mxn contrato/póliza. Incluye mantenimiento(hoa). trh id 1045",https://img10.naventcdn.com/avisos/18/01/48/02/49/97/720x532/1568858953.jpg?isFirstImage=true; https://img10.naventcdn.com/avisos/18/01/48/02/49/97/720x532/1568858952.jpg; https://img10.naventcdn.com/avisos/18/01/48/02/49/97/720x532/1568858948.jpg; https://img10.naventcdn.com/avisos/18/01/48/02/49/97/720x532/1568858938.jpg; https://img10.naventcdn.com/avisos/18/01/48/02/49/97/720x532/1568858937.jpg; https://img10.naventcdn.com/avisos/18/01/48/02/49/97/720x532/1568858945.jpg; https://img10.naventcdn.com/avisos/18/01/48/02/49/97/720x532/1568858946.jpg; https://img10.naventcdn.com/avisos/18/01/48/02/49/97/720x532/1568858943.jpg,Mexico,Quintana Roo,Tulum,20.2025963,-87.4727791,Rent
ROYAL CASA,https://www.inmuebles24.com/inmobiliarias/royal-casa_51166688-inmuebles.html,Inmuebles24 (via parse.bot API),https://www.inmuebles24.com/propiedades/clasificado/alclapin-departamento-en-renta-en-tulum-amueblado-la-veleta-148436906.html,Departamento en Renta en Tulum Amueblado La Veleta,Condo/Apartment,8200,MXN,1,1,55.0,m2,"Departamento en renta en tulum amueblado la veletadepartamento tipo estudio en Renta en La Veleta, Tulum. Se ubica atrás del condominio Central Park a una cuadras del centro por lo que todo está cerca, como, restaurantes, comercios, tiendas, cafeterías, etc. Y se puede aprovechar el acceso a la playa a 10 minutos por la Avenida Kukulkan. Se encuentra equipado y amueblado con lo siguiente: - Cama Queen size con canguro abajo con cama individual. - Sillas Acapulco con mesa en la terraza- Juego de ...",https://img10.naventcdn.com/avisos/18/01/48/43/69/06/720x532/1577152994.jpg?isFirstImage=true; https://img10.naventcdn.com/avisos/18/01/48/43/69/06/720x532/1577152997.jpg; https://img10.naventcdn.com/avisos/18/01/48/43/69/06/720x532/1577152996.jpg; https://img10.naventcdn.com/avisos/18/01/48/43/69/06/720x532/1577152991.jpg; https://img10.naventcdn.com/avisos/18/01/48/43/69/06/720x532/1577152993.jpg; https://img10.naventcdn.com/avisos/18/01/48/43/69/06/720x532/1577153000.jpg; https://img10.naventcdn.com/avisos/18/01/48/43/69/06/720x532/1577153002.jpg; https://img10.naventcdn.com/avisos/18/01/48/43/69/06/720x532/1577153007.jpg,Mexico,Quintana Roo,Tulum,20.1994901966,-87.469909173,Rent
Tulum Rental Homes,https://www.inmuebles24.com/inmobiliarias/tulum-rental-homes_102640624-inmuebles.html,Inmuebles24 (via parse.bot API),https://www.inmuebles24.com/propiedades/clasificado/alclapin-departamento-en-adora-406-ph-146856947.html,Departamento en Adora #406 PH,Condo/Apartment,26000,MXN,,1,,m2,"Adora #406 phaldea ZamaCaracterísticas destacadas Habitación amplia con armarioBaño complejoCocina completaComedor con tvhermosa vista de la selvaAmenidades Alberca compartidaSpaCenoteMiradorRestauranteRecepción 24 horasPrecio: $26, 000 por mes + depósito + Servicios + $2, 500 póliza/contrato. Incluye mantenimiento (hoa).",https://img10.naventcdn.com/avisos/18/01/46/85/69/47/720x532/1542355335.jpg?isFirstImage=true; https://img10.naventcdn.com/avisos/18/01/46/85/69/47/720x532/1542355347.jpg; https://img10.naventcdn.com/avisos/18/01/46/85/69/47/720x532/1542355338.jpg; https://img10.naventcdn.com/avisos/18/01/46/85/69/47/720x532/1542355334.jpg; https://img10.naventcdn.com/avisos/18/01/46/85/69/47/720x532/1542355331.jpg; https://img10.naventcdn.com/avisos/18/01/46/85/69/47/720x532/1542355344.jpg; https://img10.naventcdn.com/avisos/18/01/46/85/69/47/720x532/1542355349.jpg; https://img10.naventcdn.com/avisos/18/01/46/85/69/47/720x532/1542355339.jpg,Mexico,Quintana Roo,Tulum,20.2114185,-87.4653502,Rent
Tulum Rental Homes,https://www.inmuebles24.com/inmobiliarias/tulum-rental-homes_102640624-inmuebles.html,Inmuebles24 (via parse.bot API),https://www.inmuebles24.com/propiedades/clasificado/alclapin-departamento-en-mistiq-villas-16-149546373.html,Departamento en Mistiq Villas #16,Condo/Apartment,40000,MXN,3,3,,m2,"Mistiq villas #16 Región 15Características Destacadas3 Recámaras amplias con closet3 Baños completos &amp;amp; 1 medio bañoAmplia sala con tvcomedor para 6 personasCocina equipada con barra &amp;amp; hornoEquipamiento de lujoLava secadoraTerraza privada con jacuzziAmenidades Estacionamiento abiertoGimnasio de categoríaAlberca compartidaNumerosas áreas verdes Precio: $40, 000 mxn mensuales + depósito + servicios + $2. 500 mxn contrato/póliza. Incluye mantenimiento(hoa)",https://img10.naventcdn.com/avisos/18/01/49/54/63/73/720x532/1599740938.jpg?isFirstImage=true; https://img10.naventcdn.com/avisos/18/01/49/54/63/73/720x532/1599740933.jpg; https://img10.naventcdn.com/avisos/18/01/49/54/63/73/720x532/1599740757.jpg; https://img10.naventcdn.com/avisos/18/01/49/54/63/73/720x532/1599746198.jpg; https://img10.naventcdn.com/avisos/18/01/49/54/63/73/720x532/1599740928.jpg; https://img10.naventcdn.com/avisos/18/01/49/54/63/73/720x532/1599740939.jpg; https://img10.naventcdn.com/avisos/18/01/49/54/63/73/720x532/1599740937.jpg; https://img10.naventcdn.com/avisos/18/01/49/54/63/73/720x532/1599740760.jpg,Mexico,Quintana Roo,Tulum,20.1810567,-87.4702385,Rent
Karen Szumowski Asesora Inmobiliaria,https://www.inmuebles24.com/inmobiliarias/karen-szumowski-asesora-inmobiliaria_102944090-inmuebles.html,Inmuebles24 (via parse.bot API),https://www.inmuebles24.com/propiedades/clasificado/alclapin-exclusivo-departamento-en-akumal-en-renta-a-$35-000-148167702.html,"Exclusivo Departamento en Akumal en Renta a $35,000 Mxn",Condo/Apartment,35000,MXN,2,2,,m2,"Anah suites A4Características destacadas2 Recámaras amplias con closet &amp;amp; tv2 Baños completos &amp;amp; 1 medio bañoCocina equipada con islaSala amplia con tvcomedor Terraza &amp;amp; zona de relajaciónAlberca privadaParrillaJardínAmenidades2 Albercas compartidasAcceso a la playaPrecio: $35, 000 mxn mensuales + depósito + servicios + $2, 500 mxn contrato/póliza. Incluye mantenimiento condominal(hoa)",https://img10.naventcdn.com/avisos/18/01/48/16/77/02/720x532/1571719123.jpg?isFirstImage=true; https://img10.naventcdn.com/avisos/18/01/48/16/77/02/720x532/1571719127.jpg; https://img10.naventcdn.com/avisos/18/01/48/16/77/02/720x532/1571719126.jpg; https://img10.naventcdn.com/avisos/18/01/48/16/77/02/720x532/1571719124.jpg; https://img10.naventcdn.com/avisos/18/01/48/16/77/02/720x532/1571719117.jpg; https://img10.naventcdn.com/avisos/18/01/48/16/77/02/720x532/1571719141.jpg; https://img10.naventcdn.com/avisos/18/01/48/16/77/02/720x532/1571719139.jpg; https://img10.naventcdn.com/avisos/18/01/48/16/77/02/720x532/1571719145.jpg,Mexico,Quintana Roo,Tulum,20.3959736,-87.315901,Rent
Stayzify Agency,https://www.inmuebles24.com/inmobiliarias/stayzify-agency_102671155-inmuebles.html,Inmuebles24 (via parse.bot API),https://www.inmuebles24.com/propiedades/clasificado/alclapin-penthouse-de-2-recamaras-en-renta-en-tao-tulum-150727381.html,Penthouse de 2 Recámaras en Renta en Tao – Tulum Country Club,Penthouse,29000,MXN,2,2,130.0,m2,"Penthouse en Renta de 2 recamaras en renta a largo plazo ubicado en tao dentro de Tulum Country Club, una comunidad residencial reconocida por su entorno natural, áreas verdes y acceso a amenidades exclusivas como campo de golf, club de playa y servicio interno de transportación en carritos de golf. Una opción ideal para quienes buscan un estilo de vida cómodo, privado y rodeado de naturaleza. ubicacionel desarrollo tao ofrece alberca para adultos, alberca para niños, senderos, áreas verdes y ac...",https://img10.naventcdn.com/avisos/18/01/50/72/73/81/720x532/1624201576.jpg?isFirstImage=true; https://img10.naventcdn.com/avisos/18/01/50/72/73/81/720x532/1624201586.jpg; https://img10.naventcdn.com/avisos/18/01/50/72/73/81/720x532/1624201579.jpg; https://img10.naventcdn.com/avisos/18/01/50/72/73/81/720x532/1624201572.jpg; https://img10.naventcdn.com/avisos/18/01/50/72/73/81/720x532/1624201573.jpg; https://img10.naventcdn.com/avisos/18/01/50/72/73/81/720x532/1624201577.jpg; https://img10.naventcdn.com/avisos/18/01/50/72/73/81/720x532/1624201580.jpg; https://img10.naventcdn.com/avisos/18/01/50/72/73/81/720x532/1624201581.jpg,Mexico,Quintana Roo,Tulum,20.3758477,-87.340396,Rent
B&A Caribbean Real Estate,https://www.inmuebles24.com/inmobiliarias/b-a-caribbean-real-estate_51261789-inmuebles.html,Inmuebles24 (via parse.bot API),https://www.inmuebles24.com/propiedades/clasificado/alclapin-departamento-en-renta-o-venta-en-tulum-quintana-roo-150665693.html,"Departamento en Renta o Venta en Tulum, Quintana Roo",Condo/Apartment,20000,MXN,2,2,90.0,m2,"Departamento en renta o venta en Solemn Peaceful Condos, Tulum, con sistema Lock-Off, roof top con alberca y seguridad privada las 24 horas. Características principales de la propiedad- Departamento amueblado- 90 m² de construcción (969 sq ft) - 2 recámaras con camas King Size- 2 baños completos- Sistema Lock-Off- 1 cajón de estacionamiento cubierto- Elevador- La renta incluye cuota de mantenimiento condominalDistribución y extras relevantes- Cocina integrada al área social- Sala y comedor con d...",https://img10.naventcdn.com/avisos/18/01/50/66/56/93/720x532/1622931584.jpg?isFirstImage=true; https://img10.naventcdn.com/avisos/18/01/50/66/56/93/720x532/1622931601.jpg; https://img10.naventcdn.com/avisos/18/01/50/66/56/93/720x532/1622931594.jpg; https://img10.naventcdn.com/avisos/18/01/50/66/56/93/720x532/1622931600.jpg; https://img10.naventcdn.com/avisos/18/01/50/66/56/93/720x532/1622931604.jpg; https://img10.naventcdn.com/avisos/18/01/50/66/56/93/720x532/1622931581.jpg; https://img10.naventcdn.com/avisos/18/01/50/66/56/93/720x532/1622931603.jpg; https://img10.naventcdn.com/avisos/18/01/50/66/56/93/720x532/1622931590.jpg,Mexico,Quintana Roo,Tulum,20.1910038176,-87.4773751858,Rent
Tulum Rental Homes,https://www.inmuebles24.com/inmobiliarias/tulum-rental-homes_102640624-inmuebles.html,Inmuebles24 (via parse.bot API),https://www.inmuebles24.com/propiedades/clasificado/alclapin-departamento-en-region-15-149546412.html,Departamento en Region 15,Condo/Apartment,35000,MXN,2,2,,m2,"Atman villages #118Region 15Características destacadas2 habitaciones 2 camas king size2. 5 baños completosRooftop privado con albercaJardín privado con albercaSalaComedorCocinaAmenidadesGimnasioAlbercaRecepciónSeguridad 24/7Precio: $35, 000 mxn mensuales + depósito + servicios + $2. 500 mxn pago única vez por contrato/póliza. Incluye mantenimiento (hoa).",https://img10.naventcdn.com/avisos/18/01/49/54/64/12/720x532/1599741951.jpg?isFirstImage=true; https://img10.naventcdn.com/avisos/18/01/49/54/64/12/720x532/1599742617.jpg; https://img10.naventcdn.com/avisos/18/01/49/54/64/12/720x532/1599742601.jpg; https://img10.naventcdn.com/avisos/18/01/49/54/64/12/720x532/1599741945.jpg; https://img10.naventcdn.com/avisos/18/01/49/54/64/12/720x532/1599741981.jpg; https://img10.naventcdn.com/avisos/18/01/49/54/64/12/720x532/1599742631.jpg; https://img10.naventcdn.com/avisos/18/01/49/54/64/12/720x532/1599741979.jpg; https://img10.naventcdn.com/avisos/18/01/49/54/64/12/720x532/1599741949.jpg,Mexico,Quintana Roo,Tulum,20.1810567,-87.4702385,Rent
Margin Realtors,https://www.inmuebles24.com/inmobiliarias/margin-realtors_50901791-inmuebles.html,Inmuebles24 (via parse.bot API),https://www.inmuebles24.com/propiedades/clasificado/alclapin-departamento-tulum-149810431.html,Departamento - Tulum,Condo/Apartment,35000,MXN,2,2,,m2,"Xdaeroga02amventa O renta de departamento en agua de mar aldea zama tulum zona de alta plusvalíaagua de Mar (Tulum) Departamento total mente amueblado excelente para vivienda propia o para inversión (renta vacacional). Cuenta con dos recamaras. Nivel: 3 (ph) Terraza con jacuzzi Sala comedor Barra desayunador Cocina integral (refrigerador, horno, y horno de microondas) 2 recamaras con Closets 2 baños completos Y ½ visitas Cuarto de lavado (con centro de lavado) Acondicionado: ventiladores y mini ...",https://img10.naventcdn.com/avisos/18/01/49/81/04/31/720x532/1605359807.jpg?isFirstImage=true; https://img10.naventcdn.com/avisos/18/01/49/81/04/31/720x532/1605359818.jpg; https://img10.naventcdn.com/avisos/18/01/49/81/04/31/720x532/1605359761.jpg; https://img10.naventcdn.com/avisos/18/01/49/81/04/31/720x532/1605359735.jpg; https://img10.naventcdn.com/avisos/18/01/49/81/04/31/720x532/1605359797.jpg; https://img10.naventcdn.com/avisos/18/01/49/81/04/31/720x532/1605359950.jpg; https://img10.naventcdn.com/avisos/18/01/49/81/04/31/720x532/1605359899.jpg; https://img10.naventcdn.com/avisos/18/01/49/81/04/31/720x532/1605359787.jpg,Mexico,Quintana Roo,Tulum,20.2015284,-87.4567844,Rent
Tulum Rental Homes,https://www.inmuebles24.com/inmobiliarias/tulum-rental-homes_102640624-inmuebles.html,Inmuebles24 (via parse.bot API),https://www.inmuebles24.com/propiedades/clasificado/alclapin-mistiq-gardens-ii-27-renta-150303477.html,Mistiq Gardens II - 27 — Renta,Condo/Apartment,17000,MXN,1,1,78.0,m2,"Departamento Amueblado en Mistiq Gardens ii, TulumDiseñado para quienes buscan una base cómoda en el corazón de Tulum, este departamento de una recámara ofrece todo lo esencial en 78 metros cuadrados bien distribuidos. Imagina las primeras luces del día filtrándose por sus ventanales, iluminando un espacio limpio y funcional que ya llega equipado para habitar desde el primer día. Con una recámara de buen tamaño, un baño completo y áreas comunes integradas, el inmueble se adapta tanto a quién bus...",https://img10.naventcdn.com/avisos/18/01/50/30/34/77/720x532/1615276766.jpg?isFirstImage=true; https://img10.naventcdn.com/avisos/18/01/50/30/34/77/720x532/1615276763.jpg; https://img10.naventcdn.com/avisos/18/01/50/30/34/77/720x532/1615276751.jpg; https://img10.naventcdn.com/avisos/18/01/50/30/34/77/720x532/1615276757.jpg; https://img10.naventcdn.com/avisos/18/01/50/30/34/77/720x532/1615276745.jpg; https://img10.naventcdn.com/avisos/18/01/50/30/34/77/720x532/1615276755.jpg,Mexico,Quintana Roo,Tulum,20.2136927,-87.4683015,Rent
Caribbean Properties,https://www.inmuebles24.com/inmobiliarias/caribbean-properties_51237743-inmuebles.html,Inmuebles24 (via parse.bot API),https://www.inmuebles24.com/propiedades/clasificado/alclapin-departamento-1-recamara-amueblado-con-alberca-y-150608160.html,Departamento 1 Recámara Amueblado con Alberca y Amueblado,Condo/Apartment,7500,MXN,1,1,,m2,Departamento 1 recámara totalmente amueblado en Reverence Tulumcaracterísticas principales: Cama King Size para máximo confort. Escritorio integrado (Perfecto para Home Office). Smart tv. Cocineta equipada completa. Armario / Guardarropa. Baño privado. Internet de alta velocidad. Smart Lock (Cerradura inteligente). Aire Acondicionado. Balcón con comedor completo. roof con pileta privada y camastros (Tu propio oasis privado). amenidades del complejo: Piscina de diseño. Gym equipado. Estacionamien...,https://img10.naventcdn.com/avisos/18/01/50/60/81/60/720x532/1621761605.jpg?isFirstImage=true; https://img10.naventcdn.com/avisos/18/01/50/60/81/60/720x532/1621761680.jpg; https://img10.naventcdn.com/avisos/18/01/50/60/81/60/720x532/1621761670.jpg; https://img10.naventcdn.com/avisos/18/01/50/60/81/60/720x532/1621761787.jpg; https://img10.naventcdn.com/avisos/18/01/50/60/81/60/720x532/1621761548.jpg; https://img10.naventcdn.com/avisos/18/01/50/60/81/60/720x532/1621761765.jpg; https://img10.naventcdn.com/avisos/18/01/50/60/81/60/720x532/1621761621.jpg; https://img10.naventcdn.com/avisos/18/01/50/60/81/60/720x532/1621761912.jpg,Mexico,Quintana Roo,Tulum,20.1810567,-87.4702385,Rent
Tulum Rental Homes,https://www.inmuebles24.com/inmobiliarias/tulum-rental-homes_102640624-inmuebles.html,Inmuebles24 (via parse.bot API),https://www.inmuebles24.com/propiedades/clasificado/alclapin-departamento-encondominio-nequen-208-la-veleta-149945195.html,"Departamento Encondominio Nequén #208, La Veleta",Condo/Apartment,15000,MXN,1,1,,m2,"Condominio Nequén #208La VeletaCaracterísticas destacadas1 recamara c/ super king1 bañoTerraza c/ jacuzzi privadoA/ctv Lavadero c/ lavadoraAmenidadesTerrazaAlbercaFogonesBarGymSeguridad 24/7Precio: $15, 000 Mxn mensuales + depósito + Servicios + $2, 500 Mxn póliza/contrato. Incluye mantenimiento (hoa).",https://img10.naventcdn.com/avisos/18/01/49/94/51/95/720x532/1608133111.jpg?isFirstImage=true; https://img10.naventcdn.com/avisos/18/01/49/94/51/95/720x532/1608132852.jpg; https://img10.naventcdn.com/avisos/18/01/49/94/51/95/720x532/1608133157.jpg; https://img10.naventcdn.com/avisos/18/01/49/94/51/95/720x532/1608132713.jpg; https://img10.naventcdn.com/avisos/18/01/49/94/51/95/720x532/1608133183.jpg; https://img10.naventcdn.com/avisos/18/01/49/94/51/95/720x532/1608132567.jpg; https://img10.naventcdn.com/avisos/18/01/49/94/51/95/720x532/1608132655.jpg; https://img10.naventcdn.com/avisos/18/01/49/94/51/95/720x532/1608132682.jpg,Mexico,Quintana Roo,Tulum,20.2025963,-87.4727791,Rent
DRENTAS INMOBILIARIA,https://www.inmuebles24.com/inmobiliarias/drentas-inmobiliaria_51325810-inmuebles.html,Inmuebles24 (via parse.bot API),https://www.inmuebles24.com/propiedades/clasificado/alclapin-departamento-en-renta-tulum-146449534.html,Departamento en Renta Tulum,Condo/Apartment,28000,MXN,2,2,100.0,m2,2 habitaciones c/u con terraza *Aire acondicionado y ventiladores*Planta baja: -Antecomedor 4 personas -Cocina equipada -Refrigerador-Sofá cama *King Size*-Recámara *King Size*-Baño completo -Sala exterior 5 pax y comedor 6 paxPlanta alta: -Recámara *Queen size*-Sala exterior 4 pax-Baño completo-Frigobar y Cocineta *Se aceptan mascotas*Serch gracias pero hay que corregir estos puntos. -colonia: Villas TulumM2: 100Camas y sofa camaQueen size (todas) Internet: Alta velocidad ( starlink) Mtto y agu...,https://img10.naventcdn.com/avisos/18/01/46/44/95/34/720x532/1532299076.jpg?isFirstImage=true; https://img10.naventcdn.com/avisos/18/01/46/44/95/34/720x532/1532299059.jpg; https://img10.naventcdn.com/avisos/18/01/46/44/95/34/720x532/1532299057.jpg; https://img10.naventcdn.com/avisos/18/01/46/44/95/34/720x532/1532299090.jpg; https://img10.naventcdn.com/avisos/18/01/46/44/95/34/720x532/1532299054.jpg; https://img10.naventcdn.com/avisos/18/01/46/44/95/34/720x532/1532299069.jpg; https://img10.naventcdn.com/avisos/18/01/46/44/95/34/720x532/1532299047.jpg; https://img10.naventcdn.com/avisos/18/01/46/44/95/34/720x532/1532299048.jpg,Mexico,Quintana Roo,Tulum,20.2114185,-87.4653502,Rent
Tulum Rental Homes,https://www.inmuebles24.com/inmobiliarias/tulum-rental-homes_102640624-inmuebles.html,Inmuebles24 (via parse.bot API),https://www.inmuebles24.com/propiedades/clasificado/alclapin-coco-village-b1-149546464.html,Coco Village - B1,Unknown,18000,MXN,1,2,,m2,Coco Village - B1La VeletaCaracterísticas Destacadas1 espaciosa recámara2 baños completosCocina completa con hornoAire acondicionadoSala y comedorSeguridad 24hsCondominio con albercaPrecio Renta: $18. 000 mxp mensuales + depósito + servicios + $2. 500 contrato/póliza. Incluye mantenimiento(hoa),https://img10.naventcdn.com/avisos/18/01/49/54/64/64/720x532/1599742664.jpg?isFirstImage=true; https://img10.naventcdn.com/avisos/18/01/49/54/64/64/720x532/1599742668.jpg; https://img10.naventcdn.com/avisos/18/01/49/54/64/64/720x532/1599742663.jpg; https://img10.naventcdn.com/avisos/18/01/49/54/64/64/720x532/1599742673.jpg; https://img10.naventcdn.com/avisos/18/01/49/54/64/64/720x532/1599742659.jpg; https://img10.naventcdn.com/avisos/18/01/49/54/64/64/720x532/1599741976.jpg; https://img10.naventcdn.com/avisos/18/01/49/54/64/64/720x532/1599741984.jpg; https://img10.naventcdn.com/avisos/18/01/49/54/64/64/720x532/1599742662.jpg,Mexico,Quintana Roo,Tulum,20.2090261,-87.4753276,Rent
Karen Szumowski Asesora Inmobiliaria,https://www.inmuebles24.com/inmobiliarias/karen-szumowski-asesora-inmobiliaria_102944090-inmuebles.html,Inmuebles24 (via parse.bot API),https://www.inmuebles24.com/propiedades/clasificado/alclapin-departamento-de-1-recamara-en-la-veleta-tulum-en-148350880.html,"Departamento de 1 Recámara en La Veleta, Tulum en Renta a $12,000 Mxn",Condo/Apartment,12500,MXN,1,1,,m2,"Rama #315 Exclusivo Departamento de 1 recámara en La Veleta. Tulum. Características Destacadas: - 1 Recamara acogedora- 1 Baño completo- Sala con sofá y tv- Cocina equipada &amp;amp; comedor- Lava secadora- Balcón con jacuzzi privado- Terraza con alberca compartidaPrecio: $12, 500 mxn mensuales + depósito + servicios + $2. 500 mxn pago única vez por contrato/póliza. Incluye mantenimiento (hoa) y agua. ks",https://img10.naventcdn.com/avisos/18/01/48/35/08/80/720x532/1575393304.jpg?isFirstImage=true; https://img10.naventcdn.com/avisos/18/01/48/35/08/80/720x532/1575393305.jpg; https://img10.naventcdn.com/avisos/18/01/48/35/08/80/720x532/1575393309.jpg; https://img10.naventcdn.com/avisos/18/01/48/35/08/80/720x532/1575393307.jpg; https://img10.naventcdn.com/avisos/18/01/48/35/08/80/720x532/1575393310.jpg; https://img10.naventcdn.com/avisos/18/01/48/35/08/80/720x532/1575393302.jpg; https://img10.naventcdn.com/avisos/18/01/48/35/08/80/720x532/1575393306.jpg; https://img10.naventcdn.com/avisos/18/01/48/35/08/80/720x532/1575393308.jpg,Mexico,Quintana Roo,Tulum,20.1963081763,-87.4797706154,Rent
Tulum Rental Homes,https://www.inmuebles24.com/inmobiliarias/tulum-rental-homes_102640624-inmuebles.html,Inmuebles24 (via parse.bot API),https://www.inmuebles24.com/propiedades/clasificado/alclapin-departamento-1-recamara-la-veleta-tulum-q.-r.-149945395.html,"Departamento 1 Recámara - La Veleta, Tulum, Q. R.",Condo/Apartment,16000,MXN,1,1,,m2,"Palalma Tierra #5 La VeletaCaracterísticas Destacadas1 Recamara amplia con closet1 Baño completoCocina equipada con barraSala con tv &amp;amp; comedorLava secadoraTerraza con jacuzzi privadoPlanta bajaAmenidadesRoftop con albercaZonas verdesGimnasio7-Eleven debajo del condominioprecio: $16, 000 mxn mensuales + depósito + servicios + $2, 500 mxn contrato/póliza. Incluye mantenimiento(hoa) trh id 375",https://img10.naventcdn.com/avisos/18/01/49/94/53/95/720x532/1608138002.jpg?isFirstImage=true; https://img10.naventcdn.com/avisos/18/01/49/94/53/95/720x532/1608138092.jpg; https://img10.naventcdn.com/avisos/18/01/49/94/53/95/720x532/1608138087.jpg; https://img10.naventcdn.com/avisos/18/01/49/94/53/95/720x532/1608138120.jpg; https://img10.naventcdn.com/avisos/18/01/49/94/53/95/720x532/1608138110.jpg; https://img10.naventcdn.com/avisos/18/01/49/94/53/95/720x532/1608138124.jpg; https://img10.naventcdn.com/avisos/18/01/49/94/53/95/720x532/1608137996.jpg; https://img10.naventcdn.com/avisos/18/01/49/94/53/95/720x532/1608137848.jpg,Mexico,Quintana Roo,Tulum,20.1988200169,-87.472344181,Rent
Tulum Rental Homes,https://www.inmuebles24.com/inmobiliarias/tulum-rental-homes_102640624-inmuebles.html,Inmuebles24 (via parse.bot API),https://www.inmuebles24.com/propiedades/clasificado/alclapin-brava-towers-412-ph-148562667.html,Brava Towers #412 PH,Unknown,28000,MXN,3,3,,m2,"Brava Towers #412 phaldea ZamaCaracterísticas destacadas3 recámaras3 baños completosTotalmente amoblado y equipadoCocina completaSala con tvliving comedorBalcón privadoAire acondicionadoLavadora y secadoraTerraza privada con albercaAmenidadesAlbercasGimnasioTerrazaZona de relajaciónSeguridadBicicletasEspacio de coworkPrecio: $28, 000 mxn mensuales + depósito + servicios + $2. 500 mxn pago única vez por contrato/póliza. Incluye mantenimiento (hoa) precio venta: $5, 800, 000 mxn",https://img10.naventcdn.com/avisos/18/01/48/56/26/67/720x532/1579740770.jpg?isFirstImage=true; https://img10.naventcdn.com/avisos/18/01/48/56/26/67/720x532/1579740775.jpg; https://img10.naventcdn.com/avisos/18/01/48/56/26/67/720x532/1579740777.jpg; https://img10.naventcdn.com/avisos/18/01/48/56/26/67/720x532/1579740772.jpg; https://img10.naventcdn.com/avisos/18/01/48/56/26/67/720x532/1579740778.jpg; https://img10.naventcdn.com/avisos/18/01/48/56/26/67/720x532/1579740760.jpg; https://img10.naventcdn.com/avisos/18/01/48/56/26/67/720x532/1579740761.jpg; https://img10.naventcdn.com/avisos/18/01/48/56/26/67/720x532/1579740762.jpg,Mexico,Quintana Roo,Tulum,20.1997998,-87.454707,Rent
Arkhos Real Estate,https://www.inmuebles24.com/inmobiliarias/arkhos-real-estate_662802-inmuebles.html,Inmuebles24 (via parse.bot API),https://www.inmuebles24.com/propiedades/clasificado/alclapin-suite-de-lujo-con-jacuzzi-privado-en-la-veleta-tulum-150737024.html,Suite de Lujo con Jacuzzi Privado en La Veleta Tulum Ideal Para Vivir a Largo Plazo,Unknown,10500,MXN,,1,35.0,m2,"Tu Refugio Eco-Chic: Suite con Jacuzzi y Esencia de la Veleta, Tulum. Suite &quot;Tuluminati&quot; que garantiza fotos instagrameables. Alberca, áreas social y jacuzzi privado para disfrutar bajo las estrellas. Ubicación estratégica El &quot;Tulum Lifestyle&quot; en La Veleta¡Contáctanos y agenda tu visita!",https://img10.naventcdn.com/avisos/18/01/50/73/70/24/720x532/1624389014.jpg?isFirstImage=true; https://img10.naventcdn.com/avisos/18/01/50/73/70/24/720x532/1624389556.jpg; https://img10.naventcdn.com/avisos/18/01/50/73/70/24/720x532/1624389216.jpg; https://img10.naventcdn.com/avisos/18/01/50/73/70/24/720x532/1624389337.jpg; https://img10.naventcdn.com/avisos/18/01/50/73/70/24/720x532/1624389048.jpg; https://img10.naventcdn.com/avisos/18/01/50/73/70/24/720x532/1624389499.jpg; https://img10.naventcdn.com/avisos/18/01/50/73/70/24/720x532/1624388947.jpg; https://img10.naventcdn.com/avisos/18/01/50/73/70/24/720x532/1624389084.jpg,Mexico,Quintana Roo,Tulum,20.2037793224,-87.4702551207,Rent
Paola Huerta - Realtor - Sales and Rentals,https://www.inmuebles24.com/inmobiliarias/paola-huerta-realtor-sales-and-rentals_102872515-inmuebles.html,Inmuebles24 (via parse.bot API),https://www.inmuebles24.com/propiedades/clasificado/alclapin-renta-a-largo-plazo-en-tulum-long-term-rental-tulum-150015723.html,Renta a Largo Plazo en Tulum - Long Term Rental Tulum,Condo/Apartment,13000,MXN,1,1,,m2,"Rentas A largo plazo en tulumpara atención personalizada contáctanos por WhatsApp a los siguientes números: Paola Huerta: +52 (5522 43 8797) y Ramón Capocchia +<span class='descripcionDatosAnunciante'><button class='btn btn-link js-verDatos' href='#'>Ver datos</button></span>) Bienvenido a este hermoso departamento en: Xiimbal - KukulcánRec con cama king sizeBaño completoLavadora y secadoraCocina equipadaSala cómoda con tvel complejo tiene alberca, seguridad 24h y gym$13, 000 mensual + depósitoC...",https://img10.naventcdn.com/avisos/18/01/50/01/57/23/720x532/1609530224.jpg?isFirstImage=true; https://img10.naventcdn.com/avisos/18/01/50/01/57/23/720x532/1609530303.jpg; https://img10.naventcdn.com/avisos/18/01/50/01/57/23/720x532/1609530320.jpg; https://img10.naventcdn.com/avisos/18/01/50/01/57/23/720x532/1609530302.jpg; https://img10.naventcdn.com/avisos/18/01/50/01/57/23/720x532/1609530307.jpg; https://img10.naventcdn.com/avisos/18/01/50/01/57/23/720x532/1609530318.jpg; https://img10.naventcdn.com/avisos/18/01/50/01/57/23/720x532/1609530305.jpg; https://img10.naventcdn.com/avisos/18/01/50/01/57/23/720x532/1609530276.jpg,Mexico,Quintana Roo,Tulum,20.2005225,-87.4675465,Rent
Paraiso Real Estate Tulum,https://www.inmuebles24.com/inmobiliarias/paraiso-real-estate-tulum_50310732-inmuebles.html,Inmuebles24 (via parse.bot API),https://www.inmuebles24.com/propiedades/clasificado/alclapin-ph-de-1-recamara-con-piscina-privada-en-bahia-150049857.html,"PH de 1 Recamara con Piscina Privada, en Bahia Soliman, Vista Mar Caribe.",Penthouse,26500,MXN,1,1,90.0,m2,"Descubre este exclusivo departamento tipo Penthouse ubicado en Bahías de Punta Solimán, Tulum. Con sólo 3 años de antigüedad, esta propiedad ofrece una experiencia única con vistas al mar Caribe. Disponible por renta a largo plazo. Cuenta con 1 recámara y 1 baño, además de una terraza privada con su piscina vista al mar Ceribe, ideal para disfrutar del entorno tropical. Disfruta de espacios como ático, balcón, cocina, terraza y terraza cubierta. Entre sus amenidades destacan aire acondicionado i...",https://img10.naventcdn.com/avisos/18/01/50/04/98/57/720x532/1610194782.jpg?isFirstImage=true; https://img10.naventcdn.com/avisos/18/01/50/04/98/57/720x532/1610194767.jpg; https://img10.naventcdn.com/avisos/18/01/50/04/98/57/720x532/1610194792.jpg; https://img10.naventcdn.com/avisos/18/01/50/04/98/57/720x532/1610194777.jpg; https://img10.naventcdn.com/avisos/18/01/50/04/98/57/720x532/1610194742.jpg; https://img10.naventcdn.com/avisos/18/01/50/04/98/57/720x532/1610194755.jpg; https://img10.naventcdn.com/avisos/18/01/50/04/98/57/720x532/1610194816.jpg; https://img10.naventcdn.com/avisos/18/01/50/04/98/57/720x532/1610194817.jpg,Mexico,Quintana Roo,Tulum,20.2700597339,-87.3816277278,Rent
Paola Huerta - Realtor - Sales and Rentals,https://www.inmuebles24.com/inmobiliarias/paola-huerta-realtor-sales-and-rentals_102872515-inmuebles.html,Inmuebles24 (via parse.bot API),https://www.inmuebles24.com/propiedades/clasificado/alclapin-renta-a-largo-plazo-en-tulum-long-term-rental-tulum.-150016685.html,Renta a Largo Plazo en Tulum - Long Term Rental Tulum.,Condo/Apartment,17000,MXN,2,2,,m2,"Rentas A largo plazo en tulumpara atención personalizada contáctanos por WhatsApp a los siguientes números: Paola Huerta: +52 (5522 43 8797) y Ramón Capocchia +<span class='descripcionDatosAnunciante'><button class='btn btn-link js-verDatos' href='#'>Ver datos</button></span>) Bienvenido a este lindo departamento. Agua de mar, Aldea ZamáDepartamento de dos amplias recámarasCon clóset de buen tamaño. 2. 5 bañosCocina con barra y comedorCentro de lavadoComedor y SofáUbicado en condominio tranquilo...",https://img10.naventcdn.com/avisos/18/01/50/01/66/85/720x532/1609549027.jpg?isFirstImage=true; https://img10.naventcdn.com/avisos/18/01/50/01/66/85/720x532/1609549041.jpg; https://img10.naventcdn.com/avisos/18/01/50/01/66/85/720x532/1609549018.jpg; https://img10.naventcdn.com/avisos/18/01/50/01/66/85/720x532/1609549037.jpg; https://img10.naventcdn.com/avisos/18/01/50/01/66/85/720x532/1609549045.jpg; https://img10.naventcdn.com/avisos/18/01/50/01/66/85/720x532/1609549034.jpg; https://img10.naventcdn.com/avisos/18/01/50/01/66/85/720x532/1609549023.jpg; https://img10.naventcdn.com/avisos/18/01/50/01/66/85/720x532/1609549051.jpg,Mexico,Quintana Roo,Tulum,20.2013702,-87.4566987,Rent
Tulum Rental Homes,https://www.inmuebles24.com/inmobiliarias/tulum-rental-homes_102640624-inmuebles.html,Inmuebles24 (via parse.bot API),https://www.inmuebles24.com/propiedades/clasificado/alclapin-aak-d2-renta-150179004.html,Aak - D2 — Renta,Condo/Apartment,14000,MXN,2,1,65.0,m2,"Departamento Amueblado en Aak, TulumPocas propiedades logran combinar compacidad inteligente con el confort que este departamento ofrece en la Región 15 de Tulum. Con 65 metros cuadrados bien distribuidos, cuenta con dos recámaras y un baño completo, ideal para familias pequeñas o como inversión de renta. El espacio está completamente amueblado y equipado: cocina con isla, estufa, microondas y electrodomésticos listos para usar, además de una sala completa y ventiladores de techo. Las vistas mar...",https://img10.naventcdn.com/avisos/18/01/50/17/90/04/720x532/1612786585.jpg?isFirstImage=true; https://img10.naventcdn.com/avisos/18/01/50/17/90/04/720x532/1612786592.jpg; https://img10.naventcdn.com/avisos/18/01/50/17/90/04/720x532/1612786597.jpg; https://img10.naventcdn.com/avisos/18/01/50/17/90/04/720x532/1612786560.jpg; https://img10.naventcdn.com/avisos/18/01/50/17/90/04/720x532/1612786557.jpg; https://img10.naventcdn.com/avisos/18/01/50/17/90/04/720x532/1612786587.jpg; https://img10.naventcdn.com/avisos/18/01/50/17/90/04/720x532/1612786591.jpg; https://img10.naventcdn.com/avisos/18/01/50/17/90/04/720x532/1612786596.jpg,Mexico,Quintana Roo,Tulum,20.1938226,-87.5282222,Rent
KW RIVIERA MAYA,https://www.inmuebles24.com/inmobiliarias/kw-riviera-maya_102886263-inmuebles.html,Inmuebles24 (via parse.bot API),https://www.inmuebles24.com/propiedades/clasificado/alclapin-renta-de-departamento-planta-baja-en-condominio-thoth-149962736.html,Renta de Departamento Planta Baja en Condominio Thoth Dentro de La Veleta Tulum,Condo/Apartment,9000,MXN,1,,90.0,m2,"Departamento en renta en Tulum, en la zona conocida como la veleta, caracterizada por su exuberante vegetación. El edificio esta ubicado a 100 metros de la Calle 7 Sur de La Veleta donde se encuentran restaurantes, tiendas de conveniencia, transporte publico, y otros servicios de apoyo al turista y a la comunidad. La tranquilidad, paz y el silencio que distingue la estancia de cualquier persona en la variedad de condominios ubicados en este lugar. Thoth, en un condominio joven, exclusivo de 16 u...",https://img10.naventcdn.com/avisos/18/01/49/96/27/36/720x532/1608487211.jpg?isFirstImage=true; https://img10.naventcdn.com/avisos/18/01/49/96/27/36/720x532/1608487255.jpg; https://img10.naventcdn.com/avisos/18/01/49/96/27/36/720x532/1608487290.jpg; https://img10.naventcdn.com/avisos/18/01/49/96/27/36/720x532/1608487046.jpg; https://img10.naventcdn.com/avisos/18/01/49/96/27/36/720x532/1608486906.jpg; https://img10.naventcdn.com/avisos/18/01/49/96/27/36/720x532/1608487139.jpg; https://img10.naventcdn.com/avisos/18/01/49/96/27/36/720x532/1608487274.jpg; https://img10.naventcdn.com/avisos/18/01/49/96/27/36/720x532/1608487179.jpg,Mexico,Quintana Roo,Tulum,20.2024692,-87.4739063,Rent
Paola Huerta - Realtor - Sales and Rentals,https://www.inmuebles24.com/inmobiliarias/paola-huerta-realtor-sales-and-rentals_102872515-inmuebles.html,Inmuebles24 (via parse.bot API),https://www.inmuebles24.com/propiedades/clasificado/alclapin-renta-a-largo-plazo-en-tulum-long-term-rental-tulum-149730868.html,Renta a Largo Plazo en Tulum - Long Term Rental Tulum,Condo/Apartment,26500,MXN,3,3,,m2,"Rentas A largo plazo en tulumpara atención personalizada contáctanos por WhatsApp a los siguientes números: Paola Huerta: +52 (5522 43 8797) y Ramon Capocchia +<span class='descripcionDatosAnunciante'><button class='btn btn-link js-verDatos' href='#'>Ver datos</button></span>) renta departamento 3 recámaras Y albercaopheliaBienvenido a este hermoso departamentoCon excelente ubicaciónAmplio y con luz naturalUbicado en primer piso, con sistema lock off3 recámaras y 3 bañosCocina con horno y barraS...",https://img10.naventcdn.com/avisos/18/01/49/73/08/68/720x532/1603646761.jpg?isFirstImage=true; https://img10.naventcdn.com/avisos/18/01/49/73/08/68/720x532/1603646807.jpg; https://img10.naventcdn.com/avisos/18/01/49/73/08/68/720x532/1603646763.jpg; https://img10.naventcdn.com/avisos/18/01/49/73/08/68/720x532/1603646817.jpg; https://img10.naventcdn.com/avisos/18/01/49/73/08/68/720x532/1603646814.jpg; https://img10.naventcdn.com/avisos/18/01/49/73/08/68/720x532/1603646758.jpg; https://img10.naventcdn.com/avisos/18/01/49/73/08/68/720x532/1603646816.jpg; https://img10.naventcdn.com/avisos/18/01/49/73/08/68/720x532/1603646806.jpg,Mexico,Quintana Roo,Tulum,20.2125527,-87.4583994,Rent
Matias Frank,https://www.inmuebles24.com/inmobiliarias/matias-frank_103125526-inmuebles.html,Inmuebles24 (via parse.bot API),https://www.inmuebles24.com/propiedades/clasificado/alclappa-departamento-2-habitaciones-2-banos-150804356.html,Departamento 2 Habitaciones 2 Baños,Condo/Apartment,14000,MXN,2,2,65.0,m2,"Departamento completo de 2 habitaciones y 2 baños, con cocina, sala y balcón. El edificio cuenta con alberca, solárium, área de coworking y un ambiente tranquilo.",https://img10.naventcdn.com/avisos/18/01/50/80/43/56/720x532/1626502628.jpg?isFirstImage=true; https://img10.naventcdn.com/avisos/18/01/50/80/43/56/720x532/1626502629.jpg; https://img10.naventcdn.com/avisos/18/01/50/80/43/56/720x532/1626502624.jpg; https://img10.naventcdn.com/avisos/18/01/50/80/43/56/720x532/1626502632.jpg; https://img10.naventcdn.com/avisos/18/01/50/80/43/56/720x532/1626502626.jpg; https://img10.naventcdn.com/avisos/18/01/50/80/43/56/720x532/1626502631.jpg; https://img10.naventcdn.com/avisos/18/01/50/80/43/56/720x532/1626502627.jpg; https://img10.naventcdn.com/avisos/18/01/50/80/43/56/720x532/1626502633.jpg,Mexico,Quintana Roo,Tulum,20.213873752629933,-87.45685245819703,Rent
Sena Real Estate,https://www.inmuebles24.com/inmobiliarias/sena-real-estate_102572431-inmuebles.html,Inmuebles24 (via parse.bot API),https://www.inmuebles24.com/propiedades/clasificado/alclapin-renta-de-departamento-2rec-tulum-aldea-savia-145907983.html,Renta de Departamento 2rec Tulum Aldea Savia,Condo/Apartment,25000,MXN,2,2,134.0,m2,"¡Renta de Departamento en Tulum, Aldea Savia! Descubre tu nuevo hogar en Aldea Savia, Tulum, una de las zonas más exclusivas de la Riviera Maya. Este espectacular departamento de 2 recámaras, modelo chaca roof, combina lujo, comodidad y sostenibilidad en un entorno paradisíaco. Precio de Renta: $25, 000 mxncaracterísticas del Departamento: Totalmente amueblado y listo para habitar2 recámaras y 2 baños completosCocina integral con horno, campana y estufa de 4 quemadoresEquipado con: 3 aires acond...",https://img10.naventcdn.com/avisos/18/01/45/90/79/83/720x532/1518975773.jpg?isFirstImage=true; https://img10.naventcdn.com/avisos/18/01/45/90/79/83/720x532/1518975778.jpg; https://img10.naventcdn.com/avisos/18/01/45/90/79/83/720x532/1518975771.jpg; https://img10.naventcdn.com/avisos/18/01/45/90/79/83/720x532/1518975775.jpg; https://img10.naventcdn.com/avisos/18/01/45/90/79/83/720x532/1518975776.jpg; https://img10.naventcdn.com/avisos/18/01/45/90/79/83/720x532/1518975774.jpg; https://img10.naventcdn.com/avisos/18/01/45/90/79/83/720x532/1518975780.jpg; https://img10.naventcdn.com/avisos/18/01/45/90/79/83/720x532/1518975779.jpg,Mexico,Quintana Roo,Tulum,20.2072300727,-87.4689550889,Rent
ENRIQUE JUAREZ,https://www.inmuebles24.com/inmobiliarias/enrique-juarez_103103421-inmuebles.html,Inmuebles24 (via parse.bot API),https://www.inmuebles24.com/propiedades/clasificado/alclappa-hermoso-departamento-en-renta-en-aldea-tulum-plus-con-150420169.html,"Hermoso Departamento en Renta en Aldea Tulum Plus, con Alberca y Gimnasio.",Condo/Apartment,9000,MXN,2,1,71.0,m2,"Hermoso departamento en Renta en Aldea Tulum plus, súper bien ubicado, a 5 mins. Del centro de Tulum y al próximo Centro Comercial Tulum, a tan sólo minutos a pie del bellísimo cenote corazón y del venue Zamna donde se llevan a cabo festivales, conciertos y eventos de proyección internacional, y por si fuera poco a sólo 20 minutos en auto del Aeropuerto Internacional de Tulum y de la bonita estación Tulum del nuevo y funcional Tren Maya que te lleva cómodamente a recorrer la gran peninsula de Yu...",https://img10.naventcdn.com/avisos/18/01/50/42/01/69/720x532/1617748174.jpg?isFirstImage=true; https://img10.naventcdn.com/avisos/18/01/50/42/01/69/720x532/1617748189.jpg; https://img10.naventcdn.com/avisos/18/01/50/42/01/69/720x532/1617748178.jpg; https://img10.naventcdn.com/avisos/18/01/50/42/01/69/720x532/1617748187.jpg; https://img10.naventcdn.com/avisos/18/01/50/42/01/69/720x532/1617748190.jpg; https://img10.naventcdn.com/avisos/18/01/50/42/01/69/720x532/1617748173.jpg; https://img10.naventcdn.com/avisos/18/01/50/42/01/69/720x532/1617748192.jpg; https://img10.naventcdn.com/avisos/18/01/50/42/01/69/720x532/1617748183.jpg,Mexico,Quintana Roo,Tulum,20.193723199999997,-87.5305905,Rent
Daniel Gonzalez,https://www.inmuebles24.com/inmobiliarias/daniel-gonzalez_103033065-inmuebles.html,Inmuebles24 (via parse.bot API),https://www.inmuebles24.com/propiedades/clasificado/alclappa-departamento-1-recamara-aldea-zama-edificio-149631338.html,"Departamento, 1 Recamara, Aldea Zama, Edificio Boutique",Condo/Apartment,18500,MXN,1,1,72.0,m2,"Departamento 1 Br, Edificio Boutique, Aldea Zama. Calle Labnah. Ubicado en la mejor zona de Tulum. Mantenimiento Incluido ($6000) Superficie total: 72. 46 m² 1 recámara / 1. 5 baños. Techos altos, cocina moderna de alta calidad, con luz indirecta led, barra y campana de isla. Terraza amplia y cuarto de lavado. Totalmente amueblado y equipado (muebles modernos, electrodomésticos, A/C, lavadora/secadora, cuarto de lavado) Tercer piso con elevador. Edificio boutique (solo 10 unidades) Roof garden c...",https://img10.naventcdn.com/avisos/18/01/49/63/13/38/720x532/1601641401.jpg?isFirstImage=true; https://img10.naventcdn.com/avisos/18/01/49/63/13/38/720x532/1601641421.jpg; https://img10.naventcdn.com/avisos/18/01/49/63/13/38/720x532/1601641417.jpg; https://img10.naventcdn.com/avisos/18/01/49/63/13/38/720x532/1601641428.jpg; https://img10.naventcdn.com/avisos/18/01/49/63/13/38/720x532/1601641413.jpg; https://img10.naventcdn.com/avisos/18/01/49/63/13/38/720x532/1601641411.jpg; https://img10.naventcdn.com/avisos/18/01/49/63/13/38/720x532/1601641429.jpg; https://img10.naventcdn.com/avisos/18/01/49/63/13/38/720x532/1601641435.jpg,Mexico,Quintana Roo,Tulum,20.203045520956913,-87.45765941097149,Rent
MEX REALTY,https://www.inmuebles24.com/inmobiliarias/mex-realty_102239017-inmuebles.html,Inmuebles24 (via parse.bot API),https://www.inmuebles24.com/propiedades/clasificado/alclapin-departamento-en-renta-2-recamaras-en-aldea-tulum-q.-148722329.html,"Departamento en Renta, 2 Recamaras, en Aldea Tulum, Q. Roo, Clave Gera22",Condo/Apartment,12000,MXN,2,1,60.0,m2,"Departamento en Renta en Aldea TulumEl departamento se renta amueblado y esta compuesto por sala, comedor, cocina, 1 recámara con cama matrimonial y aire acondicionado, 1 recámara con litera y aire acondicionado, 1 baño y área de lavado. Se entrega amueblado con Sala y ventilador de techo, cocina integral, refrigerador, estufa y tanque de gas. Cuota de mantenimiento: $ 500. 00 mnAmenidades: AlbercaPalapaPista para correr• Los requisitos para efectuar la renta son: pago de 1 mes de renta en depós...",https://img10.naventcdn.com/avisos/18/01/48/72/23/29/720x532/1583226799.jpg?isFirstImage=true; https://img10.naventcdn.com/avisos/18/01/48/72/23/29/720x532/1583226789.jpg; https://img10.naventcdn.com/avisos/18/01/48/72/23/29/720x532/1583226796.jpg; https://img10.naventcdn.com/avisos/18/01/48/72/23/29/720x532/1583226790.jpg; https://img10.naventcdn.com/avisos/18/01/48/72/23/29/720x532/1583226787.jpg; https://img10.naventcdn.com/avisos/18/01/48/72/23/29/720x532/1583226793.jpg; https://img10.naventcdn.com/avisos/18/01/48/72/23/29/720x532/1583226785.jpg; https://img10.naventcdn.com/avisos/18/01/48/72/23/29/720x532/1583226788.jpg,Mexico,Quintana Roo,Tulum,20.1895499619,-87.5267261936,Rent
Tulum Rental Homes,https://www.inmuebles24.com/inmobiliarias/tulum-rental-homes_102640624-inmuebles.html,Inmuebles24 (via parse.bot API),https://www.inmuebles24.com/propiedades/clasificado/alclapin-departamentocacao-tulum-b205-estudio-149945427.html,Departamentocacao Tulum B205 Estudio,Unknown,9000,MXN,,1,,m2,"Cacao Tulum B205 EstudioLa VeletaCaracterísticas DestacadasEstudio con cama King size &amp;amp; closetCocina equipada con hornoComedorEspacio para lavadora (no tiene lavadora) Balcón con alberca privada1er pisoAmenidadesAlberca en rooftopGimnasioZona de YogaRecepciónEstacionamiento abiertoElevadoresprecio: $9, 000 mxn mensuales + depósito + servicios + $2, 500 mxn contrato/póliza. Incluye mantenimientotrh id 1034",https://img10.naventcdn.com/avisos/18/01/49/94/54/27/720x532/1608138193.jpg?isFirstImage=true; https://img10.naventcdn.com/avisos/18/01/49/94/54/27/720x532/1608138251.jpg; https://img10.naventcdn.com/avisos/18/01/49/94/54/27/720x532/1608138202.jpg; https://img10.naventcdn.com/avisos/18/01/49/94/54/27/720x532/1608138211.jpg; https://img10.naventcdn.com/avisos/18/01/49/94/54/27/720x532/1608138241.jpg; https://img10.naventcdn.com/avisos/18/01/49/94/54/27/720x532/1608138268.jpg; https://img10.naventcdn.com/avisos/18/01/49/94/54/27/720x532/1608138262.jpg; https://img10.naventcdn.com/avisos/18/01/49/94/54/27/720x532/1608138177.jpg,Mexico,Quintana Roo,Tulum,20.1997951,-87.472338,Rent
KW RIVIERA MAYA,https://www.inmuebles24.com/inmobiliarias/kw-riviera-maya_102886263-inmuebles.html,Inmuebles24 (via parse.bot API),https://www.inmuebles24.com/propiedades/clasificado/alclapin-renta-de-departamento-amueblado-2-recamaras-en-la-149983097.html,"Renta de Departamento Amueblado 2 Recamaras en La Veleta, Tulum",Condo/Apartment,15000,MXN,2,,71.0,m2,"Departamento 2 recamaras amueblado en renta en La Veleta. Tulum. Departamento ubicado en un segundo piso, con dos habitaciones y dos baños, cuya distribución permite ubicar en un solo ambiente el área de sala, comedor y cocina. El inmueble se renta amueblado y equipado, y el precio de la renta incluye el mantenimiento. El edificio, esta ubicado en esquina, y tiene áreas comunes rodeadas de árboles que brindan ese contacto con la naturaleza que Tulum puede ofrecer, así se encuentran dos albercas,...",https://img10.naventcdn.com/avisos/18/01/49/98/30/97/720x532/1608901265.jpg?isFirstImage=true; https://img10.naventcdn.com/avisos/18/01/49/98/30/97/720x532/1608901222.jpg; https://img10.naventcdn.com/avisos/18/01/49/98/30/97/720x532/1608901418.jpg; https://img10.naventcdn.com/avisos/18/01/49/98/30/97/720x532/1608900981.jpg; https://img10.naventcdn.com/avisos/18/01/49/98/30/97/720x532/1608900851.jpg; https://img10.naventcdn.com/avisos/18/01/49/98/30/97/720x532/1608900944.jpg; https://img10.naventcdn.com/avisos/18/01/49/98/30/97/720x532/1608901402.jpg; https://img10.naventcdn.com/avisos/18/01/49/98/30/97/720x532/1608901179.jpg,Mexico,Quintana Roo,Tulum,20.1974252,-87.476383,Rent
Tulum Rental Homes,https://www.inmuebles24.com/inmobiliarias/tulum-rental-homes_102640624-inmuebles.html,Inmuebles24 (via parse.bot API),https://www.inmuebles24.com/propiedades/clasificado/alclapin-anah-village-b2-149546263.html,Anah Village B2,Unknown,25000,MXN,2,2,,m2,"Anah Village B2Bahía PrincipeCaracterísticas destacadas2 recamaras completas con closets y tv2. 5 bañosVilla de 2 nivelesJardín interno privadoEspacio de sala con tvcocina totalmente equipadaAmenidadesConserjería y seguridad 24hsServicio de condominio-hotelPiscina con barEstacionamientoÁrea de lavanderíaAcceso y servicio de playaCentro de deportesGimnasio Precio: $25, 000 al mes + depósito. Incluye servicios. Incluye mantenimiento (hoa).",https://img10.naventcdn.com/avisos/18/01/49/54/62/63/720x532/1599746106.jpg?isFirstImage=true; https://img10.naventcdn.com/avisos/18/01/49/54/62/63/720x532/1599745655.jpg; https://img10.naventcdn.com/avisos/18/01/49/54/62/63/720x532/1599745054.jpg; https://img10.naventcdn.com/avisos/18/01/49/54/62/63/720x532/1599745036.jpg; https://img10.naventcdn.com/avisos/18/01/49/54/62/63/720x532/1599745040.jpg; https://img10.naventcdn.com/avisos/18/01/49/54/62/63/720x532/1599745690.jpg; https://img10.naventcdn.com/avisos/18/01/49/54/62/63/720x532/1599745519.jpg; https://img10.naventcdn.com/avisos/18/01/49/54/62/63/720x532/1599745039.jpg,Mexico,Quintana Roo,Tulum,20.3842446,-87.3320124,Rent
Paola Huerta - Realtor - Sales and Rentals,https://www.inmuebles24.com/inmobiliarias/paola-huerta-realtor-sales-and-rentals_102872515-inmuebles.html,Inmuebles24 (via parse.bot API),https://www.inmuebles24.com/propiedades/clasificado/alclapin-renta-a-largo-plazo-en-tulum-long-term-rental-tulum-149694676.html,Renta a Largo Plazo en Tulum - Long Term Rental Tulum,Condo/Apartment,17000,MXN,2,2,,m2,"Rentas A largo plazo en tulumpara atención personalizada contáctanos por WhatsApp a los siguientes números: Paola Huerta: +52 (5522 43 8797) y Ramon Capocchia +<span class='descripcionDatosAnunciante'><button class='btn btn-link js-verDatos' href='#'>Ver datos</button></span>) Bienvenido al departamento que soñaste tener para tu hogar. renta largo plazo Brava Residence, Aldea Zamádepartamento de 2 recamarasplanta baja - swim up y jacuzziDepartamento de dos amplias recámaras con cama king size y ...",https://img10.naventcdn.com/avisos/18/01/49/69/46/76/720x532/1602857033.jpg?isFirstImage=true; https://img10.naventcdn.com/avisos/18/01/49/69/46/76/720x532/1602857040.jpg; https://img10.naventcdn.com/avisos/18/01/49/69/46/76/720x532/1602857039.jpg; https://img10.naventcdn.com/avisos/18/01/49/69/46/76/720x532/1602857037.jpg; https://img10.naventcdn.com/avisos/18/01/49/69/46/76/720x532/1602857031.jpg; https://img10.naventcdn.com/avisos/18/01/49/69/46/76/720x532/1602857030.jpg; https://img10.naventcdn.com/avisos/18/01/49/69/46/76/720x532/1602857026.jpg; https://img10.naventcdn.com/avisos/18/01/49/69/46/76/720x532/1602857027.jpg,Mexico,Quintana Roo,Tulum,20.1997998,-87.454707,Rent
Playa del Carmen,https://www.inmuebles24.com/inmobiliarias/playa-del-carmen_51073636-inmuebles.html,Inmuebles24 (via parse.bot API),https://www.inmuebles24.com/propiedades/clasificado/alclapin-amplio-departamento-en-omara-de-2-recamaras-lock-off-146270391.html,"Amplio Departamento en Omara de 2 Recamaras Lock Off en Aldea Zamá, Tulum",Condo/Apartment,40000,MXN,2,2,150.0,m2,"Amplio departamento de 2 recamaras 2 1/2 baños lock off en la privada Boca Zamá en la mejor zona residencial/comercial de Tulum, Aldea Zamá. El departamento de 150 m2 se encuentra en el segundo nivel, está totalmente amueblado y equipado, cuenta con estacionamiento en la cerrada con seguridad privada y pluma de acceso. Una hermosa alberca con hamacas y hall de recepción semiabierto. Tiene un hermoso balcón de 30 m2 con jardines, ideal para descansar o pasar ratos al aire libre. Todos los muebles...",https://img10.naventcdn.com/avisos/18/01/46/27/03/91/720x532/1527827368.jpg?isFirstImage=true; https://img10.naventcdn.com/avisos/18/01/46/27/03/91/720x532/1527827383.jpg; https://img10.naventcdn.com/avisos/18/01/46/27/03/91/720x532/1527827391.jpg; https://img10.naventcdn.com/avisos/18/01/46/27/03/91/720x532/1527827389.jpg; https://img10.naventcdn.com/avisos/18/01/46/27/03/91/720x532/1527827353.jpg; https://img10.naventcdn.com/avisos/18/01/46/27/03/91/720x532/1527827362.jpg; https://img10.naventcdn.com/avisos/18/01/46/27/03/91/720x532/1527827378.jpg; https://img10.naventcdn.com/avisos/18/01/46/27/03/91/720x532/1527827377.jpg,Mexico,Quintana Roo,Tulum,20.2023371549,-87.4508982632,Rent
Paola Huerta - Realtor - Sales and Rentals,https://www.inmuebles24.com/inmobiliarias/paola-huerta-realtor-sales-and-rentals_102872515-inmuebles.html,Inmuebles24 (via parse.bot API),https://www.inmuebles24.com/propiedades/clasificado/alclapin-renta-a-largo-plazo-en-tulum-long-term-rental-tulum.-150657982.html,Renta a Largo Plazo en Tulum - Long Term Rental Tulum.,Unknown,16000,MXN,2,2,,m2,"Rentas A largo plazo en tulumpara atención personalizada contáctanos por WhatsApp a los siguientes números: Paola Huerta: +52 (5522 43 8797) y Ramón Capocchia +<span class='descripcionDatosAnunciante'><button class='btn btn-link js-verDatos' href='#'>Ver datos</button></span>) Bienvenido, hermoso departamentoUbicación: Bungalows VillageEs un búngalo dividido en 3 niveles. En la parte de abajo tiene cocina con finas maderas, comedor, centro de lavado y recámara con baño, Segundo nivel tiene una s...",https://img10.naventcdn.com/avisos/18/01/50/65/79/82/720x532/1622778031.jpg?isFirstImage=true; https://img10.naventcdn.com/avisos/18/01/50/65/79/82/720x532/1622778024.jpg; https://img10.naventcdn.com/avisos/18/01/50/65/79/82/720x532/1622778019.jpg; https://img10.naventcdn.com/avisos/18/01/50/65/79/82/720x532/1622778026.jpg; https://img10.naventcdn.com/avisos/18/01/50/65/79/82/720x532/1622778028.jpg; https://img10.naventcdn.com/avisos/18/01/50/65/79/82/720x532/1622778030.jpg; https://img10.naventcdn.com/avisos/18/01/50/65/79/82/720x532/1622778029.jpg; https://img10.naventcdn.com/avisos/18/01/50/65/79/82/720x532/1622778023.jpg,Mexico,Quintana Roo,Tulum,20.2125527,-87.4583994,Rent
Tulum Rental Homes,https://www.inmuebles24.com/inmobiliarias/tulum-rental-homes_102640624-inmuebles.html,Inmuebles24 (via parse.bot API),https://www.inmuebles24.com/propiedades/clasificado/alclapin-mistiq-tulum-h104-renta-150500332.html,Mistiq Tulum - H104 — Renta,Condo/Apartment,33000,MXN,2,2,88.0,m2,"Hermoso departamento en Mistiq Tulum ubicado en Kukulkán. Cuenta con 2 recámaras, 2 baños completos. Este departamento se encuentra ubicado en planta baja, fully furnished. Pet-friendly: ¡Se aceptan mascotas! ¡Contáctanos para agendar una visita!",https://img10.naventcdn.com/avisos/18/01/50/50/03/32/720x532/1619644337.jpg?isFirstImage=true; https://img10.naventcdn.com/avisos/18/01/50/50/03/32/720x532/1619644343.jpg; https://img10.naventcdn.com/avisos/18/01/50/50/03/32/720x532/1619644348.jpg; https://img10.naventcdn.com/avisos/18/01/50/50/03/32/720x532/1619644350.jpg; https://img10.naventcdn.com/avisos/18/01/50/50/03/32/720x532/1619644307.jpg; https://img10.naventcdn.com/avisos/18/01/50/50/03/32/720x532/1619644349.jpg; https://img10.naventcdn.com/avisos/18/01/50/50/03/32/720x532/1619644304.jpg; https://img10.naventcdn.com/avisos/18/01/50/50/03/32/720x532/1619644295.jpg,Mexico,Quintana Roo,Tulum,20.1961711,-87.4656077,Rent
Tropical Life Investment,https://www.inmuebles24.com/inmobiliarias/tropical-life-investment_102658705-inmuebles.html,Inmuebles24 (via parse.bot API),https://www.inmuebles24.com/propiedades/clasificado/alclapin-apartamento-en-renta-de-una-recamara-en-aldea-savia-144699264.html,"Apartamento en Renta, de Una Recámara en Aldea Savia, Equipado y Amueblado",Condo/Apartment,23000,MXN,1,1,150.0,m2,"Si quieres vivir en un lugar con mucho espacio verde, tranquilidad, pero que este cómodo, bonito y bien ubicado, esta es la oportunidad. Este apartamento de dos niveles esta ubicado en Av. 5 norte, Región 012, Supermanzana 006, Tumben Kaaa, <span class='descripcionDatosAnunciante'><button class='btn btn-link js-verDatos' href='#'>Ver datos</button></span> Tulum, Q. R. 2 recámaras 1 baño completo Cocina completa 1 sofá Balcón Tv Lavadora Aire acondicionado Terraza privadaAmenidades: Alberca Gimna...",https://img10.naventcdn.com/avisos/18/01/44/69/92/64/720x532/1488841046.jpg?isFirstImage=true; https://img10.naventcdn.com/avisos/18/01/44/69/92/64/720x532/1488841047.jpg; https://img10.naventcdn.com/avisos/18/01/44/69/92/64/720x532/1488841043.jpg; https://img10.naventcdn.com/avisos/18/01/44/69/92/64/720x532/1488841045.jpg; https://img10.naventcdn.com/avisos/18/01/44/69/92/64/720x532/1488841042.jpg; https://img10.naventcdn.com/avisos/18/01/44/69/92/64/720x532/1488841041.jpg; https://img10.naventcdn.com/avisos/18/01/44/69/92/64/720x532/1488841049.jpg; https://img10.naventcdn.com/avisos/18/01/44/69/92/64/720x532/1488841044.jpg,Mexico,Quintana Roo,Tulum,20.1971212,-87.5325932,Rent
Paraiso Real Estate Tulum,https://www.inmuebles24.com/inmobiliarias/paraiso-real-estate-tulum_50310732-inmuebles.html,Inmuebles24 (via parse.bot API),https://www.inmuebles24.com/propiedades/clasificado/alclapin-renta-estudio-atico-con-terraza-privada-en-aldea-149765991.html,"Renta Estudio Atico con Terraza Privada, en Aldea Zama, Tulum",Condo/Apartment,9000,MXN,1,1,55.0,m2,"Descubre este encantador estudio en ultimo piso, en el exclusivo desarrollo Aldea Zama, Tulum. Con una superficie cubierta de 55 m2 y 70 m2 de terraza privada, este departamento ofrece un diseño funcional y moderno. Cuenta con un baño completo, balcón, cocina y terraza, proporcionando un ambiente ideal para relajarse. Entre los servicios incluidos destacan el internet, electricidad, pavimento, wifi y tv por satélite. Además, seguridad 24 horas garantiza tranquilidad. Este inmueble admite mascota...",https://img10.naventcdn.com/avisos/18/01/49/76/59/91/720x532/1604323844.jpg?isFirstImage=true; https://img10.naventcdn.com/avisos/18/01/49/76/59/91/720x532/1604323845.jpg; https://img10.naventcdn.com/avisos/18/01/49/76/59/91/720x532/1604330699.jpg; https://img10.naventcdn.com/avisos/18/01/49/76/59/91/720x532/1604323847.jpg; https://img10.naventcdn.com/avisos/18/01/49/76/59/91/720x532/1604323850.jpg; https://img10.naventcdn.com/avisos/18/01/49/76/59/91/720x532/1604323843.jpg; https://img10.naventcdn.com/avisos/18/01/49/76/59/91/720x532/1604323849.jpg; https://img10.naventcdn.com/avisos/18/01/49/76/59/91/720x532/1604330743.jpg,Mexico,Quintana Roo,Tulum,20.1994310242,-87.4632565412,Rent
7117 Grupo inmobiliario,https://www.inmuebles24.com/inmobiliarias/7117-grupo-inmobiliario_102647091-inmuebles.html,Inmuebles24 (via parse.bot API),https://www.inmuebles24.com/propiedades/clasificado/alclapin-departamento-en-tulum-rodeado-de-naturaleza-150104536.html,Departamento en Tulum Rodeado de Naturaleza,Condo/Apartment,15000,MXN,,,42.0,m2,"Estudio amueblado en renta / venta en mistiq gardens tulumdisfruta de la experiencia de vivir en uno de los desarrollos más exclusivos de Tulum. Este acogedor estudio se encuentra completamente amueblado y equipado, listo para habitar. Cuenta con balcón privado con hermosas vistas a los jardines y a la selva maya, baño completo con acabados en mármol y cocina equipada con parrilla eléctrica, campana extractora y calentador. Ubicado dentro de Mistiq Gardens Tulum, un desarrollo que combina natura...",https://img10.naventcdn.com/avisos/18/01/50/10/45/36/720x532/1611265682.jpg?isFirstImage=true; https://img10.naventcdn.com/avisos/18/01/50/10/45/36/720x532/1611265670.jpg; https://img10.naventcdn.com/avisos/18/01/50/10/45/36/720x532/1611265626.jpg; https://img10.naventcdn.com/avisos/18/01/50/10/45/36/720x532/1611265632.jpg; https://img10.naventcdn.com/avisos/18/01/50/10/45/36/720x532/1611265659.jpg; https://img10.naventcdn.com/avisos/18/01/50/10/45/36/720x532/1611265666.jpg; https://img10.naventcdn.com/avisos/18/01/50/10/45/36/720x532/1611265635.jpg; https://img10.naventcdn.com/avisos/18/01/50/10/45/36/720x532/1611265642.jpg,Mexico,Quintana Roo,Tulum,20.1810567,-87.4702385,Rent
GRUPO SDIAZ Y ASOCIADOS ,https://www.inmuebles24.com/inmobiliarias/grupo-sdiaz-y-asociados_20005-inmuebles.html,Inmuebles24 (via parse.bot API),https://www.inmuebles24.com/propiedades/clasificado/alclapin-departamento-en-renta-amueblado-y-equipado-cerca-de-la-150743265.html,Departamento en Renta Amueblado y Equipado Cerca de La Veleta,Condo/Apartment,36000,MXN,2,2,87.0,m2,"Departamento amueblado Y equipado en tulum muy cerca de la veleta, cuenta con 87 mt2 de superficie tiene 2 recamaras la principal con su vestidor Y baño la segunda con closet Y baño que comparte con visitas, sala, comedor, cocina integral acabados de primera, area de lavado con lavadora Y secadora, roof top con alberca, camastros,, baño, estacionamiento 1 auto, solo renta anual",https://img10.naventcdn.com/avisos/18/01/50/74/32/65/720x532/1624527799.jpg?isFirstImage=true; https://img10.naventcdn.com/avisos/18/01/50/74/32/65/720x532/1624527912.jpg; https://img10.naventcdn.com/avisos/18/01/50/74/32/65/720x532/1624527821.jpg; https://img10.naventcdn.com/avisos/18/01/50/74/32/65/720x532/1624527985.jpg; https://img10.naventcdn.com/avisos/18/01/50/74/32/65/720x532/1624527883.jpg; https://img10.naventcdn.com/avisos/18/01/50/74/32/65/720x532/1624528046.jpg; https://img10.naventcdn.com/avisos/18/01/50/74/32/65/720x532/1624527961.jpg; https://img10.naventcdn.com/avisos/18/01/50/74/32/65/720x532/1624527861.jpg,Mexico,Quintana Roo,Tulum,20.2125527,-87.4583994,Rent
Paola Huerta - Realtor - Sales and Rentals,https://www.inmuebles24.com/inmobiliarias/paola-huerta-realtor-sales-and-rentals_102872515-inmuebles.html,Inmuebles24 (via parse.bot API),https://www.inmuebles24.com/propiedades/clasificado/alclapin-renta-a-largo-plazo-en-tulum-long-term-rental-tulum-149724241.html,Renta a Largo Plazo en Tulum - Long Term Rental Tulum,Condo/Apartment,30000,MXN,2,2,,m2,"Rentas A largo plazo en tulumpara atención personalizada contáctanos por WhatsApp a los siguientes números: Paola Huerta: +52 (5522 43 8797) y Ramon Capocchia +<span class='descripcionDatosAnunciante'><button class='btn btn-link js-verDatos' href='#'>Ver datos</button></span>) renta largo plazo departamento 2 recámaras Y alberca privadawabi, TumbenkaBienvenidoLindo, cómodo y con excelente decoración interiorTiene 2 recámaras y 2 baños completosUna recámara que puede usarse de estudio (opcional) ...",https://img10.naventcdn.com/avisos/18/01/49/72/42/41/720x532/1603516168.jpg?isFirstImage=true; https://img10.naventcdn.com/avisos/18/01/49/72/42/41/720x532/1603516165.jpg; https://img10.naventcdn.com/avisos/18/01/49/72/42/41/720x532/1603516164.jpg; https://img10.naventcdn.com/avisos/18/01/49/72/42/41/720x532/1603516173.jpg; https://img10.naventcdn.com/avisos/18/01/49/72/42/41/720x532/1603516162.jpg; https://img10.naventcdn.com/avisos/18/01/49/72/42/41/720x532/1603516170.jpg; https://img10.naventcdn.com/avisos/18/01/49/72/42/41/720x532/1603516172.jpg; https://img10.naventcdn.com/avisos/18/01/49/72/42/41/720x532/1603516161.jpg,Mexico,Quintana Roo,Tulum,20.2125527,-87.4583994,Rent
Paraiso Real Estate Tulum,https://www.inmuebles24.com/inmobiliarias/paraiso-real-estate-tulum_50310732-inmuebles.html,Inmuebles24 (via parse.bot API),https://www.inmuebles24.com/propiedades/clasificado/alclapin-kune-in-tulum-101-3-bedrooms-apartment-with-lock-off-149218394.html,"Kune in Tulum 101, 3 Bedrooms Apartment With Lock Off For Rent Long Term",Condo/Apartment,33000,MXN,3,2,,m2,"Ubicado en la exclusiva comunidad Tulum 101, zona de mayor crecimiento y con acceso a principales obras de infraestructura en Tulum como Parque del jaguar, Tren Maya y Aeropuerto Internacional de Tulumkune un proyecto diseñado y pensado para poder conectar con la tierra, agua, fuego y aire en uno de los lugares más paradisíacos de todo el mundo. Kune Tulum 101, es un desarrollo de lujo a solo 2km del mar. Acabados de lujo y grandes comodidades en un área exclusiva y privadaDepartamento de 3 reca...",https://img10.naventcdn.com/avisos/18/01/49/21/83/94/720x532/1601675307.jpg?isFirstImage=true; https://img10.naventcdn.com/avisos/18/01/49/21/83/94/720x532/1601675385.jpg; https://img10.naventcdn.com/avisos/18/01/49/21/83/94/720x532/1601675298.jpg; https://img10.naventcdn.com/avisos/18/01/49/21/83/94/720x532/1601675301.jpg; https://img10.naventcdn.com/avisos/18/01/49/21/83/94/720x532/1601677375.jpg; https://img10.naventcdn.com/avisos/18/01/49/21/83/94/720x532/1601675360.jpg; https://img10.naventcdn.com/avisos/18/01/49/21/83/94/720x532/1601677381.jpg; https://img10.naventcdn.com/avisos/18/01/49/21/83/94/720x532/1601675316.jpg,Mexico,Quintana Roo,Tulum,20.1945730983,-87.4526452719,Rent
Quintana Broker,https://www.inmuebles24.com/inmobiliarias/quintana-broker_700495-inmuebles.html,Inmuebles24 (via parse.bot API),https://www.inmuebles24.com/propiedades/clasificado/alclapin-renta:-estudio-aldea-zama-tulum-zona-comercial-150650143.html,Renta: Estudio @aldea Zama Tulum (Zona Comercial),Commercial,8500,MXN,1,1,40.0,m2,"Se renta Studio ubicado en el corazón de Aldea Zamá, la unidad cuenta con excelentes espacios y amenidades como: AlbercaElevadorGymPrecio no incluye servicios, se paga adicional Luz e internet!",https://img10.naventcdn.com/avisos/18/01/50/65/01/43/720x532/1622624960.jpg?isFirstImage=true; https://img10.naventcdn.com/avisos/18/01/50/65/01/43/720x532/1622624969.jpg; https://img10.naventcdn.com/avisos/18/01/50/65/01/43/720x532/1622624954.jpg; https://img10.naventcdn.com/avisos/18/01/50/65/01/43/720x532/1622624972.jpg; https://img10.naventcdn.com/avisos/18/01/50/65/01/43/720x532/1622624966.jpg; https://img10.naventcdn.com/avisos/18/01/50/65/01/43/720x532/1622624970.jpg; https://img10.naventcdn.com/avisos/18/01/50/65/01/43/720x532/1622625024.jpg; https://img10.naventcdn.com/avisos/18/01/50/65/01/43/720x532/1622624971.jpg,Mexico,Quintana Roo,Tulum,20.1999972,-87.4623117,Rent
Karen Szumowski Asesora Inmobiliaria,https://www.inmuebles24.com/inmobiliarias/karen-szumowski-asesora-inmobiliaria_102944090-inmuebles.html,Inmuebles24 (via parse.bot API),https://www.inmuebles24.com/propiedades/clasificado/alclapin-depa-en-aldea-zama-tulum-desde-$15-000-al-mes-148167690.html,"Depa en Aldea Zama, Tulum Desde $15,000 Al Mes",Unknown,15000,MXN,1,1,,m2,"Paramar vivaaldea ZamaCaracterísticas Destacadas-1 Recámara amplia-1 Baño completo-Cocina equipada-Sala con tv &amp;amp; comedor-Lava secadora-BalcónAmenidades-Alberca compartida-Cine-Sauna-Kids Club-Gimnasio-Acceso controlado-Elevadores-EstacionamientoPrecio: $15, 000 mxn mensuales + deposito + luz &amp;amp; agua + $2, 500 mxn contrato/póliza. Incluye mantenimiento(hoa) e internet.",https://img10.naventcdn.com/avisos/18/01/48/16/76/90/720x532/1571718952.jpg?isFirstImage=true; https://img10.naventcdn.com/avisos/18/01/48/16/76/90/720x532/1571718937.jpg; https://img10.naventcdn.com/avisos/18/01/48/16/76/90/720x532/1571718935.jpg; https://img10.naventcdn.com/avisos/18/01/48/16/76/90/720x532/1571718910.jpg; https://img10.naventcdn.com/avisos/18/01/48/16/76/90/720x532/1571718908.jpg; https://img10.naventcdn.com/avisos/18/01/48/16/76/90/720x532/1571718907.jpg; https://img10.naventcdn.com/avisos/18/01/48/16/76/90/720x532/1571718924.jpg; https://img10.naventcdn.com/avisos/18/01/48/16/76/90/720x532/1571718914.jpg,Mexico,Quintana Roo,Tulum,20.1954483478,-87.4610958853,Rent
Paola Huerta - Realtor - Sales and Rentals,https://www.inmuebles24.com/inmobiliarias/paola-huerta-realtor-sales-and-rentals_102872515-inmuebles.html,Inmuebles24 (via parse.bot API),https://www.inmuebles24.com/propiedades/clasificado/alclapin-renta-a-largo-plazo-en-tulum-long-term-rental-tulum-149743172.html,Renta a Largo Plazo en Tulum - Long Term Rental Tulum,Villa,50000,MXN,4,4,,m2,"Rentas A largo plazo en tulumpara atención personalizada contáctanos por WhatsApp a los siguientes números: Paola Huerta: +52 (5522 43 8797) y Ramon Capocchia +<span class='descripcionDatosAnunciante'><button class='btn btn-link js-verDatos' href='#'>Ver datos</button></span>) renta villa de 4 recámaras, jardín Y alberca privadala Reserva, Aldea SaviaA estrenarcaracterísticasubicada en complejo seguroVilla de 4 recámaras con 4. 5 bañosAlberca privada con asador, comedor y jardínDoble alturaCocin...",https://img10.naventcdn.com/avisos/18/01/49/74/31/72/720x532/1603882052.jpg?isFirstImage=true; https://img10.naventcdn.com/avisos/18/01/49/74/31/72/720x532/1603882053.jpg; https://img10.naventcdn.com/avisos/18/01/49/74/31/72/720x532/1603882055.jpg; https://img10.naventcdn.com/avisos/18/01/49/74/31/72/720x532/1603882038.jpg; https://img10.naventcdn.com/avisos/18/01/49/74/31/72/720x532/1603882042.jpg; https://img10.naventcdn.com/avisos/18/01/49/74/31/72/720x532/1603882050.jpg; https://img10.naventcdn.com/avisos/18/01/49/74/31/72/720x532/1603882040.jpg; https://img10.naventcdn.com/avisos/18/01/49/74/31/72/720x532/1603882048.jpg,Mexico,Quintana Roo,Tulum,20.2103038,-87.4805323,Rent
R&M LANDS INVESTMENT,https://www.inmuebles24.com/inmobiliarias/r-m-lands-investment_102601868-inmuebles.html,Inmuebles24 (via parse.bot API),https://www.inmuebles24.com/propiedades/clasificado/alclapin-departamento-ph-aldea-zama-cerca-del-mar-150792288.html,Departamento PH Aldea Zama - Cerca del Mar,Condo/Apartment,30300,MXN,2,2,84.0,m2,"Pent house en Renta de 2 recamaras, amueblado y equipado en ubicado en la zona comercial de aldea zama - tulum. La distribución del departamento cuenta con 2 recámaras amuebladas con sus cortinas interiores y espacio de closet, cada una con su baño, ambiente de sala comedor, cocina integral equipada con estufa a gas, su refrigerador y su campana y área de lavado con su lavadora. El condominio skyline tulum está integrada por 4 pent houses y 3 locales comerciales, Su diseño arquitectónico fue pen...",https://img10.naventcdn.com/avisos/18/01/50/79/22/88/720x532/1625571738.jpg?isFirstImage=true; https://img10.naventcdn.com/avisos/18/01/50/79/22/88/720x532/1625571753.jpg; https://img10.naventcdn.com/avisos/18/01/50/79/22/88/720x532/1625571657.jpg; https://img10.naventcdn.com/avisos/18/01/50/79/22/88/720x532/1625571763.jpg; https://img10.naventcdn.com/avisos/18/01/50/79/22/88/720x532/1625571683.jpg; https://img10.naventcdn.com/avisos/18/01/50/79/22/88/720x532/1625571560.jpg; https://img10.naventcdn.com/avisos/18/01/50/79/22/88/720x532/1625571582.jpg; https://img10.naventcdn.com/avisos/18/01/50/79/22/88/720x532/1625571860.jpg,Mexico,Quintana Roo,Tulum,20.198107,-87.4602524,Rent
Paola Huerta - Realtor - Sales and Rentals,https://www.inmuebles24.com/inmobiliarias/paola-huerta-realtor-sales-and-rentals_102872515-inmuebles.html,Inmuebles24 (via parse.bot API),https://www.inmuebles24.com/propiedades/clasificado/alclapin-renta-a-largo-plazo-en-tulum-long-term-rental-tulum-149727195.html,Renta a Largo Plazo en Tulum - Long Term Rental Tulum,Condo/Apartment,19000,MXN,2,2,,m2,"Rentas A largo plazo en tulumpara atención personalizada contáctanos por WhatsApp a los siguientes números: Paola Huerta: +52 (5522 43 8797) y Ramon Capocchia +<span class='descripcionDatosAnunciante'><button class='btn btn-link js-verDatos' href='#'>Ver datos</button></span>) renta departamento 2 recámaras Y albercaaldea Savia 1er Fasebienvenidoubicado en planta alta2 recámaras y dos bañosTerraza ampliaSala cómoda con gran sofáCocina equipada y con barraComedor para 6 personasAlberca, gimnasio,...",https://img10.naventcdn.com/avisos/18/01/49/72/71/95/720x532/1603577278.jpg?isFirstImage=true; https://img10.naventcdn.com/avisos/18/01/49/72/71/95/720x532/1603577285.jpg; https://img10.naventcdn.com/avisos/18/01/49/72/71/95/720x532/1603577281.jpg; https://img10.naventcdn.com/avisos/18/01/49/72/71/95/720x532/1603577284.jpg; https://img10.naventcdn.com/avisos/18/01/49/72/71/95/720x532/1603577289.jpg; https://img10.naventcdn.com/avisos/18/01/49/72/71/95/720x532/1603577280.jpg; https://img10.naventcdn.com/avisos/18/01/49/72/71/95/720x532/1603577277.jpg; https://img10.naventcdn.com/avisos/18/01/49/72/71/95/720x532/1603577282.jpg,Mexico,Quintana Roo,Tulum,20.1997998,-87.454707,Rent
Azaola Investment Hub,https://www.inmuebles24.com/inmobiliarias/azaola-investment-hub_102490945-inmuebles.html,Inmuebles24 (via parse.bot API),https://www.inmuebles24.com/propiedades/clasificado/alclapin-departamento-en-renta-totalmente-amueblado-y-equipado-144526824.html,Departamento en Renta Totalmente Amueblado y Equipado en Condominio Premium,Condo/Apartment,35000,MXN,2,2,205.0,m2,"Copal, Aldea ZamaDepartamento en renta ubicado en Copal, dentro de Aldea Zama, en Tulum, Quintana Roo. Ubicación privilegiada, dentro de fraccionamiento exclusivo donde puedes encontrar restaurantes y cualquier tienda de conveniencia. Con fácil acceso desde la avenida Cobá y a 3 kms de la zona hotelera y las playas de Tulum. Cuenta con: 2 recamaras2 baños completosSala de T. V. ComedorCocinaBalcón/TerrazaArea de lavado totalmente amueblado Y equipadodentro de las amenidades: - 2 albercas- Seguri...",https://img10.naventcdn.com/avisos/18/01/44/52/68/24/720x532/1485245044.jpg?isFirstImage=true; https://img10.naventcdn.com/avisos/18/01/44/52/68/24/720x532/1485245047.jpg; https://img10.naventcdn.com/avisos/18/01/44/52/68/24/720x532/1485245024.jpg; https://img10.naventcdn.com/avisos/18/01/44/52/68/24/720x532/1485245061.jpg; https://img10.naventcdn.com/avisos/18/01/44/52/68/24/720x532/1485245062.jpg; https://img10.naventcdn.com/avisos/18/01/44/52/68/24/720x532/1485245055.jpg; https://img10.naventcdn.com/avisos/18/01/44/52/68/24/720x532/1485245028.jpg; https://img10.naventcdn.com/avisos/18/01/44/52/68/24/720x532/1485245051.jpg,Mexico,Quintana Roo,Tulum,20.2034875872,-87.4600859362,Rent
Paraiso Real Estate Tulum,https://www.inmuebles24.com/inmobiliarias/paraiso-real-estate-tulum_50310732-inmuebles.html,Inmuebles24 (via parse.bot API),https://www.inmuebles24.com/propiedades/clasificado/alclapin-ph-con-roof-top-privado-en-la-veleta-tulum-renta-largo-149746196.html,PH con Roof Top Privado en La Veleta Tulum Renta Largo Plazo,Penthouse,27000,MXN,2,2,200.0,m2,"Hermosa Penthouse con roof top privado y piscina privada en la Veleta Tulum Disponible desde el 1 de Junio 2026Se renta por largo plazo (min 6 meses) mes de deposito. Cuotas de condominio incluida. Servicios y limpieza de la alberca privada no estan incluidosCuenta con 2 recamras y 2 baños y medio. Cocina completa, salon, terraza privada con piscina y zona relax, lavadora, secadora y gimnasio en l area comun. La Casa es pet-friendly ( mascotas mediana) exención de responsabilidad: La información...",https://img10.naventcdn.com/avisos/18/01/49/74/61/96/720x532/1603946372.jpg?isFirstImage=true; https://img10.naventcdn.com/avisos/18/01/49/74/61/96/720x532/1603946439.jpg; https://img10.naventcdn.com/avisos/18/01/49/74/61/96/720x532/1603946370.jpg; https://img10.naventcdn.com/avisos/18/01/49/74/61/96/720x532/1603946365.jpg; https://img10.naventcdn.com/avisos/18/01/49/74/61/96/720x532/1603946375.jpg; https://img10.naventcdn.com/avisos/18/01/49/74/61/96/720x532/1603946366.jpg; https://img10.naventcdn.com/avisos/18/01/49/74/61/96/720x532/1603946369.jpg; https://img10.naventcdn.com/avisos/18/01/49/74/61/96/720x532/1603946377.jpg,Mexico,Quintana Roo,Tulum,20.2017303834,-87.4717062164,Rent
Sunna Real Estate,https://www.inmuebles24.com/inmobiliarias/sunna-real-estate_102829561-inmuebles.html,Inmuebles24 (via parse.bot API),https://www.inmuebles24.com/propiedades/clasificado/alclapin-departamento-2-recamaras-2-banos-tulum-aldea-zama-147284705.html,"Departamento, 2 Recamaras 2 Baños, Tulum Aldea Zama",Condo/Apartment,22000,MXN,2,2,105.0,m2,"El estilo de este departmento es una reinterpretación de la arquitectura de las épocas dorada de Acapulco en los años 30’s, donde emerge como uno de los destinos internacionales de playa con más afluencia y fama. En este estilo predominan los espacios abiertos con ventilaciones, las terrazas, las celosías y el uso de materiales de la región. En tiempos en los que nos hemos acostumbrado a vivir encerrados, aislados del exterior, este diseño viene a romper con ese paradigma, adaptándose a la nueva...",https://img10.naventcdn.com/avisos/18/01/47/28/47/05/720x532/1552600174.jpg?isFirstImage=true; https://img10.naventcdn.com/avisos/18/01/47/28/47/05/720x532/1552600169.jpg; https://img10.naventcdn.com/avisos/18/01/47/28/47/05/720x532/1552600172.jpg; https://img10.naventcdn.com/avisos/18/01/47/28/47/05/720x532/1552600162.jpg; https://img10.naventcdn.com/avisos/18/01/47/28/47/05/720x532/1552600164.jpg; https://img10.naventcdn.com/avisos/18/01/47/28/47/05/720x532/1552600173.jpg; https://img10.naventcdn.com/avisos/18/01/47/28/47/05/720x532/1552600171.jpg; https://img10.naventcdn.com/avisos/18/01/47/28/47/05/720x532/1552600168.jpg,Mexico,Quintana Roo,Tulum,20.1997998,-87.454707,Rent
Azaola Investment Hub,https://www.inmuebles24.com/inmobiliarias/azaola-investment-hub_102490945-inmuebles.html,Inmuebles24 (via parse.bot API),https://www.inmuebles24.com/propiedades/clasificado/alclapin-departamento-en-venta-amueblado-en-region-15-150556199.html,Departamento en Venta Amueblado en Region 15,Condo/Apartment,8500,MXN,1,1,50.0,m2,"Departamento en venta en Tulum Region 15Se vende departamento totalmente nuevo amueblado y equipado, en desarollo core. Ubicado en la region 15 conocida por su cercania con las hermosas playas de tulum, a tan solo 10 minutos de su acceso. Tiene plaza comercial a unos pasos del edificio. Zona de alto crecimiento y proyeccion. El departamento se encuentra en planta baja y con acceso directo a la alberca desde su terraza lo cual lo hace una opcion sumamente especial para tomar un descanso. El edifi...",https://img10.naventcdn.com/avisos/18/01/50/55/61/99/720x532/1620745621.jpg?isFirstImage=true; https://img10.naventcdn.com/avisos/18/01/50/55/61/99/720x532/1620745949.jpg; https://img10.naventcdn.com/avisos/18/01/50/55/61/99/720x532/1620745951.jpg; https://img10.naventcdn.com/avisos/18/01/50/55/61/99/720x532/1620745947.jpg; https://img10.naventcdn.com/avisos/18/01/50/55/61/99/720x532/1620745660.jpg; https://img10.naventcdn.com/avisos/18/01/50/55/61/99/720x532/1620745514.jpg; https://img10.naventcdn.com/avisos/18/01/50/55/61/99/720x532/1620745613.jpg; https://img10.naventcdn.com/avisos/18/01/50/55/61/99/720x532/1620745517.jpg,Mexico,Quintana Roo,Tulum,20.1856417763,-87.4738259805,Rent
TULUM REALTORS SA de CV,https://www.inmuebles24.com/inmobiliarias/tulum-realtors-sa-de-cv_50146364-inmuebles.html,Inmuebles24 (via parse.bot API),https://www.inmuebles24.com/propiedades/clasificado/alclapin-departamento-en-venta-y-renta-de-2-habitaciones-en-148433669.html,Departamento en Venta y Renta de 2 Habitaciones en Tulum La Veleta Lb 130,Condo/Apartment,15200,MXN,2,2,100.0,m2,"Descripción: Departamento recién renovado ubicado en un exclusivo condominio boutique, cuenta con 2 recamaras, una con un pequeño walking closet, 2 baños completos, cocina integral con barra de granito, pequeño comedor, 1 bodega, aires acondicionados, ventiladores, una terraza grande y un balcón con vista a la alberca y lugar de estacionamientoMedidas: 100 m2Amenidades: Alberca y asoleaderos, ubicado en el corazón de Tulum a unos minutos de las ruinas de Tulum, lugar destinado para la completa r...",https://img10.naventcdn.com/avisos/18/01/48/43/36/69/720x532/1577350651.jpg?isFirstImage=true; https://img10.naventcdn.com/avisos/18/01/48/43/36/69/720x532/1577494065.jpg; https://img10.naventcdn.com/avisos/18/01/48/43/36/69/720x532/1577500010.jpg; https://img10.naventcdn.com/avisos/18/01/48/43/36/69/720x532/1577500009.jpg; https://img10.naventcdn.com/avisos/18/01/48/43/36/69/720x532/1577494069.jpg; https://img10.naventcdn.com/avisos/18/01/48/43/36/69/720x532/1577494064.jpg; https://img10.naventcdn.com/avisos/18/01/48/43/36/69/720x532/1577350644.jpg; https://img10.naventcdn.com/avisos/18/01/48/43/36/69/720x532/1577350653.jpg,Mexico,Quintana Roo,Tulum,20.2083925,-87.4683985,Rent
KW RIVIERA MAYA,https://www.inmuebles24.com/inmobiliarias/kw-riviera-maya_102886263-inmuebles.html,Inmuebles24 (via parse.bot API),https://www.inmuebles24.com/propiedades/clasificado/alclapin-renta-de-pent-house-de-3-recamaras-en-tulum-101-kune-149983122.html,"Renta de Pent House de 3 Recamaras en Tulum 101, Kune",Penthouse,45000,MXN,3,,181.0,m2,"Pent house lock off 3 recamaras 2 niveles tulum 101 cerca del mar en tulum. Redefina su conexión con la naturaleza en el complejo más exclusivo del Caribe Mexicano. Ubicado en la prestigiosa comunidad maestra Tulum 101, Kune es un santuario de solo 47 unidades diseñado para quienes buscan privacidad, lujo sostenible y una ubicación estratégica entre la selva y el mar. Características del Departamento Tipo Penthouse LockOff. Superficie Total 181. 27 m² distribuidos en dos niveles. Distribución Ve...",https://img10.naventcdn.com/avisos/18/01/49/98/31/22/720x532/1608902241.jpg?isFirstImage=true; https://img10.naventcdn.com/avisos/18/01/49/98/31/22/720x532/1608902158.jpg; https://img10.naventcdn.com/avisos/18/01/49/98/31/22/720x532/1608903307.jpg; https://img10.naventcdn.com/avisos/18/01/49/98/31/22/720x532/1608903296.jpg; https://img10.naventcdn.com/avisos/18/01/49/98/31/22/720x532/1608902129.jpg; https://img10.naventcdn.com/avisos/18/01/49/98/31/22/720x532/1608902229.jpg; https://img10.naventcdn.com/avisos/18/01/49/98/31/22/720x532/1608903411.jpg; https://img10.naventcdn.com/avisos/18/01/49/98/31/22/720x532/1608902119.jpg,Mexico,Quintana Roo,Tulum,20.2114185,-87.46535019999999,Rent
Paola Huerta - Realtor - Sales and Rentals,https://www.inmuebles24.com/inmobiliarias/paola-huerta-realtor-sales-and-rentals_102872515-inmuebles.html,Inmuebles24 (via parse.bot API),https://www.inmuebles24.com/propiedades/clasificado/alclapin-renta-a-largo-plazo-en-tulum-long-term-rental-tulum-150016285.html,Renta a Largo Plazo en Tulum - Long Term Rental Tulum,Condo/Apartment,16000,MXN,2,2,,m2,"Rentas A largo plazo en tulumpara atención personalizada contáctanos por WhatsApp a los siguientes números: Paola Huerta: +52 (5522 43 8797) y Ramón Capocchia +<span class='descripcionDatosAnunciante'><button class='btn btn-link js-verDatos' href='#'>Ver datos</button></span>) Bienvenido, lindo departamento en: Paramar Terra, Aldea ZamáDepartamento de 2 recámaras y 2 baños completosSala y comedorCocina con horno y barraCentro de lavadoEl edificio tiene estacionamiento, recepción, elevador, segur...",https://img10.naventcdn.com/avisos/18/01/50/01/62/85/720x532/1609541800.jpg?isFirstImage=true; https://img10.naventcdn.com/avisos/18/01/50/01/62/85/720x532/1609541746.jpg; https://img10.naventcdn.com/avisos/18/01/50/01/62/85/720x532/1609541795.jpg; https://img10.naventcdn.com/avisos/18/01/50/01/62/85/720x532/1609541788.jpg; https://img10.naventcdn.com/avisos/18/01/50/01/62/85/720x532/1609541752.jpg; https://img10.naventcdn.com/avisos/18/01/50/01/62/85/720x532/1609541785.jpg; https://img10.naventcdn.com/avisos/18/01/50/01/62/85/720x532/1609541792.jpg; https://img10.naventcdn.com/avisos/18/01/50/01/62/85/720x532/1609541749.jpg,Mexico,Quintana Roo,Tulum,20.1954701,-87.4611034,Rent
Tulum Rental Homes,https://www.inmuebles24.com/inmobiliarias/tulum-rental-homes_102640624-inmuebles.html,Inmuebles24 (via parse.bot API),https://www.inmuebles24.com/propiedades/clasificado/alclapin-adora-206-147531882.html,Adora #206,Unknown,35000,MXN,2,,,m2,"Condominio adora #206Av. KukulkánCaracterísticas Destacadas 2 Recámaras 2 Baños completos Sala de estar y comedor Cocina equipada Balcón con alberca privada Lavadora / SecadoraAmenidades Alberca compartida Spa Cenote natural Mirador Restaurante Recepción 24 horasPrecio: $35, 000 mxn mensuales + depósito + servicios. $2, 500 mxn contrato/póliza. Incluye mantenimiento (hoa).",https://img10.naventcdn.com/avisos/18/01/47/53/18/82/720x532/1558760432.jpg?isFirstImage=true; https://img10.naventcdn.com/avisos/18/01/47/53/18/82/720x532/1558760444.jpg; https://img10.naventcdn.com/avisos/18/01/47/53/18/82/720x532/1558760419.jpg; https://img10.naventcdn.com/avisos/18/01/47/53/18/82/720x532/1558760442.jpg; https://img10.naventcdn.com/avisos/18/01/47/53/18/82/720x532/1558760425.jpg; https://img10.naventcdn.com/avisos/18/01/47/53/18/82/720x532/1558760439.jpg; https://img10.naventcdn.com/avisos/18/01/47/53/18/82/720x532/1558760437.jpg; https://img10.naventcdn.com/avisos/18/01/47/53/18/82/720x532/1558760416.jpg,Mexico,Quintana Roo,Tulum,20.2114185,-87.4653502,Rent
Caribbean Properties,https://www.inmuebles24.com/inmobiliarias/caribbean-properties_51237743-inmuebles.html,Inmuebles24 (via parse.bot API),https://www.inmuebles24.com/propiedades/clasificado/alclapin-departamento-en-amira-district-tulum-de-1-recamara-150608174.html,Departamento en Amira District Tulum de 1 Recámara,Condo/Apartment,21000,MXN,1,1,60.0,m2,"Contrato por 1 añose renta Departamento de 1 recámara en el Proyecto amira district tulum. Muy cerca al mar en TulumCaracterísticas: 1 recámaraterraza exteriorJacuzzi privada1 nivelInterior: 40 m2 (430. 56 ft²) Terraza: 20 m2 (215. 28 ft²) total: 60 m2 (645. 84 ft²) Cajón de estacionamiento no asignadoAmenidades: acceso controladoalbercaRequisitos: Mes de renta1 mes de depósitoContrato y estudio socioeconómico: $2, 800 mxnperros bajo autorización. **Precio sujeto a cambios sin previo avisoLos pr...",https://img10.naventcdn.com/avisos/18/01/50/60/81/74/720x532/1621762264.jpg?isFirstImage=true; https://img10.naventcdn.com/avisos/18/01/50/60/81/74/720x532/1621762151.jpg; https://img10.naventcdn.com/avisos/18/01/50/60/81/74/720x532/1621762418.jpg; https://img10.naventcdn.com/avisos/18/01/50/60/81/74/720x532/1621762136.jpg; https://img10.naventcdn.com/avisos/18/01/50/60/81/74/720x532/1621762396.jpg; https://img10.naventcdn.com/avisos/18/01/50/60/81/74/720x532/1621761941.jpg; https://img10.naventcdn.com/avisos/18/01/50/60/81/74/720x532/1621762194.jpg; https://img10.naventcdn.com/avisos/18/01/50/60/81/74/720x532/1621761959.jpg,Mexico,Quintana Roo,Tulum,20.1860416,-87.4471571,Rent
BK Real estate,https://www.inmuebles24.com/inmobiliarias/bk-real-estate_103122888-inmuebles.html,Inmuebles24 (via parse.bot API),https://www.inmuebles24.com/propiedades/clasificado/alclappa-depa-en-la-ubicacion-inteligente-de-tulum:-conectado-150758614.html,"Depa en La Ubicación Inteligente de Tulum: Conectado, Accesible y con Vida Local.",Condo/Apartment,7000,MXN,1,1,55.0,m2,"¡Vive el verdadero Tulum sin pagar sobreprecios! Disfruta de un cómodo y moderno departamento de 55 m² a unos metros de la emblemática Av. Kukulkan, en una ubicación privilegiada que combina la comodidad del centro con el acceso directo a la zona costera y los puntos de transporte más importantes de la región. ¿Por qué esta es la mejor ubicación de Tulum? Conectividad inigualable: A solo 1 km de la Terminal de Autobuses ado: Movilidad inmediata hacia Cancún, Playa del Carmen o el Aeropuerto sin ...",https://img10.naventcdn.com/avisos/18/01/50/75/86/14/720x532/1625622693.jpg?isFirstImage=true; https://img10.naventcdn.com/avisos/18/01/50/75/86/14/720x532/1625622691.jpg; https://img10.naventcdn.com/avisos/18/01/50/75/86/14/720x532/1625622686.jpg; https://img10.naventcdn.com/avisos/18/01/50/75/86/14/720x532/1625622676.jpg; https://img10.naventcdn.com/avisos/18/01/50/75/86/14/720x532/1625622670.jpg; https://img10.naventcdn.com/avisos/18/01/50/75/86/14/720x532/1625622687.jpg; https://img10.naventcdn.com/avisos/18/01/50/75/86/14/720x532/1625622668.jpg; https://img10.naventcdn.com/avisos/18/01/50/75/86/14/720x532/1625622683.jpg,Mexico,Quintana Roo,Tulum,20.21988447160559,-87.46463395903476,Rent
TULUM REALTORS SA de CV,https://www.inmuebles24.com/inmobiliarias/tulum-realtors-sa-de-cv_50146364-inmuebles.html,Inmuebles24 (via parse.bot API),https://www.inmuebles24.com/propiedades/clasificado/alclapin-departamento-en-aldea-zama-146266351.html,Departamento en Aldea Zama,Condo/Apartment,25000,MXN,2,,100.0,m2,"Departamento de 2 Recamaras en Venta 2 baños amueblado en Venta en el área de aldea Zama en Tulum con vista a la alberca y vista espectacular a la reserva ecológica. El departamento consta de dos recamaras y dos baños, cocina integral equipada con barra de granito, sala, comedor, área de lavado con lavadora, aires acondicionados en todos los ambientes, ventiladores. El condominio cuenta con alberca y seguridad 24 horas. Residencial exclusivo muy cerca de ruinas y playas y punto estratégico si lo...",https://img10.naventcdn.com/avisos/18/01/46/26/63/51/720x532/1527723880.jpg?isFirstImage=true; https://img10.naventcdn.com/avisos/18/01/46/26/63/51/720x532/1527723883.jpg; https://img10.naventcdn.com/avisos/18/01/46/26/63/51/720x532/1527723873.jpg; https://img10.naventcdn.com/avisos/18/01/46/26/63/51/720x532/1527723875.jpg; https://img10.naventcdn.com/avisos/18/01/46/26/63/51/720x532/1527723870.jpg; https://img10.naventcdn.com/avisos/18/01/46/26/63/51/720x532/1527723887.jpg; https://img10.naventcdn.com/avisos/18/01/46/26/63/51/720x532/1527723885.jpg; https://img10.naventcdn.com/avisos/18/01/46/26/63/51/720x532/1527723869.jpg,Mexico,Quintana Roo,Tulum,20.2010684826,-87.4546211693,Rent
Red Inmobiliaria,https://www.inmuebles24.com/inmobiliarias/red-inmobiliaria_102171779-inmuebles.html,Inmuebles24 (via parse.bot API),https://www.inmuebles24.com/propiedades/clasificado/alclapin-pent-house-con-roof-top-privado-y-jacuzzi-en-renta-148096915.html,"Pent House con Roof Top Privado y Jacuzzi en Renta, Tulum, Q. Roo",Penthouse,17000,MXN,1,1,86.0,m2,"Penthouse amueblado con roof top Y jacuzzi en renta, tulum Q, rooubicado en el complejo de departamentos Nativa Tulum, con alberca, 2 gimnasios, zona de yoga y seguridad 24/7. A 8 min. Del centtro, 15 min. De la playa y 35 min. Del nuevo aeropuerto. El departamento es de dos niveles,, cocina equipada. Lavadora y secadora, 1 espacionsa recámara con cama cama king size y aire acondicionado y baño completo. En la sala cuenta con un sofá cama matrimonial. En el segundo piso se encuentra la terraza c...",https://img10.naventcdn.com/avisos/18/01/48/09/69/15/720x532/1570298592.jpg?isFirstImage=true; https://img10.naventcdn.com/avisos/18/01/48/09/69/15/720x532/1570298602.jpg; https://img10.naventcdn.com/avisos/18/01/48/09/69/15/720x532/1570298597.jpg; https://img10.naventcdn.com/avisos/18/01/48/09/69/15/720x532/1570298603.jpg; https://img10.naventcdn.com/avisos/18/01/48/09/69/15/720x532/1570298589.jpg; https://img10.naventcdn.com/avisos/18/01/48/09/69/15/720x532/1570298580.jpg; https://img10.naventcdn.com/avisos/18/01/48/09/69/15/720x532/1570298574.jpg; https://img10.naventcdn.com/avisos/18/01/48/09/69/15/720x532/1570298591.jpg,Mexico,Quintana Roo,Tulum,20.2114185,-87.4653502,Rent
AH Bienes Raíces Mx ,https://www.inmuebles24.com/inmobiliarias/ah-bienes-raices-mx_102241764-inmuebles.html,Inmuebles24 (via parse.bot API),https://www.inmuebles24.com/propiedades/clasificado/alclapin-departamento-aldea-zama-150604741.html,Departamento - Aldea Zama,Condo/Apartment,10000,MXN,1,1,45.0,m2,"Estudio en renta totalmente equipado para vivir a largo plazo. Aldea Zama te ofrece un lugar para vivir con comodidad y cerca de todo, además cerca de la playa de Tulum con acceso al parque del jaguar a menos de 5 min. Ubicado en una privada cerca de Chedraui y Comercial Mexicana. Características: -Una recámara con cama queen size-Cocina equipada-Clóset-tocador-Sofá-tv-Refrigerador-Elevador-Roof top con alberca y bar- segundo pisoRenta para un año $10, 000 pesosEn venta $1, 900, 000 pesos_______...",https://img10.naventcdn.com/avisos/18/01/50/60/47/41/720x532/1621690508.jpg?isFirstImage=true; https://img10.naventcdn.com/avisos/18/01/50/60/47/41/720x532/1621690500.jpg; https://img10.naventcdn.com/avisos/18/01/50/60/47/41/720x532/1621690498.jpg; https://img10.naventcdn.com/avisos/18/01/50/60/47/41/720x532/1621690502.jpg; https://img10.naventcdn.com/avisos/18/01/50/60/47/41/720x532/1621690495.jpg; https://img10.naventcdn.com/avisos/18/01/50/60/47/41/720x532/1621690510.jpg; https://img10.naventcdn.com/avisos/18/01/50/60/47/41/720x532/1621690496.jpg; https://img10.naventcdn.com/avisos/18/01/50/60/47/41/720x532/1621690514.jpg,Mexico,Quintana Roo,Tulum,20.1972599,-87.4629898,Rent
Tulum Rental Homes,https://www.inmuebles24.com/inmobiliarias/tulum-rental-homes_102640624-inmuebles.html,Inmuebles24 (via parse.bot API),https://www.inmuebles24.com/propiedades/clasificado/alclapin-adora-h13-estudio-149945205.html,Adora #h13 Estudio,Unknown,14000,MXN,,1,,m2,"Adora #H13 EstudioAv. KukulkánCaracterísticas DestacadasEstudio con cama king size1 Baño completoTina de piedra talladaBalcón45m² de espacio interiorAmenidadesAlberca CompartidaSpaCenote naturalMiradorRestauranteRecepción 24 HorasPrecio: $14, 000 mxn mensuales + depósito + servicios + $2, 500 mxn contrato/póliza. Incluye mantenimiento(hoa)",https://img10.naventcdn.com/avisos/18/01/49/94/52/05/720x532/1608133171.jpg?isFirstImage=true; https://img10.naventcdn.com/avisos/18/01/49/94/52/05/720x532/1608133008.jpg; https://img10.naventcdn.com/avisos/18/01/49/94/52/05/720x532/1608132683.jpg; https://img10.naventcdn.com/avisos/18/01/49/94/52/05/720x532/1608132875.jpg; https://img10.naventcdn.com/avisos/18/01/49/94/52/05/720x532/1608132945.jpg; https://img10.naventcdn.com/avisos/18/01/49/94/52/05/720x532/1608133051.jpg; https://img10.naventcdn.com/avisos/18/01/49/94/52/05/720x532/1608132909.jpg; https://img10.naventcdn.com/avisos/18/01/49/94/52/05/720x532/1608132579.jpg,Mexico,Quintana Roo,Tulum,20.1810567,-87.4702385,Rent
Tulum Rental Homes,https://www.inmuebles24.com/inmobiliarias/tulum-rental-homes_102640624-inmuebles.html,Inmuebles24 (via parse.bot API),https://www.inmuebles24.com/propiedades/clasificado/alclapin-estudio-en-av-kukulkan-149945230.html,Estudio en Av Kukulkan,Unknown,16000,MXN,,1,,m2,"Adora #401 Sobre Av. KukulkanCaracterísticas destacadas: Habitación con amplio armario Baño completo con doble regaderaCocina completaBalcónSmart tv y aire acondicionadoAmenidades: Alberca compartidaSpaCenoteMiradorRestauranteRecepción 24 horasPrecio: $16, 000 al mes + depósito + servicio de luzIncluye mantenimiento",https://img10.naventcdn.com/avisos/18/01/49/94/52/30/720x532/1608133454.jpg?isFirstImage=true; https://img10.naventcdn.com/avisos/18/01/49/94/52/30/720x532/1608133353.jpg; https://img10.naventcdn.com/avisos/18/01/49/94/52/30/720x532/1608133204.jpg; https://img10.naventcdn.com/avisos/18/01/49/94/52/30/720x532/1608133234.jpg; https://img10.naventcdn.com/avisos/18/01/49/94/52/30/720x532/1608133379.jpg; https://img10.naventcdn.com/avisos/18/01/49/94/52/30/720x532/1608133332.jpg; https://img10.naventcdn.com/avisos/18/01/49/94/52/30/720x532/1608133166.jpg; https://img10.naventcdn.com/avisos/18/01/49/94/52/30/720x532/1608133434.jpg,Mexico,Quintana Roo,Tulum,20.1888709499,-87.4621274999,Rent
Tulum Rental Homes,https://www.inmuebles24.com/inmobiliarias/tulum-rental-homes_102640624-inmuebles.html,Inmuebles24 (via parse.bot API),https://www.inmuebles24.com/propiedades/clasificado/alclapin-palalma-casa-20-149546446.html,Palalma Casa 20,House,24000,MXN,2,2,,m2,"Palalma Casa 20Aldea ZamaCaracterísticas destacadas2 recámaras2 bañosCocina completaSalaBalcón privadoSmart tvventiladores y aire acondicionadoLavasecadoraPrecio: $24, 000 mxn mensuales + deposito + $2, 500 mxn contrato/póliza. Incluye mantenimiento(hoa), Agua e Internet",https://img10.naventcdn.com/avisos/18/01/49/54/64/46/720x532/1599741875.jpg?isFirstImage=true; https://img10.naventcdn.com/avisos/18/01/49/54/64/46/720x532/1599742398.jpg; https://img10.naventcdn.com/avisos/18/01/49/54/64/46/720x532/1599742381.jpg; https://img10.naventcdn.com/avisos/18/01/49/54/64/46/720x532/1599742393.jpg; https://img10.naventcdn.com/avisos/18/01/49/54/64/46/720x532/1599741870.jpg; https://img10.naventcdn.com/avisos/18/01/49/54/64/46/720x532/1599741873.jpg; https://img10.naventcdn.com/avisos/18/01/49/54/64/46/720x532/1599741860.jpg; https://img10.naventcdn.com/avisos/18/01/49/54/64/46/720x532/1599741886.jpg,Mexico,Quintana Roo,Tulum,20.1991982,-87.4715131,Rent
Tulum Rental Homes,https://www.inmuebles24.com/inmobiliarias/tulum-rental-homes_102640624-inmuebles.html,Inmuebles24 (via parse.bot API),https://www.inmuebles24.com/propiedades/clasificado/alclapin-departamento-en-region-15-149546379.html,Departamento en Region 15,Condo/Apartment,35000,MXN,2,2,,m2,"Atman villages #117Region 15Características destacadas2 habitaciones 2 camas king size2. 5 baños completosRooftop privado con albercaJardín privado con albercaSalaComedorCocinaAmenidadesGimnasioAlbercaRecepciónSeguridad 24/7Precio: $35, 000 mxn mensuales + depósito + servicios + $2. 500 mxn pago única vez por contrato/póliza. Incluye mantenimiento (hoa).",https://img10.naventcdn.com/avisos/18/01/49/54/63/79/720x532/1599742112.jpg?isFirstImage=true; https://img10.naventcdn.com/avisos/18/01/49/54/63/79/720x532/1599741416.jpg; https://img10.naventcdn.com/avisos/18/01/49/54/63/79/720x532/1599742116.jpg; https://img10.naventcdn.com/avisos/18/01/49/54/63/79/720x532/1599742151.jpg; https://img10.naventcdn.com/avisos/18/01/49/54/63/79/720x532/1599741479.jpg; https://img10.naventcdn.com/avisos/18/01/49/54/63/79/720x532/1599741513.jpg; https://img10.naventcdn.com/avisos/18/01/49/54/63/79/720x532/1599741531.jpg; https://img10.naventcdn.com/avisos/18/01/49/54/63/79/720x532/1599741535.jpg,Mexico,Quintana Roo,Tulum,20.1810567,-87.4702385,Rent
SMA,https://www.inmuebles24.com/inmobiliarias/sma_102951949-inmuebles.html,Inmuebles24 (via parse.bot API),https://www.inmuebles24.com/propiedades/clasificado/alclapin-apartment-tumben-kaa-149299246.html,Apartment Tumben Kaa,Condo/Apartment,15000,MXN,,,110.0,m2,"Discover the potential of this spacious 110 square meter apartment located in the serene neighborhood of Tumben Kaa, Tulum, Quintana Roo. Nestled at 565 rio chinal, this property offers a blank canvas for those looking to create their dream home in one of Mexico&#39;s most sought-after destinations. Despite being a blank slate, this apartment presents a range of key features and amenities that promise convenience and comfort. The layout includes a balcony, storage room, kitchen, hall, toilette, ...",https://img10.naventcdn.com/avisos/18/01/49/29/92/46/720x532/1594563234.jpg?isFirstImage=true; https://img10.naventcdn.com/avisos/18/01/49/29/92/46/720x532/1594563221.jpg; https://img10.naventcdn.com/avisos/18/01/49/29/92/46/720x532/1594563211.jpg; https://img10.naventcdn.com/avisos/18/01/49/29/92/46/720x532/1594563222.jpg; https://img10.naventcdn.com/avisos/18/01/49/29/92/46/720x532/1594563237.jpg; https://img10.naventcdn.com/avisos/18/01/49/29/92/46/720x532/1594563224.jpg; https://img10.naventcdn.com/avisos/18/01/49/29/92/46/720x532/1594563233.jpg; https://img10.naventcdn.com/avisos/18/01/49/29/92/46/720x532/1594563217.jpg,Mexico,Quintana Roo,Tulum,20.2175487,-87.4737085,Rent
Paraiso Real Estate Tulum,https://www.inmuebles24.com/inmobiliarias/paraiso-real-estate-tulum_50310732-inmuebles.html,Inmuebles24 (via parse.bot API),https://www.inmuebles24.com/propiedades/clasificado/alclapin-renta-cozy-depa-de-1-recamara-en-la-veleta-con-su-150382005.html,Renta Cozy Depa de 1 Recamara en La Veleta con Su Terraza Privada,Condo/Apartment,14000,MXN,1,1,130.0,m2,"Departamento en renta en La Veleta, Tulum, Quintana Roo. Este acogedor departamento de 1 recámara ofrece una terraza privada perfecta para disfrutar del clima caribeño. Con un diseño moderno y 65 m2 de superficie, cuenta con cocina equipada, lavandería, balcón y terraza. Las comodidades incluyen aire acondicionado individual, alberca comunitaria, y zonas verdes. La renta mensual incluye el mantenimiento de condominio y acceso a internet de fibra óptica. Se aceptan mascotas pequeñas y bien portad...",https://img10.naventcdn.com/avisos/18/01/50/38/20/05/720x532/1616987344.jpg?isFirstImage=true; https://img10.naventcdn.com/avisos/18/01/50/38/20/05/720x532/1616987345.jpg; https://img10.naventcdn.com/avisos/18/01/50/38/20/05/720x532/1616987316.jpg; https://img10.naventcdn.com/avisos/18/01/50/38/20/05/720x532/1616987327.jpg; https://img10.naventcdn.com/avisos/18/01/50/38/20/05/720x532/1616987333.jpg; https://img10.naventcdn.com/avisos/18/01/50/38/20/05/720x532/1616987320.jpg; https://img10.naventcdn.com/avisos/18/01/50/38/20/05/720x532/1616987337.jpg; https://img10.naventcdn.com/avisos/18/01/50/38/20/05/720x532/1616987325.jpg,Mexico,Quintana Roo,Tulum,20.2024301652,-87.4735408474,Rent
PATRIMO,https://www.inmuebles24.com/inmobiliarias/patrimo_51402259-inmuebles.html,Inmuebles24 (via parse.bot API),https://www.inmuebles24.com/propiedades/clasificado/alclapin-supermanzana-15-la-veleta-al-77700-147285468.html,Supermanzana 15 La Veleta Al 77700,Penthouse,35000,MXN,2,3,163.0,m2,"Maravilloso Penthouse Duplex de 163m2 en la veleta donde encuentras muchos servicios cercanos, cuenta con dos alcobas con su baño y un ampli living room con cocina abierta y baño privado, el alma de esta propiedad es la alcoba en el segundo nivel que sale a una terraza privada que cuenta con deck y alberca, donde podras pasar momentos inolvidables con los que mas quieres y cuando no lo estes ocupando si quieres lo puedes rentar, pues siempre es muy apetecido. patrimo - building timeless value!",https://img10.naventcdn.com/avisos/18/01/47/28/54/68/720x532/1552622400.jpg?isFirstImage=true; https://img10.naventcdn.com/avisos/18/01/47/28/54/68/720x532/1552622397.jpg; https://img10.naventcdn.com/avisos/18/01/47/28/54/68/720x532/1552622395.jpg; https://img10.naventcdn.com/avisos/18/01/47/28/54/68/720x532/1552622391.jpg; https://img10.naventcdn.com/avisos/18/01/47/28/54/68/720x532/1552622394.jpg; https://img10.naventcdn.com/avisos/18/01/47/28/54/68/720x532/1552622398.jpg; https://img10.naventcdn.com/avisos/18/01/47/28/54/68/720x532/1552622393.jpg; https://img10.naventcdn.com/avisos/18/01/47/28/54/68/720x532/1552622402.jpg,Mexico,Quintana Roo,Tulum,20.2025963,-87.4727791,Rent
Tulum Rental Homes,https://www.inmuebles24.com/inmobiliarias/tulum-rental-homes_102640624-inmuebles.html,Inmuebles24 (via parse.bot API),https://www.inmuebles24.com/propiedades/clasificado/alclapin-departamento-en-homes-301-146839379.html,Departamento en Homes #301,Condo/Apartment,23000,MXN,2,25,,m2,Homes #301 phvillas TulumCaracterísticas destacadas 2 recámaras amplias2. 5 bañosSala con sillonesCocina completa con horno e islaTerraza privada con jacuzziSmart tv Aire acondicionadoPrecio: $23. 000 mensuales + depósito + servicios + $2. 500 pago única vez por contrato/póliza. Incluye mantenimiento y gas.,https://img10.naventcdn.com/avisos/18/01/46/83/93/79/720x532/1541882528.jpg?isFirstImage=true; https://img10.naventcdn.com/avisos/18/01/46/83/93/79/720x532/1541882524.jpg; https://img10.naventcdn.com/avisos/18/01/46/83/93/79/720x532/1541882527.jpg; https://img10.naventcdn.com/avisos/18/01/46/83/93/79/720x532/1541882526.jpg; https://img10.naventcdn.com/avisos/18/01/46/83/93/79/720x532/1541882523.jpg; https://img10.naventcdn.com/avisos/18/01/46/83/93/79/720x532/1541882522.jpg; https://img10.naventcdn.com/avisos/18/01/46/83/93/79/720x532/1541882525.jpg,Mexico,Quintana Roo,Tulum,20.2175425,-87.4514178,Rent
Karen Szumowski Asesora Inmobiliaria,https://www.inmuebles24.com/inmobiliarias/karen-szumowski-asesora-inmobiliaria_102944090-inmuebles.html,Inmuebles24 (via parse.bot API),https://www.inmuebles24.com/propiedades/clasificado/alclapin-departamento-en-av-coba-tulum-desde-$35-000-en-renta-148167687.html,"Departamento en Av Coba, Tulum Desde $35,000 en Renta",Condo/Apartment,35000,MXN,2,2,,m2,"Condominio humana F101Av. CobaCaracterísticas destacadas: -2 Recámaras amplias con closet-2 Baños completos &amp;amp; 1 medio baño-Cocina equipada con horno &amp;amp; barra-Sala con tv-Amplio comedor-Lava secadora-Parilla-Jacuzzi privado-Terraza &amp;amp; jardínAmenidades: -Alberca compartida-Terraza &amp;amp; zona de relajación-A minutos de la playaPrecio: $35, 000 mxn mensuales + depósito + servicios $2, 500 mxn póliza/contrato. Incluye mantenimiento(hoa)",https://img10.naventcdn.com/avisos/18/01/48/16/76/87/720x532/1571719156.jpg?isFirstImage=true; https://img10.naventcdn.com/avisos/18/01/48/16/76/87/720x532/1571719160.jpg; https://img10.naventcdn.com/avisos/18/01/48/16/76/87/720x532/1571719162.jpg; https://img10.naventcdn.com/avisos/18/01/48/16/76/87/720x532/1571719152.jpg; https://img10.naventcdn.com/avisos/18/01/48/16/76/87/720x532/1571719191.jpg; https://img10.naventcdn.com/avisos/18/01/48/16/76/87/720x532/1571719174.jpg; https://img10.naventcdn.com/avisos/18/01/48/16/76/87/720x532/1571719168.jpg; https://img10.naventcdn.com/avisos/18/01/48/16/76/87/720x532/1571719161.jpg,Mexico,Quintana Roo,Tulum,20.2171879,-87.4544184,Rent
Tulum Rental Homes,https://www.inmuebles24.com/inmobiliarias/tulum-rental-homes_102640624-inmuebles.html,Inmuebles24 (via parse.bot API),https://www.inmuebles24.com/propiedades/clasificado/alclapin-departamento-en-blue-luxury-149945181.html,Departamento en Blue Luxury,Condo/Apartment,35000,MXN,2,2,180.0,m2,"Condominio blue luxury phkukulkán Características destacadas 2 Recámaras con closet2 Baños completosCocina equipada con barraAmplia sala con tvcomedor para 6 personasVentiladores de techo, tv &amp;amp; A/cterraza privadaAlberca privada con camastrosEstacionamientoAlberca compartidaPrecio: $35, 000 mxn mensuales+ depósito + servicios + $2, 500 mxn contrato/póliza. Incluye mantenimiento",https://img10.naventcdn.com/avisos/18/01/49/94/51/81/720x532/1608132723.jpg?isFirstImage=true; https://img10.naventcdn.com/avisos/18/01/49/94/51/81/720x532/1608132494.jpg; https://img10.naventcdn.com/avisos/18/01/49/94/51/81/720x532/1608132819.jpg; https://img10.naventcdn.com/avisos/18/01/49/94/51/81/720x532/1608132663.jpg; https://img10.naventcdn.com/avisos/18/01/49/94/51/81/720x532/1608132943.jpg; https://img10.naventcdn.com/avisos/18/01/49/94/51/81/720x532/1608132569.jpg; https://img10.naventcdn.com/avisos/18/01/49/94/51/81/720x532/1608132899.jpg; https://img10.naventcdn.com/avisos/18/01/49/94/51/81/720x532/1608132854.jpg,Mexico,Quintana Roo,Tulum,20.198316002,-87.4670198492,Rent
Paraiso Real Estate Tulum,https://www.inmuebles24.com/inmobiliarias/paraiso-real-estate-tulum_50310732-inmuebles.html,Inmuebles24 (via parse.bot API),https://www.inmuebles24.com/propiedades/clasificado/alclapin-atico-muy-amplio-con-terraza-y-jacuzzi-privadas-en-149490042.html,Atico Muy Amplio con Terraza y Jacuzzi Privadas en Renta Largo Plazo,Condo/Apartment,19000,MXN,1,1,,m2,"Descubre este Atico en La Veleta, Tulum, una zona emergente que combina la serenidad del entorno natural con el estilo moderno. Esta propiedad ofrece un diseño amplio y muy luminoso, ideal para quienes buscan un espacio contemporáneo y acogedor. El departamento cuenta con una espaciosa terraza privada, donde podrás relajarte en el jacuzzi mientras disfrutas de las vistas y la tranquilidad del vecindario. Este espacio exterior es perfecto para organizar reuniones o simplemente disfrutar de un mom...",https://img10.naventcdn.com/avisos/18/01/49/49/00/42/720x532/1598515214.jpg?isFirstImage=true; https://img10.naventcdn.com/avisos/18/01/49/49/00/42/720x532/1598515212.jpg; https://img10.naventcdn.com/avisos/18/01/49/49/00/42/720x532/1598515215.jpg; https://img10.naventcdn.com/avisos/18/01/49/49/00/42/720x532/1598515206.jpg; https://img10.naventcdn.com/avisos/18/01/49/49/00/42/720x532/1598515207.jpg; https://img10.naventcdn.com/avisos/18/01/49/49/00/42/720x532/1598515209.jpg; https://img10.naventcdn.com/avisos/18/01/49/49/00/42/720x532/1598515208.jpg; https://img10.naventcdn.com/avisos/18/01/49/49/00/42/720x532/1598515203.jpg,Mexico,Quintana Roo,Tulum,20.20639218,-87.4708371807,Rent
Caribbean Properties,https://www.inmuebles24.com/inmobiliarias/caribbean-properties_51237743-inmuebles.html,Inmuebles24 (via parse.bot API),https://www.inmuebles24.com/propiedades/clasificado/alclapin-departamento-en-reverence-tipo-estudio-amueblado-150608173.html,Departamento en Reverence Tipo Estudio Amueblado,Condo/Apartment,6000,MXN,1,1,39.0,m2,"Estudio en renta A largo plazose renta Estudio con acceso directo de terraza a la alberca en el Proyecto reverence en región 15. Características: Estudio con acceso directo a la albercaInterior: 35 m2 (376. 7 sq ft) Terraza: 4 m2 (43. 1 sq ft) total: 39 m2 (419. 8 sq ft) Cajon de estacionamiento no asignadoAmuebladoAmenidades: acceso controladoLobbyalbercaCamastrosGimnasio al aire libreÁreas verdes, salón para grabaciones de contenidoRequisitos: -1 mes deposito, mes inicial, + internet y electri...",https://img10.naventcdn.com/avisos/18/01/50/60/81/73/720x532/1621761530.jpg?isFirstImage=true; https://img10.naventcdn.com/avisos/18/01/50/60/81/73/720x532/1621761641.jpg; https://img10.naventcdn.com/avisos/18/01/50/60/81/73/720x532/1621761521.jpg; https://img10.naventcdn.com/avisos/18/01/50/60/81/73/720x532/1621761650.jpg; https://img10.naventcdn.com/avisos/18/01/50/60/81/73/720x532/1621761693.jpg; https://img10.naventcdn.com/avisos/18/01/50/60/81/73/720x532/1621761588.jpg; https://img10.naventcdn.com/avisos/18/01/50/60/81/73/720x532/1621761604.jpg; https://img10.naventcdn.com/avisos/18/01/50/60/81/73/720x532/1621761707.jpg,Mexico,Quintana Roo,Tulum,20.1886292779,-87.476976209,Rent
Margin Realtors,https://www.inmuebles24.com/inmobiliarias/margin-realtors_50901791-inmuebles.html,Inmuebles24 (via parse.bot API),https://www.inmuebles24.com/propiedades/clasificado/alclapin-departamento-tulum-149810432.html,Departamento - Tulum,Condo/Apartment,60000,MXN,3,3,,m2,"Xdaeroga02paaldea Zama venta Y renta exclusivo departamento amueblado paramar indigo aldea zama tulum la zona de alta plusvalía Conjunto exclusivo urbanizado a 10 minutos de la zona hotelera. Áreas comerciales dentro de Aldea Zama dan servicio de calidad a las viviendas. Cafeterías, heladerías, restaurantes, food Market, Etc. Paramar ÍndigoConjunto exclusivo condominio horizontal de 3 niveles. Elevador Alberca Familiar Camastros Palapa Gimnasio Vigilancia 24 hr. WiFi Áreas ComunesParamar Índigo ...",https://img10.naventcdn.com/avisos/18/01/49/81/04/32/720x532/1605359789.jpg?isFirstImage=true; https://img10.naventcdn.com/avisos/18/01/49/81/04/32/720x532/1605359838.jpg; https://img10.naventcdn.com/avisos/18/01/49/81/04/32/720x532/1605359865.jpg; https://img10.naventcdn.com/avisos/18/01/49/81/04/32/720x532/1605359813.jpg; https://img10.naventcdn.com/avisos/18/01/49/81/04/32/720x532/1605359830.jpg; https://img10.naventcdn.com/avisos/18/01/49/81/04/32/720x532/1605359806.jpg; https://img10.naventcdn.com/avisos/18/01/49/81/04/32/720x532/1605359854.jpg; https://img10.naventcdn.com/avisos/18/01/49/81/04/32/720x532/1605359846.jpg,Mexico,Quintana Roo,Tulum,20.2114185,-87.4653502,Rent
MM Real State,https://www.inmuebles24.com/inmobiliarias/mm-real-state_102510516-inmuebles.html,Inmuebles24 (via parse.bot API),https://www.inmuebles24.com/propiedades/clasificado/alclapin-departamento-nectar-tulum-150595475.html,Departamento Nectar Tulum,Condo/Apartment,17000,MXN,,2,,m2,"*renta departamento amueblado en néctar tulum**Renta Mensual: $17, 000 mxn? *Incluye: mantenimiento, agua e internet. Luz: consumo independiente. No se aceptan mascotas. Características* 2 recámaras. * 2 baños completos. * Sala y comedor. * Cocina integral. * Área de lavado. * El condominio no cuenta con cajón de estacionamiento asignado; el vehículo se estaciona en el exterior del desarrollo. Amenidades* Alberca infinity. * Rooftop con área lounge. * Sky Bar. * Concierge. * Acceso controlado. *...",https://img10.naventcdn.com/avisos/18/01/50/59/54/75/720x532/1621526494.jpg?isFirstImage=true; https://img10.naventcdn.com/avisos/18/01/50/59/54/75/720x532/1621526498.jpg; https://img10.naventcdn.com/avisos/18/01/50/59/54/75/720x532/1621526505.jpg; https://img10.naventcdn.com/avisos/18/01/50/59/54/75/720x532/1621526507.jpg; https://img10.naventcdn.com/avisos/18/01/50/59/54/75/720x532/1621526509.jpg; https://img10.naventcdn.com/avisos/18/01/50/59/54/75/720x532/1621526496.jpg; https://img10.naventcdn.com/avisos/18/01/50/59/54/75/720x532/1621526504.jpg; https://img10.naventcdn.com/avisos/18/01/50/59/54/75/720x532/1621526499.jpg,Mexico,Quintana Roo,Tulum,20.2094707,-87.4562073,Rent
Azaola Investment Hub,https://www.inmuebles24.com/inmobiliarias/azaola-investment-hub_102490945-inmuebles.html,Inmuebles24 (via parse.bot API),https://www.inmuebles24.com/propiedades/clasificado/alclapin-departamento-en-renta-tipo-estudio-en-aldea-zama-tulum-150591767.html,Departamento en Renta Tipo Estudio en Aldea Zama Tulum,Condo/Apartment,10500,MXN,1,1,36.0,m2,"¡Bienvenido a tu hogar en el paraíso de Tulum! Este hermoso departamento en Aldea Zama, dentro del exclusivo desarrollo Mya Tulum. Ofrece una experiencia de vida única en una de las zonas más deseadas de la Riviera Maya. Este departamento tipo estudio cuenta con acabados de primera calidad. Este espacio ofrece el ambiente perfecto para relajarse después de un día explorando las maravillas naturales y culturales de Tulum. Los interiores están diseñados con una estética moderna y elegante, con det...",https://img10.naventcdn.com/avisos/18/01/50/59/17/67/720x532/1621449648.jpg?isFirstImage=true; https://img10.naventcdn.com/avisos/18/01/50/59/17/67/720x532/1621447394.jpg; https://img10.naventcdn.com/avisos/18/01/50/59/17/67/720x532/1621447387.jpg; https://img10.naventcdn.com/avisos/18/01/50/59/17/67/720x532/1621447402.jpg; https://img10.naventcdn.com/avisos/18/01/50/59/17/67/720x532/1621447381.jpg; https://img10.naventcdn.com/avisos/18/01/50/59/17/67/720x532/1621447401.jpg; https://img10.naventcdn.com/avisos/18/01/50/59/17/67/720x532/1621447397.jpg; https://img10.naventcdn.com/avisos/18/01/50/59/17/67/720x532/1621447391.jpg,Mexico,Quintana Roo,Tulum,20.1979030908,-87.4629859877,Rent
Tropical Life Investment,https://www.inmuebles24.com/inmobiliarias/tropical-life-investment_102658705-inmuebles.html,Inmuebles24 (via parse.bot API),https://www.inmuebles24.com/propiedades/clasificado/alclapin-renta-apartamento-en-tulum-2-habitaciones-tipo-lock-144310358.html,"Renta Apartamento en Tulum, 2 Habitaciones Tipo Lock - Off",Condo/Apartment,28000,MXN,2,2,103.0,m2,"Este hermoso apartamento, con excelentes acabados se encuentra ubicacado en calle asteroides, a 30 mts de la avenida Coba. Es de 2 recámaras, con sistema lock-off, lo que hace excelente tanto para rentarlo como para venderlo. Además cuenta con 2 baños completos, 2 cocinas completas, Barra desayunadora en cada cocina 2 sofás Balcón Tvs Lavadora Aires acondicionadosAmenidades: Alberca Vigilancia 24 hs Wifi en áreas comunes Asoleadores y camastros Area de cine Estacionamiento",https://img10.naventcdn.com/avisos/18/01/44/31/03/58/720x532/1480180929.jpg?isFirstImage=true; https://img10.naventcdn.com/avisos/18/01/44/31/03/58/720x532/1480180946.jpg; https://img10.naventcdn.com/avisos/18/01/44/31/03/58/720x532/1480180924.jpg; https://img10.naventcdn.com/avisos/18/01/44/31/03/58/720x532/1480180930.jpg; https://img10.naventcdn.com/avisos/18/01/44/31/03/58/720x532/1480180936.jpg; https://img10.naventcdn.com/avisos/18/01/44/31/03/58/720x532/1480180931.jpg; https://img10.naventcdn.com/avisos/18/01/44/31/03/58/720x532/1480180947.jpg; https://img10.naventcdn.com/avisos/18/01/44/31/03/58/720x532/1480180943.jpg,Mexico,Quintana Roo,Tulum,20.2107413,-87.4528118,Rent
Paola Huerta - Realtor - Sales and Rentals,https://www.inmuebles24.com/inmobiliarias/paola-huerta-realtor-sales-and-rentals_102872515-inmuebles.html,Inmuebles24 (via parse.bot API),https://www.inmuebles24.com/propiedades/clasificado/alclapin-renta-a-largo-plazo-en-tulum-long-term-rental-tulum.-150657531.html,Renta a Largo Plazo en Tulum - Long Term Rental Tulum.,Unknown,18000,MXN,2,2,,m2,"Rentas A largo plazo en tulumpara atención personalizada contáctanos por WhatsApp a los siguientes números: Paola Huerta: +52 (5522 43 8797) y Ramón Capocchia +<span class='descripcionDatosAnunciante'><button class='btn btn-link js-verDatos' href='#'>Ver datos</button></span>) Bienvenido a este lindo departamentoUbicación: Amar, HolistikaUbicado en planta bajaLindo depa de 2 recámaras y 2. 5 bañosSala, comedor y cocina equipadasCon mucha luz y sistema lock offLavadora y secadoraJacuzzi y terraza...",https://img10.naventcdn.com/avisos/18/01/50/65/75/31/720x532/1622768578.jpg?isFirstImage=true; https://img10.naventcdn.com/avisos/18/01/50/65/75/31/720x532/1622768475.jpg; https://img10.naventcdn.com/avisos/18/01/50/65/75/31/720x532/1622768481.jpg; https://img10.naventcdn.com/avisos/18/01/50/65/75/31/720x532/1622768523.jpg; https://img10.naventcdn.com/avisos/18/01/50/65/75/31/720x532/1622768492.jpg; https://img10.naventcdn.com/avisos/18/01/50/65/75/31/720x532/1622768566.jpg; https://img10.naventcdn.com/avisos/18/01/50/65/75/31/720x532/1622768588.jpg; https://img10.naventcdn.com/avisos/18/01/50/65/75/31/720x532/1622768613.jpg,Mexico,Quintana Roo,Tulum,20.2125527,-87.4583994,Rent
Tulum Rental Homes,https://www.inmuebles24.com/inmobiliarias/tulum-rental-homes_102640624-inmuebles.html,Inmuebles24 (via parse.bot API),https://www.inmuebles24.com/propiedades/clasificado/alclapin-adora-209-149546214.html,Adora 209,Unknown,34000,MXN,2,2,,m2,"Adora 209Av. KukulkanCaracterísticas Destacadas2 recámaras elegantes2 baños completosCocina completaLava secadoraTerraza y balcón privadoAmenidadesEstacionamientoCenote naturalAlberca compartidaRecepción y seguridad las 24 hsTemazcalPrecio: $34, 000 mxn mensuales + depósito + Servicios + $2, 500 mxn póliza/contrato. Incluye mantenimiento (hoa), Internet",https://img10.naventcdn.com/avisos/18/01/49/54/62/14/720x532/1599737430.jpg?isFirstImage=true; https://img10.naventcdn.com/avisos/18/01/49/54/62/14/720x532/1599737427.jpg; https://img10.naventcdn.com/avisos/18/01/49/54/62/14/720x532/1599744655.jpg; https://img10.naventcdn.com/avisos/18/01/49/54/62/14/720x532/1599737426.jpg; https://img10.naventcdn.com/avisos/18/01/49/54/62/14/720x532/1599744666.jpg; https://img10.naventcdn.com/avisos/18/01/49/54/62/14/720x532/1599744662.jpg; https://img10.naventcdn.com/avisos/18/01/49/54/62/14/720x532/1599737417.jpg; https://img10.naventcdn.com/avisos/18/01/49/54/62/14/720x532/1599744668.jpg,Mexico,Quintana Roo,Tulum,20.1888154,-87.4621429,Rent
Paola Huerta - Realtor - Sales and Rentals,https://www.inmuebles24.com/inmobiliarias/paola-huerta-realtor-sales-and-rentals_102872515-inmuebles.html,Inmuebles24 (via parse.bot API),https://www.inmuebles24.com/propiedades/clasificado/alclapin-renta-a-largo-plazo-en-tulum-long-term-rental-tulum-149724317.html,Renta a Largo Plazo en Tulum - Long Term Rental Tulum,Condo/Apartment,22000,MXN,2,2,,m2,"Rentas A largo plazo en tulumpara atención personalizada contáctanos por WhatsApp a los siguientes números: Paola Huerta: +52 (5522 43 8797) y Ramon Capocchia +<span class='descripcionDatosAnunciante'><button class='btn btn-link js-verDatos' href='#'>Ver datos</button></span>) renta largo plazo departamento 2 recámarasdolce Vita, Aldea ZamáBienvenidoLujoso y amplio departamento de dos habitaciones y dos baños completosEspacio de sala, comedor y cocina de buen tamañoAmuebladoEl complejo tiene ubi...",https://img10.naventcdn.com/avisos/18/01/49/72/43/17/720x532/1603517693.jpg?isFirstImage=true; https://img10.naventcdn.com/avisos/18/01/49/72/43/17/720x532/1603517691.jpg; https://img10.naventcdn.com/avisos/18/01/49/72/43/17/720x532/1603517696.jpg; https://img10.naventcdn.com/avisos/18/01/49/72/43/17/720x532/1603517690.jpg; https://img10.naventcdn.com/avisos/18/01/49/72/43/17/720x532/1603517687.jpg; https://img10.naventcdn.com/avisos/18/01/49/72/43/17/720x532/1603517697.jpg; https://img10.naventcdn.com/avisos/18/01/49/72/43/17/720x532/1603517692.jpg; https://img10.naventcdn.com/avisos/18/01/49/72/43/17/720x532/1603517694.jpg,Mexico,Quintana Roo,Tulum,20.1972599,-87.4629898,Rent
OPERADORA DE INMUEBLES BARPIL .,https://www.inmuebles24.com/inmobiliarias/operadora-de-inmuebles-barpil-._103080064-inmuebles.html,Inmuebles24 (via parse.bot API),https://www.inmuebles24.com/propiedades/clasificado/alclappa-departamento-de-1-recamara-con-roof-garden-la-150734400.html,"Departamento de 1 Recámara con Roof Garden | La Veleta, Tulum",Condo/Apartment,16000,MXN,1,2,87.0,m2,"Departamento amueblado y equipado ideal para una persona o pareja que busca comodidad y privacidad. Características: • 1 recámara. • 2 baños. • Cocina equipada. • Sala y comedor. • Terraza privada. • Roof Garden privado. • Alberca privada. • Aire acondicionado. ️ Excelente opción para disfrutar el estilo de vida de Tulum. La Veleta, Tulum. Renta mensual: $16, 000 mxn (Mantenimiento incluido) Depósito en garantía. Trato directo. Contáctanos para disponibilidad. Unidades disponibles dentro del mis...",https://img10.naventcdn.com/avisos/18/01/50/73/44/00/720x532/1624343544.jpg?isFirstImage=true; https://img10.naventcdn.com/avisos/18/01/50/73/44/00/720x532/1624343538.jpg; https://img10.naventcdn.com/avisos/18/01/50/73/44/00/720x532/1624343542.jpg; https://img10.naventcdn.com/avisos/18/01/50/73/44/00/720x532/1624343539.jpg; https://img10.naventcdn.com/avisos/18/01/50/73/44/00/720x532/1624343543.jpg; https://img10.naventcdn.com/avisos/18/01/50/73/44/00/720x532/1624343540.jpg; https://img10.naventcdn.com/avisos/18/01/50/73/44/00/720x532/1624343541.jpg; https://img10.naventcdn.com/avisos/18/01/50/73/44/00/720x532/1624343545.jpg,Mexico,Quintana Roo,Tulum,20.202849866312917,-87.47213141299191,Rent
Sunna Real Estate,https://www.inmuebles24.com/inmobiliarias/sunna-real-estate_102829561-inmuebles.html,Inmuebles24 (via parse.bot API),https://www.inmuebles24.com/propiedades/clasificado/alclapin-departamento-en-aldea-zama-147284717.html,Departamento en Aldea Zama,Condo/Apartment,22000,MXN,2,2,105.0,m2,"El estilo de este departmento es una reinterpretación de la arquitectura de las épocas dorada de Acapulco en los años 30’s, donde emerge como uno de los destinosinternacionales de playa con más afluencia y fama. En este estilo predominan los espacios abiertos con ventilaciones, las terrazas, las celosíasy el uso de materiales de la región. En tiempos en los que nos hemos acostumbrado a vivirencerrados, aislados del exterior, este diseño viene a romper con ese paradigma, adaptándose a la nueva ma...",https://img10.naventcdn.com/avisos/18/01/47/28/47/17/720x532/1552600731.jpg?isFirstImage=true; https://img10.naventcdn.com/avisos/18/01/47/28/47/17/720x532/1552600720.jpg; https://img10.naventcdn.com/avisos/18/01/47/28/47/17/720x532/1552600729.jpg; https://img10.naventcdn.com/avisos/18/01/47/28/47/17/720x532/1552600717.jpg; https://img10.naventcdn.com/avisos/18/01/47/28/47/17/720x532/1552600726.jpg; https://img10.naventcdn.com/avisos/18/01/47/28/47/17/720x532/1552600718.jpg; https://img10.naventcdn.com/avisos/18/01/47/28/47/17/720x532/1552600724.jpg; https://img10.naventcdn.com/avisos/18/01/47/28/47/17/720x532/1552600725.jpg,Mexico,Quintana Roo,Tulum,20.1997998,-87.454707,Rent
Paola Huerta - Realtor - Sales and Rentals,https://www.inmuebles24.com/inmobiliarias/paola-huerta-realtor-sales-and-rentals_102872515-inmuebles.html,Inmuebles24 (via parse.bot API),https://www.inmuebles24.com/propiedades/clasificado/alclapin-renta-a-largo-plazo-en-tulum-long-term-rental-tulum.-150018992.html,Renta a Largo Plazo en Tulum - Long Term Rental Tulum.,Condo/Apartment,10500,MXN,1,1,,m2,"Rentas A largo plazo en tulumpara atención personalizada contáctanos por WhatsApp a los siguientes números: Paola Huerta: +52 (5522 43 8797) y Ramón Capocchia +<span class='descripcionDatosAnunciante'><button class='btn btn-link js-verDatos' href='#'>Ver datos</button></span>) Bienvenido a este hermoso departamento, muy cómodo y luminoso. Amira, Aldea ZamáTiene una amplia recámara con clóset y terrazaCocina súper equipadaEstancia amplia con comedor y salaTv, lavadora - secadora$10, 500 mn más Se...",https://img10.naventcdn.com/avisos/18/01/50/01/89/92/720x532/1609598599.jpg?isFirstImage=true; https://img10.naventcdn.com/avisos/18/01/50/01/89/92/720x532/1609598619.jpg; https://img10.naventcdn.com/avisos/18/01/50/01/89/92/720x532/1609598633.jpg; https://img10.naventcdn.com/avisos/18/01/50/01/89/92/720x532/1609598711.jpg; https://img10.naventcdn.com/avisos/18/01/50/01/89/92/720x532/1609598624.jpg; https://img10.naventcdn.com/avisos/18/01/50/01/89/92/720x532/1609598622.jpg; https://img10.naventcdn.com/avisos/18/01/50/01/89/92/720x532/1609598631.jpg; https://img10.naventcdn.com/avisos/18/01/50/01/89/92/720x532/1609598601.jpg,Mexico,Quintana Roo,Tulum,20.1972599,-87.4629898,Rent
DRENTAS INMOBILIARIA,https://www.inmuebles24.com/inmobiliarias/drentas-inmobiliaria_51325810-inmuebles.html,Inmuebles24 (via parse.bot API),https://www.inmuebles24.com/propiedades/clasificado/alclapin-departamento-en-venta-149008035.html,Departamento en Venta,Condo/Apartment,12000,MXN,1,1,38.0,m2,"Colonia: Aldea Zamá, Conjunto Solum, 38. 5 m2, 1er piso serviciós: Elevador, seguridad, portero, lavandería, bicicletas gratis, sunroof, alberca, gimnasio, estacionamiento. Se entrega llave en mano, listo para escriturar, entrega inmediata. Papeles listos para escritura y firmar. Todo en Regla ok",https://img10.naventcdn.com/avisos/18/01/49/00/80/35/720x532/1588718909.jpg?isFirstImage=true; https://img10.naventcdn.com/avisos/18/01/49/00/80/35/720x532/1588718908.jpg; https://img10.naventcdn.com/avisos/18/01/49/00/80/35/720x532/1588718914.jpg; https://img10.naventcdn.com/avisos/18/01/49/00/80/35/720x532/1588718921.jpg; https://img10.naventcdn.com/avisos/18/01/49/00/80/35/720x532/1588718943.jpg; https://img10.naventcdn.com/avisos/18/01/49/00/80/35/720x532/1588718905.jpg; https://img10.naventcdn.com/avisos/18/01/49/00/80/35/720x532/1588718915.jpg; https://img10.naventcdn.com/avisos/18/01/49/00/80/35/720x532/1588718904.jpg,Mexico,Quintana Roo,Tulum,20.1981176,-87.459194,Rent
AH Bienes Raíces Mx ,https://www.inmuebles24.com/inmobiliarias/ah-bienes-raices-mx_102241764-inmuebles.html,Inmuebles24 (via parse.bot API),https://www.inmuebles24.com/propiedades/clasificado/alclapin-departamento-la-veleta-148027291.html,Departamento - La Veleta,Condo/Apartment,16500,MXN,2,2,90.0,m2,"Departamento en planta baja de 2 recámaras con 2 baños en la veleta. Piscina privada con jardín. Un estilo único y especial para vivir. Tiene 3 albercas en las amenidades y área social Se entrega equipado, contrato a un año renta $16, 500 pesos venta $6, 500, 000 pesos Servicios no incluidosMantenimiento de alberca por separado $2500 al mes con dos visitas al mes Requisitos: depósito en garantía y contrato a un añodisponible a partir de enero 2026También se encuentra en venta y renta vacacional,...",https://img10.naventcdn.com/avisos/18/01/48/02/72/91/720x532/1569119586.jpg?isFirstImage=true; https://img10.naventcdn.com/avisos/18/01/48/02/72/91/720x532/1568905728.jpg; https://img10.naventcdn.com/avisos/18/01/48/02/72/91/720x532/1569119661.jpg; https://img10.naventcdn.com/avisos/18/01/48/02/72/91/720x532/1569119662.jpg; https://img10.naventcdn.com/avisos/18/01/48/02/72/91/720x532/1568905729.jpg; https://img10.naventcdn.com/avisos/18/01/48/02/72/91/720x532/1568905727.jpg; https://img10.naventcdn.com/avisos/18/01/48/02/72/91/720x532/1568905726.jpg; https://img10.naventcdn.com/avisos/18/01/48/02/72/91/720x532/1569119663.jpg,Mexico,Quintana Roo,Tulum,20.2025963,-87.4727791,Rent
Luumia,https://www.inmuebles24.com/inmobiliarias/luumia_103094170-inmuebles.html,Inmuebles24 (via parse.bot API),https://www.inmuebles24.com/propiedades/clasificado/alclapin-departamento-en-tulum-150521268.html,Departamento en Tulum,Condo/Apartment,10000,MXN,1,1,63.0,m2,"Ubicado en la encantadora zona de Tulum, este departamento es una excelente opción para quienes buscan un hogar cómodo y bien situado. Con una orientación Este, el departamento se encuentra en el segundo piso y cuenta con una disposición lateral que asegura una iluminación natural agradable durante el día. El departamento ofrece una habitación con closet, ideal para el almacenamiento óptimo de ropa y accesorios. Dispone de un baño completo, diseñado para ofrecer comodidad y funcionalidad. La coc...",https://img10.naventcdn.com/avisos/18/01/50/52/12/68/720x532/1620066809.jpg?isFirstImage=true; https://img10.naventcdn.com/avisos/18/01/50/52/12/68/720x532/1620066807.jpg; https://img10.naventcdn.com/avisos/18/01/50/52/12/68/720x532/1620066806.jpg; https://img10.naventcdn.com/avisos/18/01/50/52/12/68/720x532/1620066802.jpg; https://img10.naventcdn.com/avisos/18/01/50/52/12/68/720x532/1620066804.jpg; https://img10.naventcdn.com/avisos/18/01/50/52/12/68/720x532/1620066799.jpg; https://img10.naventcdn.com/avisos/18/01/50/52/12/68/720x532/1620066797.jpg; https://img10.naventcdn.com/avisos/18/01/50/52/12/68/720x532/1620066798.jpg,Mexico,Quintana Roo,Tulum,20.198762259,-87.4764009011,Rent
Asesor independiente,https://www.inmuebles24.com/inmobiliarias/asesor-independiente_51304790-inmuebles.html,Inmuebles24 (via parse.bot API),https://www.inmuebles24.com/propiedades/clasificado/alclapin-departamento-en-renta-en-aldea-tulum-150807461.html,Departamento en Renta en Aldea Tulum,Condo/Apartment,7600,MXN,2,1,60.0,m2,"¡Bienvenidos a tu nuevo hogar en el paraíso! Este encantador departamento en renta, ubicado en el corazón de Tulum, te ofrece la mezcla perfecta de comodidad y estilo. Situado en el tercer piso de Aldea Tulum, este espacio es ideal para quienes buscan una vida tranquila en una de las zonas más vibrantes de México. Con 2 amplias suites y 1 baño, este departamento está completamente amueblado, lo que te permitirá mudarte sin preocupaciones. La cocina moderna es el lugar perfecto para preparar tus ...",https://img10.naventcdn.com/avisos/18/01/50/80/74/61/720x532/1625883367.jpg?isFirstImage=true; https://img10.naventcdn.com/avisos/18/01/50/80/74/61/720x532/1625883390.jpg; https://img10.naventcdn.com/avisos/18/01/50/80/74/61/720x532/1625883365.jpg; https://img10.naventcdn.com/avisos/18/01/50/80/74/61/720x532/1625883364.jpg; https://img10.naventcdn.com/avisos/18/01/50/80/74/61/720x532/1625883366.jpg; https://img10.naventcdn.com/avisos/18/01/50/80/74/61/720x532/1625883494.jpg; https://img10.naventcdn.com/avisos/18/01/50/80/74/61/720x532/1625883368.jpg; https://img10.naventcdn.com/avisos/18/01/50/80/74/61/720x532/1625883369.jpg,Mexico,Quintana Roo,Tulum,20.1917191,-87.5319214,Rent
Sunna Real Estate,https://www.inmuebles24.com/inmobiliarias/sunna-real-estate_102829561-inmuebles.html,Inmuebles24 (via parse.bot API),https://www.inmuebles24.com/propiedades/clasificado/alclapin-departamento-de-lujo-con-piscina-privada-en-muwan-146361058.html,"Departamento de Lujo con Piscina Privada en Muwan, Tulum: Ideal Para Inversión o Tu Nuevo Hogar Trop",Condo/Apartment,60000,MXN,3,2,150.0,m2,"Mak es un diseño arquitectónico único. El estilo del departamento es una reinterpretación de la arquitectura de la edad de oro deAcapulco en los años 30, en este estilo predominan los espacios abiertos con ventilación, terrazas, celosías y el uso de materiales de la región. Su diseño rompe con este paradigma, adaptándose a la nueva forma de vivir como en un destino de playa como Tulum, donde la naturaleza y el medio ambiente se integran de manera sustentable y complementaria con su arquitectura....",https://img10.naventcdn.com/avisos/18/01/46/36/10/58/720x532/1529969734.jpg?isFirstImage=true; https://img10.naventcdn.com/avisos/18/01/46/36/10/58/720x532/1529969729.jpg; https://img10.naventcdn.com/avisos/18/01/46/36/10/58/720x532/1529969731.jpg; https://img10.naventcdn.com/avisos/18/01/46/36/10/58/720x532/1529969725.jpg; https://img10.naventcdn.com/avisos/18/01/46/36/10/58/720x532/1529969721.jpg; https://img10.naventcdn.com/avisos/18/01/46/36/10/58/720x532/1529969732.jpg; https://img10.naventcdn.com/avisos/18/01/46/36/10/58/720x532/1529969707.jpg; https://img10.naventcdn.com/avisos/18/01/46/36/10/58/720x532/1529969706.jpg,Mexico,Quintana Roo,Tulum,20.1997998,-87.454707,Rent
AH Bienes Raíces Mx ,https://www.inmuebles24.com/inmobiliarias/ah-bienes-raices-mx_102241764-inmuebles.html,Inmuebles24 (via parse.bot API),https://www.inmuebles24.com/propiedades/clasificado/alclapin-departamento-tulum-146547892.html,Departamento - Tulum,Condo/Apartment,6800,MXN,2,,49.0,m2,"Aldea Tulum $8, 500 pesos + depósito Ubicado la Mz 35 a 2 min de Seven Eleven características: -2 recamaras -3 camas -clósets -Burós -aires acondicionados -cocina equipada con refrigerador -espejo -tanque de gas -sala y tv -patio con área de lavado y lavadora Contrato por un año Incluye: renta y mantenimiento con acceso a la alberca No incluye servicios",https://img10.naventcdn.com/avisos/18/01/46/54/78/92/720x532/1534595700.jpg?isFirstImage=true; https://img10.naventcdn.com/avisos/18/01/46/54/78/92/720x532/1534595687.jpg; https://img10.naventcdn.com/avisos/18/01/46/54/78/92/720x532/1534595689.jpg; https://img10.naventcdn.com/avisos/18/01/46/54/78/92/720x532/1534595692.jpg; https://img10.naventcdn.com/avisos/18/01/46/54/78/92/720x532/1534595686.jpg; https://img10.naventcdn.com/avisos/18/01/46/54/78/92/720x532/1534595696.jpg; https://img10.naventcdn.com/avisos/18/01/46/54/78/92/720x532/1534595690.jpg; https://img10.naventcdn.com/avisos/18/01/46/54/78/92/720x532/1534595699.jpg,Mexico,Quintana Roo,Tulum,20.1937616522,-87.5296823947,Rent
REALTY HOME,https://www.inmuebles24.com/inmobiliarias/realty-home_663531-inmuebles.html,Inmuebles24 (via parse.bot API),https://www.inmuebles24.com/propiedades/clasificado/alclapin-departamento-en-renta-en-villas-anah-en-bahia-150651958.html,"Departamento en Renta en Villas Anah en Bahia Principe, Tulum, Q. Roo",Condo/Apartment,22000,MXN,2,2,,m2,"Renta anah village en bahia principe, tulum, Q. Roo. anah village 2nda faseplanta bajaAmueblado y equipado2 recamaras, la principal con baño1 baño completo que comprarte la segunda recamaraBalcón y terrazaAmenidades: Club de Playa privado a 5 min del Anah VillageLobby y seguridad 24/7Alberca con carril de nado y bar de jugosWellness center con jacuzzi, spa y cabina de masajesTerraza con área de asadores y sky barÁrea de lavanderíaBibliotecaAl estar dentro del complejo residencial Bahia Principe,...",https://img10.naventcdn.com/avisos/18/01/50/65/19/58/720x532/1622661924.jpg?isFirstImage=true; https://img10.naventcdn.com/avisos/18/01/50/65/19/58/720x532/1622661930.jpg; https://img10.naventcdn.com/avisos/18/01/50/65/19/58/720x532/1622661906.jpg; https://img10.naventcdn.com/avisos/18/01/50/65/19/58/720x532/1622661936.jpg; https://img10.naventcdn.com/avisos/18/01/50/65/19/58/720x532/1622661913.jpg; https://img10.naventcdn.com/avisos/18/01/50/65/19/58/720x532/1622661886.jpg; https://img10.naventcdn.com/avisos/18/01/50/65/19/58/720x532/1622661879.jpg; https://img10.naventcdn.com/avisos/18/01/50/65/19/58/720x532/1622661909.jpg,Mexico,Quintana Roo,Tulum,20.3644195,-87.3439702,Rent
Paola Huerta - Realtor - Sales and Rentals,https://www.inmuebles24.com/inmobiliarias/paola-huerta-realtor-sales-and-rentals_102872515-inmuebles.html,Inmuebles24 (via parse.bot API),https://www.inmuebles24.com/propiedades/clasificado/alclapin-renta-a-largo-plazo-en-tulum-long-term-rental-tulum-149722961.html,Renta a Largo Plazo en Tulum - Long Term Rental Tulum,Condo/Apartment,17000,MXN,2,,,m2,"Rentas A largo plazo en tulumpara atención personalizada contáctanos por WhatsApp a los siguientes números: Paola Huerta: +52 (5522 43 8797) y Ramon Capocchia +<span class='descripcionDatosAnunciante'><button class='btn btn-link js-verDatos' href='#'>Ver datos</button></span>) renta largo plazo departamento 2 recámaras Y alberca privadaselva NorteUbicado en planta bajaLindo depa de 2 recámaras y 2 baños (lock off) Sala, comedor y cocina equipada, quemadores de gas. Con mucha luz y sistema lock o...",https://img10.naventcdn.com/avisos/18/01/49/72/29/61/720x532/1603487756.jpg?isFirstImage=true; https://img10.naventcdn.com/avisos/18/01/49/72/29/61/720x532/1603487764.jpg; https://img10.naventcdn.com/avisos/18/01/49/72/29/61/720x532/1603487762.jpg; https://img10.naventcdn.com/avisos/18/01/49/72/29/61/720x532/1603487763.jpg; https://img10.naventcdn.com/avisos/18/01/49/72/29/61/720x532/1603487765.jpg; https://img10.naventcdn.com/avisos/18/01/49/72/29/61/720x532/1603487755.jpg; https://img10.naventcdn.com/avisos/18/01/49/72/29/61/720x532/1603487754.jpg; https://img10.naventcdn.com/avisos/18/01/49/72/29/61/720x532/1603487757.jpg,Mexico,Quintana Roo,Tulum,20.1997998,-87.454707,Rent
Tulum Rental Homes,https://www.inmuebles24.com/inmobiliarias/tulum-rental-homes_102640624-inmuebles.html,Inmuebles24 (via parse.bot API),https://www.inmuebles24.com/propiedades/clasificado/alclapin-palalma-tierra-38-149546339.html,Palalma Tierra #38,Unknown,14000,MXN,1,1,,m2,"Palalma tierra #38La VeletaCaracterísticas Destacadas1 Recamara amplia1 Baño completoCocina equipadaSala con tvComedorBalcón privadoLavadoraAlberca compartidaRecepción y seguridad las 24 horasZonas verdesGimnasio7-Eleven debajo del condominioPrecio: $14, 000 mxn mensuales + depósito + servicios + $2. 500 pago única vez por contrato/póliza. Incluye mantenimiento(hoa)",https://img10.naventcdn.com/avisos/18/01/49/54/63/39/720x532/1599740216.jpg?isFirstImage=true; https://img10.naventcdn.com/avisos/18/01/49/54/63/39/720x532/1599740214.jpg; https://img10.naventcdn.com/avisos/18/01/49/54/63/39/720x532/1599740229.jpg; https://img10.naventcdn.com/avisos/18/01/49/54/63/39/720x532/1599740246.jpg; https://img10.naventcdn.com/avisos/18/01/49/54/63/39/720x532/1599740222.jpg; https://img10.naventcdn.com/avisos/18/01/49/54/63/39/720x532/1599740236.jpg; https://img10.naventcdn.com/avisos/18/01/49/54/63/39/720x532/1599740228.jpg; https://img10.naventcdn.com/avisos/18/01/49/54/63/39/720x532/1599740250.jpg,Mexico,Quintana Roo,Tulum,20.2025963,-87.4727791,Rent
Paraiso Real Estate Tulum,https://www.inmuebles24.com/inmobiliarias/paraiso-real-estate-tulum_50310732-inmuebles.html,Inmuebles24 (via parse.bot API),https://www.inmuebles24.com/propiedades/clasificado/alclapin-departamento-con-2-recamaras-y-2-banos-a-200-m-de-la-148456890.html,"Departamento con 2 Recamaras y 2 Baños, a 200 m de La Kukulkan",Condo/Apartment,12000,MXN,2,2,650.0,m2,"El departamento a 200 metros desde Aldea Zama y de la kukulkhan. Cuenta con dos recamaras, dos baños, cocina, sala comedor 3 balcones. Todas la recamaras tienes aire acondicionada, ventiladores, mosquitero. Cocina completa, sofa cama con area de tvinternet, mantenimiento y agua incluidasZona condominal: piscina, azotea con solarium, estacionamiento para coche, bicicleta y motoMascotas pequeñasun mes de depositono incluye electricidad disclaimer: The information that appears on this property give...",https://img10.naventcdn.com/avisos/18/01/48/45/68/90/720x532/1604321770.jpg?isFirstImage=true; https://img10.naventcdn.com/avisos/18/01/48/45/68/90/720x532/1604321773.jpg; https://img10.naventcdn.com/avisos/18/01/48/45/68/90/720x532/1604321769.jpg; https://img10.naventcdn.com/avisos/18/01/48/45/68/90/720x532/1604321774.jpg; https://img10.naventcdn.com/avisos/18/01/48/45/68/90/720x532/1604321767.jpg; https://img10.naventcdn.com/avisos/18/01/48/45/68/90/720x532/1604321775.jpg; https://img10.naventcdn.com/avisos/18/01/48/45/68/90/720x532/1604321715.jpg; https://img10.naventcdn.com/avisos/18/01/48/45/68/90/720x532/1604321766.jpg,Mexico,Quintana Roo,Tulum,20.1810567,-87.4702385,Rent
Valentina,https://www.inmuebles24.com/inmobiliarias/valentina_102581915-inmuebles.html,Inmuebles24 (via parse.bot API),https://www.inmuebles24.com/propiedades/clasificado/alclapin-penthouse-en-venta-tulum-la-veleta-amueblado-y-150813337.html,Penthouse en Venta Tulum La Veleta Amueblado y Equipado Gran Lujo!,Penthouse,4000,USD,3,3,281.0,m2,"La Veleta Tulum &quot;panoramic&quot; offers you Pent House of (281 m2) 3024. 66 SqfeetGreat luxury furnished and equipped, ecological comforts and a quiet environment for unique enjoyment, beautiful design, trained staff and convenient location near the beach and popular attractions in Tulum. With spacious rooms, a pool, and a terrace overlooking the jungle, La Veleta Tulum offers you a quiet, relaxing retreat to experience the natural beauty of the Riviera Maya. 3 bedrooms with closet3 bathroo...",https://img10.naventcdn.com/avisos/18/01/50/81/33/37/720x532/1625996215.jpg?isFirstImage=true; https://img10.naventcdn.com/avisos/18/01/50/81/33/37/720x532/1625995745.jpg; https://img10.naventcdn.com/avisos/18/01/50/81/33/37/720x532/1625996172.jpg; https://img10.naventcdn.com/avisos/18/01/50/81/33/37/720x532/1625996129.jpg; https://img10.naventcdn.com/avisos/18/01/50/81/33/37/720x532/1625996273.jpg; https://img10.naventcdn.com/avisos/18/01/50/81/33/37/720x532/1625996143.jpg; https://img10.naventcdn.com/avisos/18/01/50/81/33/37/720x532/1625995768.jpg; https://img10.naventcdn.com/avisos/18/01/50/81/33/37/720x532/1625996096.jpg,Mexico,Quintana Roo,Tulum,20.1991982,-87.4715131,Rent
TULUM REALTORS SA de CV,https://www.inmuebles24.com/inmobiliarias/tulum-realtors-sa-de-cv_50146364-inmuebles.html,Inmuebles24 (via parse.bot API),https://www.inmuebles24.com/propiedades/clasificado/alclapin-departamento-en-venta-y-renta-de-1-habitacion-en-tulum-145777528.html,Departamento en Venta y Renta de 1 Habitacion en Tulum La Veleta Lb 205,Condo/Apartment,16000,MXN,1,1,71.0,m2,"Descripción: Hermoso departamento en veta o renta en Tulum, estilo moderno mezclado con la magia de la naturaleza, la paz y la comodidad, totalmente equipado y amueblado con terraza, dormitorio, tv, closet, barra de cocina, alacena, baño completo y estacionamientoAmenidades: Recepción, alberca, área social con asador, jungle gym, hamacas, área de bicicletas, lugar de estacionamiento para autos, cuarto de lavado, restaurante, zona de yoga, senderismo, miradores, jacuzzi, espacio de co-working y r...",https://img10.naventcdn.com/avisos/18/01/45/77/75/28/720x532/1514161844.jpg?isFirstImage=true; https://img10.naventcdn.com/avisos/18/01/45/77/75/28/720x532/1514161855.jpg; https://img10.naventcdn.com/avisos/18/01/45/77/75/28/720x532/1514161842.jpg; https://img10.naventcdn.com/avisos/18/01/45/77/75/28/720x532/1514161848.jpg; https://img10.naventcdn.com/avisos/18/01/45/77/75/28/720x532/1514161843.jpg; https://img10.naventcdn.com/avisos/18/01/45/77/75/28/720x532/1514161854.jpg; https://img10.naventcdn.com/avisos/18/01/45/77/75/28/720x532/1514161847.jpg; https://img10.naventcdn.com/avisos/18/01/45/77/75/28/720x532/1514161849.jpg,Mexico,Quintana Roo,Tulum,20.2025963,-87.4727791,Rent
Azaola Investment Hub,https://www.inmuebles24.com/inmobiliarias/azaola-investment-hub_102490945-inmuebles.html,Inmuebles24 (via parse.bot API),https://www.inmuebles24.com/propiedades/clasificado/alclapin-departamento-en-venta-y-en-renta-de-oportunidad-147156422.html,Departamento en Venta y en Renta de Oportunidad,Condo/Apartment,13500,MXN,1,1,30.0,m2,"Departamento tipo loft en renta y venta ubicado en La Veleta, Tulum. Ubicado en planta bajaDuna y mar son dos mundos en uno es paz y tranquilidad, es un eco espacio contemporáneo formado por ocho departamentos con más de 72 % en áreas verdes y espacios públicos privilegiando una forma natural de haber creando comunidad entre los habitantes. Es un desarrollo donde se caracteriza por su frescura y naturalidad de diseño, incorporando técnicas naturales sustentables para su máximo aprovechamiento. Y...",https://img10.naventcdn.com/avisos/18/01/47/15/64/22/720x532/1549507034.jpg?isFirstImage=true; https://img10.naventcdn.com/avisos/18/01/47/15/64/22/720x532/1549507036.jpg; https://img10.naventcdn.com/avisos/18/01/47/15/64/22/720x532/1549507037.jpg; https://img10.naventcdn.com/avisos/18/01/47/15/64/22/720x532/1549507039.jpg; https://img10.naventcdn.com/avisos/18/01/47/15/64/22/720x532/1549507038.jpg; https://img10.naventcdn.com/avisos/18/01/47/15/64/22/720x532/1549507042.jpg; https://img10.naventcdn.com/avisos/18/01/47/15/64/22/720x532/1549507041.jpg; https://img10.naventcdn.com/avisos/18/01/47/15/64/22/720x532/1549507035.jpg,Mexico,Quintana Roo,Tulum,20.1992562344,-87.4761484614,Rent
Paola Huerta - Realtor - Sales and Rentals,https://www.inmuebles24.com/inmobiliarias/paola-huerta-realtor-sales-and-rentals_102872515-inmuebles.html,Inmuebles24 (via parse.bot API),https://www.inmuebles24.com/propiedades/clasificado/alclapin-renta-a-largo-plazo-en-tulum-long-term-rental-tulum-149742072.html,Renta a Largo Plazo en Tulum - Long Term Rental Tulum,House,28000,MXN,3,3,,m2,"Rentas A largo plazo en tulumpara atención personalizada contáctanos por WhatsApp a los siguientes números: Paola Huerta: +52 (5522 43 8797) y Ramon Capocchia +<span class='descripcionDatosAnunciante'><button class='btn btn-link js-verDatos' href='#'>Ver datos</button></span>) renta pent house 3 recámaras Y albercaparamar Terra, Aldea Zamá, Tulum. paneles solares- 3 recámaras con closets amplios cada una con baño completo- Sala cómoda con tv y terraza-? Comedor para 6 personas-? Lavadora - secad...",https://img10.naventcdn.com/avisos/18/01/49/74/20/72/720x532/1603860788.jpg?isFirstImage=true; https://img10.naventcdn.com/avisos/18/01/49/74/20/72/720x532/1603860760.jpg; https://img10.naventcdn.com/avisos/18/01/49/74/20/72/720x532/1603860746.jpg; https://img10.naventcdn.com/avisos/18/01/49/74/20/72/720x532/1603860745.jpg; https://img10.naventcdn.com/avisos/18/01/49/74/20/72/720x532/1603860769.jpg; https://img10.naventcdn.com/avisos/18/01/49/74/20/72/720x532/1603860777.jpg; https://img10.naventcdn.com/avisos/18/01/49/74/20/72/720x532/1603860781.jpg; https://img10.naventcdn.com/avisos/18/01/49/74/20/72/720x532/1603860773.jpg,Mexico,Quintana Roo,Tulum,20.1954701,-87.4611034,Rent
Tulum Rental Homes,https://www.inmuebles24.com/inmobiliarias/tulum-rental-homes_102640624-inmuebles.html,Inmuebles24 (via parse.bot API),https://www.inmuebles24.com/propiedades/clasificado/alclapin-departamento-en-la-veleta-149546383.html,Departamento en La Veleta,Condo/Apartment,18000,MXN,1,1,,m2,"Palalma Tierra #8 La VeletaCaracterísticas Destacadas 1 Recámara1 Baño completoSala y comedorCocina equipadaLavadoratv, Refrigerador, A/C AmenidadesAlberca compartidaRecepción y seguridad las 24 horasAreas verdesGimnasio7-Eleven debajo del condominioPrecio: $18. 000 mensuales + depósito + servicios + $2. 500 pago única vez por contrato/póliza.",https://img10.naventcdn.com/avisos/18/01/49/54/63/83/720x532/1599740492.jpg?isFirstImage=true; https://img10.naventcdn.com/avisos/18/01/49/54/63/83/720x532/1599740489.jpg; https://img10.naventcdn.com/avisos/18/01/49/54/63/83/720x532/1599740483.jpg; https://img10.naventcdn.com/avisos/18/01/49/54/63/83/720x532/1599740485.jpg; https://img10.naventcdn.com/avisos/18/01/49/54/63/83/720x532/1599740491.jpg; https://img10.naventcdn.com/avisos/18/01/49/54/63/83/720x532/1599740488.jpg; https://img10.naventcdn.com/avisos/18/01/49/54/63/83/720x532/1599740487.jpg; https://img10.naventcdn.com/avisos/18/01/49/54/63/83/720x532/1599740482.jpg,Mexico,Quintana Roo,Tulum,20.2025963,-87.4727791,Rent
Paola Huerta - Realtor - Sales and Rentals,https://www.inmuebles24.com/inmobiliarias/paola-huerta-realtor-sales-and-rentals_102872515-inmuebles.html,Inmuebles24 (via parse.bot API),https://www.inmuebles24.com/propiedades/clasificado/alclapin-renta-a-largo-plazo-en-tulum-long-term-rental-tulum.-150657741.html,Renta a Largo Plazo en Tulum - Long Term Rental Tulum.,Condo/Apartment,18000,MXN,2,2,,m2,"Rentas A largo plazo en tulumpara atención personalizada contáctanos por WhatsApp a los siguientes números: Paola Huerta: +52 (5522 43 8797) y Ramón Capocchia +<span class='descripcionDatosAnunciante'><button class='btn btn-link js-verDatos' href='#'>Ver datos</button></span>) Bienvenido, hermoso departamentoUbicado en: Dolce Vita, Aldea ZamáUbicado en tercer pisoLujoso y amplio departamento de dos habitaciones y dos baños completosEspacio de sala, comedor y cocina de buen tamañoAmuebladoEl comp...",https://img10.naventcdn.com/avisos/18/01/50/65/77/41/720x532/1622772444.jpg?isFirstImage=true; https://img10.naventcdn.com/avisos/18/01/50/65/77/41/720x532/1622772436.jpg; https://img10.naventcdn.com/avisos/18/01/50/65/77/41/720x532/1622772434.jpg; https://img10.naventcdn.com/avisos/18/01/50/65/77/41/720x532/1622772447.jpg; https://img10.naventcdn.com/avisos/18/01/50/65/77/41/720x532/1622772448.jpg; https://img10.naventcdn.com/avisos/18/01/50/65/77/41/720x532/1622772450.jpg; https://img10.naventcdn.com/avisos/18/01/50/65/77/41/720x532/1622772449.jpg; https://img10.naventcdn.com/avisos/18/01/50/65/77/41/720x532/1622772443.jpg,Mexico,Quintana Roo,Tulum,20.1972599,-87.4629898,Rent
Real Estate Agent,https://www.inmuebles24.com/inmobiliarias/real-estate-agent_102322087-inmuebles.html,Inmuebles24 (via parse.bot API),https://www.inmuebles24.com/propiedades/clasificado/alclapin-departamento-tulum-146308629.html,Departamento - Tulum,Condo/Apartment,6500,MXN,2,1,45.0,m2,Se renta departamento en aldea tulum semi amueblado de 2 recamaras Zona: Aldea Tulum Precio por mes: $6500En tercer nivelDepartamento de 2 habitaciones con aire acondicionado y closetCocina con campana y parrillaTanque de GasBoiler4 ventiladoresCama matrimonial Cama Individual Comedor Modem de Internet El precio incluye el mantenimiento del área común palapa y psicina. **Se pide deposito y costo de contratoDisponible apartir del 3 de mayo,https://img10.naventcdn.com/avisos/18/01/46/30/86/29/720x532/1528756608.jpg?isFirstImage=true; https://img10.naventcdn.com/avisos/18/01/46/30/86/29/720x532/1528756615.jpg; https://img10.naventcdn.com/avisos/18/01/46/30/86/29/720x532/1528756614.jpg; https://img10.naventcdn.com/avisos/18/01/46/30/86/29/720x532/1528756609.jpg; https://img10.naventcdn.com/avisos/18/01/46/30/86/29/720x532/1528756611.jpg; https://img10.naventcdn.com/avisos/18/01/46/30/86/29/720x532/1528756606.jpg; https://img10.naventcdn.com/avisos/18/01/46/30/86/29/720x532/1528756607.jpg; https://img10.naventcdn.com/avisos/18/01/46/30/86/29/720x532/1528756610.jpg,Mexico,Quintana Roo,Tulum,20.2135219,-87.4825962,Rent
Marcela Torres,https://www.inmuebles24.com/inmobiliarias/marcela-torres_51015029-inmuebles.html,Inmuebles24 (via parse.bot API),https://www.inmuebles24.com/propiedades/clasificado/alclappa-studio-en-pb-tulum-150827202.html,Studio en Pb Tulum,Unknown,9000,MXN,1,1,50.0,m2,"A estrenar un studio de 50m2 en Tulum en el condominio Xibalba situado en pb con acceso directo a las albercas. El studio esta completamente amueblado y listo a estrenar para las necesidades basicas. Tiene un pequeño patio privado con jacuzzi. El condominio tiene gym, temazcal, seguridad privada, estacionamiento. El condominio es hermoso.",https://img10.naventcdn.com/avisos/18/01/50/82/72/02/720x532/1626270305.jpg?isFirstImage=true; https://img10.naventcdn.com/avisos/18/01/50/82/72/02/720x532/1626270313.jpg; https://img10.naventcdn.com/avisos/18/01/50/82/72/02/720x532/1626270317.jpg; https://img10.naventcdn.com/avisos/18/01/50/82/72/02/720x532/1626270310.jpg; https://img10.naventcdn.com/avisos/18/01/50/82/72/02/720x532/1626270312.jpg; https://img10.naventcdn.com/avisos/18/01/50/82/72/02/720x532/1626270316.jpg; https://img10.naventcdn.com/avisos/18/01/50/82/72/02/720x532/1626270314.jpg; https://img10.naventcdn.com/avisos/18/01/50/82/72/02/720x532/1626270315.jpg,Mexico,Quintana Roo,Tulum,20.1854981,-87.463278,Rent
Paola Huerta - Realtor - Sales and Rentals,https://www.inmuebles24.com/inmobiliarias/paola-huerta-realtor-sales-and-rentals_102872515-inmuebles.html,Inmuebles24 (via parse.bot API),https://www.inmuebles24.com/propiedades/clasificado/alclapin-renta-a-largo-plazo-en-tulum-long-term-rental-tulum-149725701.html,Renta a Largo Plazo en Tulum - Long Term Rental Tulum,Condo/Apartment,16000,MXN,2,2,,m2,"Rentas A largo plazo en tulumpara atención personalizada contáctanos por WhatsApp a los siguientes números: Paola Huerta: +52 (5522 43 8797) y Ramon Capocchia +<span class='descripcionDatosAnunciante'><button class='btn btn-link js-verDatos' href='#'>Ver datos</button></span>) renta departamento 2 recámaras Y albercaaldea Savia, 3er faseBienvenido a este lindo departamrntoUbicado en primer piso2 Habitaciones con clóset2 Baños completosCocina y amplia con barraComedor y sofa con tvterraza ampliaE...",https://img10.naventcdn.com/avisos/18/01/49/72/57/01/720x532/1603544948.jpg?isFirstImage=true; https://img10.naventcdn.com/avisos/18/01/49/72/57/01/720x532/1603544947.jpg; https://img10.naventcdn.com/avisos/18/01/49/72/57/01/720x532/1603544954.jpg; https://img10.naventcdn.com/avisos/18/01/49/72/57/01/720x532/1603544957.jpg; https://img10.naventcdn.com/avisos/18/01/49/72/57/01/720x532/1603544958.jpg; https://img10.naventcdn.com/avisos/18/01/49/72/57/01/720x532/1603544950.jpg; https://img10.naventcdn.com/avisos/18/01/49/72/57/01/720x532/1603544945.jpg; https://img10.naventcdn.com/avisos/18/01/49/72/57/01/720x532/1603544944.jpg,Mexico,Quintana Roo,Tulum,20.2125527,-87.4583994,Rent
Paola Huerta - Realtor - Sales and Rentals,https://www.inmuebles24.com/inmobiliarias/paola-huerta-realtor-sales-and-rentals_102872515-inmuebles.html,Inmuebles24 (via parse.bot API),https://www.inmuebles24.com/propiedades/clasificado/alclapin-renta-a-largo-plazo-en-tulum-long-term-rental-tulum.-150593744.html,Renta a Largo Plazo en Tulum - Long Term Rental Tulum.,House,45000,MXN,3,2,,m2,Rentas A largo plazo en tulumpara atención personalizada contáctanos por WhatsApp a los siguientes números: Paola Huerta: +52 (5522 43 8797) y Ramón Capocchia +<span class='descripcionDatosAnunciante'><button class='btn btn-link js-verDatos' href='#'>Ver datos</button></span>) Bienvenido a: Tulum Country Club - Bahía Príncipeacerca de la propiedad. Se trata de una hermosa casa con 3 habitaciones. 2 recámaras con baño propio en la parte superior y 1 estudio en planta baja con acceso a la alberca ...,https://img10.naventcdn.com/avisos/18/01/50/59/37/44/720x532/1621488818.jpg?isFirstImage=true; https://img10.naventcdn.com/avisos/18/01/50/59/37/44/720x532/1621488815.jpg; https://img10.naventcdn.com/avisos/18/01/50/59/37/44/720x532/1621488814.jpg; https://img10.naventcdn.com/avisos/18/01/50/59/37/44/720x532/1621488880.jpg; https://img10.naventcdn.com/avisos/18/01/50/59/37/44/720x532/1621488824.jpg; https://img10.naventcdn.com/avisos/18/01/50/59/37/44/720x532/1621488819.jpg; https://img10.naventcdn.com/avisos/18/01/50/59/37/44/720x532/1621488812.jpg; https://img10.naventcdn.com/avisos/18/01/50/59/37/44/720x532/1621488887.jpg,Mexico,Quintana Roo,Tulum,20.2125527,-87.4583994,Rent
Tulum Rental Homes,https://www.inmuebles24.com/inmobiliarias/tulum-rental-homes_102640624-inmuebles.html,Inmuebles24 (via parse.bot API),https://www.inmuebles24.com/propiedades/clasificado/alclapin-departamento-en-blue-luxury-149945183.html,Departamento en Blue Luxury,Condo/Apartment,40000,MXN,2,2,180.0,m2,"Condominio blue luxury ph akukulkán Características destacadas 2 Recámaras con closet2 Baños completosCocina equipada con barraAmplia sala con tvcomedor para 6 personasVentiladores de techo, tv &amp;amp; A/cterraza privadaAlberca privada con camastrosEstacionamientoAlberca compartidaPrecio: $40, 000 mxn mensuales+ depósito + servicios + $2, 500 mxn contrato/póliza. Incluye mantenimiento",https://img10.naventcdn.com/avisos/18/01/49/94/51/83/720x532/1608132607.jpg?isFirstImage=true; https://img10.naventcdn.com/avisos/18/01/49/94/51/83/720x532/1608132963.jpg; https://img10.naventcdn.com/avisos/18/01/49/94/51/83/720x532/1608132700.jpg; https://img10.naventcdn.com/avisos/18/01/49/94/51/83/720x532/1608132667.jpg; https://img10.naventcdn.com/avisos/18/01/49/94/51/83/720x532/1608132793.jpg; https://img10.naventcdn.com/avisos/18/01/49/94/51/83/720x532/1608133004.jpg; https://img10.naventcdn.com/avisos/18/01/49/94/51/83/720x532/1608132555.jpg; https://img10.naventcdn.com/avisos/18/01/49/94/51/83/720x532/1608133054.jpg,Mexico,Quintana Roo,Tulum,20.19820794,-87.4670146331,Rent
KARINA ALFONZO,https://www.inmuebles24.com/inmobiliarias/karina-alfonzo_102198906-inmuebles.html,Inmuebles24 (via parse.bot API),https://www.inmuebles24.com/propiedades/clasificado/alclapin-departamento-en-akumal-149697764.html,Departamento en Akumal,Condo/Apartment,26000,MXN,2,2,,m2,Departamento de 2 recamaras ubicado en terrazas de bahia principe amueblado Y equipado campo de golf,https://img10.naventcdn.com/avisos/18/01/49/69/77/64/720x532/1602921625.jpg?isFirstImage=true; https://img10.naventcdn.com/avisos/18/01/49/69/77/64/720x532/1602921630.jpg; https://img10.naventcdn.com/avisos/18/01/49/69/77/64/720x532/1602921614.jpg; https://img10.naventcdn.com/avisos/18/01/49/69/77/64/720x532/1602921623.jpg; https://img10.naventcdn.com/avisos/18/01/49/69/77/64/720x532/1602921618.jpg; https://img10.naventcdn.com/avisos/18/01/49/69/77/64/720x532/1602921627.jpg; https://img10.naventcdn.com/avisos/18/01/49/69/77/64/720x532/1602921620.jpg; https://img10.naventcdn.com/avisos/18/01/49/69/77/64/720x532/1602921619.jpg,Mexico,Quintana Roo,Tulum,20.3618852,-87.3327632,Rent
Tulum Rental Homes,https://www.inmuebles24.com/inmobiliarias/tulum-rental-homes_102640624-inmuebles.html,Inmuebles24 (via parse.bot API),https://www.inmuebles24.com/propiedades/clasificado/alclapin-cacao-tulum-b301-149546388.html,Cacao Tulum B301,Unknown,30000,MXN,2,2,,m2,"Cacao Tulum B301La VeletaCaracterísticas Destacadas2 recámaras espaciosas2. 5 bañosCocina integral con barraSala con sofaComedorAlberca privada en amplia terrazaAmenidadesGimnasioServicio de seguridad y recepciónAlberca infinita en zona comunIncluye mantenimiento e internetPrecio: $30, 000 mxn mensuales + depósito + servicios. $2, 500 mxn contrato/póliza. Incluye mantenimiento(hoa), agua.",https://img10.naventcdn.com/avisos/18/01/49/54/63/88/720x532/1599740706.jpg?isFirstImage=true; https://img10.naventcdn.com/avisos/18/01/49/54/63/88/720x532/1599740731.jpg; https://img10.naventcdn.com/avisos/18/01/49/54/63/88/720x532/1599740738.jpg; https://img10.naventcdn.com/avisos/18/01/49/54/63/88/720x532/1599740737.jpg; https://img10.naventcdn.com/avisos/18/01/49/54/63/88/720x532/1599740723.jpg; https://img10.naventcdn.com/avisos/18/01/49/54/63/88/720x532/1599740717.jpg; https://img10.naventcdn.com/avisos/18/01/49/54/63/88/720x532/1599740733.jpg; https://img10.naventcdn.com/avisos/18/01/49/54/63/88/720x532/1599740739.jpg,Mexico,Quintana Roo,Tulum,20.1997951,-87.472338,Rent
Karen Szumowski Asesora Inmobiliaria,https://www.inmuebles24.com/inmobiliarias/karen-szumowski-asesora-inmobiliaria_102944090-inmuebles.html,Inmuebles24 (via parse.bot API),https://www.inmuebles24.com/propiedades/clasificado/alclapin-departamento-2-recamaras-en-renta-en-aldea-zama-tulum-148676879.html,"Departamento 2 Recámaras en Renta en Aldea Zama, Tulum",Condo/Apartment,24000,MXN,,,,m2,"Querido Tulum - 102Aldea Zama, TulumCaracterísticas:? 2 recámaras? 2. 5 baños completos? Departamento? Planta bajaAmenidades del desarrollo:? Gimnasio? Camastros? Alberca? Seguridad 24/7? Estacionamiento abiertoPrecio: $24, 000 mxn/mes + Depósito + Luz + Agua + Internet + Contrato $2, 500 mxnincluye Mantenimiento (hoa) Ubicación:. gl/s57zlloa1pepbucq7",https://img10.naventcdn.com/avisos/18/01/48/67/68/79/720x532/1582046920.jpg?isFirstImage=true; https://img10.naventcdn.com/avisos/18/01/48/67/68/79/720x532/1582046910.jpg; https://img10.naventcdn.com/avisos/18/01/48/67/68/79/720x532/1582046921.jpg; https://img10.naventcdn.com/avisos/18/01/48/67/68/79/720x532/1582046924.jpg; https://img10.naventcdn.com/avisos/18/01/48/67/68/79/720x532/1582046927.jpg; https://img10.naventcdn.com/avisos/18/01/48/67/68/79/720x532/1582046915.jpg; https://img10.naventcdn.com/avisos/18/01/48/67/68/79/720x532/1582046928.jpg; https://img10.naventcdn.com/avisos/18/01/48/67/68/79/720x532/1582046938.jpg,Mexico,Quintana Roo,Tulum,20.193439,-87.4616257,Rent
Tulum Rental Homes,https://www.inmuebles24.com/inmobiliarias/tulum-rental-homes_102640624-inmuebles.html,Inmuebles24 (via parse.bot API),https://www.inmuebles24.com/propiedades/clasificado/alclapin-heaven-lagoon-12-147259597.html,Heaven Lagoon #12,Unknown,14000,MXN,2,2,,m2,"Heaven lagoon #12La VeletaCaracterísticas destacadas 2 Recamara con armario2 BañosCocina equipadaSofa con tvterrazaVentiladores de techo &amp;amp; A/ccuarto de LavadoBalcon privadoAmenidadesAlberca CompartidaPrecio: $14, 000 mxn mensuales + deposito + servicios. $2, 500 mxn contrato/póliza. Incluye mantenimiento (hoa)",https://img10.naventcdn.com/avisos/18/01/47/25/95/97/720x532/1551964647.jpg?isFirstImage=true; https://img10.naventcdn.com/avisos/18/01/47/25/95/97/720x532/1551964642.jpg; https://img10.naventcdn.com/avisos/18/01/47/25/95/97/720x532/1551964644.jpg; https://img10.naventcdn.com/avisos/18/01/47/25/95/97/720x532/1551964648.jpg; https://img10.naventcdn.com/avisos/18/01/47/25/95/97/720x532/1551964650.jpg; https://img10.naventcdn.com/avisos/18/01/47/25/95/97/720x532/1551964643.jpg; https://img10.naventcdn.com/avisos/18/01/47/25/95/97/720x532/1551964645.jpg; https://img10.naventcdn.com/avisos/18/01/47/25/95/97/720x532/1551964646.jpg,Mexico,Quintana Roo,Tulum,20.2025963,-87.4727791,Rent
TULUM REALTORS SA de CV,https://www.inmuebles24.com/inmobiliarias/tulum-realtors-sa-de-cv_50146364-inmuebles.html,Inmuebles24 (via parse.bot API),https://www.inmuebles24.com/propiedades/clasificado/alclapin-estudio-en-venta-renta-de-1-habitacion-en-tulum-145818253.html,Estudio en Venta / Renta de 1 Habitacion en Tulum Aldea Zama,Unknown,14000,MXN,1,1,40.0,m2,"Descripción: Esta es tu oportunidad para vivir en aldea zama tulum!! Acogedor estudio en renta y venta de estilo moderno y completamente amueblado. Ubicado en el tercer piso consta de 1 habitación, 1 baño, cocina integral con barra totalmente equipada con electrodomésticos y utensilios, sala con sofá cama, wifi, ventilador, aire acondicionado, estacionamiento libre. Medidas: 40 m2Amenidades: Recepción, elevador, piscina, jacuzzi, gimnasio, sala de cine, business center y estacionamiento libreDes...",https://img10.naventcdn.com/avisos/18/01/45/81/82/53/720x532/1515613834.jpg?isFirstImage=true; https://img10.naventcdn.com/avisos/18/01/45/81/82/53/720x532/1515613783.jpg; https://img10.naventcdn.com/avisos/18/01/45/81/82/53/720x532/1515613781.jpg; https://img10.naventcdn.com/avisos/18/01/45/81/82/53/720x532/1515613780.jpg; https://img10.naventcdn.com/avisos/18/01/45/81/82/53/720x532/1515613782.jpg; https://img10.naventcdn.com/avisos/18/01/45/81/82/53/720x532/1515613828.jpg; https://img10.naventcdn.com/avisos/18/01/45/81/82/53/720x532/1515613827.jpg; https://img10.naventcdn.com/avisos/18/01/45/81/82/53/720x532/1515613833.jpg,Mexico,Quintana Roo,Tulum,20.1997998,-87.454707,Rent
Tulum Rental Homes,https://www.inmuebles24.com/inmobiliarias/tulum-rental-homes_102640624-inmuebles.html,Inmuebles24 (via parse.bot API),https://www.inmuebles24.com/propiedades/clasificado/alclapin-palalma-tierra-34-149945401.html,Palalma Tierra #34,Unknown,15000,MXN,1,1,,m2,"Condominio palalma tierra #34La Veletadisponible desde el 7 de diciembre 2025Características Destacadas1 Recamara amplia1 Baño completoCocina equipadaSala con tvComedorBalcón privadoLavadoraAlberca compartidaZonas verdesGimnasio7-Eleven debajo del condominioPrecio: $15, 000 mxn mensuales + depósito + servicios + $2. 500 mxn contrato/póliza. Incluye mantenimiento(hoa)",https://img10.naventcdn.com/avisos/18/01/49/94/54/01/720x532/1608138094.jpg?isFirstImage=true; https://img10.naventcdn.com/avisos/18/01/49/94/54/01/720x532/1608137857.jpg; https://img10.naventcdn.com/avisos/18/01/49/94/54/01/720x532/1608138034.jpg; https://img10.naventcdn.com/avisos/18/01/49/94/54/01/720x532/1608137811.jpg; https://img10.naventcdn.com/avisos/18/01/49/94/54/01/720x532/1608138067.jpg; https://img10.naventcdn.com/avisos/18/01/49/94/54/01/720x532/1608137971.jpg; https://img10.naventcdn.com/avisos/18/01/49/94/54/01/720x532/1608138115.jpg; https://img10.naventcdn.com/avisos/18/01/49/94/54/01/720x532/1608137910.jpg,Mexico,Quintana Roo,Tulum,20.2025963,-87.4727791,Rent
Independiente,https://www.inmuebles24.com/inmobiliarias/independiente_102873375-inmuebles.html,Inmuebles24 (via parse.bot API),https://www.inmuebles24.com/propiedades/clasificado/alclapin-departamento-en-venta-en-aldea-zama-149692682.html,Departamento en Venta en Aldea Zama,Land/Lot,27000,MXN,2,2,125.0,m2,"Penthouse en venta – aldea zama, tulumubicación: Aldea Zama, Tulum, Quintana RooPrecio de renta: $27, 000Precio de venta: $4, 650, 000 mxnmantenimiento: $5, 000 mxn mensualesSuperficies: Terreno: 110 m²Construcción: 125 m²Características del inmueble: 2 recámaras2 bañosPenthouse en nivel 31 año de antigüedadAmuebladoAire acondicionado1 elevadorAlbercaAsadorJardín privadoUbicación interiorEstado de conservación: ExcelenteDescripción: Penthouse exclusivo en Aldea Zama, una de las zonas más privile...",https://img10.naventcdn.com/avisos/18/01/49/69/26/82/720x532/1607929288.jpg?isFirstImage=true; https://img10.naventcdn.com/avisos/18/01/49/69/26/82/720x532/1607929354.jpg; https://img10.naventcdn.com/avisos/18/01/49/69/26/82/720x532/1607929272.jpg; https://img10.naventcdn.com/avisos/18/01/49/69/26/82/720x532/1607929280.jpg; https://img10.naventcdn.com/avisos/18/01/49/69/26/82/720x532/1607929284.jpg; https://img10.naventcdn.com/avisos/18/01/49/69/26/82/720x532/1607929268.jpg; https://img10.naventcdn.com/avisos/18/01/49/69/26/82/720x532/1607929265.jpg; https://img10.naventcdn.com/avisos/18/01/49/69/26/82/720x532/1607929348.jpg,Mexico,Quintana Roo,Tulum,20.1997998,-87.454707,Rent
Tulum Rental Homes,https://www.inmuebles24.com/inmobiliarias/tulum-rental-homes_102640624-inmuebles.html,Inmuebles24 (via parse.bot API),https://www.inmuebles24.com/propiedades/clasificado/alclapin-cacao-tulum-a102-149546149.html,Cacao Tulum A102,Unknown,19000,MXN,1,1,,m2,"Cacao Tulum A102La VeletaCaracterísticas Destacadas1 recámara amplia1 baño completoJardin privado con albercaCocina integralCama King sizeAmenidadesTerraza con alberca compartida GimnasioPrecio: $19, 000 mxn mensuales + depósito + servicios. $2, 500 mxn contrato/póliza. Incluye mantenimiento(hoa), agua.",https://img10.naventcdn.com/avisos/18/01/49/54/61/49/720x532/1599736290.jpg?isFirstImage=true; https://img10.naventcdn.com/avisos/18/01/49/54/61/49/720x532/1599736172.jpg; https://img10.naventcdn.com/avisos/18/01/49/54/61/49/720x532/1599736185.jpg; https://img10.naventcdn.com/avisos/18/01/49/54/61/49/720x532/1599736147.jpg; https://img10.naventcdn.com/avisos/18/01/49/54/61/49/720x532/1599736177.jpg; https://img10.naventcdn.com/avisos/18/01/49/54/61/49/720x532/1599736169.jpg; https://img10.naventcdn.com/avisos/18/01/49/54/61/49/720x532/1599736158.jpg; https://img10.naventcdn.com/avisos/18/01/49/54/61/49/720x532/1599736184.jpg,Mexico,Quintana Roo,Tulum,20.1997951,-87.472338,Rent
Tulum Rental Homes,https://www.inmuebles24.com/inmobiliarias/tulum-rental-homes_102640624-inmuebles.html,Inmuebles24 (via parse.bot API),https://www.inmuebles24.com/propiedades/clasificado/alclapin-departamento-en-palalma-tierra-149546115.html,Departamento en Palalma Tierra,Condo/Apartment,16000,MXN,1,1,55.0,m2,"Condominio palalma tierra #16Características Destacadas1 Recamara amplia1 Baño completoCocina equipadaSala con tvComedorBalcón privadoLavadoraAlberca compartidaZonas verdesGimnasio7-Eleven debajo del condominioPrecio: $16, 000 mxn mensuales + depósito + servicios + $2. 500 pago única vez por contrato/póliza. Incluye mantenimiento",https://img10.naventcdn.com/avisos/18/01/49/54/61/15/720x532/1599735882.jpg?isFirstImage=true; https://img10.naventcdn.com/avisos/18/01/49/54/61/15/720x532/1599735881.jpg; https://img10.naventcdn.com/avisos/18/01/49/54/61/15/720x532/1599735880.jpg; https://img10.naventcdn.com/avisos/18/01/49/54/61/15/720x532/1599735885.jpg; https://img10.naventcdn.com/avisos/18/01/49/54/61/15/720x532/1599735883.jpg; https://img10.naventcdn.com/avisos/18/01/49/54/61/15/720x532/1599735879.jpg; https://img10.naventcdn.com/avisos/18/01/49/54/61/15/720x532/1599735886.jpg; https://img10.naventcdn.com/avisos/18/01/49/54/61/15/720x532/1599735884.jpg,Mexico,Quintana Roo,Tulum,20.1951804744,-87.4703758407,Rent
Tulum Rental Homes,https://www.inmuebles24.com/inmobiliarias/tulum-rental-homes_102640624-inmuebles.html,Inmuebles24 (via parse.bot API),https://www.inmuebles24.com/propiedades/clasificado/alclapin-departamento-en-edena-by-tao-2-149945237.html,Departamento en Edena By Tao #2,Condo/Apartment,28000,MXN,3,2,,m2,"Edena by tao #2Av. Coba(disponible desde el 25 enero 2026) Características destacadas 3 Recamaras con closet2 Baños completosCocina completa con horno y barra Sala &amp;amp; comedor exteriorLava secadora A/C &amp;amp; Tv Alberca privadaJardín privado Paneles solaresAmenidadesGym/ Fitness Room Alberca compartida Salón de uso múltiplecineCancha de basquetbolPrecio: $28, 000 mxn mensuales + depósito + luz + $2, 500 mxn contrato/póliza. Incluye mantenimiento(hoa)",https://img10.naventcdn.com/avisos/18/01/49/94/52/37/720x532/1608136826.jpg?isFirstImage=true; https://img10.naventcdn.com/avisos/18/01/49/94/52/37/720x532/1608136809.jpg; https://img10.naventcdn.com/avisos/18/01/49/94/52/37/720x532/1608136683.jpg; https://img10.naventcdn.com/avisos/18/01/49/94/52/37/720x532/1608136838.jpg; https://img10.naventcdn.com/avisos/18/01/49/94/52/37/720x532/1608136506.jpg; https://img10.naventcdn.com/avisos/18/01/49/94/52/37/720x532/1608136273.jpg; https://img10.naventcdn.com/avisos/18/01/49/94/52/37/720x532/1608136848.jpg; https://img10.naventcdn.com/avisos/18/01/49/94/52/37/720x532/1608136738.jpg,Mexico,Quintana Roo,Tulum,20.2114185,-87.4653502,Rent
Paola Huerta - Realtor - Sales and Rentals,https://www.inmuebles24.com/inmobiliarias/paola-huerta-realtor-sales-and-rentals_102872515-inmuebles.html,Inmuebles24 (via parse.bot API),https://www.inmuebles24.com/propiedades/clasificado/alclapin-renta-a-largo-plazo-en-tulum-long-term-rental-tulum-149742195.html,Renta a Largo Plazo en Tulum - Long Term Rental Tulum,House,45000,MXN,3,3,,m2,"Rentas A largo plazo en tulumpara atención personalizada contáctanos por WhatsApp a los siguientes números: Paola Huerta: +52 (5522 43 8797) y Ramon Capocchia +<span class='descripcionDatosAnunciante'><button class='btn btn-link js-verDatos' href='#'>Ver datos</button></span>) renta pent house 3 recámarasmistiq KukulkánBienvenido a este lindo Pent House- 3 recámaras y 3 baños completos- Sistema lock off- Sala, comedor y terraza- Roof top con alberca privada y amplia área de bbq y camastros- Elev...",https://img10.naventcdn.com/avisos/18/01/49/74/21/95/720x532/1603862903.jpg?isFirstImage=true; https://img10.naventcdn.com/avisos/18/01/49/74/21/95/720x532/1603862900.jpg; https://img10.naventcdn.com/avisos/18/01/49/74/21/95/720x532/1603862897.jpg; https://img10.naventcdn.com/avisos/18/01/49/74/21/95/720x532/1603862898.jpg; https://img10.naventcdn.com/avisos/18/01/49/74/21/95/720x532/1603862904.jpg; https://img10.naventcdn.com/avisos/18/01/49/74/21/95/720x532/1603862901.jpg; https://img10.naventcdn.com/avisos/18/01/49/74/21/95/720x532/1603862896.jpg; https://img10.naventcdn.com/avisos/18/01/49/74/21/95/720x532/1603862892.jpg,Mexico,Quintana Roo,Tulum,20.1926658,-87.4635899,Rent
KW RIVIERA MAYA,https://www.inmuebles24.com/inmobiliarias/kw-riviera-maya_102886263-inmuebles.html,Inmuebles24 (via parse.bot API),https://www.inmuebles24.com/propiedades/clasificado/alclapin-renta-de-departamento-tipo-estudio-equipado-en-tulum-149983126.html,Renta de Departamento Tipo Estudio Equipado en Tulum en Aldea Zama,Condo/Apartment,9500,MXN,1,,26.0,m2,"Departamento tipo estudio equipado en renta en tulum aldea zama. Este moderno departamento de 36 metros cuadrados cuenta con 1 habitación y 1 baño, ideal para quienes buscan comodidad y estilo en un espacio compacto. La habitación incluye un baño en suite y amplios closets para tu comodidad. Además, la orientación Oeste del departamento garantiza una hermosa entrada de luz natural durante el día. Su distribución tiene una línea visual elegante y sobria. Por ejemplo, en el área de la cocina, con ...",https://img10.naventcdn.com/avisos/18/01/49/98/31/26/720x532/1608901463.jpg?isFirstImage=true; https://img10.naventcdn.com/avisos/18/01/49/98/31/26/720x532/1608901487.jpg; https://img10.naventcdn.com/avisos/18/01/49/98/31/26/720x532/1608901449.jpg; https://img10.naventcdn.com/avisos/18/01/49/98/31/26/720x532/1608901308.jpg; https://img10.naventcdn.com/avisos/18/01/49/98/31/26/720x532/1608901496.jpg; https://img10.naventcdn.com/avisos/18/01/49/98/31/26/720x532/1608901541.jpg; https://img10.naventcdn.com/avisos/18/01/49/98/31/26/720x532/1608901502.jpg; https://img10.naventcdn.com/avisos/18/01/49/98/31/26/720x532/1608901535.jpg,Mexico,Quintana Roo,Tulum,20.199725,-87.464282,Rent
Paola Huerta - Realtor - Sales and Rentals,https://www.inmuebles24.com/inmobiliarias/paola-huerta-realtor-sales-and-rentals_102872515-inmuebles.html,Inmuebles24 (via parse.bot API),https://www.inmuebles24.com/propiedades/clasificado/alclapin-renta-a-largo-plazo-en-tulum-long-term-rental-tulum-149743394.html,Renta a Largo Plazo en Tulum - Long Term Rental Tulum,Condo/Apartment,26500,MXN,2,2,,m2,"Rentas A largo plazo en tulumpara atención personalizada contáctanos por WhatsApp a los siguientes números: Paola Huerta: +52 (5522 43 8797) y Ramon Capocchia +<span class='descripcionDatosAnunciante'><button class='btn btn-link js-verDatos' href='#'>Ver datos</button></span>) renta departamento de 2 recámaras, jardín Y alberca privadolimas HokistikaBienvenido a este lindo departamento2 recámaras y 2. 5 bañosCocina amplia con hornoSala, comedor, terrazaBodegaPatio con jardín y alberca privadaJun...",https://img10.naventcdn.com/avisos/18/01/49/74/33/94/720x532/1603886710.jpg?isFirstImage=true; https://img10.naventcdn.com/avisos/18/01/49/74/33/94/720x532/1603886702.jpg; https://img10.naventcdn.com/avisos/18/01/49/74/33/94/720x532/1603886719.jpg; https://img10.naventcdn.com/avisos/18/01/49/74/33/94/720x532/1603886709.jpg; https://img10.naventcdn.com/avisos/18/01/49/74/33/94/720x532/1603886706.jpg; https://img10.naventcdn.com/avisos/18/01/49/74/33/94/720x532/1603886711.jpg; https://img10.naventcdn.com/avisos/18/01/49/74/33/94/720x532/1603886707.jpg; https://img10.naventcdn.com/avisos/18/01/49/74/33/94/720x532/1603886713.jpg,Mexico,Quintana Roo,Tulum,20.2125527,-87.4583994,Rent
Carine Gebelin,https://www.inmuebles24.com/inmobiliarias/carine-gebelin_102417914-inmuebles.html,Inmuebles24 (via parse.bot API),https://www.inmuebles24.com/propiedades/clasificado/alclapin-jungle-loft-living-mistiq-temple-i-tulum-150395497.html,"Jungle Loft Living — Mistiq Temple I, Tulum",Unknown,16000,MXN,1,1,86.0,m2,"Espectacular Loft con Mezzanine en Mistiq Temple I - C102, Tulumtu 642Descubre este encantador loft de 86, 64 m² ubicado en planta baja de la Torre C del icónico complejo Mistiq Temple, en plena selva tulumeña. Con un diseño contemporáneo de doble altura que multiplica la sensación de espacio y luminosidad, esta unidad combina lo mejor del concepto loft: un área social abierta en planta baja (sala, comedor y cocina integrados) y una mezzanine de 23, 40 m² que ofrece privacidad y versatilidad. Di...",https://img10.naventcdn.com/avisos/18/01/50/39/54/97/720x532/1617239530.jpg?isFirstImage=true; https://img10.naventcdn.com/avisos/18/01/50/39/54/97/720x532/1617239520.jpg; https://img10.naventcdn.com/avisos/18/01/50/39/54/97/720x532/1617239523.jpg; https://img10.naventcdn.com/avisos/18/01/50/39/54/97/720x532/1617239527.jpg; https://img10.naventcdn.com/avisos/18/01/50/39/54/97/720x532/1617239528.jpg; https://img10.naventcdn.com/avisos/18/01/50/39/54/97/720x532/1617239526.jpg; https://img10.naventcdn.com/avisos/18/01/50/39/54/97/720x532/1617239524.jpg; https://img10.naventcdn.com/avisos/18/01/50/39/54/97/720x532/1617239529.jpg,Mexico,Quintana Roo,Tulum,20.1805933,-87.4616368,Rent
Tulum Rental Homes,https://www.inmuebles24.com/inmobiliarias/tulum-rental-homes_102640624-inmuebles.html,Inmuebles24 (via parse.bot API),https://www.inmuebles24.com/propiedades/clasificado/alclapin-departamento-en-av-kukulkan-tulum-149546170.html,"Departamento en Av Kukulkan, Tulum",Condo/Apartment,38000,MXN,2,2,,m2,"¡Bienvenidos a la exclusividad de Condominio adora! ¡Lujoso Apartamento Disponible! Descubre la sofisticación en su máxima expresión en Condominio adora. Este apartamento lujoso ofrece una excelente ubicación y un amplio espacio interior para tu comodidad en Tulum. Características Destacadas: 2 espaciosas recámaras con amplios closets2 baños completos para tu confortSala, cocina equipada, comedor y lavadora-secadoraUbicado en planta baja para fácil accesoEstacionamiento subterráneo para tu comod...",https://img10.naventcdn.com/avisos/18/01/49/54/61/70/720x532/1599737111.jpg?isFirstImage=true; https://img10.naventcdn.com/avisos/18/01/49/54/61/70/720x532/1599737104.jpg; https://img10.naventcdn.com/avisos/18/01/49/54/61/70/720x532/1599737107.jpg; https://img10.naventcdn.com/avisos/18/01/49/54/61/70/720x532/1599737099.jpg; https://img10.naventcdn.com/avisos/18/01/49/54/61/70/720x532/1599737096.jpg; https://img10.naventcdn.com/avisos/18/01/49/54/61/70/720x532/1599737086.jpg; https://img10.naventcdn.com/avisos/18/01/49/54/61/70/720x532/1599737089.jpg; https://img10.naventcdn.com/avisos/18/01/49/54/61/70/720x532/1599737103.jpg,Mexico,Quintana Roo,Tulum,20.1888910892,-87.4620845846,Rent
Paola Huerta - Realtor - Sales and Rentals,https://www.inmuebles24.com/inmobiliarias/paola-huerta-realtor-sales-and-rentals_102872515-inmuebles.html,Inmuebles24 (via parse.bot API),https://www.inmuebles24.com/propiedades/clasificado/alclapin-renta-a-largo-plazo-en-tlum-long-term-rental-tulum-149742295.html,Renta a Largo Plazo en Tlum - Long Term Rental Tulum,Condo/Apartment,24000,MXN,3,3,190.0,m2,"Rentas A largo plazo en tulumpara atención personalizada contáctanos por WhatsApp a los siguientes números: Paola Huerta: +52 (5522 43 8797) y Ramon Capocchia +<span class='descripcionDatosAnunciante'><button class='btn btn-link js-verDatos' href='#'>Ver datos</button></span>) renta departamento 3 recámarascoco Village, Av la selva (cerca) BienvenidoCon excelente ubicación190m2Amplio y con luz natural3 recámaras y 3 bañosCocina, sala y comedorNo incluye serviciosIncluye cuota condominal$24, 000 ...",https://img10.naventcdn.com/avisos/18/01/49/74/22/95/720x532/1603864858.jpg?isFirstImage=true; https://img10.naventcdn.com/avisos/18/01/49/74/22/95/720x532/1603864850.jpg; https://img10.naventcdn.com/avisos/18/01/49/74/22/95/720x532/1603864849.jpg; https://img10.naventcdn.com/avisos/18/01/49/74/22/95/720x532/1603864839.jpg; https://img10.naventcdn.com/avisos/18/01/49/74/22/95/720x532/1603864857.jpg; https://img10.naventcdn.com/avisos/18/01/49/74/22/95/720x532/1603864847.jpg; https://img10.naventcdn.com/avisos/18/01/49/74/22/95/720x532/1603864848.jpg; https://img10.naventcdn.com/avisos/18/01/49/74/22/95/720x532/1603864846.jpg,Mexico,Quintana Roo,Tulum,20.213529,-87.4723117,Rent
Sena Real Estate,https://www.inmuebles24.com/inmobiliarias/sena-real-estate_102572431-inmuebles.html,Inmuebles24 (via parse.bot API),https://www.inmuebles24.com/propiedades/clasificado/alclapin-renta-departamento-2-rec.-aldea-zama-tulum-149769205.html,Renta Departamento 2 Rec. Aldea Zama Tulum,Condo/Apartment,22000,MXN,2,2,,m2,"Departamento en Renta en Aldea Zama, Tulum$22, 000 mxn mensualesTotalmente amueblado y equipadoExcelente oportunidad de vivir en una de las zonas más exclusivas, seguras y con mayor crecimiento de Tulum. Aldea Zama se caracteriza por su ubicación privilegiada, rodeada de naturaleza, restaurantes, cafés, supermercados y con fácil acceso a la zona hotelera y las playas del Caribe Mexicano. Características: 2 recámaras2 baños completosCocina equipadaSala y comedorEquipado al 100%EstacionamientoAmen...",https://img10.naventcdn.com/avisos/18/01/49/76/92/05/720x532/1604379491.jpg?isFirstImage=true; https://img10.naventcdn.com/avisos/18/01/49/76/92/05/720x532/1604378723.jpg; https://img10.naventcdn.com/avisos/18/01/49/76/92/05/720x532/1604378611.jpg; https://img10.naventcdn.com/avisos/18/01/49/76/92/05/720x532/1604379047.jpg; https://img10.naventcdn.com/avisos/18/01/49/76/92/05/720x532/1604378478.jpg; https://img10.naventcdn.com/avisos/18/01/49/76/92/05/720x532/1604379159.jpg; https://img10.naventcdn.com/avisos/18/01/49/76/92/05/720x532/1604379383.jpg; https://img10.naventcdn.com/avisos/18/01/49/76/92/05/720x532/1604378827.jpg,Mexico,Quintana Roo,Tulum,20.1972599,-87.4629898,Rent
IRIS RAMIREZ,https://www.inmuebles24.com/inmobiliarias/iris-ramirez_102477912-inmuebles.html,Inmuebles24 (via parse.bot API),https://www.inmuebles24.com/propiedades/clasificado/alclappa-estudio-en-tulum-145862815.html,Estudio en Tulum,Unknown,12000,MXN,1,1,47.0,m2,"Hermoso estudio en renta a corto, mediano y largo plazo. Ubicado en primer nivel, listo para ser ocupado. A solo 5 min de la playa. **Pet friendly ** Ubicado en la Región 8. Cuenta con: - Cocina equipada. - Lavadora. - Terraza. - Tv. -Wifi. Amenidades: - Alberca grande. - Jungle gym. - Alberca en el Rooftop. - Área de coworking. -Gimnasio. - Acceso controlado las 24 horas",https://img10.naventcdn.com/avisos/18/01/45/86/28/15/720x532/1518624800.jpg?isFirstImage=true; https://img10.naventcdn.com/avisos/18/01/45/86/28/15/720x532/1518624795.jpg; https://img10.naventcdn.com/avisos/18/01/45/86/28/15/720x532/1518624793.jpg; https://img10.naventcdn.com/avisos/18/01/45/86/28/15/720x532/1518624802.jpg; https://img10.naventcdn.com/avisos/18/01/45/86/28/15/720x532/1518624797.jpg; https://img10.naventcdn.com/avisos/18/01/45/86/28/15/720x532/1518624803.jpg; https://img10.naventcdn.com/avisos/18/01/45/86/28/15/720x532/1518624794.jpg; https://img10.naventcdn.com/avisos/18/01/45/86/28/15/720x532/1518624799.jpg,Mexico,Quintana Roo,Tulum,,,Rent
Tulum Rental Homes,https://www.inmuebles24.com/inmobiliarias/tulum-rental-homes_102640624-inmuebles.html,Inmuebles24 (via parse.bot API),https://www.inmuebles24.com/propiedades/clasificado/alclapin-jungle-paradise-215-renta-150388102.html,Jungle Paradise - 215 — Renta,Unknown,14000,MXN,,1,,m2,"Estudio Amueblado en Jungle Paradise, TulumDiseñado para quienes buscan sumergirse en la calma de la selva sin renunciar a la comodidad, este estudio captura la esencia de Tulum desde sus primeras luces del alba. Cuando el sol filtra entre la vegetación tropical circundante, el espacio se ilumina con una calidez natural que invita a desperezarse lentamente, café en mano, mientras los sonidos del bosque despiertan el día. El inmueble alberga un baño completo y viene completamente amueblado, elimi...",https://img10.naventcdn.com/avisos/18/01/50/38/81/02/720x532/1617107492.jpg?isFirstImage=true; https://img10.naventcdn.com/avisos/18/01/50/38/81/02/720x532/1617107397.jpg; https://img10.naventcdn.com/avisos/18/01/50/38/81/02/720x532/1617107542.jpg; https://img10.naventcdn.com/avisos/18/01/50/38/81/02/720x532/1617106962.jpg; https://img10.naventcdn.com/avisos/18/01/50/38/81/02/720x532/1617107505.jpg; https://img10.naventcdn.com/avisos/18/01/50/38/81/02/720x532/1617107462.jpg; https://img10.naventcdn.com/avisos/18/01/50/38/81/02/720x532/1617107403.jpg; https://img10.naventcdn.com/avisos/18/01/50/38/81/02/720x532/1617107262.jpg,Mexico,Quintana Roo,Tulum,20.1819544,-87.4635786,Rent
Tulum Rental Homes,https://www.inmuebles24.com/inmobiliarias/tulum-rental-homes_102640624-inmuebles.html,Inmuebles24 (via parse.bot API),https://www.inmuebles24.com/propiedades/clasificado/alclapin-departamento-en-adora-149945224.html,Departamento en Adora,Condo/Apartment,38000,MXN,2,2,226.0,m2,"Condominio adora #102 Av. Kukulkán Características Destacadas 2 Recámaras amplias con closet2 Baños completosTinaCocina equipada con barraLava secadoraAmplia sala de estar y comedorTerraza con alberca privada Amenidades Alberca CompartidaSpaCenote naturalMiradorRestauranteRecepción 24 HorasPrecio: $38, 000 mxn mensuales + deposito + servicios. $2, 500 mxn contrato/póliza. Incluye mantenimiento",https://img10.naventcdn.com/avisos/18/01/49/94/52/24/720x532/1608133476.jpg?isFirstImage=true; https://img10.naventcdn.com/avisos/18/01/49/94/52/24/720x532/1608133584.jpg; https://img10.naventcdn.com/avisos/18/01/49/94/52/24/720x532/1608133412.jpg; https://img10.naventcdn.com/avisos/18/01/49/94/52/24/720x532/1608133545.jpg; https://img10.naventcdn.com/avisos/18/01/49/94/52/24/720x532/1608133516.jpg; https://img10.naventcdn.com/avisos/18/01/49/94/52/24/720x532/1608133504.jpg; https://img10.naventcdn.com/avisos/18/01/49/94/52/24/720x532/1608135148.jpg; https://img10.naventcdn.com/avisos/18/01/49/94/52/24/720x532/1608133460.jpg,Mexico,Quintana Roo,Tulum,20.1895556851,-87.4625351957,Rent
Orbe Bienes Raices,https://www.inmuebles24.com/inmobiliarias/orbe-bienes-raices_102950929-inmuebles.html,Inmuebles24 (via parse.bot API),https://www.inmuebles24.com/propiedades/clasificado/alclapin-renta-de-departamento-aldea-savia-tulum-148151494.html,Renta de Departamento Aldea Savia Tulum,Condo/Apartment,25000,MXN,2,2,134.0,m2,"Venta Y renta departamento 2 recámaras modelo chaca rooftulum / aldea saviaprecio de venta 4, 300, 000 mxnprecio de renta 25, 000 mxnresidencia de 1er nivelTotalmente AmuebladaCuenta con: - 2 recámaras- 2 baños completos- Cocina integral, horno, campana y estufa de 4 quemadoresequipada con 3 aires acondicionados, mosquiteros en las ventanas de las habitaciones y sala comedor, paneles solares, cortinas anticiclonicas y canceles en los 2 baños- Cuarto de lavado- Terraza- Roof top- 1 cajon de estac...",https://img10.naventcdn.com/avisos/18/01/48/15/14/94/720x532/1571399522.jpg?isFirstImage=true; https://img10.naventcdn.com/avisos/18/01/48/15/14/94/720x532/1571399524.jpg; https://img10.naventcdn.com/avisos/18/01/48/15/14/94/720x532/1571399520.jpg; https://img10.naventcdn.com/avisos/18/01/48/15/14/94/720x532/1571399519.jpg; https://img10.naventcdn.com/avisos/18/01/48/15/14/94/720x532/1571399530.jpg; https://img10.naventcdn.com/avisos/18/01/48/15/14/94/720x532/1571399532.jpg; https://img10.naventcdn.com/avisos/18/01/48/15/14/94/720x532/1571399529.jpg; https://img10.naventcdn.com/avisos/18/01/48/15/14/94/720x532/1571399527.jpg,Mexico,Quintana Roo,Tulum,20.2021962,-87.4789059,Rent
Tulum Rental Homes,https://www.inmuebles24.com/inmobiliarias/tulum-rental-homes_102640624-inmuebles.html,Inmuebles24 (via parse.bot API),https://www.inmuebles24.com/propiedades/clasificado/alclapin-departamento-1-recamara-la-veleta-tulum-149541747.html,"Departamento 1 Recámara - La Veleta, Tulum",Condo/Apartment,19000,MXN,1,1,,m2,¡Explora La Veleta desde PalAlma Tierra #19Apartamento Amueblado y EquipadoDescubre la comodidad de vivir en La Veleta con este encantador apartamento amueblado y equipado. Este espacio único te brinda la oportunidad de experimentar la esencia de Tulum de cerca. Características Destacadas1 espaciosa recámara1 baño completoCondominio con albercaLavadora y secadoraRecepción y seguridad las 24 horasZonas verdesGimnasio7-Eleven debajo del condominioMantenimiento incluidoServicios adicionales a la re...,https://img10.naventcdn.com/avisos/18/01/49/54/17/47/720x532/1599639545.jpg?isFirstImage=true; https://img10.naventcdn.com/avisos/18/01/49/54/17/47/720x532/1599639538.jpg; https://img10.naventcdn.com/avisos/18/01/49/54/17/47/720x532/1599639543.jpg; https://img10.naventcdn.com/avisos/18/01/49/54/17/47/720x532/1599639542.jpg; https://img10.naventcdn.com/avisos/18/01/49/54/17/47/720x532/1599639539.jpg; https://img10.naventcdn.com/avisos/18/01/49/54/17/47/720x532/1599639547.jpg; https://img10.naventcdn.com/avisos/18/01/49/54/17/47/720x532/1599639540.jpg; https://img10.naventcdn.com/avisos/18/01/49/54/17/47/720x532/1599639546.jpg,Mexico,Quintana Roo,Tulum,20.1988905,-87.4725373,Rent
TULUM REALTORS SA de CV,https://www.inmuebles24.com/inmobiliarias/tulum-realtors-sa-de-cv_50146364-inmuebles.html,Inmuebles24 (via parse.bot API),https://www.inmuebles24.com/propiedades/clasificado/alclapin-departamento-en-venta-de-1-habitacion-en-tulum-la-145513649.html,Departamento en Venta de 1 Habitacion en Tulum La Veleta Lb 128,Condo/Apartment,20000,MXN,1,1,68.0,m2,"Descripción: Una oportunidad realmente única, departamento recién construido, totalmente amueblado y equipado, se compone de 1 habitación y 1 baño completo, sala, comedor, cocina integral totalmente equipada con mesones de granito, muebles de madera endémicos de la zona y acabados en chukum. Cuenta con dos terrazas, la primera en la habitación principal con vista a las áreas comunes y la segunda con jacuzzi privado con una hermosa vista al exterior rodeado de áreas verdes y exuberante vegetación...",https://img10.naventcdn.com/avisos/18/01/45/51/36/49/720x532/1506035724.jpg?isFirstImage=true; https://img10.naventcdn.com/avisos/18/01/45/51/36/49/720x532/1506035721.jpg; https://img10.naventcdn.com/avisos/18/01/45/51/36/49/720x532/1506035723.jpg; https://img10.naventcdn.com/avisos/18/01/45/51/36/49/720x532/1506035710.jpg; https://img10.naventcdn.com/avisos/18/01/45/51/36/49/720x532/1506035731.jpg; https://img10.naventcdn.com/avisos/18/01/45/51/36/49/720x532/1506035725.jpg; https://img10.naventcdn.com/avisos/18/01/45/51/36/49/720x532/1506035728.jpg; https://img10.naventcdn.com/avisos/18/01/45/51/36/49/720x532/1506035726.jpg,Mexico,Quintana Roo,Tulum,20.2094311,-87.4678919,Rent
Tulum Rental Homes,https://www.inmuebles24.com/inmobiliarias/tulum-rental-homes_102640624-inmuebles.html,Inmuebles24 (via parse.bot API),https://www.inmuebles24.com/propiedades/clasificado/alclapin-departamento-en-cacao-tulum-149546117.html,Departamento en Cacao Tulum,Condo/Apartment,10000,MXN,,1,,m2,"Cacao E101 EstudioLa VeletaCaracterísticas DestacadasEstudio con cama King size &amp;amp; closet1 Baño completococina equipada con hornoLava secadoraTerraza con alberca privadaPlanta bajaAmenidadesRoof top con albercaGimnasioZona de YogaArea coworkingEstacionamientoRenta: $10, 000 mxn mensuales + deposito + servicios + $2, 500 mxn contrato/póliza. Incluye mantenimiento(hoa)",https://img10.naventcdn.com/avisos/18/01/49/54/61/17/720x532/1599736260.jpg?isFirstImage=true; https://img10.naventcdn.com/avisos/18/01/49/54/61/17/720x532/1599736308.jpg; https://img10.naventcdn.com/avisos/18/01/49/54/61/17/720x532/1599736268.jpg; https://img10.naventcdn.com/avisos/18/01/49/54/61/17/720x532/1599736300.jpg; https://img10.naventcdn.com/avisos/18/01/49/54/61/17/720x532/1599736269.jpg; https://img10.naventcdn.com/avisos/18/01/49/54/61/17/720x532/1599736286.jpg; https://img10.naventcdn.com/avisos/18/01/49/54/61/17/720x532/1599736278.jpg; https://img10.naventcdn.com/avisos/18/01/49/54/61/17/720x532/1599736272.jpg,Mexico,Quintana Roo,Tulum,20.1998273637,-87.4723311711,Rent
Paola Huerta - Realtor - Sales and Rentals,https://www.inmuebles24.com/inmobiliarias/paola-huerta-realtor-sales-and-rentals_102872515-inmuebles.html,Inmuebles24 (via parse.bot API),https://www.inmuebles24.com/propiedades/clasificado/alclapin-renta-a-largo-plazo-en-tulum-lomg-term-rental-tulum.-150059356.html,Renta a Largo Plazo en Tulum - Lomg Term Rental Tulum.,Condo/Apartment,13500,MXN,2,2,,m2,"Rentas A largo plazo en tulumpara atención personalizada contáctanos por WhatsApp a los siguientes números: Paola Huerta: +52 (5522 43 8797) y Ramón Capocchia +<span class='descripcionDatosAnunciante'><button class='btn btn-link js-verDatos' href='#'>Ver datos</button></span>) Bienvenido, lindo departamento en: Lahkah (La Veleta) Amplio y con luz naturalUbicado en primer piso2 recámaras y 2 baños completosSala con tv y cocina con barraLava secadora$13, 500 mn más depósitoServicios se cobran por ...",https://img10.naventcdn.com/avisos/18/01/50/05/93/56/720x532/1610373100.jpg?isFirstImage=true; https://img10.naventcdn.com/avisos/18/01/50/05/93/56/720x532/1610373105.jpg; https://img10.naventcdn.com/avisos/18/01/50/05/93/56/720x532/1610373095.jpg; https://img10.naventcdn.com/avisos/18/01/50/05/93/56/720x532/1610373127.jpg; https://img10.naventcdn.com/avisos/18/01/50/05/93/56/720x532/1610373109.jpg; https://img10.naventcdn.com/avisos/18/01/50/05/93/56/720x532/1610373114.jpg; https://img10.naventcdn.com/avisos/18/01/50/05/93/56/720x532/1610373119.jpg; https://img10.naventcdn.com/avisos/18/01/50/05/93/56/720x532/1610373088.jpg,Mexico,Quintana Roo,Tulum,20.1953625,-87.471263,Rent
Paola Huerta - Realtor - Sales and Rentals,https://www.inmuebles24.com/inmobiliarias/paola-huerta-realtor-sales-and-rentals_102872515-inmuebles.html,Inmuebles24 (via parse.bot API),https://www.inmuebles24.com/propiedades/clasificado/alclapin-renta-a-largo-plazo-en-tulum-long-term-rental-tulum.-150019161.html,Renta a Largo Plazo en Tulum - Long Term Rental Tulum.,Condo/Apartment,13500,MXN,2,2,,m2,"Rentas A largo plazo en tulumpara atención personalizada contáctanos por WhatsApp a los siguientes números: Paola Huerta: +52 (5522 43 8797) y Ramón Capocchia +<span class='descripcionDatosAnunciante'><button class='btn btn-link js-verDatos' href='#'>Ver datos</button></span>) Bienvenido a este hermoso departamento, muy cómodo y luminoso. Lahkah (La Veleta) Amplio y con luz naturalUbicado en primer piso2 recámaras y 2 baños completosSala con tv y cocina con barraLava secadora$13, 500 mn más depó...",https://img10.naventcdn.com/avisos/18/01/50/01/91/61/720x532/1609601758.jpg?isFirstImage=true; https://img10.naventcdn.com/avisos/18/01/50/01/91/61/720x532/1609601759.jpg; https://img10.naventcdn.com/avisos/18/01/50/01/91/61/720x532/1609601764.jpg; https://img10.naventcdn.com/avisos/18/01/50/01/91/61/720x532/1609601757.jpg; https://img10.naventcdn.com/avisos/18/01/50/01/91/61/720x532/1609601760.jpg; https://img10.naventcdn.com/avisos/18/01/50/01/91/61/720x532/1609601761.jpg; https://img10.naventcdn.com/avisos/18/01/50/01/91/61/720x532/1609601762.jpg; https://img10.naventcdn.com/avisos/18/01/50/01/91/61/720x532/1609601756.jpg,Mexico,Quintana Roo,Tulum,20.2025963,-87.4727791,Rent
Tulum Rental Homes,https://www.inmuebles24.com/inmobiliarias/tulum-rental-homes_102640624-inmuebles.html,Inmuebles24 (via parse.bot API),https://www.inmuebles24.com/propiedades/clasificado/alclapin-beek-301-ph-149945198.html,Beek 301 PH,Unknown,20000,MXN,2,2,,m2,"Beek 301 phselva NorteVenta y Renta Características DestacadasDos habitaciones, una de ellas con opción de lock offDos baños completosAire acondicionado Centro de lavado Roof Top privado con jacuzzi, mesa, asador y bañoTotalmente amueblado AmenidadesGimnasio equipadoÁrea de yogaÁrea de trabajoAlbercasCenotesRestauranteÁrea de juegos infantilesÁrea de mascotasTienda dentro del desarrolloPrecio Renta: $20. 000 mensuales + depósito + servicios + $2. 500 contrato/póliza. Precio Venta: $4, 000. 000 m...",https://img10.naventcdn.com/avisos/18/01/49/94/51/98/720x532/1608132888.jpg?isFirstImage=true; https://img10.naventcdn.com/avisos/18/01/49/94/51/98/720x532/1608132980.jpg; https://img10.naventcdn.com/avisos/18/01/49/94/51/98/720x532/1608132580.jpg; https://img10.naventcdn.com/avisos/18/01/49/94/51/98/720x532/1608132938.jpg; https://img10.naventcdn.com/avisos/18/01/49/94/51/98/720x532/1608132754.jpg; https://img10.naventcdn.com/avisos/18/01/49/94/51/98/720x532/1608132653.jpg; https://img10.naventcdn.com/avisos/18/01/49/94/51/98/720x532/1608133167.jpg; https://img10.naventcdn.com/avisos/18/01/49/94/51/98/720x532/1608133117.jpg,Mexico,Quintana Roo,Tulum,20.2114185,-87.4653502,Rent
Paraiso Real Estate Tulum,https://www.inmuebles24.com/inmobiliarias/paraiso-real-estate-tulum_50310732-inmuebles.html,Inmuebles24 (via parse.bot API),https://www.inmuebles24.com/propiedades/clasificado/alclapin-rent-ph-2-bedrooms-with-private-roof-top-close-to-149824185.html,"Rent PH 2 Bedrooms With Private Roof Top, Close To Holistika, Tulum.",Unknown,26000,MXN,2,2,110.0,m2,"Available form 27 of May 2026. ph with private roof topo and pool. Completely equipped, 2 bedrooms and 2 bathrooms with lock off system. Very lightly. Surrounded by nature. This is a boutique hotel community with only 12 units total so guests will not have to deal with crowds. The building is not close to another building so it gives the remote feel surrounded by trees. Guests will enjoy the private rooftop equipped with a barbecue area and pool. Just outside the gate is a larger community pool ...",https://img10.naventcdn.com/avisos/18/01/49/82/41/85/720x532/1605636721.jpg?isFirstImage=true; https://img10.naventcdn.com/avisos/18/01/49/82/41/85/720x532/1605636715.jpg; https://img10.naventcdn.com/avisos/18/01/49/82/41/85/720x532/1605636716.jpg; https://img10.naventcdn.com/avisos/18/01/49/82/41/85/720x532/1605636714.jpg; https://img10.naventcdn.com/avisos/18/01/49/82/41/85/720x532/1605636698.jpg; https://img10.naventcdn.com/avisos/18/01/49/82/41/85/720x532/1605636710.jpg; https://img10.naventcdn.com/avisos/18/01/49/82/41/85/720x532/1605636701.jpg; https://img10.naventcdn.com/avisos/18/01/49/82/41/85/720x532/1605636704.jpg,Mexico,Quintana Roo,Tulum,20.1920513766,-87.4752320763,Rent
AH Bienes Raíces Mx ,https://www.inmuebles24.com/inmobiliarias/ah-bienes-raices-mx_102241764-inmuebles.html,Inmuebles24 (via parse.bot API),https://www.inmuebles24.com/propiedades/clasificado/alclapin-departamento-tulum-centro-147310083.html,Departamento - Tulum Centro,Condo/Apartment,10500,MXN,2,2,67.0,m2,"En el interior de una privada en Tulum tenemos este departamento en un tercer nivel, perfectamente ubicado en una esquina, en donde fluye el aire y la luz. Este departamento no solamente tiene la cualidad de tener 2 recámaras y 2 baños, si no que además cuenta con 73 m2 en su interior, lo que nos ayuda a tener una buena inversión porque sabemos que en Tulum, los espacios si importan. Primer acceso a la privada sobre la avenida Coba y segundo acceso en el centro. Ideal para quienes quieren tener ...",https://img10.naventcdn.com/avisos/18/01/47/31/00/83/720x532/1614766963.jpg?isFirstImage=true; https://img10.naventcdn.com/avisos/18/01/47/31/00/83/720x532/1614766836.jpg; https://img10.naventcdn.com/avisos/18/01/47/31/00/83/720x532/1614766972.jpg; https://img10.naventcdn.com/avisos/18/01/47/31/00/83/720x532/1614766728.jpg; https://img10.naventcdn.com/avisos/18/01/47/31/00/83/720x532/1614766725.jpg; https://img10.naventcdn.com/avisos/18/01/47/31/00/83/720x532/1614766947.jpg; https://img10.naventcdn.com/avisos/18/01/47/31/00/83/720x532/1614766821.jpg; https://img10.naventcdn.com/avisos/18/01/47/31/00/83/720x532/1614766951.jpg,Mexico,Quintana Roo,Tulum,20.2218772623,-87.4727926175,Rent
Tulum Rental Homes,https://www.inmuebles24.com/inmobiliarias/tulum-rental-homes_102640624-inmuebles.html,Inmuebles24 (via parse.bot API),https://www.inmuebles24.com/propiedades/clasificado/alclapin-anah-village-b2-149546393.html,Anah Village B2,Unknown,25000,MXN,2,2,,m2,"Anah Village B2Bahía PrincipeCaracterísticas destacadas2 recamaras completas con closets y tv2. 5 bañosVilla de 2 nivelesJardín interno privadoEspacio de sala con tvcocina totalmente equipadaAmenidadesConserjería y seguridad 24hsServicio de condominio-hotelPiscina con barEstacionamientoÁrea de lavanderíaAcceso y servicio de playaCentro de deportesGimnasio Precio: $25, 000 al mes + depósito. Incluye servicios. Incluye mantenimiento (hoa).",https://img10.naventcdn.com/avisos/18/01/49/54/63/93/720x532/1599741005.jpg?isFirstImage=true; https://img10.naventcdn.com/avisos/18/01/49/54/63/93/720x532/1599740789.jpg; https://img10.naventcdn.com/avisos/18/01/49/54/63/93/720x532/1599743746.jpg; https://img10.naventcdn.com/avisos/18/01/49/54/63/93/720x532/1599740984.jpg; https://img10.naventcdn.com/avisos/18/01/49/54/63/93/720x532/1599743707.jpg; https://img10.naventcdn.com/avisos/18/01/49/54/63/93/720x532/1599741000.jpg; https://img10.naventcdn.com/avisos/18/01/49/54/63/93/720x532/1599740986.jpg; https://img10.naventcdn.com/avisos/18/01/49/54/63/93/720x532/1599740987.jpg,Mexico,Quintana Roo,Tulum,20.3842446,-87.3320124,Rent
AH Bienes Raíces Mx ,https://www.inmuebles24.com/inmobiliarias/ah-bienes-raices-mx_102241764-inmuebles.html,Inmuebles24 (via parse.bot API),https://www.inmuebles24.com/propiedades/clasificado/alclapin-departamento-tulum-centro-149431693.html,Departamento - Tulum Centro,Condo/Apartment,7500,MXN,2,1,49.0,m2,"Departamento en renta en Tulum ubicado en Mz 24 en Aldea Tulum, Quintana Roo, México Cuenta con 2 recámaras, ubicado en cuarto piso. Ideal para quien busca un ambiente fresco, con calma y buen diseño. Características: 2 recámaras 1 baño completo equipado cocina equipada lavadora patio tv en sala sofá recámara con closets tv en recámara cuarto de trabajo con clóset internet y acceso a alberca se acepta mascota Requisitos: contrato de 6 meses a 1 año depósito en garantía firma de contrato Solicita...",https://img10.naventcdn.com/avisos/18/01/49/43/16/93/720x532/1597276305.jpg?isFirstImage=true; https://img10.naventcdn.com/avisos/18/01/49/43/16/93/720x532/1597276329.jpg; https://img10.naventcdn.com/avisos/18/01/49/43/16/93/720x532/1597276317.jpg; https://img10.naventcdn.com/avisos/18/01/49/43/16/93/720x532/1597276326.jpg; https://img10.naventcdn.com/avisos/18/01/49/43/16/93/720x532/1597276306.jpg; https://img10.naventcdn.com/avisos/18/01/49/43/16/93/720x532/1597276320.jpg; https://img10.naventcdn.com/avisos/18/01/49/43/16/93/720x532/1597276314.jpg; https://img10.naventcdn.com/avisos/18/01/49/43/16/93/720x532/1597276332.jpg,Mexico,Quintana Roo,Tulum,20.1957178832,-87.5292955487,Rent
Tulum Rental Homes,https://www.inmuebles24.com/inmobiliarias/tulum-rental-homes_102640624-inmuebles.html,Inmuebles24 (via parse.bot API),https://www.inmuebles24.com/propiedades/clasificado/alclapin-bonito-estudio-ubicado-en-el-centro-de-la-veleta-149945423.html,Bonito Estudio Ubicado en El Centro de La Veleta,Unknown,12000,MXN,,1,38.0,m2,"¡Explora Cacao Tulum en el corazón de La Veleta! Estudio DisponibleEste acogedor estudio en Cacao Tulum es perfecto para disfrutar de la vida en el corazón de La Veleta. Con una ubicación inmejorable a solo dos cuadras del centro, esta propiedad ofrece comodidades ideales para una experiencia relajante. Características DestacadasEstudio con 1 bañoCocina equipada con hornoAmplia cama king sizeAlberca privada para momentos de tranquilidadUbicación en primer pisoGimnasio para mantenerte en formaAlb...",https://img10.naventcdn.com/avisos/18/01/49/94/54/23/720x532/1608138196.jpg?isFirstImage=true; https://img10.naventcdn.com/avisos/18/01/49/94/54/23/720x532/1608138186.jpg; https://img10.naventcdn.com/avisos/18/01/49/94/54/23/720x532/1608138244.jpg; https://img10.naventcdn.com/avisos/18/01/49/94/54/23/720x532/1608138170.jpg; https://img10.naventcdn.com/avisos/18/01/49/94/54/23/720x532/1608138205.jpg; https://img10.naventcdn.com/avisos/18/01/49/94/54/23/720x532/1608138263.jpg; https://img10.naventcdn.com/avisos/18/01/49/94/54/23/720x532/1608138213.jpg; https://img10.naventcdn.com/avisos/18/01/49/94/54/23/720x532/1608138252.jpg,Mexico,Quintana Roo,Tulum,20.199768286,-87.4724074024,Rent
Tulum Rental Homes,https://www.inmuebles24.com/inmobiliarias/tulum-rental-homes_102640624-inmuebles.html,Inmuebles24 (via parse.bot API),https://www.inmuebles24.com/propiedades/clasificado/alclapin-cacao-a-302-149546448.html,Cacao a #302,Unknown,28000,MXN,2,2,,m2,"Cacao A #302La veletaCaracterísticas Destacadas 2 recámaras espaciosas2. 5 bañosCocina integral con barraSala con sofaComedorAmenidadesGimnasioAlberca compartida en la terrazaZona de Yoga para la armonía y relajaciónPrecio: $28, 000 mxn mensuales + depósito + servicios + $2. 500 mxn pago única vez por contrato/póliza. Incluye mantenimiento (hoa) e internet.",https://img10.naventcdn.com/avisos/18/01/49/54/64/48/720x532/1599743085.jpg?isFirstImage=true; https://img10.naventcdn.com/avisos/18/01/49/54/64/48/720x532/1599742493.jpg; https://img10.naventcdn.com/avisos/18/01/49/54/64/48/720x532/1599742482.jpg; https://img10.naventcdn.com/avisos/18/01/49/54/64/48/720x532/1599742472.jpg; https://img10.naventcdn.com/avisos/18/01/49/54/64/48/720x532/1599742479.jpg; https://img10.naventcdn.com/avisos/18/01/49/54/64/48/720x532/1599742475.jpg; https://img10.naventcdn.com/avisos/18/01/49/54/64/48/720x532/1599742473.jpg; https://img10.naventcdn.com/avisos/18/01/49/54/64/48/720x532/1599743107.jpg,Mexico,Quintana Roo,Tulum,20.2025963,-87.4727791,Rent
AH Bienes Raíces Mx ,https://www.inmuebles24.com/inmobiliarias/ah-bienes-raices-mx_102241764-inmuebles.html,Inmuebles24 (via parse.bot API),https://www.inmuebles24.com/propiedades/clasificado/alclapin-departamento-region-15-149488672.html,Departamento - Region 15,Condo/Apartment,765,USD,1,1,45.0,m2,"Estudio en planta baja disponible en renta a largo plazo. Ideal para quien busca comodidad y acceso a amenidades que facilitan tus días, como gimnasio, cowork, restaurante, albercas, temazcal, área de masajes, lavandería, cine, arcade, temazcal, roof top, fogateros, zonas de descanso etc Ubicado en Región 15, Tulum, a 5 min en auto hacia Tulum Beach, cerca de Beach clubs y restaurantes. A 5 min del centro de Tulum Características: Estudio equipado Cama King size Baño de puertas corredizas Cocina...",https://img10.naventcdn.com/avisos/18/01/49/48/86/72/720x532/1598473277.jpg?isFirstImage=true; https://img10.naventcdn.com/avisos/18/01/49/48/86/72/720x532/1598473258.jpg; https://img10.naventcdn.com/avisos/18/01/49/48/86/72/720x532/1598473322.jpg; https://img10.naventcdn.com/avisos/18/01/49/48/86/72/720x532/1598473282.jpg; https://img10.naventcdn.com/avisos/18/01/49/48/86/72/720x532/1598473259.jpg; https://img10.naventcdn.com/avisos/18/01/49/48/86/72/720x532/1598473272.jpg; https://img10.naventcdn.com/avisos/18/01/49/48/86/72/720x532/1598473241.jpg; https://img10.naventcdn.com/avisos/18/01/49/48/86/72/720x532/1598473243.jpg,Mexico,Quintana Roo,Tulum,20.368113,-87.3315829,Rent
Karen Szumowski Asesora Inmobiliaria,https://www.inmuebles24.com/inmobiliarias/karen-szumowski-asesora-inmobiliaria_102944090-inmuebles.html,Inmuebles24 (via parse.bot API),https://www.inmuebles24.com/propiedades/clasificado/alclapin-exclusivo-departamento-de-2-recamaras-en-aldea-zama-148350278.html,"Exclusivo Departamento de 2 Recámaras en Aldea Zama, Tulum en Renta a $22,000 Mxn",Condo/Apartment,22000,MXN,2,2,,m2,"Pecas #201Exclusivo Departamento de 2 recámaras en Aldea Zama, Tulum. Características destacadas: - 2 Recamaras amplias con closet- 2 Baños completos &amp;amp; 1 medio baño- Cocina equipada- Sala con tv &amp;amp; comedor- Lava secadora- BalconesAmenidades- Alberca compartida- Área de yoga- Estacionamiento abierto- Seguridad &amp;amp; acceso controladoPrecio: $22, 000 mxn al mes + deposito + servicios + $2, 500 mxn contrato/póliza. Incluye mantenimiento(hoa) ks",https://img10.naventcdn.com/avisos/18/01/48/35/02/78/720x532/1575382905.jpg?isFirstImage=true; https://img10.naventcdn.com/avisos/18/01/48/35/02/78/720x532/1575382843.jpg; https://img10.naventcdn.com/avisos/18/01/48/35/02/78/720x532/1575382896.jpg; https://img10.naventcdn.com/avisos/18/01/48/35/02/78/720x532/1575382929.jpg; https://img10.naventcdn.com/avisos/18/01/48/35/02/78/720x532/1575382907.jpg; https://img10.naventcdn.com/avisos/18/01/48/35/02/78/720x532/1575382926.jpg; https://img10.naventcdn.com/avisos/18/01/48/35/02/78/720x532/1575382918.jpg; https://img10.naventcdn.com/avisos/18/01/48/35/02/78/720x532/1575382912.jpg,Mexico,Quintana Roo,Tulum,20.2001014385,-87.4671679996,Rent
Smart depas Tulum,https://www.inmuebles24.com/inmobiliarias/smart-depas-tulum_103116111-inmuebles.html,Inmuebles24 (via parse.bot API),https://www.inmuebles24.com/propiedades/clasificado/alclappa-departamento-1-habitacion-en-la-veleta-150646208.html,Departamento 1 Habitación en La Veleta,Condo/Apartment,9500,MXN,1,1,25.0,m2,"Vive en una de las zonas más vibrantes de Tulum, con calles pavimentadas y excelente conectividad. Detalles del departamento: ️ 1 habitación amplia con cama king. 1 baño completo. ️ Cocina equipada. Internet de alta velocidad. ️ Aire acondicionado. Agua caliente. Entrada privada. Balcón con tina privada. Pet-friendly (máximo 1 mascota por unidad) Planta: El departamento se encuentra en el 2º piso y cuenta con acceso mediante escaleras. Amenidades del edificio: ‍♀️ Rooftop con vista panorámica, p...",https://img10.naventcdn.com/avisos/18/01/50/64/62/08/720x532/1623176335.jpg?isFirstImage=true; https://img10.naventcdn.com/avisos/18/01/50/64/62/08/720x532/1623176332.jpg; https://img10.naventcdn.com/avisos/18/01/50/64/62/08/720x532/1623176342.jpg; https://img10.naventcdn.com/avisos/18/01/50/64/62/08/720x532/1623176333.jpg; https://img10.naventcdn.com/avisos/18/01/50/64/62/08/720x532/1623176336.jpg; https://img10.naventcdn.com/avisos/18/01/50/64/62/08/720x532/1623176328.jpg; https://img10.naventcdn.com/avisos/18/01/50/64/62/08/720x532/1623176343.jpg; https://img10.naventcdn.com/avisos/18/01/50/64/62/08/720x532/1623176341.jpg,Mexico,Quintana Roo,Tulum,20.1990089,-87.4787111,Rent
Paraiso Real Estate Tulum,https://www.inmuebles24.com/inmobiliarias/paraiso-real-estate-tulum_50310732-inmuebles.html,Inmuebles24 (via parse.bot API),https://www.inmuebles24.com/propiedades/clasificado/alclapin-depa-de-2-niveles-170-m-sup2--piscina-privada-en-149933225.html,Depa de 2 Niveles - 170 m&sup2; - Piscina Privada en La Veleta,Unknown,22000,MXN,2,3,193.0,m2,"Ph en 2 niveles, 170 m2 en Tulum zona La Veleta. Completamente amueblado. Nivel superior tiene 2 recamaras, cada una con su baño privado y smart Tv, ventana muy amplia, super luminoso. Primer nivel con cocina amplia, totalmente equipada, con comedor. Salon grande con sofa&#39; cama doble, baño completo y un amplia terraza con piscina privada. El condominio cuenta con Piscina grande en area comun, area solarium, barda electrica, seguridad 24h y estacionamiento. Renta largo plazo, incluye internet...",https://img10.naventcdn.com/avisos/18/01/49/93/32/25/720x532/1607877118.jpg?isFirstImage=true; https://img10.naventcdn.com/avisos/18/01/49/93/32/25/720x532/1607877122.jpg; https://img10.naventcdn.com/avisos/18/01/49/93/32/25/720x532/1607877111.jpg; https://img10.naventcdn.com/avisos/18/01/49/93/32/25/720x532/1607877108.jpg; https://img10.naventcdn.com/avisos/18/01/49/93/32/25/720x532/1607877119.jpg; https://img10.naventcdn.com/avisos/18/01/49/93/32/25/720x532/1607877109.jpg; https://img10.naventcdn.com/avisos/18/01/49/93/32/25/720x532/1607877114.jpg; https://img10.naventcdn.com/avisos/18/01/49/93/32/25/720x532/1607877120.jpg,Mexico,Quintana Roo,Tulum,20.2053752557,-87.4769526172,Rent
MICHELLE TERAN,https://www.inmuebles24.com/inmobiliarias/michelle-teran_103097997-inmuebles.html,Inmuebles24 (via parse.bot API),https://www.inmuebles24.com/propiedades/clasificado/alclappa-exclusivo-depto-vacacional-en-el-corazon-de-tulum-150324676.html,Exclusivo Depto Vacacional en El Corazón de Tulum,Condo/Apartment,1500,MXN,1,1,80.0,m2,Disfruta de una estancia inolvidable en este departamento Ubicado en un entorno seguro y tranquilo. Este hermoso departamento equipado con todo lo que necesitas para hacer de tus vacaciones algo inolvidable.,https://img10.naventcdn.com/avisos/18/01/50/32/46/76/720x532/1615813602.jpg?isFirstImage=true; https://img10.naventcdn.com/avisos/18/01/50/32/46/76/720x532/1615813595.jpg; https://img10.naventcdn.com/avisos/18/01/50/32/46/76/720x532/1615813603.jpg; https://img10.naventcdn.com/avisos/18/01/50/32/46/76/720x532/1615813604.jpg; https://img10.naventcdn.com/avisos/18/01/50/32/46/76/720x532/1615813598.jpg; https://img10.naventcdn.com/avisos/18/01/50/32/46/76/720x532/1615813596.jpg; https://img10.naventcdn.com/avisos/18/01/50/32/46/76/720x532/1615813597.jpg; https://img10.naventcdn.com/avisos/18/01/50/32/46/76/720x532/1615813605.jpg,Mexico,Quintana Roo,Tulum,20.2013855,-87.4747787,Rent
Paola Huerta - Realtor - Sales and Rentals,https://www.inmuebles24.com/inmobiliarias/paola-huerta-realtor-sales-and-rentals_102872515-inmuebles.html,Inmuebles24 (via parse.bot API),https://www.inmuebles24.com/propiedades/clasificado/alclapin-renta-a-largo-plazo-en-tulum-long-term-rental-tulum.-150057862.html,Renta a Largo Plazo en Tulum - Long Term Rental Tulum.,Unknown,16000,MXN,2,2,,m2,"Rentas A largo plazo en tulumpara atención personalizada contáctanos por WhatsApp a los siguientes números: Paola Huerta: +52 (5522 43 8797) y Ramón Capocchia +<span class='descripcionDatosAnunciante'><button class='btn btn-link js-verDatos' href='#'>Ver datos</button></span>) BienvenidoZama Towers, Aldea ZamáDepartamento de 2 recámaras y 2 baños completosSala y comedorCocina equipadaCentro de lavadoEl edificio tiene estacionamiento, recepción, elevador, seguridad 24h, alberca y palapa con barra...",https://img10.naventcdn.com/avisos/18/01/50/05/78/62/720x532/1610344142.jpg?isFirstImage=true; https://img10.naventcdn.com/avisos/18/01/50/05/78/62/720x532/1610344206.jpg; https://img10.naventcdn.com/avisos/18/01/50/05/78/62/720x532/1610344375.jpg; https://img10.naventcdn.com/avisos/18/01/50/05/78/62/720x532/1610344390.jpg; https://img10.naventcdn.com/avisos/18/01/50/05/78/62/720x532/1610344334.jpg; https://img10.naventcdn.com/avisos/18/01/50/05/78/62/720x532/1610344299.jpg; https://img10.naventcdn.com/avisos/18/01/50/05/78/62/720x532/1610344257.jpg; https://img10.naventcdn.com/avisos/18/01/50/05/78/62/720x532/1610343933.jpg,Mexico,Quintana Roo,Tulum,20.1997998,-87.454707,Rent
Paola Huerta - Realtor - Sales and Rentals,https://www.inmuebles24.com/inmobiliarias/paola-huerta-realtor-sales-and-rentals_102872515-inmuebles.html,Inmuebles24 (via parse.bot API),https://www.inmuebles24.com/propiedades/clasificado/alclapin-departamentorenta-a-largo-plazo-en-tulum-long-term-149722101.html,Departamentorenta a Largo Plazo en Tulum - Long Term Rental Tulum.,Unknown,22000,MXN,2,2,,m2,"Rentas A largo plazo en tulumpara atención personalizada contáctanos por WhatsApp a los siguientes números: Paola Huerta: +52 (5522 43 8797) y Ramon Capocchia +<span class='descripcionDatosAnunciante'><button class='btn btn-link js-verDatos' href='#'>Ver datos</button></span>) Parques, Aldea ZamáUbicado en primer nivel con alberquita2 recámaras y dos bañosTerraza ampliaSala cómoda con gran tvcocina equipadaExcelente conexión de WiFiAlberca, gimnasio, co working, billar y cineCosto mensual $22, 0...",https://img10.naventcdn.com/avisos/18/01/49/72/21/01/720x532/1603468526.jpg?isFirstImage=true; https://img10.naventcdn.com/avisos/18/01/49/72/21/01/720x532/1603468512.jpg; https://img10.naventcdn.com/avisos/18/01/49/72/21/01/720x532/1603468523.jpg; https://img10.naventcdn.com/avisos/18/01/49/72/21/01/720x532/1603468513.jpg; https://img10.naventcdn.com/avisos/18/01/49/72/21/01/720x532/1603468514.jpg; https://img10.naventcdn.com/avisos/18/01/49/72/21/01/720x532/1603468525.jpg; https://img10.naventcdn.com/avisos/18/01/49/72/21/01/720x532/1603468522.jpg; https://img10.naventcdn.com/avisos/18/01/49/72/21/01/720x532/1603468521.jpg,Mexico,Quintana Roo,Tulum,20.1972599,-87.4629898,Rent
Paraiso Real Estate Tulum,https://www.inmuebles24.com/inmobiliarias/paraiso-real-estate-tulum_50310732-inmuebles.html,Inmuebles24 (via parse.bot API),https://www.inmuebles24.com/propiedades/clasificado/alclapin--oportunidad-unica-para-inversionistas!-depto-samsara-150758525.html,"¡Oportunidad Unica Para Inversionistas! Depto Samsara, Parque Jaguar, 2 Rec",Condo/Apartment,28000,MXN,2,2,92.0,m2,"¡Invierte inteligentemente en Tulum! Departamento llave en mano con inquilino activo y un precio drásticamente por debajo del mercado. Ubicado en el cotizado desarrollo samsara, dentro de la codiciada zona del Parque Jaguar en Tulum, este departamento es la definición de una inversión altamente rentable. Con una valuación digital promedio en la zona de $351, 231 usd, esta unidad se ofrece en $250, 000 usd (Precio Tratable), garantizando una plusvalía inmediata y capitalización instantánea desde ...",https://img10.naventcdn.com/avisos/18/01/50/75/85/25/720x532/1624839276.jpg?isFirstImage=true; https://img10.naventcdn.com/avisos/18/01/50/75/85/25/720x532/1624839309.jpg; https://img10.naventcdn.com/avisos/18/01/50/75/85/25/720x532/1624839300.jpg; https://img10.naventcdn.com/avisos/18/01/50/75/85/25/720x532/1624839308.jpg; https://img10.naventcdn.com/avisos/18/01/50/75/85/25/720x532/1624839286.jpg; https://img10.naventcdn.com/avisos/18/01/50/75/85/25/720x532/1624839314.jpg; https://img10.naventcdn.com/avisos/18/01/50/75/85/25/720x532/1624839280.jpg; https://img10.naventcdn.com/avisos/18/01/50/75/85/25/720x532/1624839290.jpg,Mexico,Quintana Roo,Tulum,20.2085060586,-87.4455001226,Rent
OHANA Real Estate undefined,https://www.inmuebles24.com/inmobiliarias/ohana-real-estate-undefined_102368463-inmuebles.html,Inmuebles24 (via parse.bot API),https://www.inmuebles24.com/propiedades/clasificado/alclapin-departamento-en-renta-en-bahia-principe-143666307.html,Departamento en Renta en Bahia Principe,Condo/Apartment,18000,MXN,1,1,72.0,m2,Departamento en renta ubicado en tao Tulum Country ClubCaracteristicas- 1 habitación -1 baño Amenidades-Cuenta con terraza. -Área de alberca para adultos con área de asadores-Área de niños con albercaDoble seguridadPrecio de renta incluye mantenimientono mascotas,https://img10.naventcdn.com/avisos/18/01/43/66/63/07/720x532/1585312525.jpg?isFirstImage=true; https://img10.naventcdn.com/avisos/18/01/43/66/63/07/720x532/1464800946.jpg; https://img10.naventcdn.com/avisos/18/01/43/66/63/07/720x532/1585312536.jpg; https://img10.naventcdn.com/avisos/18/01/43/66/63/07/720x532/1585312537.jpg; https://img10.naventcdn.com/avisos/18/01/43/66/63/07/720x532/1585312533.jpg; https://img10.naventcdn.com/avisos/18/01/43/66/63/07/720x532/1464800910.jpg; https://img10.naventcdn.com/avisos/18/01/43/66/63/07/720x532/1585312534.jpg; https://img10.naventcdn.com/avisos/18/01/43/66/63/07/720x532/1585312535.jpg,Mexico,Quintana Roo,Tulum,20.3851731996,-87.3347975915,Rent
Carine Gebelin,https://www.inmuebles24.com/inmobiliarias/carine-gebelin_102417914-inmuebles.html,Inmuebles24 (via parse.bot API),https://www.inmuebles24.com/propiedades/clasificado/alclapin-dune-departamento-renta-1-recamara-la-veleta-149966749.html,"Dune, Departamento Renta, 1 Recamara La Veleta",Condo/Apartment,13500,MXN,1,1,54.0,m2,"Dune, Departamento En Renta, 1 Dormitorio La Veleta tu 386&quot;dune&quot; combina un hermoso diseño contemporáneo y acabados de alta gama. Una pequeña joya escondida entre la selva virgen y las impresionantes playas de Tulum. Contiene 6 apartamentos, una amplia zona de la piscina, un montón de palmeras. Cada unidad cuenta con cocinas totalmente equipadas, A / C inversor y zona de lavandería. La terraza tiene 2 amplias zonas privadas con cocina, sala de estar y piscina. Con hermosos acabados y u...",https://img10.naventcdn.com/avisos/18/01/49/96/67/49/720x532/1608564678.jpg?isFirstImage=true; https://img10.naventcdn.com/avisos/18/01/49/96/67/49/720x532/1608564545.jpg; https://img10.naventcdn.com/avisos/18/01/49/96/67/49/720x532/1608564830.jpg; https://img10.naventcdn.com/avisos/18/01/49/96/67/49/720x532/1608564811.jpg; https://img10.naventcdn.com/avisos/18/01/49/96/67/49/720x532/1608564599.jpg; https://img10.naventcdn.com/avisos/18/01/49/96/67/49/720x532/1608564743.jpg; https://img10.naventcdn.com/avisos/18/01/49/96/67/49/720x532/1608564620.jpg; https://img10.naventcdn.com/avisos/18/01/49/96/67/49/720x532/1608564660.jpg,Mexico,Quintana Roo,Tulum,20.1821024,-87.4653793,Rent
Blume Real Estate Riviera Maya,https://www.inmuebles24.com/inmobiliarias/blume-real-estate-riviera-maya_102625095-inmuebles.html,Inmuebles24 (via parse.bot API),https://www.inmuebles24.com/propiedades/clasificado/alclapin-departamento-la-veleta-149578500.html,Departamento - La Veleta,Condo/Apartment,13000,MXN,1,,40.0,m2,"Estudio con balcón en planta baja; ubicación privilegiada. Xiik Veleta Centro a una cuadra de calle 7 (Canova) Amueblado y equipado Cocina con barra de granito Estufa eléctrica Sofá cama Smart tv en sala que puede ser volteada a area del cuartoCama king size. Baño completo amplio. Balcón privado. Amenidades: Entrada a condominio con puerta código de seguridad. 2 Albercas en planta baja Elevador Gimnasio Co-WorkingRenta $ 13, 000 mensual con mmto incluidoLuz, agua e internet aparte",https://img10.naventcdn.com/avisos/18/01/49/57/85/00/720x532/1600465344.jpg?isFirstImage=true; https://img10.naventcdn.com/avisos/18/01/49/57/85/00/720x532/1600465331.jpg; https://img10.naventcdn.com/avisos/18/01/49/57/85/00/720x532/1600465330.jpg; https://img10.naventcdn.com/avisos/18/01/49/57/85/00/720x532/1600465326.jpg; https://img10.naventcdn.com/avisos/18/01/49/57/85/00/720x532/1600465335.jpg; https://img10.naventcdn.com/avisos/18/01/49/57/85/00/720x532/1600465328.jpg; https://img10.naventcdn.com/avisos/18/01/49/57/85/00/720x532/1600465341.jpg; https://img10.naventcdn.com/avisos/18/01/49/57/85/00/720x532/1600465327.jpg,Mexico,Quintana Roo,Tulum,20.2025963,-87.4727791,Rent
TULUM REALTORS SA de CV,https://www.inmuebles24.com/inmobiliarias/tulum-realtors-sa-de-cv_50146364-inmuebles.html,Inmuebles24 (via parse.bot API),https://www.inmuebles24.com/propiedades/clasificado/alclapin-estudio-en-renta-y-venta-en-tulum-la-veleta-qroo.-lb-145913734.html,Estudio en Renta y Venta en Tulum La Veleta Qroo. Lb 248,Unknown,13000,MXN,1,1,35.0,m2,"Descripción: Hermoso estudio moderno mezclado con la magia de la naturaleza, la paz y la comodidad, totalmente equipado y amueblado con terraza, dormitorio, área de tv, armario, barra cocina, alacena y baño completoPrecio: $13, 000 negociablesMedidas: 35. 89 m2Amenidades: Recepción, alberca, área social con asador, jungle gym, hamacas, área de bicicletas, lugar de estacionamiento para autos, cuarto de lavado, restaurante, zona de yoga, senderismo, miradores, jacuzzi, espacio de co-working y reun...",https://img10.naventcdn.com/avisos/18/01/45/91/37/34/720x532/1519108168.jpg?isFirstImage=true; https://img10.naventcdn.com/avisos/18/01/45/91/37/34/720x532/1519108174.jpg; https://img10.naventcdn.com/avisos/18/01/45/91/37/34/720x532/1519108166.jpg; https://img10.naventcdn.com/avisos/18/01/45/91/37/34/720x532/1519108165.jpg; https://img10.naventcdn.com/avisos/18/01/45/91/37/34/720x532/1519108163.jpg; https://img10.naventcdn.com/avisos/18/01/45/91/37/34/720x532/1519108164.jpg; https://img10.naventcdn.com/avisos/18/01/45/91/37/34/720x532/1519108162.jpg; https://img10.naventcdn.com/avisos/18/01/45/91/37/34/720x532/1519108169.jpg,Mexico,Quintana Roo,Tulum,20.2025963,-87.4727791,Rent
Tulum Rental Homes,https://www.inmuebles24.com/inmobiliarias/tulum-rental-homes_102640624-inmuebles.html,Inmuebles24 (via parse.bot API),https://www.inmuebles24.com/propiedades/clasificado/alclapin-departamento-en-tulum-149945239.html,Departamento en Tulum,Condo/Apartment,30000,MXN,3,3,,m2,"Edena by Tao #88Av. CobaCaracteristicas destacadas 3 amplias habitaciones con armarios 3 baños completos Cocina completa con horno y barra Lavasecadora privadaAire acondicionado y Smart Tv Alberca privadaJardin privado AmenidadesGym/ Fitness Room Alberca compara Salon de uso multiplecinecancha de basquetbolPrecio: $30, 000 mensuales + depósito + servicios. Internet y Mantenimiento incluido.",https://img10.naventcdn.com/avisos/18/01/49/94/52/39/720x532/1608136511.jpg?isFirstImage=true; https://img10.naventcdn.com/avisos/18/01/49/94/52/39/720x532/1608136640.jpg; https://img10.naventcdn.com/avisos/18/01/49/94/52/39/720x532/1608135599.jpg; https://img10.naventcdn.com/avisos/18/01/49/94/52/39/720x532/1608135034.jpg; https://img10.naventcdn.com/avisos/18/01/49/94/52/39/720x532/1608136739.jpg; https://img10.naventcdn.com/avisos/18/01/49/94/52/39/720x532/1608136608.jpg; https://img10.naventcdn.com/avisos/18/01/49/94/52/39/720x532/1608136126.jpg; https://img10.naventcdn.com/avisos/18/01/49/94/52/39/720x532/1608136499.jpg,Mexico,Quintana Roo,Tulum,20.2114185,-87.4653502,Rent
Tulum Rental Homes,https://www.inmuebles24.com/inmobiliarias/tulum-rental-homes_102640624-inmuebles.html,Inmuebles24 (via parse.bot API),https://www.inmuebles24.com/propiedades/clasificado/alclapin-adora-304-149546186.html,Adora 304,Unknown,22000,MXN,1,1,,m2,"Adora 301KukulkanCaracterísticas destacadasRecámara con closet1 Baño completoCocina equipada con hornoSala/comedorRefrigerador y Smart tvalberca privadaTerrazaAmenidadesAlberca compartidaSpaCenote naturalMiradorRestauranteRecepción 24 horasRenta: $22, 000 mensuales + deposito + servicios. $2, 500 mxn contrato/poliza. Incluye mantenimiento (hoa)",https://img10.naventcdn.com/avisos/18/01/49/54/61/86/720x532/1599737055.jpg?isFirstImage=true; https://img10.naventcdn.com/avisos/18/01/49/54/61/86/720x532/1599737039.jpg; https://img10.naventcdn.com/avisos/18/01/49/54/61/86/720x532/1599737038.jpg; https://img10.naventcdn.com/avisos/18/01/49/54/61/86/720x532/1599737041.jpg; https://img10.naventcdn.com/avisos/18/01/49/54/61/86/720x532/1599737043.jpg; https://img10.naventcdn.com/avisos/18/01/49/54/61/86/720x532/1599737058.jpg; https://img10.naventcdn.com/avisos/18/01/49/54/61/86/720x532/1599737062.jpg,Mexico,Quintana Roo,Tulum,20.1810567,-87.4702385,Rent
Tulum Rental Homes,https://www.inmuebles24.com/inmobiliarias/tulum-rental-homes_102640624-inmuebles.html,Inmuebles24 (via parse.bot API),https://www.inmuebles24.com/propiedades/clasificado/alclapin-departamento-en-coati-149546303.html,Departamento en Coati,Condo/Apartment,32000,MXN,3,3,154.0,m2,"Condominio coati #201Aldea ZamaCaracterísticas Destacadas3 Recamaras amplias con closet &amp;amp; sistema lock off3 Baños completosCocina equipada con horno &amp;amp; barra/comedorAmplia sala con tvLava secadoraBalconesAmenidadesAlberca compartidaPrecio: $32, 000 mxn mensuales + depósito + servicios + $2. 500 mxn contrato/póliza. Incluye mantenimiento (hoa)",https://img10.naventcdn.com/avisos/18/01/49/54/63/03/720x532/1599738963.jpg?isFirstImage=true; https://img10.naventcdn.com/avisos/18/01/49/54/63/03/720x532/1599738974.jpg; https://img10.naventcdn.com/avisos/18/01/49/54/63/03/720x532/1599738958.jpg; https://img10.naventcdn.com/avisos/18/01/49/54/63/03/720x532/1599738970.jpg; https://img10.naventcdn.com/avisos/18/01/49/54/63/03/720x532/1599738964.jpg; https://img10.naventcdn.com/avisos/18/01/49/54/63/03/720x532/1599738968.jpg; https://img10.naventcdn.com/avisos/18/01/49/54/63/03/720x532/1599738946.jpg; https://img10.naventcdn.com/avisos/18/01/49/54/63/03/720x532/1599738942.jpg,Mexico,Quintana Roo,Tulum,20.1997998,-87.454707,Rent
AH Bienes Raíces Mx ,https://www.inmuebles24.com/inmobiliarias/ah-bienes-raices-mx_102241764-inmuebles.html,Inmuebles24 (via parse.bot API),https://www.inmuebles24.com/propiedades/clasificado/alclapin-departamento-tulum-150435193.html,Departamento - Tulum,Condo/Apartment,5000,MXN,2,1,49.0,m2,"Depa renta en planta baja, ideal para vivir a largo plazo, hasta 5 personasAldea Tulum, Mz 24, Tulum, Quintana Rooincluye: -sofá cama-clóset-cama matrimonial-refri-lavadora-patio-cocinaDisponible para renta a un añoDepósito en garantía",https://img10.naventcdn.com/avisos/18/01/50/43/51/93/720x532/1618045341.jpg?isFirstImage=true; https://img10.naventcdn.com/avisos/18/01/50/43/51/93/720x532/1618045423.jpg; https://img10.naventcdn.com/avisos/18/01/50/43/51/93/720x532/1618045427.jpg; https://img10.naventcdn.com/avisos/18/01/50/43/51/93/720x532/1618045403.jpg; https://img10.naventcdn.com/avisos/18/01/50/43/51/93/720x532/1618045344.jpg; https://img10.naventcdn.com/avisos/18/01/50/43/51/93/720x532/1618045374.jpg; https://img10.naventcdn.com/avisos/18/01/50/43/51/93/720x532/1618045430.jpg; https://img10.naventcdn.com/avisos/18/01/50/43/51/93/720x532/1618045340.jpg,Mexico,Quintana Roo,Tulum,20.1961543616,-87.5297875894,Rent
Tulum Rental Homes,https://www.inmuebles24.com/inmobiliarias/tulum-rental-homes_102640624-inmuebles.html,Inmuebles24 (via parse.bot API),https://www.inmuebles24.com/propiedades/clasificado/alclapin-departamento-en-renta-la-veleta-tulum-q.-r.-149945392.html,"Departamento en Renta ""La Veleta"", Tulum, Q. R.",Condo/Apartment,17000,MXN,1,1,,m2,¡Explora La Veleta desde PalAlma Tierra #11! Apartamento Amueblado y EquipadoDescubre la comodidad de vivir en La Veleta con este encantador apartamento amueblado y equipado. Este espacio único te brinda la oportunidad de experimentar la esencia de Tulum de cerca. Características Destacadas1 espaciosa recámara1 baño completoCondominio con albercaRecepción y seguridad las 24 horasZonas verdesGimnasio7-Eleven debajo del condominioPrecio $17. 000 + depósito + servicios,https://img10.naventcdn.com/avisos/18/01/49/94/53/92/720x532/1608138139.jpg?isFirstImage=true; https://img10.naventcdn.com/avisos/18/01/49/94/53/92/720x532/1608138145.jpg; https://img10.naventcdn.com/avisos/18/01/49/94/53/92/720x532/1608138125.jpg; https://img10.naventcdn.com/avisos/18/01/49/94/53/92/720x532/1608138142.jpg; https://img10.naventcdn.com/avisos/18/01/49/94/53/92/720x532/1608138287.jpg; https://img10.naventcdn.com/avisos/18/01/49/94/53/92/720x532/1608138121.jpg; https://img10.naventcdn.com/avisos/18/01/49/94/53/92/720x532/1608138237.jpg; https://img10.naventcdn.com/avisos/18/01/49/94/53/92/720x532/1608138201.jpg,Mexico,Quintana Roo,Tulum,20.1989765267,-87.4716656931,Rent
Azaola Investment Hub,https://www.inmuebles24.com/inmobiliarias/azaola-investment-hub_102490945-inmuebles.html,Inmuebles24 (via parse.bot API),https://www.inmuebles24.com/propiedades/clasificado/alclapin-departamento-amueblado-en-venta-renta-en-tulum-144046903.html,Departamento Amueblado en Venta/renta en Tulum,Condo/Apartment,11500,MXN,1,1,52.0,m2,"Departamento en venta y renta, compeltamente equipado y amueblado, en region 15 en Tulum Q. Roo, ubicado a tan solo 10 minutos de las hermosas playas de Tulum y de la zona hotelera ademas ubicado estrategicamente a solo 10 minutos del centro de tulum, y tambien muy cerca del nuevo aeropuerto de Tulum, el departamento es totalmente nuevo y se encuentra en planta baja y tiene acceso directo a la alberca directamente desde la terraza de la recamara, el departamento esta ambientado con la atmosfera ...",https://img10.naventcdn.com/avisos/18/01/44/04/69/03/720x532/1474723417.jpg?isFirstImage=true; https://img10.naventcdn.com/avisos/18/01/44/04/69/03/720x532/1548941916.jpg; https://img10.naventcdn.com/avisos/18/01/44/04/69/03/720x532/1548941915.jpg; https://img10.naventcdn.com/avisos/18/01/44/04/69/03/720x532/1474723720.jpg; https://img10.naventcdn.com/avisos/18/01/44/04/69/03/720x532/1474723416.jpg; https://img10.naventcdn.com/avisos/18/01/44/04/69/03/720x532/1480643796.jpg; https://img10.naventcdn.com/avisos/18/01/44/04/69/03/720x532/1474723403.jpg; https://img10.naventcdn.com/avisos/18/01/44/04/69/03/720x532/1474723413.jpg,Mexico,Quintana Roo,Tulum,20.1860892,-87.4660981,Rent
Tulum Rental Homes,https://www.inmuebles24.com/inmobiliarias/tulum-rental-homes_102640624-inmuebles.html,Inmuebles24 (via parse.bot API),https://www.inmuebles24.com/propiedades/clasificado/alclapin-departamento-en-cacao-c302-estudio-ph-149546155.html,Departamento en Cacao C302 Estudio PH,Condo/Apartment,15000,MXN,,1,,m2,"Cacao C302 Estudio ph La veletaCaracterísticas destacadas1 amplio espacioCama queen size1 baño completoCocina completa con mesa y sillas. Rooftop privado con albercaAmenidades Alberca infinita en zona compartidaGymSala de yogaElevadoresEstacionamiento para auto, bici o moto. Precio: $15, 000 mxn por mes + depósito + $2, 500 mxn (póliza/contrato) Mantenimiento de áreas comunes incluido (hoa)",https://img10.naventcdn.com/avisos/18/01/49/54/61/55/720x532/1599736747.jpg?isFirstImage=true; https://img10.naventcdn.com/avisos/18/01/49/54/61/55/720x532/1599736745.jpg; https://img10.naventcdn.com/avisos/18/01/49/54/61/55/720x532/1599736697.jpg; https://img10.naventcdn.com/avisos/18/01/49/54/61/55/720x532/1599736739.jpg; https://img10.naventcdn.com/avisos/18/01/49/54/61/55/720x532/1599736737.jpg; https://img10.naventcdn.com/avisos/18/01/49/54/61/55/720x532/1599736731.jpg; https://img10.naventcdn.com/avisos/18/01/49/54/61/55/720x532/1599736729.jpg; https://img10.naventcdn.com/avisos/18/01/49/54/61/55/720x532/1599736725.jpg,Mexico,Quintana Roo,Tulum,20.2025963,-87.4727791,Rent
Caribbean Properties,https://www.inmuebles24.com/inmobiliarias/caribbean-properties_51237743-inmuebles.html,Inmuebles24 (via parse.bot API),https://www.inmuebles24.com/propiedades/clasificado/alclapin-departamento-xalet-totalmente-amueblado-150608168.html,Departamento Xalet Totalmente Amueblado,Penthouse,50000,MXN,3,3,218.0,m2,"Departamento 3 recámaras totalmente amuebladoestancia mínima de 1 añocaracterísticas: 3 recamaras3 bañosElevador (Penthouse tercer piso) Estacionamiento subterráneoSuperficie: 218 m2 (2, 346. 53 sq ft) Cuenta con internet, no tiene gas (estufa de inducción) Centro de lavadoBalcónTerraza privada en el lock off con asador y jacuzzi. Penthouse (la otra terraza está arriba y tiene jacuzzi y asador) Aire acondicionadoSe permiten mascotasTotalmente amuebladoMantenimiento incluido en la rentaAmenidades...",https://img10.naventcdn.com/avisos/18/01/50/60/81/68/720x532/1621761607.jpg?isFirstImage=true; https://img10.naventcdn.com/avisos/18/01/50/60/81/68/720x532/1621761917.jpg; https://img10.naventcdn.com/avisos/18/01/50/60/81/68/720x532/1621761687.jpg; https://img10.naventcdn.com/avisos/18/01/50/60/81/68/720x532/1621762031.jpg; https://img10.naventcdn.com/avisos/18/01/50/60/81/68/720x532/1621761870.jpg; https://img10.naventcdn.com/avisos/18/01/50/60/81/68/720x532/1621761741.jpg; https://img10.naventcdn.com/avisos/18/01/50/60/81/68/720x532/1621762044.jpg; https://img10.naventcdn.com/avisos/18/01/50/60/81/68/720x532/1621761771.jpg,Mexico,Quintana Roo,Tulum,20.2063602047,-87.4501933841,Rent
Playa del Carmen,https://www.inmuebles24.com/inmobiliarias/playa-del-carmen_51073636-inmuebles.html,Inmuebles24 (via parse.bot API),https://www.inmuebles24.com/propiedades/clasificado/alclapin-se-vende-estudio-con-plunge-pool-en-akua-reserve-145782969.html,"Se Vende Estudio con Plunge Pool en Akua Reserve, Aldea Zama, Tulum",Condo/Apartment,13000,MXN,1,1,35.0,m2,"Exclusivo Departamento con Plunge Pool en Akua Reserve, Aldea Zamá – Tulum Ubicado en Akua Reserve, dentro de la zona más exclusiva de Aldea Zamá, este departamento de 35 m² es una oportunidad única para quienes buscan un estilo de vida sofisticado en el destino más codiciado de la Riviera Maya. Diseñado para ofrecer una conexión armoniosa entre naturaleza y modernidad, cuenta con un balcón privado con plunge pool, perfecto para relajarse y disfrutar del entorno tropical de Tulum. Su diseño inte...",https://img10.naventcdn.com/avisos/18/01/45/78/29/69/720x532/1514341022.jpg?isFirstImage=true; https://img10.naventcdn.com/avisos/18/01/45/78/29/69/720x532/1514341019.jpg; https://img10.naventcdn.com/avisos/18/01/45/78/29/69/720x532/1514341011.jpg; https://img10.naventcdn.com/avisos/18/01/45/78/29/69/720x532/1514341014.jpg; https://img10.naventcdn.com/avisos/18/01/45/78/29/69/720x532/1514341018.jpg; https://img10.naventcdn.com/avisos/18/01/45/78/29/69/720x532/1514341012.jpg; https://img10.naventcdn.com/avisos/18/01/45/78/29/69/720x532/1514341021.jpg; https://img10.naventcdn.com/avisos/18/01/45/78/29/69/720x532/1514341023.jpg,Mexico,Quintana Roo,Tulum,20.196030563,-87.4633188195,Rent
Tulum Rental Homes,https://www.inmuebles24.com/inmobiliarias/tulum-rental-homes_102640624-inmuebles.html,Inmuebles24 (via parse.bot API),https://www.inmuebles24.com/propiedades/clasificado/alclapin-estudio-en-adora-av-kukulkan-149945227.html,"Estudio en Adora, Av Kukulkan",Unknown,16000,MXN,,1,,m2,"¡Bienvenido al Studio Adora 409! Ubicado sobre la Av. KukulkanCaracterísticas destacadas: Habitación amplia con armarioBaño completo con doble regaderaCocina completaComedor con tvbalcónHermosa vista de la selvaAmenidades: Alberca compartidaSpaCenoteMiradorRestauranteRecepción 24 horasPrecio: $16, 000 + deposito + luz. Incluye Mantenimiento",https://img10.naventcdn.com/avisos/18/01/49/94/52/27/720x532/1608133203.jpg?isFirstImage=true; https://img10.naventcdn.com/avisos/18/01/49/94/52/27/720x532/1608133343.jpg; https://img10.naventcdn.com/avisos/18/01/49/94/52/27/720x532/1608133254.jpg; https://img10.naventcdn.com/avisos/18/01/49/94/52/27/720x532/1608133540.jpg; https://img10.naventcdn.com/avisos/18/01/49/94/52/27/720x532/1608134079.jpg; https://img10.naventcdn.com/avisos/18/01/49/94/52/27/720x532/1608133458.jpg; https://img10.naventcdn.com/avisos/18/01/49/94/52/27/720x532/1608133385.jpg; https://img10.naventcdn.com/avisos/18/01/49/94/52/27/720x532/1608133416.jpg,Mexico,Quintana Roo,Tulum,20.1888306712,-87.4621060423,Rent
Sena Real Estate,https://www.inmuebles24.com/inmobiliarias/sena-real-estate_102572431-inmuebles.html,Inmuebles24 (via parse.bot API),https://www.inmuebles24.com/propiedades/clasificado/alclapin-renta-departamento-2-rec.-aldea-zama-tulum-149769211.html,Renta Departamento 2 Rec. Aldea Zama Tulum,Condo/Apartment,24000,MXN,2,2,,m2,"Departamento en Renta en Aldea Zama, Tulum$24, 000 mxn mensualesTotalmente amueblado y equipadoExcelente oportunidad de vivir en una de las zonas más exclusivas y con mayor plusvalía de Tulum. Aldea Zama ofrece una ubicación privilegiada, rodeada de naturaleza y con fácil acceso a la zona hotelera, restaurantes, cafés y playas del Caribe Mexicano. Características: 2 recámaras2 baños completosPlanta bajaSala y comedorCocina equipadaEquipado al 100%EstacionamientoAmenidades: AlbercaSeguridad 24/7I...",https://img10.naventcdn.com/avisos/18/01/49/76/92/11/720x532/1604379719.jpg?isFirstImage=true; https://img10.naventcdn.com/avisos/18/01/49/76/92/11/720x532/1604379543.jpg; https://img10.naventcdn.com/avisos/18/01/49/76/92/11/720x532/1604379818.jpg; https://img10.naventcdn.com/avisos/18/01/49/76/92/11/720x532/1604379340.jpg; https://img10.naventcdn.com/avisos/18/01/49/76/92/11/720x532/1604379620.jpg; https://img10.naventcdn.com/avisos/18/01/49/76/92/11/720x532/1604378634.jpg; https://img10.naventcdn.com/avisos/18/01/49/76/92/11/720x532/1604378731.jpg; https://img10.naventcdn.com/avisos/18/01/49/76/92/11/720x532/1604379225.jpg,Mexico,Quintana Roo,Tulum,20.1972599,-87.4629898,Rent
Tulum Rental Homes,https://www.inmuebles24.com/inmobiliarias/tulum-rental-homes_102640624-inmuebles.html,Inmuebles24 (via parse.bot API),https://www.inmuebles24.com/propiedades/clasificado/alclapin-anah-suites-c307-renta-150493507.html,Anah Suites - C307 — Renta,Condo/Apartment,30000,MXN,2,3,95.0,m2,"Imagina llegar a casa y sentir la brisa del Caribe filtrándose por las ventanas de tu departamento en Bahía Príncipe. Este es un espacio de 95 metros cuadrados bien distribuidos, con dos recámaras y tres baños completos que hacen la vida más cómoda. Está completamente amueblado y listo para que apenas desempaque tus cosas, porque aquí lo importante es que disfrutes desde el primer día. Anah Suites es el tipo de condominio donde la comunidad importa: rodeado de vida local, playas cercanas y esa v...",https://img10.naventcdn.com/avisos/18/01/50/49/35/07/720x532/1619216480.jpg?isFirstImage=true; https://img10.naventcdn.com/avisos/18/01/50/49/35/07/720x532/1619216462.jpg; https://img10.naventcdn.com/avisos/18/01/50/49/35/07/720x532/1619216434.jpg; https://img10.naventcdn.com/avisos/18/01/50/49/35/07/720x532/1619216422.jpg; https://img10.naventcdn.com/avisos/18/01/50/49/35/07/720x532/1619216431.jpg; https://img10.naventcdn.com/avisos/18/01/50/49/35/07/720x532/1619216424.jpg; https://img10.naventcdn.com/avisos/18/01/50/49/35/07/720x532/1619216488.jpg; https://img10.naventcdn.com/avisos/18/01/50/49/35/07/720x532/1619216421.jpg,Mexico,Quintana Roo,Tulum,20.2037163,-87.4514476,Rent
Julio Cesar,https://www.inmuebles24.com/inmobiliarias/julio-cesar_103119659-inmuebles.html,Inmuebles24 (via parse.bot API),https://www.inmuebles24.com/propiedades/clasificado/alclappa-aldea-savia-2-recamaras-y-2-banos-con-roof-privado-y-150703054.html,Aldea Savia 2 Recamaras y 2 Baños con Roof Privado y Seguridad 24/7,Condo/Apartment,17500,MXN,2,2,134.0,m2,"*English version below* Cod: <span class='descripcionDatosAnunciante'><button class='btn btn-link js-verDatos' href='#'>Ver datos</button></span>. Departamento de 134 m² en Aldea Savia 2, Tulum, ideal para quienes buscan comodidad, seguridad y un entorno comunitario con múltiples amenidades. La unidad cuenta con 2 recámaras, 2 baños completos, terraza y roof privado. Incluye cocina integral, área de lavado y 1 lugar de estacionamiento exclusivo. Se entrega sin muebles, con aires acondicionados i...",https://img10.naventcdn.com/avisos/18/01/50/70/30/54/720x532/1623707748.jpg?isFirstImage=true; https://img10.naventcdn.com/avisos/18/01/50/70/30/54/720x532/1623707742.jpg; https://img10.naventcdn.com/avisos/18/01/50/70/30/54/720x532/1623707745.jpg; https://img10.naventcdn.com/avisos/18/01/50/70/30/54/720x532/1623707741.jpg; https://img10.naventcdn.com/avisos/18/01/50/70/30/54/720x532/1623715925.jpg; https://img10.naventcdn.com/avisos/18/01/50/70/30/54/720x532/1623707749.jpg; https://img10.naventcdn.com/avisos/18/01/50/70/30/54/720x532/1624809583.jpg; https://img10.naventcdn.com/avisos/18/01/50/70/30/54/720x532/1624809585.jpg,Mexico,Quintana Roo,Tulum,20.211325554553778,-87.47952083558472,Rent
AH Bienes Raíces Mx ,https://www.inmuebles24.com/inmobiliarias/ah-bienes-raices-mx_102241764-inmuebles.html,Inmuebles24 (via parse.bot API),https://www.inmuebles24.com/propiedades/clasificado/alclapin-departamento-tulum-148655095.html,Departamento - Tulum,Condo/Apartment,11500,MXN,2,1,71.0,m2,"Se renta departamento de 2 habitaciones, una con cama qeen size, y la segunda con dos vamas amueblado y equipado de 2 recamaras en cuarto nivel (una recamara ya esta ocupada) Este departamento esta ubicado en el interior de la privada Aldea Tulum Plus a 8 minutos del Centro de Tulum y a 15 minutos del aeropuerto. Es una zona ideal para vivir ya que cuenta con todos los servicios, transporte y tiendas. La privada cuenta con areas comunes como: -alberca privada -acceso controlado y seguridad -cajo...",https://img10.naventcdn.com/avisos/18/01/48/65/50/95/720x532/1581603659.jpg?isFirstImage=true; https://img10.naventcdn.com/avisos/18/01/48/65/50/95/720x532/1581603650.jpg; https://img10.naventcdn.com/avisos/18/01/48/65/50/95/720x532/1581603655.jpg; https://img10.naventcdn.com/avisos/18/01/48/65/50/95/720x532/1581603644.jpg; https://img10.naventcdn.com/avisos/18/01/48/65/50/95/720x532/1581603658.jpg; https://img10.naventcdn.com/avisos/18/01/48/65/50/95/720x532/1581603653.jpg; https://img10.naventcdn.com/avisos/18/01/48/65/50/95/720x532/1581603648.jpg; https://img10.naventcdn.com/avisos/18/01/48/65/50/95/720x532/1581603660.jpg,Mexico,Quintana Roo,Tulum,20.1937272,-87.5304819,Rent
Tulum Rental Homes,https://www.inmuebles24.com/inmobiliarias/tulum-rental-homes_102640624-inmuebles.html,Inmuebles24 (via parse.bot API),https://www.inmuebles24.com/propiedades/clasificado/alclapin-zambo-luum-zama-101-renta-150360837.html,Zambo - Luum Zama - 101 — Renta,Condo/Apartment,25000,MXN,2,2,105.0,m2,"Departamento en Aldea Zamá, TulumDiseñado para quienes buscan una residencia contemporánea en el corazón de Tulum, este departamento de dos recámaras y dos baños completos ofrece 105 metros cuadrados de espacios cuidadosamente distribuidos. Ubicado en Zambo—Luum Zama, el proyecto se posiciona dentro de Aldea Zamá, una comunidad pensada para habitantes que valoran el equilibrio entre accesibilidad y serenidad. El inmueble llega completamente amueblado, eliminando los trámites de equipamiento y pe...",https://img10.naventcdn.com/avisos/18/01/50/36/08/37/720x532/1616565866.jpg?isFirstImage=true; https://img10.naventcdn.com/avisos/18/01/50/36/08/37/720x532/1616565874.jpg; https://img10.naventcdn.com/avisos/18/01/50/36/08/37/720x532/1616565856.jpg; https://img10.naventcdn.com/avisos/18/01/50/36/08/37/720x532/1616565864.jpg; https://img10.naventcdn.com/avisos/18/01/50/36/08/37/720x532/1616565862.jpg; https://img10.naventcdn.com/avisos/18/01/50/36/08/37/720x532/1616565872.jpg; https://img10.naventcdn.com/avisos/18/01/50/36/08/37/720x532/1616565863.jpg; https://img10.naventcdn.com/avisos/18/01/50/36/08/37/720x532/1616565861.jpg,Mexico,Quintana Roo,Tulum,20.2020697,-87.4535963,Rent
JACQUELINE CHAVEZ RICO,https://www.inmuebles24.com/inmobiliarias/jacqueline-chavez-rico_102570516-inmuebles.html,Inmuebles24 (via parse.bot API),https://www.inmuebles24.com/propiedades/clasificado/alclappa-hermoso-departamento-nuevo-amueblado-y-equipado.-143762088.html,"Hermoso Departamento Nuevo, Amueblado y Equipado.",Condo/Apartment,8500,MXN,2,1,72.0,m2,"Súper promoción! Se renta departamento hermoso, nuevo y amueblado. 72 mt2. Balcón. 2 Recámaras. 1 Baño completo. 1 Estacionamiento. Sala comedor. Cocina integral con estufa de 6 quemadores y refrigerador grande. Cuarto de lavar. Aire Acondicionado en la sala y en la habitación principal. Ventilador de Techo en la sala. 1 Cama Queen Size en la habitación principal. 2 Camas individuales en la habitación secundaria. 1 Sofácama full size en la sala. Comedor con 4 sillas. Closets abiertos en ambas ha...",https://img10.naventcdn.com/avisos/18/01/43/76/20/88/720x532/1467038844.jpg?isFirstImage=true; https://img10.naventcdn.com/avisos/18/01/43/76/20/88/720x532/1467038837.jpg; https://img10.naventcdn.com/avisos/18/01/43/76/20/88/720x532/1467038840.jpg; https://img10.naventcdn.com/avisos/18/01/43/76/20/88/720x532/1467038842.jpg; https://img10.naventcdn.com/avisos/18/01/43/76/20/88/720x532/1467038838.jpg; https://img10.naventcdn.com/avisos/18/01/43/76/20/88/720x532/1467038843.jpg; https://img10.naventcdn.com/avisos/18/01/43/76/20/88/720x532/1467038834.jpg; https://img10.naventcdn.com/avisos/18/01/43/76/20/88/720x532/1467038841.jpg,Mexico,Quintana Roo,Tulum,20.193435602340543,-87.53083562911377,Rent
KW RIVIERA MAYA,https://www.inmuebles24.com/inmobiliarias/kw-riviera-maya_102886263-inmuebles.html,Inmuebles24 (via parse.bot API),https://www.inmuebles24.com/propiedades/clasificado/alclapin-ph-en-renta-2-recamaras-aldea-zama-skyline-tulum-150152742.html,PH en Renta 2 Recamaras Aldea Zama - Skyline Tulum,Condo/Apartment,25000,MXN,2,2,84.0,m2,"Pent house en Renta de 2 recamaras, amueblado y equipado en ubicado en la zona comercial de aldea zama tulum. La distribución del departamento cuenta con 2 recámaras amuebladas con sus cortinas interiores y espacio decloset, cada una con su baño, ambiente de sala comedor, cocina integral equipada con estufa a gas, su refrigerador y su campana y área de lavado con su lavadora. El condominio skyline tulum está integrada por 4 pent houses y 3 locales comerciales, Su diseño arquitectónico fue pensad...",https://img10.naventcdn.com/avisos/18/01/50/15/27/42/720x532/1612257377.jpg?isFirstImage=true; https://img10.naventcdn.com/avisos/18/01/50/15/27/42/720x532/1612257912.jpg; https://img10.naventcdn.com/avisos/18/01/50/15/27/42/720x532/1612257836.jpg; https://img10.naventcdn.com/avisos/18/01/50/15/27/42/720x532/1612257565.jpg; https://img10.naventcdn.com/avisos/18/01/50/15/27/42/720x532/1612256557.jpg; https://img10.naventcdn.com/avisos/18/01/50/15/27/42/720x532/1612256606.jpg; https://img10.naventcdn.com/avisos/18/01/50/15/27/42/720x532/1612256667.jpg; https://img10.naventcdn.com/avisos/18/01/50/15/27/42/720x532/1612258060.jpg,Mexico,Quintana Roo,Tulum,20.19993979958238,-87.46259400108032,Rent
Paola Huerta - Realtor - Sales and Rentals,https://www.inmuebles24.com/inmobiliarias/paola-huerta-realtor-sales-and-rentals_102872515-inmuebles.html,Inmuebles24 (via parse.bot API),https://www.inmuebles24.com/propiedades/clasificado/alclapin-renta-a-largo-plazo-en-tulum-long-term-rental-tulum-150050096.html,Renta a Largo Plazo en Tulum - Long Term Rental Tulum,Condo/Apartment,20000,MXN,2,2,,m2,"Rentas A largo plazo en tulumpara atención personalizada contáctanos por WhatsApp a los siguientes números: Paola Huerta: +52 (5522 43 8797) y Ramón Capocchia +<span class='descripcionDatosAnunciante'><button class='btn btn-link js-verDatos' href='#'>Ver datos</button></span>) Bienvenido a este lujoso departamento, muy cómodo y luminoso. Dolce Vita, Aldea ZamáUbicado en planta baja. Lujoso y amplio departamento de dos habitaciones y dos baños completosEspacio de sala, comedor y cocina de buen ta...",https://img10.naventcdn.com/avisos/18/01/50/05/00/96/720x532/1610199249.jpg?isFirstImage=true; https://img10.naventcdn.com/avisos/18/01/50/05/00/96/720x532/1610199243.jpg; https://img10.naventcdn.com/avisos/18/01/50/05/00/96/720x532/1610199239.jpg; https://img10.naventcdn.com/avisos/18/01/50/05/00/96/720x532/1610199237.jpg; https://img10.naventcdn.com/avisos/18/01/50/05/00/96/720x532/1610199235.jpg; https://img10.naventcdn.com/avisos/18/01/50/05/00/96/720x532/1610199232.jpg; https://img10.naventcdn.com/avisos/18/01/50/05/00/96/720x532/1610199248.jpg; https://img10.naventcdn.com/avisos/18/01/50/05/00/96/720x532/1610199234.jpg,Mexico,Quintana Roo,Tulum,20.1997998,-87.454707,Rent
Sunna Real Estate,https://www.inmuebles24.com/inmobiliarias/sunna-real-estate_102829561-inmuebles.html,Inmuebles24 (via parse.bot API),https://www.inmuebles24.com/propiedades/clasificado/alclapin-departamento-en-aldea-zama-de-2-recamaras-totalmente-147284746.html,"Departamento en Aldea Zama de 2 Recamaras, Totalmente Amueblado y Equipado en Venta",Condo/Apartment,22000,MXN,2,2,105.0,m2,"El estilo de este departmento es una reinterpretación de la arquitectura de las épocas dorada de Acapulco en los años 30’s, donde emerge como uno de los destinos internacionales de playa con más afluencia y fama. En este estilo predominan los espacios abiertos con ventilaciones, las terrazas, las celosías y el uso de materiales de la región. En tiempos en los que nos hemos acostumbrado a vivir encerrados, aislados del exterior, este diseño viene a romper con ese paradigma, adaptándose a la nueva...",https://img10.naventcdn.com/avisos/18/01/47/28/47/46/720x532/1552601070.jpg?isFirstImage=true; https://img10.naventcdn.com/avisos/18/01/47/28/47/46/720x532/1552601071.jpg; https://img10.naventcdn.com/avisos/18/01/47/28/47/46/720x532/1552601080.jpg; https://img10.naventcdn.com/avisos/18/01/47/28/47/46/720x532/1552601078.jpg; https://img10.naventcdn.com/avisos/18/01/47/28/47/46/720x532/1552601072.jpg; https://img10.naventcdn.com/avisos/18/01/47/28/47/46/720x532/1552601076.jpg; https://img10.naventcdn.com/avisos/18/01/47/28/47/46/720x532/1552601075.jpg; https://img10.naventcdn.com/avisos/18/01/47/28/47/46/720x532/1552601079.jpg,Mexico,Quintana Roo,Tulum,20.2029815559,-87.4605649445,Rent
Concepto Inmobiliario,https://www.inmuebles24.com/inmobiliarias/concepto-inmobiliario_102796299-inmuebles.html,Inmuebles24 (via parse.bot API),https://www.inmuebles24.com/propiedades/clasificado/alclapin-departamento-en-tulum-147750247.html,Departamento en Tulum,Condo/Apartment,20000,MXN,,2,,m2,"Hermoso proyecto de departamentos con una excelente ubicación en calle Cobá Norte A tan solo unos minutos de la playa de Tulúm. El edificio consta de dos torres, lobby climatizado, alberca y área de asoleaderos, gimnasio un área de laundry y elevadores. Estacionamiento abiertoDepartamento A: 2 Recámaras2 baños cpmpletoscocina equipadasala con sofá camaac y VentiladoresCompletamente amueblado y equipado con finos detalles Nivel 2Departamento B:: 2 Recámaras2 baños cpmpletoscocina equipadasala con...",https://img10.naventcdn.com/avisos/18/01/47/75/02/47/720x532/1615513608.jpg?isFirstImage=true; https://img10.naventcdn.com/avisos/18/01/47/75/02/47/720x532/1615513566.jpg; https://img10.naventcdn.com/avisos/18/01/47/75/02/47/720x532/1615513529.jpg; https://img10.naventcdn.com/avisos/18/01/47/75/02/47/720x532/1615513670.jpg; https://img10.naventcdn.com/avisos/18/01/47/75/02/47/720x532/1615513508.jpg; https://img10.naventcdn.com/avisos/18/01/47/75/02/47/720x532/1615513579.jpg; https://img10.naventcdn.com/avisos/18/01/47/75/02/47/720x532/1615513643.jpg; https://img10.naventcdn.com/avisos/18/01/47/75/02/47/720x532/1615513539.jpg,Mexico,Quintana Roo,Tulum,20.2208532,-87.4554771,Rent
Paola Huerta - Realtor - Sales and Rentals,https://www.inmuebles24.com/inmobiliarias/paola-huerta-realtor-sales-and-rentals_102872515-inmuebles.html,Inmuebles24 (via parse.bot API),https://www.inmuebles24.com/propiedades/clasificado/alclapin-renta-a-largo-plazo-en-tulum-long-term-rental-tulum.-150657639.html,Renta a Largo Plazo en Tulum - Long Term Rental Tulum.,Condo/Apartment,38000,MXN,2,2,,m2,"Rentas A largo plazo en tulumpara atención personalizada contáctanos por WhatsApp a los siguientes números: Paola Huerta: +52 (5522 43 8797) y Ramón Capocchia +<span class='descripcionDatosAnunciante'><button class='btn btn-link js-verDatos' href='#'>Ver datos</button></span>) Bienvenido a este lindo departamento ubicado en: Sundara, Aldea Zamá TulumTiene 2 recámaras y 3 bañosClosets ampliosCocina amplia, con barra y hornoSala y comedor con mucha luzSala de estar con roof top y alberca privadaAc...",https://img10.naventcdn.com/avisos/18/01/50/65/76/39/720x532/1622770679.jpg?isFirstImage=true; https://img10.naventcdn.com/avisos/18/01/50/65/76/39/720x532/1622770671.jpg; https://img10.naventcdn.com/avisos/18/01/50/65/76/39/720x532/1622770666.jpg; https://img10.naventcdn.com/avisos/18/01/50/65/76/39/720x532/1622770669.jpg; https://img10.naventcdn.com/avisos/18/01/50/65/76/39/720x532/1622770675.jpg; https://img10.naventcdn.com/avisos/18/01/50/65/76/39/720x532/1622770667.jpg; https://img10.naventcdn.com/avisos/18/01/50/65/76/39/720x532/1622770665.jpg; https://img10.naventcdn.com/avisos/18/01/50/65/76/39/720x532/1622770663.jpg,Mexico,Quintana Roo,Tulum,20.1997998,-87.454707,Rent
Tulum Rental Homes,https://www.inmuebles24.com/inmobiliarias/tulum-rental-homes_102640624-inmuebles.html,Inmuebles24 (via parse.bot API),https://www.inmuebles24.com/propiedades/clasificado/alclapin-edena-by-tao-149945242.html,Edena By Tao,Unknown,28000,MXN,2,2,,m2,"Edena by tao #46 Av. CobaCaracterísticas destacadas 2 Recamaras amplias con closet2 Baños completosCocina equipada con horno y barraSala con tvcuarto de lavadoVentiladores de techo &amp;amp; A/calberca privadaJardin privadoTerrazaEstacionamiento privadoAmenidadesGym/ Fitness RoomAlberca compartidaSalón de uso múltiplecinecancha de basquetbolPrecio: $28, 000 mxn mensuales + depósito + servicios. $2, 500 mxn contrato/póliza. Mantenimiento incluido.",https://img10.naventcdn.com/avisos/18/01/49/94/52/42/720x532/1608136423.jpg?isFirstImage=true; https://img10.naventcdn.com/avisos/18/01/49/94/52/42/720x532/1608136649.jpg; https://img10.naventcdn.com/avisos/18/01/49/94/52/42/720x532/1608136797.jpg; https://img10.naventcdn.com/avisos/18/01/49/94/52/42/720x532/1608136633.jpg; https://img10.naventcdn.com/avisos/18/01/49/94/52/42/720x532/1608136815.jpg; https://img10.naventcdn.com/avisos/18/01/49/94/52/42/720x532/1608135865.jpg; https://img10.naventcdn.com/avisos/18/01/49/94/52/42/720x532/1608136304.jpg; https://img10.naventcdn.com/avisos/18/01/49/94/52/42/720x532/1608136742.jpg,Mexico,Quintana Roo,Tulum,20.2369177916,-87.4597249784,Rent
Paola Huerta - Realtor - Sales and Rentals,https://www.inmuebles24.com/inmobiliarias/paola-huerta-realtor-sales-and-rentals_102872515-inmuebles.html,Inmuebles24 (via parse.bot API),https://www.inmuebles24.com/propiedades/clasificado/alclapin-renta-a-largo-plazo-en-tulum-long-term-rental-tulum.-150058652.html,Renta a Largo Plazo en Tulum - Long Term Rental Tulum.,Condo/Apartment,18000,MXN,2,2,,m2,"Rentas A largo plazo en tulumpara atención personalizada contáctanos por WhatsApp a los siguientes números: Paola Huerta: +52 (5522 43 8797) y Ramón Capocchia +<span class='descripcionDatosAnunciante'><button class='btn btn-link js-verDatos' href='#'>Ver datos</button></span>) BienvenidoDolce Vita, Aldea ZamáUbicado en planta baja. Lujoso y amplio departamento de dos habitaciones y dos baños completosEspacio de sala, comedor y cocina de buen tamaño. Solo con equipamiento (aires acondicionados, e...",https://img10.naventcdn.com/avisos/18/01/50/05/86/52/720x532/1610359761.jpg?isFirstImage=true; https://img10.naventcdn.com/avisos/18/01/50/05/86/52/720x532/1610359768.jpg; https://img10.naventcdn.com/avisos/18/01/50/05/86/52/720x532/1610359786.jpg; https://img10.naventcdn.com/avisos/18/01/50/05/86/52/720x532/1610359771.jpg; https://img10.naventcdn.com/avisos/18/01/50/05/86/52/720x532/1610359773.jpg; https://img10.naventcdn.com/avisos/18/01/50/05/86/52/720x532/1610359781.jpg; https://img10.naventcdn.com/avisos/18/01/50/05/86/52/720x532/1610359784.jpg; https://img10.naventcdn.com/avisos/18/01/50/05/86/52/720x532/1610359779.jpg,Mexico,Quintana Roo,Tulum,20.1972599,-87.4629898,Rent
Giovani Torres,https://www.inmuebles24.com/inmobiliarias/giovani-torres_102772476-inmuebles.html,Inmuebles24 (via parse.bot API),https://www.inmuebles24.com/propiedades/clasificado/alclappa-se-renta-departamento-150337177.html,Se Renta Departamento,Condo/Apartment,5000,MXN,2,1,425.0,m2,Se renta bonito departamento listo para ocupar. Servicios. •alberca. •asador. •pet park. Esta súper equipada. •refrigerador. •lavadora. •aire acondicionado. • cocina integral,https://img10.naventcdn.com/avisos/18/01/50/33/71/77/720x532/1616070061.jpg?isFirstImage=true; https://img10.naventcdn.com/avisos/18/01/50/33/71/77/720x532/1616070058.jpg; https://img10.naventcdn.com/avisos/18/01/50/33/71/77/720x532/1616070054.jpg; https://img10.naventcdn.com/avisos/18/01/50/33/71/77/720x532/1616070055.jpg; https://img10.naventcdn.com/avisos/18/01/50/33/71/77/720x532/1616070056.jpg; https://img10.naventcdn.com/avisos/18/01/50/33/71/77/720x532/1616070052.jpg; https://img10.naventcdn.com/avisos/18/01/50/33/71/77/720x532/1616070059.jpg; https://img10.naventcdn.com/avisos/18/01/50/33/71/77/720x532/1616070049.jpg,Mexico,Quintana Roo,Tulum,20.191994803970957,-87.53345218018504,Rent
Margin Realtors,https://www.inmuebles24.com/inmobiliarias/margin-realtors_50901791-inmuebles.html,Inmuebles24 (via parse.bot API),https://www.inmuebles24.com/propiedades/clasificado/alclapin-departamento-tulum-149810443.html,Departamento - Tulum,Condo/Apartment,18000,MXN,2,2,,m2,"Rdagirotutarenta departamento amueblado en aldea zama tulum de 2 recamarasdisfruta de de tulum desde este apartamento privado moderno ubicado en aldea zama, A solo 5 minutos de la pplaya Y ciudad en coche Y A 3 minutos del supermercado mas grande dela zona! caracteristicas del departamento: capacidad para 4 personasincluye: wifiaire acondicionado2 bañosubicación: A solo 5 minutos del centro Y de las mejores playas de tulum! servicios: * increíble piscina de diseño (compartida). * internet inhala...",https://img10.naventcdn.com/avisos/18/01/49/81/04/43/720x532/1605362702.jpg?isFirstImage=true; https://img10.naventcdn.com/avisos/18/01/49/81/04/43/720x532/1605362554.jpg; https://img10.naventcdn.com/avisos/18/01/49/81/04/43/720x532/1605362670.jpg; https://img10.naventcdn.com/avisos/18/01/49/81/04/43/720x532/1605362642.jpg; https://img10.naventcdn.com/avisos/18/01/49/81/04/43/720x532/1605362739.jpg; https://img10.naventcdn.com/avisos/18/01/49/81/04/43/720x532/1605362591.jpg; https://img10.naventcdn.com/avisos/18/01/49/81/04/43/720x532/1605362630.jpg; https://img10.naventcdn.com/avisos/18/01/49/81/04/43/720x532/1605362679.jpg,Mexico,Quintana Roo,Tulum,20.1895109,-87.526835,Rent
Paola Huerta - Realtor - Sales and Rentals,https://www.inmuebles24.com/inmobiliarias/paola-huerta-realtor-sales-and-rentals_102872515-inmuebles.html,Inmuebles24 (via parse.bot API),https://www.inmuebles24.com/propiedades/clasificado/alclapin-renta-a-largo-plazo-en-tulum-long-term-rental-tulum-149768064.html,Renta a Largo Plazo en Tulum - Long Term Rental Tulum,Unknown,11500,MXN,1,1,,m2,"Rentas A largo plazo en tulumpara atención personalizada contáctanos por WhatsApp a los siguientes números: Paola Huerta: +52 (5522 43 8797) y Ramon Capocchia +<span class='descripcionDatosAnunciante'><button class='btn btn-link js-verDatos' href='#'>Ver datos</button></span>) renta estudio mono ambientelik, Aldea ZamáBienvenidoMuy AmplioUbicado en 2nd pisoUna recámara amplia y con clóset. Baño completo. Sofá cómodoCocina equipada y barraLava secadoraCondominio tranquilo y seguroAlberca en roof ...",https://img10.naventcdn.com/avisos/18/01/49/76/80/64/720x532/1604364046.jpg?isFirstImage=true; https://img10.naventcdn.com/avisos/18/01/49/76/80/64/720x532/1604364047.jpg; https://img10.naventcdn.com/avisos/18/01/49/76/80/64/720x532/1604364069.jpg; https://img10.naventcdn.com/avisos/18/01/49/76/80/64/720x532/1604364068.jpg; https://img10.naventcdn.com/avisos/18/01/49/76/80/64/720x532/1604364064.jpg; https://img10.naventcdn.com/avisos/18/01/49/76/80/64/720x532/1604364066.jpg; https://img10.naventcdn.com/avisos/18/01/49/76/80/64/720x532/1604364067.jpg; https://img10.naventcdn.com/avisos/18/01/49/76/80/64/720x532/1604364065.jpg,Mexico,Quintana Roo,Tulum,20.1972599,-87.4629898,Rent
TULUX PROPIEDADES,https://www.inmuebles24.com/inmobiliarias/tulux-propiedades_102405771-inmuebles.html,Inmuebles24 (via parse.bot API),https://www.inmuebles24.com/propiedades/clasificado/alclapin-departamento-en-palalma-tierra-tulum-150780106.html,"Departamento en Palalma Tierra, Tulum",Condo/Apartment,13000,MXN,1,1,,m2,"Departamento en renta en tulum – palalma tierradepartamento en planta baja ubicado en Palalma Tierra, Región 15, con fácil acceso a las playas, restaurantes y principales atractivos de Tulum. La recámara dispone de baño privado y amplio clóset. Ofrece sala-comedor de concepto abierto, cocina moderna equipada, aire acondicionado e internet de alta velocidad. En el exterior encontrarás jardín y alberca privada, ideales para disfrutar del clima de Tulum. También incluye estacionamiento asignado. Am...",https://img10.naventcdn.com/avisos/18/01/50/78/01/06/720x532/1625297482.jpg?isFirstImage=true; https://img10.naventcdn.com/avisos/18/01/50/78/01/06/720x532/1625297457.jpg; https://img10.naventcdn.com/avisos/18/01/50/78/01/06/720x532/1625297484.jpg; https://img10.naventcdn.com/avisos/18/01/50/78/01/06/720x532/1625297474.jpg; https://img10.naventcdn.com/avisos/18/01/50/78/01/06/720x532/1625297492.jpg; https://img10.naventcdn.com/avisos/18/01/50/78/01/06/720x532/1625297467.jpg; https://img10.naventcdn.com/avisos/18/01/50/78/01/06/720x532/1625297465.jpg; https://img10.naventcdn.com/avisos/18/01/50/78/01/06/720x532/1625297463.jpg,Mexico,Quintana Roo,Tulum,20.1987574,-87.4723063,Rent
Tulum Rental Homes,https://www.inmuebles24.com/inmobiliarias/tulum-rental-homes_102640624-inmuebles.html,Inmuebles24 (via parse.bot API),https://www.inmuebles24.com/propiedades/clasificado/alclapin-departamento-en-region-15-kukulcan-149945226.html,Departamento en Region 15 Kukulcan,Condo/Apartment,18000,MXN,,1,45.0,m2,"¡Vive el lujo en el Condominio Adora #04! Estudio Lujoso Disponible #04 Características Destacadas Estudio lujoso con estilo boho 1 recámara super amplia Cocina con parrilla y tarja 45m² de espacio interior Baño completo Estacionamiento subterráneo Tina de piedra tallada Gimnasio para mantenerte en forma Temazcal y cenote para relajarte Alberca común súper amplia Recepción y seguridad las 24 horas Todo esto por un precio mensual de $18, 000 más depósito. Incluye mantenimiento e internet para que...",https://img10.naventcdn.com/avisos/18/01/49/94/52/26/720x532/1608133029.jpg?isFirstImage=true; https://img10.naventcdn.com/avisos/18/01/49/94/52/26/720x532/1608133121.jpg; https://img10.naventcdn.com/avisos/18/01/49/94/52/26/720x532/1608133146.jpg; https://img10.naventcdn.com/avisos/18/01/49/94/52/26/720x532/1608133098.jpg; https://img10.naventcdn.com/avisos/18/01/49/94/52/26/720x532/1608133195.jpg; https://img10.naventcdn.com/avisos/18/01/49/94/52/26/720x532/1608133170.jpg; https://img10.naventcdn.com/avisos/18/01/49/94/52/26/720x532/1608133061.jpg; https://img10.naventcdn.com/avisos/18/01/49/94/52/26/720x532/1608133079.jpg,Mexico,Quintana Roo,Tulum,20.2148814,-87.4674116,Rent
Erika Medina,https://www.inmuebles24.com/inmobiliarias/erika-medina_103042532-inmuebles.html,Inmuebles24 (via parse.bot API),https://www.inmuebles24.com/propiedades/clasificado/alclappa-hermoso-departamento-a-estrenar-150635395.html,Hermoso Departamento a Estrenar,Condo/Apartment,13500,MXN,1,1,53.0,m2,"Aracterísticas principales. ️ 1 recámara amplia. 1 baño completo. ️ Cocina equipada y comedor. ️ Semi amueblado. Vista a la alberca. Amenidades. ️ Gimnasio. Working space (área de coworking) 2 albercas compartidas. Ubicación. Aldea Zama. A solo 15 minutos de la playa. Descripción. Ideal para quien busca comodidad, diseño moderno y un entorno tranquilo. El departamento combina funcionalidad con un estilo fresco y natural, perfecto para vivir o trabajar desde casa en un ambiente relajado. Si quier...",https://img10.naventcdn.com/avisos/18/01/50/63/53/95/720x532/1622287974.jpg?isFirstImage=true; https://img10.naventcdn.com/avisos/18/01/50/63/53/95/720x532/1622287972.jpg; https://img10.naventcdn.com/avisos/18/01/50/63/53/95/720x532/1622287969.jpg; https://img10.naventcdn.com/avisos/18/01/50/63/53/95/720x532/1622287959.jpg; https://img10.naventcdn.com/avisos/18/01/50/63/53/95/720x532/1622287960.jpg; https://img10.naventcdn.com/avisos/18/01/50/63/53/95/720x532/1622287971.jpg; https://img10.naventcdn.com/avisos/18/01/50/63/53/95/720x532/1622287973.jpg; https://img10.naventcdn.com/avisos/18/01/50/63/53/95/720x532/1622287964.jpg,Mexico,Quintana Roo,Tulum,20.200907380641343,-87.4600714180298,Rent
CARIBEBROKERS,https://www.inmuebles24.com/inmobiliarias/caribebrokers_102609612-inmuebles.html,Inmuebles24 (via parse.bot API),https://www.inmuebles24.com/propiedades/clasificado/alclapin-suite-en-venta-en-the-waves-tulum-amueblado-cerca-150456306.html,Suite en Venta en The Waves Tulum | Amueblado Cerca del Mar,Unknown,8000,MXN,1,1,,m2,"Encantadora suite tipo loft en venta en The Waves Tulum, ideal para quienes buscan un espacio acogedor, funcional y estratégicamente ubicado cerca del mar, perfecto para vivir, vacacionar o generar ingresos por renta tipo Airbnb. Con una superficie de 31 m², esta propiedad tiene capacidad para 2 personas y cuenta con cama king size, baño completo, cocina equipada, comedor y balcón, ofreciendo un diseño moderno y eficiente que maximiza cada espacio. Incluye 2 cajones de estacionamiento techados, ...",https://img10.naventcdn.com/avisos/18/01/50/45/63/06/720x532/1618480610.jpg?isFirstImage=true; https://img10.naventcdn.com/avisos/18/01/50/45/63/06/720x532/1618480840.jpg; https://img10.naventcdn.com/avisos/18/01/50/45/63/06/720x532/1618481337.jpg; https://img10.naventcdn.com/avisos/18/01/50/45/63/06/720x532/1618481050.jpg; https://img10.naventcdn.com/avisos/18/01/50/45/63/06/720x532/1618481393.jpg; https://img10.naventcdn.com/avisos/18/01/50/45/63/06/720x532/1618481152.jpg; https://img10.naventcdn.com/avisos/18/01/50/45/63/06/720x532/1618481220.jpg; https://img10.naventcdn.com/avisos/18/01/50/45/63/06/720x532/1618479945.jpg,Mexico,Quintana Roo,Tulum,20.2031374,-87.4671402,Rent
Independiente,https://www.inmuebles24.com/inmobiliarias/independiente_102873375-inmuebles.html,Inmuebles24 (via parse.bot API),https://www.inmuebles24.com/propiedades/clasificado/alclapin-ph-en-renta-en-kataleya-148647947.html,PH en Renta en Kataleya,Villa,75000,MXN,3,4,299.0,m2,"Villa / Penthouse de Lujo en Renta – Luum Zama, Aldea Zama, TulumRenta mensual: $75, 000 mxnsuperficie construida: 299. 42 m² (3, 223. 9 sq ft) Totalmente amueblado y equipadoCaracterísticas GeneralesPenthouse de lujo de 3 niveles3 recámaras4 baños completosAntigüedad: 2 añosEstado de conservación: ExcelenteElevador: 1Estacionamiento ilimitadoMantenimiento: $8, 000 mxn mensualesEquipamiento y AmenidadesAlberca privadaCocina integral equipadaAire acondicionadoInternet / WiFiSistema solarPozo de a...",https://img10.naventcdn.com/avisos/18/01/48/64/79/47/720x532/1581414372.jpg?isFirstImage=true; https://img10.naventcdn.com/avisos/18/01/48/64/79/47/720x532/1581414374.jpg; https://img10.naventcdn.com/avisos/18/01/48/64/79/47/720x532/1581414366.jpg; https://img10.naventcdn.com/avisos/18/01/48/64/79/47/720x532/1581414380.jpg; https://img10.naventcdn.com/avisos/18/01/48/64/79/47/720x532/1581414361.jpg; https://img10.naventcdn.com/avisos/18/01/48/64/79/47/720x532/1581414358.jpg; https://img10.naventcdn.com/avisos/18/01/48/64/79/47/720x532/1581414379.jpg; https://img10.naventcdn.com/avisos/18/01/48/64/79/47/720x532/1581414356.jpg,Mexico,Quintana Roo,Tulum,20.1997998,-87.454707,Rent
Rosalia,https://www.inmuebles24.com/inmobiliarias/rosalia_103102317-inmuebles.html,Inmuebles24 (via parse.bot API),https://www.inmuebles24.com/propiedades/clasificado/alclappa-renta-de-departamento-de-2-recs-2-banos-terraza-150397060.html,Renta de Departamento de 2 Recs / 2 Baños / Terraza,Condo/Apartment,15000,MXN,2,2,95.0,m2,"Renta de departamento en el Complejo Anah Tulum dentro del Residencial Bahía Príncipe. 100 m2 de construcción. ️ 2 recámaras con clóset. 2 baños completos. ️ Cocina equipada. ‍♀️ Terraza con vista a la alberca y selva. Estacionamiento para un auto. Seguridad y vigilancia 24/7. Renta mensual de $19, 000 mxn. Se renta solo a largo plazo. ️ No incluye: pago de luz, internet y agua",https://img10.naventcdn.com/avisos/18/01/50/39/70/60/720x532/1617273447.jpg?isFirstImage=true; https://img10.naventcdn.com/avisos/18/01/50/39/70/60/720x532/1617273428.jpg; https://img10.naventcdn.com/avisos/18/01/50/39/70/60/720x532/1617273446.jpg; https://img10.naventcdn.com/avisos/18/01/50/39/70/60/720x532/1617273435.jpg; https://img10.naventcdn.com/avisos/18/01/50/39/70/60/720x532/1617273432.jpg; https://img10.naventcdn.com/avisos/18/01/50/39/70/60/720x532/1617273440.jpg; https://img10.naventcdn.com/avisos/18/01/50/39/70/60/720x532/1617273439.jpg; https://img10.naventcdn.com/avisos/18/01/50/39/70/60/720x532/1617273434.jpg,Mexico,Quintana Roo,Tulum,20.3642319,-87.34386889999999,Rent
TULUM REALTORS SA de CV,https://www.inmuebles24.com/inmobiliarias/tulum-realtors-sa-de-cv_50146364-inmuebles.html,Inmuebles24 (via parse.bot API),https://www.inmuebles24.com/propiedades/clasificado/alclapin-departamento-en-renta-de-1-habitacion-en-tulum-region-147049460.html,Departamento en Renta de 1 Habitacion en Tulum Region 8 Lb 236,Condo/Apartment,25000,MXN,1,1,,m2,"Descripción: Espectacular departamento en renta estilo eco-chic natural. Completamente amueblado cuenta con 1 habitación y 1 baño completo, cocina integral totalmente equipada, sala, comedor, jacuzzi privado, aire acondicionado, ventiladores, televisiones, internet, estacionamientoMedidas: -“-Amenidades: Área de locales comerciales con restaurante y servicios complementariosGym techado con aire acondicionadosJungle gym al aire libreAlberca rodeada de vegetación, generando lasensación de un cenot...",https://img10.naventcdn.com/avisos/18/01/47/04/94/60/720x532/1546831061.jpg?isFirstImage=true; https://img10.naventcdn.com/avisos/18/01/47/04/94/60/720x532/1546831058.jpg; https://img10.naventcdn.com/avisos/18/01/47/04/94/60/720x532/1546831133.jpg; https://img10.naventcdn.com/avisos/18/01/47/04/94/60/720x532/1546831065.jpg; https://img10.naventcdn.com/avisos/18/01/47/04/94/60/720x532/1546831066.jpg; https://img10.naventcdn.com/avisos/18/01/47/04/94/60/720x532/1546831064.jpg; https://img10.naventcdn.com/avisos/18/01/47/04/94/60/720x532/1546831134.jpg; https://img10.naventcdn.com/avisos/18/01/47/04/94/60/720x532/1546831063.jpg,Mexico,Quintana Roo,Tulum,20.2114185,-87.4653502,Rent
Paola Huerta - Realtor - Sales and Rentals,https://www.inmuebles24.com/inmobiliarias/paola-huerta-realtor-sales-and-rentals_102872515-inmuebles.html,Inmuebles24 (via parse.bot API),https://www.inmuebles24.com/propiedades/clasificado/alclapin-renta-a-largo-plazo-en-tulum-long-term-rental-tulum.-150657537.html,Renta a Largo Plazo en Tulum - Long Term Rental Tulum.,Unknown,16500,MXN,2,2,,m2,"Rentas A largo plazo en tulumpara atención personalizada contáctanos por WhatsApp a los siguientes números: Paola Huerta: +52 (5522 43 8797) y Ramón Capocchia +<span class='descripcionDatosAnunciante'><button class='btn btn-link js-verDatos' href='#'>Ver datos</button></span>) Bienvenido a este lindo departamentoUbicado en: Selva Mía, La Veleta Tulum. Cuenta con dos recámaras y dos baños completosCocina con horno y barraComedorSala cómoda con tvcentro de lavado$16, 500 mensual mas depositoServic...",https://img10.naventcdn.com/avisos/18/01/50/65/75/37/720x532/1622768457.jpg?isFirstImage=true; https://img10.naventcdn.com/avisos/18/01/50/65/75/37/720x532/1622768468.jpg; https://img10.naventcdn.com/avisos/18/01/50/65/75/37/720x532/1622768446.jpg; https://img10.naventcdn.com/avisos/18/01/50/65/75/37/720x532/1622768447.jpg; https://img10.naventcdn.com/avisos/18/01/50/65/75/37/720x532/1622768450.jpg; https://img10.naventcdn.com/avisos/18/01/50/65/75/37/720x532/1622768471.jpg; https://img10.naventcdn.com/avisos/18/01/50/65/75/37/720x532/1622768464.jpg; https://img10.naventcdn.com/avisos/18/01/50/65/75/37/720x532/1622768459.jpg,Mexico,Quintana Roo,Tulum,20.213529,-87.4723117,Rent
Paraiso Real Estate Tulum,https://www.inmuebles24.com/inmobiliarias/paraiso-real-estate-tulum_50310732-inmuebles.html,Inmuebles24 (via parse.bot API),https://www.inmuebles24.com/propiedades/clasificado/alclapin-ph-con-roof-privado-en-renta-angelique-tulum-region-148831624.html,"PH con Roof Privado en Renta, Angelique Tulum, Region 15",Unknown,24000,MXN,2,2,87.0,m2,"Ph con roof privado en Renta en Angelique, Region 15 Tulum. 2 niveles, con 2 recamaras y dos baños, completamente amueblado y equipado. Terraza privada con plunge pool y vista increible a la selvaAcceso a un beach club en la zona hotelera. Renta largo plazo, minimo 6 meses. Deposito + primer mes adelantadoInternet y hoa incluidos en la rentaServicios de luz, agua, y cualquier otro que el inquilino requiera, no estan incluidos. Se aceptan mascotas pequeñasSe puede Subarrendar, en este caso es 1 d...",https://img10.naventcdn.com/avisos/18/01/48/83/16/24/720x532/1604870518.jpg?isFirstImage=true; https://img10.naventcdn.com/avisos/18/01/48/83/16/24/720x532/1604870520.jpg; https://img10.naventcdn.com/avisos/18/01/48/83/16/24/720x532/1604870410.jpg; https://img10.naventcdn.com/avisos/18/01/48/83/16/24/720x532/1604870417.jpg; https://img10.naventcdn.com/avisos/18/01/48/83/16/24/720x532/1604870424.jpg; https://img10.naventcdn.com/avisos/18/01/48/83/16/24/720x532/1604870408.jpg; https://img10.naventcdn.com/avisos/18/01/48/83/16/24/720x532/1604870422.jpg; https://img10.naventcdn.com/avisos/18/01/48/83/16/24/720x532/1604870522.jpg,Mexico,Quintana Roo,Tulum,20.1887702114,-87.4649915905,Rent
Grupo Ad Astra,https://www.inmuebles24.com/inmobiliarias/grupo-ad-astra_102508018-inmuebles.html,Inmuebles24 (via parse.bot API),https://www.inmuebles24.com/propiedades/clasificado/alclapin-departamento-en-venta-la-veleta.-tulum-q.-r-149288332.html,Departamento en Venta | La Veleta. Tulum Q. R,Condo/Apartment,13000,MXN,1,1,55.0,m2,"Departamento en venta o renta. Ubicado en la zona de La Veleta. Camino directo a la playa. Completamente equipado, amueblado y listo para entrar, este departamento concepto Bedroom se encuentra en el segundo nivel de un lindo complejo de sólo tres pisos lo cuál ofrece confort y privacidad. Disfruta de la calides de Tulum. Instalaciones completamente eléctricas, cuenta con bomba sumergible. Área social de asador y alberca como amenidades. Mantenimiento $2, 800mx por mes. Inversionista: Propiedad ...",https://img10.naventcdn.com/avisos/18/01/49/28/83/32/720x532/1594344386.jpg?isFirstImage=true; https://img10.naventcdn.com/avisos/18/01/49/28/83/32/720x532/1594344394.jpg; https://img10.naventcdn.com/avisos/18/01/49/28/83/32/720x532/1594344385.jpg; https://img10.naventcdn.com/avisos/18/01/49/28/83/32/720x532/1594344395.jpg; https://img10.naventcdn.com/avisos/18/01/49/28/83/32/720x532/1594344393.jpg; https://img10.naventcdn.com/avisos/18/01/49/28/83/32/720x532/1594344397.jpg; https://img10.naventcdn.com/avisos/18/01/49/28/83/32/720x532/1594344381.jpg; https://img10.naventcdn.com/avisos/18/01/49/28/83/32/720x532/1594344391.jpg,Mexico,Quintana Roo,Tulum,20.20299,-87.4761285,Rent
IN PROPERTIES ASESORES INMOBILIARIOS,https://www.inmuebles24.com/inmobiliarias/in-properties-asesores-inmobiliarios_655563-inmuebles.html,Inmuebles24 (via parse.bot API),https://www.inmuebles24.com/propiedades/clasificado/alclapin-departamento-en-renta-en-tulum-soko-150546298.html,Departamento en Renta en Tulum Soko,Condo/Apartment,15000,MXN,1,1,70.0,m2,"Departamento en Tulum en Renta en soko, tiene una recámara, un baño, está equipado y amueblado y tiene de amenidades gimnasio, alberca y centro de lavado. Para mayores informes comunicarse con la asesora Bertha Vázquez al 81 <span class='descripcionDatosAnunciante'><button class='btn btn-link js-verDatos' href='#'>Ver datos</button></span>. *Precios sujetos a cambio sin previo aviso. dhrbv0079 eb-uf3103",https://img10.naventcdn.com/avisos/18/01/50/54/62/98/720x532/1620535249.jpg?isFirstImage=true; https://img10.naventcdn.com/avisos/18/01/50/54/62/98/720x532/1620535254.jpg; https://img10.naventcdn.com/avisos/18/01/50/54/62/98/720x532/1620535250.jpg; https://img10.naventcdn.com/avisos/18/01/50/54/62/98/720x532/1620535236.jpg; https://img10.naventcdn.com/avisos/18/01/50/54/62/98/720x532/1620535238.jpg; https://img10.naventcdn.com/avisos/18/01/50/54/62/98/720x532/1620535252.jpg; https://img10.naventcdn.com/avisos/18/01/50/54/62/98/720x532/1620535245.jpg; https://img10.naventcdn.com/avisos/18/01/50/54/62/98/720x532/1620535244.jpg,Mexico,Quintana Roo,Tulum,20.209226,-87.4546516,Rent
Paola Huerta - Realtor - Sales and Rentals,https://www.inmuebles24.com/inmobiliarias/paola-huerta-realtor-sales-and-rentals_102872515-inmuebles.html,Inmuebles24 (via parse.bot API),https://www.inmuebles24.com/propiedades/clasificado/alclapin-renta-a-largo-plazo-en-tulum-long-term-rental-tulum-149725123.html,Renta a Largo Plazo en Tulum - Long Term Rental Tulum,Condo/Apartment,22000,MXN,2,2,,m2,"Rentas A largo plazo en tulumpara atención personalizada contáctanos por WhatsApp a los siguientes números: Paola Huerta: +52 (5522 43 8797) y Ramon Capocchia +<span class='descripcionDatosAnunciante'><button class='btn btn-link js-verDatos' href='#'>Ver datos</button></span>) renta largo plazo departamento 2 recámarasparamar Ve, Aldea ZamáBienvenido a este lindo departamentoUbicado en primer piso2 recámaras y dos BañosTerraza ampliaSala, cocina equipada centro de lavado. Excelente conexión de W...",https://img10.naventcdn.com/avisos/18/01/49/72/51/23/720x532/1603534234.jpg?isFirstImage=true; https://img10.naventcdn.com/avisos/18/01/49/72/51/23/720x532/1603534251.jpg; https://img10.naventcdn.com/avisos/18/01/49/72/51/23/720x532/1603534238.jpg; https://img10.naventcdn.com/avisos/18/01/49/72/51/23/720x532/1603534241.jpg; https://img10.naventcdn.com/avisos/18/01/49/72/51/23/720x532/1603534260.jpg; https://img10.naventcdn.com/avisos/18/01/49/72/51/23/720x532/1603534248.jpg; https://img10.naventcdn.com/avisos/18/01/49/72/51/23/720x532/1603534254.jpg; https://img10.naventcdn.com/avisos/18/01/49/72/51/23/720x532/1603534245.jpg,Mexico,Quintana Roo,Tulum,20.2008935,-87.4617258,Rent
Tulum Rental Homes,https://www.inmuebles24.com/inmobiliarias/tulum-rental-homes_102640624-inmuebles.html,Inmuebles24 (via parse.bot API),https://www.inmuebles24.com/propiedades/clasificado/alclapin-adora-411-149546187.html,Adora 411,Unknown,22000,MXN,,1,,m2,"Adora 411Av KukulkanCaracterísticas destacadasHabitación amplia con armarioBaño complejoCocina completaComedor con tvhermosa vista de la selvaAmenidadesAlberca compartidaSpaCenoteMiradorRestauranteRecepción 24 horasPrecio: $22, 000 más depósito + servicios + $2, 500 mxn contrato/póliza. Incluye mantenimiento(hoa)",https://img10.naventcdn.com/avisos/18/01/49/54/61/87/720x532/1599736754.jpg?isFirstImage=true; https://img10.naventcdn.com/avisos/18/01/49/54/61/87/720x532/1599736784.jpg; https://img10.naventcdn.com/avisos/18/01/49/54/61/87/720x532/1599736752.jpg; https://img10.naventcdn.com/avisos/18/01/49/54/61/87/720x532/1599736750.jpg; https://img10.naventcdn.com/avisos/18/01/49/54/61/87/720x532/1599736780.jpg; https://img10.naventcdn.com/avisos/18/01/49/54/61/87/720x532/1599736756.jpg; https://img10.naventcdn.com/avisos/18/01/49/54/61/87/720x532/1599736779.jpg; https://img10.naventcdn.com/avisos/18/01/49/54/61/87/720x532/1599736751.jpg,Mexico,Quintana Roo,Tulum,20.1888154,-87.4621429,Rent
Tulum Rental Homes,https://www.inmuebles24.com/inmobiliarias/tulum-rental-homes_102640624-inmuebles.html,Inmuebles24 (via parse.bot API),https://www.inmuebles24.com/propiedades/clasificado/alclapin-departamento-en-tulum-edena-by-tao-61-av-coba.-149546301.html,"Departamento en Tulum, Edena By Tao #61, Av Coba.",Condo/Apartment,25000,MXN,2,2,,m2,"Edena by tao #61Av. CobaCaracterísticas destacadas 2 Recamara amplias con closet2 Baños completosCocina completa con horno y barraComedorAmplia salaLava secadora &amp;amp; lava vajillasAire acondicionado y tvAlberca privadaTerraza &amp;amp; jardínAmenidadesGym/Fitness RoomAlberca compartidaÁrea de yogaCine compartidoÁreas verdesPrecio: $25, 000 mxn mensuales + depósito + Servicios + $2, 500 mxn contrato/poliza. Mantenimiento incluido(hoa)",https://img10.naventcdn.com/avisos/18/01/49/54/63/01/720x532/1599739268.jpg?isFirstImage=true; https://img10.naventcdn.com/avisos/18/01/49/54/63/01/720x532/1599739263.jpg; https://img10.naventcdn.com/avisos/18/01/49/54/63/01/720x532/1599739267.jpg; https://img10.naventcdn.com/avisos/18/01/49/54/63/01/720x532/1599739262.jpg; https://img10.naventcdn.com/avisos/18/01/49/54/63/01/720x532/1599739259.jpg; https://img10.naventcdn.com/avisos/18/01/49/54/63/01/720x532/1599739281.jpg; https://img10.naventcdn.com/avisos/18/01/49/54/63/01/720x532/1599739274.jpg; https://img10.naventcdn.com/avisos/18/01/49/54/63/01/720x532/1599739273.jpg,Mexico,Quintana Roo,Tulum,20.2114185,-87.4653502,Rent
Tulum Rental Homes,https://www.inmuebles24.com/inmobiliarias/tulum-rental-homes_102640624-inmuebles.html,Inmuebles24 (via parse.bot API),https://www.inmuebles24.com/propiedades/clasificado/alclapin-departamento-en-edena-by-tao-86-149546173.html,Departamento en Edena By Tao #86,Condo/Apartment,28000,MXN,3,2,,m2,"Edena by Tao #86 Av. CobaCaracteristicas destacadas3 amplias habitaciones con armarios 2 baños completos Cocina completa con horno y barra Lavasecadora privadaAire acondicionado y Tv Alberca privadaJardin privado Terraza C/ Comedor de exterior. Amenidades? Gym/ Fitness Room Alberca compara Salon de uso multipleCineCancha de basquetbolPrecio: $28, 000 mxn mensuales + depósito + servicios + $2500 mxn contrato/ póliza. Incluye Mantenimiento (hoa).",https://img10.naventcdn.com/avisos/18/01/49/54/61/73/720x532/1599737080.jpg?isFirstImage=true; https://img10.naventcdn.com/avisos/18/01/49/54/61/73/720x532/1599737068.jpg; https://img10.naventcdn.com/avisos/18/01/49/54/61/73/720x532/1599737049.jpg; https://img10.naventcdn.com/avisos/18/01/49/54/61/73/720x532/1599737069.jpg; https://img10.naventcdn.com/avisos/18/01/49/54/61/73/720x532/1599737065.jpg; https://img10.naventcdn.com/avisos/18/01/49/54/61/73/720x532/1599737057.jpg; https://img10.naventcdn.com/avisos/18/01/49/54/61/73/720x532/1599737066.jpg; https://img10.naventcdn.com/avisos/18/01/49/54/61/73/720x532/1599737056.jpg,Mexico,Quintana Roo,Tulum,20.2114185,-87.4653502,Rent
AH Bienes Raíces Mx ,https://www.inmuebles24.com/inmobiliarias/ah-bienes-raices-mx_102241764-inmuebles.html,Inmuebles24 (via parse.bot API),https://www.inmuebles24.com/propiedades/clasificado/alclapin-departamento-tulum-148063407.html,Departamento - Tulum,Condo/Apartment,5500,MXN,2,1,49.0,m2,Departamento en renta de 2 recámaras semi amueblado. Se encuentra ubicado en Aldea Tulum a un costado de Dunosusa y a una cuadra de la salida de transporte público Depa ideal para hasta 4 personas Características: 1 aire acondicionado Cocina Mesa sencilla Refrigerador Camas matrimoniales Agenda tu cita o conoce más propiedades en @ahbienesraicesmx,https://img10.naventcdn.com/avisos/18/01/48/06/34/07/720x532/1569643179.jpg?isFirstImage=true; https://img10.naventcdn.com/avisos/18/01/48/06/34/07/720x532/1569643176.jpg; https://img10.naventcdn.com/avisos/18/01/48/06/34/07/720x532/1569643182.jpg; https://img10.naventcdn.com/avisos/18/01/48/06/34/07/720x532/1569643183.jpg; https://img10.naventcdn.com/avisos/18/01/48/06/34/07/720x532/1569643180.jpg; https://img10.naventcdn.com/avisos/18/01/48/06/34/07/720x532/1569643178.jpg; https://img10.naventcdn.com/avisos/18/01/48/06/34/07/720x532/1569643181.jpg; https://img10.naventcdn.com/avisos/18/01/48/06/34/07/720x532/1569643177.jpg,Mexico,Quintana Roo,Tulum,20.1941968113,-87.5301169069,Rent
PATRIMO,https://www.inmuebles24.com/inmobiliarias/patrimo_51402259-inmuebles.html,Inmuebles24 (via parse.bot API),https://www.inmuebles24.com/propiedades/clasificado/alclapin-calle-37-poniente-al-200-147285487.html,Calle 37 Poniente Al 200,Condo/Apartment,700,USD,1,1,43.0,m2,"Un pedacito de cielo ubicado en Gardens 2- Región 15 - tulum. Este loft super cool de 43m2, cocina abierta, y amplio baño comparte lo mejor de dos mundos, pues desde que llegas te vas a sentir en medio de la selva, pero con el confort de un condo de lujo!. Por si fuera poco tiene una gran ventaja frente a los demás studios del condominio, su vista es totalmente espectacular: un cuadro lleno de naturaleza y mucha tranquilidad que podrás disfrutar cada minuto desde que ingresas a el! Valor de vent...",https://img10.naventcdn.com/avisos/18/01/47/28/54/87/720x532/1552622656.jpg?isFirstImage=true; https://img10.naventcdn.com/avisos/18/01/47/28/54/87/720x532/1552622657.jpg; https://img10.naventcdn.com/avisos/18/01/47/28/54/87/720x532/1552622666.jpg; https://img10.naventcdn.com/avisos/18/01/47/28/54/87/720x532/1552622659.jpg; https://img10.naventcdn.com/avisos/18/01/47/28/54/87/720x532/1552622661.jpg; https://img10.naventcdn.com/avisos/18/01/47/28/54/87/720x532/1622636424.jpg; https://img10.naventcdn.com/avisos/18/01/47/28/54/87/720x532/1552622665.jpg; https://img10.naventcdn.com/avisos/18/01/47/28/54/87/720x532/1622636415.jpg,Mexico,Quintana Roo,Tulum,20.1821455,-87.4617129,Rent
Tulum Rental Homes,https://www.inmuebles24.com/inmobiliarias/tulum-rental-homes_102640624-inmuebles.html,Inmuebles24 (via parse.bot API),https://www.inmuebles24.com/propiedades/clasificado/alclapin-hermoso-departamento-en-renta-en-la-veleta-tulum-149339784.html,"Hermoso Departamento en Renta en La Veleta, Tulum (Coco Village - B2)",Condo/Apartment,18000,MXN,2,2,,m2,"Coco Village - B2La Veleta, TulumCaracterísticas: -2 recámaras-2 baños completos-Departamento-AmuebladoAmenidades del desarrollo: -Alberca-Seguridad 24/7-Jardines-PalapaPrecio: $18, 000 mxn/mes + Luz + Agua + InternetDepósito: 1 mes de rentaPago de contrato: $2, 500 mxnincluye: Mantenimiento (hoa) Ubicación:. gl/abktsFhaeea92vqP9",https://img10.naventcdn.com/avisos/18/01/49/33/97/84/720x532/1595429090.jpg?isFirstImage=true; https://img10.naventcdn.com/avisos/18/01/49/33/97/84/720x532/1595429084.jpg; https://img10.naventcdn.com/avisos/18/01/49/33/97/84/720x532/1595429085.jpg; https://img10.naventcdn.com/avisos/18/01/49/33/97/84/720x532/1595429086.jpg; https://img10.naventcdn.com/avisos/18/01/49/33/97/84/720x532/1595429095.jpg; https://img10.naventcdn.com/avisos/18/01/49/33/97/84/720x532/1595429089.jpg; https://img10.naventcdn.com/avisos/18/01/49/33/97/84/720x532/1595429091.jpg; https://img10.naventcdn.com/avisos/18/01/49/33/97/84/720x532/1595429088.jpg,Mexico,Quintana Roo,Tulum,20.2090257783,-87.4752553823,Rent
Tulum Rental Homes,https://www.inmuebles24.com/inmobiliarias/tulum-rental-homes_102640624-inmuebles.html,Inmuebles24 (via parse.bot API),https://www.inmuebles24.com/propiedades/clasificado/alclapin-departamento-en-adora-412-ph-146851949.html,Departamento en Adora #412 PH,Condo/Apartment,16000,MXN,,1,,m2,"Adora #412 ph Av KukulkanCaracterísticas destacadas Habitación amplia con armarioBaño complejoCocina completaComedor con tvhermosa vista de la selvaAmenidades Alberca compartidaSpaCenoteMiradorRestauranteRecepción 24 horasPrecio: $16, 000 + depósito + servicios + $2. 500 pago única vez por contrato/póliza.",https://img10.naventcdn.com/avisos/18/01/46/85/19/49/720x532/1542230719.jpg?isFirstImage=true; https://img10.naventcdn.com/avisos/18/01/46/85/19/49/720x532/1542230742.jpg; https://img10.naventcdn.com/avisos/18/01/46/85/19/49/720x532/1542230746.jpg; https://img10.naventcdn.com/avisos/18/01/46/85/19/49/720x532/1542230749.jpg; https://img10.naventcdn.com/avisos/18/01/46/85/19/49/720x532/1542230722.jpg; https://img10.naventcdn.com/avisos/18/01/46/85/19/49/720x532/1542230748.jpg; https://img10.naventcdn.com/avisos/18/01/46/85/19/49/720x532/1542230747.jpg; https://img10.naventcdn.com/avisos/18/01/46/85/19/49/720x532/1542230721.jpg,Mexico,Quintana Roo,Tulum,20.1810567,-87.4702385,Rent
Azaola Investment Hub,https://www.inmuebles24.com/inmobiliarias/azaola-investment-hub_102490945-inmuebles.html,Inmuebles24 (via parse.bot API),https://www.inmuebles24.com/propiedades/clasificado/alclapin-departamento-en-renta-de-2-recamaras-con-muebles-en-148902608.html,Departamento en Renta de 2 Recamaras con Muebles en Aldea Zama Tulum,Condo/Apartment,25000,MXN,2,2,125.0,m2,"Lujo y Serenidad en Aldea Zamá: Departamento de 2 Recámaras con Amenidades PremiumVive la experiencia definitiva en Tulum en este exclusivo departamento ubicado en el corazón de Aldea Zamá, la zona más cotizada y con mejor infraestructura de la ciudad. Este espacio combina el diseño contemporáneo con la esencia natural del Caribe. Características del Departamento: Espacios Amplios: 2 recámaras diseñadas para el máximo descanso. Baños: 2 baños completos con acabados de lujo. Totalmente Equipado: ...",https://img10.naventcdn.com/avisos/18/01/48/90/26/08/720x532/1586636893.jpg?isFirstImage=true; https://img10.naventcdn.com/avisos/18/01/48/90/26/08/720x532/1586636892.jpg; https://img10.naventcdn.com/avisos/18/01/48/90/26/08/720x532/1586636876.jpg; https://img10.naventcdn.com/avisos/18/01/48/90/26/08/720x532/1586636889.jpg; https://img10.naventcdn.com/avisos/18/01/48/90/26/08/720x532/1586636891.jpg; https://img10.naventcdn.com/avisos/18/01/48/90/26/08/720x532/1586636890.jpg; https://img10.naventcdn.com/avisos/18/01/48/90/26/08/720x532/1586636896.jpg; https://img10.naventcdn.com/avisos/18/01/48/90/26/08/720x532/1586636895.jpg,Mexico,Quintana Roo,Tulum,20.2033264101,-87.4570525918,Rent
Paola Huerta - Realtor - Sales and Rentals,https://www.inmuebles24.com/inmobiliarias/paola-huerta-realtor-sales-and-rentals_102872515-inmuebles.html,Inmuebles24 (via parse.bot API),https://www.inmuebles24.com/propiedades/clasificado/alclapin-renta-a-largo-plazo-en-tulum-long-term-rental-tulum.-150018735.html,Renta a Largo Plazo en Tulum - Long Term Rental Tulum.,Condo/Apartment,22000,MXN,1,1,,m2,"Rentas A largo plazo en tulumpara atención personalizada contáctanos por WhatsApp a los siguientes números: Paola Huerta: +52 (5522 43 8797) y Ramón Capocchia +<span class='descripcionDatosAnunciante'><button class='btn btn-link js-verDatos' href='#'>Ver datos</button></span>) Bienvenido a este lindo departamento, esta nuevo tú lo estrenaras. Mistiq Temple ii, Región 15Cómodo departamento de una recámara con un baño completoSala, cocina y comedorAlberca privadaLas mejores amenidades las tiene Mi...",https://img10.naventcdn.com/avisos/18/01/50/01/87/35/720x532/1609593583.jpg?isFirstImage=true; https://img10.naventcdn.com/avisos/18/01/50/01/87/35/720x532/1609593558.jpg; https://img10.naventcdn.com/avisos/18/01/50/01/87/35/720x532/1609593560.jpg; https://img10.naventcdn.com/avisos/18/01/50/01/87/35/720x532/1609593585.jpg; https://img10.naventcdn.com/avisos/18/01/50/01/87/35/720x532/1609593581.jpg; https://img10.naventcdn.com/avisos/18/01/50/01/87/35/720x532/1609593571.jpg; https://img10.naventcdn.com/avisos/18/01/50/01/87/35/720x532/1609593569.jpg; https://img10.naventcdn.com/avisos/18/01/50/01/87/35/720x532/1609593579.jpg,Mexico,Quintana Roo,Tulum,20.2125527,-87.4583994,Rent
VIRTUAL REALTY RIVIERA MAYA,https://www.inmuebles24.com/inmobiliarias/virtual-realty-riviera-maya_50159011-inmuebles.html,Inmuebles24 (via parse.bot API),https://www.inmuebles24.com/propiedades/clasificado/alclapin-departamento-en-renta-en-aldea-zama-tulum-147276894.html,Departamento en Renta en Aldea Zama Tulum,Condo/Apartment,19000,MXN,2,2,112.0,m2,"En renta departamento de 2 recámaras con 2. 5 baños sin muebles en el condominio Mi querido Tulum dentro de aldea zama en Tulum. El departamento tiene aires acondicionados, cocina equipada con electrodomésticos, ventiladores. El condominio tiene una alberca común grande, un gimnasio, un cuarto para trabajar, una zona de palapa con asadores y vigilancia privada. El departamento tiene un cajón de estacionamiento. No está amuebladoEntrega inmediataSe requiere la renta más depósito en garantía. Se d...",https://img10.naventcdn.com/avisos/18/01/47/27/68/94/720x532/1552421572.jpg?isFirstImage=true; https://img10.naventcdn.com/avisos/18/01/47/27/68/94/720x532/1552421569.jpg; https://img10.naventcdn.com/avisos/18/01/47/27/68/94/720x532/1552421568.jpg; https://img10.naventcdn.com/avisos/18/01/47/27/68/94/720x532/1552421560.jpg; https://img10.naventcdn.com/avisos/18/01/47/27/68/94/720x532/1552421559.jpg; https://img10.naventcdn.com/avisos/18/01/47/27/68/94/720x532/1552421556.jpg; https://img10.naventcdn.com/avisos/18/01/47/27/68/94/720x532/1552421566.jpg; https://img10.naventcdn.com/avisos/18/01/47/27/68/94/720x532/1552421557.jpg,Mexico,Quintana Roo,Tulum,20.2006031497,-87.460900718,Rent
Caribbean Properties,https://www.inmuebles24.com/inmobiliarias/caribbean-properties_51237743-inmuebles.html,Inmuebles24 (via parse.bot API),https://www.inmuebles24.com/propiedades/clasificado/alclapin-departamento-amueblado-1-recamara-en-nativa-tulum-150608153.html,Departamento Amueblado 1 Recámara en Nativa Tulum,Condo/Apartment,10000,MXN,1,1,86.0,m2,Contrato mínimo por 1 añose renta departamento tipología tipo estudio de 2 niveles en el Proyecto nativa tulum. Muy cercano al nuevo centro comercial de tulum en el área Sur llamado las americas. Características: 1 recamaraalberca privada2 nivelesInterior: 37. 64m2(405. 15 ft²) Terraza: 33. 25 m2 (357. 90 ft²) Rooftop: 15. 60 m2 (167. 92 ft²) total: 86. 49m2 (930. 97 ft²) Cajón de estacionamiento: 12. 5 m2 (134. 55 ft²) Amenidades: acceso controladoalbercaRequisitos: Mes de renta1 mes de depósit...,https://img10.naventcdn.com/avisos/18/01/50/60/81/53/720x532/1621762074.jpg?isFirstImage=true; https://img10.naventcdn.com/avisos/18/01/50/60/81/53/720x532/1621762275.jpg; https://img10.naventcdn.com/avisos/18/01/50/60/81/53/720x532/1621762061.jpg; https://img10.naventcdn.com/avisos/18/01/50/60/81/53/720x532/1621762212.jpg; https://img10.naventcdn.com/avisos/18/01/50/60/81/53/720x532/1621762141.jpg; https://img10.naventcdn.com/avisos/18/01/50/60/81/53/720x532/1621761838.jpg; https://img10.naventcdn.com/avisos/18/01/50/60/81/53/720x532/1621761958.jpg; https://img10.naventcdn.com/avisos/18/01/50/60/81/53/720x532/1621761746.jpg,Mexico,Quintana Roo,Tulum,20.2140261418,-87.481776048,Rent
Tulum Rental Homes,https://www.inmuebles24.com/inmobiliarias/tulum-rental-homes_102640624-inmuebles.html,Inmuebles24 (via parse.bot API),https://www.inmuebles24.com/propiedades/clasificado/alclapin-villa-lool-1-149947351.html,Villa Lool #1,Villa,13500,MXN,1,1,,m2,"Villa Lool #1La VeletaCaracterísticas destacadas1 Recamara con cama King size &amp;amp; tv1 Baño completoCocina equipada con barra/comedorSala con tvA/C y ventiladores de techoPlanta bajaAmenidadesAlberca compartidaZona de relajaciónPrecio: $13, 500 mxn mensuales + depósito + servicios + $2. 500 mxn contrato/póliza. Incluye mantenimiento condominaltrh id 1078",https://img10.naventcdn.com/avisos/18/01/49/94/73/51/720x532/1608177342.jpg?isFirstImage=true; https://img10.naventcdn.com/avisos/18/01/49/94/73/51/720x532/1608177307.jpg; https://img10.naventcdn.com/avisos/18/01/49/94/73/51/720x532/1608177391.jpg; https://img10.naventcdn.com/avisos/18/01/49/94/73/51/720x532/1608177348.jpg; https://img10.naventcdn.com/avisos/18/01/49/94/73/51/720x532/1608177356.jpg; https://img10.naventcdn.com/avisos/18/01/49/94/73/51/720x532/1608177333.jpg; https://img10.naventcdn.com/avisos/18/01/49/94/73/51/720x532/1608177315.jpg; https://img10.naventcdn.com/avisos/18/01/49/94/73/51/720x532/1608177300.jpg,Mexico,Quintana Roo,Tulum,20.2025963,-87.4727791,Rent
Azaola Investment Hub,https://www.inmuebles24.com/inmobiliarias/azaola-investment-hub_102490945-inmuebles.html,Inmuebles24 (via parse.bot API),https://www.inmuebles24.com/propiedades/clasificado/alclapin-departamento-en-renta-amueblado-y-equipado-149956729.html,Departamento en Renta Amueblado y Equipado,Condo/Apartment,7900,MXN,1,1,53.0,m2,"Departamento en renta ubicado en la Región 15 de Tulum, la cual está situada cerca del centro de Tulum y de sus playas, lo que facilita el acceso a las principales atracciones turísticas, restaurantes, y tiendas. amueblado Y equipadocuenta con: - Cama King Size- Comedor- Sala- T. V. - A. C. - Cocina Integral- Baño con canceleria- Balcón con plunge poolLa proximidad a la selva y a reservas naturales permite disfrutar de un entorno tranquilo y verde, con una mayor conexión con la naturaleza. Dentr...",https://img10.naventcdn.com/avisos/18/01/49/95/67/29/720x532/1608356849.jpg?isFirstImage=true; https://img10.naventcdn.com/avisos/18/01/49/95/67/29/720x532/1608356661.jpg; https://img10.naventcdn.com/avisos/18/01/49/95/67/29/720x532/1608356831.jpg; https://img10.naventcdn.com/avisos/18/01/49/95/67/29/720x532/1608356853.jpg; https://img10.naventcdn.com/avisos/18/01/49/95/67/29/720x532/1608356832.jpg; https://img10.naventcdn.com/avisos/18/01/49/95/67/29/720x532/1608356660.jpg; https://img10.naventcdn.com/avisos/18/01/49/95/67/29/720x532/1608356834.jpg; https://img10.naventcdn.com/avisos/18/01/49/95/67/29/720x532/1608356664.jpg,Mexico,Quintana Roo,Tulum,20.1852494829,-87.47472776,Rent
Paraiso Real Estate Tulum,https://www.inmuebles24.com/inmobiliarias/paraiso-real-estate-tulum_50310732-inmuebles.html,Inmuebles24 (via parse.bot API),https://www.inmuebles24.com/propiedades/clasificado/alclapin-roof-top-vista-mar-caribe.-depa-de-2-recamaras-en-149567121.html,Roof Top Vista Mar Caribe. Depa de 2 Recamaras en Amira District B208,Unknown,21000,MXN,2,2,95.0,m2,"Amira District – Exclusivo Residencial en Tulum, a Minutos del Mar CaribeAmira District es un complejo residencial privado en Tulum, ubicado en una exclusiva zona, al lado de 101 Tulum y Faena District, rodeado de exuberante vegetación y diseñado para integrarse perfectamente con la naturaleza. Este desarrollo de lujo ofrece una experiencia única con jardines selváticos, piscinas interconectadas, pabellones multiusos y espacios mágicos al aire libre. Además, cuenta con equipo deportivo y amenida...",https://img10.naventcdn.com/avisos/18/01/49/56/71/21/720x532/1600218382.jpg?isFirstImage=true; https://img10.naventcdn.com/avisos/18/01/49/56/71/21/720x532/1600218389.jpg; https://img10.naventcdn.com/avisos/18/01/49/56/71/21/720x532/1600218384.jpg; https://img10.naventcdn.com/avisos/18/01/49/56/71/21/720x532/1600218386.jpg; https://img10.naventcdn.com/avisos/18/01/49/56/71/21/720x532/1600218383.jpg; https://img10.naventcdn.com/avisos/18/01/49/56/71/21/720x532/1600218387.jpg; https://img10.naventcdn.com/avisos/18/01/49/56/71/21/720x532/1600218396.jpg; https://img10.naventcdn.com/avisos/18/01/49/56/71/21/720x532/1600218394.jpg,Mexico,Quintana Roo,Tulum,20.1861210043,-87.4469405545,Rent
Tulum Rental Homes,https://www.inmuebles24.com/inmobiliarias/tulum-rental-homes_102640624-inmuebles.html,Inmuebles24 (via parse.bot API),https://www.inmuebles24.com/propiedades/clasificado/alclapin-departamento-en-region-15-149546138.html,Departamento en Region 15,Condo/Apartment,50000,MXN,3,3,,m2,"Mistiq villas #28 Región 15Características Destacadas3 Recámaras espaciosas con closet3 Baños completos &amp;amp; 1 medio bañoAmplia sala con tvcomedor para 6 personasCocina equipada con barraEquipamiento de lujoLava secadoraTerraza privada con jacuzziExcelente iluminaciónAmenidades EstacionamientoGimnasio de categoríaAmplia e innovadora albercaNumerosas áreas verdesPrecio: $50, 000 mxn mensuales + depósito + servicios + $2. 500 mxn contrato/póliza. Incluye mantenimiento(hoa)",https://img10.naventcdn.com/avisos/18/01/49/54/61/38/720x532/1599736464.jpg?isFirstImage=true; https://img10.naventcdn.com/avisos/18/01/49/54/61/38/720x532/1599736482.jpg; https://img10.naventcdn.com/avisos/18/01/49/54/61/38/720x532/1599736425.jpg; https://img10.naventcdn.com/avisos/18/01/49/54/61/38/720x532/1599736455.jpg; https://img10.naventcdn.com/avisos/18/01/49/54/61/38/720x532/1599736486.jpg; https://img10.naventcdn.com/avisos/18/01/49/54/61/38/720x532/1599736465.jpg; https://img10.naventcdn.com/avisos/18/01/49/54/61/38/720x532/1599736426.jpg; https://img10.naventcdn.com/avisos/18/01/49/54/61/38/720x532/1599736437.jpg,Mexico,Quintana Roo,Tulum,20.1810567,-87.4702385,Rent
Caribbean Properties,https://www.inmuebles24.com/inmobiliarias/caribbean-properties_51237743-inmuebles.html,Inmuebles24 (via parse.bot API),https://www.inmuebles24.com/propiedades/clasificado/alclapin-departamento-de-1-recamara-con-plunge-pool-150608167.html,Departamento de 1 Recámara con Plunge Pool,Condo/Apartment,24000,MXN,1,1,,m2,"Departamento en renta A largo plazo vacíomuy cercano al mar en Tulúm. Características: 1 recamaraAlberca privadaCuenta con lavasecadoraRefrigerador completoÁrea de trabajo, escritorioAmenidades: Acceso controladoLobbyAlbercaAlberca en RoofCamastrosGimnasioElevadorTransporte a la playaMini súper al lado de recepciónCajón de estacionamiento asignado. Requisitos: -1 mes deposito, mes inicial, + internet y electricidad. (incluye agua y mantenimiento, mantenimiento de alberca privada). Contrato: $2, ...",https://img10.naventcdn.com/avisos/18/01/50/60/81/67/720x532/1621762585.jpg?isFirstImage=true; https://img10.naventcdn.com/avisos/18/01/50/60/81/67/720x532/1621762111.jpg; https://img10.naventcdn.com/avisos/18/01/50/60/81/67/720x532/1621762286.jpg; https://img10.naventcdn.com/avisos/18/01/50/60/81/67/720x532/1621762340.jpg; https://img10.naventcdn.com/avisos/18/01/50/60/81/67/720x532/1621762132.jpg; https://img10.naventcdn.com/avisos/18/01/50/60/81/67/720x532/1621762567.jpg; https://img10.naventcdn.com/avisos/18/01/50/60/81/67/720x532/1621762007.jpg; https://img10.naventcdn.com/avisos/18/01/50/60/81/67/720x532/1621761885.jpg,Mexico,Quintana Roo,Tulum,20.1805933,-87.4616368,Rent
Paola Huerta - Realtor - Sales and Rentals,https://www.inmuebles24.com/inmobiliarias/paola-huerta-realtor-sales-and-rentals_102872515-inmuebles.html,Inmuebles24 (via parse.bot API),https://www.inmuebles24.com/propiedades/clasificado/alclapin-renta-a-largo-plazo-en-tulum-long-term-rental-tulum-149742705.html,Renta a Largo Plazo en Tulum - Long Term Rental Tulum,Condo/Apartment,29000,MXN,3,3,,m2,"Rentas A largo plazo en tulumpara atención personalizada contáctanos por WhatsApp a los siguientes números: Paola Huerta: +52 (5522 43 8797) y Ramon Capocchia +<span class='descripcionDatosAnunciante'><button class='btn btn-link js-verDatos' href='#'>Ver datos</button></span>) renta departamento 3 recámaras Y albercalimas, TulumBienvenidoHermoso y amplio depa de 3 recámaras cada una con baño propio. Sala, comedor y cocina de gran tamañoCocina equipada con hornoLava secadora. Complejo tranquilo y...",https://img10.naventcdn.com/avisos/18/01/49/74/27/05/720x532/1603873173.jpg?isFirstImage=true; https://img10.naventcdn.com/avisos/18/01/49/74/27/05/720x532/1603873169.jpg; https://img10.naventcdn.com/avisos/18/01/49/74/27/05/720x532/1603873177.jpg; https://img10.naventcdn.com/avisos/18/01/49/74/27/05/720x532/1603873175.jpg; https://img10.naventcdn.com/avisos/18/01/49/74/27/05/720x532/1603873174.jpg; https://img10.naventcdn.com/avisos/18/01/49/74/27/05/720x532/1603873193.jpg; https://img10.naventcdn.com/avisos/18/01/49/74/27/05/720x532/1603873166.jpg; https://img10.naventcdn.com/avisos/18/01/49/74/27/05/720x532/1603873165.jpg,Mexico,Quintana Roo,Tulum,20.2102551,-87.4703678,Rent
KARINA ALFONZO,https://www.inmuebles24.com/inmobiliarias/karina-alfonzo_102198906-inmuebles.html,Inmuebles24 (via parse.bot API),https://www.inmuebles24.com/propiedades/clasificado/alclapin-departamento-en-renta-ph-3-recamara-en-bahia-150420668.html,Departamento en Renta – PH 3 Recámara en Bahía Príncipe Tulum Country Club,Penthouse,39000,MXN,3,3,,m2,"Descubre el equilibrio perfecto entre lujo, naturaleza y confort en este Penthouse de 3 recámaras tipo lock-off, ubicado en el reconocido Bahía Príncipe Tulum Country Club, una de las comunidades residenciales más exclusivas de la Riviera Maya. Este ph ofrece una excelente distribución, acabados de lujo y la versatilidad del sistema lock-off, que permite rentar una parte del departamento de forma independiente o mantener total privacidad para invitados.? Características del Penthouse: 3 recámara...",https://img10.naventcdn.com/avisos/18/01/50/42/06/68/720x532/1617756582.jpg?isFirstImage=true; https://img10.naventcdn.com/avisos/18/01/50/42/06/68/720x532/1617756572.jpg; https://img10.naventcdn.com/avisos/18/01/50/42/06/68/720x532/1617756574.jpg; https://img10.naventcdn.com/avisos/18/01/50/42/06/68/720x532/1617756587.jpg; https://img10.naventcdn.com/avisos/18/01/50/42/06/68/720x532/1617756581.jpg; https://img10.naventcdn.com/avisos/18/01/50/42/06/68/720x532/1617756594.jpg; https://img10.naventcdn.com/avisos/18/01/50/42/06/68/720x532/1617756577.jpg; https://img10.naventcdn.com/avisos/18/01/50/42/06/68/720x532/1617756575.jpg,Mexico,Quintana Roo,Tulum,20.3959736,-87.315901,Rent
Tulum Rental Homes,https://www.inmuebles24.com/inmobiliarias/tulum-rental-homes_102640624-inmuebles.html,Inmuebles24 (via parse.bot API),https://www.inmuebles24.com/propiedades/clasificado/alclapin-departamento-en-edena-by-tao-149945235.html,Departamento en Edena By Tao,Condo/Apartment,20000,MXN,2,2,109.0,m2,"Edena by Tao #60 Av. Coba(Sin muebles) Caracteristicas destacadas 2 Recamaras con armario 2 Baños completos Cocina con horno Aire acondicionado Alberca privada Jardin privado Cuarto de servicio TerrazaAmenidades Gym/ Fitness Room Alberca compartida Salon de uso multiple cine cancha de basquetbolPrecio: $20, 000 mensuales + depósito + servicios. $2, 500 contrato/poliza. Mantenimiento incluido. Ubicacion:. gl/eXfzXmK5hbgi2Rbv7 Drive: https: //drive. google. com/drive/folders/1Adwymrxjcwmt58tnrbcfh...",https://img10.naventcdn.com/avisos/18/01/49/94/52/35/720x532/1608135517.jpg?isFirstImage=true; https://img10.naventcdn.com/avisos/18/01/49/94/52/35/720x532/1608136877.jpg; https://img10.naventcdn.com/avisos/18/01/49/94/52/35/720x532/1608136859.jpg; https://img10.naventcdn.com/avisos/18/01/49/94/52/35/720x532/1608136822.jpg; https://img10.naventcdn.com/avisos/18/01/49/94/52/35/720x532/1608136559.jpg; https://img10.naventcdn.com/avisos/18/01/49/94/52/35/720x532/1608136798.jpg; https://img10.naventcdn.com/avisos/18/01/49/94/52/35/720x532/1608136840.jpg; https://img10.naventcdn.com/avisos/18/01/49/94/52/35/720x532/1608136424.jpg,Mexico,Quintana Roo,Tulum,20.2366761942,-87.4595962323,Rent
Tulum Rental Homes,https://www.inmuebles24.com/inmobiliarias/tulum-rental-homes_102640624-inmuebles.html,Inmuebles24 (via parse.bot API),https://www.inmuebles24.com/propiedades/clasificado/alclapin-departamento-en-region-15-kukulcan-149945222.html,Departamento en Region 15 Kukulcan,Condo/Apartment,26000,MXN,,1,45.0,m2,¡Adora Studio #302 sobre Av Kukulkan! Características Destacadas Estudio lujoso 1 recámara super amplia Cocina con parrilla y tarja Baño completoEstacionamiento subterráneo Tina de piedra tallada Gimnasio para mantenerte en forma Temazcal y cenote para relajarte Alberca común súper amplia Recepción y seguridad las 24 horas Todo esto por un precio mensual de $<span class='descripcionDatosAnunciante'><button class='btn btn-link js-verDatos' href='#'>Ver datos</button></span> más depósito + servico...,https://img10.naventcdn.com/avisos/18/01/49/94/52/22/720x532/1608136921.jpg?isFirstImage=true; https://img10.naventcdn.com/avisos/18/01/49/94/52/22/720x532/1608136945.jpg; https://img10.naventcdn.com/avisos/18/01/49/94/52/22/720x532/1608136827.jpg; https://img10.naventcdn.com/avisos/18/01/49/94/52/22/720x532/1608137020.jpg; https://img10.naventcdn.com/avisos/18/01/49/94/52/22/720x532/1608136746.jpg; https://img10.naventcdn.com/avisos/18/01/49/94/52/22/720x532/1608137039.jpg; https://img10.naventcdn.com/avisos/18/01/49/94/52/22/720x532/1608136958.jpg; https://img10.naventcdn.com/avisos/18/01/49/94/52/22/720x532/1608136839.jpg,Mexico,Quintana Roo,Tulum,20.2148814,-87.4674116,Rent
Paola Huerta - Realtor - Sales and Rentals,https://www.inmuebles24.com/inmobiliarias/paola-huerta-realtor-sales-and-rentals_102872515-inmuebles.html,Inmuebles24 (via parse.bot API),https://www.inmuebles24.com/propiedades/clasificado/alclapin-renta-a-largo-plazo-en-tulum-long-term-rental-tulum.-150067772.html,Renta a Largo Plazo en Tulum - Long Term Rental Tulum.,Unknown,19000,MXN,2,2,,m2,"Rentas A largo plazo en tulumpara atención personalizada contáctanos por WhatsApp a los siguientes números: Paola Huerta: +52 (5522 43 8797) y Ramón Capocchia +<span class='descripcionDatosAnunciante'><button class='btn btn-link js-verDatos' href='#'>Ver datos</button></span>) BienvenidoAldea Savia 2nd FaseUbicado en planta alta2 recámaras y dos bañosTerraza ampliaSala cómoda con gran sofáCocina equipada y con barraComedor para 6 personasamenidadesalberca, gimnasio, co working, dos albercas, pád...",https://img10.naventcdn.com/avisos/18/01/50/06/77/72/720x532/1610533755.jpg?isFirstImage=true; https://img10.naventcdn.com/avisos/18/01/50/06/77/72/720x532/1610533902.jpg; https://img10.naventcdn.com/avisos/18/01/50/06/77/72/720x532/1610533918.jpg; https://img10.naventcdn.com/avisos/18/01/50/06/77/72/720x532/1610533880.jpg; https://img10.naventcdn.com/avisos/18/01/50/06/77/72/720x532/1610533906.jpg; https://img10.naventcdn.com/avisos/18/01/50/06/77/72/720x532/1610533914.jpg; https://img10.naventcdn.com/avisos/18/01/50/06/77/72/720x532/1610533909.jpg; https://img10.naventcdn.com/avisos/18/01/50/06/77/72/720x532/1610533756.jpg,Mexico,Quintana Roo,Tulum,20.1997998,-87.454707,Rent
Tulum Rental Homes,https://www.inmuebles24.com/inmobiliarias/tulum-rental-homes_102640624-inmuebles.html,Inmuebles24 (via parse.bot API),https://www.inmuebles24.com/propiedades/clasificado/alclapin-departamento-en-adora-101-149546397.html,Departamento en Adora #101,Condo/Apartment,38000,MXN,2,2,,m2,"Adora #101 KukulkanCaracterísticas Destacadas 2 Recamaras con closet2 baños completosSala con tvcocina equipada con barraComedorLavasecadoraAlberca privadaAmenidadesEstacionamientoCenote naturalAlberca compartidaRecepción y seguridad las 24 hsTemazcalPrecio $38, 000 mxn mensuales + deposito + servicios. $2, 500 mxn contrato/poliza. Incluye agua y mantenimiento.",https://img10.naventcdn.com/avisos/18/01/49/54/63/97/720x532/1599743906.jpg?isFirstImage=true; https://img10.naventcdn.com/avisos/18/01/49/54/63/97/720x532/1599743914.jpg; https://img10.naventcdn.com/avisos/18/01/49/54/63/97/720x532/1599741744.jpg; https://img10.naventcdn.com/avisos/18/01/49/54/63/97/720x532/1599743935.jpg; https://img10.naventcdn.com/avisos/18/01/49/54/63/97/720x532/1599743925.jpg; https://img10.naventcdn.com/avisos/18/01/49/54/63/97/720x532/1599743910.jpg; https://img10.naventcdn.com/avisos/18/01/49/54/63/97/720x532/1599743915.jpg; https://img10.naventcdn.com/avisos/18/01/49/54/63/97/720x532/1599741729.jpg,Mexico,Quintana Roo,Tulum,20.1810567,-87.4702385,Rent
Tulum Rental Homes,https://www.inmuebles24.com/inmobiliarias/tulum-rental-homes_102640624-inmuebles.html,Inmuebles24 (via parse.bot API),https://www.inmuebles24.com/propiedades/clasificado/alclapin-departamento-en-aldea-zama-149546235.html,Departamento en Aldea Zamá,Condo/Apartment,32000,MXN,2,2,117.0,m2,"Paramar Viva 207Aldea Zama PremiumCaracterísticas destacadas 2 recámaras completas, una es lock off 2 baños Cocina integral con barra Sala y comedor Rooftop con piscina Gimnasio Sauna Bicicletas incluidas en la renta Excelentes amenidadesIncluye mantenimiento e internet. Electricidad y agua se cobran aparte. $32, 000 mxn mensuales + depósito+ servicios+poliza y contrato pago unico de 2. 500 pesosmantenimiento incluido",https://img10.naventcdn.com/avisos/18/01/49/54/62/35/720x532/1599737741.jpg?isFirstImage=true; https://img10.naventcdn.com/avisos/18/01/49/54/62/35/720x532/1599737748.jpg; https://img10.naventcdn.com/avisos/18/01/49/54/62/35/720x532/1599737740.jpg; https://img10.naventcdn.com/avisos/18/01/49/54/62/35/720x532/1599737752.jpg; https://img10.naventcdn.com/avisos/18/01/49/54/62/35/720x532/1599737709.jpg; https://img10.naventcdn.com/avisos/18/01/49/54/62/35/720x532/1599737738.jpg; https://img10.naventcdn.com/avisos/18/01/49/54/62/35/720x532/1599737727.jpg; https://img10.naventcdn.com/avisos/18/01/49/54/62/35/720x532/1599737733.jpg,Mexico,Quintana Roo,Tulum,20.1954499525,-87.4610799286,Rent
Real Estate Agent,https://www.inmuebles24.com/inmobiliarias/real-estate-agent_102322087-inmuebles.html,Inmuebles24 (via parse.bot API),https://www.inmuebles24.com/propiedades/clasificado/alclapin-departamento-tulum-146548549.html,Departamento - Tulum,Condo/Apartment,5000,MXN,2,,45.0,m2,Se renta departamento semi amuebladoubicación: aldea tulum precio 5000 No incluye el mantenimiento los servicios se pagan aparte 2 recamaras2 camas matrimonialrefrigeradorsofamesatanque de gas1 aire acondicionado1 ventiladorperiodo minimo de 6 meses se pide deposito en garantíase pide costo del contrat,https://img10.naventcdn.com/avisos/18/01/46/54/85/49/720x532/1546821629.jpg?isFirstImage=true; https://img10.naventcdn.com/avisos/18/01/46/54/85/49/720x532/1546821615.jpg; https://img10.naventcdn.com/avisos/18/01/46/54/85/49/720x532/1546821618.jpg; https://img10.naventcdn.com/avisos/18/01/46/54/85/49/720x532/1546821651.jpg; https://img10.naventcdn.com/avisos/18/01/46/54/85/49/720x532/1534610838.jpg; https://img10.naventcdn.com/avisos/18/01/46/54/85/49/720x532/1534610841.jpg; https://img10.naventcdn.com/avisos/18/01/46/54/85/49/720x532/1534610842.jpg; https://img10.naventcdn.com/avisos/18/01/46/54/85/49/720x532/1534610840.jpg,Mexico,Quintana Roo,Tulum,20.1969826,-87.5324867,Rent
MUNDO RAIZ,https://www.inmuebles24.com/inmobiliarias/mundo-raiz_50154107-inmuebles.html,Inmuebles24 (via parse.bot API),https://www.inmuebles24.com/propiedades/clasificado/alclapin-departamento-en-renta-en-la-region-15-tulum-quintana-150721536.html,Departamento en Renta en La Region 15 Tulum Quintana Roo,Condo/Apartment,10000,MXN,1,1,50.0,m2,"Lindo estudio de 50 mt2 sin amueblar en la Región 15, dentro del hermoso desarrollo de ayook en Tulum, Q. Roo. El estudio esta equipado con: - cocinea integral con parrilla de electrocrómica y filtro de agua. - 1 minisplit de 2 toneladasConsta de 1 baño completo, área de dormitorio, cocina y balcón con vista a la alberca. El condominio tiene área de parrilla, alberca, jardines, asadores, lobby y estacionamiento. El departamento no esta amueblado. Renta con contrato a largo plazo, minimo 1 año.",https://img10.naventcdn.com/avisos/18/01/50/72/15/36/720x532/1624080492.jpg?isFirstImage=true; https://img10.naventcdn.com/avisos/18/01/50/72/15/36/720x532/1624080640.jpg; https://img10.naventcdn.com/avisos/18/01/50/72/15/36/720x532/1624081001.jpg; https://img10.naventcdn.com/avisos/18/01/50/72/15/36/720x532/1624081195.jpg; https://img10.naventcdn.com/avisos/18/01/50/72/15/36/720x532/1624080819.jpg; https://img10.naventcdn.com/avisos/18/01/50/72/15/36/720x532/1624081087.jpg; https://img10.naventcdn.com/avisos/18/01/50/72/15/36/720x532/1624081148.jpg; https://img10.naventcdn.com/avisos/18/01/50/72/15/36/720x532/1624080943.jpg,Mexico,Quintana Roo,Tulum,20.1845316491,-87.4729769288,Rent
TOKKO BROKER,https://www.inmuebles24.com/inmobiliarias/tokko-broker_51174197-inmuebles.html,Inmuebles24 (via parse.bot API),https://www.inmuebles24.com/propiedades/clasificado/alclapin-departamento-en-venta-y-renta-en-tulum-150786730.html,Departamento en Venta y Renta en Tulum,Condo/Apartment,35000,MXN,2,1,90.0,m2,"¡esta propiedad no esta A la venta, es ficticia (no existe)! ¡esta propiedad no esta A la venta, es ficticia (no existe)! ¡esta propiedad no esta A la venta, es ficticia (no existe)! ¡esta propiedad no esta A la venta, es ficticia (no existe)! ¡esta propiedad no esta A la venta, es ficticia (no existe)! ¡esta propiedad no esta A la venta, es ficticia (no existe)! ¡esta propiedad no esta A la venta, es ficticia (no existe)! ¡esta propiedad no esta A la venta, es ficticia (no existe)! ¡esta propie...",https://img10.naventcdn.com/avisos/18/01/50/78/67/30/720x532/1625439431.jpg?isFirstImage=true,Mexico,Quintana Roo,Tulum,20.1763473,-87.4470776,Rent
Paraiso Real Estate Tulum,https://www.inmuebles24.com/inmobiliarias/paraiso-real-estate-tulum_50310732-inmuebles.html,Inmuebles24 (via parse.bot API),https://www.inmuebles24.com/propiedades/clasificado/alclapin-renta-amplio-depa-de-2-recamaras-en-aldea-zama-tulum-149766396.html,"Renta Amplio Depa de 2 Recamaras en Aldea Zama, Tulum",Condo/Apartment,16000,MXN,2,1,130.0,m2,"Descubre este amplio departamento en renta en Aldea Zama, Tulum. Ofrece 2 recámaras, ideal para quienes buscan comodidad y funcionalidad. La propiedad incluye servicios de mantenimiento e internet, y acepta mascotas pequeñas, lo que la convierte en una opción versátil para diferentes estilos de vida. Ubicado en una zona privilegiada, el departamento cuenta con balcón, cocina, oficina, terraza, escritorio y despensa, además de servicios como electricidad, wifi, alumbrado público y tv por satélite...",https://img10.naventcdn.com/avisos/18/01/49/76/63/96/720x532/1604331328.jpg?isFirstImage=true; https://img10.naventcdn.com/avisos/18/01/49/76/63/96/720x532/1604331332.jpg; https://img10.naventcdn.com/avisos/18/01/49/76/63/96/720x532/1604331338.jpg; https://img10.naventcdn.com/avisos/18/01/49/76/63/96/720x532/1604331334.jpg; https://img10.naventcdn.com/avisos/18/01/49/76/63/96/720x532/1604331330.jpg; https://img10.naventcdn.com/avisos/18/01/49/76/63/96/720x532/1604331329.jpg; https://img10.naventcdn.com/avisos/18/01/49/76/63/96/720x532/1604331325.jpg; https://img10.naventcdn.com/avisos/18/01/49/76/63/96/720x532/1604331337.jpg,Mexico,Quintana Roo,Tulum,20.1994448691,-87.463265929,Rent
Tulum Rental Homes,https://www.inmuebles24.com/inmobiliarias/tulum-rental-homes_102640624-inmuebles.html,Inmuebles24 (via parse.bot API),https://www.inmuebles24.com/propiedades/clasificado/alclapin-amplio-apartamento-de-una-habitacion-en-la-veleta-149945424.html,Amplio Apartamento de Una Habitacion en La Veleta - Cacao Tulum,Penthouse,20000,MXN,1,2,,m2,¡Experimenta la auténtica vida en Tulum en el Condominio Cacao Tulum en el corazón de La Veleta! Espectacular Penthouse a Largo PlazoDisfruta de la vida en Tulum con este espectacular Penthouse disponible a largo plazo. Esta impresionante propiedad cuenta con 2 amplios espacios y una serie de comodidades que te harán sentir como en el paraíso. Características Destacadas: 1 recámara espaciosa2 baños completosCocina integral con barraSala con sofá cama y Smart tvalberca privada en balcónAmenidades...,https://img10.naventcdn.com/avisos/18/01/49/94/54/24/720x532/1608138209.jpg?isFirstImage=true; https://img10.naventcdn.com/avisos/18/01/49/94/54/24/720x532/1608138173.jpg; https://img10.naventcdn.com/avisos/18/01/49/94/54/24/720x532/1608138246.jpg; https://img10.naventcdn.com/avisos/18/01/49/94/54/24/720x532/1608138254.jpg; https://img10.naventcdn.com/avisos/18/01/49/94/54/24/720x532/1608138191.jpg; https://img10.naventcdn.com/avisos/18/01/49/94/54/24/720x532/1608138236.jpg; https://img10.naventcdn.com/avisos/18/01/49/94/54/24/720x532/1608138182.jpg; https://img10.naventcdn.com/avisos/18/01/49/94/54/24/720x532/1608138200.jpg,Mexico,Quintana Roo,Tulum,20.1997884239,-87.472337665,Rent
Paraiso Real Estate Tulum,https://www.inmuebles24.com/inmobiliarias/paraiso-real-estate-tulum_50310732-inmuebles.html,Inmuebles24 (via parse.bot API),https://www.inmuebles24.com/propiedades/clasificado/alclapin-renta-cozy-departamento-de-2-rec-en-2-niveles-con-148786183.html,"Renta Cozy Departamento de 2 Rec en 2 Niveles, con Jacuzzi Privada en El Roof, en Aldea Savia Tulum",Condo/Apartment,20000,MXN,2,2,,m2,"Cozy dúplex en renta en Aldea SaviaDistribuido en 2 niveles asi divididos: Primer nivel: 2 Habitaciones y los dos baños, cocian con sala comedor y amplio salon con balconSegundo nivel con roof privado y jacuzziTotalmente Equipada y AmuebladaPet Friendly ¡Tus mascotas son bienvenidas! Lavadora secadoraPaneles solares para bajar tu consumo de electricidad. Incluye: cuota condominio No incluye serviciosAmenidades del Condominio: Comunidad privada, acceso con pluma Gimnasio Seguridad 24/74 albercasC...",https://img10.naventcdn.com/avisos/18/01/48/78/61/83/720x532/1604870399.jpg?isFirstImage=true; https://img10.naventcdn.com/avisos/18/01/48/78/61/83/720x532/1604870398.jpg; https://img10.naventcdn.com/avisos/18/01/48/78/61/83/720x532/1604870390.jpg; https://img10.naventcdn.com/avisos/18/01/48/78/61/83/720x532/1604870396.jpg; https://img10.naventcdn.com/avisos/18/01/48/78/61/83/720x532/1604870401.jpg; https://img10.naventcdn.com/avisos/18/01/48/78/61/83/720x532/1604870385.jpg; https://img10.naventcdn.com/avisos/18/01/48/78/61/83/720x532/1604870384.jpg; https://img10.naventcdn.com/avisos/18/01/48/78/61/83/720x532/1604870387.jpg,Mexico,Quintana Roo,Tulum,20.212721606,-87.4797758524,Rent
Tulum Rental Homes,https://www.inmuebles24.com/inmobiliarias/tulum-rental-homes_102640624-inmuebles.html,Inmuebles24 (via parse.bot API),https://www.inmuebles24.com/propiedades/clasificado/alclapin-departamento-en-coco-village-149947339.html,Departamento en Coco Village,Condo/Apartment,22000,MXN,2,2,,m2,"Condominio Coco Village #C1 La Veleta Características destacadas 2 recámaras con clóset 2 baños completos Cocina completa con horno Refrigerador de doble puerta Sala con Smart tv Comedor Lavasecadora Amenidades Área de parking Alberca compartida Palapa de reuniones Rodeado Areas verdes Precio: $22, 000 mensuales + depósito + servicios + $2. 500 pago única vez por contrato/póliza. Incluye mantenimiento. Ubicación: https: //maps. app. goo. gl/bRcwEqNqUiohsuna8 Drive: https: //drive. google. com/dr...",https://img10.naventcdn.com/avisos/18/01/49/94/73/39/720x532/1608177288.jpg?isFirstImage=true; https://img10.naventcdn.com/avisos/18/01/49/94/73/39/720x532/1608177265.jpg; https://img10.naventcdn.com/avisos/18/01/49/94/73/39/720x532/1608177280.jpg; https://img10.naventcdn.com/avisos/18/01/49/94/73/39/720x532/1608177297.jpg; https://img10.naventcdn.com/avisos/18/01/49/94/73/39/720x532/1608177246.jpg; https://img10.naventcdn.com/avisos/18/01/49/94/73/39/720x532/1608177271.jpg; https://img10.naventcdn.com/avisos/18/01/49/94/73/39/720x532/1608177242.jpg; https://img10.naventcdn.com/avisos/18/01/49/94/73/39/720x532/1608177259.jpg,Mexico,Quintana Roo,Tulum,20.2090861884,-87.4752553823,Rent
ANYELA GONZALEZ,https://www.inmuebles24.com/inmobiliarias/anyela-gonzalez_103107067-inmuebles.html,Inmuebles24 (via parse.bot API),https://www.inmuebles24.com/propiedades/clasificado/alclappa-departamento-amueblado-en-casa-patrones-tulum-centro-150482574.html,Departamento Amueblado en Casa Patrones | Tulum Centro | Excelente Ubicación,Condo/Apartment,18000,MXN,1,1,45.0,m2,"Departamento en renta en Casa Patrones – Tulum Centro. Disfruta de la comodidad de vivir en una de las zonas con mayor crecimiento de Tulum. Este departamento combina una excelente ubicación con espacios funcionales y un ambiente tranquilo, ideal para quienes buscan calidad de vida. Características: * Departamento listo para habitar. * Espacios cómodos y bien iluminados. * Cocina equipada. * Sala y comedor. * Recámara. * Baño. * Aire acondicionado. * Amueblado. * Internet. Ubicado en Casa Patron...",https://img10.naventcdn.com/avisos/18/01/50/48/25/74/720x532/1619831758.jpg?isFirstImage=true; https://img10.naventcdn.com/avisos/18/01/50/48/25/74/720x532/1619831765.jpg; https://img10.naventcdn.com/avisos/18/01/50/48/25/74/720x532/1619831759.jpg; https://img10.naventcdn.com/avisos/18/01/50/48/25/74/720x532/1619831762.jpg; https://img10.naventcdn.com/avisos/18/01/50/48/25/74/720x532/1619831763.jpg; https://img10.naventcdn.com/avisos/18/01/50/48/25/74/720x532/1619831761.jpg; https://img10.naventcdn.com/avisos/18/01/50/48/25/74/720x532/1619831768.jpg; https://img10.naventcdn.com/avisos/18/01/50/48/25/74/720x532/1619831754.jpg,Mexico,Quintana Roo,Tulum,20.211332848029592,-87.45358689686182,Rent
Tulum Rental Homes,https://www.inmuebles24.com/inmobiliarias/tulum-rental-homes_102640624-inmuebles.html,Inmuebles24 (via parse.bot API),https://www.inmuebles24.com/propiedades/clasificado/alclapin-departamento-en-cacao-tulum-149945425.html,Departamento en Cacao Tulum,Condo/Apartment,19000,MXN,1,1,67.0,m2,"Condominio cacao tulum D202La Veleta Características Destacadas1 Recamara amplia con closet1 Baño completoCocina equipada con hornoBarra/comedorSala con tvBalcón con alberca privadaAmenidadesGimnasioAlberca compartidaZona de Yogaprecio: $19, 000 mxn mensuales + depósito + servicios + $2, 500 mxn contrato/póliza. Incluye mantenimiento",https://img10.naventcdn.com/avisos/18/01/49/94/54/25/720x532/1608138249.jpg?isFirstImage=true; https://img10.naventcdn.com/avisos/18/01/49/94/54/25/720x532/1608138178.jpg; https://img10.naventcdn.com/avisos/18/01/49/94/54/25/720x532/1608138171.jpg; https://img10.naventcdn.com/avisos/18/01/49/94/54/25/720x532/1608138183.jpg; https://img10.naventcdn.com/avisos/18/01/49/94/54/25/720x532/1608138233.jpg; https://img10.naventcdn.com/avisos/18/01/49/94/54/25/720x532/1608138203.jpg; https://img10.naventcdn.com/avisos/18/01/49/94/54/25/720x532/1608138197.jpg; https://img10.naventcdn.com/avisos/18/01/49/94/54/25/720x532/1608138243.jpg,Mexico,Quintana Roo,Tulum,20.1992332945,-87.4721139122,Rent
Paraiso Real Estate Tulum,https://www.inmuebles24.com/inmobiliarias/paraiso-real-estate-tulum_50310732-inmuebles.html,Inmuebles24 (via parse.bot API),https://www.inmuebles24.com/propiedades/clasificado/alclapin-estuio-ph-con-piscina-privada-en-panoramic-148425891.html,Estuio PH con Piscina Privada en Panoramic,Unknown,14500,MXN,1,1,88.0,m2,"Estudio de lujo con terraza y piscina privadas. Ropa de cama de alta calidad: sábanas, almohadas y colchón. Cocina totalmente equipada. Piscina privada. Si prefieres piscinas más grandes, a solo unos pasos encontrarás una magnífica y exclusiva piscina panorámica de 360º que te dejará sin aliento cada vez que te sumerjas. Gimnasio, espacio de coworking, estudio de pilates y restaurante en el mismo edificio. Precio valido para renta de 12 meses. Inlcuye internet, gym, vigilancia 24/7, jardineria c...",https://img10.naventcdn.com/avisos/18/01/48/42/58/91/720x532/1604944205.jpg?isFirstImage=true; https://img10.naventcdn.com/avisos/18/01/48/42/58/91/720x532/1604944219.jpg; https://img10.naventcdn.com/avisos/18/01/48/42/58/91/720x532/1604944194.jpg; https://img10.naventcdn.com/avisos/18/01/48/42/58/91/720x532/1604944209.jpg; https://img10.naventcdn.com/avisos/18/01/48/42/58/91/720x532/1604944223.jpg; https://img10.naventcdn.com/avisos/18/01/48/42/58/91/720x532/1604944200.jpg; https://img10.naventcdn.com/avisos/18/01/48/42/58/91/720x532/1604944310.jpg; https://img10.naventcdn.com/avisos/18/01/48/42/58/91/720x532/1604944213.jpg,Mexico,Quintana Roo,Tulum,20.1982985374,-87.4756311897,Rent
AURA CRISTINA GAMBOA NEUMAN,https://www.inmuebles24.com/inmobiliarias/aura-cristina-gamboa-neuman_102413544-inmuebles.html,Inmuebles24 (via parse.bot API),https://www.inmuebles24.com/propiedades/clasificado/alclapin-estudio-en-ubicacion-estrategica-en-tulum-ideal-para-149505882.html,"Estudio en Ubicación Estratégica en Tulum | Ideal Para Airbnb, Renta a Largo Plazo o Vivienda Perman",Unknown,8000,MXN,1,1,34.0,m2,"## Estudio en Venta en Tulum – Alta Rentabilidad Airbnb | Región 15 | Totalmente Amueblado y Listo para Ingresos InmediatosInvierte donde el dinero se mueve: un estudio listo para generar ingresos desde el día uno en una de las zonas con mayor crecimiento de Tulum. Ubicado estratégicamente en Región 15, este estudio de 33. 86 m² totalmente equipado y amueblado es una oportunidad ideal para inversionistas que buscan renta vacacional (Airbnb), renta a largo plazo o uso personal con alta plusvalía....",https://img10.naventcdn.com/avisos/18/01/49/50/58/82/720x532/1598837316.jpg?isFirstImage=true; https://img10.naventcdn.com/avisos/18/01/49/50/58/82/720x532/1598837419.jpg; https://img10.naventcdn.com/avisos/18/01/49/50/58/82/720x532/1598837422.jpg; https://img10.naventcdn.com/avisos/18/01/49/50/58/82/720x532/1598837396.jpg; https://img10.naventcdn.com/avisos/18/01/49/50/58/82/720x532/1598837416.jpg; https://img10.naventcdn.com/avisos/18/01/49/50/58/82/720x532/1598837395.jpg; https://img10.naventcdn.com/avisos/18/01/49/50/58/82/720x532/1598837415.jpg; https://img10.naventcdn.com/avisos/18/01/49/50/58/82/720x532/1598837406.jpg,Mexico,Quintana Roo,Tulum,20.1969894326,-87.4717967176,Rent
Tulum Rental Homes,https://www.inmuebles24.com/inmobiliarias/tulum-rental-homes_102640624-inmuebles.html,Inmuebles24 (via parse.bot API),https://www.inmuebles24.com/propiedades/clasificado/alclapin-departamento-en-tulum-149945223.html,Departamento en Tulum,Condo/Apartment,30000,MXN,2,2,,m2,"Condominio adora #204Av. KukulkánCaracterísticas Destacadas2 Recámaras elegantes2 Baños completosCocina completa con barraLava secadoraAmplia sala de estar y comedorTerraza y balcón privadoAlberca privadaAmenidadesAlberca CompartidaSpaCenote naturalMiradorRestauranteRecepción 24 HorasPrecio: $30, 000 mxn mensuales + deposito + servicios. $2, 500 mxn contrato/póliza. Incluye mantenimiento(hoa)",https://img10.naventcdn.com/avisos/18/01/49/94/52/23/720x532/1608134988.jpg?isFirstImage=true; https://img10.naventcdn.com/avisos/18/01/49/94/52/23/720x532/1608133340.jpg; https://img10.naventcdn.com/avisos/18/01/49/94/52/23/720x532/1608133369.jpg; https://img10.naventcdn.com/avisos/18/01/49/94/52/23/720x532/1608133519.jpg; https://img10.naventcdn.com/avisos/18/01/49/94/52/23/720x532/1608134738.jpg; https://img10.naventcdn.com/avisos/18/01/49/94/52/23/720x532/1608135301.jpg; https://img10.naventcdn.com/avisos/18/01/49/94/52/23/720x532/1608133441.jpg; https://img10.naventcdn.com/avisos/18/01/49/94/52/23/720x532/1608133247.jpg,Mexico,Quintana Roo,Tulum,20.2114185,-87.4653502,Rent
Tulum Rental Homes,https://www.inmuebles24.com/inmobiliarias/tulum-rental-homes_102640624-inmuebles.html,Inmuebles24 (via parse.bot API),https://www.inmuebles24.com/propiedades/clasificado/alclapin-departamento-en-villas-tulum-149546137.html,Departamento en Villas Tulum,Condo/Apartment,12500,MXN,1,1,,m2,"Departamento en villas tulumvillas TulumCaracterísticas Destacadas1 Recamara con cama king size &amp;amp; guarda ropa1 Baño completoCocina equipada con estufa de gasSala &amp;amp; comedorTerraza con alberca privadaPrecio mensual: $12, 500 mxn + deposito + agua + $2, 500 mxn contrato/póliza. Incluye wifi y luz(máximo 300killowatts por bimestre) trh id 803",https://img10.naventcdn.com/avisos/18/01/49/54/61/37/720x532/1599735930.jpg?isFirstImage=true; https://img10.naventcdn.com/avisos/18/01/49/54/61/37/720x532/1599735918.jpg; https://img10.naventcdn.com/avisos/18/01/49/54/61/37/720x532/1599735921.jpg; https://img10.naventcdn.com/avisos/18/01/49/54/61/37/720x532/1599735923.jpg; https://img10.naventcdn.com/avisos/18/01/49/54/61/37/720x532/1599735915.jpg; https://img10.naventcdn.com/avisos/18/01/49/54/61/37/720x532/1599735920.jpg; https://img10.naventcdn.com/avisos/18/01/49/54/61/37/720x532/1599735919.jpg; https://img10.naventcdn.com/avisos/18/01/49/54/61/37/720x532/1599735922.jpg,Mexico,Quintana Roo,Tulum,20.2175425,-87.4514178,Rent
Tulum Rental Homes,https://www.inmuebles24.com/inmobiliarias/tulum-rental-homes_102640624-inmuebles.html,Inmuebles24 (via parse.bot API),https://www.inmuebles24.com/propiedades/clasificado/alclapin-botanic-311-148025680.html,Botanic 311,Unknown,23000,MXN,2,2,,m2,"Botánic #311Región 8Características destacadas2 Recamaras con camas queen size &amp;amp; closet, 1 con lock off2 Baños completosCocina equipada con hornoSala con tvComedorCentro de lavadoBalcones2do piso121 m2AmenidadesGimnasio &amp;amp; área de yogaAlberca planta baja &amp;amp; en rooftopZona coworkingSalón de uso múltipleTerraza &amp;amp; asoleaderosPrecio: $23, 000 mxn mensuales + depósito + servicios + $2, 500 mxn contrato/póliza. Mantenimiento incluido(hoa) trh id 1046",https://img10.naventcdn.com/avisos/18/01/48/02/56/80/720x532/1568872737.jpg?isFirstImage=true; https://img10.naventcdn.com/avisos/18/01/48/02/56/80/720x532/1568872740.jpg; https://img10.naventcdn.com/avisos/18/01/48/02/56/80/720x532/1568872741.jpg; https://img10.naventcdn.com/avisos/18/01/48/02/56/80/720x532/1568872726.jpg; https://img10.naventcdn.com/avisos/18/01/48/02/56/80/720x532/1568872724.jpg; https://img10.naventcdn.com/avisos/18/01/48/02/56/80/720x532/1568872748.jpg; https://img10.naventcdn.com/avisos/18/01/48/02/56/80/720x532/1568872745.jpg; https://img10.naventcdn.com/avisos/18/01/48/02/56/80/720x532/1568872728.jpg,Mexico,Quintana Roo,Tulum,20.2114185,-87.4653502,Rent
Tulum Rental Homes,https://www.inmuebles24.com/inmobiliarias/tulum-rental-homes_102640624-inmuebles.html,Inmuebles24 (via parse.bot API),https://www.inmuebles24.com/propiedades/clasificado/alclapin-departamento-en-la-veleta-plalma-tierra-149945393.html,"Departamento en La Veleta, Plalma Tierra",Condo/Apartment,14000,MXN,1,1,,m2,"¡Explora La Veleta desde Palalma Tierra #18! - Apartamento Amueblado y EquipadoDescubre la comodidad de vivir en La Veleta con este encantador apartamento amueblado y equipado. Este espacio único te brinda la oportunidad de experimentar la esencia de Tulum de cerca. Características Destacadas: 1 espaciosa recámara1 baño completoCondominio con albercaRecepción y seguridad las 24 horasZonas verdesGimnasio7-Eleven debajo del condominio- Mantenimiento incluido- Servicios adicionales a la renta$14, 0...",https://img10.naventcdn.com/avisos/18/01/49/94/53/93/720x532/1608137843.jpg?isFirstImage=true; https://img10.naventcdn.com/avisos/18/01/49/94/53/93/720x532/1608138004.jpg; https://img10.naventcdn.com/avisos/18/01/49/94/53/93/720x532/1608138052.jpg; https://img10.naventcdn.com/avisos/18/01/49/94/53/93/720x532/1608137973.jpg; https://img10.naventcdn.com/avisos/18/01/49/94/53/93/720x532/1608137780.jpg; https://img10.naventcdn.com/avisos/18/01/49/94/53/93/720x532/1608137888.jpg; https://img10.naventcdn.com/avisos/18/01/49/94/53/93/720x532/1608137997.jpg; https://img10.naventcdn.com/avisos/18/01/49/94/53/93/720x532/1608137845.jpg,Mexico,Quintana Roo,Tulum,20.1989515096,-87.4716686681,Rent
TheONERealtors,https://www.inmuebles24.com/inmobiliarias/theonerealtors_51348599-inmuebles.html,Inmuebles24 (via parse.bot API),https://www.inmuebles24.com/propiedades/clasificado/alclapin-departamento-en-renta-tulum-144850252.html,"Departamento en Renta, Tulum",Condo/Apartment,14000,MXN,1,1,35.0,m2,"Estudio en rentariviera TulumDescripcion del Departamento- 35 m2 - Amueblado-Cocineta- Seguridad 24 hrs- Incluye: agua, gas, internet. - Lavadora de servicio común. - 1 Cajón de estacionamiento para auto compacto. No incluye: energía eléctrica. No se aceptan mascotas. -Requisitos: *1 mes de depósito* un depósito de 2 mil por concepto de garantía del pago de energía eléctrica y un mes de renta. *Pago de $3, 200 por estudio socioeconómico, contrato anual firmado en notaría y pagarés",https://img10.naventcdn.com/avisos/18/01/44/85/02/52/720x532/1495849696.jpg?isFirstImage=true; https://img10.naventcdn.com/avisos/18/01/44/85/02/52/720x532/1495849697.jpg; https://img10.naventcdn.com/avisos/18/01/44/85/02/52/720x532/1491830357.jpg; https://img10.naventcdn.com/avisos/18/01/44/85/02/52/720x532/1491830360.jpg; https://img10.naventcdn.com/avisos/18/01/44/85/02/52/720x532/1491830354.jpg; https://img10.naventcdn.com/avisos/18/01/44/85/02/52/720x532/1491830359.jpg; https://img10.naventcdn.com/avisos/18/01/44/85/02/52/720x532/1491830358.jpg,Mexico,Quintana Roo,Tulum,20.2125527,-87.4583994,Rent
Paola Huerta - Realtor - Sales and Rentals,https://www.inmuebles24.com/inmobiliarias/paola-huerta-realtor-sales-and-rentals_102872515-inmuebles.html,Inmuebles24 (via parse.bot API),https://www.inmuebles24.com/propiedades/clasificado/alclapin-departamento-en-aldea-zama-149693964.html,Departamento en Aldea Zama,Condo/Apartment,35000,MXN,2,2,,m2,"Bienvenido a este hermoso departamento, el departamento de tus sueños con alberca privada y cuenta con 2 lindas recámaras, este puede ser tu nuevo hogar. Ubicación: Paramar Viva, Aldea ZamáRenta largo plazo, al tipo de cambio del díaSistema lock offTiene 2 recámaras y 2. 5 bañosClosets ampliosCocina amplia, con barra y hornoSala y comedor con mucha luzLavadora y secadoraSala de estar con roof top y alberca privadaAcceso controladoGimnasioSaunaInfinity poolEstacionamiento$35, 000 mn más depósitoS...",https://img10.naventcdn.com/avisos/18/01/49/69/39/64/720x532/1602842623.jpg?isFirstImage=true; https://img10.naventcdn.com/avisos/18/01/49/69/39/64/720x532/1602842627.jpg; https://img10.naventcdn.com/avisos/18/01/49/69/39/64/720x532/1602842625.jpg; https://img10.naventcdn.com/avisos/18/01/49/69/39/64/720x532/1602842622.jpg; https://img10.naventcdn.com/avisos/18/01/49/69/39/64/720x532/1602842624.jpg; https://img10.naventcdn.com/avisos/18/01/49/69/39/64/720x532/1602842626.jpg; https://img10.naventcdn.com/avisos/18/01/49/69/39/64/720x532/1602842628.jpg; https://img10.naventcdn.com/avisos/18/01/49/69/39/64/720x532/1602842621.jpg,Mexico,Quintana Roo,Tulum,20.1954701,-87.4611034,Rent
Adoquin Inmobiliaria Playa del Carmen y Tulum,https://www.inmuebles24.com/inmobiliarias/adoquin-inmobiliaria-playa-del-carmen-y-tulum_102680023-inmuebles.html,Inmuebles24 (via parse.bot API),https://www.inmuebles24.com/propiedades/clasificado/alclapin-renta-recamara-en-departamento-compartido-eden-aldea-149998266.html,Renta Recamara en Departamento Compartido Eden Aldea Zama Tulum,Condo/Apartment,7000,MXN,2,2,80.0,m2,"Se Renta Habitación Amueblada para Roomie en Aldea Zama, Tulum Buscas vivir en una de las mejores zonas de Tulum, con seguridad, tranquilidad y excelentes amenidades? Esta es una excelente opción para profesionistas, deportistas o personas que trabajan de forma remota. Habitación privada completamente amueblada Cama matrimonial Clóset amplio de madera Baño privado Aire acondicionado Ventilador de techo Áreas compartidas Sala amueblada Comedor Cocina equipada Terraza con vista a áreas verdes Área...",https://img10.naventcdn.com/avisos/18/01/49/99/82/66/720x532/1611581050.jpg?isFirstImage=true; https://img10.naventcdn.com/avisos/18/01/49/99/82/66/720x532/1611581054.jpg; https://img10.naventcdn.com/avisos/18/01/49/99/82/66/720x532/1611581047.jpg; https://img10.naventcdn.com/avisos/18/01/49/99/82/66/720x532/1611581043.jpg; https://img10.naventcdn.com/avisos/18/01/49/99/82/66/720x532/1611581053.jpg; https://img10.naventcdn.com/avisos/18/01/49/99/82/66/720x532/1611581045.jpg; https://img10.naventcdn.com/avisos/18/01/49/99/82/66/720x532/1611581042.jpg; https://img10.naventcdn.com/avisos/18/01/49/99/82/66/720x532/1611581044.jpg,Mexico,Quintana Roo,Tulum,20.2039271,-87.4574268,Rent
Sena Real Estate,https://www.inmuebles24.com/inmobiliarias/sena-real-estate_102572431-inmuebles.html,Inmuebles24 (via parse.bot API),https://www.inmuebles24.com/propiedades/clasificado/alclapin-renta-departamento-2-rec.-aldea-zama-tulum-149769257.html,Renta Departamento 2 Rec. Aldea Zama Tulum,Condo/Apartment,24000,MXN,2,2,,m2,"Departamento en Renta en Aldea Zama, Tulum$24, 000 mxn mensualesTotalmente amueblado y equipadoExcelente oportunidad de vivir en una de las zonas más exclusivas y con mayor plusvalía de Tulum. Aldea Zama ofrece una ubicación privilegiada, rodeada de naturaleza y con fácil acceso a la zona hotelera, restaurantes, cafés y playas del Caribe Mexicano. Características: 2 recámaras2 baños completos2do nivelSala y comedorCocina equipadaEquipado al 100%EstacionamientoAmenidades: AlbercaSeguridad 24/7Ide...",https://img10.naventcdn.com/avisos/18/01/49/76/92/57/720x532/1604378184.jpg?isFirstImage=true; https://img10.naventcdn.com/avisos/18/01/49/76/92/57/720x532/1604378557.jpg; https://img10.naventcdn.com/avisos/18/01/49/76/92/57/720x532/1604378786.jpg; https://img10.naventcdn.com/avisos/18/01/49/76/92/57/720x532/1604378621.jpg; https://img10.naventcdn.com/avisos/18/01/49/76/92/57/720x532/1604378496.jpg; https://img10.naventcdn.com/avisos/18/01/49/76/92/57/720x532/1604378685.jpg,Mexico,Quintana Roo,Tulum,20.1972599,-87.4629898,Rent
Tulum Rental Homes,https://www.inmuebles24.com/inmobiliarias/tulum-rental-homes_102640624-inmuebles.html,Inmuebles24 (via parse.bot API),https://www.inmuebles24.com/propiedades/clasificado/alclapin-departamento-en-alma-b2-148611311.html,Departamento en Alma B2,Condo/Apartment,11900,MXN,2,2,,m2,"Departamento Alma C2Villas TulumCaracterísticas destacadas2 recámaras2 bañosSala con sillón y tvCocina con hornoBalcón privadoAire acondicionadoAmenidadesAlberca en espacios comunesEstacionamiento para motos y bicicletasPalapa y camastros*Nota: Algunos muebles pueden variar de color o modelo. Precio Anual: $11. 900 mxn mensuales + depósito + serviciosIncluye mantenimiento (hoa) , internet, aguatrh id 434",https://img10.naventcdn.com/avisos/18/01/48/61/13/11/720x532/1580707365.jpg?isFirstImage=true; https://img10.naventcdn.com/avisos/18/01/48/61/13/11/720x532/1580707355.jpg; https://img10.naventcdn.com/avisos/18/01/48/61/13/11/720x532/1580707366.jpg; https://img10.naventcdn.com/avisos/18/01/48/61/13/11/720x532/1580707360.jpg; https://img10.naventcdn.com/avisos/18/01/48/61/13/11/720x532/1580707367.jpg; https://img10.naventcdn.com/avisos/18/01/48/61/13/11/720x532/1580707359.jpg; https://img10.naventcdn.com/avisos/18/01/48/61/13/11/720x532/1580707364.jpg; https://img10.naventcdn.com/avisos/18/01/48/61/13/11/720x532/1580707357.jpg,Mexico,Quintana Roo,Tulum,20.2175425,-87.4514178,Rent
Tulum Rental Homes,https://www.inmuebles24.com/inmobiliarias/tulum-rental-homes_102640624-inmuebles.html,Inmuebles24 (via parse.bot API),https://www.inmuebles24.com/propiedades/clasificado/alclapin-cacao-tulum-d202-149546183.html,Cacao Tulum D202,Unknown,18000,MXN,1,1,,m2,"Condominio cacao tulum D202La Veleta Características Destacadas1 Recamara amplia con closet1 Baño completoCocina equipada con hornoBarra/comedorSala con tvBalcón con alberca privadaAmenidadesGimnasioAlberca compartidaZona de Yogaprecio: $18, 000 mxn mensuales + depósito + servicios + $2, 500 mxn contrato/póliza. Incluye mantenimiento(hoa)",https://img10.naventcdn.com/avisos/18/01/49/54/61/83/720x532/1599737007.jpg?isFirstImage=true; https://img10.naventcdn.com/avisos/18/01/49/54/61/83/720x532/1599736997.jpg; https://img10.naventcdn.com/avisos/18/01/49/54/61/83/720x532/1599737023.jpg; https://img10.naventcdn.com/avisos/18/01/49/54/61/83/720x532/1599737000.jpg; https://img10.naventcdn.com/avisos/18/01/49/54/61/83/720x532/1599736999.jpg; https://img10.naventcdn.com/avisos/18/01/49/54/61/83/720x532/1599736996.jpg; https://img10.naventcdn.com/avisos/18/01/49/54/61/83/720x532/1599737015.jpg; https://img10.naventcdn.com/avisos/18/01/49/54/61/83/720x532/1599737001.jpg,Mexico,Quintana Roo,Tulum,20.1997951,-87.472338,Rent
Tulum Rental Homes,https://www.inmuebles24.com/inmobiliarias/tulum-rental-homes_102640624-inmuebles.html,Inmuebles24 (via parse.bot API),https://www.inmuebles24.com/propiedades/clasificado/alclapin-departamento-en-andador-kaan-149945169.html,Departamento en Andador Kaan,Condo/Apartment,17000,MXN,2,2,,m2,"Quinto Sol, Aldea ZamaDepartamento 12Características destacadas: - 2 recámaras con cama king size - 2 baños completos - 1 medio baño - Balcon- Cocina integral con barra y horno - Sala comedor con tv - Rooftop con piscina y espacio para reuniones - Elevador - Cámaras de seguridadPrecio: $17, 000 mxn por mes + depósito + $2, 500 (póliza / contrato) Incluye mantenimiento (hoa) y serviciosid 65",https://img10.naventcdn.com/avisos/18/01/49/94/51/69/720x532/1608132520.jpg?isFirstImage=true; https://img10.naventcdn.com/avisos/18/01/49/94/51/69/720x532/1608132610.jpg; https://img10.naventcdn.com/avisos/18/01/49/94/51/69/720x532/1608133055.jpg; https://img10.naventcdn.com/avisos/18/01/49/94/51/69/720x532/1608132907.jpg; https://img10.naventcdn.com/avisos/18/01/49/94/51/69/720x532/1608133010.jpg; https://img10.naventcdn.com/avisos/18/01/49/94/51/69/720x532/1608133176.jpg; https://img10.naventcdn.com/avisos/18/01/49/94/51/69/720x532/1608133426.jpg; https://img10.naventcdn.com/avisos/18/01/49/94/51/69/720x532/1608133226.jpg,Mexico,Quintana Roo,Tulum,20.198386991,-87.4599459635,Rent
Tulum Rental Homes,https://www.inmuebles24.com/inmobiliarias/tulum-rental-homes_102640624-inmuebles.html,Inmuebles24 (via parse.bot API),https://www.inmuebles24.com/propiedades/clasificado/alclapin-palalma-tierra-15-148385433.html,Palalma Tierra #15,Unknown,15000,MXN,1,1,,m2,"Palalma Tierra #15 La Veleta Características Destacadas 1 espaciosa recámara 1 baño completo Condominio con alberca Recepción y seguridad las 24 horas Zonas verdes Gimnasio 7-Eleven debajo del condominioMantenimiento incluido (hoa) Servicios adicionales a la rentaPrecio: $15, 000 mensuales + depósito + 2500 Contrato/póliza pago única vez",https://img10.naventcdn.com/avisos/18/01/48/38/54/33/720x532/1576049224.jpg?isFirstImage=true; https://img10.naventcdn.com/avisos/18/01/48/38/54/33/720x532/1576049233.jpg; https://img10.naventcdn.com/avisos/18/01/48/38/54/33/720x532/1576049238.jpg; https://img10.naventcdn.com/avisos/18/01/48/38/54/33/720x532/1576049237.jpg; https://img10.naventcdn.com/avisos/18/01/48/38/54/33/720x532/1576049236.jpg; https://img10.naventcdn.com/avisos/18/01/48/38/54/33/720x532/1576049239.jpg; https://img10.naventcdn.com/avisos/18/01/48/38/54/33/720x532/1576049240.jpg; https://img10.naventcdn.com/avisos/18/01/48/38/54/33/720x532/1576049225.jpg,Mexico,Quintana Roo,Tulum,20.2025963,-87.4727791,Rent
Paraiso Real Estate Tulum,https://www.inmuebles24.com/inmobiliarias/paraiso-real-estate-tulum_50310732-inmuebles.html,Inmuebles24 (via parse.bot API),https://www.inmuebles24.com/propiedades/clasificado/alclapin-depa-de-1-recamaras-en-amira-district-con-roof-top-149567278.html,Depa de 1 Recamaras en Amira District con Roof Top Vista Mar Caribe - B105,Unknown,15000,MXN,1,1,55.0,m2,"Amira District – Exclusivo Residencial en Tulum, a Minutos del Mar CaribeRenta mínima de 1 año. No se aceptan contrato más corto de 12 meses. Amira District es un complejo residencial privado en Tulum, ubicado en una exclusiva zona, al lado de 101 Tulum y Faena District, rodeado de exuberante vegetación y diseñado para integrarse perfectamente con la naturaleza. Este desarrollo de lujo ofrece una experiencia única con jardines selváticos, piscinas interconectadas, pabellones multiusos y espacios...",https://img10.naventcdn.com/avisos/18/01/49/56/72/78/720x532/1600221438.jpg?isFirstImage=true; https://img10.naventcdn.com/avisos/18/01/49/56/72/78/720x532/1600221408.jpg; https://img10.naventcdn.com/avisos/18/01/49/56/72/78/720x532/1600221441.jpg; https://img10.naventcdn.com/avisos/18/01/49/56/72/78/720x532/1600221448.jpg; https://img10.naventcdn.com/avisos/18/01/49/56/72/78/720x532/1600221442.jpg; https://img10.naventcdn.com/avisos/18/01/49/56/72/78/720x532/1600221436.jpg; https://img10.naventcdn.com/avisos/18/01/49/56/72/78/720x532/1600221435.jpg; https://img10.naventcdn.com/avisos/18/01/49/56/72/78/720x532/1600221407.jpg,Mexico,Quintana Roo,Tulum,20.1861210043,-87.4469405545,Rent
Paraiso Real Estate Tulum,https://www.inmuebles24.com/inmobiliarias/paraiso-real-estate-tulum_50310732-inmuebles.html,Inmuebles24 (via parse.bot API),https://www.inmuebles24.com/propiedades/clasificado/alclapin-renta-en-planta-baja-plunge-pool-privada-1-recamara-148831621.html,"Renta en Planta Baja, Plunge Pool Privada, 1 Recamara en Angelique, Region 15 Tulum",Condo/Apartment,11000,MXN,1,1,72.0,m2,"Renta en Angelique, Region 15 Tulum. Departamento en planta baja, 1 recamara, completamente amueblado y equipado. Patio con plunge pool privada. Acceso a un beach club en la zona hotelera. Renta largo plazo, minimo 6 meses. Deposito + primer mes adelantadohoa incluido en la rentaServicios de luz, agua, internet y cualquier otro que el inquilino requiera, no estan incluidos. Se aceptan mascotas pequeñasSe puede Subarrendar, en este caso es 1 deposito + 2 meses adelantados (primero y ultimo mes de...",https://img10.naventcdn.com/avisos/18/01/48/83/16/21/720x532/1604174051.jpg?isFirstImage=true; https://img10.naventcdn.com/avisos/18/01/48/83/16/21/720x532/1604174078.jpg; https://img10.naventcdn.com/avisos/18/01/48/83/16/21/720x532/1604174049.jpg; https://img10.naventcdn.com/avisos/18/01/48/83/16/21/720x532/1604174081.jpg; https://img10.naventcdn.com/avisos/18/01/48/83/16/21/720x532/1604174096.jpg; https://img10.naventcdn.com/avisos/18/01/48/83/16/21/720x532/1604174112.jpg; https://img10.naventcdn.com/avisos/18/01/48/83/16/21/720x532/1604174095.jpg; https://img10.naventcdn.com/avisos/18/01/48/83/16/21/720x532/1604174077.jpg,Mexico,Quintana Roo,Tulum,20.1887898984,-87.4649621498,Rent
Tulum Rental Homes,https://www.inmuebles24.com/inmobiliarias/tulum-rental-homes_102640624-inmuebles.html,Inmuebles24 (via parse.bot API),https://www.inmuebles24.com/propiedades/clasificado/alclapin-departamento-en-la-veleta-tulum-149945172.html,"Departamento en La Veleta, Tulum",Condo/Apartment,25000,MXN,2,2,,m2,"¡Bienvenido a Condominio Coco Village en La Veleta, Tulum! Características destacadas: - 2 recámaras con clóset - 2 baños completos - Cocina completa con horno - Refrigerador de doble puerta - Sala con Smart tv Amenidades: - Área de parking - Alberca compartida - Palapa de reuniones Precio: $25, 000 por mes + depósito + póliza/contrato ($2, 500) *Incluye mantenimiento áreas comunes",https://img10.naventcdn.com/avisos/18/01/49/94/51/72/720x532/1608132458.jpg?isFirstImage=true; https://img10.naventcdn.com/avisos/18/01/49/94/51/72/720x532/1608132411.jpg; https://img10.naventcdn.com/avisos/18/01/49/94/51/72/720x532/1608132387.jpg; https://img10.naventcdn.com/avisos/18/01/49/94/51/72/720x532/1608132398.jpg; https://img10.naventcdn.com/avisos/18/01/49/94/51/72/720x532/1608132391.jpg; https://img10.naventcdn.com/avisos/18/01/49/94/51/72/720x532/1608132409.jpg; https://img10.naventcdn.com/avisos/18/01/49/94/51/72/720x532/1608132476.jpg; https://img10.naventcdn.com/avisos/18/01/49/94/51/72/720x532/1608132468.jpg,Mexico,Quintana Roo,Tulum,20.2094071622,-87.4742258516,Rent
Tulum Rental Homes,https://www.inmuebles24.com/inmobiliarias/tulum-rental-homes_102640624-inmuebles.html,Inmuebles24 (via parse.bot API),https://www.inmuebles24.com/propiedades/clasificado/alclapin-departamento-en-casa-jaguares-149947348.html,Departamento en Casa Jaguares,Condo/Apartment,10000,MXN,2,1,,m2,"Casa Jaguares Villas TulumCaracterísticas destacadas2 recámaras 1 bañoSala con sillonesCocina completa con horno Balcón privadoAire acondicionadoPrecio: $10, 000 mxn mensuales + depósito + servicios + $2. 500 mxn pago única vez por contrato/póliza. Incluye mantenimiento (hoa).",https://img10.naventcdn.com/avisos/18/01/49/94/73/48/720x532/1608177241.jpg?isFirstImage=true; https://img10.naventcdn.com/avisos/18/01/49/94/73/48/720x532/1608177251.jpg; https://img10.naventcdn.com/avisos/18/01/49/94/73/48/720x532/1608177247.jpg; https://img10.naventcdn.com/avisos/18/01/49/94/73/48/720x532/1608177240.jpg; https://img10.naventcdn.com/avisos/18/01/49/94/73/48/720x532/1608177243.jpg; https://img10.naventcdn.com/avisos/18/01/49/94/73/48/720x532/1608177258.jpg; https://img10.naventcdn.com/avisos/18/01/49/94/73/48/720x532/1608177254.jpg; https://img10.naventcdn.com/avisos/18/01/49/94/73/48/720x532/1608177244.jpg,Mexico,Quintana Roo,Tulum,20.1519355,-87.458435,Rent
TULUM REALTORS SA de CV,https://www.inmuebles24.com/inmobiliarias/tulum-realtors-sa-de-cv_50146364-inmuebles.html,Inmuebles24 (via parse.bot API),https://www.inmuebles24.com/propiedades/clasificado/alclapin-estudio-en-venta-y-renta-largo-plazo-de-1-habitacion-145513642.html,Estudio en Venta y Renta Largo Plazo de 1 Habitacion en Tulum La Veleta Lb 101,Unknown,11000,MXN,,1,35.0,m2,"Total de estudios disponibles: 1-2-3Renta largo plazo: $11, 000 pesosRenta vacacional: Precio renta: $65 usd por noche – 1 estudioPrecio renta: $110 usd por noche – 2 estudiosPrecio renta: $160 usd por noche – 3 estudios Descripción: Hermosos estudios modernos mezclados con la magia de la naturaleza, la paz y la comodidad, totalmente equipados y amueblados con terraza, dormitorio, área de tv, armario, barra cocina, alacena y baño completo Medidas: 35. 89 m2Amenidades: Recepción, alberca, área so...",https://img10.naventcdn.com/avisos/18/01/45/51/36/42/720x532/1506517485.jpg?isFirstImage=true; https://img10.naventcdn.com/avisos/18/01/45/51/36/42/720x532/1506517443.jpg; https://img10.naventcdn.com/avisos/18/01/45/51/36/42/720x532/1506517484.jpg; https://img10.naventcdn.com/avisos/18/01/45/51/36/42/720x532/1506517494.jpg; https://img10.naventcdn.com/avisos/18/01/45/51/36/42/720x532/1506517495.jpg; https://img10.naventcdn.com/avisos/18/01/45/51/36/42/720x532/1506517496.jpg; https://img10.naventcdn.com/avisos/18/01/45/51/36/42/720x532/1506517493.jpg; https://img10.naventcdn.com/avisos/18/01/45/51/36/42/720x532/1506517492.jpg,Mexico,Quintana Roo,Tulum,20.2094311,-87.4678919,Rent
AH Bienes Raíces Mx ,https://www.inmuebles24.com/inmobiliarias/ah-bienes-raices-mx_102241764-inmuebles.html,Inmuebles24 (via parse.bot API),https://www.inmuebles24.com/propiedades/clasificado/alclapin-departamento-region-15-149488671.html,Departamento - Region 15,Condo/Apartment,13000,MXN,1,1,45.0,m2,"Estudio en planta baja disponible en renta a largo plazo. Ideal para quien busca comodidad y acceso a amenidades que facilitan tus días, como gimnasio, cowork, restaurante, albercas, temazcal, área de masajes, lavandería, cine, arcade, temazcal, roof top, fogateros, zonas de descanso etc Ubicado en Región 15, Tulum, a 5 min en auto hacia Tulum Beach, cerca de Beach clubs y restaurantes. A 5 min del centro de Tulum Características: Estudio equipado Cama King size Baño de puertas corredizas Cocina...",https://img10.naventcdn.com/avisos/18/01/49/48/86/71/720x532/1598473334.jpg?isFirstImage=true; https://img10.naventcdn.com/avisos/18/01/49/48/86/71/720x532/1598473324.jpg; https://img10.naventcdn.com/avisos/18/01/49/48/86/71/720x532/1598473339.jpg; https://img10.naventcdn.com/avisos/18/01/49/48/86/71/720x532/1598473316.jpg; https://img10.naventcdn.com/avisos/18/01/49/48/86/71/720x532/1598473314.jpg; https://img10.naventcdn.com/avisos/18/01/49/48/86/71/720x532/1598473298.jpg; https://img10.naventcdn.com/avisos/18/01/49/48/86/71/720x532/1598473301.jpg; https://img10.naventcdn.com/avisos/18/01/49/48/86/71/720x532/1598473307.jpg,Mexico,Quintana Roo,Tulum,20.368113,-87.3315829,Rent
Top Properties,https://www.inmuebles24.com/inmobiliarias/top-properties_102906417-inmuebles.html,Inmuebles24 (via parse.bot API),https://www.inmuebles24.com/propiedades/clasificado/alclapin-penthouse-en-renta-la-veleta-tulum-q.-roo.-150593282.html,"Penthouse en Renta, La Veleta, Tulum, Q. Roo.",Penthouse,17390,MXN,2,2,80.0,m2,"Penthouse de Ensueño en Tulum – Vive el Lujo en La Veleta¡Descubre el equilibrio perfecto entre lujo, confort y ubicación privilegiada! Este espectacular penthouse en La Veleta, una de las zonas con mayor movimiento de Tulum, te ofrece una experiencia única de vida: * Alberca privada para disfrutar sin interrupciones*Roof garden exclusivo con vistas espectaculares* 2 recámaras | 2. 5 baños | Acabados premium*Cocina integral equipada | Aires acondicionados*A sólo minutos de las ruinas mayas, las ...",https://img10.naventcdn.com/avisos/18/01/50/59/32/82/720x532/1621478729.jpg?isFirstImage=true; https://img10.naventcdn.com/avisos/18/01/50/59/32/82/720x532/1621478730.jpg; https://img10.naventcdn.com/avisos/18/01/50/59/32/82/720x532/1621478683.jpg; https://img10.naventcdn.com/avisos/18/01/50/59/32/82/720x532/1621478684.jpg; https://img10.naventcdn.com/avisos/18/01/50/59/32/82/720x532/1621478719.jpg; https://img10.naventcdn.com/avisos/18/01/50/59/32/82/720x532/1621478685.jpg; https://img10.naventcdn.com/avisos/18/01/50/59/32/82/720x532/1621478738.jpg; https://img10.naventcdn.com/avisos/18/01/50/59/32/82/720x532/1621478678.jpg,Mexico,Quintana Roo,Tulum,20.1944988,-87.4763079,Rent
SMA,https://www.inmuebles24.com/inmobiliarias/sma_102951949-inmuebles.html,Inmuebles24 (via parse.bot API),https://www.inmuebles24.com/propiedades/clasificado/alclapin-pent-house-casalba-private-roof-top-149287874.html,Pent House Casalba - Private Roof Top,House,22000,MXN,3,3,180.0,m2,"Sole 101 Tulum – Estudio Exclusivo en Planta Baja descripción Invierte en uno de los destinos con mayor crecimiento del Caribe Mexicano. Sole 101 es mucho más que un estudio — es una oportunidad estratégica dentro del mercado inmobiliario de Tulum. Ubicado en un exclusivo desarrollo boutique, este espacio ofrece privacidad, conexión con la naturaleza y un alto potencial de rentabilidad. Diseñado para quienes buscan una propiedad inteligente, este estudio en planta baja combina funcionalidad, com...",https://img10.naventcdn.com/avisos/18/01/49/28/78/74/720x532/1594335357.jpg?isFirstImage=true; https://img10.naventcdn.com/avisos/18/01/49/28/78/74/720x532/1594335353.jpg; https://img10.naventcdn.com/avisos/18/01/49/28/78/74/720x532/1594335354.jpg; https://img10.naventcdn.com/avisos/18/01/49/28/78/74/720x532/1594335348.jpg; https://img10.naventcdn.com/avisos/18/01/49/28/78/74/720x532/1594335347.jpg; https://img10.naventcdn.com/avisos/18/01/49/28/78/74/720x532/1594335350.jpg; https://img10.naventcdn.com/avisos/18/01/49/28/78/74/720x532/1594335351.jpg; https://img10.naventcdn.com/avisos/18/01/49/28/78/74/720x532/1594335352.jpg,Mexico,Quintana Roo,Tulum,20.198198,-87.4595762,Rent
Carlos Francisco Galindo Von,https://www.inmuebles24.com/inmobiliarias/carlos-francisco-galindo-von_103117393-inmuebles.html,Inmuebles24 (via parse.bot API),https://www.inmuebles24.com/propiedades/clasificado/alclappa-ph-querido-tulum-terraza-privada-con-jacuzzi-150665998.html,PH Querido Tulum Terraza Privada con Jacuzzi,Penthouse,26000,MXN,3,3,202.0,m2,"Penthouse en Aldea Zama, uno de los desarrollos más icónicos de la zona. Cuenta con dos niveles, dos recámaras, cocina, estancia, dos balcones y 2. 5 baños en el nivel principal. En el nivel del solárium se encuentra un estudio con una terraza completamente privada. Se entrega amueblado con acabados de lujo e incluye Internet de alta velocidad Infinitum.",https://img10.naventcdn.com/avisos/18/01/50/66/59/98/720x532/1622942766.jpg?isFirstImage=true; https://img10.naventcdn.com/avisos/18/01/50/66/59/98/720x532/1622942747.jpg; https://img10.naventcdn.com/avisos/18/01/50/66/59/98/720x532/1622942746.jpg; https://img10.naventcdn.com/avisos/18/01/50/66/59/98/720x532/1622942741.jpg; https://img10.naventcdn.com/avisos/18/01/50/66/59/98/720x532/1622942742.jpg; https://img10.naventcdn.com/avisos/18/01/50/66/59/98/720x532/1622942731.jpg; https://img10.naventcdn.com/avisos/18/01/50/66/59/98/720x532/1622942733.jpg; https://img10.naventcdn.com/avisos/18/01/50/66/59/98/720x532/1622942744.jpg,Mexico,Quintana Roo,Tulum,20.201791289590965,-87.45874605595854,Rent
Tulum Rental Homes,https://www.inmuebles24.com/inmobiliarias/tulum-rental-homes_102640624-inmuebles.html,Inmuebles24 (via parse.bot API),https://www.inmuebles24.com/propiedades/clasificado/alclapin-departamento-en-la-veleta-149546221.html,Departamento en La Veleta,Villa,50000,MXN,2,2,1000.0,m2,"Bienvenido villa cielo surla VeletaCaracterísticas Destacadas2 Recamaras amplias con guardaropa2 Baños completos &amp;amp; 1 medio baño1 JacuzziCocina equipada con horno &amp;amp; barraAmplia sala y comedorLava secadoraAlberca privada2 Bicicletas1 Motocicleta con dos cascosPet friendlyPrecio: $50, 000 mxn mensuales + deposito + servicios + $2, 500 mxn contrato/póliza. Incluye mantenimiento.",https://img10.naventcdn.com/avisos/18/01/49/54/62/21/720x532/1599746351.jpg?isFirstImage=true; https://img10.naventcdn.com/avisos/18/01/49/54/62/21/720x532/1599745020.jpg; https://img10.naventcdn.com/avisos/18/01/49/54/62/21/720x532/1599746187.jpg; https://img10.naventcdn.com/avisos/18/01/49/54/62/21/720x532/1599745751.jpg; https://img10.naventcdn.com/avisos/18/01/49/54/62/21/720x532/1599746217.jpg; https://img10.naventcdn.com/avisos/18/01/49/54/62/21/720x532/1599745701.jpg; https://img10.naventcdn.com/avisos/18/01/49/54/62/21/720x532/1599746347.jpg; https://img10.naventcdn.com/avisos/18/01/49/54/62/21/720x532/1599745851.jpg,Mexico,Quintana Roo,Tulum,20.2025963,-87.4727791,Rent
Tulum Rental Homes,https://www.inmuebles24.com/inmobiliarias/tulum-rental-homes_102640624-inmuebles.html,Inmuebles24 (via parse.bot API),https://www.inmuebles24.com/propiedades/clasificado/alclapin-largo-plazo-2-recamaras-2-banos-amueblado-149945174.html,Largo Plazo · 2 Recámaras · 2 Baños · Amueblado,Unknown,15000,MXN,,2,,m2,"¡Bienvenido a Condominio Coco Village en La Veleta, Tulum! DepartamentoCaracterísticas destacadas: - 2 recámaras con clóset - 2 baños completos - Cocina completa con horno - Refrigerador de doble puerta - Sala con Smart tv - Balcón Amenidades: - Área de parking - Alberca compartida - Palapa de reuniones Precio: $15, 000 por mes + depósito + póliza/contrato ($2, 500) *Incluye mantenimiento (hoa)",https://img10.naventcdn.com/avisos/18/01/49/94/51/74/720x532/1608136960.jpg?isFirstImage=true; https://img10.naventcdn.com/avisos/18/01/49/94/51/74/720x532/1608136894.jpg; https://img10.naventcdn.com/avisos/18/01/49/94/51/74/720x532/1608136646.jpg; https://img10.naventcdn.com/avisos/18/01/49/94/51/74/720x532/1608136907.jpg; https://img10.naventcdn.com/avisos/18/01/49/94/51/74/720x532/1608137024.jpg; https://img10.naventcdn.com/avisos/18/01/49/94/51/74/720x532/1608134746.jpg; https://img10.naventcdn.com/avisos/18/01/49/94/51/74/720x532/1608133410.jpg; https://img10.naventcdn.com/avisos/18/01/49/94/51/74/720x532/1608136919.jpg,Mexico,Quintana Roo,Tulum,20.2090447019,-87.4752504554,Rent
Tulum Rental Homes,https://www.inmuebles24.com/inmobiliarias/tulum-rental-homes_102640624-inmuebles.html,Inmuebles24 (via parse.bot API),https://www.inmuebles24.com/propiedades/clasificado/alclapin-departamento-en-la-veleta-149945396.html,Departamento en La Veleta,Condo/Apartment,19000,MXN,1,1,55.0,m2,"¡Explora La Veleta desde Palalma Tierra #21! Apartamento Amueblado y Equipado Características Destacadas 1 espaciosa recámara 1 baño completo Condominio con alberca Lavadora y secadora Recepción y seguridad las 24 horas Zonas verdes Gimnasio 7-Eleven debajo del condominio Mantenimiento incluido Servicios adicionales a la renta $19, 000 mensuales + depósito eta.",https://img10.naventcdn.com/avisos/18/01/49/94/53/96/720x532/1608137613.jpg?isFirstImage=true; https://img10.naventcdn.com/avisos/18/01/49/94/53/96/720x532/1608137493.jpg; https://img10.naventcdn.com/avisos/18/01/49/94/53/96/720x532/1608137643.jpg; https://img10.naventcdn.com/avisos/18/01/49/94/53/96/720x532/1608137590.jpg; https://img10.naventcdn.com/avisos/18/01/49/94/53/96/720x532/1608137201.jpg; https://img10.naventcdn.com/avisos/18/01/49/94/53/96/720x532/1608137198.jpg; https://img10.naventcdn.com/avisos/18/01/49/94/53/96/720x532/1608137719.jpg; https://img10.naventcdn.com/avisos/18/01/49/94/53/96/720x532/1608137694.jpg,Mexico,Quintana Roo,Tulum,20.2025963,-87.4727791,Rent
Paraiso Real Estate Tulum,https://www.inmuebles24.com/inmobiliarias/paraiso-real-estate-tulum_50310732-inmuebles.html,Inmuebles24 (via parse.bot API),https://www.inmuebles24.com/propiedades/clasificado/alclapin-departamento-de-1-recamara-complejo-privado-en-149267726.html,"Departamento de 1 Recamara, Complejo Privado en Riviera Tululm, Todo Incluido",Condo/Apartment,13000,MXN,1,1,,m2,"Departamento en Riviera Tulum todo incluidodepartamento de 1 recamara en el Fraccionamiento Riviera Tulum. Cuenta con seguridad 24 horas. Amueblado y equipado, con cama King Size y balcón, este alojamiento es ideal tanto para estancias largas (mínimo 3 meses). Sistema de Osmosi para el agua, puede tomar de tu grifo. Disfrute de una cocina totalmente equipada, sala de estar con sofá cama, aire acondicionado, y tv de pantalla plana con Netflix. La conexión a internet es de alta velocidad mediante ...",https://img10.naventcdn.com/avisos/18/01/49/26/77/26/720x532/1593914196.jpg?isFirstImage=true; https://img10.naventcdn.com/avisos/18/01/49/26/77/26/720x532/1593914198.jpg; https://img10.naventcdn.com/avisos/18/01/49/26/77/26/720x532/1593914197.jpg; https://img10.naventcdn.com/avisos/18/01/49/26/77/26/720x532/1593914186.jpg; https://img10.naventcdn.com/avisos/18/01/49/26/77/26/720x532/1593914190.jpg; https://img10.naventcdn.com/avisos/18/01/49/26/77/26/720x532/1593914179.jpg; https://img10.naventcdn.com/avisos/18/01/49/26/77/26/720x532/1593914192.jpg; https://img10.naventcdn.com/avisos/18/01/49/26/77/26/720x532/1593914193.jpg,Mexico,Quintana Roo,Tulum,20.220821914,-87.4769802583,Rent
Finisterre,https://www.inmuebles24.com/inmobiliarias/finisterre_102398333-inmuebles.html,Inmuebles24 (via parse.bot API),https://www.inmuebles24.com/propiedades/clasificado/alclapin-departamento-amueblado-en-renta-en-cacao-tulum-150305139.html,Departamento Amueblado en Renta en Cacao Tulum,Condo/Apartment,15000,MXN,1,2,82.0,m2,"Departamento amueblado en Venta y Renta en Cacao Tulum – ¡Con balcón privado, alberca propia y amenidades listas para disfrutar! Operación: Venta y RentaPrecio de Venta: $3, 850, 000. 00 mxnprecio de Renta: $15, 000. 00 mxnmantenimiento incluido en precio de renta. superficieconstrucción total: 82. 76 m²Área interior: 69. 42 m²Área exterior: 13. 34 m²Especificaciones Técnicas• Condiciones de mobiliario: La propiedad se renta totalmente amueblada y equipada. • Para venta, se incluyen los muebles ...",https://img10.naventcdn.com/avisos/18/01/50/30/51/39/720x532/1615312542.jpg?isFirstImage=true; https://img10.naventcdn.com/avisos/18/01/50/30/51/39/720x532/1615312544.jpg; https://img10.naventcdn.com/avisos/18/01/50/30/51/39/720x532/1615312547.jpg; https://img10.naventcdn.com/avisos/18/01/50/30/51/39/720x532/1615312539.jpg; https://img10.naventcdn.com/avisos/18/01/50/30/51/39/720x532/1615312540.jpg; https://img10.naventcdn.com/avisos/18/01/50/30/51/39/720x532/1615312538.jpg; https://img10.naventcdn.com/avisos/18/01/50/30/51/39/720x532/1615312545.jpg; https://img10.naventcdn.com/avisos/18/01/50/30/51/39/720x532/1615312546.jpg,Mexico,Quintana Roo,Tulum,20.2025963,-87.4727791,Rent
TheONERealtors,https://www.inmuebles24.com/inmobiliarias/theonerealtors_51348599-inmuebles.html,Inmuebles24 (via parse.bot API),https://www.inmuebles24.com/propiedades/clasificado/alclapin-departamento-en-renta-tulum-144642119.html,"Departamento en Renta, Tulum",Condo/Apartment,16000,MXN,2,1,50.0,m2,"Departamento en rentariviera TulumDescripcion del Departamento- 50m2-Sala- Comedor-Cocina- Amueblado- Dos Recamaras- Seguridad 24 hrs- Incluye: agua, gas, internet. - Lavadora de servicio común. - 1 Cajón de estacionamiento para auto compacto. No incluye: energía eléctrica. No se aceptan mascotas. -Requisitos: *1 mes de depósito* un depósito de 2 mil por concepto de garantía del pago de energía eléctrica y un mes de renta. *Pago de $3, 200 por estudio socioeconómico, contrato anual firmado en no...",https://img10.naventcdn.com/avisos/18/01/44/64/21/19/720x532/1487693808.jpg?isFirstImage=true; https://img10.naventcdn.com/avisos/18/01/44/64/21/19/720x532/1487693807.jpg; https://img10.naventcdn.com/avisos/18/01/44/64/21/19/720x532/1487693811.jpg; https://img10.naventcdn.com/avisos/18/01/44/64/21/19/720x532/1487693813.jpg; https://img10.naventcdn.com/avisos/18/01/44/64/21/19/720x532/1487693814.jpg; https://img10.naventcdn.com/avisos/18/01/44/64/21/19/720x532/1487693812.jpg; https://img10.naventcdn.com/avisos/18/01/44/64/21/19/720x532/1487693815.jpg; https://img10.naventcdn.com/avisos/18/01/44/64/21/19/720x532/1487693817.jpg,Mexico,Quintana Roo,Tulum,20.2125527,-87.4583994,Rent
Azaola Investment Hub,https://www.inmuebles24.com/inmobiliarias/azaola-investment-hub_102490945-inmuebles.html,Inmuebles24 (via parse.bot API),https://www.inmuebles24.com/propiedades/clasificado/alclapin-departamento-en-renta-a-estrenar-amueblado-y-equipado-147770103.html,Departamento en Renta a Estrenar Amueblado y Equipado,Condo/Apartment,8500,MXN,1,1,52.0,m2,"Departamento en renta ubicado en la región 15 de Tulum, a solo 2. 92 km de la zona hotelera y del mar, con fácil acceso desde la avenida kukulkan. Totalmente amueblado y equipadoCuenta con: - 1 rec. - 1 baño con canceleria de vidrio- Sala, comedor y sofá cama- Cocina integral con microondas, refrigerador, etc. - 1 A. C. - Ventilador de techo - Terraza privada con plunge pool y vista a las amenidades Contacto con la naturalezaDentro de las amenidades: - Alberca- Seguridad- Rooftop para usos múlti...",https://img10.naventcdn.com/avisos/18/01/47/77/01/03/720x532/1563794291.jpg?isFirstImage=true; https://img10.naventcdn.com/avisos/18/01/47/77/01/03/720x532/1563794286.jpg; https://img10.naventcdn.com/avisos/18/01/47/77/01/03/720x532/1563794279.jpg; https://img10.naventcdn.com/avisos/18/01/47/77/01/03/720x532/1563794272.jpg; https://img10.naventcdn.com/avisos/18/01/47/77/01/03/720x532/1563794267.jpg; https://img10.naventcdn.com/avisos/18/01/47/77/01/03/720x532/1563794285.jpg; https://img10.naventcdn.com/avisos/18/01/47/77/01/03/720x532/1563794289.jpg; https://img10.naventcdn.com/avisos/18/01/47/77/01/03/720x532/1563794287.jpg,Mexico,Quintana Roo,Tulum,20.1848531049,-87.4748304418,Rent
Paola Huerta - Realtor - Sales and Rentals,https://www.inmuebles24.com/inmobiliarias/paola-huerta-realtor-sales-and-rentals_102872515-inmuebles.html,Inmuebles24 (via parse.bot API),https://www.inmuebles24.com/propiedades/clasificado/alclapin-renta-a-lago-plazo-en-tulum-long-term-rental-tulum-149725459.html,Renta a Lago Plazo en Tulum - Long Term Rental Tulum,Unknown,21000,MXN,2,2,,m2,"Rentas A largo plazo en tulumpara atención personalizada contáctanos por WhatsApp a los siguientes números: Paola Huerta: +52 (5522 43 8797) y Ramon Capocchia +<span class='descripcionDatosAnunciante'><button class='btn btn-link js-verDatos' href='#'>Ver datos</button></span>) Aldea ZamáBienvenidoLindo, cómodo y con excelente ubicaciónDepartamento de 3 niveles2 recámaras y 2. 5 bañosrecámara lock offCocina de gas con barraTerrazasLavadoraAlberca privada, comedor y camastros en el Roof topRenta m...",https://img10.naventcdn.com/avisos/18/01/49/72/54/59/720x532/1603540866.jpg?isFirstImage=true; https://img10.naventcdn.com/avisos/18/01/49/72/54/59/720x532/1603540838.jpg; https://img10.naventcdn.com/avisos/18/01/49/72/54/59/720x532/1603540828.jpg; https://img10.naventcdn.com/avisos/18/01/49/72/54/59/720x532/1603540826.jpg; https://img10.naventcdn.com/avisos/18/01/49/72/54/59/720x532/1603540872.jpg; https://img10.naventcdn.com/avisos/18/01/49/72/54/59/720x532/1603540870.jpg; https://img10.naventcdn.com/avisos/18/01/49/72/54/59/720x532/1603540835.jpg; https://img10.naventcdn.com/avisos/18/01/49/72/54/59/720x532/1603540844.jpg,Mexico,Quintana Roo,Tulum,20.1972599,-87.4629898,Rent
Paola Huerta - Realtor - Sales and Rentals,https://www.inmuebles24.com/inmobiliarias/paola-huerta-realtor-sales-and-rentals_102872515-inmuebles.html,Inmuebles24 (via parse.bot API),https://www.inmuebles24.com/propiedades/clasificado/alclapin-renta-a-largo-plazo-en-tulum-long-term-rental-tulum.-149694899.html,Renta a Largo Plazo en Tulum - Long Term Rental Tulum.,Condo/Apartment,16000,MXN,2,2,,m2,"Rentas A largo plazo en tulumpara atención personalizada contáctanos por WhatsApp a los siguientes números: Paola Huerta: +52 (5522 43 8797) y Ramon Capocchia +<span class='descripcionDatosAnunciante'><button class='btn btn-link js-verDatos' href='#'>Ver datos</button></span>) renta largo plazo Viva, Aldea Zamádepartamento 2 recámarasubicado en segundo piso. Departamento con mucha luz naturalTienen dos recámaras con grandes closets2 bañosCocina totalmente equipadaLavadoraSala y comedor. Terraza ...",https://img10.naventcdn.com/avisos/18/01/49/69/48/99/720x532/1602861265.jpg?isFirstImage=true; https://img10.naventcdn.com/avisos/18/01/49/69/48/99/720x532/1602861263.jpg; https://img10.naventcdn.com/avisos/18/01/49/69/48/99/720x532/1602861255.jpg; https://img10.naventcdn.com/avisos/18/01/49/69/48/99/720x532/1602861259.jpg; https://img10.naventcdn.com/avisos/18/01/49/69/48/99/720x532/1602861258.jpg; https://img10.naventcdn.com/avisos/18/01/49/69/48/99/720x532/1602861262.jpg; https://img10.naventcdn.com/avisos/18/01/49/69/48/99/720x532/1602861261.jpg; https://img10.naventcdn.com/avisos/18/01/49/69/48/99/720x532/1602861268.jpg,Mexico,Quintana Roo,Tulum,20.1997998,-87.454707,Rent
7117 Grupo inmobiliario,https://www.inmuebles24.com/inmobiliarias/7117-grupo-inmobiliario_102647091-inmuebles.html,Inmuebles24 (via parse.bot API),https://www.inmuebles24.com/propiedades/clasificado/alclapin-departamento-en-mistiq-garden-tulum-150104234.html,Departamento en Mistiq Garden Tulum,Condo/Apartment,15000,MXN,,,,m2,"Estudio amueblado en venta en mistiq temple tulum | listo para habitar O rentarinvierte en uno de los destinos con mayor crecimiento y demanda turística de México. Este exclusivo estudio en Mistiq Gardens Tulum se entrega completamente amueblado y equipado, ideal para quienes buscan una propiedad lista para habitar, generar ingresos por rentas vacacionales o diversificar su patrimonio en la Riviera Maya. La propiedad cuenta con balcón privado con agradables vistas a los jardines y a la selva may...",https://img10.naventcdn.com/avisos/18/01/50/10/42/34/720x532/1611260060.jpg?isFirstImage=true; https://img10.naventcdn.com/avisos/18/01/50/10/42/34/720x532/1611260127.jpg; https://img10.naventcdn.com/avisos/18/01/50/10/42/34/720x532/1611260025.jpg; https://img10.naventcdn.com/avisos/18/01/50/10/42/34/720x532/1611260111.jpg; https://img10.naventcdn.com/avisos/18/01/50/10/42/34/720x532/1611260121.jpg; https://img10.naventcdn.com/avisos/18/01/50/10/42/34/720x532/1611260129.jpg; https://img10.naventcdn.com/avisos/18/01/50/10/42/34/720x532/1611260029.jpg; https://img10.naventcdn.com/avisos/18/01/50/10/42/34/720x532/1611260141.jpg,Mexico,Quintana Roo,Tulum,20.1865206239,-87.4631395084,Rent
Tulum Rental Homes,https://www.inmuebles24.com/inmobiliarias/tulum-rental-homes_102640624-inmuebles.html,Inmuebles24 (via parse.bot API),https://www.inmuebles24.com/propiedades/clasificado/alclapin-departamento-en-region-15-tulum-mistiq-villas-29-149947353.html,"Departamento en Region 15, Tulum, Mistiq Villas - 29",Villa,65000,MXN,3,3,,m2,"Mistiq Villas - 29Region 15, TulumCaracterísticas: - 3 recámaras- 3 baños completos- Villa- Planta baja- Acepta mascotas Amenidades del desarrollo: - Gimnasio- Alberca- Áreas Verdes- Seguridad 24 hrs- Lobby- EstacionamientoPrecio: $65, 000 mxn/mes + Depósito + Luz + Agua + Internet + Contrato $2, 500 mxnincluye Mantenimiento (hoa) Ubicación:. gl/rXv1ZpUoG7xrs793aver publicación: -rental-homes/unit-29-4ec1039aLink Drive: 14qzgv5Vt1eQngHyhawi26-aayaw5mymW? usp=drive_link",https://img10.naventcdn.com/avisos/18/01/49/94/73/53/720x532/1608177645.jpg?isFirstImage=true; https://img10.naventcdn.com/avisos/18/01/49/94/73/53/720x532/1608177537.jpg; https://img10.naventcdn.com/avisos/18/01/49/94/73/53/720x532/1608177510.jpg; https://img10.naventcdn.com/avisos/18/01/49/94/73/53/720x532/1608177572.jpg; https://img10.naventcdn.com/avisos/18/01/49/94/73/53/720x532/1608177527.jpg; https://img10.naventcdn.com/avisos/18/01/49/94/73/53/720x532/1608177655.jpg; https://img10.naventcdn.com/avisos/18/01/49/94/73/53/720x532/1608177636.jpg; https://img10.naventcdn.com/avisos/18/01/49/94/73/53/720x532/1608177661.jpg,Mexico,Quintana Roo,Tulum,20.1828098,-87.473938,Rent
Tulum Rental Homes,https://www.inmuebles24.com/inmobiliarias/tulum-rental-homes_102640624-inmuebles.html,Inmuebles24 (via parse.bot API),https://www.inmuebles24.com/propiedades/clasificado/alclapin-departamento-en-la-veleta-149945426.html,Departamento en La Veleta,Condo/Apartment,13000,MXN,,1,,m2,"Cacao tulum #C104 estudiola VeletaCaracterísticas Destacadas? Recámara espaciosa1 baño completoCocina completa con hornoAlberca privada en balconAmenidades GimnasioServicio de seguridad y recepciónAlberca infinita en zona compartidaSala de yogaRestaurantNo construcciones cercanasPrecio $13, 000 mensuales + depósito + servicios + 2, 500 mxn contrato/póliza. Mantenimiento incluido.",https://img10.naventcdn.com/avisos/18/01/49/94/54/26/720x532/1608138282.jpg?isFirstImage=true; https://img10.naventcdn.com/avisos/18/01/49/94/54/26/720x532/1608138256.jpg; https://img10.naventcdn.com/avisos/18/01/49/94/54/26/720x532/1608138247.jpg; https://img10.naventcdn.com/avisos/18/01/49/94/54/26/720x532/1608138278.jpg; https://img10.naventcdn.com/avisos/18/01/49/94/54/26/720x532/1608138212.jpg; https://img10.naventcdn.com/avisos/18/01/49/94/54/26/720x532/1608138286.jpg; https://img10.naventcdn.com/avisos/18/01/49/94/54/26/720x532/1608138270.jpg; https://img10.naventcdn.com/avisos/18/01/49/94/54/26/720x532/1608138204.jpg,Mexico,Quintana Roo,Tulum,20.2025963,-87.4727791,Rent
Tulum Rental Homes,https://www.inmuebles24.com/inmobiliarias/tulum-rental-homes_102640624-inmuebles.html,Inmuebles24 (via parse.bot API),https://www.inmuebles24.com/propiedades/clasificado/alclapin-coati-101-renta-150471972.html,Coati - 101 — Renta,Unknown,30000,MXN,3,3,,m2,"Hay departamentos — y hay este. Ubicado en Coati, Aldea Zamá, este espacio respira diseño contemporáneo con una calidez que solo la madera natural sabe dar. Tres recámaras y tres baños completos se distribuyen de manera que cada rincón recibe luz abundante a través de los grandes ventanales de marcos negros que enmarcan la vegetación exterior. Las terrazas adyacentes a las recámaras invitan a despertar con vistas al jardín, mientras que los pisos de roble claro conectan fluidamente la sala, come...",https://img10.naventcdn.com/avisos/18/01/50/47/19/72/720x532/1618789782.jpg?isFirstImage=true; https://img10.naventcdn.com/avisos/18/01/50/47/19/72/720x532/1618789789.jpg; https://img10.naventcdn.com/avisos/18/01/50/47/19/72/720x532/1618789798.jpg; https://img10.naventcdn.com/avisos/18/01/50/47/19/72/720x532/1618789800.jpg; https://img10.naventcdn.com/avisos/18/01/50/47/19/72/720x532/1618789802.jpg; https://img10.naventcdn.com/avisos/18/01/50/47/19/72/720x532/1618789786.jpg; https://img10.naventcdn.com/avisos/18/01/50/47/19/72/720x532/1618789796.jpg; https://img10.naventcdn.com/avisos/18/01/50/47/19/72/720x532/1618789781.jpg,Mexico,Quintana Roo,Tulum,20.211446,-87.4654343,Rent
7117 Grupo inmobiliario,https://www.inmuebles24.com/inmobiliarias/7117-grupo-inmobiliario_102647091-inmuebles.html,Inmuebles24 (via parse.bot API),https://www.inmuebles24.com/propiedades/clasificado/alclapin-departamento-en-renta-tulum-147369300.html,Departamento en Renta Tulum,Condo/Apartment,16500,MXN,,,,m2,"? Departamento en Renta – La Veleta, Tulum? Desarrollo Nequén? Características principales1 recámara amplia1 baño completoJacuzzi privado? Cocina integral equipada? Lavandería propia? Totalmente amueblado y equipado?? Listo para mudarse hoy mismo? Renta mensual: $16, 500 mxn? Mantenimiento incluidoIdeal para quienes buscan comodidad, privacidad y un estilo de vida exclusivo en una de las zonas con mayor plusvalía de Tulum. 7117 Grupo Inmobiliario",https://img10.naventcdn.com/avisos/18/01/47/36/93/00/720x532/1554654942.jpg?isFirstImage=true; https://img10.naventcdn.com/avisos/18/01/47/36/93/00/720x532/1554654944.jpg; https://img10.naventcdn.com/avisos/18/01/47/36/93/00/720x532/1554654946.jpg; https://img10.naventcdn.com/avisos/18/01/47/36/93/00/720x532/1554654936.jpg; https://img10.naventcdn.com/avisos/18/01/47/36/93/00/720x532/1554654940.jpg; https://img10.naventcdn.com/avisos/18/01/47/36/93/00/720x532/1554654939.jpg; https://img10.naventcdn.com/avisos/18/01/47/36/93/00/720x532/1554654945.jpg; https://img10.naventcdn.com/avisos/18/01/47/36/93/00/720x532/1554654947.jpg,Mexico,Quintana Roo,Tulum,20.2114185,-87.4653502,Rent
Marimar Loid,https://www.inmuebles24.com/inmobiliarias/marimar-loid_51005854-inmuebles.html,Inmuebles24 (via parse.bot API),https://www.inmuebles24.com/propiedades/clasificado/alclappa-departamento-amueblado-zona-centro-148841626.html,Departamento Amueblado Zona Centro,Condo/Apartment,14000,MXN,2,3,1.0,m2,"Departamento en renta – Zona Centro (Segundo nivel) sobre calle Luna Sur y avenida Tulum, a 2 blocks de la avenida Kukulkán que va directo a la playa y media cuadra de avenida Tulum. Vive cómodamente en este amplio y funcional departamento ubicado en zona centro, ideal para compartir con amigos o familia. Cuenta con 2 habitaciones, 3 baños y 3 camas, perfecto para alojar hasta 4 personas con total comodidad. Disfruta de una cocina amplia y totalmente equipada, con estufa de gas, además de cuarto...",https://img10.naventcdn.com/avisos/18/01/48/84/16/26/720x532/1585478727.jpg?isFirstImage=true; https://img10.naventcdn.com/avisos/18/01/48/84/16/26/720x532/1585478729.jpg; https://img10.naventcdn.com/avisos/18/01/48/84/16/26/720x532/1585478728.jpg; https://img10.naventcdn.com/avisos/18/01/48/84/16/26/720x532/1585478733.jpg; https://img10.naventcdn.com/avisos/18/01/48/84/16/26/720x532/1585478731.jpg; https://img10.naventcdn.com/avisos/18/01/48/84/16/26/720x532/1585478730.jpg; https://img10.naventcdn.com/avisos/18/01/48/84/16/26/720x532/1585478732.jpg,Mexico,Quintana Roo,Tulum,20.2083925,-87.4683985,Rent
Tulum Rental Homes,https://www.inmuebles24.com/inmobiliarias/tulum-rental-homes_102640624-inmuebles.html,Inmuebles24 (via parse.bot API),https://www.inmuebles24.com/propiedades/clasificado/alclapin-departamento-en-anah-village-149947349.html,Departamento en Anah Village,Condo/Apartment,33500,MXN,2,2,,m2,"Anah village, edificio tucan B15Tulum Country Club by Bahía PríncipeCaracterísticas Destacadas2 Recamaras amplias con vestidor2 Baños completos &amp;amp; 1 medio bañoCocina equipada con barraComedor para 5 personasAmplia Sala sillón &amp;amp; tvventilador de techo &amp;amp; A/clava secadoraBalcónAmenidadesAlberca compartidaGimnasioÁrea de hamacasRooftop con asadorSpaJacuzziAcceso a la playaPrecio mensual: $33, 500 mxn + deposito + servicios + $2, 500 mxn contrato/póliza. Incluye mantenimiento",https://img10.naventcdn.com/avisos/18/01/49/94/73/49/720x532/1608177542.jpg?isFirstImage=true; https://img10.naventcdn.com/avisos/18/01/49/94/73/49/720x532/1608177575.jpg; https://img10.naventcdn.com/avisos/18/01/49/94/73/49/720x532/1608177644.jpg; https://img10.naventcdn.com/avisos/18/01/49/94/73/49/720x532/1608177521.jpg; https://img10.naventcdn.com/avisos/18/01/49/94/73/49/720x532/1608177513.jpg; https://img10.naventcdn.com/avisos/18/01/49/94/73/49/720x532/1608177616.jpg; https://img10.naventcdn.com/avisos/18/01/49/94/73/49/720x532/1608177660.jpg; https://img10.naventcdn.com/avisos/18/01/49/94/73/49/720x532/1608177548.jpg,Mexico,Quintana Roo,Tulum,20.3686236853,-87.3339955207,Rent
Tulum Rental Homes,https://www.inmuebles24.com/inmobiliarias/tulum-rental-homes_102640624-inmuebles.html,Inmuebles24 (via parse.bot API),https://www.inmuebles24.com/propiedades/clasificado/alclapin-departamento-en-condominio-adora-107-149546297.html,Departamento en Condominio Adora #107,Condo/Apartment,38000,MXN,2,2,,m2,"Condominio Adora #107 Características Destacadas 2 espaciosas recámaras con amplios clósets2 baños completosSala, cocina equipada, comedor y lavadora-secadoraUbicado en planta bajaAlberca privada Temazcal y cenoteAlberca común súper amplia Recepción y seguridad las 24 horasEl precio mensual es de $38, 000 + depósito + servicios + 2500 Contrato/PolizaIncluye mantenimiento e internet",https://img10.naventcdn.com/avisos/18/01/49/54/62/97/720x532/1599739575.jpg?isFirstImage=true; https://img10.naventcdn.com/avisos/18/01/49/54/62/97/720x532/1599739577.jpg; https://img10.naventcdn.com/avisos/18/01/49/54/62/97/720x532/1599739573.jpg; https://img10.naventcdn.com/avisos/18/01/49/54/62/97/720x532/1599739565.jpg; https://img10.naventcdn.com/avisos/18/01/49/54/62/97/720x532/1599739593.jpg; https://img10.naventcdn.com/avisos/18/01/49/54/62/97/720x532/1599739558.jpg; https://img10.naventcdn.com/avisos/18/01/49/54/62/97/720x532/1599739560.jpg; https://img10.naventcdn.com/avisos/18/01/49/54/62/97/720x532/1599739594.jpg,Mexico,Quintana Roo,Tulum,20.1810567,-87.4702385,Rent
Tulum Rental Homes,https://www.inmuebles24.com/inmobiliarias/tulum-rental-homes_102640624-inmuebles.html,Inmuebles24 (via parse.bot API),https://www.inmuebles24.com/propiedades/clasificado/alclapin-coco-village-c2-149546378.html,Coco Village #c2,Unknown,20000,MXN,2,2,,m2,"Coco Village #C2La VeletaCaracterísticas destacadas 2 recámaras con clóset2 baños completosCocina completa con hornoRefrigerador de doble puertaSala con Smart tvamenidades Área de parkingAlberca compartidaPalapa de reuniones Precio: $20, 000 mxn mensuales + depósito + servicios + $2. 500 mxn pago única vez por contrato/póliza. Mantenimiento incluido (hoa)",https://img10.naventcdn.com/avisos/18/01/49/54/63/78/720x532/1599740752.jpg?isFirstImage=true; https://img10.naventcdn.com/avisos/18/01/49/54/63/78/720x532/1599743484.jpg; https://img10.naventcdn.com/avisos/18/01/49/54/63/78/720x532/1599740749.jpg; https://img10.naventcdn.com/avisos/18/01/49/54/63/78/720x532/1599743480.jpg; https://img10.naventcdn.com/avisos/18/01/49/54/63/78/720x532/1599743512.jpg; https://img10.naventcdn.com/avisos/18/01/49/54/63/78/720x532/1599740753.jpg; https://img10.naventcdn.com/avisos/18/01/49/54/63/78/720x532/1599743507.jpg; https://img10.naventcdn.com/avisos/18/01/49/54/63/78/720x532/1599740747.jpg,Mexico,Quintana Roo,Tulum,20.2025963,-87.4727791,Rent
Tulum Rental Homes,https://www.inmuebles24.com/inmobiliarias/tulum-rental-homes_102640624-inmuebles.html,Inmuebles24 (via parse.bot API),https://www.inmuebles24.com/propiedades/clasificado/alclapin-departamento-en-tulum-149546147.html,Departamento en Tulum,Condo/Apartment,38000,MXN,2,2,,m2,"Adora #101KukulkanCaracterísticas Destacadas 2 Recamaras con closet2 baños completosSala con tvcocina equipada con barraComedorLavasecadoraAlberca privadaAmenidadesEstacionamientoCenote naturalAlberca compartidaRecepción y seguridad las 24 hsTemazcalPrecio $38, 000 mxn mensuales + deposito + servicios. $2, 500 mxn contrato/poliza. Incluye agua y mantenimiento.",https://img10.naventcdn.com/avisos/18/01/49/54/61/47/720x532/1599744607.jpg?isFirstImage=true; https://img10.naventcdn.com/avisos/18/01/49/54/61/47/720x532/1599744625.jpg; https://img10.naventcdn.com/avisos/18/01/49/54/61/47/720x532/1599743988.jpg; https://img10.naventcdn.com/avisos/18/01/49/54/61/47/720x532/1599743998.jpg; https://img10.naventcdn.com/avisos/18/01/49/54/61/47/720x532/1599743790.jpg; https://img10.naventcdn.com/avisos/18/01/49/54/61/47/720x532/1599743792.jpg; https://img10.naventcdn.com/avisos/18/01/49/54/61/47/720x532/1599745593.jpg; https://img10.naventcdn.com/avisos/18/01/49/54/61/47/720x532/1599745632.jpg,Mexico,Quintana Roo,Tulum,20.2114185,-87.4653502,Rent
Tulum Rental Homes,https://www.inmuebles24.com/inmobiliarias/tulum-rental-homes_102640624-inmuebles.html,Inmuebles24 (via parse.bot API),https://www.inmuebles24.com/propiedades/clasificado/alclapin-bonita-love-and-explore-2-149945199.html,Bonita Love And Explore #2,Unknown,19000,MXN,2,2,,m2,"Bonita love and explore #2Aldea ZamaCaracterísticas destacadas2 Recámaras2 BañosCocina equipadaSala &amp;amp; comedorLava secadoraVestidorJacuzziAmenidadesAlbercaPrecio: $19, 000 mxn mensuales + deposito + $2, 500 mxn contrato/póliza. Incluye mantenimiento (hoa). trh id 994Precio de venta: $5. 000. 000",https://img10.naventcdn.com/avisos/18/01/49/94/51/99/720x532/1608133021.jpg?isFirstImage=true; https://img10.naventcdn.com/avisos/18/01/49/94/51/99/720x532/1608132596.jpg; https://img10.naventcdn.com/avisos/18/01/49/94/51/99/720x532/1608132659.jpg; https://img10.naventcdn.com/avisos/18/01/49/94/51/99/720x532/1608133339.jpg; https://img10.naventcdn.com/avisos/18/01/49/94/51/99/720x532/1608133108.jpg; https://img10.naventcdn.com/avisos/18/01/49/94/51/99/720x532/1608133193.jpg; https://img10.naventcdn.com/avisos/18/01/49/94/51/99/720x532/1608132863.jpg; https://img10.naventcdn.com/avisos/18/01/49/94/51/99/720x532/1608133550.jpg,Mexico,Quintana Roo,Tulum,20.1997998,-87.454707,Rent
Tulum Rental Homes,https://www.inmuebles24.com/inmobiliarias/tulum-rental-homes_102640624-inmuebles.html,Inmuebles24 (via parse.bot API),https://www.inmuebles24.com/propiedades/clasificado/alclapin-villa-lool-estudio-1-149947352.html,Villa Lool Estudio #1,Villa,10000,MXN,,1,,m2,"Villa Lool Estudio #1La VeletaCaracterísticas DestacadasCama matrimonial &amp;amp; closet1 Baño completoCocina equipadaA/C, tv y ventilador de techoAmenidadesAlberca compartidaZona de relajaciónPrecio: $10, 000 mxn mensuales + depósito + servicios + $2. 500 mxn contrato/póliza. Incluye mantenimientotrh id 1077",https://img10.naventcdn.com/avisos/18/01/49/94/73/52/720x532/1608177289.jpg?isFirstImage=true; https://img10.naventcdn.com/avisos/18/01/49/94/73/52/720x532/1608177310.jpg; https://img10.naventcdn.com/avisos/18/01/49/94/73/52/720x532/1608177282.jpg; https://img10.naventcdn.com/avisos/18/01/49/94/73/52/720x532/1608177338.jpg; https://img10.naventcdn.com/avisos/18/01/49/94/73/52/720x532/1608177324.jpg; https://img10.naventcdn.com/avisos/18/01/49/94/73/52/720x532/1608177302.jpg; https://img10.naventcdn.com/avisos/18/01/49/94/73/52/720x532/1608177270.jpg; https://img10.naventcdn.com/avisos/18/01/49/94/73/52/720x532/1608177330.jpg,Mexico,Quintana Roo,Tulum,20.2025963,-87.4727791,Rent
Tulum Rental Homes,https://www.inmuebles24.com/inmobiliarias/tulum-rental-homes_102640624-inmuebles.html,Inmuebles24 (via parse.bot API),https://www.inmuebles24.com/propiedades/clasificado/alclapin-cacao-tulum-c102-estudio-147284567.html,Cacao Tulum #c102 Estudio,Unknown,13000,MXN,,1,,m2,"Cacao tulum #C102 estudio La VeletaCaracterísticas DestacadasRecámara espaciosa1 baño completoCocina completa con hornoAlberca privada en balconAmenidades GimnasioServicio de seguridad y recepciónAlberca infinita en zona compartidaSala de yogaRestaurantNo construcciones cercanasPrecio: $13, 000 mxn mensuales + depósito + Servicios + $2, 500 mxn póliza/contrato. Incluye mantenimiento (hoa), Internet.",https://img10.naventcdn.com/avisos/18/01/47/28/45/67/720x532/1552596510.jpg?isFirstImage=true; https://img10.naventcdn.com/avisos/18/01/47/28/45/67/720x532/1552596515.jpg; https://img10.naventcdn.com/avisos/18/01/47/28/45/67/720x532/1552596520.jpg; https://img10.naventcdn.com/avisos/18/01/47/28/45/67/720x532/1552596509.jpg; https://img10.naventcdn.com/avisos/18/01/47/28/45/67/720x532/1552596517.jpg; https://img10.naventcdn.com/avisos/18/01/47/28/45/67/720x532/1552596512.jpg; https://img10.naventcdn.com/avisos/18/01/47/28/45/67/720x532/1552596514.jpg; https://img10.naventcdn.com/avisos/18/01/47/28/45/67/720x532/1552596516.jpg,Mexico,Quintana Roo,Tulum,20.2025963,-87.4727791,Rent
Yareldi Uribe,https://www.inmuebles24.com/inmobiliarias/yareldi-uribe_103107295-inmuebles.html,Inmuebles24 (via parse.bot API),https://www.inmuebles24.com/propiedades/clasificado/alclappa-departamento-estilo-cabana-en-renta-la-veleta-tulum-150485622.html,"Departamento Estilo Cabaña en Renta – La Veleta, Tulum",Condo/Apartment,10000,MXN,2,1,59.0,m2,"Disfruta de un espacio único, rodeado de naturaleza y con el encanto de una cabaña de madera, ubicado en una de las zonas con mayor crecimiento de Tulum: La Veleta. Características del departamento: Diseño tipo cabaña, completamente en madera. Cocina equipada con barra desayunadora. Sala y comedor. Baño privado. Clóset. Balcón privado con vista a la piscina. Techos altos que brindan amplitud y frescura. Ventiladores de techo y aire acondicionado. 1 cama King Size. Loft con 2 camas individuales. ...",https://img10.naventcdn.com/avisos/18/01/50/48/56/22/720x532/1619064626.jpg?isFirstImage=true; https://img10.naventcdn.com/avisos/18/01/50/48/56/22/720x532/1619064624.jpg; https://img10.naventcdn.com/avisos/18/01/50/48/56/22/720x532/1619064622.jpg; https://img10.naventcdn.com/avisos/18/01/50/48/56/22/720x532/1619064618.jpg; https://img10.naventcdn.com/avisos/18/01/50/48/56/22/720x532/1619064619.jpg; https://img10.naventcdn.com/avisos/18/01/50/48/56/22/720x532/1619064615.jpg; https://img10.naventcdn.com/avisos/18/01/50/48/56/22/720x532/1619064621.jpg; https://img10.naventcdn.com/avisos/18/01/50/48/56/22/720x532/1619064627.jpg,Mexico,Quintana Roo,Tulum,20.201343061594795,-87.4759562735875,Rent
Paraiso Real Estate Tulum,https://www.inmuebles24.com/inmobiliarias/paraiso-real-estate-tulum_50310732-inmuebles.html,Inmuebles24 (via parse.bot API),https://www.inmuebles24.com/propiedades/clasificado/alclapin-depa-de-2-recamaras-en-amira-district-b208-roof-top-149580433.html,Depa de 2 Recamaras en Amira District B208 - Roof Top Vista Mar Caribe - D305,Unknown,21000,MXN,2,2,95.0,m2,"Amira District – Exclusivo Residencial en Tulum, a Minutos del Mar CaribeAmira District es un complejo residencial privado en Tulum, ubicado en una exclusiva zona, al lado de 101 Tulum y Faena District, rodeado de exuberante vegetación y diseñado para integrarse perfectamente con la naturaleza. Este desarrollo de lujo ofrece una experiencia única con jardines selváticos, piscinas interconectadas, pabellones multiusos y espacios mágicos al aire libre. Además, cuenta con equipo deportivo y amenida...",https://img10.naventcdn.com/avisos/18/01/49/58/04/33/720x532/1600519748.jpg?isFirstImage=true; https://img10.naventcdn.com/avisos/18/01/49/58/04/33/720x532/1600519734.jpg; https://img10.naventcdn.com/avisos/18/01/49/58/04/33/720x532/1600519730.jpg; https://img10.naventcdn.com/avisos/18/01/49/58/04/33/720x532/1600519720.jpg; https://img10.naventcdn.com/avisos/18/01/49/58/04/33/720x532/1600519724.jpg; https://img10.naventcdn.com/avisos/18/01/49/58/04/33/720x532/1600519727.jpg; https://img10.naventcdn.com/avisos/18/01/49/58/04/33/720x532/1600519737.jpg; https://img10.naventcdn.com/avisos/18/01/49/58/04/33/720x532/1600519741.jpg,Mexico,Quintana Roo,Tulum,20.1861210043,-87.4469405545,Rent
Tulum Rental Homes,https://www.inmuebles24.com/inmobiliarias/tulum-rental-homes_102640624-inmuebles.html,Inmuebles24 (via parse.bot API),https://www.inmuebles24.com/propiedades/clasificado/alclapin-departamento-en-tulum-149947346.html,Departamento en Tulum,Condo/Apartment,26000,MXN,2,2,102.0,m2,"Homesplanta bajavillas Tulum Características destacadas Planta baja 2 recámaras amplias 2. 5 baños Sala con sillones Cocina completa con horno e isla Patio privado con jacuzzi Smart tv Aire acondicionado Precio: $26, 000 al mes + depósito.",https://img10.naventcdn.com/avisos/18/01/49/94/73/46/720x532/1608177285.jpg?isFirstImage=true; https://img10.naventcdn.com/avisos/18/01/49/94/73/46/720x532/1608177314.jpg; https://img10.naventcdn.com/avisos/18/01/49/94/73/46/720x532/1608177309.jpg; https://img10.naventcdn.com/avisos/18/01/49/94/73/46/720x532/1608177296.jpg; https://img10.naventcdn.com/avisos/18/01/49/94/73/46/720x532/1608177290.jpg; https://img10.naventcdn.com/avisos/18/01/49/94/73/46/720x532/1608177248.jpg; https://img10.naventcdn.com/avisos/18/01/49/94/73/46/720x532/1608177264.jpg; https://img10.naventcdn.com/avisos/18/01/49/94/73/46/720x532/1608177263.jpg,Mexico,Quintana Roo,Tulum,20.2175425,-87.4514178,Rent
Carlos Esteban Sastre,https://www.inmuebles24.com/inmobiliarias/carlos-esteban-sastre_102575031-inmuebles.html,Inmuebles24 (via parse.bot API),https://www.inmuebles24.com/propiedades/clasificado/alclappa-en-renta-en-tulum-centro-143171645.html,En Renta en Tulum Centro,Condo/Apartment,14000,MXN,3,2,115.0,m2,"Tulum departamento, céntrico en renta por un año o mas. Parcialmente amueblado! Tres dormitorios, tres baños, aires acondicionado, balcón, en un primer piso, frente del mercado de Tulum a media cuadra de la iglesia, a una cuadra y media del ayuntamiento, contrato anual. Indispensable, referencias, un mes de deposito y un mes de alquiler. Disponible desde el 25 de Mayo del año",https://img10.naventcdn.com/avisos/18/01/43/17/16/45/720x532/1451554175.jpg?isFirstImage=true; https://img10.naventcdn.com/avisos/18/01/43/17/16/45/720x532/1451554177.jpg; https://img10.naventcdn.com/avisos/18/01/43/17/16/45/720x532/1451554174.jpg; https://img10.naventcdn.com/avisos/18/01/43/17/16/45/720x532/1454653719.jpg; https://img10.naventcdn.com/avisos/18/01/43/17/16/45/720x532/1623541652.jpg; https://img10.naventcdn.com/avisos/18/01/43/17/16/45/720x532/1454653718.jpg,Mexico,Quintana Roo,Tulum,20.2092853,-87.4620583,Rent
Paraiso Real Estate Tulum,https://www.inmuebles24.com/inmobiliarias/paraiso-real-estate-tulum_50310732-inmuebles.html,Inmuebles24 (via parse.bot API),https://www.inmuebles24.com/propiedades/clasificado/alclapin-hermoso-departamento-de-3-recameras-con-lock-off-en-147509042.html,Hermoso Departamento de 3 Recameras con Lock Off en Aldea Zama,Condo/Apartment,28000,MXN,3,3,110.0,m2,"Departamento nuevo de 3 recámaras en Aldea Zama Tulum, completamente amueblado, con 3 recámaras y 3 baños, cocina totalmente equipada. Aire acondicionado en todas las habitaciones, además de un cuarto para lavadora y secadora. Departamento con sistema lock off por las recamaras. Puedes vivir y rentar el lugar al mismo. El condominio se encuentra en una zona muy acogedora y tranquila, pero a la vez, con todas las comodidades a su alcanceA solo 5 minutos del paseo marítimo y la zona hotelera, y a ...",https://img10.naventcdn.com/avisos/18/01/47/50/90/42/720x532/1604812981.jpg?isFirstImage=true; https://img10.naventcdn.com/avisos/18/01/47/50/90/42/720x532/1604813035.jpg; https://img10.naventcdn.com/avisos/18/01/47/50/90/42/720x532/1604812989.jpg; https://img10.naventcdn.com/avisos/18/01/47/50/90/42/720x532/1604813270.jpg; https://img10.naventcdn.com/avisos/18/01/47/50/90/42/720x532/1604813003.jpg; https://img10.naventcdn.com/avisos/18/01/47/50/90/42/720x532/1604812896.jpg; https://img10.naventcdn.com/avisos/18/01/47/50/90/42/720x532/1604813148.jpg; https://img10.naventcdn.com/avisos/18/01/47/50/90/42/720x532/1604813015.jpg,Mexico,Quintana Roo,Tulum,20.2040885236,-87.4573062998,Rent
Paola Huerta - Realtor - Sales and Rentals,https://www.inmuebles24.com/inmobiliarias/paola-huerta-realtor-sales-and-rentals_102872515-inmuebles.html,Inmuebles24 (via parse.bot API),https://www.inmuebles24.com/propiedades/clasificado/alclapin-renta-a-largo-plazo-en-tulum-long-term-rental-tulum.-150017340.html,Renta a Largo Plazo en Tulum - Long Term Rental Tulum.,Unknown,23000,MXN,2,2,,m2,"Rentas A largo plazo en tulumpara atención personalizada contáctanos por WhatsApp a los siguientes números: Paola Huerta: +52 (5522 43 8797) y Ramón Capocchia +<span class='descripcionDatosAnunciante'><button class='btn btn-link js-verDatos' href='#'>Ver datos</button></span>) Bienvenido a este lindo y nuevo departamentoLa Veleta - KukulkanAmplio y nuevoTiene 2 recámaras y 2 bañosSala, comedor y cocinaBodegaLavadora y secadoraAlberquita privada en roof topDos nivelesServicios se cobran aparteRen...",https://img10.naventcdn.com/avisos/18/01/50/01/73/40/720x532/1609559224.jpg?isFirstImage=true; https://img10.naventcdn.com/avisos/18/01/50/01/73/40/720x532/1609559398.jpg; https://img10.naventcdn.com/avisos/18/01/50/01/73/40/720x532/1609559248.jpg; https://img10.naventcdn.com/avisos/18/01/50/01/73/40/720x532/1609559339.jpg; https://img10.naventcdn.com/avisos/18/01/50/01/73/40/720x532/1609559227.jpg; https://img10.naventcdn.com/avisos/18/01/50/01/73/40/720x532/1609559214.jpg; https://img10.naventcdn.com/avisos/18/01/50/01/73/40/720x532/1609559266.jpg; https://img10.naventcdn.com/avisos/18/01/50/01/73/40/720x532/1609559215.jpg,Mexico,Quintana Roo,Tulum,20.2019781,-87.4681695,Rent
Tulum Rental Homes,https://www.inmuebles24.com/inmobiliarias/tulum-rental-homes_102640624-inmuebles.html,Inmuebles24 (via parse.bot API),https://www.inmuebles24.com/propiedades/clasificado/alclapin-en-mistiq-villas-29-146759932.html,En Mistiq Villas #29,Unknown,60000,MXN,3,3,,m2,"Mistiq Villas #29 Características Destacadas 3 recámaras espaciosas3 baños completosSmart tv y aire acondicionadoEquipamiento de lujoTerraza privada y albercaAmenidades EstacionamientoGimnasio de categoríaAmplia e innovadora alberca Numerosas áreas verdes para relajartePrecio: $60. 000 mensuales + depósito + servicios + $2. 500 pago única vez por contrato/póliza. ? Incluye mantenimiento, agua a internet.",https://img10.naventcdn.com/avisos/18/01/46/75/99/32/720x532/1539790483.jpg?isFirstImage=true; https://img10.naventcdn.com/avisos/18/01/46/75/99/32/720x532/1539790477.jpg; https://img10.naventcdn.com/avisos/18/01/46/75/99/32/720x532/1539790487.jpg; https://img10.naventcdn.com/avisos/18/01/46/75/99/32/720x532/1539790490.jpg; https://img10.naventcdn.com/avisos/18/01/46/75/99/32/720x532/1539790491.jpg; https://img10.naventcdn.com/avisos/18/01/46/75/99/32/720x532/1539790500.jpg; https://img10.naventcdn.com/avisos/18/01/46/75/99/32/720x532/1539790480.jpg; https://img10.naventcdn.com/avisos/18/01/46/75/99/32/720x532/1539790489.jpg,Mexico,Quintana Roo,Tulum,20.1810567,-87.4702385,Rent
Tulum Rental Homes,https://www.inmuebles24.com/inmobiliarias/tulum-rental-homes_102640624-inmuebles.html,Inmuebles24 (via parse.bot API),https://www.inmuebles24.com/propiedades/clasificado/alclapin-departamento-1-recamara-tulum-centro-150471993.html,Departamento 1 Recámara - Tulum Centro,Condo/Apartment,21000,MXN,1,1,68.0,m2,"¡Vive el corazón de Tulum en el Condominio tuk Tierra #211 junto a Chedraui! Departamento en RentaEste acogedor departamento en el centro de Tulum te ofrece una experiencia única. Con una habitación, cocina totalmente equipada y una serie de comodidades, es el lugar perfecto para sumergirse en el encanto de la ciudad. Características Destacadas1 habitación espaciosa1 baño completoCocina completaCama king size para un descanso placenteroBalcón para disfrutar de las vistas localesExcelente ubicaci...",https://img10.naventcdn.com/avisos/18/01/50/47/19/93/720x532/1618790317.jpg?isFirstImage=true; https://img10.naventcdn.com/avisos/18/01/50/47/19/93/720x532/1618790351.jpg; https://img10.naventcdn.com/avisos/18/01/50/47/19/93/720x532/1618790305.jpg; https://img10.naventcdn.com/avisos/18/01/50/47/19/93/720x532/1618790341.jpg; https://img10.naventcdn.com/avisos/18/01/50/47/19/93/720x532/1618790286.jpg; https://img10.naventcdn.com/avisos/18/01/50/47/19/93/720x532/1618790297.jpg; https://img10.naventcdn.com/avisos/18/01/50/47/19/93/720x532/1618790312.jpg; https://img10.naventcdn.com/avisos/18/01/50/47/19/93/720x532/1618790308.jpg,Mexico,Quintana Roo,Tulum,20.21211977,-87.4502454846,Rent
Tulum Rental Homes,https://www.inmuebles24.com/inmobiliarias/tulum-rental-homes_102640624-inmuebles.html,Inmuebles24 (via parse.bot API),https://www.inmuebles24.com/propiedades/clasificado/alclapin-departamento-en-tulum-149546351.html,Departamento en Tulum,Condo/Apartment,17500,MXN,3,2,,m2,"Condominio Paraiso Chaak en Villas TulumCaracterísticas destacadas 3 Recámaras2 Baños completosCocina equipadaComedorSala de estarRefrigerador &amp;amp; ventiladores de techoCuarto de lavado Balcón privadoAmenidadesAlberca compartidaCamastrosEstacionamiento para bicicletas &amp;amp; motosSeguridad 24/7(Los muebles pueden variar de modelo y color) Precio: $17, 500 al mes + depósito + servicios",https://img10.naventcdn.com/avisos/18/01/49/54/63/51/720x532/1599739327.jpg?isFirstImage=true; https://img10.naventcdn.com/avisos/18/01/49/54/63/51/720x532/1599739321.jpg; https://img10.naventcdn.com/avisos/18/01/49/54/63/51/720x532/1599739326.jpg; https://img10.naventcdn.com/avisos/18/01/49/54/63/51/720x532/1599739323.jpg; https://img10.naventcdn.com/avisos/18/01/49/54/63/51/720x532/1599739325.jpg; https://img10.naventcdn.com/avisos/18/01/49/54/63/51/720x532/1599739316.jpg; https://img10.naventcdn.com/avisos/18/01/49/54/63/51/720x532/1599739313.jpg; https://img10.naventcdn.com/avisos/18/01/49/54/63/51/720x532/1599739319.jpg,Mexico,Quintana Roo,Tulum,20.2178571,-87.4514388,Rent
MARIANA BORBOLLA,https://www.inmuebles24.com/inmobiliarias/mariana-borbolla_102597378-inmuebles.html,Inmuebles24 (via parse.bot API),https://www.inmuebles24.com/propiedades/clasificado/alclappa-gran-tulum-penthouse-en-renta-150463464.html,Gran Tulum Penthouse en Renta,Penthouse,28000,MXN,3,3,140.0,m2,"Penthouse en Renta – Av. Cobá, Tulum. $28, 000 mxn al mes (no incluye luz) Amplio penthouse en 3er piso, ubicado sobre Av. Cobá, cerca de supermercados, restaurantes, Aldea Zamá y a pocos minutos de la playa. Características: ️ 3 recámaras ( lockoff) ️ 3 baños completos. ️ 2 camas King Size y 1 cama Queen Size. ️ Recámara tipo lock-off con acceso independiente y cocineta. ️ Cocina equipada. ️ Sala con Smart tv. ️ Comedor amplio. ️ Internet de fibra óptica. ️ Área de lavado. ️ Estacionamiento. ️ ...",https://img10.naventcdn.com/avisos/18/01/50/46/34/64/720x532/1618626157.jpg?isFirstImage=true; https://img10.naventcdn.com/avisos/18/01/50/46/34/64/720x532/1618626153.jpg; https://img10.naventcdn.com/avisos/18/01/50/46/34/64/720x532/1618626137.jpg; https://img10.naventcdn.com/avisos/18/01/50/46/34/64/720x532/1618626144.jpg; https://img10.naventcdn.com/avisos/18/01/50/46/34/64/720x532/1618626154.jpg; https://img10.naventcdn.com/avisos/18/01/50/46/34/64/720x532/1618626135.jpg; https://img10.naventcdn.com/avisos/18/01/50/46/34/64/720x532/1618626138.jpg; https://img10.naventcdn.com/avisos/18/01/50/46/34/64/720x532/1618626140.jpg,Mexico,Quintana Roo,Tulum,20.1964322,-87.446838,Rent
Paola Huerta - Realtor - Sales and Rentals,https://www.inmuebles24.com/inmobiliarias/paola-huerta-realtor-sales-and-rentals_102872515-inmuebles.html,Inmuebles24 (via parse.bot API),https://www.inmuebles24.com/propiedades/clasificado/alclapin-renta-a-largo-plazo-en-tulum-long-term-rental-tulum-149724340.html,Renta a Largo Plazo en Tulum - Long Term Rental Tulum,Condo/Apartment,35000,MXN,2,2,,m2,"Rentas A largo plazo en tulumpara atención personalizada contáctanos por WhatsApp a los siguientes números: Paola Huerta: +52 (5522 43 8797) y Ramon Capocchia +<span class='descripcionDatosAnunciante'><button class='btn btn-link js-verDatos' href='#'>Ver datos</button></span>) renta largo plazo departamento 2 recámarasmistiq, KukulkánBienvenido a este lindo departamentoDepartamento de 2 recámaras y 2 Baños completosSala, cocina y comedorLavadora, balcón y mucho espacioEstacionamiento subterráneo...",https://img10.naventcdn.com/avisos/18/01/49/72/43/40/720x532/1603518164.jpg?isFirstImage=true; https://img10.naventcdn.com/avisos/18/01/49/72/43/40/720x532/1603518165.jpg; https://img10.naventcdn.com/avisos/18/01/49/72/43/40/720x532/1603518156.jpg; https://img10.naventcdn.com/avisos/18/01/49/72/43/40/720x532/1603518154.jpg; https://img10.naventcdn.com/avisos/18/01/49/72/43/40/720x532/1603518157.jpg; https://img10.naventcdn.com/avisos/18/01/49/72/43/40/720x532/1603518161.jpg; https://img10.naventcdn.com/avisos/18/01/49/72/43/40/720x532/1603518159.jpg; https://img10.naventcdn.com/avisos/18/01/49/72/43/40/720x532/1603518153.jpg,Mexico,Quintana Roo,Tulum,20.1926658,-87.4635899,Rent
Paola Huerta - Realtor - Sales and Rentals,https://www.inmuebles24.com/inmobiliarias/paola-huerta-realtor-sales-and-rentals_102872515-inmuebles.html,Inmuebles24 (via parse.bot API),https://www.inmuebles24.com/propiedades/clasificado/alclapin-renta-a-largo-plazo-en-tulum-long-term-rental-tulum-149725034.html,Renta a Largo Plazo en Tulum - Long Term Rental Tulum,House,30000,MXN,3,3,,m2,"Rentas A largo plazo en tulumpara atención personalizada contáctanos por WhatsApp a los siguientes números: Paola Huerta: +52 (5522 43 8797) y Ramon Capocchia +<span class='descripcionDatosAnunciante'><button class='btn btn-link js-verDatos' href='#'>Ver datos</button></span>) renta largo plazo pent house 3 recámarasaldea Zama, Attha CenoteBienvenidoHermoso Pent House de 3 recámaras cada una con baño propio. Sala, comedor y cocina de gran tamañoCocina equipada con todo el necesario. Roof top pri...",https://img10.naventcdn.com/avisos/18/01/49/72/50/34/720x532/1603532533.jpg?isFirstImage=true; https://img10.naventcdn.com/avisos/18/01/49/72/50/34/720x532/1603532519.jpg; https://img10.naventcdn.com/avisos/18/01/49/72/50/34/720x532/1603532530.jpg; https://img10.naventcdn.com/avisos/18/01/49/72/50/34/720x532/1603532534.jpg; https://img10.naventcdn.com/avisos/18/01/49/72/50/34/720x532/1603532523.jpg; https://img10.naventcdn.com/avisos/18/01/49/72/50/34/720x532/1603532522.jpg; https://img10.naventcdn.com/avisos/18/01/49/72/50/34/720x532/1603532521.jpg; https://img10.naventcdn.com/avisos/18/01/49/72/50/34/720x532/1603532518.jpg,Mexico,Quintana Roo,Tulum,20.2025509,-87.4594803,Rent
Paola Huerta - Realtor - Sales and Rentals,https://www.inmuebles24.com/inmobiliarias/paola-huerta-realtor-sales-and-rentals_102872515-inmuebles.html,Inmuebles24 (via parse.bot API),https://www.inmuebles24.com/propiedades/clasificado/alclapin-renta-a-largo-plazo-en-tulum-long-term-rental-tulum-150068228.html,Renta a Largo Plazo en Tulum - Long Term Rental Tulum,Condo/Apartment,19000,MXN,2,2,,m2,"Rentas A largo plazo en tulumpara atención personalizada contáctanos por WhatsApp a los siguientes números: Paola Huerta: +52 (5522 43 8797) y Ramón Capocchia +<span class='descripcionDatosAnunciante'><button class='btn btn-link js-verDatos' href='#'>Ver datos</button></span>) Bienvenido, hermoso departamento en: Paramar Ve, Aldea ZamáUbicado en primer piso2 recámaras y dos BañosTerraza ampliaSala, cocina equipada centro de lavado. Excelente conexión de WiFiAlberca, gimnasio y seguridad 24h$19, ...",https://img10.naventcdn.com/avisos/18/01/50/06/82/28/720x532/1610543178.jpg?isFirstImage=true; https://img10.naventcdn.com/avisos/18/01/50/06/82/28/720x532/1610543296.jpg; https://img10.naventcdn.com/avisos/18/01/50/06/82/28/720x532/1610543331.jpg; https://img10.naventcdn.com/avisos/18/01/50/06/82/28/720x532/1610543333.jpg; https://img10.naventcdn.com/avisos/18/01/50/06/82/28/720x532/1610543235.jpg; https://img10.naventcdn.com/avisos/18/01/50/06/82/28/720x532/1610543335.jpg; https://img10.naventcdn.com/avisos/18/01/50/06/82/28/720x532/1610543323.jpg; https://img10.naventcdn.com/avisos/18/01/50/06/82/28/720x532/1610543295.jpg,Mexico,Quintana Roo,Tulum,20.2008935,-87.4617258,Rent
Tulum Rental Homes,https://www.inmuebles24.com/inmobiliarias/tulum-rental-homes_102640624-inmuebles.html,Inmuebles24 (via parse.bot API),https://www.inmuebles24.com/propiedades/clasificado/alclapin-departamento-en-mistiq-temple-1-149546266.html,Departamento en Mistiq Temple 1,Condo/Apartment,20000,MXN,1,1,67.0,m2,"Condominio Mistiq Temple I - Apartamento B109 Características del Loft: 1 recámara 1 baño completo Cocina completa Espacio amplio y bien iluminado Rodeado de jungla Amenidades: Alberca común 6 albercas en terrazas Gimnasio Estacionamiento subterráneo Cafetería Precio mensual: $20, 000 mxn + servicios + depósito. Pago de contrato: $2, 500 mxn.",https://img10.naventcdn.com/avisos/18/01/49/54/62/66/720x532/1599738572.jpg?isFirstImage=true; https://img10.naventcdn.com/avisos/18/01/49/54/62/66/720x532/1599738549.jpg; https://img10.naventcdn.com/avisos/18/01/49/54/62/66/720x532/1599738530.jpg; https://img10.naventcdn.com/avisos/18/01/49/54/62/66/720x532/1599738533.jpg; https://img10.naventcdn.com/avisos/18/01/49/54/62/66/720x532/1599738577.jpg; https://img10.naventcdn.com/avisos/18/01/49/54/62/66/720x532/1599738529.jpg; https://img10.naventcdn.com/avisos/18/01/49/54/62/66/720x532/1599738553.jpg; https://img10.naventcdn.com/avisos/18/01/49/54/62/66/720x532/1599738556.jpg,Mexico,Quintana Roo,Tulum,20.1806337526,-87.4617090753,Rent
Asesor independiente,https://www.inmuebles24.com/inmobiliarias/asesor-independiente_51304790-inmuebles.html,Inmuebles24 (via parse.bot API),https://www.inmuebles24.com/propiedades/clasificado/alclapin-departamento-en-tulum-149812026.html,Departamento en Tulum,Condo/Apartment,7000,MXN,2,1,50.0,m2,"Departamento amueblado en renta en Aldea Tulum – mz 65Excelente opción para quienes buscan vivir en una zona tranquila y con buena ubicación en Tulum. Características: 2 recámaras 1 baño Departamento amueblado Cocina y área de sala-comedor Pet friendly? Mantenimiento incluido Amenidades: Alberca Área de juegos infantiles Cerca de tiendas de conveniencia y servicios Ubicado en Aldea Tulum mz 65Disponible para renta a largo plazo de 6 a 12 meses. Renta mensual: $7, 000 mxnideal para parejas, peque...",https://img10.naventcdn.com/avisos/18/01/49/81/20/26/720x532/1605386497.jpg?isFirstImage=true; https://img10.naventcdn.com/avisos/18/01/49/81/20/26/720x532/1605386469.jpg; https://img10.naventcdn.com/avisos/18/01/49/81/20/26/720x532/1605386495.jpg; https://img10.naventcdn.com/avisos/18/01/49/81/20/26/720x532/1605386467.jpg; https://img10.naventcdn.com/avisos/18/01/49/81/20/26/720x532/1605386522.jpg; https://img10.naventcdn.com/avisos/18/01/49/81/20/26/720x532/1605386502.jpg; https://img10.naventcdn.com/avisos/18/01/49/81/20/26/720x532/1605386500.jpg; https://img10.naventcdn.com/avisos/18/01/49/81/20/26/720x532/1605386464.jpg,Mexico,Quintana Roo,Tulum,20.1952078,-87.5290761,Rent
Azaola Investment Hub,https://www.inmuebles24.com/inmobiliarias/azaola-investment-hub_102490945-inmuebles.html,Inmuebles24 (via parse.bot API),https://www.inmuebles24.com/propiedades/clasificado/alclapin-departamento-en-renta-en-la-veleta-tulum-147156195.html,"Departamento en Renta en La Veleta, Tulum",Condo/Apartment,19900,MXN,,1,119.0,m2,"Departamento en renta y venta ubicado en La Veleta, Tulum. Ubicado en segundo nivel de dos recámaras y un baño completo. Duna y mar son dos mundos en uno es paz y tranquilidad, es un eco espacio contemporáneo formado por ocho departamentos con más de 72 % en áreas verdes y espacios públicos privilegiando una forma natural de haber creando comunidad entre los habitantes. Es un desarrollo donde se caracteriza por su frescura y naturalidad de diseño, incorporando técnicas naturales sustentables par...",https://img10.naventcdn.com/avisos/18/01/47/15/61/95/720x532/1549499838.jpg?isFirstImage=true; https://img10.naventcdn.com/avisos/18/01/47/15/61/95/720x532/1549499854.jpg; https://img10.naventcdn.com/avisos/18/01/47/15/61/95/720x532/1549499864.jpg; https://img10.naventcdn.com/avisos/18/01/47/15/61/95/720x532/1549499833.jpg; https://img10.naventcdn.com/avisos/18/01/47/15/61/95/720x532/1549499848.jpg; https://img10.naventcdn.com/avisos/18/01/47/15/61/95/720x532/1549499837.jpg; https://img10.naventcdn.com/avisos/18/01/47/15/61/95/720x532/1549499869.jpg; https://img10.naventcdn.com/avisos/18/01/47/15/61/95/720x532/1549499835.jpg,Mexico,Quintana Roo,Tulum,20.1992987429,-87.4760728527,Rent
KW RIVIERA MAYA,https://www.inmuebles24.com/inmobiliarias/kw-riviera-maya_102886263-inmuebles.html,Inmuebles24 (via parse.bot API),https://www.inmuebles24.com/propiedades/clasificado/alclapin-departamento-en-renta-150201592.html,Departamento en Renta,Condo/Apartment,20000,MXN,1,1,44.0,m2,"Departamento en primer nivel con servicio de Pool de rentas vacacionales, ubicado en el Pueblo Mágico de la Riviera Maya, Tulum, donde se respira cultura maya, selva, fauna, playas, atardeceres y amaneceres exuberantes de este paraíso tropical del caribe mexicano. La mezcla natural de Tulum como el agua, la tierra, el fuego y aire son testigos del nacimiento un desarrollo que simboliza paz, conexión y espiritualidad. El fraccionamiento cuenta con varios beneficios como. Privacidad. Facilidad par...",https://img10.naventcdn.com/avisos/18/01/50/20/15/92/720x532/1613239219.jpg?isFirstImage=true; https://img10.naventcdn.com/avisos/18/01/50/20/15/92/720x532/1613239136.jpg; https://img10.naventcdn.com/avisos/18/01/50/20/15/92/720x532/1613239178.jpg; https://img10.naventcdn.com/avisos/18/01/50/20/15/92/720x532/1613239213.jpg; https://img10.naventcdn.com/avisos/18/01/50/20/15/92/720x532/1613239116.jpg; https://img10.naventcdn.com/avisos/18/01/50/20/15/92/720x532/1613239112.jpg; https://img10.naventcdn.com/avisos/18/01/50/20/15/92/720x532/1613239174.jpg; https://img10.naventcdn.com/avisos/18/01/50/20/15/92/720x532/1613239144.jpg,Mexico,Quintana Roo,Tulum,20.1817807,-87.4628233,Rent
Tulum Rental Homes,https://www.inmuebles24.com/inmobiliarias/tulum-rental-homes_102640624-inmuebles.html,Inmuebles24 (via parse.bot API),https://www.inmuebles24.com/propiedades/clasificado/alclapin-departamento-en-edena-by-tao-149546290.html,Departamento en Edena By Tao,Condo/Apartment,29000,MXN,1,1,60000.0,m2,"Bienvenido edena by tao #111Av. CobaCaracterísticas destacadas 2 Recamaras con closet2 Baños completos Cocina con barraHorno &amp;amp; lava vajillasComedor en el jardínSala con tvParrillaLava secadoraCuarto de servicioCamastrosTerrazaAlberca &amp;amp; jardín privadoAmenidadesGimnasio &amp;amp; área de yogaAlberca compartida Parque infantilSalón de uso múltiplecinecancha de basquetbolPrecio: $29, 000 mxn mensuales + depósito + servicios + $2, 500 mxn contrato/póliza. Mantenimiento incluido.",https://img10.naventcdn.com/avisos/18/01/49/54/62/90/720x532/1599739046.jpg?isFirstImage=true; https://img10.naventcdn.com/avisos/18/01/49/54/62/90/720x532/1599739060.jpg; https://img10.naventcdn.com/avisos/18/01/49/54/62/90/720x532/1599739056.jpg; https://img10.naventcdn.com/avisos/18/01/49/54/62/90/720x532/1599739049.jpg; https://img10.naventcdn.com/avisos/18/01/49/54/62/90/720x532/1599739054.jpg; https://img10.naventcdn.com/avisos/18/01/49/54/62/90/720x532/1599739058.jpg; https://img10.naventcdn.com/avisos/18/01/49/54/62/90/720x532/1599739064.jpg; https://img10.naventcdn.com/avisos/18/01/49/54/62/90/720x532/1599739057.jpg,Mexico,Quintana Roo,Tulum,20.2031718,-87.4493629,Rent
Caribbean Properties,https://www.inmuebles24.com/inmobiliarias/caribbean-properties_51237743-inmuebles.html,Inmuebles24 (via parse.bot API),https://www.inmuebles24.com/propiedades/clasificado/alclapin-departamento-tipo-loft-en-gaia-residence-150608172.html,Departamento Tipo Loft en Gaia Residence,Condo/Apartment,11000,MXN,1,1,63.0,m2,"Se renta departamento tipología tipo Loft en el Proyecto gaia residences aldea zama. renta A largo plazocaracterísticas: 1 recamaraPlunge pool privadoTerraza exteriorInterior: 57. 01 m2 (613. 65 sq ft) Terraza: 6. 27 m2 (67. 49 sq ft) total: 63. 29 m2 (681. 14 sq ft) Cajon de estacionamiento no asignadoAmenidades: acceso controladoLobbyalbercaCamastrosGimnasioÁreas verdes, fuentes y muro llorónRequisitos: -1 mes depósito, mes inicial, + internet y electricidad. (incluye agua y mantenimiento). Co...",https://img10.naventcdn.com/avisos/18/01/50/60/81/72/720x532/1621761754.jpg?isFirstImage=true; https://img10.naventcdn.com/avisos/18/01/50/60/81/72/720x532/1621761731.jpg; https://img10.naventcdn.com/avisos/18/01/50/60/81/72/720x532/1621761710.jpg; https://img10.naventcdn.com/avisos/18/01/50/60/81/72/720x532/1621761921.jpg; https://img10.naventcdn.com/avisos/18/01/50/60/81/72/720x532/1621761689.jpg; https://img10.naventcdn.com/avisos/18/01/50/60/81/72/720x532/1621761613.jpg; https://img10.naventcdn.com/avisos/18/01/50/60/81/72/720x532/1621761659.jpg; https://img10.naventcdn.com/avisos/18/01/50/60/81/72/720x532/1621761874.jpg,Mexico,Quintana Roo,Tulum,20.1998245368,-87.4625821603,Rent
Josefina castilla,https://www.inmuebles24.com/inmobiliarias/josefina-castilla_103114327-inmuebles.html,Inmuebles24 (via parse.bot API),https://www.inmuebles24.com/propiedades/clasificado/alclappa-renta-larga-en-babel-wellness-living-tulum-150613311.html,Renta Larga en Babel Wellness Living — Tulum,Condo/Apartment,18000,MXN,1,1,100.0,m2,"Departamento loft de 1 recámara, totalmente amueblado y equipado, en uno de los desarrollos boutique más completos de Tulum. Amenidades incluidas: • Alberca y hot tub. • Steam room / spa. • Restaurante en sitio. • Seguridad 24h. • Internet de alta velocidad (infraestructura propia) • Mantenimiento de áreas comunes. Ubicación: Babel Wellness Living, Tulum. Desde $18, 000 mxn/mes (precio de lanzamiento, unidades limitadas) no incluye luz. Mínimo 3 meses — descuentos por 18 y 24 meses. Depósito: 1 ...",https://img10.naventcdn.com/avisos/18/01/50/61/33/11/720x532/1621870562.jpg?isFirstImage=true; https://img10.naventcdn.com/avisos/18/01/50/61/33/11/720x532/1621870601.jpg; https://img10.naventcdn.com/avisos/18/01/50/61/33/11/720x532/1621870605.jpg; https://img10.naventcdn.com/avisos/18/01/50/61/33/11/720x532/1621870569.jpg; https://img10.naventcdn.com/avisos/18/01/50/61/33/11/720x532/1621870563.jpg; https://img10.naventcdn.com/avisos/18/01/50/61/33/11/720x532/1621870568.jpg; https://img10.naventcdn.com/avisos/18/01/50/61/33/11/720x532/1621870567.jpg; https://img10.naventcdn.com/avisos/18/01/50/61/33/11/720x532/1621870602.jpg,Mexico,Quintana Roo,Tulum,20.209437,-87.4798558,Rent
Playa del Carmen,https://www.inmuebles24.com/inmobiliarias/playa-del-carmen_51073636-inmuebles.html,Inmuebles24 (via parse.bot API),https://www.inmuebles24.com/propiedades/clasificado/alclapin-se-renta-departamento-2-recamaras-con-alberca-en-the-143522698.html,"Se Renta Departamento 2 Recamaras con Alberca en The Waves, Tulum",Condo/Apartment,25000,MXN,2,2,121.0,m2,"Departamento en renta de 2 recamaras 2 baños amueblado en the waves, tulum. complejo con múltiples amenidades como 4 albercas, areas Y juegos para niños, waterpark, spa, restaurant, pool bar, cenote, estacionamiento techado, etc. Cómodo departamento repartido en dos plantas. la planta baja cuenta con cocina, sala de estar, recámara privada, baño Y balcón convista A jardin central. la planta alta tiene una recámara con baño, rooftop privado con zona de asoleadero, alberca, asador E impresionante ...",https://img10.naventcdn.com/avisos/18/01/43/52/26/98/720x532/1461120862.jpg?isFirstImage=true; https://img10.naventcdn.com/avisos/18/01/43/52/26/98/720x532/1461120869.jpg; https://img10.naventcdn.com/avisos/18/01/43/52/26/98/720x532/1489335076.jpg; https://img10.naventcdn.com/avisos/18/01/43/52/26/98/720x532/1494009179.jpg; https://img10.naventcdn.com/avisos/18/01/43/52/26/98/720x532/1461120855.jpg; https://img10.naventcdn.com/avisos/18/01/43/52/26/98/720x532/1461120866.jpg; https://img10.naventcdn.com/avisos/18/01/43/52/26/98/720x532/1494009649.jpg; https://img10.naventcdn.com/avisos/18/01/43/52/26/98/720x532/1461120858.jpg,Mexico,Quintana Roo,Tulum,20.2031374,-87.4671402,Rent
G&V Bienes Raíces,https://www.inmuebles24.com/inmobiliarias/g-v-bienes-raices_102802635-inmuebles.html,Inmuebles24 (via parse.bot API),https://www.inmuebles24.com/propiedades/clasificado/alclapin-departamento-en-aldea-tulum-146507100.html,Departamento en Aldea Tulum,Condo/Apartment,8500,MXN,2,1,,m2,Https: //www. gvbienesraices. com/,https://img10.naventcdn.com/avisos/18/01/46/50/71/00/720x532/1533688530.jpg?isFirstImage=true; https://img10.naventcdn.com/avisos/18/01/46/50/71/00/720x532/1533688554.jpg; https://img10.naventcdn.com/avisos/18/01/46/50/71/00/720x532/1533688542.jpg; https://img10.naventcdn.com/avisos/18/01/46/50/71/00/720x532/1533688555.jpg; https://img10.naventcdn.com/avisos/18/01/46/50/71/00/720x532/1533688539.jpg; https://img10.naventcdn.com/avisos/18/01/46/50/71/00/720x532/1533688537.jpg; https://img10.naventcdn.com/avisos/18/01/46/50/71/00/720x532/1533688546.jpg; https://img10.naventcdn.com/avisos/18/01/46/50/71/00/720x532/1533688536.jpg,Mexico,Quintana Roo,Tulum,20.2086154,-87.4557017,Rent
Tulum Rental Homes,https://www.inmuebles24.com/inmobiliarias/tulum-rental-homes_102640624-inmuebles.html,Inmuebles24 (via parse.bot API),https://www.inmuebles24.com/propiedades/clasificado/alclapin-departamento-en-mistiq-villas-149546145.html,Departamento en Mistiq Villas,Condo/Apartment,50000,MXN,3,3,287.0,m2,"Mistiq villas #28 Región 15Características Destacadas3 Recámaras espaciosas con closet3 Baños completos &amp;amp; 1 medio bañoAmplia sala con tvcomedor para 6 personasCocina equipada con barraEquipamiento de lujoLava secadoraTerraza privada con jacuzziExcelente iluminación Amenidades EstacionamientoGimnasio de categoríaAmplia e innovadora albercaNumerosas áreas verdesPrecio: $50, 000 mxn mensuales + depósito + servicios + $2. 500 mxn contrato/póliza. Incluye mantenimiento(hoa)",https://img10.naventcdn.com/avisos/18/01/49/54/61/45/720x532/1599736242.jpg?isFirstImage=true,Mexico,Quintana Roo,Tulum,20.1784384359,-87.4716332487,Rent
Paraiso Real Estate Tulum,https://www.inmuebles24.com/inmobiliarias/paraiso-real-estate-tulum_50310732-inmuebles.html,Inmuebles24 (via parse.bot API),https://www.inmuebles24.com/propiedades/clasificado/alclapin-maxi-estudio-con-terraza-cubierta-y-jacuzzi-privadas-149490043.html,Maxi Estudio con Terraza Cubierta y Jacuzzi Privadas en Renta Largo Plazo,Condo/Apartment,14000,MXN,1,1,,m2,"Descubre este amplio estudio en La Veleta, Tulum, ideal para quienes buscan comodidad y estilo. Esta propiedad se destaca por su terraza cubierta privada equipada con un jacuzzi, perfecta para relajarse. El departamento ofrece servicios de Internet y mantenimiento, asegurando una estancia sin preocupaciones. Además, puedes disfrutar de amenidades exclusivas como una alberca comunitaria, restaurante, bar y seguridad 24 horas. Ubicado en una zona tranquila, es una excelente opción para renta a lar...",https://img10.naventcdn.com/avisos/18/01/49/49/00/43/720x532/1598515229.jpg?isFirstImage=true; https://img10.naventcdn.com/avisos/18/01/49/49/00/43/720x532/1598515220.jpg; https://img10.naventcdn.com/avisos/18/01/49/49/00/43/720x532/1598515227.jpg; https://img10.naventcdn.com/avisos/18/01/49/49/00/43/720x532/1598515225.jpg; https://img10.naventcdn.com/avisos/18/01/49/49/00/43/720x532/1598515230.jpg; https://img10.naventcdn.com/avisos/18/01/49/49/00/43/720x532/1598515226.jpg; https://img10.naventcdn.com/avisos/18/01/49/49/00/43/720x532/1598515222.jpg; https://img10.naventcdn.com/avisos/18/01/49/49/00/43/720x532/1598515228.jpg,Mexico,Quintana Roo,Tulum,20.20639218,-87.4708371807,Rent
KW RIVIERA MAYA,https://www.inmuebles24.com/inmobiliarias/kw-riviera-maya_102886263-inmuebles.html,Inmuebles24 (via parse.bot API),https://www.inmuebles24.com/propiedades/clasificado/alclapin-renta-de-pent-house-de-2-recamaras-amueblado-y-149962724.html,"Renta de Pent House de 2 Recamaras, Amueblado y Equipado en Ubicado en La Zona Comercial de Aldea Z",Condo/Apartment,25500,MXN,2,,84.0,m2,"Pent house en Renta de 2 recamaras, amueblado y equipado en ubicado en la zona comercial de aldea zama tulum. La distribución del departamento cuenta con 2 recámaras amuebladas con sus cortinas interiores y espacio decloset, cada una con su baño, ambiente de sala comedor, cocina integral equipada con estufa a gas, su refrigerador y su campana y área de lavado con su lavadora. El condominio skyline tulum está integrada por 4 pent houses y 3 locales comerciales, Su diseño arquitectónico fue pensad...",https://img10.naventcdn.com/avisos/18/01/49/96/27/24/720x532/1608484732.jpg?isFirstImage=true; https://img10.naventcdn.com/avisos/18/01/49/96/27/24/720x532/1608484708.jpg; https://img10.naventcdn.com/avisos/18/01/49/96/27/24/720x532/1608484806.jpg; https://img10.naventcdn.com/avisos/18/01/49/96/27/24/720x532/1608484201.jpg; https://img10.naventcdn.com/avisos/18/01/49/96/27/24/720x532/1608484547.jpg; https://img10.naventcdn.com/avisos/18/01/49/96/27/24/720x532/1608484782.jpg; https://img10.naventcdn.com/avisos/18/01/49/96/27/24/720x532/1608484436.jpg; https://img10.naventcdn.com/avisos/18/01/49/96/27/24/720x532/1608484244.jpg,Mexico,Quintana Roo,Tulum,20.2114185,-87.46535019999999,Rent
ACADEMIA Protool,https://www.inmuebles24.com/inmobiliarias/academia-protool_665096-inmuebles.html,Inmuebles24 (via parse.bot API),https://www.inmuebles24.com/propiedades/clasificado/alclapin-departamento-en-renta-region-15-tulum-amueblado-145667451.html,"Departamento en Renta Región 15 Tulum Amueblado, Equipado con Jardín Privado",Condo/Apartment,13000,MXN,1,1,45.0,m2,"Estudio garden con piscina privada. Dentro del completo Central Park Lagunas estudio con todas los muebles, aditamentos de cocina, tv, ac, ventilador, muebles incluidos, totalmente equipado. El complejo cuenta con gym, coworking, albercas y spa. La renta incluye mantenimiento",https://img10.naventcdn.com/avisos/18/01/45/66/74/51/720x532/1510567087.jpg?isFirstImage=true; https://img10.naventcdn.com/avisos/18/01/45/66/74/51/720x532/1510567088.jpg; https://img10.naventcdn.com/avisos/18/01/45/66/74/51/720x532/1510567090.jpg; https://img10.naventcdn.com/avisos/18/01/45/66/74/51/720x532/1510567084.jpg; https://img10.naventcdn.com/avisos/18/01/45/66/74/51/720x532/1510567086.jpg; https://img10.naventcdn.com/avisos/18/01/45/66/74/51/720x532/1510567083.jpg; https://img10.naventcdn.com/avisos/18/01/45/66/74/51/720x532/1510567077.jpg; https://img10.naventcdn.com/avisos/18/01/45/66/74/51/720x532/1510567082.jpg,Mexico,Quintana Roo,Tulum,20.212534068253404,-87.46547008916014,Rent
Tulum Rental Homes,https://www.inmuebles24.com/inmobiliarias/tulum-rental-homes_102640624-inmuebles.html,Inmuebles24 (via parse.bot API),https://www.inmuebles24.com/propiedades/clasificado/alclapin-departamento-en-anah-village-bahia-principe-149947343.html,Departamento en Anah Village Bahia Principe,Condo/Apartment,40000,MXN,2,2,,m2,"Anah village #B44Tulum Country Club by Bahía PríncipeCaracterísticas Destacadas2 Recamaras amplias con lock off2 Baños completos &amp;amp; 1 medio bañoCocina equipada con horno &amp;amp; barraComedor para 6 personasAmplia Sala con tvventilador de techo &amp;amp; A/cterrazaAmenidadesAlberca compartidaGimnasioÁrea de hamacasRooftop con asadorSpaJacuzziAcceso a la playaPrecio mensual: $40, 000 mxn + deposito + servicios + $2, 500 mxn contrato/póliza. Incluye mantenimiento",https://img10.naventcdn.com/avisos/18/01/49/94/73/43/720x532/1608177328.jpg?isFirstImage=true; https://img10.naventcdn.com/avisos/18/01/49/94/73/43/720x532/1608177379.jpg; https://img10.naventcdn.com/avisos/18/01/49/94/73/43/720x532/1608177493.jpg; https://img10.naventcdn.com/avisos/18/01/49/94/73/43/720x532/1608177344.jpg; https://img10.naventcdn.com/avisos/18/01/49/94/73/43/720x532/1608177481.jpg; https://img10.naventcdn.com/avisos/18/01/49/94/73/43/720x532/1608177305.jpg; https://img10.naventcdn.com/avisos/18/01/49/94/73/43/720x532/1608177487.jpg; https://img10.naventcdn.com/avisos/18/01/49/94/73/43/720x532/1608177498.jpg,Mexico,Quintana Roo,Tulum,20.2734402705,-87.3951909591,Rent
DENISSE CID,https://www.inmuebles24.com/inmobiliarias/denisse-cid_103098947-inmuebles.html,Inmuebles24 (via parse.bot API),https://www.inmuebles24.com/propiedades/clasificado/alclappa-penthouse-amueblado-con-vista-al-golf-tulum-country-150341199.html,Penthouse Amueblado con Vista Al Golf | Tulum Country Club,Penthouse,30000,MXN,2,2,125.0,m2,"Disfruta de un estilo de vida exclusivo dentro de Tulum Country Club, un prestigioso desarrollo residencial con campo de golf pga, seguridad 24/7 y un entorno rodeado de naturaleza. Este elegante loft de doble altura ofrece amplios espacios, excelente iluminación natural y una terraza privada con vista al campo de golf. Cuenta con 1 recámara principal, 2 baños completos, cocina integral equipada, sala, comedor y se entrega totalmente amueblado y equipado, listo para habitar. Como parte de sus am...",https://img10.naventcdn.com/avisos/18/01/50/34/11/99/720x532/1616176800.jpg?isFirstImage=true; https://img10.naventcdn.com/avisos/18/01/50/34/11/99/720x532/1616176807.jpg; https://img10.naventcdn.com/avisos/18/01/50/34/11/99/720x532/1616176799.jpg; https://img10.naventcdn.com/avisos/18/01/50/34/11/99/720x532/1616176805.jpg; https://img10.naventcdn.com/avisos/18/01/50/34/11/99/720x532/1616176797.jpg; https://img10.naventcdn.com/avisos/18/01/50/34/11/99/720x532/1616176801.jpg; https://img10.naventcdn.com/avisos/18/01/50/34/11/99/720x532/1616176795.jpg; https://img10.naventcdn.com/avisos/18/01/50/34/11/99/720x532/1616176796.jpg,Mexico,Quintana Roo,Tulum,,,Rent
Paola Huerta - Realtor - Sales and Rentals,https://www.inmuebles24.com/inmobiliarias/paola-huerta-realtor-sales-and-rentals_102872515-inmuebles.html,Inmuebles24 (via parse.bot API),https://www.inmuebles24.com/propiedades/clasificado/alclapin-renta-a-largo-plazo-en-tulum-long-term-rental-tulum-149767967.html,Renta a Largo Plazo en Tulum - Long Term Rental Tulum,Condo/Apartment,17500,MXN,1,1,,m2,"Rentas A largo plazo en tulumpara atención personalizada contáctanos por WhatsApp a los siguientes números: Paola Huerta: +52 (5522 43 8797) y Ramon Capocchia +<span class='descripcionDatosAnunciante'><button class='btn btn-link js-verDatos' href='#'>Ver datos</button></span>) renta departamento 1 recámara Y albercalimas TulumBienvenidoDepartamento de una recamara cama king size, closet, terraza y baño completo. Baño de visitasAres de lavado y bodegaCocina full y equippedSala cómodaÁrea tranquil...",https://img10.naventcdn.com/avisos/18/01/49/76/79/67/720x532/1604362169.jpg?isFirstImage=true; https://img10.naventcdn.com/avisos/18/01/49/76/79/67/720x532/1604362170.jpg; https://img10.naventcdn.com/avisos/18/01/49/76/79/67/720x532/1604362199.jpg; https://img10.naventcdn.com/avisos/18/01/49/76/79/67/720x532/1604362207.jpg; https://img10.naventcdn.com/avisos/18/01/49/76/79/67/720x532/1604362167.jpg; https://img10.naventcdn.com/avisos/18/01/49/76/79/67/720x532/1604362175.jpg; https://img10.naventcdn.com/avisos/18/01/49/76/79/67/720x532/1604362168.jpg; https://img10.naventcdn.com/avisos/18/01/49/76/79/67/720x532/1604362209.jpg,Mexico,Quintana Roo,Tulum,20.2102551,-87.4703678,Rent
Paola Huerta - Realtor - Sales and Rentals,https://www.inmuebles24.com/inmobiliarias/paola-huerta-realtor-sales-and-rentals_102872515-inmuebles.html,Inmuebles24 (via parse.bot API),https://www.inmuebles24.com/propiedades/clasificado/alclapin-renta-a-largo-plazo-en-tulum-long-term-rental-tulum-149722302.html,Renta a Largo Plazo en Tulum - Long Term Rental Tulum,Unknown,20500,MXN,,2,,m2,"Rentas A largo plazo en tulumpara atención personalizada contáctanos por WhatsApp a los siguientes números: Paola Huerta: +52 (5522 43 8797) y Ramon Capocchia +<span class='descripcionDatosAnunciante'><button class='btn btn-link js-verDatos' href='#'>Ver datos</button></span>) Aldea Savia 1er FaseBienvenido a esta hermosa propiedad. Ubicado en planta baja2 recámaras y dos bañosTerraza amplia y con adoquínSala cómoda con gran tvcocina equipada y con barraComedor para 6 personasAlberca, gimnasio, ...",https://img10.naventcdn.com/avisos/18/01/49/72/23/02/720x532/1603473159.jpg?isFirstImage=true; https://img10.naventcdn.com/avisos/18/01/49/72/23/02/720x532/1603473163.jpg; https://img10.naventcdn.com/avisos/18/01/49/72/23/02/720x532/1603473161.jpg; https://img10.naventcdn.com/avisos/18/01/49/72/23/02/720x532/1603473170.jpg; https://img10.naventcdn.com/avisos/18/01/49/72/23/02/720x532/1603473157.jpg; https://img10.naventcdn.com/avisos/18/01/49/72/23/02/720x532/1603473160.jpg; https://img10.naventcdn.com/avisos/18/01/49/72/23/02/720x532/1603473156.jpg; https://img10.naventcdn.com/avisos/18/01/49/72/23/02/720x532/1603473168.jpg,Mexico,Quintana Roo,Tulum,20.1997998,-87.454707,Rent
Sunna Real Estate,https://www.inmuebles24.com/inmobiliarias/sunna-real-estate_102829561-inmuebles.html,Inmuebles24 (via parse.bot API),https://www.inmuebles24.com/propiedades/clasificado/alclapin-departamento-en-tumben-kaa-146361099.html,Departamento en Tumben Kaa,Condo/Apartment,19000,MXN,2,2,134.0,m2,"Vive en la naturaleza, con el confort que mereces Ubicado en la Región 12Comunidad privada, segura y rodeada de un 40% de áreas verdes amenidades2 Gimnasios equipadosAlberca familiar + Alberca solo para adultos con vista a la selva Coworking para tu productividad Zona para niños Área de asadores Espacios chill para relajarte2 rec con terraza privada sin mueblesrenta 19, 000 mxnventa 3, 600, 000mas infomracion al <span class='descripcionDatosAnunciante'><button class='btn btn-link js-verDatos' hr...",https://img10.naventcdn.com/avisos/18/01/46/36/10/99/720x532/1529966982.jpg?isFirstImage=true; https://img10.naventcdn.com/avisos/18/01/46/36/10/99/720x532/1529966962.jpg; https://img10.naventcdn.com/avisos/18/01/46/36/10/99/720x532/1529966985.jpg; https://img10.naventcdn.com/avisos/18/01/46/36/10/99/720x532/1529966986.jpg; https://img10.naventcdn.com/avisos/18/01/46/36/10/99/720x532/1529966965.jpg; https://img10.naventcdn.com/avisos/18/01/46/36/10/99/720x532/1529966970.jpg; https://img10.naventcdn.com/avisos/18/01/46/36/10/99/720x532/1529966980.jpg; https://img10.naventcdn.com/avisos/18/01/46/36/10/99/720x532/1529966981.jpg,Mexico,Quintana Roo,Tulum,20.2175625,-87.471986,Rent
7117 Grupo inmobiliario,https://www.inmuebles24.com/inmobiliarias/7117-grupo-inmobiliario_102647091-inmuebles.html,Inmuebles24 (via parse.bot API),https://www.inmuebles24.com/propiedades/clasificado/alclapin-departamento-en-tulum-146933872.html,Departamento en Tulum,Condo/Apartment,16500,MXN,1,1,54.0,m2,Departamento en tulum Precio: $<span class='descripcionDatosAnunciante'><button class='btn btn-link js-verDatos' href='#'>Ver datos</button></span> mxn con manttoDepartamento: 1D 1B descripción Edificio nequen Sector la veleta Jacuzzi privado Lavanderia propiaPrecio sujeto a disponibilidad y cambios sin previo aviso. 7117 Grupo Inmobiliario,https://img10.naventcdn.com/avisos/18/01/46/93/38/72/720x532/1544183234.jpg?isFirstImage=true; https://img10.naventcdn.com/avisos/18/01/46/93/38/72/720x532/1544183210.jpg; https://img10.naventcdn.com/avisos/18/01/46/93/38/72/720x532/1544183209.jpg; https://img10.naventcdn.com/avisos/18/01/46/93/38/72/720x532/1544183212.jpg; https://img10.naventcdn.com/avisos/18/01/46/93/38/72/720x532/1544183217.jpg; https://img10.naventcdn.com/avisos/18/01/46/93/38/72/720x532/1544183208.jpg; https://img10.naventcdn.com/avisos/18/01/46/93/38/72/720x532/1544183207.jpg; https://img10.naventcdn.com/avisos/18/01/46/93/38/72/720x532/1544183218.jpg,Mexico,Quintana Roo,Tulum,20.2025963,-87.4727791,Rent
KW RIVIERA MAYA,https://www.inmuebles24.com/inmobiliarias/kw-riviera-maya_102886263-inmuebles.html,Inmuebles24 (via parse.bot API),https://www.inmuebles24.com/propiedades/clasificado/alclapin-departamento-2-recamaras-equipado-y-amueblado-aldea-150159025.html,Departamento 2 Recamaras Equipado y Amueblado Aldea Tulum Plus,Condo/Apartment,10000,MXN,2,1,71.0,m2,"Departamento en Renta de 2 recamaras, amueblado y equipado en ubicado en 3er nivel en Condominio Aldea Tulum Plus. La distribución del departamento cuenta con 2 recámaras amuebladas con sus cortinas interiores y espacio declosetabierto, 1 baño, sala comedor, cocina integral equipada con estufa a gas, su refrigerador y su campana y área de lavado con su lavadora. El condominio Aldea Tulum Plus se integra por edificios de cuentan con 4 pisos de altura con 2 departamentos por nivel, el modelo de de...",https://img10.naventcdn.com/avisos/18/01/50/15/90/25/720x532/1612391637.jpg?isFirstImage=true; https://img10.naventcdn.com/avisos/18/01/50/15/90/25/720x532/1612391714.jpg; https://img10.naventcdn.com/avisos/18/01/50/15/90/25/720x532/1612391656.jpg; https://img10.naventcdn.com/avisos/18/01/50/15/90/25/720x532/1612391752.jpg; https://img10.naventcdn.com/avisos/18/01/50/15/90/25/720x532/1612391705.jpg; https://img10.naventcdn.com/avisos/18/01/50/15/90/25/720x532/1612391674.jpg; https://img10.naventcdn.com/avisos/18/01/50/15/90/25/720x532/1612391681.jpg; https://img10.naventcdn.com/avisos/18/01/50/15/90/25/720x532/1612391678.jpg,Mexico,Quintana Roo,Tulum,20.1937232,-87.5305905,Rent
Tulum Rental Homes,https://www.inmuebles24.com/inmobiliarias/tulum-rental-homes_102640624-inmuebles.html,Inmuebles24 (via parse.bot API),https://www.inmuebles24.com/propiedades/clasificado/alclapin-departamento-en-palalma-casa-149945394.html,Departamento en Palalma Casa,Condo/Apartment,20000,MXN,2,2,,m2,"Palalma Casa #7 La Veleta Características destacadas 2 Recámaras con guarda ropa 2 Baños completos Cocina completa con barra Amplia Sala Comedor Smart tv Ventiladores y aire acondicionado Lavasecadora Alberca privadaAmenidades Area comun Alberca compartida Precio: $20, 000 mxn + deposito + servicios. $2, 500 mxn Pago unica vez por contrato/poliza. Ubicacion: https: //maps. app. goo. gl/tGtimjFdbebmhph48 Drive: https: //drive. google. com/drive/folders/1Roeciwes9Wgzj_ugY0ynze8gIkn4iyMc? usp=drive...",https://img10.naventcdn.com/avisos/18/01/49/94/53/94/720x532/1608138105.jpg?isFirstImage=true; https://img10.naventcdn.com/avisos/18/01/49/94/53/94/720x532/1608138240.jpg; https://img10.naventcdn.com/avisos/18/01/49/94/53/94/720x532/1608138084.jpg; https://img10.naventcdn.com/avisos/18/01/49/94/53/94/720x532/1608138166.jpg; https://img10.naventcdn.com/avisos/18/01/49/94/53/94/720x532/1608138003.jpg; https://img10.naventcdn.com/avisos/18/01/49/94/53/94/720x532/1608138188.jpg; https://img10.naventcdn.com/avisos/18/01/49/94/53/94/720x532/1608138207.jpg; https://img10.naventcdn.com/avisos/18/01/49/94/53/94/720x532/1608138141.jpg,Mexico,Quintana Roo,Tulum,20.199157924,-87.4715667442,Rent
Sena Real Estate,https://www.inmuebles24.com/inmobiliarias/sena-real-estate_102572431-inmuebles.html,Inmuebles24 (via parse.bot API),https://www.inmuebles24.com/propiedades/clasificado/alclapin-renta-departamento-3rec-aldea-savia-tulum-148937878.html,Renta Departamento 3rec Aldea Savia Tulum,Condo/Apartment,35000,MXN,3,2,250.0,m2,"¡Tu nuevo hogar en el paraíso te espera! Casa en Venta o Renta en Aldea Savia, Tulum – Fase 1Totalmente equipada – 250 m²Renta: $35, 000. 00 mxn Características: amueblado3 Recámaras + Oficina2 Baños completosAlacena, Sala, Comedor y Cocina3 Terrazas y Jardín2 EstacionamientosCuarto de lavadoAmenidades de primer nivel: Alberca con carril de nado y Roof Top con albercaSeguridad 24/7 y comunidad cerrada2 Gimnasios y CoworkingCancha de pádelJuegos infantiles y chapoteaderoAsadores y áreas socialesU...",https://img10.naventcdn.com/avisos/18/01/48/93/78/78/720x532/1587328724.jpg?isFirstImage=true; https://img10.naventcdn.com/avisos/18/01/48/93/78/78/720x532/1587328738.jpg; https://img10.naventcdn.com/avisos/18/01/48/93/78/78/720x532/1587328725.jpg; https://img10.naventcdn.com/avisos/18/01/48/93/78/78/720x532/1587328777.jpg; https://img10.naventcdn.com/avisos/18/01/48/93/78/78/720x532/1587328730.jpg; https://img10.naventcdn.com/avisos/18/01/48/93/78/78/720x532/1587328739.jpg; https://img10.naventcdn.com/avisos/18/01/48/93/78/78/720x532/1587328727.jpg; https://img10.naventcdn.com/avisos/18/01/48/93/78/78/720x532/1587328726.jpg,Mexico,Quintana Roo,Tulum,20.2114186,-87.4795494,Rent
Paola Huerta - Realtor - Sales and Rentals,https://www.inmuebles24.com/inmobiliarias/paola-huerta-realtor-sales-and-rentals_102872515-inmuebles.html,Inmuebles24 (via parse.bot API),https://www.inmuebles24.com/propiedades/clasificado/alclapin-renta-a-largo-plazo-en-tulum-long-term-rental-tulum-149725628.html,Renta a Largo Plazo en Tulum - Long Term Rental Tulum,Condo/Apartment,16500,MXN,2,2,,m2,"Rentas A largo plazo en tulumpara atención personalizada contáctanos por WhatsApp a los siguientes números: Paola Huerta: +52 (5522 43 8797) y Ramon Capocchia +<span class='descripcionDatosAnunciante'><button class='btn btn-link js-verDatos' href='#'>Ver datos</button></span>) renta departamento 2 recámaras Y alberca privadamaki, Zona Selva NorteBienvenido a este lindo y amplio departamentoConsta de 2 recámaras y 2 baños completos. Grandes espacios de Sala y comedor, muy luminoso. Cocina equipad...",https://img10.naventcdn.com/avisos/18/01/49/72/56/28/720x532/1603543929.jpg?isFirstImage=true; https://img10.naventcdn.com/avisos/18/01/49/72/56/28/720x532/1603543923.jpg; https://img10.naventcdn.com/avisos/18/01/49/72/56/28/720x532/1603543935.jpg; https://img10.naventcdn.com/avisos/18/01/49/72/56/28/720x532/1603543937.jpg; https://img10.naventcdn.com/avisos/18/01/49/72/56/28/720x532/1603543944.jpg; https://img10.naventcdn.com/avisos/18/01/49/72/56/28/720x532/1603543932.jpg; https://img10.naventcdn.com/avisos/18/01/49/72/56/28/720x532/1603543943.jpg; https://img10.naventcdn.com/avisos/18/01/49/72/56/28/720x532/1603543936.jpg,Mexico,Quintana Roo,Tulum,20.2131309,-87.4960022,Rent
Paola Huerta - Realtor - Sales and Rentals,https://www.inmuebles24.com/inmobiliarias/paola-huerta-realtor-sales-and-rentals_102872515-inmuebles.html,Inmuebles24 (via parse.bot API),https://www.inmuebles24.com/propiedades/clasificado/alclapin-renta-a-largo-plazo-en-tulum-long-term-rental-tulum.-150067854.html,Renta a Largo Plazo en Tulum - Long Term Rental Tulum.,Unknown,65000,MXN,3,3,,m2,"Rentas A largo plazo en tulumpara atención personalizada contáctanos por WhatsApp a los siguientes números: Paola Huerta: +52 (5522 43 8797) y Ramón Capocchia +<span class='descripcionDatosAnunciante'><button class='btn btn-link js-verDatos' href='#'>Ver datos</button></span>) BienvenidoAflora, Aldea ZamáHermoso Pent Garden de 3 recámaras cada una con baño propio, amplios closets y escritorio. Sala y comedor con tvcocina de gran tamaño (con horno y lavaplatos) Roof top, área de chill y una gran ...",https://img10.naventcdn.com/avisos/18/01/50/06/78/54/720x532/1610536127.jpg?isFirstImage=true; https://img10.naventcdn.com/avisos/18/01/50/06/78/54/720x532/1610536118.jpg; https://img10.naventcdn.com/avisos/18/01/50/06/78/54/720x532/1610535983.jpg; https://img10.naventcdn.com/avisos/18/01/50/06/78/54/720x532/1610536105.jpg; https://img10.naventcdn.com/avisos/18/01/50/06/78/54/720x532/1610536114.jpg; https://img10.naventcdn.com/avisos/18/01/50/06/78/54/720x532/1610535961.jpg; https://img10.naventcdn.com/avisos/18/01/50/06/78/54/720x532/1610536086.jpg; https://img10.naventcdn.com/avisos/18/01/50/06/78/54/720x532/1610535949.jpg,Mexico,Quintana Roo,Tulum,20.2008001,-87.451071,Rent
Paola Huerta - Realtor - Sales and Rentals,https://www.inmuebles24.com/inmobiliarias/paola-huerta-realtor-sales-and-rentals_102872515-inmuebles.html,Inmuebles24 (via parse.bot API),https://www.inmuebles24.com/propiedades/clasificado/alclapin-renta-a-largo-plazo-en-tulum-long-term-rental-tulum.-150657883.html,Renta a Largo Plazo en Tulum - Long Term Rental Tulum.,Condo/Apartment,18000,MXN,2,2,,m2,"Rentas A largo plazo en tulumpara atención personalizada contáctanos por WhatsApp a los siguientes números: Paola Huerta: +52 (5522 43 8797) y Ramón Capocchia +<span class='descripcionDatosAnunciante'><button class='btn btn-link js-verDatos' href='#'>Ver datos</button></span>) Bienvenido, hermoso departamentoUbicado en: Dolce Vita, Aldea ZamáUbicado en tercer pisoLujoso y amplio departamento de dos habitaciones y dos baños completosEspacio de sala, comedor y cocina de buen tamañoAmuebladoEl comp...",https://img10.naventcdn.com/avisos/18/01/50/65/78/83/720x532/1622775853.jpg?isFirstImage=true; https://img10.naventcdn.com/avisos/18/01/50/65/78/83/720x532/1622775860.jpg; https://img10.naventcdn.com/avisos/18/01/50/65/78/83/720x532/1622775854.jpg; https://img10.naventcdn.com/avisos/18/01/50/65/78/83/720x532/1622775843.jpg; https://img10.naventcdn.com/avisos/18/01/50/65/78/83/720x532/1622775864.jpg; https://img10.naventcdn.com/avisos/18/01/50/65/78/83/720x532/1622775862.jpg; https://img10.naventcdn.com/avisos/18/01/50/65/78/83/720x532/1622775844.jpg; https://img10.naventcdn.com/avisos/18/01/50/65/78/83/720x532/1622775845.jpg,Mexico,Quintana Roo,Tulum,20.1972599,-87.4629898,Rent
TULUM REALTORS SA de CV,https://www.inmuebles24.com/inmobiliarias/tulum-realtors-sa-de-cv_50146364-inmuebles.html,Inmuebles24 (via parse.bot API),https://www.inmuebles24.com/propiedades/clasificado/alclapin-departamento-en-renta-de-2-habitaciones-en-tulum-aldea-147048073.html,Departamento en Renta de 2 Habitaciones en Tulum Aldea Zama Lb 252,Condo/Apartment,27000,MXN,2,2,,m2,"Descripción: Departamento en renta Tulum Aldea Zama. Ubicado en planta baja este hermoso departamento incrustado en la jungla maya cuenta con 2 habitaciones, 2 baños completos y un ½ baño, sala, cocina integral totalmente equipada con barra, terraza con acceso directo a la alberca, centro de lavado, ventiladores, aire acondicionado y estacionamientoAmenidades: Alberca común, asoleaderos, palapa, seguridad 24/7Descripción del desarrollo: Precioso departamento ubicado en complejo de apartamentos d...",https://img10.naventcdn.com/avisos/18/01/47/04/80/73/720x532/1546792550.jpg?isFirstImage=true; https://img10.naventcdn.com/avisos/18/01/47/04/80/73/720x532/1546792538.jpg; https://img10.naventcdn.com/avisos/18/01/47/04/80/73/720x532/1546792549.jpg; https://img10.naventcdn.com/avisos/18/01/47/04/80/73/720x532/1546792532.jpg; https://img10.naventcdn.com/avisos/18/01/47/04/80/73/720x532/1546792533.jpg; https://img10.naventcdn.com/avisos/18/01/47/04/80/73/720x532/1546792531.jpg; https://img10.naventcdn.com/avisos/18/01/47/04/80/73/720x532/1546792535.jpg; https://img10.naventcdn.com/avisos/18/01/47/04/80/73/720x532/1546792536.jpg,Mexico,Quintana Roo,Tulum,20.2023981,-87.4568922,Rent
Paraiso Real Estate Tulum,https://www.inmuebles24.com/inmobiliarias/paraiso-real-estate-tulum_50310732-inmuebles.html,Inmuebles24 (via parse.bot API),https://www.inmuebles24.com/propiedades/clasificado/alclapin-departamento-de-2-recamaras-y-2-banos-en-riviera-tulum-149267728.html,Departamento de 2 Recamaras y 2 Baños en Riviera Tulum Todo Incluido,Condo/Apartment,19000,MXN,2,2,,m2,"Departamento en Riviera Tulum todo incluidoEste exclusivo departamento de 2 recamaras en el Fraccionamiento Riviera Tulum ofrece un estilo de vida ecológico con seguridad 24 horas. Con dos amplias recámaras equipadas 2 camas King Size y 2 baños en suite, este alojamiento es ideal tanto para estancias cortas como largas (mínimo 3 meses). Sistema de Osmosi para el agua, puede tomar de tu grifo. Disfrute de una cocina totalmente equipada, sala de estar con sofá cama, aire acondicionado, y tv de pan...",https://img10.naventcdn.com/avisos/18/01/49/26/77/28/720x532/1604907591.jpg?isFirstImage=true; https://img10.naventcdn.com/avisos/18/01/49/26/77/28/720x532/1604907631.jpg; https://img10.naventcdn.com/avisos/18/01/49/26/77/28/720x532/1604907605.jpg; https://img10.naventcdn.com/avisos/18/01/49/26/77/28/720x532/1604907623.jpg; https://img10.naventcdn.com/avisos/18/01/49/26/77/28/720x532/1604907627.jpg; https://img10.naventcdn.com/avisos/18/01/49/26/77/28/720x532/1604907625.jpg; https://img10.naventcdn.com/avisos/18/01/49/26/77/28/720x532/1604907620.jpg; https://img10.naventcdn.com/avisos/18/01/49/26/77/28/720x532/1604907600.jpg,Mexico,Quintana Roo,Tulum,20.220821914,-87.4783535493,Rent
daniel gonzalez,https://www.inmuebles24.com/inmobiliarias/daniel-gonzalez_51361124-inmuebles.html,Inmuebles24 (via parse.bot API),https://www.inmuebles24.com/propiedades/clasificado/alclappa-departamento-semi-amueblado-146382245.html,Departamento Semi Amueblado,Condo/Apartment,7500,MXN,2,1,50.0,m2,"Excelente departamento totalmente nuevo en 1er piso con vista al Dogpark y estacionamiento. Se encuentra en la manzana 39, cerca de la 2da entrada al desarrollo. Muy cerca de la entrada del Desarrollo de Aldea Tulum, a 25 min de la playa mas cercana, cenotes a menos de 5 min, escuelas totalmente nuevas a unas cuadras, cuenta con amenidades como Alberca, chancha de Futbol/basketbol, área de asadores, Dogpark, y área de juegos para niños. Cerca de la esquina hay un oxxo recien abierto ademas en el...",https://img10.naventcdn.com/avisos/18/01/46/38/22/45/720x532/1530530452.jpg?isFirstImage=true; https://img10.naventcdn.com/avisos/18/01/46/38/22/45/720x532/1530530461.jpg; https://img10.naventcdn.com/avisos/18/01/46/38/22/45/720x532/1530530464.jpg; https://img10.naventcdn.com/avisos/18/01/46/38/22/45/720x532/1530530459.jpg; https://img10.naventcdn.com/avisos/18/01/46/38/22/45/720x532/1530530466.jpg; https://img10.naventcdn.com/avisos/18/01/46/38/22/45/720x532/1530530460.jpg; https://img10.naventcdn.com/avisos/18/01/46/38/22/45/720x532/1530530569.jpg; https://img10.naventcdn.com/avisos/18/01/46/38/22/45/720x532/1530530567.jpg,Mexico,Quintana Roo,Tulum,20.191542550752526,-87.53450489104614,Rent
Tulum Rental Homes,https://www.inmuebles24.com/inmobiliarias/tulum-rental-homes_102640624-inmuebles.html,Inmuebles24 (via parse.bot API),https://www.inmuebles24.com/propiedades/clasificado/alclapin-departamento-en-la-veleta-149947347.html,Departamento en La Veleta,Condo/Apartment,22000,MXN,2,2,,m2,"Condominio Coco Village #B2La VeletaCaracterísticas destacadas 2 recámaras con clóset2 baños completosCocina completa con hornoRefrigerador de doble puertaAmplia Sala de estarComedorLavasecadora BalconAmenidades Área de parkingAlberca compartidaPalapa de reunionesRodeado Areas verdesPrecio: $22, 000 mensuales + depósito + servicios + $2. 500 pago única vez por contrato/póliza. Incluye mantenimiento.",https://img10.naventcdn.com/avisos/18/01/49/94/73/47/720x532/1608177284.jpg?isFirstImage=true; https://img10.naventcdn.com/avisos/18/01/49/94/73/47/720x532/1608177292.jpg; https://img10.naventcdn.com/avisos/18/01/49/94/73/47/720x532/1608177345.jpg; https://img10.naventcdn.com/avisos/18/01/49/94/73/47/720x532/1608177366.jpg; https://img10.naventcdn.com/avisos/18/01/49/94/73/47/720x532/1608177313.jpg; https://img10.naventcdn.com/avisos/18/01/49/94/73/47/720x532/1608177372.jpg; https://img10.naventcdn.com/avisos/18/01/49/94/73/47/720x532/1608177353.jpg; https://img10.naventcdn.com/avisos/18/01/49/94/73/47/720x532/1608177298.jpg,Mexico,Quintana Roo,Tulum,20.2025963,-87.4727791,Rent
Tulum Rental Homes,https://www.inmuebles24.com/inmobiliarias/tulum-rental-homes_102640624-inmuebles.html,Inmuebles24 (via parse.bot API),https://www.inmuebles24.com/propiedades/clasificado/alclapin-departamento-en-blue-luxury-149945186.html,Departamento en Blue Luxury,Condo/Apartment,15000,MXN,1,1,50.0,m2,"Condominio blue luxurykukulkán Características destacadas 1 Recámara ampliaCama King size &amp;amp; closet1 Baño completoCocina equipadaSala sillón con tvcomedor para 4 personastv &amp;amp; A/cterrazaAlberca compartidaEstacionamientoPrecio: $15, 000 mxn mensuales+ depósito + servicios + $2, 500 mxn contrato/póliza. Incluye mantenimiento",https://img10.naventcdn.com/avisos/18/01/49/94/51/86/720x532/1608132372.jpg?isFirstImage=true; https://img10.naventcdn.com/avisos/18/01/49/94/51/86/720x532/1608132377.jpg; https://img10.naventcdn.com/avisos/18/01/49/94/51/86/720x532/1608132379.jpg; https://img10.naventcdn.com/avisos/18/01/49/94/51/86/720x532/1608132367.jpg; https://img10.naventcdn.com/avisos/18/01/49/94/51/86/720x532/1608132364.jpg; https://img10.naventcdn.com/avisos/18/01/49/94/51/86/720x532/1608132370.jpg; https://img10.naventcdn.com/avisos/18/01/49/94/51/86/720x532/1608132374.jpg; https://img10.naventcdn.com/avisos/18/01/49/94/51/86/720x532/1608132380.jpg,Mexico,Quintana Roo,Tulum,20.1810567,-87.4702385,Rent
Tulum Rental Homes,https://www.inmuebles24.com/inmobiliarias/tulum-rental-homes_102640624-inmuebles.html,Inmuebles24 (via parse.bot API),https://www.inmuebles24.com/propiedades/clasificado/alclapin-departamento-en-region-15-kukulcan-149945221.html,Departamento en Region 15 Kukulcan,Condo/Apartment,36000,MXN,2,2,155.0,m2,"¡Descubre el encanto de Adora en Av. Kukulkan! ? Características Destacadas 2 recámaras elegantes 2 baños completos cocina completa con amplia isla Lava secadora para tu conveniencia Terraza y balcón privado para disfrutar del aire fresco Alberca privada para relajarte bajo el sol caribeño Condominio con cenote privado para una experiencia única Ubicado en el segundo nivel con vistas impresionantes Decorado con lujo y estilo Todo esto por tan solo $36, 000 mensuales. Incluye mantenimiento e inte...",https://img10.naventcdn.com/avisos/18/01/49/94/52/21/720x532/1608133548.jpg?isFirstImage=true; https://img10.naventcdn.com/avisos/18/01/49/94/52/21/720x532/1608134730.jpg; https://img10.naventcdn.com/avisos/18/01/49/94/52/21/720x532/1608133510.jpg; https://img10.naventcdn.com/avisos/18/01/49/94/52/21/720x532/1608133421.jpg; https://img10.naventcdn.com/avisos/18/01/49/94/52/21/720x532/1608136218.jpg; https://img10.naventcdn.com/avisos/18/01/49/94/52/21/720x532/1608133394.jpg; https://img10.naventcdn.com/avisos/18/01/49/94/52/21/720x532/1608134154.jpg; https://img10.naventcdn.com/avisos/18/01/49/94/52/21/720x532/1608133212.jpg,Mexico,Quintana Roo,Tulum,20.2148814,-87.4674116,Rent
Paola Huerta - Realtor - Sales and Rentals,https://www.inmuebles24.com/inmobiliarias/paola-huerta-realtor-sales-and-rentals_102872515-inmuebles.html,Inmuebles24 (via parse.bot API),https://www.inmuebles24.com/propiedades/clasificado/alclapin-renta-a-largo-plazo-en-tulum-long-term-rental-tulum-149725520.html,Renta a Largo Plazo en Tulum - Long Term Rental Tulum,Condo/Apartment,6500,MXN,2,1,,m2,"Rentas A largo plazo en tulumpara atención personalizada contáctanos por WhatsApp a los siguientes números: Paola Huerta: +52 (5522 43 8797) y Ramon Capocchia +<span class='descripcionDatosAnunciante'><button class='btn btn-link js-verDatos' href='#'>Ver datos</button></span>) renta departamento 2 recámarasaldea TulumBienvenidoDepartamento primer pisoConsta de dos recámaras con cama y un bañoCocina totalmente equipadaLavadoraAire acondicionado en cada recámara. Renta mensual $6, 500 mnlos servic...",https://img10.naventcdn.com/avisos/18/01/49/72/55/20/720x532/1603542040.jpg?isFirstImage=true; https://img10.naventcdn.com/avisos/18/01/49/72/55/20/720x532/1603542043.jpg; https://img10.naventcdn.com/avisos/18/01/49/72/55/20/720x532/1603542038.jpg; https://img10.naventcdn.com/avisos/18/01/49/72/55/20/720x532/1603542041.jpg; https://img10.naventcdn.com/avisos/18/01/49/72/55/20/720x532/1603542037.jpg; https://img10.naventcdn.com/avisos/18/01/49/72/55/20/720x532/1603542079.jpg; https://img10.naventcdn.com/avisos/18/01/49/72/55/20/720x532/1603542044.jpg; https://img10.naventcdn.com/avisos/18/01/49/72/55/20/720x532/1603542039.jpg,Mexico,Quintana Roo,Tulum,20.1997998,-87.454707,Rent
Tulum Rental Homes,https://www.inmuebles24.com/inmobiliarias/tulum-rental-homes_102640624-inmuebles.html,Inmuebles24 (via parse.bot API),https://www.inmuebles24.com/propiedades/clasificado/alclapin-departamento-en-edena-by-tao-10-149945234.html,Departamento en Edena By Tao #10,Condo/Apartment,30000,MXN,3,2,,m2,"Edena by tao #10Av. CobaCaracterísticas destacadas 3 Recamaras amplias con closet2 Baños completosCocina equipada con horno &amp;amp; barra/comedorAmplia salaLava secadoraAire acondicionado y tvÁrea bbqalberca privadaTerraza &amp;amp; jardínIncluye mantenimiento de albercaAmenidadesGym/Fitness RoomAlberca compartidaÁrea de yogaCine compartidoÁreas verdesCancha de basquetballPrecio: $30, 000 mxn mensuales + depósito + Servicios + $2, 500 mxn contrato/póliza. Mantenimiento incluido(hoa)",https://img10.naventcdn.com/avisos/18/01/49/94/52/34/720x532/1608137072.jpg?isFirstImage=true; https://img10.naventcdn.com/avisos/18/01/49/94/52/34/720x532/1608137097.jpg; https://img10.naventcdn.com/avisos/18/01/49/94/52/34/720x532/1608137156.jpg; https://img10.naventcdn.com/avisos/18/01/49/94/52/34/720x532/1608137116.jpg; https://img10.naventcdn.com/avisos/18/01/49/94/52/34/720x532/1608137113.jpg; https://img10.naventcdn.com/avisos/18/01/49/94/52/34/720x532/1608137067.jpg; https://img10.naventcdn.com/avisos/18/01/49/94/52/34/720x532/1608137157.jpg; https://img10.naventcdn.com/avisos/18/01/49/94/52/34/720x532/1608137033.jpg,Mexico,Quintana Roo,Tulum,20.2114185,-87.4653502,Rent
Caribbean Properties,https://www.inmuebles24.com/inmobiliarias/caribbean-properties_51237743-inmuebles.html,Inmuebles24 (via parse.bot API),https://www.inmuebles24.com/propiedades/clasificado/alclapin-departamento-en-garden-ii-de-2-recamaras-150608171.html,Departamento en Garden II de 2 Recámaras,Condo/Apartment,25000,MXN,2,2,132.0,m2,"Renta mistiq gardens iise renta departamento de 2 recámaras a largo plazo (mínimo 1 año de contrato) Departamento amplio y con todo lo necesario para vivir cómodamente. Características: Interior: 110. 37 m2 (1, 188. 01 ft²) Terraza: 22. 14 m2 (238. 31 ft²) Área total: 132. 50 m2 (1, 426. 32 ft²) Totalmente amuebladoTotalmente equipado2 recámaras (habitación principal con cama king size y sillón, segunda habitación con dos camas individuales y sillón) 2 bañosNivel 02cuenta con elevadorDepartament...",https://img10.naventcdn.com/avisos/18/01/50/60/81/71/720x532/1621761833.jpg?isFirstImage=true; https://img10.naventcdn.com/avisos/18/01/50/60/81/71/720x532/1621762613.jpg; https://img10.naventcdn.com/avisos/18/01/50/60/81/71/720x532/1621762631.jpg; https://img10.naventcdn.com/avisos/18/01/50/60/81/71/720x532/1621762375.jpg; https://img10.naventcdn.com/avisos/18/01/50/60/81/71/720x532/1621761706.jpg; https://img10.naventcdn.com/avisos/18/01/50/60/81/71/720x532/1621762561.jpg; https://img10.naventcdn.com/avisos/18/01/50/60/81/71/720x532/1621762513.jpg; https://img10.naventcdn.com/avisos/18/01/50/60/81/71/720x532/1621762292.jpg,Mexico,Quintana Roo,Tulum,20.1823043451,-87.4618362471,Rent
REALTY HOME,https://www.inmuebles24.com/inmobiliarias/realty-home_663531-inmuebles.html,Inmuebles24 (via parse.bot API),https://www.inmuebles24.com/propiedades/clasificado/alclapin-departamento-en-renta-en-villas-anah-en-bahia-150651970.html,"Departamento en Renta en Villas Anah en Bahia Principe, Tulum, Q. Roo",Condo/Apartment,22000,MXN,2,2,,m2,"Renta anah village en bahia principe, tulum, Q. Roo. anah village 2nda faseplanta bajaAmueblado y equipado2 recamaras, la principal con baño1 baño completo que comprarte la segunda recamaraBalcón y terrazaAmenidades: Club de Playa privado a 5 min del Anah VillageLobby y seguridad 24/7Alberca con carril de nado y bar de jugosWellness center con jacuzzi, spa y cabina de masajesTerraza con área de asadores y sky barÁrea de lavanderíaBibliotecaAl estar dentro del complejo residencial Bahia Principe,...",https://img10.naventcdn.com/avisos/18/01/50/65/19/70/720x532/1622662153.jpg?isFirstImage=true; https://img10.naventcdn.com/avisos/18/01/50/65/19/70/720x532/1622662155.jpg; https://img10.naventcdn.com/avisos/18/01/50/65/19/70/720x532/1622662137.jpg; https://img10.naventcdn.com/avisos/18/01/50/65/19/70/720x532/1622662158.jpg; https://img10.naventcdn.com/avisos/18/01/50/65/19/70/720x532/1622662143.jpg; https://img10.naventcdn.com/avisos/18/01/50/65/19/70/720x532/1622662100.jpg; https://img10.naventcdn.com/avisos/18/01/50/65/19/70/720x532/1622662070.jpg; https://img10.naventcdn.com/avisos/18/01/50/65/19/70/720x532/1622662140.jpg,Mexico,Quintana Roo,Tulum,20.3644195,-87.3439702,Rent
Paola Huerta - Realtor - Sales and Rentals,https://www.inmuebles24.com/inmobiliarias/paola-huerta-realtor-sales-and-rentals_102872515-inmuebles.html,Inmuebles24 (via parse.bot API),https://www.inmuebles24.com/propiedades/clasificado/alclapin-departamento-en-aldea-zama-149690496.html,Departamento en Aldea Zama,Condo/Apartment,24000,MXN,2,2,,m2,"Bienvenido a este hermoso Pent House con 2 recámaras, tiene mucha luz natural y tiene una linda alberca privada. Es una gran oportunidad para ti y tu familiaAl tipo de cambio del díaUbicación: Azara, Aldea ZamáTiene 2 recámaras y 2 baños completosClosets ampliosCocina amplia con barraSala y comedor con mucha luzLavadora y secadoraAcceso controladoAlbercaEstacionamiento$24, 000 mn más depósitoServicios aparte. Ubicaciónhttps: //maps. app. goo. gl/S987Yk7cshTyqwq67? g_st=icPaola Huerta__ __ __ Con...",https://img10.naventcdn.com/avisos/18/01/49/69/04/96/720x532/1602797128.jpg?isFirstImage=true; https://img10.naventcdn.com/avisos/18/01/49/69/04/96/720x532/1602797133.jpg; https://img10.naventcdn.com/avisos/18/01/49/69/04/96/720x532/1602797137.jpg; https://img10.naventcdn.com/avisos/18/01/49/69/04/96/720x532/1602797129.jpg; https://img10.naventcdn.com/avisos/18/01/49/69/04/96/720x532/1602797131.jpg; https://img10.naventcdn.com/avisos/18/01/49/69/04/96/720x532/1602797132.jpg; https://img10.naventcdn.com/avisos/18/01/49/69/04/96/720x532/1602807910.jpg; https://img10.naventcdn.com/avisos/18/01/49/69/04/96/720x532/1602797130.jpg,Mexico,Quintana Roo,Tulum,20.1972599,-87.4629898,Rent
Tulum Rental Homes,https://www.inmuebles24.com/inmobiliarias/tulum-rental-homes_102640624-inmuebles.html,Inmuebles24 (via parse.bot API),https://www.inmuebles24.com/propiedades/clasificado/alclapin-cacao-c202-149546438.html,Cacao - C202,Unknown,25000,MXN,1,1,,m2,"Cacao - C202La VeletaCaracterísticas Destacadas1 recámara espaciosa2 baños completosCocina integral con barraSala con sofá cama y Smart tvalberca privada en balcónGimnasioAmenidadesServicio de seguridad y recepciónAlberca infinita en zona comúnPrecio: $25, 000 mensuales + depósito + servicios + $2. 500 pago única vez por contrato/póliza. Incluye mantenimiento (hoa), Internet.",https://img10.naventcdn.com/avisos/18/01/49/54/64/38/720x532/1599741244.jpg?isFirstImage=true; https://img10.naventcdn.com/avisos/18/01/49/54/64/38/720x532/1599743884.jpg; https://img10.naventcdn.com/avisos/18/01/49/54/64/38/720x532/1599743993.jpg; https://img10.naventcdn.com/avisos/18/01/49/54/64/38/720x532/1599740930.jpg; https://img10.naventcdn.com/avisos/18/01/49/54/64/38/720x532/1599741250.jpg; https://img10.naventcdn.com/avisos/18/01/49/54/64/38/720x532/1599741289.jpg; https://img10.naventcdn.com/avisos/18/01/49/54/64/38/720x532/1599740934.jpg; https://img10.naventcdn.com/avisos/18/01/49/54/64/38/720x532/1599743863.jpg,Mexico,Quintana Roo,Tulum,20.2025963,-87.4727791,Rent
Iris,https://www.inmuebles24.com/inmobiliarias/iris_51366441-inmuebles.html,Inmuebles24 (via parse.bot API),https://www.inmuebles24.com/propiedades/clasificado/alclappa-departamento-en-tulum-142076944.html,Departamento en Tulum,Condo/Apartment,16000,MXN,1,1,66.0,m2,"Precio a tratar. Hermoso departamento en renta a largo y corto plazo, completamente nuevo, en primer nivel, listo para ser ocupado. A solo 5 min de la playa. **Pet friendly ** Ubicado en la Región 8. Cuenta con: - 1 habitación con 2 camas matrimoniales. - Cocina equipada. - Lavadora. - Terraza. - Tv. - Wifi. Amenidades: - Alberca grande. - Jungle gym. - Alberca en el Rooftop. - Área de coworking. -Gimnasio. - Acceso controlado las 24 horas. Renta mensual $16, 000. 00 pesos, precio negociable.",https://img10.naventcdn.com/avisos/18/01/42/07/69/44/720x532/1189830917.jpg?isFirstImage=true; https://img10.naventcdn.com/avisos/18/01/42/07/69/44/720x532/1189830915.jpg; https://img10.naventcdn.com/avisos/18/01/42/07/69/44/720x532/1189830905.jpg; https://img10.naventcdn.com/avisos/18/01/42/07/69/44/720x532/1189830911.jpg; https://img10.naventcdn.com/avisos/18/01/42/07/69/44/720x532/1189830906.jpg; https://img10.naventcdn.com/avisos/18/01/42/07/69/44/720x532/1189830903.jpg; https://img10.naventcdn.com/avisos/18/01/42/07/69/44/720x532/1189830902.jpg; https://img10.naventcdn.com/avisos/18/01/42/07/69/44/720x532/1189830904.jpg,Mexico,Quintana Roo,Tulum,,,Rent
Tulum Rental Homes,https://www.inmuebles24.com/inmobiliarias/tulum-rental-homes_102640624-inmuebles.html,Inmuebles24 (via parse.bot API),https://www.inmuebles24.com/propiedades/clasificado/alclapin-departamento-en-la-veleta-149546120.html,Departamento en La Veleta,Condo/Apartment,13000,MXN,1,1,55.0,m2,¡Explora La Veleta desde Palalma Tierra #27! Apartamento Amueblado y Equipado Características Destacadas 1 espaciosa recámara 1 baño completo Condominio con alberca Lavadora y secadora Recepción y seguridad las 24 horas Zonas verdes Gimnasio 7-Eleven debajo del condominio no se aceptan mascotasPrecio: $13. 000 mensuales + depósito + luz+ $2. 500 pago única vez por contrato/póliza.,https://img10.naventcdn.com/avisos/18/01/49/54/61/20/720x532/1599735887.jpg?isFirstImage=true; https://img10.naventcdn.com/avisos/18/01/49/54/61/20/720x532/1599735897.jpg; https://img10.naventcdn.com/avisos/18/01/49/54/61/20/720x532/1599735895.jpg; https://img10.naventcdn.com/avisos/18/01/49/54/61/20/720x532/1599735889.jpg; https://img10.naventcdn.com/avisos/18/01/49/54/61/20/720x532/1599735890.jpg; https://img10.naventcdn.com/avisos/18/01/49/54/61/20/720x532/1599735892.jpg; https://img10.naventcdn.com/avisos/18/01/49/54/61/20/720x532/1599735893.jpg; https://img10.naventcdn.com/avisos/18/01/49/54/61/20/720x532/1599735891.jpg,Mexico,Quintana Roo,Tulum,20.2025963,-87.4727791,Rent
Tulum Rental Homes,https://www.inmuebles24.com/inmobiliarias/tulum-rental-homes_102640624-inmuebles.html,Inmuebles24 (via parse.bot API),https://www.inmuebles24.com/propiedades/clasificado/alclapin-largo-plazo-3-recamaras-3-banos-amueblado-y-149945178.html,Largo Plazo · 3 Recámaras · 3 Baños · Amueblado y Equipado,Unknown,32000,MXN,3,3,,m2,"¡Explora La Veleta desde Coco Village! PenthouseCaracterísticas destacadas: - 3 espaciosas recámaras - 3 baños completos - Cocina completa con horno - Aire acondicionado - Sala y comedor - Seguridad nocturna- Condominio con alberca Precio: $32, 000 + depósito + $2, 500 póliza / contrato *Incluye mantenimiento (hoa)",https://img10.naventcdn.com/avisos/18/01/49/94/51/78/720x532/1608132441.jpg?isFirstImage=true; https://img10.naventcdn.com/avisos/18/01/49/94/51/78/720x532/1608132706.jpg; https://img10.naventcdn.com/avisos/18/01/49/94/51/78/720x532/1608132490.jpg; https://img10.naventcdn.com/avisos/18/01/49/94/51/78/720x532/1608132739.jpg; https://img10.naventcdn.com/avisos/18/01/49/94/51/78/720x532/1608132847.jpg; https://img10.naventcdn.com/avisos/18/01/49/94/51/78/720x532/1608132451.jpg; https://img10.naventcdn.com/avisos/18/01/49/94/51/78/720x532/1608132460.jpg; https://img10.naventcdn.com/avisos/18/01/49/94/51/78/720x532/1608132587.jpg,Mexico,Quintana Roo,Tulum,20.2088383005,-87.4752021757,Rent
Tulum Rental Homes,https://www.inmuebles24.com/inmobiliarias/tulum-rental-homes_102640624-inmuebles.html,Inmuebles24 (via parse.bot API),https://www.inmuebles24.com/propiedades/clasificado/alclapin-departamento-en-akumal-149546281.html,Departamento en Akumal,Villa,50000,MXN,3,3,,m2,"? Villa Tao? Akumal Beach? Características destacadas? 3 Amplias Recamaras? 3 Baños Completos? Cocina equipada? Sala de estar con tv? Comedor? Jacuzzi en rooftop? Amenidades? A metros del mar? Restaurante en el beachclub? Beachclub frente a la casa? Estacionamiento Privado? Recepción y seguridad las 24hs? Precio: $50, 000 mxn mensuales + deposito + servicios.? Mantenimiento incluido (hoa) trh id 654",https://img10.naventcdn.com/avisos/18/01/49/54/62/81/720x532/1599738186.jpg?isFirstImage=true; https://img10.naventcdn.com/avisos/18/01/49/54/62/81/720x532/1599738207.jpg; https://img10.naventcdn.com/avisos/18/01/49/54/62/81/720x532/1599738184.jpg; https://img10.naventcdn.com/avisos/18/01/49/54/62/81/720x532/1599738209.jpg; https://img10.naventcdn.com/avisos/18/01/49/54/62/81/720x532/1599738180.jpg; https://img10.naventcdn.com/avisos/18/01/49/54/62/81/720x532/1599738189.jpg; https://img10.naventcdn.com/avisos/18/01/49/54/62/81/720x532/1599738205.jpg; https://img10.naventcdn.com/avisos/18/01/49/54/62/81/720x532/1599738202.jpg,Mexico,Quintana Roo,Tulum,20.3840714,-87.3360914,Rent
Tulum Rental Homes,https://www.inmuebles24.com/inmobiliarias/tulum-rental-homes_102640624-inmuebles.html,Inmuebles24 (via parse.bot API),https://www.inmuebles24.com/propiedades/clasificado/alclapin-departamento-en-aldea-zama-149947340.html,Departamento en Aldea Zama,Condo/Apartment,17000,MXN,2,2,,m2,"Condominio zama village casa elisaaldea ZamaCaracterísticas destacadas 2 Recamaras amplias2 Baños completosCocina equipada con hornoSala con tvComedor para 6 personasVentiladores de techo &amp;amp; A/cterraza con vista a la albercaAmenidadesAlberca compartidaGimnasioÁreas verdesZonas de relajaciónPrecio: $17, 000 mensuales + depósito + servicios + $2. 500 pago única vez por contrato/póliza. Incluye mantenimiento",https://img10.naventcdn.com/avisos/18/01/49/94/73/40/720x532/1608177500.jpg?isFirstImage=true; https://img10.naventcdn.com/avisos/18/01/49/94/73/40/720x532/1608177392.jpg; https://img10.naventcdn.com/avisos/18/01/49/94/73/40/720x532/1608177515.jpg; https://img10.naventcdn.com/avisos/18/01/49/94/73/40/720x532/1608177478.jpg; https://img10.naventcdn.com/avisos/18/01/49/94/73/40/720x532/1608177376.jpg; https://img10.naventcdn.com/avisos/18/01/49/94/73/40/720x532/1608177508.jpg; https://img10.naventcdn.com/avisos/18/01/49/94/73/40/720x532/1608177552.jpg; https://img10.naventcdn.com/avisos/18/01/49/94/73/40/720x532/1608177360.jpg,Mexico,Quintana Roo,Tulum,20.1997948,-87.4557915,Rent
AH Bienes Raíces Mx ,https://www.inmuebles24.com/inmobiliarias/ah-bienes-raices-mx_102241764-inmuebles.html,Inmuebles24 (via parse.bot API),https://www.inmuebles24.com/propiedades/clasificado/alclapin-departamento-region-15-kukulcan-148063122.html,Departamento - Region 15 Kukulcan,Condo/Apartment,15500,MXN,2,2,90.0,m2,"Departamento ph de 2 rec y 2 jacuzzis privados cerca de la playa, Región 15, Tulum renta $15, 500 pesos Ideal si quieres vivir a una cuadra de la av Kukulkan que te lleva a la playa en 7 min y al centro y veleta 5 min. Características 2 recámaras 2 baños Cocina Equipamiento completo Cada recámara tiene jacuzzi y acceso independiente Las amenidades están geniales: -gimnasio -alberca gigante -2 albercas en roof top -elevador -oficinas para cowork -internet en amenidades -restaurante -cine -zona de...",https://img10.naventcdn.com/avisos/18/01/48/06/31/22/720x532/1569634870.jpg?isFirstImage=true; https://img10.naventcdn.com/avisos/18/01/48/06/31/22/720x532/1569634861.jpg; https://img10.naventcdn.com/avisos/18/01/48/06/31/22/720x532/1569634900.jpg; https://img10.naventcdn.com/avisos/18/01/48/06/31/22/720x532/1569634871.jpg; https://img10.naventcdn.com/avisos/18/01/48/06/31/22/720x532/1569634856.jpg; https://img10.naventcdn.com/avisos/18/01/48/06/31/22/720x532/1569634872.jpg; https://img10.naventcdn.com/avisos/18/01/48/06/31/22/720x532/1569634881.jpg; https://img10.naventcdn.com/avisos/18/01/48/06/31/22/720x532/1569634880.jpg,Mexico,Quintana Roo,Tulum,20.1810567,-87.4702385,Rent
Paola Huerta - Realtor - Sales and Rentals,https://www.inmuebles24.com/inmobiliarias/paola-huerta-realtor-sales-and-rentals_102872515-inmuebles.html,Inmuebles24 (via parse.bot API),https://www.inmuebles24.com/propiedades/clasificado/alclapin-renta-a-largo-plazo-en-tulum-long-term-rental-tulum.-150059643.html,Renta a Largo Plazo en Tulum - Long Term Rental Tulum.,Condo/Apartment,14000,MXN,2,2,,m2,"Rentas A largo plazo en tulumpara atención personalizada contáctanos por WhatsApp a los siguientes números: Paola Huerta: +52 (5522 43 8797) y Ramón Capocchia +<span class='descripcionDatosAnunciante'><button class='btn btn-link js-verDatos' href='#'>Ver datos</button></span>) Bienvenido, lindo departamento en: Solem, La Veleta (fácil acceso) 2 recámaras con cama king size, baño propio y closets ampliosSistema lock offTiene cocina amplia y equipadaSala con tv y terrazaCon mucha luz natural y ven...",https://img10.naventcdn.com/avisos/18/01/50/05/96/43/720x532/1610378793.jpg?isFirstImage=true; https://img10.naventcdn.com/avisos/18/01/50/05/96/43/720x532/1610378783.jpg; https://img10.naventcdn.com/avisos/18/01/50/05/96/43/720x532/1610378794.jpg; https://img10.naventcdn.com/avisos/18/01/50/05/96/43/720x532/1610378788.jpg; https://img10.naventcdn.com/avisos/18/01/50/05/96/43/720x532/1610378795.jpg; https://img10.naventcdn.com/avisos/18/01/50/05/96/43/720x532/1610378790.jpg; https://img10.naventcdn.com/avisos/18/01/50/05/96/43/720x532/1610378786.jpg; https://img10.naventcdn.com/avisos/18/01/50/05/96/43/720x532/1610378797.jpg,Mexico,Quintana Roo,Tulum,20.2025963,-87.4727791,Rent
Tulum Rental Homes,https://www.inmuebles24.com/inmobiliarias/tulum-rental-homes_102640624-inmuebles.html,Inmuebles24 (via parse.bot API),https://www.inmuebles24.com/propiedades/clasificado/alclapin-departamento-en-kaatal-oox-4-149945194.html,Departamento en Kaatal Oox #4,Condo/Apartment,20000,MXN,2,2,,m2,"Kaatal Oox #5La VeletaCaracterísticas destacadas 2 recámaras2 baños completosCocina integral con barraAmplia sala y comedorJacuzzi privadoParrilla para barbacoaAmenidadesAlbercaGimnasioPrecio: $20, 000 mxn mensuales + depósito + servicios + $2. 500 mxn pago única vez por contrato/póliza. Incluye mantenimiento (hoa). trh id 47",https://img10.naventcdn.com/avisos/18/01/49/94/51/94/720x532/1608133127.jpg?isFirstImage=true; https://img10.naventcdn.com/avisos/18/01/49/94/51/94/720x532/1608132926.jpg; https://img10.naventcdn.com/avisos/18/01/49/94/51/94/720x532/1608132594.jpg; https://img10.naventcdn.com/avisos/18/01/49/94/51/94/720x532/1608132829.jpg; https://img10.naventcdn.com/avisos/18/01/49/94/51/94/720x532/1608134682.jpg; https://img10.naventcdn.com/avisos/18/01/49/94/51/94/720x532/1608135032.jpg; https://img10.naventcdn.com/avisos/18/01/49/94/51/94/720x532/1608133427.jpg; https://img10.naventcdn.com/avisos/18/01/49/94/51/94/720x532/1608133313.jpg,Mexico,Quintana Roo,Tulum,20.2025963,-87.4727791,Rent
Paraiso Real Estate Tulum,https://www.inmuebles24.com/inmobiliarias/paraiso-real-estate-tulum_50310732-inmuebles.html,Inmuebles24 (via parse.bot API),https://www.inmuebles24.com/propiedades/clasificado/alclapin-depa-de-1-recamara-con-balcon-en-renta-largo-plazo-149490040.html,Depa de 1 Recamara con Balcon en Renta Largo Plazo,Condo/Apartment,11000,MXN,1,1,,m2,"Descubre este moderno departamento de 1 recámara con balcón ubicado en La Veleta, sobre Avenida Kukulkan, Tulum. Ideal para renta a largo plazo, este espacio ofrece comodidad con servicios incluidos de internet, mantenimiento de agua y gas para la cocina; solo el consumo de luz es aparte. Disfruta de las áreas comunes, con un jardín muy verde y acogedor, y la tranquilidad de contar con seguridad las 24 horas. Además, relájate en la alberca comunitaria o visita el restaurante y bar del complejo. ...",https://img10.naventcdn.com/avisos/18/01/49/49/00/40/720x532/1598515181.jpg?isFirstImage=true; https://img10.naventcdn.com/avisos/18/01/49/49/00/40/720x532/1598515180.jpg; https://img10.naventcdn.com/avisos/18/01/49/49/00/40/720x532/1598515173.jpg; https://img10.naventcdn.com/avisos/18/01/49/49/00/40/720x532/1598515177.jpg; https://img10.naventcdn.com/avisos/18/01/49/49/00/40/720x532/1598515179.jpg; https://img10.naventcdn.com/avisos/18/01/49/49/00/40/720x532/1598515174.jpg; https://img10.naventcdn.com/avisos/18/01/49/49/00/40/720x532/1598515172.jpg; https://img10.naventcdn.com/avisos/18/01/49/49/00/40/720x532/1598515178.jpg,Mexico,Quintana Roo,Tulum,20.20639218,-87.4708371807,Rent
Paola Huerta - Realtor - Sales and Rentals,https://www.inmuebles24.com/inmobiliarias/paola-huerta-realtor-sales-and-rentals_102872515-inmuebles.html,Inmuebles24 (via parse.bot API),https://www.inmuebles24.com/propiedades/clasificado/alclapin-renta-a-largo-plazo-en-tulum-long-term-rental-tulum-149722777.html,Renta a Largo Plazo en Tulum - Long Term Rental Tulum,Unknown,19000,MXN,2,2,,m2,"Rentas A largo plazo en tulumpara atención personalizada contáctanos por WhatsApp a los siguientes números: Paola Huerta: +52 (5522 43 8797) y Ramon Capocchia +<span class='descripcionDatosAnunciante'><button class='btn btn-link js-verDatos' href='#'>Ver datos</button></span>) Aldea Savia, 2nda faseUbicado en planta baja2 Habitaciones con clóset y tv2 Baños completosCocina equipada y amplia con barraComedor y sala con tvpatio amplioEspacio de estacionamientoAmenidades: Seguridad 24h2 AlbercasGym...",https://img10.naventcdn.com/avisos/18/01/49/72/27/77/720x532/1603484242.jpg?isFirstImage=true; https://img10.naventcdn.com/avisos/18/01/49/72/27/77/720x532/1603484246.jpg; https://img10.naventcdn.com/avisos/18/01/49/72/27/77/720x532/1603484257.jpg; https://img10.naventcdn.com/avisos/18/01/49/72/27/77/720x532/1603484255.jpg; https://img10.naventcdn.com/avisos/18/01/49/72/27/77/720x532/1603484247.jpg; https://img10.naventcdn.com/avisos/18/01/49/72/27/77/720x532/1603484251.jpg; https://img10.naventcdn.com/avisos/18/01/49/72/27/77/720x532/1603484254.jpg; https://img10.naventcdn.com/avisos/18/01/49/72/27/77/720x532/1603484253.jpg,Mexico,Quintana Roo,Tulum,20.1997998,-87.454707,Rent
Paola Huerta - Realtor - Sales and Rentals,https://www.inmuebles24.com/inmobiliarias/paola-huerta-realtor-sales-and-rentals_102872515-inmuebles.html,Inmuebles24 (via parse.bot API),https://www.inmuebles24.com/propiedades/clasificado/alclapin-renta-a-largo-plazo-en-tulum-149769548.html,Renta a Largo Plazo en Tulum,Condo/Apartment,13000,MXN,1,1,,m2,"Rentas A largo plazo en tulumpara atención personalizada contáctanos por WhatsApp a los siguientes números: Paola Huerta: +52 (5522 43 8797) y Ramón Capocchia +<span class='descripcionDatosAnunciante'><button class='btn btn-link js-verDatos' href='#'>Ver datos</button></span>) renta departamento 1 recamara Y albercaxiimbal - KukulcánBienvenidoRec con cama king sizeBaño completoLavadora y secadoraCocina equipadaSala cómoda con tvel complejo tiene alberca, seguridad 24h y gym$13, 000 mensual + dep...",https://img10.naventcdn.com/avisos/18/01/49/76/95/48/720x532/1604392824.jpg?isFirstImage=true; https://img10.naventcdn.com/avisos/18/01/49/76/95/48/720x532/1604392819.jpg; https://img10.naventcdn.com/avisos/18/01/49/76/95/48/720x532/1604392830.jpg; https://img10.naventcdn.com/avisos/18/01/49/76/95/48/720x532/1604392818.jpg; https://img10.naventcdn.com/avisos/18/01/49/76/95/48/720x532/1604392829.jpg; https://img10.naventcdn.com/avisos/18/01/49/76/95/48/720x532/1604392817.jpg; https://img10.naventcdn.com/avisos/18/01/49/76/95/48/720x532/1604392825.jpg; https://img10.naventcdn.com/avisos/18/01/49/76/95/48/720x532/1604392822.jpg,Mexico,Quintana Roo,Tulum,20.2005225,-87.4675465,Rent
Tulum Rental Homes,https://www.inmuebles24.com/inmobiliarias/tulum-rental-homes_102640624-inmuebles.html,Inmuebles24 (via parse.bot API),https://www.inmuebles24.com/propiedades/clasificado/alclapin-departamento-en-bungalows-village-218-149947342.html,Departamento en Bungalows Village #218,Condo/Apartment,24000,MXN,2,2,,m2,"Bungalows village #218Aldea ZamaCaracterísticas destacadas2 Recamaras amplias con closet2 Baños completosCocina equipada con barra &amp;amp; horno Amplia sala con tvComedor BalconesLava secadoraTerraza con alberca privadaAmenidadesAlberca Común Acceso controladoPalapa barÁrea para hamacasCentro holísticoEstacionamientoRecepción 24/7Precio: $24, 000 mxn mensuales + depósito + servicios + $2500 mxn contrato/ poliza. Incluye mantenimiento.",https://img10.naventcdn.com/avisos/18/01/49/94/73/42/720x532/1608177272.jpg?isFirstImage=true; https://img10.naventcdn.com/avisos/18/01/49/94/73/42/720x532/1608177346.jpg; https://img10.naventcdn.com/avisos/18/01/49/94/73/42/720x532/1608177329.jpg; https://img10.naventcdn.com/avisos/18/01/49/94/73/42/720x532/1608177354.jpg; https://img10.naventcdn.com/avisos/18/01/49/94/73/42/720x532/1608177373.jpg; https://img10.naventcdn.com/avisos/18/01/49/94/73/42/720x532/1608177322.jpg; https://img10.naventcdn.com/avisos/18/01/49/94/73/42/720x532/1608177301.jpg; https://img10.naventcdn.com/avisos/18/01/49/94/73/42/720x532/1608177382.jpg,Mexico,Quintana Roo,Tulum,20.1997998,-87.454707,Rent
Tulum Rental Homes,https://www.inmuebles24.com/inmobiliarias/tulum-rental-homes_102640624-inmuebles.html,Inmuebles24 (via parse.bot API),https://www.inmuebles24.com/propiedades/clasificado/alclapin-departamento-en-palalma-casa-149945398.html,Departamento en Palalma Casa,Condo/Apartment,24000,MXN,2,2,120.0,m2,"Condominio palalma casa #26La VeletaCaracterísticas destacadas2 Recámaras con closet &amp;amp; lock off2 Baños completosCocina equipada con barraAmplia SalaComedorBalconesVentiladores y A/clava secadoraAmenidadesÁrea comunAlberca compartidaHamacas &amp;amp; camastrosPrecio: $24, 000 mxn mensuales + deposito + servicios + $2, 500 mxn contrato/póliza. Incluye mantenimiento",https://img10.naventcdn.com/avisos/18/01/49/94/53/98/720x532/1608138206.jpg?isFirstImage=true; https://img10.naventcdn.com/avisos/18/01/49/94/53/98/720x532/1608138199.jpg; https://img10.naventcdn.com/avisos/18/01/49/94/53/98/720x532/1608138294.jpg; https://img10.naventcdn.com/avisos/18/01/49/94/53/98/720x532/1608138300.jpg; https://img10.naventcdn.com/avisos/18/01/49/94/53/98/720x532/1608138284.jpg; https://img10.naventcdn.com/avisos/18/01/49/94/53/98/720x532/1608138258.jpg; https://img10.naventcdn.com/avisos/18/01/49/94/53/98/720x532/1608138319.jpg; https://img10.naventcdn.com/avisos/18/01/49/94/53/98/720x532/1608138181.jpg,Mexico,Quintana Roo,Tulum,20.1987600514,-87.4717062164,Rent
AH Bienes Raíces Mx ,https://www.inmuebles24.com/inmobiliarias/ah-bienes-raices-mx_102241764-inmuebles.html,Inmuebles24 (via parse.bot API),https://www.inmuebles24.com/propiedades/clasificado/alclapin-departamento-tulum-146547905.html,Departamento - Tulum,Condo/Apartment,6000,MXN,2,1,49.0,m2,"Este departamento está ubicado en una zona céntrica dentro de Aldea Tulum con fácil acceso y salida para el transporte público, a sólo una cuadra de Seven Eleven, Farmacia, papelería y tiendas. Se comparte con roomie, el depa tiene dos recamaras, una recamara se encuentra ocupada, tu ocuparias la segunda recamaraincluye: 2 recámaras -equipamiento y amueblado -electrodomésticos y microondas -sala y comedor -área de lavado -recamara matrimonial y 2 individuales -closets -aires acondicionados -mant...",https://img10.naventcdn.com/avisos/18/01/46/54/79/05/720x532/1534595909.jpg?isFirstImage=true; https://img10.naventcdn.com/avisos/18/01/46/54/79/05/720x532/1534595964.jpg; https://img10.naventcdn.com/avisos/18/01/46/54/79/05/720x532/1534595968.jpg; https://img10.naventcdn.com/avisos/18/01/46/54/79/05/720x532/1534595913.jpg; https://img10.naventcdn.com/avisos/18/01/46/54/79/05/720x532/1534595966.jpg; https://img10.naventcdn.com/avisos/18/01/46/54/79/05/720x532/1534595912.jpg; https://img10.naventcdn.com/avisos/18/01/46/54/79/05/720x532/1534595939.jpg; https://img10.naventcdn.com/avisos/18/01/46/54/79/05/720x532/1534595961.jpg,Mexico,Quintana Roo,Tulum,20.1957918704,-87.5288434518,Rent
Kin Realty,https://www.inmuebles24.com/inmobiliarias/kin-realty_102378095-inmuebles.html,Inmuebles24 (via parse.bot API),https://www.inmuebles24.com/propiedades/clasificado/alclapin-departamento-en-villas-tulum-147112340.html,Departamento en Villas Tulum,Condo/Apartment,11000,MXN,2,1,85.0,m2,"Bonito departamento de 2 habitaciones ubicado en Villas Tulum. Una habitacion cuenta con cama Queen y la segunda con 2 camas individuales. Habitaciones con aires acondicionados y ventiladores. Edificio con 3 departamentos. El departamento disponible se encuentra en el 3er nivel. Cerca de supermercados, bancos. nv 133",https://img10.naventcdn.com/avisos/18/01/47/11/23/40/720x532/1548458859.jpg?isFirstImage=true; https://img10.naventcdn.com/avisos/18/01/47/11/23/40/720x532/1548458847.jpg; https://img10.naventcdn.com/avisos/18/01/47/11/23/40/720x532/1548458852.jpg; https://img10.naventcdn.com/avisos/18/01/47/11/23/40/720x532/1555962911.jpg; https://img10.naventcdn.com/avisos/18/01/47/11/23/40/720x532/1555960929.jpg; https://img10.naventcdn.com/avisos/18/01/47/11/23/40/720x532/1548458860.jpg; https://img10.naventcdn.com/avisos/18/01/47/11/23/40/720x532/1555962909.jpg; https://img10.naventcdn.com/avisos/18/01/47/11/23/40/720x532/1555964375.jpg,Mexico,Quintana Roo,Tulum,20.2168981593,-87.4508813582,Rent
Tulum Rental Homes,https://www.inmuebles24.com/inmobiliarias/tulum-rental-homes_102640624-inmuebles.html,Inmuebles24 (via parse.bot API),https://www.inmuebles24.com/propiedades/clasificado/alclapin-departamento-1-recamara-planta-baja-la-veleta-149945397.html,"Departamento 1 Recámara (Planta Baja) - La Veleta, Tulum",Condo/Apartment,16500,MXN,1,1,,m2,"Palalma Tierra #9 La VeletaCaracterísticas Destacadas1 Recamara amplia con closet1 Baño completoCocina equipada con barraSala con tv &amp;amp; comedorJardín con jacuzziAmenidadesRoof top con albercaRecepciónZonas verdesGimnasio7-Eleven debajo del condominioRenta: $16, 500 mensuales + depósito + servicios + $2, 500 mxn contrato/póliza. Mantenimiento incluido(hoa) trh id 284",https://img10.naventcdn.com/avisos/18/01/49/94/53/97/720x532/1608137541.jpg?isFirstImage=true; https://img10.naventcdn.com/avisos/18/01/49/94/53/97/720x532/1608137195.jpg; https://img10.naventcdn.com/avisos/18/01/49/94/53/97/720x532/1608137199.jpg; https://img10.naventcdn.com/avisos/18/01/49/94/53/97/720x532/1608137202.jpg; https://img10.naventcdn.com/avisos/18/01/49/94/53/97/720x532/1608137498.jpg; https://img10.naventcdn.com/avisos/18/01/49/94/53/97/720x532/1608137200.jpg,Mexico,Quintana Roo,Tulum,20.1988905,-87.4725373,Rent
Tulum Rental Homes,https://www.inmuebles24.com/inmobiliarias/tulum-rental-homes_102640624-inmuebles.html,Inmuebles24 (via parse.bot API),https://www.inmuebles24.com/propiedades/clasificado/alclapin-cacao-c101-147258858.html,Cacao #c101,Unknown,12500,MXN,,1,,m2,"Cacao #C101La VeletaCaracterísticas destacadas1 Cama king size1 baño completoCocina completa con mesa y sillas. Balcón y alberca privada. AmenidadesAlberca en rooftopGymSeguridadEspacio de coworkingEstacionamiento para auto, bici o moto. Precio: $12. 500 + deposito + servicios + 2, 500 mxn contrato/póliza. Incluye mantenimiento(hoa)",https://img10.naventcdn.com/avisos/18/01/47/25/88/58/720x532/1551943103.jpg?isFirstImage=true; https://img10.naventcdn.com/avisos/18/01/47/25/88/58/720x532/1551943109.jpg; https://img10.naventcdn.com/avisos/18/01/47/25/88/58/720x532/1551943102.jpg; https://img10.naventcdn.com/avisos/18/01/47/25/88/58/720x532/1551943104.jpg; https://img10.naventcdn.com/avisos/18/01/47/25/88/58/720x532/1551943106.jpg; https://img10.naventcdn.com/avisos/18/01/47/25/88/58/720x532/1551943110.jpg; https://img10.naventcdn.com/avisos/18/01/47/25/88/58/720x532/1551943105.jpg; https://img10.naventcdn.com/avisos/18/01/47/25/88/58/720x532/1551943107.jpg,Mexico,Quintana Roo,Tulum,20.2025963,-87.4727791,Rent
Paraiso Real Estate Tulum,https://www.inmuebles24.com/inmobiliarias/paraiso-real-estate-tulum_50310732-inmuebles.html,Inmuebles24 (via parse.bot API),https://www.inmuebles24.com/propiedades/clasificado/alclapin-renta-penthouse-aldea-zama-en-2-niveles-con-2-149800940.html,Renta Penthouse Aldea Zama en 2 Niveles con 2 Recamaras,Penthouse,26000,MXN,2,2,250.0,m2,"Disponible desde el 16 de Junio 2026. Renta Penthouse en Aldea Zama, Tulum, distribuido en 2 niveles con 2 recámaras y 2 baños. Este departamento ofrece un diseño moderno y cómodo. Disfruta de servicios incluidos como internet y mantenimiento de condominio. La propiedad es pet friendly con mascotas pequeñas y cuenta con una terraza privada, balcón y mini bodega. Incluye aire acondicionado, amueblado, cocina equipada, lavadora y secadora. Acceso a alberca comunitaria. Un espacio de estacionamient...",https://img10.naventcdn.com/avisos/18/01/49/80/09/40/720x532/1617267928.jpg?isFirstImage=true; https://img10.naventcdn.com/avisos/18/01/49/80/09/40/720x532/1605156852.jpg; https://img10.naventcdn.com/avisos/18/01/49/80/09/40/720x532/1605156848.jpg; https://img10.naventcdn.com/avisos/18/01/49/80/09/40/720x532/1605156847.jpg; https://img10.naventcdn.com/avisos/18/01/49/80/09/40/720x532/1605156846.jpg; https://img10.naventcdn.com/avisos/18/01/49/80/09/40/720x532/1605156849.jpg; https://img10.naventcdn.com/avisos/18/01/49/80/09/40/720x532/1605156850.jpg; https://img10.naventcdn.com/avisos/18/01/49/80/09/40/720x532/1605156841.jpg,Mexico,Quintana Roo,Tulum,20.2027902497,-87.4611979458,Rent
Paraiso Real Estate Tulum,https://www.inmuebles24.com/inmobiliarias/paraiso-real-estate-tulum_50310732-inmuebles.html,Inmuebles24 (via parse.bot API),https://www.inmuebles24.com/propiedades/clasificado/alclapin-departamento-de-2-recamaras-en-riviera-tulum-con-149267727.html,"Departamento de 2 Recamaras en Riviera Tulum con Jardin Privado, Todo Incluido",Condo/Apartment,19000,MXN,2,1,,m2,"Departamento en Riviera Tulum todo incluidoEste exclusivo departamento de 2 recamaras en el Fraccionamiento Riviera Tulum ofrece un estilo de vida ecológico con seguridad 24 horas. Con dos amplias recámaras equipadas 1 con cama King Size y la otra con 2 camas individuales, este alojamiento es ideal tanto para estancias cortas como largas (mínimo 3 meses). Sistema de Osmosi para el agua, puede tomar de tu grifo. Disfrute de una cocina totalmente equipada, sala de estar con sofá cama, aire acondic...",https://img10.naventcdn.com/avisos/18/01/49/26/77/27/720x532/1604862067.jpg?isFirstImage=true; https://img10.naventcdn.com/avisos/18/01/49/26/77/27/720x532/1604862076.jpg; https://img10.naventcdn.com/avisos/18/01/49/26/77/27/720x532/1604862072.jpg; https://img10.naventcdn.com/avisos/18/01/49/26/77/27/720x532/1604862077.jpg; https://img10.naventcdn.com/avisos/18/01/49/26/77/27/720x532/1604862079.jpg; https://img10.naventcdn.com/avisos/18/01/49/26/77/27/720x532/1604862080.jpg; https://img10.naventcdn.com/avisos/18/01/49/26/77/27/720x532/1604862082.jpg; https://img10.naventcdn.com/avisos/18/01/49/26/77/27/720x532/1604862074.jpg,Mexico,Quintana Roo,Tulum,20.220821914,-87.4783535493,Rent
Real Estate Agent,https://www.inmuebles24.com/inmobiliarias/real-estate-agent_102322087-inmuebles.html,Inmuebles24 (via parse.bot API),https://www.inmuebles24.com/propiedades/clasificado/alclapin-departamento-tulum-150390789.html,Departamento - Tulum,Condo/Apartment,4500,MXN,2,1,50.0,m2,Se renta departamento de 2 recamaras sin muebles&amp;#<span class='descripcionDatosAnunciante'><button class='btn btn-link js-verDatos' href='#'>Ver datos</button></span>; aldea tulum mz 44precio mensual $<span class='descripcionDatosAnunciante'><button class='btn btn-link js-verDatos' href='#'>Ver datos</button></span>to piso2 recamaras con climas Y closetsba&amp;#209;ococina con barra tipo integralservicios se pagan aparteincluye acceso A la alberca,https://img10.naventcdn.com/avisos/18/01/50/39/07/89/720x532/1617154269.jpg?isFirstImage=true; https://img10.naventcdn.com/avisos/18/01/50/39/07/89/720x532/1617154264.jpg; https://img10.naventcdn.com/avisos/18/01/50/39/07/89/720x532/1617154267.jpg; https://img10.naventcdn.com/avisos/18/01/50/39/07/89/720x532/1617154266.jpg; https://img10.naventcdn.com/avisos/18/01/50/39/07/89/720x532/1617154268.jpg; https://img10.naventcdn.com/avisos/18/01/50/39/07/89/720x532/1617154265.jpg,Mexico,Quintana Roo,Tulum,20.2106781,-87.462822,Rent
Tulum Rental Homes,https://www.inmuebles24.com/inmobiliarias/tulum-rental-homes_102640624-inmuebles.html,Inmuebles24 (via parse.bot API),https://www.inmuebles24.com/propiedades/clasificado/alclapin-departamento-en-mistiq-villas-149947344.html,Departamento en Mistiq Villas,Villa,35000,MXN,3,3,224.0,m2,¡Descubre Mistiq Villas #15 en Tulum! ( villa sin muebles) Características Destacadas: 3 recámaras espaciosas 3 baños completos Smart tv y aire acondicionado Equipamiento de lujo Terraza privada y alberca Amenidades Estacionamiento Gimnasio de categoría Amplia e innovadora alberca Numerosas áreas verdes para relajarte Precio: $35. 000 mensuales + depósito + servicios + $2. 500 pago única vez por contrato/póliza. Incluye mantenimiento.,https://img10.naventcdn.com/avisos/18/01/49/94/73/44/720x532/1608177539.jpg?isFirstImage=true; https://img10.naventcdn.com/avisos/18/01/49/94/73/44/720x532/1608177594.jpg; https://img10.naventcdn.com/avisos/18/01/49/94/73/44/720x532/1608177519.jpg; https://img10.naventcdn.com/avisos/18/01/49/94/73/44/720x532/1608177578.jpg; https://img10.naventcdn.com/avisos/18/01/49/94/73/44/720x532/1608177505.jpg; https://img10.naventcdn.com/avisos/18/01/49/94/73/44/720x532/1608177589.jpg; https://img10.naventcdn.com/avisos/18/01/49/94/73/44/720x532/1608177479.jpg; https://img10.naventcdn.com/avisos/18/01/49/94/73/44/720x532/1608177512.jpg,Mexico,Quintana Roo,Tulum,20.1810567,-87.4702385,Rent
Paola Huerta - Realtor - Sales and Rentals,https://www.inmuebles24.com/inmobiliarias/paola-huerta-realtor-sales-and-rentals_102872515-inmuebles.html,Inmuebles24 (via parse.bot API),https://www.inmuebles24.com/propiedades/clasificado/alclapin-renta-a-largo-plazo-en-tulum-long-term-rental-tulum-149727339.html,Renta a Largo Plazo en Tulum - Long Term Rental Tulum,Condo/Apartment,18000,MXN,2,2,,m2,"Rentas A largo plazo en tulumpara atención personalizada contáctanos por WhatsApp a los siguientes números: Paola Huerta: +52 (5522 43 8797) y Ramon Capocchia +<span class='descripcionDatosAnunciante'><button class='btn btn-link js-verDatos' href='#'>Ver datos</button></span>) renta departamento 2 recámaras Y albercaselva NorteBienvenidoLindo depa de 2 recámaras y 2 baños (lock off) Sala, comedor y cocina equipada con quemadores de gas. Sistema lock off. Lavadora y secadora. Ubicado en tercer pi...",https://img10.naventcdn.com/avisos/18/01/49/72/73/39/720x532/1603580440.jpg?isFirstImage=true; https://img10.naventcdn.com/avisos/18/01/49/72/73/39/720x532/1603580448.jpg; https://img10.naventcdn.com/avisos/18/01/49/72/73/39/720x532/1603580442.jpg; https://img10.naventcdn.com/avisos/18/01/49/72/73/39/720x532/1603580439.jpg; https://img10.naventcdn.com/avisos/18/01/49/72/73/39/720x532/1603580444.jpg; https://img10.naventcdn.com/avisos/18/01/49/72/73/39/720x532/1603580446.jpg; https://img10.naventcdn.com/avisos/18/01/49/72/73/39/720x532/1603580443.jpg; https://img10.naventcdn.com/avisos/18/01/49/72/73/39/720x532/1603580438.jpg,Mexico,Quintana Roo,Tulum,20.2131309,-87.4960022,Rent
Tulum Rental Homes,https://www.inmuebles24.com/inmobiliarias/tulum-rental-homes_102640624-inmuebles.html,Inmuebles24 (via parse.bot API),https://www.inmuebles24.com/propiedades/clasificado/alclapin-departamento-en-region-15-kukulcan-149546277.html,Departamento en Region 15 Kukulcan,Condo/Apartment,36000,MXN,,,129.0,m2,"Bienvenido adora #207KukulkánCaracterísticas Destacadas2 Recamaras amplias con closet2 Baños completosCocina equipada con hornoAmplia salaComedor para 6 personasLava secadoraTerraza y balcón privadoAlberca privadaUbicado en el segundo nivelAmenidadesAlberca compartidaSpaCenote naturalMiradorRestauranteRecepción 24 horasPrecio: $36, 000 mxn mensuales + deposito + servicios + $2, 500 mxn contrato/poliza. Incluye mantenimiento condominal e internet.",https://img10.naventcdn.com/avisos/18/01/49/54/62/77/720x532/1599737661.jpg?isFirstImage=true; https://img10.naventcdn.com/avisos/18/01/49/54/62/77/720x532/1599737665.jpg,Mexico,Quintana Roo,Tulum,20.2148814,-87.4674116,Rent
Caribbean Properties,https://www.inmuebles24.com/inmobiliarias/caribbean-properties_51237743-inmuebles.html,Inmuebles24 (via parse.bot API),https://www.inmuebles24.com/propiedades/clasificado/alclapin-departamento-1-recamara-sin-muebles-con-jacuzzi-150608175.html,Departamento 1 Recámara Sin Muebles con Jacuzzi Privado,Land/Lot,13000,MXN,1,1,58.0,m2,"Se vende o renta departamento de 1 recámara con jacuzzi en terraza exterior en el Proyecto amira district tulum. Dirección: lote 001-20, avenida coba, región 014 Supermanzana 0, Condominio Amira District desarrollo mayazama, <span class='descripcionDatosAnunciante'><button class='btn btn-link js-verDatos' href='#'>Ver datos</button></span> Q. R. Muy cercano al mar en TulúmCaracterísticas: 1 recamaraJacuzzi privada1 nivelInterior: 41. 06 m2 (441. 96 ft²) Terraza: 17. 32 m2 (186. 43 ft²) Total: 58...",https://img10.naventcdn.com/avisos/18/01/50/60/81/75/720x532/1621761732.jpg?isFirstImage=true; https://img10.naventcdn.com/avisos/18/01/50/60/81/75/720x532/1621761671.jpg; https://img10.naventcdn.com/avisos/18/01/50/60/81/75/720x532/1621761552.jpg; https://img10.naventcdn.com/avisos/18/01/50/60/81/75/720x532/1621761619.jpg; https://img10.naventcdn.com/avisos/18/01/50/60/81/75/720x532/1621761652.jpg; https://img10.naventcdn.com/avisos/18/01/50/60/81/75/720x532/1621761688.jpg; https://img10.naventcdn.com/avisos/18/01/50/60/81/75/720x532/1621761601.jpg; https://img10.naventcdn.com/avisos/18/01/50/60/81/75/720x532/1621761701.jpg,Mexico,Quintana Roo,Tulum,20.1860522011,-87.4438710772,Rent
Tulum Rental Homes,https://www.inmuebles24.com/inmobiliarias/tulum-rental-homes_102640624-inmuebles.html,Inmuebles24 (via parse.bot API),https://www.inmuebles24.com/propiedades/clasificado/alclapin-departamento-en-palalma-casa-4-149945399.html,Departamento en Palalma Casa #4,Condo/Apartment,20000,MXN,2,2,,m2,"Palalma Casa #4 La VeletaCaracterísticas destacadas2 Recamaras amplias2 Baños completos Cocina equipada con barra Sala con tv &amp;amp; comedor Ventiladores de techo &amp;amp; A/ccuarto con Lava secadoraardínTerraza con albercaAmenidadesAlberca compartidaAmplio jardinPrecio: $20, 000 mxn mensuales + deposito + servicios + $2, 500 mxn contrato/póliza. Incluye mantenimiento(hoa)",https://img10.naventcdn.com/avisos/18/01/49/94/53/99/720x532/1608138090.jpg?isFirstImage=true; https://img10.naventcdn.com/avisos/18/01/49/94/53/99/720x532/1608137847.jpg; https://img10.naventcdn.com/avisos/18/01/49/94/53/99/720x532/1608137812.jpg; https://img10.naventcdn.com/avisos/18/01/49/94/53/99/720x532/1608137998.jpg; https://img10.naventcdn.com/avisos/18/01/49/94/53/99/720x532/1608138033.jpg; https://img10.naventcdn.com/avisos/18/01/49/94/53/99/720x532/1608137895.jpg; https://img10.naventcdn.com/avisos/18/01/49/94/53/99/720x532/1608137975.jpg; https://img10.naventcdn.com/avisos/18/01/49/94/53/99/720x532/1608137941.jpg,Mexico,Quintana Roo,Tulum,20.2025963,-87.4727791,Rent
COGAM BIENES RAICES,https://www.inmuebles24.com/inmobiliarias/cogam-bienes-raices_50002929-inmuebles.html,Inmuebles24 (via parse.bot API),https://www.inmuebles24.com/propiedades/clasificado/alclapin-villas-en-renta-en-tulum-por-holistika-144819490.html,Villas en Renta en Tulum por Holistika,Unknown,44000,MXN,3,3,200.0,m2,"200 m2 aprox. 3 recámaras. Sala-comedor. 3. 5 baños. Jacuzzi. Sala de tv ( villas 2 y3) Balcones (villas 1 y 4) Promoción del 20% en los 2 primeros meses. Mobiliario; Incluye una tv de plasma en cada habitación(sólo villas amuebladas) Paneles solares. Suavizador. Alberca elevada, camastros y grill compartido entre las 4 villas. (no incluye blancos ni sábanas) Incluye: Mantenimiento en las áreas comunes. Internet. Un lugar de estacionamiento con opción a un segundo. cogam br. <span class='descrip...",https://img10.naventcdn.com/avisos/18/01/44/81/94/90/720x532/1491260080.jpg?isFirstImage=true; https://img10.naventcdn.com/avisos/18/01/44/81/94/90/720x532/1491260110.jpg; https://img10.naventcdn.com/avisos/18/01/44/81/94/90/720x532/1491260104.jpg; https://img10.naventcdn.com/avisos/18/01/44/81/94/90/720x532/1491260108.jpg; https://img10.naventcdn.com/avisos/18/01/44/81/94/90/720x532/1491260086.jpg; https://img10.naventcdn.com/avisos/18/01/44/81/94/90/720x532/1491658045.jpg; https://img10.naventcdn.com/avisos/18/01/44/81/94/90/720x532/1491658067.jpg; https://img10.naventcdn.com/avisos/18/01/44/81/94/90/720x532/1491260072.jpg,Mexico,Quintana Roo,Tulum,20.2114185,-87.4653502,Rent
Paola Huerta - Realtor - Sales and Rentals,https://www.inmuebles24.com/inmobiliarias/paola-huerta-realtor-sales-and-rentals_102872515-inmuebles.html,Inmuebles24 (via parse.bot API),https://www.inmuebles24.com/propiedades/clasificado/alclapin-renta-a-largo-plazo-en-tulum-long-term-rental-tulum.-150657932.html,Renta a Largo Plazo en Tulum - Long Term Rental Tulum.,Unknown,18500,MXN,2,2,,m2,"Rentas A largo plazo en tulumpara atención personalizada contáctanos por WhatsApp a los siguientes números: Paola Huerta: +52 (5522 43 8797) y Ramón Capocchia +<span class='descripcionDatosAnunciante'><button class='btn btn-link js-verDatos' href='#'>Ver datos</button></span>) Bienvenido, hermoso departamentoParamar, Aldea ZamáUbicado en primer piso2 recámaras y dos BañosTerraza ampliaSala, cocina equipada centro de lavado. Excelente conexión de WiFiAlberca, gimnasio y seguridad 24h$18, 500 mn m...",https://img10.naventcdn.com/avisos/18/01/50/65/79/32/720x532/1622777018.jpg?isFirstImage=true; https://img10.naventcdn.com/avisos/18/01/50/65/79/32/720x532/1622777016.jpg; https://img10.naventcdn.com/avisos/18/01/50/65/79/32/720x532/1622777011.jpg; https://img10.naventcdn.com/avisos/18/01/50/65/79/32/720x532/1622777023.jpg; https://img10.naventcdn.com/avisos/18/01/50/65/79/32/720x532/1622777019.jpg; https://img10.naventcdn.com/avisos/18/01/50/65/79/32/720x532/1622777021.jpg; https://img10.naventcdn.com/avisos/18/01/50/65/79/32/720x532/1622777026.jpg; https://img10.naventcdn.com/avisos/18/01/50/65/79/32/720x532/1622777012.jpg,Mexico,Quintana Roo,Tulum,20.1954701,-87.4611034,Rent
Paraiso Real Estate Tulum,https://www.inmuebles24.com/inmobiliarias/paraiso-real-estate-tulum_50310732-inmuebles.html,Inmuebles24 (via parse.bot API),https://www.inmuebles24.com/propiedades/clasificado/alclapin-depa-estilo-colonial-1-recamara-con-terraza-y-jacuzzi-149490041.html,"Depa Estilo Colonial, 1 Recamara con Terraza y Jacuzzi Privadas en Renta Largo Plazo",Condo/Apartment,14000,MXN,1,1,,m2,"Descubre este encantador departamento de estilo colonial, ubicado en la codiciada zona de La Veleta, Tulum. Con una recámara amplia y techos altos, este espacio es perfecto para quienes buscan un hogar cómodo y bien iluminado. La unidad cuenta con una terraza privada equipada con un jacuzzi, ideal para disfrutar de momentos de relajación y privacidad. El departamento se encuentra sobre la Avenida Kukulkan, lo que garantiza fácil acceso a las atracciones locales y a la vibrante vida de Tulum. Aun...",https://img10.naventcdn.com/avisos/18/01/49/49/00/41/720x532/1598515198.jpg?isFirstImage=true; https://img10.naventcdn.com/avisos/18/01/49/49/00/41/720x532/1598515193.jpg; https://img10.naventcdn.com/avisos/18/01/49/49/00/41/720x532/1598515194.jpg; https://img10.naventcdn.com/avisos/18/01/49/49/00/41/720x532/1598515184.jpg; https://img10.naventcdn.com/avisos/18/01/49/49/00/41/720x532/1598515196.jpg; https://img10.naventcdn.com/avisos/18/01/49/49/00/41/720x532/1598515182.jpg; https://img10.naventcdn.com/avisos/18/01/49/49/00/41/720x532/1598515197.jpg; https://img10.naventcdn.com/avisos/18/01/49/49/00/41/720x532/1598515183.jpg,Mexico,Quintana Roo,Tulum,20.20639218,-87.4708371807,Rent
Manuel González Carrato Torrico,https://www.inmuebles24.com/inmobiliarias/manuel-gonzalez-carrato-torrico_103083964-inmuebles.html,Inmuebles24 (via parse.bot API),https://www.inmuebles24.com/propiedades/clasificado/alclappa-departamento-de-lujo-en-tulum-104-m-sup2-150053986.html,Departamento de Lujo en Tulum | 104 m&sup2;,Condo/Apartment,18000,MXN,1,1,80.0,m2,"Amplio y moderno departamento de 104 m² (80m2 + 24 m2 de terraza) ubicado en una de las zonas con mayor crecimiento de Tulum. Características: 1 recámara amplia. Sala y comedor con excelente iluminación natural con sofa cama, perfecto para visitas. Cocina equipada. Espacios amplios y funcionales. Amueblado y listo para habitar. Ambiente tranquilo y seguro. Alberca. Gimnasio. Zonas premium en el condominio. Ideal para: • Profesionistas que trabajan de forma remota. • Parejas que buscan calidad de...",https://img10.naventcdn.com/avisos/18/01/50/05/39/86/720x532/1610272080.jpg?isFirstImage=true; https://img10.naventcdn.com/avisos/18/01/50/05/39/86/720x532/1610272078.jpg; https://img10.naventcdn.com/avisos/18/01/50/05/39/86/720x532/1610272079.jpg; https://img10.naventcdn.com/avisos/18/01/50/05/39/86/720x532/1610272075.jpg; https://img10.naventcdn.com/avisos/18/01/50/05/39/86/720x532/1610272073.jpg; https://img10.naventcdn.com/avisos/18/01/50/05/39/86/720x532/1610272076.jpg; https://img10.naventcdn.com/avisos/18/01/50/05/39/86/720x532/1610272072.jpg; https://img10.naventcdn.com/avisos/18/01/50/05/39/86/720x532/1610272074.jpg,Mexico,Quintana Roo,Tulum,20.199779013246776,-87.4918498632997,Rent
Paola Huerta - Realtor - Sales and Rentals,https://www.inmuebles24.com/inmobiliarias/paola-huerta-realtor-sales-and-rentals_102872515-inmuebles.html,Inmuebles24 (via parse.bot API),https://www.inmuebles24.com/propiedades/clasificado/alclapin-renta-a-largo-plazo-en-tulum-long-term-rental-tulum-150068213.html,Renta a Largo Plazo en Tulum - Long Term Rental Tulum,House,65000,MXN,3,3,,m2,"Rentas A largo plazo en tulumpara atención personalizada contáctanos por WhatsApp a los siguientes números: Paola Huerta: +52 (5522 43 8797) y Ramón Capocchia +<span class='descripcionDatosAnunciante'><button class='btn btn-link js-verDatos' href='#'>Ver datos</button></span>) BienvenidoAflora, Aldea ZamáHermoso Pent House de 3 recámaras cada una con baño propio, amplios closets y escritorio. Sala y comedor con tvcocina de gran tamaño (con horno y lavaplatos) Roof top, área de chill y una gran a...",https://img10.naventcdn.com/avisos/18/01/50/06/82/13/720x532/1610542720.jpg?isFirstImage=true; https://img10.naventcdn.com/avisos/18/01/50/06/82/13/720x532/1610542666.jpg; https://img10.naventcdn.com/avisos/18/01/50/06/82/13/720x532/1610542695.jpg; https://img10.naventcdn.com/avisos/18/01/50/06/82/13/720x532/1610542678.jpg; https://img10.naventcdn.com/avisos/18/01/50/06/82/13/720x532/1610542682.jpg; https://img10.naventcdn.com/avisos/18/01/50/06/82/13/720x532/1610542707.jpg; https://img10.naventcdn.com/avisos/18/01/50/06/82/13/720x532/1610542698.jpg; https://img10.naventcdn.com/avisos/18/01/50/06/82/13/720x532/1610542693.jpg,Mexico,Quintana Roo,Tulum,20.2008001,-87.451071,Rent
Tulum Rental Homes,https://www.inmuebles24.com/inmobiliarias/tulum-rental-homes_102640624-inmuebles.html,Inmuebles24 (via parse.bot API),https://www.inmuebles24.com/propiedades/clasificado/alclapin-departamento-en-tulum-centro-150471994.html,Departamento en Tulum Centro,Condo/Apartment,35000,MXN,2,2,103.0,m2,"¡Vive el corazón de Tulum en el Condominio tuk junto a Chedraui! Torre Tierra # 307Este acogedor condominio en el centro de Tulum te ofrece una experiencia única. Con dos habitaciones, cocina totalmente equipada y una serie de comodidades, es el lugar perfecto para sumergirse en el encanto de la ciudad. Características Destacadas2 habitaciones espaciosas2 baños completosSala con sofa y tvcocina con horno para preparar tus comidas favoritasCama king size para un descanso placenteroBalcón para dis...",https://img10.naventcdn.com/avisos/18/01/50/47/19/94/720x532/1618790331.jpg?isFirstImage=true; https://img10.naventcdn.com/avisos/18/01/50/47/19/94/720x532/1618790367.jpg; https://img10.naventcdn.com/avisos/18/01/50/47/19/94/720x532/1618790375.jpg; https://img10.naventcdn.com/avisos/18/01/50/47/19/94/720x532/1618790402.jpg; https://img10.naventcdn.com/avisos/18/01/50/47/19/94/720x532/1618790400.jpg; https://img10.naventcdn.com/avisos/18/01/50/47/19/94/720x532/1618790419.jpg; https://img10.naventcdn.com/avisos/18/01/50/47/19/94/720x532/1618790358.jpg; https://img10.naventcdn.com/avisos/18/01/50/47/19/94/720x532/1618790318.jpg,Mexico,Quintana Roo,Tulum,20.2117894075,-87.4516250116,Rent
Paola Huerta - Realtor - Sales and Rentals,https://www.inmuebles24.com/inmobiliarias/paola-huerta-realtor-sales-and-rentals_102872515-inmuebles.html,Inmuebles24 (via parse.bot API),https://www.inmuebles24.com/propiedades/clasificado/alclapin-renta-a-largo-plazo-en-tulum-long-term-rental-tulum-149724223.html,Renta a Largo Plazo en Tulum - Long Term Rental Tulum,Condo/Apartment,35000,MXN,2,2,,m2,"Rentas A largo plazo en tulumpara atención personalizada contáctanos por WhatsApp a los siguientes números: Paola Huerta: +52 (5522 43 8797) y Ramon Capocchia +<span class='descripcionDatosAnunciante'><button class='btn btn-link js-verDatos' href='#'>Ver datos</button></span>) renta largo plazo departamento 2 recámaras Y alberca privadaamelia, Aldea ZamáBienvenido a este hermoso y amplio departamentoHermoso departamento de 2 recámaras y 2. 5 bañosAmplia área de sala y comedor con mucha luz natur...",https://img10.naventcdn.com/avisos/18/01/49/72/42/23/720x532/1603515649.jpg?isFirstImage=true; https://img10.naventcdn.com/avisos/18/01/49/72/42/23/720x532/1603515655.jpg; https://img10.naventcdn.com/avisos/18/01/49/72/42/23/720x532/1603515646.jpg; https://img10.naventcdn.com/avisos/18/01/49/72/42/23/720x532/1603515652.jpg; https://img10.naventcdn.com/avisos/18/01/49/72/42/23/720x532/1603515647.jpg; https://img10.naventcdn.com/avisos/18/01/49/72/42/23/720x532/1603515645.jpg; https://img10.naventcdn.com/avisos/18/01/49/72/42/23/720x532/1603515648.jpg; https://img10.naventcdn.com/avisos/18/01/49/72/42/23/720x532/1603515657.jpg,Mexico,Quintana Roo,Tulum,20.1972599,-87.4629898,Rent
PATRIMO,https://www.inmuebles24.com/inmobiliarias/patrimo_51402259-inmuebles.html,Inmuebles24 (via parse.bot API),https://www.inmuebles24.com/propiedades/clasificado/alclapin-calle-37-poniente-al-200-147285490.html,Calle 37 Poniente Al 200,Condo/Apartment,12500,MXN,1,1,43.0,m2,"Un pedacito de cielo ubicado en Gardens 2- Región 15 - tulum. Este loft super cool de 43m2, cocina abierta, y amplio baño comparte lo mejor de dos mundos, pues desde que llegas te vas a sentir en medio de la selva, pero con el confort de un condo de lujo!. Por si fuera poco tiene una gran ventaja frente a los demás studios del condominio, su vista es totalmente espectacular: un cuadro lleno de naturaleza y mucha tranquilidad que podrás disfrutar cada minuto desde que ingresas a el! Valor de vent...",https://img10.naventcdn.com/avisos/18/01/47/28/54/90/720x532/1552622727.jpg?isFirstImage=true; https://img10.naventcdn.com/avisos/18/01/47/28/54/90/720x532/1552622721.jpg; https://img10.naventcdn.com/avisos/18/01/47/28/54/90/720x532/1552622753.jpg; https://img10.naventcdn.com/avisos/18/01/47/28/54/90/720x532/1552622746.jpg; https://img10.naventcdn.com/avisos/18/01/47/28/54/90/720x532/1552622735.jpg; https://img10.naventcdn.com/avisos/18/01/47/28/54/90/720x532/1622636413.jpg; https://img10.naventcdn.com/avisos/18/01/47/28/54/90/720x532/1552622751.jpg; https://img10.naventcdn.com/avisos/18/01/47/28/54/90/720x532/1622636408.jpg,Mexico,Quintana Roo,Tulum,20.1821455,-87.4617129,Rent
KW RIVIERA MAYA,https://www.inmuebles24.com/inmobiliarias/kw-riviera-maya_102886263-inmuebles.html,Inmuebles24 (via parse.bot API),https://www.inmuebles24.com/propiedades/clasificado/alclapin-departamento-en-renta-en-1-recamara-ipana-playa-del-150159023.html,"Departamento en Renta en 1 Recamara Ipana - Playa del Carmen, Cerca del Mar y La 5ta Av",Condo/Apartment,9000,MXN,1,,47.0,m2,"Ubicado en la exclusiva Región 15 de Tulum, a solo 5 minutos de la vibrante zona gastronómica y de servicios de La Veleta, este estudio equipado de 47 m² en el tercer piso ofrece el equilibrio perfecto entre conectividad urbana y la tranquilidad absoluta de la selva. El condominio Horus destaca por su baja densidad con solo 16 unidades, seguridad controlada, estacionamiento común y una espectacular alberca circular rodeada de vegetación nativa que garantiza un entorno de paz, silencio y privacid...",https://img10.naventcdn.com/avisos/18/01/50/15/90/23/720x532/1612391091.jpg?isFirstImage=true; https://img10.naventcdn.com/avisos/18/01/50/15/90/23/720x532/1612391102.jpg; https://img10.naventcdn.com/avisos/18/01/50/15/90/23/720x532/1612391099.jpg; https://img10.naventcdn.com/avisos/18/01/50/15/90/23/720x532/1612391106.jpg,Mexico,Quintana Roo,Tulum,20.19517507077492,-87.47001642362585,Rent
Tulum Rental Homes,https://www.inmuebles24.com/inmobiliarias/tulum-rental-homes_102640624-inmuebles.html,Inmuebles24 (via parse.bot API),https://www.inmuebles24.com/propiedades/clasificado/alclapin-coco-village-a3-149546219.html,Coco Village #a3,Unknown,20000,MXN,2,2,,m2,"Coco Village #A3La VeletaCaracterísticas destacadas 2 recámaras con clóset2 baños completosCocina completa con hornoRefrigerador de doble puertaSala con Smart tvamenidades Área de parkingAlberca compartidaPalapa de reuniones Precio: $20, 000 mxn mensuales + depósito + servicios + $2. 500 mxn pago única vez por contrato/póliza. Mantenimiento incluido (hoa)",https://img10.naventcdn.com/avisos/18/01/49/54/62/19/720x532/1599737324.jpg?isFirstImage=true; https://img10.naventcdn.com/avisos/18/01/49/54/62/19/720x532/1599737317.jpg; https://img10.naventcdn.com/avisos/18/01/49/54/62/19/720x532/1599737319.jpg; https://img10.naventcdn.com/avisos/18/01/49/54/62/19/720x532/1599737320.jpg,Mexico,Quintana Roo,Tulum,20.2025963,-87.4727791,Rent
AH Bienes Raíces Mx ,https://www.inmuebles24.com/inmobiliarias/ah-bienes-raices-mx_102241764-inmuebles.html,Inmuebles24 (via parse.bot API),https://www.inmuebles24.com/propiedades/clasificado/alclapin-departamento-aldea-zama-150281248.html,Departamento - Aldea Zama,Condo/Apartment,13500,MXN,1,1,,m2,"Departamento de una recámara en renta, ideal para vivir porque es planta baja, te ofrece comodidad para salir y entrar. El espacio del patio te permite hacer reuniones y disfrutar de la alberca privada en tu patio. Cuenta con cama King size Ubicado en Luum Zama, Aldea Zama, Tulum muy privado con seguridad y a 3 min de Chedraui y a 5 min de la playa Equipado y amueblado Para ingresar después del 15 de diciembre de 2025 Servicios no incluidos",https://img10.naventcdn.com/avisos/18/01/50/28/12/48/720x532/1614819392.jpg?isFirstImage=true,Mexico,Quintana Roo,Tulum,20.2020697,-87.4535963,Rent
Tulum Rental Homes,https://www.inmuebles24.com/inmobiliarias/tulum-rental-homes_102640624-inmuebles.html,Inmuebles24 (via parse.bot API),https://www.inmuebles24.com/propiedades/clasificado/alclapin-departamento-en-adora-149945229.html,Departamento en Adora,Condo/Apartment,28000,MXN,2,2,,m2,"Bienvenido adora #207KukulkánCaracterísticas Destacadas2 Recamaras amplias con closet2 Baños completosCocina equipada con hornoAmplia salaComedor para 6 personasLava secadoraTerraza y balcón privadoAlberca privadaUbicado en el segundo nivelAmenidadesAlberca compartidaSpaCenote naturalMiradorRestauranteRecepción 24 horasPrecio: $28, 000 mxn mensuales + deposito + luz + mantenimiento alberca privada+ $2, 500 mxn contrato/poliza. Incluye mantenimiento condominal, internet y aguatrh id 10",https://img10.naventcdn.com/avisos/18/01/49/94/52/29/720x532/1608133074.jpg?isFirstImage=true; https://img10.naventcdn.com/avisos/18/01/49/94/52/29/720x532/1608133207.jpg,Mexico,Quintana Roo,Tulum,20.1810567,-87.4702385,Rent
